Date,Adj Close,Close,High,Low,Open,Volume,Ticker,Daily_Return,MA5,MA20
2016-08-15,57.19385528564453,65.62999725341797,65.81999969482422,65.2699966430664,65.2699966430664,3136700,AXP,,,
2016-08-16,56.90629577636719,65.30000305175781,65.66999816894531,65.27999877929688,65.61000061035156,2805600,AXP,-0.5028100190008322,,
2016-08-17,57.237422943115234,65.68000030517578,65.8499984741211,65.08999633789062,65.4000015258789,3054500,AXP,0.5819253226018617,,
2016-08-18,57.19385528564453,65.62999725341797,65.77999877929688,65.2699966430664,65.5199966430664,2807500,AXP,-0.07613132083660323,,
2016-08-19,57.106712341308594,65.52999877929688,65.68000030517578,65.06999969482422,65.47000122070312,2783200,AXP,-0.15236702469294539,65.55399932861329,
2016-08-22,56.95856857299805,65.36000061035156,65.54000091552734,64.95999908447266,65.52999877929688,3230700,AXP,-0.25942037557159514,65.5,
2016-08-23,57.237422943115234,65.68000030517578,66.27999877929688,65.68000030517578,65.7300033569336,3551700,AXP,0.48959561174413135,65.5759994506836,
2016-08-24,56.78427505493164,65.16000366210938,66.12000274658203,65.05000305175781,65.8499984741211,4128200,AXP,-0.791712303060732,65.47200012207031,
2016-08-25,56.644832611083984,65.0,65.1500015258789,64.76000213623047,65.0,4243800,AXP,-0.2455550231996284,65.34600067138672,
2016-08-26,56.46183776855469,64.79000091552734,65.48999786376953,64.5199966430664,65.2699966430664,3623600,AXP,-0.3230755145733122,65.19800109863282,
2016-08-29,57.097991943359375,65.5199966430664,65.7699966430664,64.80000305175781,65.0,4173800,AXP,1.1267104757272994,65.23000030517578,
2016-08-30,57.03700256347656,65.44999694824219,65.97000122070312,65.0999984741211,65.7699966430664,3775800,AXP,-0.1068371465364315,65.18399963378906,
2016-08-31,57.1502799987793,65.58000183105469,65.72000122070312,64.86000061035156,65.47000122070312,4783600,AXP,0.19863237413946244,65.26799926757812,
2016-09-01,56.52283477783203,64.86000061035156,65.63999938964844,64.41999816894531,65.55000305175781,3657700,AXP,-1.0978975306496164,65.23999938964843,
2016-09-02,56.81041717529297,65.19000244140625,65.66999816894531,64.86000061035156,65.05999755859375,3131700,AXP,0.508790977411766,65.31999969482422,
2016-09-06,57.30714416503906,65.76000213623047,65.7699966430664,65.05000305175781,65.16000366210938,3956400,AXP,0.874366733359988,65.36800079345703,
2016-09-07,57.681884765625,66.19000244140625,66.19999694824219,65.30999755859375,65.48999786376953,3200700,AXP,0.6538933868721175,65.51600189208985,
2016-09-08,57.725440979003906,66.23999786376953,66.70999908447266,66.05000305175781,66.1500015258789,4078900,AXP,0.07553319310955597,65.64800109863282,
2016-09-09,56.74943542480469,65.12000274658203,66.0199966430664,65.12000274658203,65.73999786376953,5144900,AXP,-1.690813939171476,65.7000015258789,
2016-09-12,57.429168701171875,65.9000015258789,66.08999633789062,64.13999938964844,64.72000122070312,4923200,AXP,1.19778677272524,65.84200134277344,65.47850036621094
2016-09-13,56.08710861206055,64.36000061035156,65.31999969482422,64.04000091552734,65.22000122070312,5620300,AXP,-2.3368753867518244,65.56200103759765,65.41500053405761
2016-09-14,55.32021713256836,63.47999954223633,64.36000061035156,63.34000015258789,64.36000061035156,5403300,AXP,-1.367310534135846,65.02000045776367,65.32400035858154
2016-09-15,55.625244140625,63.83000183105469,64.16999816894531,63.2599983215332,63.400001525878906,4634300,AXP,0.5513583669538136,64.5380012512207,65.23150043487549
2016-09-16,55.477081298828125,63.65999984741211,63.95000076293945,63.15999984741211,63.369998931884766,10475800,AXP,-0.2663355456146488,64.24600067138672,65.1330005645752
2016-09-19,55.82565689086914,64.05999755859375,64.58000183105469,63.66999816894531,63.959999084472656,3388600,AXP,0.6283344519956158,63.87799987792969,65.05950050354004
2016-09-20,55.52937698364258,63.720001220703125,64.63999938964844,63.70000076293945,64.5199966430664,2927600,AXP,-0.5307467231475349,63.75,64.97750053405761
2016-09-21,56.01738357543945,64.27999877929688,64.5,63.720001220703125,63.9900016784668,3849300,AXP,0.8788410983454398,63.90999984741211,64.90750045776367
2016-09-22,56.32239532470703,64.62999725341797,65.08000183105469,64.33000183105469,64.3499984741211,3213700,AXP,0.5444904803480144,64.06999893188477,64.8810001373291
2016-09-23,55.642662048339844,63.849998474121094,64.83000183105469,63.790000915527344,64.51000213623047,5083900,AXP,-1.2068680372033014,64.10799865722656,64.82350006103516
2016-09-26,55.2679328918457,63.41999816894531,64.12999725341797,62.849998474121094,63.439998626708984,6946600,AXP,-0.6734539004727869,63.97999877929688,64.75499992370605
2016-09-27,56.01738357543945,64.27999877929688,64.41999816894531,63.58000183105469,63.93000030517578,3916300,AXP,1.3560401059309335,64.09199829101563,64.69300003051758
2016-09-28,55.9650993347168,64.22000122070312,64.5,63.72999954223633,64.2699966430664,3580100,AXP,-0.09333783405900409,64.07999877929687,64.63150024414062
2016-09-29,55.2243537902832,63.369998931884766,64.80999755859375,62.959999084472656,64.20999908447266,4132500,AXP,-1.3235787490834539,63.827999114990234,64.52100009918213
2016-09-30,55.8082389831543,64.04000091552734,64.37000274658203,63.630001068115234,63.779998779296875,4307000,AXP,1.0572857739239439,63.86599960327148,64.48000011444091
2016-10-03,55.60780334472656,63.810001373291016,64.05000305175781,63.540000915527344,63.83000183105469,2770000,AXP,-0.35914981097472376,63.944000244140625,64.41100006103515
2016-10-04,55.6949462890625,63.90999984741211,64.37999725341797,63.709999084472656,63.84000015258789,3709400,AXP,0.1567128537360407,63.87000045776367,64.31849994659424
2016-10-05,56.36935806274414,64.36000061035156,64.52999877929688,63.689998626708984,63.77000045776367,3345000,AXP,0.7041163573992426,63.89800033569336,64.2269998550415
2016-10-06,54.24980163574219,61.939998626708984,63.68000030517578,61.7599983215332,63.560001373291016,7975900,AXP,-3.760102487092498,63.6120002746582,64.01199989318847
2016-10-07,54.09215545654297,61.7599983215332,62.27000045776367,61.47999954223633,62.11000061035156,4217400,AXP,-0.29060430927773107,63.155999755859376,63.84399967193603
2016-10-10,54.21476745605469,61.900001525878906,62.4900016784668,61.869998931884766,62.150001525878906,2522900,AXP,0.22668913236820742,62.773999786376955,63.64399967193604
2016-10-11,53.30388641357422,60.86000061035156,61.70000076293945,60.54999923706055,61.529998779296875,3926500,AXP,-1.6801306783369663,62.16399993896484,63.46899967193603
2016-10-12,53.15499496459961,60.689998626708984,61.04999923706055,60.58000183105469,60.81999969482422,3293800,AXP,-0.27933286549074454,61.42999954223633,63.32949962615967
2016-10-13,52.909759521484375,60.40999984741211,60.560001373291016,59.5,60.22999954223633,4220500,AXP,-0.4613590140594481,61.123999786376956,63.158499526977536
2016-10-14,52.68204116821289,60.150001525878906,61.20000076293945,60.099998474121094,61.0099983215332,4963800,AXP,-0.43038954178103994,60.80200042724609,62.982999610900876
2016-10-17,52.46308517456055,59.900001525878906,60.41999816894531,59.779998779296875,60.27000045776367,3903900,AXP,-0.41562758712888614,60.402000427246094,62.77499980926514
2016-10-18,52.62074661254883,60.08000183105469,60.56999969482422,59.880001068115234,60.52000045776367,3416600,AXP,0.30050133654506705,60.24600067138672,62.59299983978271
2016-10-19,53.64547348022461,61.25,61.68000030517578,60.27000045776367,60.41999816894531,7888500,AXP,1.9474003550055796,60.358000946044925,62.441499900817874
2016-10-20,58.48889923095703,66.77999877929688,67.77999877929688,64.75,65.33999633789062,25870700,AXP,9.028569435586743,61.63200073242187,62.54899997711182
2016-10-21,58.99688720703125,67.36000061035156,67.58999633789062,66.4000015258789,66.44999694824219,8561200,AXP,0.8685262678299166,63.07400054931641,62.72450008392334
2016-10-24,58.760406494140625,67.08999633789062,67.93000030517578,67.06999969482422,67.69000244140625,5174000,AXP,-0.40083769301427763,64.51199951171876,62.907999992370605
2016-10-25,58.453857421875,66.73999786376953,67.37999725341797,66.61000061035156,66.93000030517578,3882300,AXP,-0.5216850398356954,65.84399871826172,63.030999946594235
2016-10-26,58.50642013549805,66.80000305175781,67.06999969482422,66.13999938964844,66.5,3621800,AXP,0.08990888508981776,66.95399932861328,63.160000038146975
2016-10-27,58.62028503417969,66.93000030517578,67.22000122070312,66.43000030517578,67.0,4751300,AXP,0.19460665790276277,66.98399963378907,63.33800010681152
2016-10-28,58.19986343383789,66.44999694824219,67.22000122070312,66.30000305175781,67.1500015258789,4994500,AXP,-0.7171722019198579,66.80199890136718,63.458499908447266
2016-10-31,58.173587799072266,66.41999816894531,66.83000183105469,66.30999755859375,66.80999755859375,3233400,AXP,-0.04514489191058679,66.66799926757812,63.58899974822998
2016-11-01,58.024688720703125,66.25,66.80999755859375,65.7300033569336,66.7699966430664,3761600,AXP,-0.25594425418817845,66.56999969482422,63.705999755859374
2016-11-02,57.32401657104492,65.44999694824219,66.02999877929688,65.13999938964844,65.76000213623047,3659000,AXP,-1.2075517762382026,66.2999984741211,63.76049957275391
2016-11-03,57.21890640258789,65.33000183105469,65.76000213623047,65.04000091552734,65.52999877929688,3796500,AXP,-0.18333861387708206,65.97999877929688,63.92999973297119
2016-11-04,57.37656784057617,65.51000213623047,66.08000183105469,65.02999877929688,65.5,3429900,AXP,0.2755247208491962,65.79199981689453,64.11749992370605
2016-11-07,58.68157958984375,67.0,67.33000183105469,66.6500015258789,66.8499984741211,4012100,AXP,2.2744585791205196,65.90800018310547,64.37249984741212
2016-11-08,58.74289321899414,67.06999969482422,67.26000213623047,66.30999755859375,66.79000091552734,3956000,AXP,0.10447715645405253,66.0720001220703,64.68299980163575
2016-11-09,60.20554733276367,68.73999786376953,69.0,67.05999755859375,67.16000366210938,9319100,AXP,2.489933169142655,66.73000030517578,65.08549976348877
2016-11-10,61.40544128417969,70.11000061035156,70.4000015258789,69.05000305175781,69.23999786376953,9418700,AXP,1.9930212236799028,67.68600006103516,65.57049980163575
2016-11-11,61.747032165527344,70.5,70.58999633789062,69.6500015258789,69.97000122070312,4656100,AXP,0.5562678451765057,68.68399963378906,66.0879997253418
2016-11-14,63.42864990234375,72.41999816894531,72.68000030517578,70.62999725341797,70.80000305175781,8084100,AXP,2.7234016580784504,69.76799926757812,66.71399955749511
2016-11-15,63.47243881225586,72.47000122070312,72.4800033569336,71.23999786376953,72.12999725341797,4431200,AXP,0.06904591690428674,70.8479995727539,67.33349952697753
2016-11-16,62.780540466308594,71.68000030517578,72.4000015258789,71.27999877929688,71.94999694824219,4663700,AXP,-1.09010749581947,71.43600006103516,67.85499954223633
2016-11-17,62.86811447143555,71.77999877929688,72.0,71.31999969482422,71.36000061035156,3797400,AXP,0.1395067992401744,71.76999969482422,68.10499954223633
2016-11-18,62.18495178222656,71.0,71.5999984741211,70.7699966430664,71.52999877929688,5430600,AXP,-1.0866519818357068,71.86999969482422,68.28699951171875
2016-11-21,62.65789031982422,71.54000091552734,71.66999816894531,70.95999908447266,71.30999755859375,3368200,AXP,0.7605646697568247,71.69400024414062,68.50949974060059
2016-11-22,62.81556701660156,71.72000122070312,71.87999725341797,70.87000274658203,71.81999969482422,4086200,AXP,0.25160791567269136,71.54400024414062,68.75849990844726
2016-11-23,63.831539154052734,72.87999725341797,72.91999816894531,71.51000213623047,71.94000244140625,4661400,AXP,1.6173954447451955,71.78399963378907,69.06249961853027
2016-11-25,63.81401062011719,72.86000061035156,73.18000030517578,72.45999908447266,72.97000122070312,1900400,AXP,-0.027437765944027248,72.0,69.35899963378907
2016-11-28,63.17466354370117,72.12999725341797,72.7699966430664,71.97000122070312,72.52999877929688,4467700,AXP,-1.0019260922568218,72.22599945068359,69.64299964904785
2016-11-29,62.6141357421875,71.48999786376953,72.26000213623047,71.38999938964844,72.19999694824219,3814800,AXP,-0.8872860308033803,72.21599884033203,69.89649963378906
2016-11-30,63.095829010009766,72.04000091552734,72.33000183105469,71.77999877929688,72.0,4812500,AXP,0.769342660781569,72.27999877929688,70.18599967956543
2016-12-01,63.52498245239258,72.52999877929688,72.7699966430664,71.77999877929688,72.44999694824219,4298200,AXP,0.6801747050837692,72.20999908447266,70.53999977111816
2016-12-02,62.93816375732422,71.86000061035156,72.66000366210938,71.43000030517578,72.5199966430664,2959100,AXP,-0.9237531783008346,72.00999908447265,70.866499710083
2016-12-05,63.08708953857422,72.02999877929688,72.63999938964844,71.98999786376953,72.33000183105469,3929100,AXP,0.23656856039717677,71.98999938964843,71.19249954223633
2016-12-06,63.332313537597656,72.30999755859375,72.73999786376953,72.08000183105469,72.47000122070312,3843900,AXP,0.3887252312120726,72.15399932861328,71.45799942016602
2016-12-07,65.06647491455078,74.29000091552734,74.72000122070312,72.2300033569336,72.47000122070312,5801500,AXP,2.7382152175142505,72.60399932861328,71.81899948120117
2016-12-08,65.6094970703125,74.91000366210938,75.19999694824219,73.98999786376953,74.80000305175781,3415800,AXP,0.8345709233292586,73.08000030517579,72.12749977111817
2016-12-09,65.48688507080078,74.7699966430664,74.91000366210938,74.29000091552734,74.83999633789062,2566900,AXP,-0.1869002966205735,73.66199951171875,72.36049957275391
2016-12-12,64.44461822509766,73.58000183105469,74.69999694824219,73.1500015258789,74.69999694824219,3654900,AXP,-1.591540544922665,73.97200012207031,72.51449966430664
2016-12-13,64.67234802246094,73.83999633789062,74.2300033569336,73.11000061035156,73.66999816894531,2892900,AXP,0.3533494160993689,74.27799987792969,72.5854995727539
2016-12-14,64.87379455566406,74.06999969482422,75.7300033569336,73.23999786376953,73.52999877929688,5415800,AXP,0.3114888520323156,74.23399963378907,72.66549949645996
2016-12-15,65.63578796386719,74.94000244140625,75.73999786376953,74.33999633789062,74.54000091552734,4061600,AXP,1.1745683139820828,74.23999938964843,72.82849960327148
2016-12-16,65.68833923339844,75.0,75.37999725341797,74.58000183105469,75.29000091552734,8200600,AXP,0.08006079081817052,74.28600006103515,72.98949966430663
2016-12-19,65.29420471191406,74.55000305175781,75.12999725341797,74.13999938964844,74.68000030517578,3076600,AXP,-0.599995930989583,74.48000030517578,73.16699981689453
2016-12-20,65.7408676147461,75.05999755859375,75.5,74.52999877929688,75.0,3244900,AXP,0.6840972313332694,74.7240005493164,73.34299964904785
2016-12-21,65.9686050415039,75.31999969482422,75.56999969482422,74.69000244140625,75.11000061035156,3244500,AXP,0.3463924123199069,74.9740005493164,73.5229995727539
2016-12-22,65.32048034667969,74.58000183105469,75.37000274658203,74.5,75.0,2865200,AXP,-0.9824719420708949,74.9020004272461,73.60799980163574
2016-12-23,65.66207885742188,74.97000122070312,75.23999786376953,74.73999786376953,74.73999786376953,1957500,AXP,0.5229275678108714,74.89600067138672,73.71349983215332
2016-12-27,65.67082977294922,74.9800033569336,75.11000061035156,74.79000091552734,75.0999984741211,2049400,AXP,0.013341518030696164,74.98200073242188,73.8560001373291
2016-12-28,65.13655090332031,74.37000274658203,75.37999725341797,74.1500015258789,75.02999877929688,2517300,AXP,-0.8135510576703031,74.84400177001953,74.00000038146973
2016-12-29,64.74242401123047,73.91999816894531,74.68000030517578,73.5,74.2699966430664,2573700,AXP,-0.6050888275076716,74.56400146484376,74.09400024414063
2016-12-30,64.88255310058594,74.08000183105469,74.33999633789062,73.83999633789062,73.95999908447266,3378800,AXP,0.21645517596426966,74.46400146484375,74.17150039672852
2017-01-03,65.99486541748047,75.3499984741211,75.75,74.73999786376953,74.88999938964844,5853900,AXP,1.7143582770998478,74.54000091552734,74.34600028991699
2017-01-04,67.07676696777344,76.26000213623047,76.55000305175781,75.05999755859375,75.26000213623047,4635800,AXP,1.2077022966654916,74.79600067138672,74.55750045776367
2017-01-05,66.24996185302734,75.31999969482422,76.18000030517578,74.81999969482422,76.0,3383000,AXP,-1.2326283963735474,74.98600006103516,74.7080005645752
2017-01-06,66.38187408447266,75.47000122070312,75.91999816894531,75.05999755859375,75.4000015258789,3089600,AXP,0.19915231875553552,75.29600067138672,74.76700057983399
2017-01-09,66.72492218017578,75.86000061035156,76.5,75.52999877929688,76.13999938964844,4818700,AXP,0.5167608100441479,75.6520004272461,74.81450042724609
2017-01-10,67.4197998046875,76.6500015258789,78.0,76.12000274658203,76.5199966430664,9561400,AXP,1.041393236450272,75.91200103759766,74.90850067138672
2017-01-11,67.64851379394531,76.91000366210938,77.44000244140625,76.0999984741211,76.66999816894531,4500200,AXP,0.33920695506142184,76.04200134277343,75.07500076293945
2017-01-12,67.62210083007812,76.87999725341797,76.94999694824219,75.83999633789062,76.83000183105469,4056700,AXP,-0.03901496198496224,76.35400085449218,75.22700080871581
2017-01-13,67.3934326171875,76.62000274658203,77.62999725341797,76.41000366210938,76.93000030517578,3454300,AXP,-0.3381822530234002,76.58400115966796,75.35450096130371
2017-01-17,67.37581634521484,76.5999984741211,77.69999694824219,76.47000122070312,77.4000015258789,6450300,AXP,-0.026108420443549107,76.73200073242188,75.43750076293945
2017-01-18,68.15865325927734,77.48999786376953,77.61000061035156,76.51000213623047,77.11000061035156,5988400,AXP,1.161879121902487,76.9,75.56200065612794
2017-01-19,67.45500183105469,76.69000244140625,77.77999877929688,76.61000061035156,77.61000061035156,8111400,AXP,-1.0323853973640662,76.85599975585937,75.66900062561035
2017-01-20,67.02397918701172,76.19999694824219,76.91000366210938,75.38999938964844,75.98999786376953,8465900,AXP,-0.6389431184833261,76.71999969482422,75.72600059509277
2017-01-23,66.82169342041016,75.97000122070312,76.4800033569336,75.7300033569336,75.91999816894531,4444300,AXP,-0.3018316755252437,76.58999938964844,75.75850067138671
2017-01-24,68.10584259033203,77.43000030517578,77.66000366210938,76.08999633789062,76.33000183105469,4024300,AXP,1.9218100052824205,76.75599975585938,75.90100059509277
2017-01-25,67.63088989257812,76.88999938964844,78.0199966430664,76.4000015258789,78.0,5278300,AXP,-0.6974052865801772,76.63600006103516,75.99700050354004
2017-01-26,67.66606903076172,76.93000030517578,77.45999908447266,76.62999725341797,76.94999694824219,3344900,AXP,0.0520235607294417,76.68399963378906,76.09450035095215
2017-01-27,67.59571838378906,76.8499984741211,77.30000305175781,76.54000091552734,77.0,3530900,AXP,-0.10399302058666793,76.81399993896484,76.2185001373291
2017-01-30,67.97393798828125,77.27999877929688,77.31999969482422,76.54000091552734,76.83000183105469,5344500,AXP,0.5595319631926721,77.0759994506836,76.38650016784668
2017-01-31,67.18231964111328,76.37999725341797,77.25,75.97000122070312,76.86000061035156,5568100,AXP,-1.164598266168726,76.86599884033203,76.50149993896484
2017-02-01,67.51654052734375,76.76000213623047,77.44000244140625,76.58000183105469,76.8499984741211,3916800,AXP,0.49751884849078554,76.83999938964844,76.5720001220703
2017-02-02,67.29663848876953,76.51000213623047,76.88999938964844,76.05999755859375,76.2300033569336,3655500,AXP,-0.32569045471925184,76.75599975585938,76.58450012207031
2017-02-03,68.64241790771484,78.04000091552734,78.41999816894531,76.91000366210938,77.13999938964844,5235800,AXP,1.9997369449456182,76.99400024414062,76.72050018310547
2017-02-06,68.44890594482422,77.81999969482422,78.41000366210938,77.4800033569336,77.72000122070312,3229500,AXP,-0.2819082754000224,77.1020004272461,76.83800010681152
2017-02-07,68.3609390258789,77.72000122070312,78.37999725341797,77.5199966430664,78.05999755859375,2060200,AXP,-0.12849971024575524,77.37000122070313,76.93100013732911
2017-02-08,68.43132019042969,77.80000305175781,77.94000244140625,77.08000183105469,77.54000091552734,2223100,AXP,0.10293596216950363,77.5780014038086,76.98850021362304
2017-02-09,68.76556396484375,78.18000030517578,78.37000274658203,77.66999816894531,77.80000305175781,3031800,AXP,0.4884283271366474,77.91200103759766,77.05200004577637
2017-02-10,69.02941131591797,78.4800033569336,78.69000244140625,78.2300033569336,78.5,2191200,AXP,0.38373375618667716,78.0000015258789,77.13200035095215
2017-02-13,69.40766906738281,78.91000366210938,79.18000030517578,78.4800033569336,78.81999969482422,3317100,AXP,0.547910661038209,78.21800231933594,77.24650039672852
2017-02-14,69.84742736816406,79.41000366210938,79.44999694824219,78.66999816894531,79.0,3511200,AXP,0.6336332236670295,78.55600280761719,77.38700065612792
2017-02-15,70.0145492553711,79.5999984741211,80.0999984741211,78.66999816894531,79.79000091552734,5704100,AXP,0.23925803204865037,78.91600189208984,77.49250068664551
2017-02-16,69.9354019165039,79.51000213623047,79.5999984741211,78.91999816894531,79.45999908447266,4295000,AXP,-0.11306072816054114,79.18200225830078,77.63350067138671
2017-02-17,70.11132049560547,79.70999908447266,79.77999877929688,78.9000015258789,79.22000122070312,2690300,AXP,0.2515368417416397,79.4280014038086,77.80900077819824
2017-02-21,70.34001922607422,79.97000122070312,80.44999694824219,79.63999938964844,79.91999816894531,3505500,AXP,0.32618509499031667,79.64000091552734,78.00900077819824
2017-02-22,70.24324798583984,79.86000061035156,79.97000122070312,79.38999938964844,79.83000183105469,2943000,AXP,-0.13755234296918273,79.73000030517578,78.13050079345703
2017-02-23,70.41035461425781,80.05000305175781,80.44999694824219,79.7699966430664,79.87000274658203,3339500,AXP,0.23791940890822705,79.82000122070312,78.2885009765625
2017-02-24,70.15528869628906,79.76000213623047,79.88999938964844,79.26000213623047,79.76000213623047,3932300,AXP,-0.3622747088964373,79.87000122070313,78.43000106811523
2017-02-27,70.51591491699219,80.16999816894531,80.30999755859375,79.58999633789062,79.75,2619400,AXP,0.5140371385830234,79.96200103759766,78.59600105285645
2017-02-28,70.41915130615234,80.05999755859375,80.48999786376953,79.7699966430664,80.12000274658203,4415300,AXP,-0.13720919653728014,79.98000030517578,78.7350009918213
2017-03-01,72.05519104003906,81.91999816894531,82.0,81.0199966430664,81.05000305175781,4746400,AXP,2.323258390047145,80.39199981689453,79.01200103759766
2017-03-02,70.45435333251953,80.0999984741211,81.66000366210938,80.05999755859375,81.66000366210938,4409800,AXP,-2.2216793646293698,80.4019989013672,79.17900085449219
2017-03-03,70.26082611083984,79.87999725341797,80.66000366210938,79.81999969482422,80.0999984741211,4579600,AXP,-0.27465820835714805,80.42599792480469,79.34750061035156
2017-03-06,69.92660522460938,79.5,79.68000030517578,79.08999633789062,79.5,3670300,AXP,-0.4757101483271686,80.29199829101563,79.42050056457519
2017-03-07,69.99696350097656,79.58000183105469,80.0199966430664,79.33000183105469,79.7699966430664,4433500,AXP,0.10063123403105667,80.19599914550781,79.50850067138671
2017-03-08,69.52201843261719,79.04000091552734,80.37000274658203,78.97000122070312,80.0,4326800,AXP,-0.6785635877135876,79.61999969482422,79.57450065612792
2017-03-09,69.75070190429688,79.30000305175781,79.69999694824219,78.80999755859375,79.19000244140625,4573500,AXP,0.32895006733153487,79.46000061035156,79.64950065612793
2017-03-10,69.8210678100586,79.37999725341797,79.45999908447266,78.87999725341797,79.37999725341797,3762800,AXP,0.10087540804752937,79.36000061035156,79.70950050354004
2017-03-13,69.6715087890625,79.20999908447266,79.54000091552734,79.05999755859375,79.37999725341797,3664300,AXP,-0.21415743868394843,79.3020004272461,79.74600028991699
2017-03-14,70.09371185302734,79.69000244140625,79.80000305175781,78.83000183105469,78.95999908447266,3321400,AXP,0.6059883379391229,79.32400054931641,79.78500022888184
2017-03-15,69.68914031982422,79.2300033569336,79.88999938964844,78.98999786376953,79.8499984741211,4337200,AXP,-0.5772356260258404,79.36200103759765,79.77600021362305
2017-03-16,70.1640853881836,79.7699966430664,80.0999984741211,79.38999938964844,79.47000122070312,3474800,AXP,0.6815515123735683,79.45599975585938,79.78450012207031
2017-03-17,69.70671844482422,79.25,79.95999908447266,78.9800033569336,79.91999816894531,6672600,AXP,-0.6518699573138331,79.43000030517578,79.7715000152588
2017-03-20,69.35486602783203,78.8499984741211,79.5999984741211,78.83000183105469,79.1500015258789,3099500,AXP,-0.5047337865979884,79.35800018310547,79.7284999847412
2017-03-21,68.19384002685547,77.52999877929688,79.12999725341797,77.31999969482422,78.93000030517578,6804000,AXP,-1.6740643251343168,78.92599945068359,79.6064998626709
2017-03-22,68.31696319580078,77.66999816894531,78.18000030517578,77.05999755859375,77.43000030517578,4877300,AXP,0.18057447678667682,78.61399841308594,79.49699974060059
2017-03-23,68.46647644042969,77.83999633789062,78.4000015258789,77.51000213623047,77.56999969482422,4082900,AXP,0.2188723740865095,78.22799835205078,79.38649940490723
2017-03-24,68.78311920166016,78.19999694824219,78.83999633789062,77.87000274658203,78.11000061035156,4726800,AXP,0.46248795900356576,78.01799774169922,79.30849914550781
2017-03-27,68.25540924072266,77.5999984741211,77.81999969482422,76.66999816894531,77.20999908447266,3835300,AXP,-0.7672615058005872,77.76799774169922,79.1799991607666
2017-03-28,69.1701431274414,78.63999938964844,78.86000061035156,77.38999938964844,77.51000213623047,4235900,AXP,1.3402073917233137,77.98999786376953,79.10899925231934
2017-03-29,68.82711791992188,78.25,79.33999633789062,78.13999938964844,78.44999694824219,2913600,AXP,-0.49593005172349214,78.10599822998047,78.92549934387208
2017-03-30,69.6715087890625,79.20999908447266,79.30000305175781,78.08999633789062,78.19999694824219,2924100,AXP,1.2268358906998733,78.37999877929687,78.88099937438965
2017-03-31,69.58355712890625,79.11000061035156,79.43000030517578,78.80000305175781,78.93000030517578,5228400,AXP,-0.12624476111210425,78.56199951171875,78.84249954223633
2017-04-03,69.12619018554688,78.58999633789062,79.18000030517578,77.97000122070312,79.16999816894531,3022700,AXP,-0.6573179982922395,78.75999908447265,78.79699935913087
2017-04-04,68.83592987060547,78.26000213623047,78.61000061035156,78.1500015258789,78.48999786376953,2563700,AXP,-0.4198933923363124,78.68399963378906,78.73099937438965
2017-04-05,68.67693328857422,77.76000213623047,79.02999877929688,77.66000366210938,78.58999633789062,2858400,AXP,-0.6388959702935182,78.58600006103515,78.6669994354248
2017-04-06,68.81826782226562,77.91999816894531,78.30000305175781,77.1500015258789,77.76000213623047,2914800,AXP,0.2057562092585119,78.32799987792968,78.59799919128417
2017-04-07,68.68575286865234,77.7699966430664,78.23999786376953,77.37000274658203,77.4800033569336,2203000,AXP,-0.19250709625746598,78.05999908447265,78.5174991607666
2017-04-10,68.4384994506836,77.48999786376953,78.11000061035156,77.36000061035156,77.91999816894531,2217100,AXP,-0.3600344495087948,77.83999938964844,78.43149909973144
2017-04-11,68.23534393310547,77.26000213623047,77.56999969482422,76.69000244140625,77.52999877929688,4642300,AXP,-0.29680698655251136,77.63999938964844,78.30999908447265
2017-04-12,67.72309112548828,76.68000030517578,77.4800033569336,76.58000183105469,77.38999938964844,3055800,AXP,-0.7507142311903969,77.4239990234375,78.18249893188477
2017-04-13,66.94588470458984,75.80000305175781,76.80999755859375,75.69999694824219,76.33000183105469,3666600,AXP,-1.147622913296431,77.0,77.98399925231934
2017-04-17,67.71424865722656,76.66999816894531,76.70999908447266,75.62999725341797,75.83000183105469,4160800,AXP,1.1477507680223376,76.78000030517578,77.8549991607666
2017-04-18,66.93704986572266,75.79000091552734,76.48999786376953,75.52999877929688,76.44999694824219,3845900,AXP,-1.147772628713073,76.44000091552735,77.70199928283691
2017-04-19,66.72509765625,75.55000305175781,76.29000091552734,75.51000213623047,76.19000244140625,5283600,AXP,-0.3166616451648063,76.0980010986328,77.60299949645996
2017-04-20,70.67295837402344,80.0199966430664,80.27999877929688,77.45999908447266,77.5,11099300,AXP,5.916602793842762,76.76600036621093,77.72049942016602
2017-04-21,70.29319763183594,79.58999633789062,80.47000122070312,79.48999786376953,79.87999725341797,5837800,AXP,-0.5373660625028753,77.5239990234375,77.80799942016601
2017-04-24,71.052734375,80.44999694824219,80.91999816894531,80.23999786376953,80.63999938964844,3563200,AXP,1.0805385725870975,78.27999877929688,77.92049942016601
2017-04-25,71.21170043945312,80.62999725341797,81.4000015258789,80.62999725341797,81.05999755859375,5061300,AXP,0.22374184214275505,79.247998046875,78.07199935913086
2017-04-26,71.11455535888672,80.5199966430664,80.91999816894531,80.1500015258789,80.62000274658203,3661600,AXP,-0.13642640964730557,80.24199676513672,78.16599922180175
2017-04-27,70.94677734375,80.33000183105469,80.87000274658203,80.08000183105469,80.7699966430664,2922700,AXP,-0.23595978630492898,80.30399780273437,78.26999931335449
2017-04-28,69.99290466308594,79.25,80.16999816894531,79.05000305175781,79.94000244140625,5313200,AXP,-1.3444563754972716,80.23599853515626,78.27199935913086
2017-05-01,69.9752426147461,79.2300033569336,79.48999786376953,78.87999725341797,79.22000122070312,3458100,AXP,-0.025232357181581566,79.99199981689453,78.27799949645996
2017-05-02,70.24901580810547,79.54000091552734,79.66000366210938,79.1500015258789,79.1500015258789,3334900,AXP,0.3912628366266713,79.77400054931641,78.3254997253418
2017-05-03,69.6219711303711,78.83000183105469,79.51000213623047,78.69000244140625,79.2300033569336,3800600,AXP,-0.8926314763645582,79.43600158691406,78.353999710083
2017-05-04,69.18036651611328,78.33000183105469,79.41999816894531,77.98999786376953,79.2300033569336,3902200,AXP,-0.6342762760193521,79.03600158691407,78.38249969482422
2017-05-05,69.1715087890625,78.31999969482422,78.7300033569336,77.87999725341797,78.61000061035156,2936700,AXP,-0.012769227622444479,78.85000152587891,78.40249977111816
2017-05-08,69.03024291992188,78.16000366210938,78.73999786376953,77.94999694824219,78.5,2608600,AXP,-0.2042850272449881,78.63600158691406,78.42200012207032
2017-05-09,69.27750396728516,78.44000244140625,78.73999786376953,78.08999633789062,78.16000366210938,2570600,AXP,0.358237930114913,78.41600189208984,78.46950035095215
2017-05-10,69.46296691894531,78.6500015258789,78.66000366210938,78.13999938964844,78.27999877929688,2396900,AXP,0.2677193752378182,78.38000183105468,78.53900032043457
2017-05-11,68.81826782226562,77.91999816894531,78.44999694824219,77.25,78.19999694824219,3780600,AXP,-0.9281669965300554,78.29800109863281,78.60100021362305
2017-05-12,68.4384994506836,77.48999786376953,77.80999755859375,77.22000122070312,77.69999694824219,2865800,AXP,-0.5518484539019819,78.13200073242187,78.68549995422363
2017-05-15,69.18036651611328,78.33000183105469,78.62000274658203,77.4800033569336,77.4800033569336,3327000,AXP,1.0840159897306023,78.16600036621094,78.7685001373291
2017-05-16,69.00372314453125,78.12999725341797,78.63999938964844,77.83999633789062,78.5999984741211,2457500,AXP,-0.2553358521146132,78.10399932861328,78.88549995422363
2017-05-17,67.44932556152344,76.37000274658203,78.12999725341797,76.23999786376953,78.12999725341797,4441600,AXP,-2.2526488784164633,77.6479995727539,78.92649993896484
2017-05-18,67.4581298828125,76.37999725341797,76.8499984741211,75.97000122070312,76.2699966430664,3545700,AXP,0.01308695361594836,77.33999938964844,78.74449996948242
2017-05-19,67.82909393310547,76.80000305175781,77.3499984741211,76.30000305175781,76.55000305175781,3283900,AXP,0.5498897793179136,77.20200042724609,78.60500030517578
2017-05-22,67.98808288574219,76.9800033569336,77.12000274658203,76.5,76.94999694824219,2800000,AXP,0.23437538805106684,76.93200073242187,78.43150062561035
2017-05-23,68.18236541748047,77.19999694824219,77.41999816894531,76.81999969482422,77.0199966430664,2239600,AXP,0.2857801788973102,76.74600067138672,78.26000061035157
2017-05-24,68.11172485351562,77.12000274658203,77.45999908447266,76.93000030517578,77.45999908447266,2091300,AXP,-0.10361943629840775,76.89600067138672,78.09000091552734
2017-05-25,68.39432525634766,77.44000244140625,77.91999816894531,77.26000213623047,77.48999786376953,3185200,AXP,0.4149373488428809,77.10800170898438,77.94550094604492
2017-05-26,68.41199493408203,77.45999908447266,77.5999984741211,77.0199966430664,77.16999816894531,1858800,AXP,0.025822110583662017,77.24000091552735,77.85600090026855
2017-05-30,68.08519744873047,77.08999633789062,77.41999816894531,76.98999786376953,77.23999786376953,2073000,AXP,-0.4776694435259854,77.26199951171876,77.7490005493164
2017-05-31,67.95274353027344,76.94000244140625,77.11000061035156,75.9800033569336,77.08999633789062,3117100,AXP,-0.19456985810057947,77.21000061035156,77.61900062561035
2017-06-01,69.13622283935547,78.27999877929688,78.37999725341797,76.94999694824219,77.2300033569336,3553400,AXP,1.741612029335582,77.44199981689454,77.59150047302246
2017-06-02,69.32167053222656,78.48999786376953,78.73999786376953,77.7699966430664,77.7699966430664,3534800,AXP,0.2682665913993354,77.6519989013672,77.5995002746582
2017-06-05,69.74559783935547,78.97000122070312,79.19999694824219,78.61000061035156,78.75,2738600,AXP,0.6115471652409887,77.95399932861328,77.63200035095215
2017-06-06,69.63961791992188,78.8499984741211,78.93000030517578,78.29000091552734,78.45999908447266,2878000,AXP,-0.15195991481201654,78.30599975585938,77.66650009155273
2017-06-07,70.48747253417969,79.80999755859375,80.08999633789062,78.79000091552734,78.91000366210938,4284000,AXP,1.217500447749198,78.87999877929687,77.73499984741211
2017-06-08,70.61111450195312,79.94999694824219,80.19999694824219,79.66999816894531,79.80999755859375,4079800,AXP,0.1754158550695939,79.21399841308593,77.79999961853028
2017-06-09,70.92906951904297,80.30999755859375,80.7300033569336,79.7300033569336,80.38999938964844,3849400,AXP,0.4502822064954115,79.57799835205078,77.9194995880127
2017-06-12,70.80543518066406,80.16999816894531,80.7300033569336,80.06999969482422,80.3499984741211,3352300,AXP,-0.17432373789614264,79.81799774169922,78.05349960327149
2017-06-13,71.17635345458984,80.58999633789062,80.73999786376953,80.06999969482422,80.19999694824219,3174400,AXP,0.523884468676461,80.16599731445312,78.16649932861328
2017-06-14,71.39717102050781,80.83999633789062,80.91999816894531,79.62000274658203,80.11000061035156,4013100,AXP,0.3102121992310636,80.3719970703125,78.30199928283692
2017-06-15,71.2735366821289,80.69999694824219,81.23999786376953,80.2300033569336,80.37999725341797,2773400,AXP,-0.1731808461040485,80.5219970703125,78.51849899291992
2017-06-16,71.93590545654297,81.44999694824219,81.4800033569336,80.7699966430664,80.86000061035156,5914700,AXP,0.929368064884839,80.74999694824218,78.77199897766113
2017-06-19,72.315673828125,81.87999725341797,81.94000244140625,81.29000091552734,81.55999755859375,3076500,AXP,0.5279316406224366,81.09199676513671,79.02599868774413
2017-06-20,72.87212371826172,82.51000213623047,82.80999755859375,81.80000305175781,81.9800033569336,3929100,AXP,0.769424650641648,81.47599792480469,79.30249862670898
2017-06-21,72.60713958740234,82.20999908447266,82.80000305175781,81.98999786376953,82.5999984741211,2683400,AXP,-0.3635959810817657,81.7499984741211,79.55299873352051
2017-06-22,72.64246368408203,82.25,82.62999725341797,82.05999755859375,82.11000061035156,2312100,AXP,0.04865699546625635,82.05999908447265,79.8094985961914
2017-06-23,72.61598205566406,82.22000122070312,82.69999694824219,82.05999755859375,82.38999938964844,3785300,AXP,-0.036472679996202295,82.21399993896485,80.04849853515626
2017-06-26,73.26953125,82.95999908447266,83.29000091552734,82.44000244140625,82.5,2491600,AXP,0.900021713430954,82.43000030517578,80.32349853515625
2017-06-27,73.37553405761719,83.08000183105469,83.5199966430664,83.01000213623047,83.05999755859375,2994500,AXP,0.14465133547052478,82.54400024414062,80.62299880981445
2017-06-28,74.16153717041016,83.97000122070312,84.2699966430664,83.4000015258789,83.51000213623047,3668500,AXP,1.0712558618598322,82.89600067138672,80.9744987487793
2017-06-29,73.86127471923828,83.62999725341797,85.38999938964844,83.16000366210938,84.91999816894531,5092600,AXP,-0.4049112329908233,83.17200012207032,81.24199867248535
2017-06-30,74.40000915527344,84.23999786376953,84.63999938964844,83.58999633789062,84.08999633789062,3320800,AXP,0.7294040779448174,83.5759994506836,81.52949867248535
2017-07-03,75.15959167480469,85.0999984741211,85.73999786376953,84.69000244140625,84.69000244140625,2306900,AXP,1.0208934379869472,84.00399932861328,81.83599853515625
2017-07-05,75.25707244873047,84.88999938964844,85.87999725341797,84.80999755859375,85.22000122070312,3501200,AXP,-0.24676743623740505,84.36599884033203,82.13799858093262
2017-07-06,74.23757934570312,83.73999786376953,84.83999633789062,83.72000122070312,84.66999816894531,3213400,AXP,-1.3546961175018413,84.31999816894532,82.33449859619141
2017-07-07,74.76065826416016,84.33000183105469,84.69000244140625,83.7699966430664,83.93000030517578,2454600,AXP,0.7045664943113428,84.45999908447266,82.55349884033203
2017-07-10,74.7340316772461,84.30000305175781,84.56999969482422,83.97000122070312,84.12999725341797,2147000,AXP,-0.03557308033381723,84.47200012207031,82.75299911499023
2017-07-11,74.60992431640625,84.16000366210938,84.30999755859375,83.54000091552734,84.2300033569336,2733200,AXP,-0.16607281682122776,84.28400115966797,82.95249938964844
2017-07-12,75.1950454711914,84.81999969482422,84.9800033569336,84.05999755859375,84.27999877929688,4629100,AXP,0.7842157842157915,84.27000122070312,83.16399955749512
2017-07-13,75.68262481689453,85.37000274658203,85.43000030517578,84.73999786376953,84.93000030517578,3309400,AXP,0.6484355738465952,84.59600219726562,83.39049987792968
2017-07-14,75.60281372070312,85.27999877929688,85.55999755859375,84.58999633789062,84.8499984741211,3354700,AXP,-0.10542809463451874,84.78600158691407,83.61949996948242
2017-07-17,75.54962158203125,85.22000122070312,85.5199966430664,84.77999877929688,85.12999725341797,2190500,AXP,-0.07035361099033688,84.97000122070312,83.80800018310546
2017-07-18,75.81558990478516,85.5199966430664,85.55999755859375,84.76000213623047,84.95999908447266,2816000,AXP,0.3520246633021751,85.24199981689453,83.9900001525879
2017-07-19,76.17906951904297,85.93000030517578,85.9800033569336,85.30000305175781,85.76000213623047,5539700,AXP,0.4794243196951875,85.46399993896485,84.16100006103515
2017-07-20,75.6648941040039,85.3499984741211,85.44999694824219,84.52999877929688,84.94000244140625,5386400,AXP,-0.6749701256776985,85.45999908447266,84.31800003051758
2017-07-21,75.87765502929688,85.58999633789062,86.27999877929688,85.43000030517578,85.79000091552734,3570400,AXP,0.28119258120702373,85.52199859619141,84.48499984741211
2017-07-24,75.35459899902344,85.0,85.66999816894531,83.86000061035156,85.44999694824219,5389100,AXP,-0.6893286168180746,85.47799835205078,84.62399978637696
2017-07-25,75.71804809570312,85.41000366210938,86.0999984741211,85.08000183105469,85.83999633789062,3255200,AXP,0.4823572495404438,85.45599975585938,84.74650001525879
2017-07-26,75.62057495117188,85.30000305175781,85.72000122070312,85.16999816894531,85.41000366210938,3038100,AXP,-0.12879124884098703,85.33000030517579,84.85750007629395
2017-07-27,74.33509826660156,83.8499984741211,85.19999694824219,83.33000183105469,85.18000030517578,6119300,AXP,-1.699888072403577,85.03000030517578,84.85149993896485
2017-07-28,75.17729949951172,84.80000305175781,85.0999984741211,83.62000274658203,83.87999725341797,3321200,AXP,1.1329810315141797,84.87200164794922,84.91000022888184
2017-07-31,75.55848693847656,85.2300033569336,85.69999694824219,84.83999633789062,85.16999816894531,3079800,AXP,0.5070758133267184,84.91800231933594,84.95950050354004
2017-08-01,75.56734466552734,85.23999786376953,85.83999633789062,85.13999938964844,85.72000122070312,3148800,AXP,0.011726512310561432,84.88400115966797,84.96650047302246
2017-08-02,75.62057495117188,85.30000305175781,85.36000061035156,84.97000122070312,85.1500015258789,3252300,AXP,0.07039557659795914,84.88400115966797,84.98700065612793
2017-08-03,75.83332824707031,85.54000091552734,85.87999725341797,85.13999938964844,85.23999786376953,2381800,AXP,0.2813573917739509,85.22200164794921,85.07700080871582
2017-08-04,76.21453857421875,85.97000122070312,86.33000183105469,85.83999633789062,85.98999786376953,2840200,AXP,0.5026891519447352,85.45600128173828,85.15900077819825
2017-08-07,76.10814666748047,85.8499984741211,86.19000244140625,85.68000030517578,86.0999984741211,2089100,AXP,-0.1395867684984231,85.58000030517579,85.2365005493164
2017-08-08,76.18797302246094,85.94000244140625,86.66999816894531,85.41000366210938,85.43000030517578,2922800,AXP,0.10483863585890596,85.72000122070312,85.32550048828125
2017-08-09,75.96632385253906,85.69000244140625,85.97000122070312,85.23999786376953,85.73999786376953,2961000,AXP,-0.2909006200813802,85.79800109863281,85.36900062561035
2017-08-10,74.96451568603516,84.55999755859375,85.58000183105469,84.55000305175781,85.44000244140625,3755200,AXP,-1.3187126276314243,85.6020004272461,85.32850036621093
2017-08-11,74.72518920898438,84.29000091552734,84.86000061035156,83.97000122070312,84.76000213623047,3078600,AXP,-0.3192959447276711,85.26600036621093,85.27900047302246
2017-08-14,75.77127838134766,85.47000122070312,85.66999816894531,84.72000122070312,84.73999786376953,2893600,AXP,1.3999291640278244,85.19000091552735,85.29150047302247
2017-08-15,76.94148254394531,86.79000091552734,86.97000122070312,85.87999725341797,85.98999786376953,3774100,AXP,1.544401165288023,85.36000061035156,85.35500068664551
2017-08-16,77.47340393066406,87.38999938964844,87.77999877929688,86.98999786376953,87.0,3379600,AXP,0.6913221198200814,85.7,85.42800064086914
2017-08-17,76.3209228515625,86.08999633789062,87.62999725341797,86.05000305175781,87.33999633789062,3870400,AXP,-1.4875878943097942,86.00599975585938,85.46500053405762
2017-08-18,75.69145965576172,85.37999725341797,86.12999725341797,85.20999908447266,85.98999786376953,4271200,AXP,-0.8247172896674426,86.2239990234375,85.45450057983399
2017-08-21,75.62057495117188,85.30000305175781,85.63999938964844,84.94999694824219,85.44999694824219,2505100,AXP,-0.09369197028985532,86.18999938964843,85.46950073242188
2017-08-22,75.62057495117188,85.30000305175781,85.7300033569336,84.91000366210938,85.47000122070312,2155300,AXP,0.0,85.89199981689453,85.4640007019043
2017-08-23,75.60281372070312,85.27999877929688,85.51000213623047,84.69999694824219,84.70999908447266,1960400,AXP,-0.02345166675878918,85.46999969482422,85.46300048828125
2017-08-24,75.67376708984375,85.36000061035156,85.52999877929688,85.04000091552734,85.48999786376953,2057900,AXP,0.09381077884595967,85.32400054931641,85.53850059509277
2017-08-25,75.77127838134766,85.47000122070312,85.95999908447266,85.41999816894531,85.5,2302100,AXP,0.12886669349230218,85.34200134277344,85.57200050354004
2017-08-28,75.71804809570312,85.41000366210938,85.69000244140625,85.20999908447266,85.66000366210938,2105500,AXP,-0.07019721274932333,85.36400146484375,85.58100051879883
2017-08-29,75.72694396972656,85.41999816894531,85.51000213623047,84.4000015258789,84.75,2779400,AXP,0.011701798861252222,85.38800048828125,85.59000053405762
2017-08-30,75.96632385253906,85.69000244140625,85.73999786376953,85.22000122070312,85.37999725341797,2131700,AXP,0.3160902344283789,85.47000122070312,85.60950050354003
2017-08-31,76.32978057861328,86.0999984741211,86.27999877929688,85.69999694824219,86.0,3792300,AXP,0.4784642560784036,85.61800079345703,85.63750038146972
2017-09-01,76.36526489257812,86.13999938964844,86.54000091552734,86.05000305175781,86.30999755859375,2262700,AXP,0.04645867158681316,85.75200042724609,85.646000289917
2017-09-05,75.6294174194336,85.30999755859375,85.91000366210938,84.68000030517578,85.72000122070312,3089800,AXP,-0.9635498455255687,85.73199920654297,85.61900024414062
2017-09-06,75.55848693847656,85.2300033569336,85.83999633789062,85.0,85.56999969482422,2823300,AXP,-0.09376884767252625,85.69400024414062,85.583500289917
2017-09-07,74.83154296875,84.41000366210938,85.5199966430664,84.08000183105469,85.2699966430664,2905400,AXP,-0.9621021500963112,85.43800048828125,85.51950035095214
2017-09-08,74.68973541259766,84.25,85.01000213623047,84.0199966430664,84.18000030517578,3462100,AXP,-0.18955533132052338,85.06800079345703,85.50400047302246
2017-09-11,75.96632385253906,85.69000244140625,86.12000274658203,84.97000122070312,84.97000122070312,3397500,AXP,1.709201710867947,84.97800140380859,85.57400054931641
2017-09-12,76.72869873046875,86.55000305175781,86.5999984741211,85.80999755859375,85.97000122070312,3333300,AXP,1.003618375363713,85.2260025024414,85.62800064086915
2017-09-13,76.80851745605469,86.63999938964844,86.7699966430664,86.38999938964844,86.41999816894531,2396500,AXP,0.10398190030889154,85.50800170898438,85.6205005645752
2017-09-14,76.40957641601562,86.19000244140625,86.80000305175781,86.16000366210938,86.54000091552734,2764900,AXP,-0.5193870630335606,85.86400146484375,85.56050071716308
2017-09-15,77.11880493164062,86.98999786376953,86.98999786376953,86.06999969482422,86.5199966430664,7791600,AXP,0.9281765862660718,86.41200103759766,85.60550079345703
2017-09-18,77.89894104003906,87.87000274658203,87.87000274658203,86.94999694824219,87.08000183105469,3395100,AXP,1.011616167861762,86.8480010986328,85.73000106811523
2017-09-19,78.90070343017578,89.0,89.2300033569336,87.87999725341797,87.97000122070312,4043800,AXP,1.2859875021022704,87.33800048828125,85.91500091552734
2017-09-20,78.39540100097656,88.43000030517578,89.37999725341797,88.2699966430664,89.25,4251000,AXP,-0.6404490953081154,87.69600067138671,86.07150077819824
2017-09-21,78.38652801513672,88.41999816894531,88.80000305175781,88.04000091552734,88.44999694824219,2877800,AXP,-0.011310795200669688,88.14199981689453,86.22850074768067
2017-09-22,78.36878967285156,88.4000015258789,88.70999908447266,88.0999984741211,88.30000305175781,2770100,AXP,-0.02261552078772766,88.4240005493164,86.38050079345703
2017-09-25,78.20034790039062,88.20999908447266,88.63999938964844,87.83999633789062,88.27999877929688,2863100,AXP,-0.21493488475859968,88.49199981689453,86.5175006866455
2017-09-26,78.62586212158203,88.69000244140625,88.7699966430664,88.19999694824219,88.47000122070312,2197800,AXP,0.5441598026476813,88.43000030517578,86.68150062561035
2017-09-27,79.33509826660156,89.48999786376953,89.73999786376953,89.02999877929688,89.68000030517578,2888900,AXP,0.9020130796498771,88.64199981689453,86.88500061035157
2017-09-28,79.91133117675781,90.13999938964844,90.30999755859375,89.2300033569336,89.2300033569336,2458800,AXP,0.7263398607612048,88.98600006103516,87.10750045776368
2017-09-29,80.19503021240234,90.45999908447266,90.7699966430664,89.93000030517578,90.04000091552734,2996300,AXP,0.3550029920024178,89.3979995727539,87.32550048828125
2017-10-02,80.26593780517578,90.54000091552734,91.16999816894531,90.0999984741211,90.44000244140625,4466400,AXP,0.08843890323277925,89.86399993896484,87.54550056457519
2017-10-03,81.0549545288086,91.43000030517578,91.63999938964844,90.58999633789062,90.58999633789062,2912300,AXP,0.9829902591659945,90.41199951171875,87.8515007019043
2017-10-04,80.68260192871094,91.01000213623047,91.61000061035156,90.91000366210938,91.5999984741211,3091700,AXP,-0.4593658181597293,90.71600036621093,88.14050064086913
2017-10-05,81.1275863647461,91.16000366210938,91.62000274658203,90.7699966430664,90.95999908447266,2991000,AXP,0.16481872580815793,90.92000122070313,88.47800064086914
2017-10-06,81.47468566894531,91.55000305175781,91.58999633789062,91.08999633789062,91.25,1891800,AXP,0.4278185322304173,91.13800201416015,88.84300079345704
2017-10-09,81.59928131103516,91.69000244140625,91.95999908447266,91.5,91.58999633789062,1653700,AXP,0.15292122881664927,91.36800231933594,89.14300079345703
2017-10-10,81.77725219726562,91.88999938964844,92.33999633789062,91.77999877929688,91.87999725341797,2247200,AXP,0.21812296097385442,91.46000213623047,89.41000061035156
2017-10-11,81.83955383300781,91.95999908447266,92.6500015258789,91.80999755859375,91.86000061035156,3051400,AXP,0.07617770735572904,91.6500015258789,89.67600059509277
2017-10-12,81.5280532836914,91.61000061035156,92.2300033569336,91.41999816894531,91.62999725341797,3279000,AXP,-0.380598605486715,91.74000091552735,89.94700050354004
2017-10-13,82.6405029296875,92.86000061035156,92.91999816894531,91.26000213623047,91.5,3224200,AXP,1.3644798511864176,92.00200042724609,90.24050064086914
2017-10-16,81.83955383300781,91.95999908447266,93.3499984741211,90.80999755859375,93.04000091552734,4294000,AXP,-0.9692025844964092,92.05599975585938,90.44500045776367
2017-10-17,81.59928131103516,91.69000244140625,92.0999984741211,91.58000183105469,91.94000244140625,2939600,AXP,-0.2936022681105044,92.01600036621093,90.57950057983399
2017-10-18,81.94636535644531,92.08000183105469,92.2699966430664,91.68000030517578,91.80000305175781,4720200,AXP,0.42534559849931597,92.04000091552734,90.76200065612792
2017-10-19,81.78612518310547,91.9000015258789,92.94999694824219,90.04000091552734,90.4000015258789,6512100,AXP,-0.19548251693787266,92.0980010986328,90.93600082397461
2017-10-20,81.95523071289062,92.08999633789062,93.29000091552734,91.97000122070312,92.83999633789062,4442200,AXP,0.20674081486082851,91.94400024414062,91.1205005645752
2017-10-23,82.21332550048828,92.37999725341797,93.08999633789062,92.22000122070312,92.22000122070312,2963100,AXP,0.3149103345202464,92.02799987792969,91.32900047302246
2017-10-24,83.53043365478516,93.86000061035156,93.93000030517578,92.33000183105469,92.5999984741211,4481500,AXP,1.6020820534055957,92.46199951171874,91.58750038146972
2017-10-25,83.23675537109375,93.52999877929688,94.23999786376953,93.2699966430664,94.0,4266100,AXP,-0.35158941925075293,92.75199890136719,91.7895004272461
2017-10-26,85.15906524658203,95.69000244140625,95.7300033569336,93.9800033569336,93.98999786376953,4136800,AXP,2.3094233831931765,93.50999908447265,92.06700057983399
2017-10-27,85.248046875,95.79000091552734,96.0199966430664,95.02999877929688,95.44999694824219,3212200,AXP,0.10450253064036019,94.25,92.33350067138672
2017-10-30,84.60729217529297,95.06999969482422,96.12000274658203,94.83999633789062,95.7300033569336,3096500,AXP,-0.7516454889044843,94.78800048828126,92.56000061035157
2017-10-31,85.00773620605469,95.5199966430664,95.61000061035156,94.5199966430664,94.9800033569336,3146400,AXP,0.4733322285544128,95.11999969482422,92.76450042724609
2017-11-01,85.248046875,95.79000091552734,96.56999969482422,95.44000244140625,96.29000091552734,2320000,AXP,0.2826677993613025,95.5720001220703,93.00350036621094
2017-11-02,85.41715240478516,95.9800033569336,96.23999786376953,95.38999938964844,96.0,3013300,AXP,0.19835310532443362,95.63000030517578,93.24450035095215
2017-11-03,85.81764221191406,96.43000030517578,96.43000030517578,95.77999877929688,96.27999877929688,2089500,AXP,0.46884448062449735,95.75800018310547,93.48850021362304
2017-11-06,85.69303131103516,96.29000091552734,96.7300033569336,95.93000030517578,96.3499984741211,1848300,AXP,-0.1451824009181535,96.00200042724609,93.7185001373291
2017-11-07,84.874267578125,95.37000274658203,96.9000015258789,95.18000030517578,96.41999816894531,3200900,AXP,-0.9554451762363136,95.97200164794921,93.89250030517579
2017-11-08,84.66068267822266,95.12999725341797,95.27999877929688,94.44999694824219,95.0999984741211,2163700,AXP,-0.2516572153214769,95.84000091552734,94.05100021362304
2017-11-09,83.43254852294922,93.75,94.66000366210938,93.27999877929688,94.33999633789062,3949800,AXP,-1.4506436384537857,95.39400024414063,94.15800018310547
2017-11-10,83.22787475585938,93.5199966430664,94.1500015258789,93.38999938964844,93.79000091552734,2714400,AXP,-0.24533691406249947,94.81199951171875,94.19099998474121
2017-11-13,83.56605529785156,93.9000015258789,93.9800033569336,92.77999877929688,93.0,2708500,AXP,0.40633543247745596,94.33399963378906,94.28800010681152
2017-11-14,83.44143676757812,93.76000213623047,93.79000091552734,92.94000244140625,93.56999969482422,2843700,AXP,-0.1490941292581871,94.01199951171876,94.39150009155273
2017-11-15,82.9964828491211,93.26000213623047,93.79000091552734,92.80000305175781,93.2699966430664,3236600,AXP,-0.5332764383617628,93.63800048828125,94.45050010681152
2017-11-16,83.26347351074219,93.55999755859375,94.04000091552734,93.30000305175781,93.55000305175781,2586500,AXP,0.3216764052021537,93.6,94.53349990844727
2017-11-17,83.37915802001953,93.69000244140625,93.76000213623047,92.91999816894531,93.30999755859375,3261200,AXP,0.13895349102706067,93.63400115966797,94.61350021362304
2017-11-20,83.61053466796875,93.94999694824219,94.33999633789062,93.68000030517578,93.91999816894531,3456600,AXP,0.27750506997641367,93.64400024414063,94.69200019836425
2017-11-21,84.01993560791016,94.41000366210938,94.6500015258789,94.12000274658203,94.41999816894531,2917000,AXP,0.4896293015534736,93.77400054931641,94.71950035095215
2017-11-22,83.494873046875,93.81999969482422,94.70999908447266,93.4800033569336,94.38999938964844,2159100,AXP,-0.6249379773321073,93.88600006103516,94.73400039672852
2017-11-24,83.1922607421875,93.4800033569336,94.12000274658203,93.47000122070312,93.97000122070312,837300,AXP,-0.36239217543866387,93.87000122070313,94.62350044250488
2017-11-27,83.18338012695312,93.47000122070312,94.0,93.36000061035156,93.56999969482422,2731300,AXP,-0.010699760238863654,93.8260009765625,94.50750045776367
2017-11-28,84.79418182373047,95.27999877929688,95.27999877929688,93.58000183105469,93.76000213623047,3536400,AXP,1.9364475606670206,94.09200134277344,94.5180004119873
2017-11-29,85.96890258789062,96.5999984741211,97.31999969482422,95.5999984741211,95.95999908447266,4325500,AXP,1.3853901256672074,94.53000030517578,94.57200050354004
2017-11-30,86.95674896240234,97.70999908447266,98.48999786376953,96.80999755859375,97.0199966430664,5328300,AXP,1.1490689729658055,95.30800018310546,94.66800041198731
2017-12-01,87.09024047851562,97.86000061035156,98.22000122070312,95.8499984741211,98.08000183105469,3445200,AXP,0.15351706814492605,96.18399963378906,94.7620002746582
2017-12-04,87.7398910522461,98.58999633789062,99.16999816894531,97.9800033569336,98.62000274658203,4562400,AXP,0.7459592509565516,97.20799865722657,94.87000007629395
2017-12-05,87.84668731689453,98.70999908447266,99.75,98.58000183105469,99.19999694824219,3525600,AXP,0.12171898878132748,97.89399871826171,94.99099998474121
2017-12-06,87.40172576904297,98.20999908447266,98.81999969482422,98.16999816894531,98.63999938964844,3081300,AXP,-0.5065342970696607,98.21599884033203,95.13299980163575
2017-12-07,87.73101043701172,98.58000183105469,99.12000274658203,97.4800033569336,97.76000213623047,3026100,AXP,0.37674651260690695,98.38999938964844,95.30550003051758
2017-12-08,87.70429992675781,98.55000305175781,99.0,98.13999938964844,99.0,3850300,AXP,-0.030430897483935127,98.52799987792969,95.54550018310547
2017-12-11,88.10478210449219,99.0,99.04000091552734,98.23999786376953,98.5999984741211,2984100,AXP,0.45661789376694184,98.61000061035156,95.81950035095215
2017-12-12,88.4340591430664,99.37000274658203,99.66000366210938,98.8499984741211,98.87999725341797,3455500,AXP,0.3737401480626623,98.74200134277343,96.0930004119873
2017-12-13,87.01905059814453,97.77999877929688,99.30999755859375,97.76000213623047,99.12000274658203,3463900,AXP,-1.6000844554065807,98.65600128173828,96.29400024414062
2017-12-14,86.45838165283203,97.1500015258789,98.6500015258789,97.1500015258789,98.30999755859375,3464600,AXP,-0.6443007376589982,98.37000122070313,96.48850021362304
2017-12-15,87.67757415771484,98.5199966430664,98.83999633789062,97.44000244140625,97.77999877929688,7891800,AXP,1.410185378970441,98.36399993896484,96.73650016784669
2017-12-18,88.70994567871094,99.68000030517578,100.52999877929688,98.98999786376953,99.19000244140625,3485400,AXP,1.1774296606119616,98.5,97.03600006103515
2017-12-19,88.23828125,99.1500015258789,100.38999938964844,99.12000274658203,100.20999908447266,3282600,AXP,-0.5317002183730435,98.45599975585938,97.29600028991699
2017-12-20,87.6687240600586,98.51000213623047,99.94000244140625,98.45999908447266,99.70999908447266,3091000,AXP,-0.6454860108916827,98.6020004272461,97.50100021362304
2017-12-21,87.65979766845703,98.5,99.19000244140625,98.37000274658203,99.05000305175781,2339500,AXP,-0.010153422001391021,98.87200012207032,97.73500022888183
2017-12-22,87.87340545654297,98.73999786376953,99.04000091552734,98.20999908447266,98.47000122070312,1980300,AXP,0.24365265357313426,98.91600036621094,97.99799995422363
2017-12-26,87.72209167480469,98.56999969482422,98.91999816894531,98.12999725341797,98.80000305175781,1575200,AXP,-0.1721674829078479,98.69400024414062,98.25299987792968
2017-12-27,88.22046661376953,99.12999725341797,99.25,98.56999969482422,98.9000015258789,2569900,AXP,0.5681217006467731,98.68999938964843,98.44549980163575
2017-12-28,88.72773742675781,99.69999694824219,99.91000366210938,99.36000061035156,99.63999938964844,1914900,AXP,0.5750022300182955,98.92799835205078,98.60049972534179
2017-12-29,88.38065338134766,99.30999755859375,100.25,99.26000213623047,100.0,2056800,AXP,-0.39117292034712703,99.08999786376953,98.68049964904785
2018-01-02,88.05139923095703,98.94000244140625,99.7300033569336,98.22000122070312,99.7300033569336,2746700,AXP,-0.37256583051389347,99.12999877929687,98.73449974060058
2018-01-03,88.59427642822266,99.55000305175781,99.76000213623047,99.0199966430664,99.23999786376953,2976400,AXP,0.6165358755805705,99.3259994506836,98.78250007629394
2018-01-04,90.06782531738281,100.8499984741211,101.6500015258789,99.91000366210938,100.02999877929688,3122000,AXP,1.3058718056365937,99.66999969482421,98.88950004577637
2018-01-05,90.27326965332031,101.08000183105469,101.08000183105469,100.2699966430664,100.8499984741211,2550300,AXP,0.2280648095325688,99.94600067138671,99.03300018310547
2018-01-08,89.44270324707031,100.1500015258789,101.19999694824219,100.12000274658203,101.0,1896500,AXP,-0.9200636014334296,100.11400146484375,99.11150016784669
2018-01-09,89.77311706542969,100.5199966430664,100.80000305175781,100.2699966430664,100.36000061035156,2978500,AXP,0.3694409501250995,100.43000030517578,99.2099998474121
2018-01-10,90.39830017089844,101.22000122070312,101.58999633789062,100.33000183105469,100.38999938964844,2279200,AXP,0.6963834072959196,100.76399993896484,99.32099990844726
2018-01-11,89.96068572998047,100.7300033569336,101.44000244140625,100.19999694824219,101.44000244140625,2745400,AXP,-0.48409193623809577,100.74000091552735,99.38899993896484
2018-01-12,90.17501068115234,100.97000122070312,101.02999877929688,99.93000030517578,100.86000061035156,3231500,AXP,0.23825856822332625,100.71800079345704,99.54850006103516
2018-01-16,89.61236572265625,100.33999633789062,102.38999938964844,100.1500015258789,102.01000213623047,3814000,AXP,-0.6239525356005693,100.75599975585938,99.70799980163574
2018-01-17,89.98746490478516,100.76000213623047,101.0,99.23999786376953,100.98999786376953,4469700,AXP,0.4185826327175679,100.80400085449219,99.82000007629395
2018-01-18,89.18367004394531,99.86000061035156,100.83999633789062,99.58000183105469,100.83999633789062,5290700,AXP,-0.8932130873340771,100.53200073242188,99.82900009155273
2018-01-19,87.54934692382812,98.02999877929688,98.94000244140625,96.3499984741211,97.01000213623047,12306000,AXP,-1.8325674142495307,99.99199981689453,99.77299995422364
2018-01-22,87.80833435058594,98.31999969482422,98.33999633789062,96.83999633789062,97.26000213623047,4983600,AXP,0.29582874542337656,99.46199951171874,99.76349983215331
2018-01-23,87.50470733642578,97.9800033569336,98.4000015258789,97.44000244140625,98.16000366210938,4375200,AXP,-0.3458058776911521,98.99000091552735,99.7375
2018-01-24,88.68355560302734,99.30000305175781,99.51000213623047,98.16000366210938,98.25,4949500,AXP,1.3472133594602642,98.69800109863282,99.76550025939942
2018-01-25,89.0318603515625,99.69000244140625,100.11000061035156,99.19999694824219,99.43000030517578,3375200,AXP,0.39274861798861416,98.66400146484375,99.82150039672851
2018-01-26,88.97826385498047,99.62999725341797,99.94999694824219,98.94999694824219,99.8499984741211,3668700,AXP,-0.06019178103997547,98.98400115966797,99.84650039672852
2018-01-29,88.78182220458984,99.41000366210938,100.18000030517578,99.2300033569336,99.75,3472100,AXP,-0.22081059658068947,99.202001953125,99.83200073242188
2018-01-30,88.15664672851562,98.70999908447266,100.0999984741211,98.69000244140625,99.44999694824219,3466500,AXP,-0.7041590904834916,99.3480010986328,99.80200080871582
2018-01-31,88.77286529541016,99.4000015258789,99.70999908447266,98.5,98.73999786376953,3202900,AXP,0.6990198032681194,99.36800079345703,99.82500076293945
2018-02-01,89.30872344970703,100.0,100.04000091552734,98.4000015258789,98.94999694824219,2952100,AXP,0.6036201860267321,99.43000030517578,99.84750061035156
2018-02-02,86.34367370605469,96.68000030517578,99.69000244140625,96.63999938964844,99.52999877929688,4663300,AXP,-3.319999694824216,98.84000091552734,99.6390007019043
2018-02-05,82.17295837402344,92.01000213623047,96.72000122070312,88.61000061035156,95.83000183105469,6421900,AXP,-4.83036631589181,97.36000061035156,99.18550071716308
2018-02-06,84.11095428466797,94.18000030517578,94.22000122070312,88.51000213623047,89.75,7244000,AXP,2.3584372552588384,96.4540008544922,98.88700065612792
2018-02-07,83.60189056396484,93.61000061035156,94.8499984741211,93.41000366210938,93.52999877929688,3796800,AXP,-0.6052237130783844,95.29600067138672,98.54150085449218
2018-02-08,78.89532470703125,88.33999633789062,93.97000122070312,88.27999877929688,93.75,5814900,AXP,-5.6297449397497035,92.96399993896485,97.89750061035156
2018-02-09,81.91394805908203,91.72000122070312,92.5199966430664,87.54000091552734,89.47000122070312,8017600,AXP,3.826132015994621,91.97200012207031,97.44700050354004
2018-02-12,84.57534790039062,94.69999694824219,95.68000030517578,92.41999816894531,92.58000183105469,7419200,AXP,3.249014051328225,92.50999908447265,97.133500289917
2018-02-13,84.45030975341797,94.55999755859375,94.80999755859375,92.81999969482422,94.02999877929688,3366700,AXP,-0.1478346295248123,92.58599853515625,96.84450035095215
2018-02-14,85.94181060791016,96.2300033569336,96.55999755859375,93.66999816894531,93.97000122070312,3446800,AXP,1.7660806275983987,93.10999908447266,96.61800041198731
2018-02-15,86.23651885986328,96.55999755859375,97.20999908447266,95.44000244140625,97.05999755859375,3057400,AXP,0.34292236324273695,94.75399932861328,96.45300025939942
2018-02-16,86.44192504882812,96.79000091552734,97.48999786376953,96.25,96.37000274658203,3280700,AXP,0.23819735164556377,95.76799926757812,96.39100036621093
2018-02-20,86.79916381835938,97.19000244140625,97.70999908447266,96.5,96.58000183105469,3514700,AXP,0.4132674058222152,96.26600036621093,96.33450050354004
2018-02-21,87.07600402832031,97.5,98.48999786376953,96.75,96.91999816894531,4431500,AXP,0.31896033625540277,96.85400085449218,96.31050033569336
2018-02-22,86.94204711914062,97.3499984741211,98.06999969482422,97.05000305175781,97.58999633789062,4270100,AXP,-0.15384771885016413,97.07799987792968,96.21300010681152
2018-02-23,88.23698425292969,98.80000305175781,98.83999633789062,97.55000305175781,97.77999877929688,2440600,AXP,1.4894757065889275,97.5260009765625,96.1685001373291
2018-02-26,90.77338409423828,101.63999938964844,101.68000030517578,98.97000122070312,99.43000030517578,4953100,AXP,2.874490131749141,98.49600067138672,96.26900024414063
2018-02-27,88.93363189697266,99.58000183105469,102.12000274658203,99.58000183105469,101.66000366210938,5167300,AXP,-2.0267587278277266,98.9740005493164,96.27750015258789
2018-02-28,87.08494567871094,97.51000213623047,100.36000061035156,97.43000030517578,100.04000091552734,4053700,AXP,-2.078730324122846,98.9760009765625,96.21750030517578
2018-03-01,84.96832275390625,95.13999938964844,98.30000305175781,94.52999877929688,97.81999969482422,4369800,AXP,-2.430522710143024,98.53400115966797,96.00450019836425
2018-03-02,85.37913513183594,95.5999984741211,95.75,93.19999694824219,94.62999725341797,3584700,AXP,0.4834970437499253,97.89400024414063,95.78450012207031
2018-03-05,86.32579803466797,96.66000366210938,97.29000091552734,94.69999694824219,95.08999633789062,2661400,AXP,1.108792055342156,96.89800109863282,95.78350028991699
2018-03-06,85.79888153076172,96.06999969482422,96.98999786376953,95.13999938964844,96.98999786376953,3221100,AXP,-0.6103910044816585,96.19600067138671,95.98650016784669
2018-03-07,85.41487121582031,95.63999938964844,95.7300033569336,94.27999877929688,95.20999908447266,3594900,AXP,-0.4475906178221245,95.8220001220703,96.05950012207032
2018-03-08,86.26329803466797,96.58999633789062,96.68000030517578,95.08999633789062,96.05000305175781,3760500,AXP,0.9933050546892863,96.11199951171875,96.20849990844727
2018-03-09,88.46029663085938,99.05000305175781,99.11000061035156,97.05999755859375,97.58000183105469,3044300,AXP,2.546854547195143,96.8020004272461,96.74400024414062
2018-03-12,87.22783660888672,97.66999816894531,99.69999694824219,97.4800033569336,99.08999633789062,4020900,AXP,-1.393240626243486,97.00399932861328,97.04150009155273
2018-03-13,85.17375946044922,95.37000274658203,98.2300033569336,95.08000183105469,98.12000274658203,4858700,AXP,-2.354863791831807,96.86399993896484,97.07500038146972
2018-03-14,84.42353057861328,94.52999877929688,96.16999816894531,94.08999633789062,95.95999908447266,3013800,AXP,-0.8807842540565103,96.64199981689453,97.07350044250488
2018-03-15,84.29849243164062,94.38999938964844,95.41000366210938,93.95999908447266,95.05999755859375,3213000,AXP,-0.14810048815857568,96.20200042724609,96.98150024414062
2018-03-16,85.38806915283203,95.61000061035156,96.38999938964844,94.2699966430664,94.55000305175781,5124900,AXP,1.2925111013793789,95.51399993896484,96.93400039672852
2018-03-19,84.70040893554688,94.83999633789062,95.4800033569336,93.80000305175781,95.44000244140625,2610400,AXP,-0.8053595518726198,94.9479995727539,96.83650016784668
2018-03-20,84.79864501953125,94.94999694824219,95.6500015258789,94.72000122070312,95.3499984741211,2501600,AXP,0.11598546457094461,94.86399841308594,96.72449989318848
2018-03-21,84.61109161376953,94.73999786376953,96.2699966430664,94.4000015258789,94.62000274658203,2124000,AXP,-0.22116807922293313,94.90599822998047,96.58649978637695
2018-03-22,81.6371078491211,91.41000366210938,93.95999908447266,91.12000274658203,93.73999786376953,4113900,AXP,-3.514876796227595,94.30999908447265,96.28950004577636
2018-03-23,80.77972412109375,90.44999694824219,92.36000061035156,90.41000366210938,91.81999969482422,5100400,AXP,-1.0502206272912762,93.27799835205079,95.87199974060059
2018-03-26,82.71773529052734,92.62000274658203,92.98999786376953,90.80000305175781,91.37000274658203,2769800,AXP,2.399122024936684,92.83399963378906,95.42099990844727
2018-03-27,81.64604187011719,91.41999816894531,93.73999786376953,90.87000274658203,92.80999755859375,4357300,AXP,-1.2956214014806844,92.12799987792968,95.0129997253418
2018-03-28,82.3515625,92.20999908447266,93.54000091552734,91.5999984741211,91.76000213623047,5509700,AXP,0.8641445322142838,91.62200012207032,94.74799957275391
2018-03-29,83.30717468261719,93.27999877929688,94.37000274658203,92.29000091552734,92.38999938964844,4940600,AXP,1.16039443167546,91.99599914550781,94.65499954223633
2018-04-02,81.27094268798828,91.0,93.55000305175781,89.95999908447266,93.13999938964844,4998400,AXP,-2.4442525826907646,92.10599975585937,94.42499961853028
2018-04-03,82.8249282836914,92.73999786376953,92.93000030517578,91.18000030517578,91.55000305175781,2864500,AXP,1.9120855645819113,92.12999877929687,94.22899932861328
2018-04-04,83.57508850097656,93.58000183105469,93.91999816894531,91.08000183105469,91.20999908447266,4619200,AXP,0.9057623319326469,92.56199951171875,94.1044994354248
2018-04-05,84.44464874267578,94.19999694824219,95.05000305175781,93.80000305175781,94.19999694824219,2482300,AXP,0.662529498884612,92.95999908447266,94.03249931335449
2018-04-06,82.3918228149414,91.91000366210938,93.80999755859375,90.80999755859375,93.23999786376953,2968900,AXP,-2.4309908283659976,92.68600006103516,93.79849967956542
2018-04-09,82.59796905517578,92.13999938964844,94.23999786376953,91.95999908447266,92.69999694824219,3109700,AXP,0.250240146202807,92.91399993896485,93.45299949645997
2018-04-10,83.36891174316406,93.0,93.69000244140625,92.52999877929688,93.41000366210938,4584000,AXP,0.9333629433995627,92.96600036621093,93.2194995880127
2018-04-11,82.11389923095703,91.5999984741211,92.80999755859375,91.36000061035156,91.94000244140625,4064900,AXP,-1.5053779848160254,92.56999969482422,93.03099937438965
2018-04-12,83.68267059326172,93.3499984741211,93.94000244140625,92.05999755859375,92.5199966430664,3137300,AXP,1.9104803811698767,92.4,92.97199935913086
2018-04-13,83.39581298828125,93.02999877929688,94.30000305175781,92.54000091552734,94.12999725341797,2510300,AXP,-0.342795607985924,92.6239990234375,92.90399932861328
2018-04-16,83.90678405761719,93.5999984741211,94.19999694824219,93.11000061035156,93.77999877929688,2811500,AXP,0.6127052588450255,92.91599884033204,92.80349922180176
2018-04-17,84.13985443115234,93.86000061035156,94.5999984741211,93.58999633789062,93.95999908447266,2651700,AXP,0.2777800646036832,93.08799896240234,92.7544994354248
2018-04-18,85.2962646484375,95.1500015258789,95.23999786376953,94.0,94.04000091552734,4981400,AXP,1.3743883519483635,93.79799957275391,92.76449966430664
2018-04-19,91.76856994628906,102.37000274658203,102.95999908447266,99.05000305175781,99.36000061035156,11716900,AXP,7.5880200787379115,95.6020004272461,93.14599990844727
2018-04-20,90.35218811035156,100.79000091552734,102.66999816894531,100.37000274658203,102.19999694824219,5614700,AXP,-1.543422671352268,97.15400085449218,93.61499977111816
2018-04-23,90.19082641601562,100.61000061035156,101.16000366210938,99.91000366210938,100.77999877929688,3183300,AXP,-0.1785894469101601,98.55600128173828,94.12299995422363
2018-04-24,90.0384292602539,100.44000244140625,101.70999908447266,99.58000183105469,101.19000244140625,5048900,AXP,-0.16896746636916316,99.87200164794922,94.51399993896484
2018-04-25,88.55036163330078,98.77999877929688,100.30000305175781,97.9000015258789,100.0,5129200,AXP,-1.652731602707569,100.5980010986328,94.88199996948242
2018-04-26,89.85018920898438,100.2300033569336,100.51000213623047,98.55999755859375,98.8499984741211,3021100,AXP,1.467913135812493,100.17000122070313,95.28300018310547
2018-04-27,89.29439544677734,99.61000061035156,100.29000091552734,98.93000030517578,99.98999786376953,2017000,AXP,-0.6185799918354884,99.93400115966797,95.5995002746582
2018-04-30,88.5234603881836,98.75,100.37000274658203,98.7300033569336,100.0,2567000,AXP,-0.8633677392651196,99.56200103759765,95.9870002746582
2018-05-01,88.37106323242188,98.58000183105469,98.81999969482422,97.29000091552734,98.81999969482422,2915200,AXP,-0.17215004450158444,99.19000091552735,96.27900047302246
2018-05-02,87.51944732666016,97.62999725341797,99.37000274658203,97.55000305175781,98.05999755859375,3542000,AXP,-0.9636889429813777,98.96000061035156,96.48150024414062
2018-05-03,87.08016967773438,97.13999938964844,97.31999969482422,95.51000213623047,97.16999816894531,3572300,AXP,-0.5018927353830027,98.34199981689453,96.62850036621094
2018-05-04,88.16485595703125,98.3499984741211,98.94999694824219,96.04000091552734,96.3499984741211,2363200,AXP,1.24562393666392,98.08999938964844,96.95050010681152
2018-05-07,88.37106323242188,98.58000183105469,98.98999786376953,98.29000091552734,98.52999877929688,2152100,AXP,0.23386208490294713,98.05599975585938,97.27250022888184
2018-05-08,89.41091918945312,99.73999786376953,100.37000274658203,98.38999938964844,98.77999877929688,3199100,AXP,1.176705225368968,98.28799896240234,97.60950012207032
2018-05-09,90.09221649169922,100.5,100.97000122070312,99.48999786376953,100.22000122070312,2694300,AXP,0.76198330911188,98.86199951171875,98.05450019836425
2018-05-10,90.88107299804688,101.37999725341797,101.87000274658203,100.22000122070312,100.70999908447266,2847600,AXP,0.8756191576298145,99.70999908447266,98.4560001373291
2018-05-11,90.91696166992188,101.41999816894531,102.68000030517578,101.2699966430664,101.48999786376953,2522100,AXP,0.0394564180420609,100.3239990234375,98.87550010681153
2018-05-14,90.80039978027344,101.29000091552734,102.1500015258789,101.11000061035156,101.69000244140625,2234800,AXP,-0.12817714037168804,100.86599884033203,99.26000022888184
2018-05-15,90.30736541748047,100.73999786376953,101.2300033569336,99.97000122070312,100.81999969482422,3442300,AXP,-0.542998367841363,101.06599884033203,99.60400009155273
2018-05-16,90.17288970947266,100.58999633789062,101.23999786376953,100.2300033569336,100.27999877929688,2135200,AXP,-0.14889967149070982,101.08399810791016,99.87599983215333
2018-05-17,90.7376708984375,101.22000122070312,101.63999938964844,100.30000305175781,100.6500015258789,2876100,AXP,0.626309678644632,101.05199890136718,99.81849975585938
2018-05-18,90.53147888183594,100.98999786376953,101.33000183105469,100.45999908447266,100.93000030517578,2927600,AXP,-0.2272311343210598,100.96599884033203,99.82849960327148
2018-05-21,91.47273254394531,102.04000091552734,102.37999725341797,101.3499984741211,101.56999969482422,2084000,AXP,1.0397099455078829,101.11599884033203,99.89999961853027
2018-05-22,92.06440734863281,102.69999694824219,103.23999786376953,102.08000183105469,102.31999969482422,2910700,AXP,0.646801280667586,101.50799865722657,100.01299934387207
2018-05-23,91.37413787841797,101.93000030517578,102.25,100.91000366210938,101.81999969482422,2553900,AXP,-0.7497533261412448,101.7759994506836,100.17049942016601
2018-05-24,91.44586944580078,102.01000213623047,102.30999755859375,100.72000122070312,101.69000244140625,2230000,AXP,0.07848703111466016,101.93399963378906,100.25949935913086
2018-05-25,90.63008117675781,101.0999984741211,101.63999938964844,100.47000122070312,101.3499984741211,1850800,AXP,-0.8920729762304069,101.95599975585938,100.33399925231933
2018-05-29,87.6001205444336,97.72000122070312,99.83999633789062,96.9800033569336,99.83999633789062,4377800,AXP,-3.3432218639282696,101.09199981689453,100.28249931335449
2018-05-30,88.73859405517578,98.98999786376953,99.41999816894531,97.95999908447266,98.8499984741211,3076800,AXP,1.299628148998977,100.35,100.30299911499023
2018-05-31,88.12007141113281,98.30000305175781,99.36000061035156,97.80000305175781,98.68000030517578,2780300,AXP,-0.6970348791817238,99.6240005493164,100.33649940490723
2018-06-01,88.07523345947266,98.25,99.61000061035156,98.22000122070312,99.33999633789062,2711200,AXP,-0.05086780285397108,98.87200012207032,100.39199943542481
2018-06-04,89.15097045898438,99.44999694824219,99.51000213623047,98.63999938964844,98.80999755859375,2417400,AXP,1.2213709396867056,98.54199981689453,100.44699935913086
2018-06-05,89.02545166015625,99.30999755859375,99.41000366210938,98.43000030517578,99.12000274658203,1811500,AXP,-0.14077364901408096,98.85999908447266,100.4834991455078
2018-06-06,90.51354217529297,100.97000122070312,101.0,99.56999969482422,100.0,2872700,AXP,1.6715373103598719,99.25599975585938,100.5449993133545
2018-06-07,90.9707260131836,101.4800033569336,102.38999938964844,100.88999938964844,101.44000244140625,4245700,AXP,0.505102634509913,99.89199981689453,100.59399948120117
2018-06-08,90.54043579101562,101.0,101.30000305175781,99.58999633789062,101.29000091552734,3580500,AXP,-0.47300289816240015,100.44199981689454,100.57499961853027
2018-06-11,90.71973419189453,101.19999694824219,101.66999816894531,100.79000091552734,101.18000030517578,3453000,AXP,0.19801678043780413,100.79199981689453,100.56399955749512
2018-06-12,90.29841613769531,100.7300033569336,101.5,100.23999786376953,101.5,2426100,AXP,-0.4644205587762684,101.0760009765625,100.53599967956544
2018-06-13,89.66191101074219,100.0199966430664,100.87999725341797,99.95999908447266,100.87000274658203,3183800,AXP,-0.7048612034204926,100.88600006103516,100.49999961853027
2018-06-14,89.4288558959961,99.76000213623047,101.0999984741211,99.51000213623047,100.5199966430664,3285500,AXP,-0.25994252705662246,100.54199981689453,100.45849990844727
2018-06-15,88.31726837158203,98.5199966430664,99.2699966430664,97.30999755859375,99.22000122070312,6741200,AXP,-1.2429886393453882,100.0459991455078,100.32349967956543
2018-06-18,88.27247619628906,98.47000122070312,98.55000305175781,97.30999755859375,97.8499984741211,3621300,AXP,-0.050746471850193764,99.5,100.1974998474121
2018-06-19,87.08016967773438,97.13999938964844,97.93000030517578,96.62000274658203,97.13999938964844,3119600,AXP,-1.350667019972629,98.78199920654296,99.95249977111817
2018-06-20,86.43475341796875,96.41999816894531,97.88999938964844,96.36000061035156,97.69999694824219,4495300,AXP,-0.7411995318375997,98.06199951171875,99.63849983215331
2018-06-21,86.62300109863281,96.62999725341797,96.95999908447266,95.76000213623047,96.16000366210938,3350700,AXP,0.21779619213919688,97.43599853515624,99.37349967956543
2018-06-22,87.16085815429688,97.2300033569336,97.95999908447266,97.06999969482422,97.3499984741211,7235400,AXP,0.6209315125426995,97.1779998779297,99.13449974060059
2018-06-25,88.33518981933594,98.54000091552734,100.0999984741211,95.6500015258789,97.05000305175781,7996700,AXP,1.3473182282887741,97.19199981689454,99.00649986267089
2018-06-26,88.03937530517578,98.20999908447266,99.83000183105469,98.06999969482422,99.5,5166100,AXP,-0.33489124009403737,97.40599975585937,99.03099975585937
2018-06-27,86.91880798339844,96.95999908447266,99.41000366210938,96.93000030517578,98.43000030517578,3693700,AXP,-1.2727828242059647,97.51399993896484,98.92949981689453
2018-06-28,86.92777252197266,96.97000122070312,97.44999694824219,96.56999969482422,97.01000213623047,3142300,AXP,0.010315734658528086,97.58200073242188,98.8629997253418
2018-06-29,87.85113525390625,98.0,99.4800033569336,97.6500015258789,98.12999725341797,4698500,AXP,1.0621829084570322,97.73600006103516,98.85049972534179
2018-07-02,88.74756622314453,99.0,99.04000091552734,97.16000366210938,97.4000015258789,3148700,AXP,1.0204081632652962,97.82799987792968,98.82799987792968
2018-07-03,87.70768737792969,97.83999633789062,99.30999755859375,97.72000122070312,99.30999755859375,2041200,AXP,-1.1717208708175497,97.75399932861328,98.75449981689454
2018-07-05,88.64334869384766,98.52999877929688,98.62999725341797,97.62999725341797,98.3499984741211,2385500,AXP,0.705235555225614,98.06799926757813,98.63249969482422
2018-07-06,88.63431549072266,98.5199966430664,99.02999877929688,98.19999694824219,98.45999908447266,1996600,AXP,-0.010151361366472766,98.37799835205078,98.48449935913087
2018-07-09,89.88487243652344,99.91000366210938,100.01000213623047,99.08000183105469,99.26000213623047,4991700,AXP,1.410888211942285,98.75999908447265,98.42999954223633
2018-07-10,89.88487243652344,99.91000366210938,100.47000122070312,99.56999969482422,99.91000366210938,4675500,AXP,0.0,98.94199981689454,98.3654998779297
2018-07-11,90.23574829101562,100.30000305175781,100.80000305175781,99.66000366210938,99.66000366210938,3469600,AXP,0.39035069097523856,99.43400115966797,98.3439998626709
2018-07-12,91.00045013427734,101.1500015258789,101.33000183105469,100.5999984741211,101.02999877929688,3688800,AXP,0.847456080018727,99.95800170898437,98.40050010681152
2018-07-13,90.4156723022461,100.5,101.1500015258789,99.62000274658203,101.08000183105469,3456500,AXP,-0.6426114840073494,100.3540023803711,98.4375
2018-07-16,90.58658599853516,100.69000244140625,100.87999725341797,100.06999969482422,100.5999984741211,3264800,AXP,0.18905715562811398,100.51000213623047,98.54600028991699
2018-07-17,91.00045013427734,101.1500015258789,101.45999908447266,100.6500015258789,100.77999877929688,3092200,AXP,0.45684683019084904,100.75800170898438,98.68000030517578
2018-07-18,92.6468505859375,102.9800033569336,103.06999969482422,101.41999816894531,101.55000305175781,5923800,AXP,1.8091960488863634,101.29400177001953,98.97200050354004
2018-07-19,90.11878967285156,100.16999816894531,101.37000274658203,99.27999877929688,100.19999694824219,7171100,AXP,-2.7286901304990896,101.0980010986328,99.15950050354004
2018-07-20,90.10078430175781,100.1500015258789,101.30000305175781,99.9800033569336,100.12999725341797,3325500,AXP,-0.019962706830323196,101.02800140380859,99.33550071716309
2018-07-23,91.06343078613281,101.22000122070312,101.4000015258789,100.01000213623047,100.1500015258789,2617900,AXP,1.068397082897432,101.13400115966797,99.53500061035156
2018-07-24,91.50423431396484,101.70999908447266,102.08999633789062,101.16999816894531,101.45999908447266,3155100,AXP,0.48409193623810687,101.24600067138672,99.69350051879883
2018-07-25,92.33193969726562,102.62999725341797,102.77999877929688,101.08000183105469,101.2300033569336,2549400,AXP,0.9045307022186089,101.17599945068359,99.9145004272461
2018-07-26,92.21498107910156,102.5,103.1500015258789,102.36000061035156,102.83999633789062,2744000,AXP,-0.12666594260640762,101.64199981689453,100.19150047302246
2018-07-27,93.42950439453125,103.8499984741211,104.23999786376953,102.66999816894531,102.87000274658203,3815800,AXP,1.3170716820693595,102.38199920654297,100.53550033569336
2018-07-30,90.73052978515625,100.8499984741211,103.11000061035156,100.3499984741211,102.7300033569336,4423000,AXP,-2.888781939411955,102.30799865722656,100.67800025939941
2018-07-31,89.53399658203125,99.5199966430664,101.19999694824219,99.44000244140625,101.05000305175781,4330400,AXP,-1.3187921181733842,101.86999816894532,100.70400009155273
2018-08-01,89.47102355957031,99.44999694824219,100.93000030517578,99.16999816894531,99.9000015258789,3315400,AXP,-0.07033731630364803,101.23399810791015,100.78450012207031
2018-08-02,89.72295379638672,99.7300033569336,99.93000030517578,98.66999816894531,98.9000015258789,2481800,AXP,0.2815549696166819,100.67999877929688,100.84450035095215
2018-08-03,90.67655944824219,100.79000091552734,100.9000015258789,99.69999694824219,99.95999908447266,1830400,AXP,1.0628672645282222,100.06799926757813,100.9580005645752
2018-08-06,90.79351043701172,100.91999816894531,101.31999969482422,100.4000015258789,100.7699966430664,2004600,AXP,0.12897832348162108,100.08199920654297,101.008500289917
2018-08-07,91.73817443847656,101.97000122070312,102.75,101.37000274658203,101.48999786376953,1852800,AXP,1.0404311046459336,100.5720001220703,101.11150016784669
2018-08-08,92.46688842773438,102.77999877929688,102.94999694824219,101.80999755859375,102.0,2228900,AXP,0.7943488760391304,101.23800048828124,101.23549995422363
2018-08-09,92.65582275390625,102.98999786376953,103.31999969482422,102.27999877929688,102.44000244140625,2435500,AXP,0.2043190182591692,101.88999938964844,101.32749977111817
2018-08-10,91.3873062133789,101.58000183105469,102.19999694824219,101.16999816894531,102.08999633789062,2473800,AXP,-1.3690611340529624,102.04799957275391,101.38149986267089
2018-08-13,91.59422302246094,101.80999755859375,102.30000305175781,101.4000015258789,101.4800033569336,3389200,AXP,0.2264183140315179,102.22599945068359,101.43749961853027
2018-08-14,91.9271011352539,102.18000030517578,102.5999984741211,101.83000183105469,101.93000030517578,2327100,AXP,0.36342476716895167,102.26799926757812,101.48899955749512
2018-08-15,91.32432556152344,101.51000213623047,101.93000030517578,100.83999633789062,101.56999969482422,2219600,AXP,-0.6557038235900037,102.01399993896484,101.41549949645996
2018-08-16,92.34992980957031,102.6500015258789,103.13999938964844,101.87000274658203,101.9000015258789,2290400,AXP,1.1230414399149735,101.94600067138671,101.53949966430665
2018-08-17,92.69180297851562,103.02999877929688,103.30999755859375,102.05999755859375,102.62999725341797,1950800,AXP,0.37018728472417717,102.23600006103516,101.68349952697754
2018-08-20,93.41152954101562,103.83000183105469,103.97000122070312,102.93000030517578,103.0199966430664,2267900,AXP,0.7764758431876961,102.64000091552734,101.81399955749512
2018-08-21,94.29319763183594,104.80999755859375,105.25,103.76000213623047,103.91999816894531,3218400,AXP,0.9438463933898911,103.16600036621094,101.96899948120117
2018-08-22,95.21085357666016,105.83000183105469,106.26000213623047,104.51000213623047,104.9000015258789,2761300,AXP,0.9731936802027885,104.03000030517578,102.12899971008301
2018-08-23,94.7969970703125,105.37000274658203,106.0199966430664,105.16000366210938,105.54000091552734,1866800,AXP,-0.43465848673704954,104.57400054931641,102.2724998474121
2018-08-24,95.14788055419922,105.76000213623047,106.33999633789062,105.44999694824219,105.91000366210938,1844000,AXP,0.37012373491760453,105.12000122070313,102.36800003051758
2018-08-27,96.30841827392578,107.05000305175781,107.33000183105469,106.27999877929688,106.79000091552734,1972000,AXP,1.2197436549459262,105.76400146484374,102.67800025939941
2018-08-28,96.51533508300781,107.27999877929688,107.43000030517578,106.68000030517578,107.05999755859375,2275000,AXP,0.21484887527547514,106.25800170898438,103.06600036621094
2018-08-29,96.00253295898438,106.70999908447266,107.30999755859375,105.88999938964844,107.04000091552734,1896200,AXP,-0.5313196320936409,106.43400115966797,103.42900047302246
2018-08-30,95.57072448730469,106.2300033569336,106.66999816894531,105.97000122070312,106.5999984741211,1868300,AXP,-0.4498132617910433,106.60600128173829,103.75400047302246
2018-08-31,95.3458023071289,105.9800033569336,106.4000015258789,105.30000305175781,105.5199966430664,2115500,AXP,-0.23533840920629823,106.6500015258789,104.01350059509278
2018-09-04,96.27243041992188,107.01000213623047,107.2699966430664,105.58000183105469,106.3499984741211,2941800,AXP,0.9718803044645119,106.64200134277344,104.31800079345703
2018-09-05,95.07588958740234,105.68000030517578,107.25,104.87999725341797,107.0,5511800,AXP,-1.242876184005226,106.32200164794922,104.50350074768066
2018-09-06,94.82398986816406,105.4000015258789,105.87000274658203,104.55000305175781,105.5,3623900,AXP,-0.26494963899348356,106.06000213623047,104.63450088500977
2018-09-07,95.43574523925781,106.08000183105469,106.3499984741211,105.3499984741211,105.63999938964844,2498400,AXP,0.645161570523145,106.03000183105469,104.78900108337402
2018-09-10,96.52434539794922,107.29000091552734,107.80000305175781,106.55999755859375,106.55999755859375,3337000,AXP,1.1406476843766722,106.29200134277343,105.07450103759766
2018-09-11,97.44197845458984,108.30999755859375,108.47000122070312,106.47000122070312,106.70999908447266,2795800,AXP,0.9506912427649894,106.5520004272461,105.39950103759766
2018-09-12,97.05513763427734,107.87999725341797,108.69000244140625,107.66000366210938,108.30999755859375,4103100,AXP,-0.3970088771751312,106.99199981689453,105.68450088500977
2018-09-13,97.75688934326172,108.66000366210938,109.19000244140625,107.93000030517578,108.19999694824219,3429600,AXP,0.7230315429644696,107.64400024414063,106.04200096130371
2018-09-14,98.5665512084961,109.55999755859375,110.01000213623047,108.83999633789062,108.83999633789062,2999800,AXP,0.8282660281174081,108.33999938964844,106.38750076293945
2018-09-17,98.24268341064453,109.19999694824219,110.23999786376953,108.94000244140625,110.20999908447266,2383100,AXP,-0.32858763999061846,108.72199859619141,106.69600067138671
2018-09-18,98.6385498046875,109.63999938964844,109.87000274658203,108.97000122070312,109.44000244140625,2173200,AXP,0.4029326499109587,108.98799896240234,106.9865005493164
2018-09-19,99.05238342285156,110.0999984741211,110.45999908447266,109.7300033569336,110.0,2365700,AXP,0.4195540742734538,109.43199920654297,107.25100059509278
2018-09-20,99.9610824584961,111.11000061035156,111.7699966430664,110.6500015258789,110.8499984741211,2844800,AXP,0.9173498185541362,109.9219985961914,107.51500053405762
2018-09-21,99.7720947265625,110.9000015258789,111.51000213623047,110.76000213623047,111.29000091552734,5662900,AXP,-0.1890010649978291,110.18999938964843,107.79150047302247
2018-09-24,98.82749938964844,109.8499984741211,110.83999633789062,109.3499984741211,110.73999786376953,1871600,AXP,-0.9468016567274695,110.31999969482422,107.99600028991699
2018-09-25,98.84547424316406,109.87000274658203,110.23999786376953,109.37999725341797,110.23999786376953,1910600,AXP,0.018210535037610498,110.36600036621094,108.1370002746582
2018-09-26,97.1720962524414,108.01000213623047,110.11000061035156,107.80000305175781,110.08000183105469,2944200,AXP,-1.692910315695273,109.94800109863282,108.17350044250489
2018-09-27,97.02816009521484,107.8499984741211,108.3499984741211,107.33999633789062,108.01000213623047,2121700,AXP,-0.14813781959522876,109.29600067138672,108.23050041198731
2018-09-28,95.80461883544922,106.48999786376953,107.87000274658203,106.27999877929688,107.2699966430664,3931500,AXP,-1.261011246725141,108.41399993896485,108.24350013732911
2018-10-01,97.0731430053711,107.9000015258789,108.98999786376953,107.61000061035156,107.80999755859375,3361300,AXP,1.324071453089104,108.02400054931641,108.33950004577636
2018-10-02,97.51395416259766,108.38999938964844,108.47000122070312,107.30999755859375,108.01000213623047,2223100,AXP,0.4541222028175973,107.72799987792969,108.40849990844727
2018-10-03,97.5679702758789,108.44999694824219,109.4000015258789,108.25,109.25,2505100,AXP,0.055353408000380355,107.81599884033203,108.54699974060058
2018-10-04,97.2790298461914,107.73999786376953,108.8499984741211,106.80999755859375,108.25,2478700,AXP,-0.6546787500708806,107.79399871826172,108.66399955749512
2018-10-05,96.81855010986328,107.2300033569336,108.47000122070312,106.72000122070312,108.05999755859375,2399800,AXP,-0.47335670776678107,107.94199981689454,108.72149963378907
2018-10-08,96.60184478759766,106.98999786376953,107.2300033569336,105.56999969482422,106.62999725341797,2723400,AXP,-0.2238230771710037,107.75999908447265,108.70649948120118
2018-10-09,96.30386352539062,106.66000366210938,106.93000030517578,105.94000244140625,106.30000305175781,2604400,AXP,-0.3084346277680394,107.41399993896485,108.62399978637696
2018-10-10,93.51393127441406,103.56999969482422,107.01000213623047,103.5199966430664,106.95999908447266,4555600,AXP,-2.8970596860975695,106.43800048828125,108.40849990844727
2018-10-11,91.71714782714844,101.58000183105469,104.33999633789062,101.55000305175781,103.22000122070312,6069300,AXP,-1.921403755559714,105.20600128173828,108.05449981689453
2018-10-12,92.99922943115234,103.0,104.91999816894531,101.70999908447266,104.30999755859375,4855900,AXP,1.3979111472226746,104.36000061035156,107.72649993896485
2018-10-15,92.65616607666016,102.62000274658203,103.55999755859375,102.20999908447266,102.8499984741211,2780900,AXP,-0.3689293722504594,103.48600158691406,107.39750022888184
2018-10-16,94.14592742919922,104.2699966430664,104.47000122070312,102.69000244140625,103.06999969482422,3121000,AXP,1.6078677181085244,103.00800018310547,107.12900009155274
2018-10-17,94.20915985107422,104.33999633789062,105.29000091552734,103.91999816894531,104.33000183105469,3792400,AXP,0.06713311314647807,103.16199951171875,106.84099998474122
2018-10-18,92.85477447509766,102.83999633789062,104.76000213623047,102.29000091552734,104.52999877929688,4538200,AXP,-1.4376078710434892,103.41399841308593,106.42749977111816
2018-10-19,96.36709594726562,106.7300033569336,107.55000305175781,104.05999755859375,104.05999755859375,5726300,AXP,3.7825818334940253,104.15999908447266,106.2189998626709
2018-10-22,94.3626480102539,104.51000213623047,106.95999908447266,104.44999694824219,106.61000061035156,5003100,AXP,-2.0800160694072534,104.53799896240234,105.95200004577637
2018-10-23,94.24523162841797,104.37999725341797,104.5199966430664,101.83999633789062,102.41000366210938,4223800,AXP,-0.12439468008338395,104.55999908447265,105.67749977111816
2018-10-24,91.95186614990234,101.83999633789062,104.94999694824219,101.51000213623047,104.43000030517578,4056700,AXP,-2.433417304429153,104.05999908447265,105.36899948120117
2018-10-25,93.5409927368164,103.5999984741211,104.16999816894531,101.80000305175781,102.4800033569336,3378900,AXP,1.7282032595435703,104.21199951171874,105.15649948120117
2018-10-26,91.41917419433594,101.25,102.66000366210938,100.13999938964844,102.54000091552734,5395700,AXP,-2.268338328893038,103.11599884033203,104.89449958801269
2018-10-29,91.36498260498047,101.19000244140625,103.25,100.04000091552734,102.47000122070312,4238700,AXP,-0.05925684799382713,102.45199890136719,104.55899963378906
2018-10-30,92.16857147216797,102.08000183105469,102.38999938964844,100.41000366210938,101.5999984741211,3778200,AXP,0.8795329263518781,101.99199981689453,104.24349975585938
2018-10-31,92.75547790527344,102.7300033569336,103.70999908447266,102.55000305175781,103.05999755859375,4511300,AXP,0.6367569692589559,102.17000122070313,103.95750007629394
2018-11-01,93.93826293945312,104.04000091552734,104.2699966430664,103.0199966430664,103.26000213623047,2786800,AXP,1.2751849662091308,102.25800170898438,103.77250022888184
2018-11-02,93.64032745361328,103.70999908447266,105.05000305175781,102.88999938964844,104.93000030517578,4322200,AXP,-0.31718745496995826,102.7500015258789,103.59650001525878
2018-11-05,94.99465942382812,105.20999908447266,105.4000015258789,103.80000305175781,104.04000091552734,2697700,AXP,1.4463407706505116,103.55400085449219,103.50750007629395
2018-11-06,94.78700256347656,104.9800033569336,105.66000366210938,104.37000274658203,104.9800033569336,2856000,AXP,-0.2186063392647708,104.13400115966797,103.42350006103516
2018-11-07,96.89078521728516,107.30999755859375,107.4800033569336,104.9000015258789,105.7300033569336,3606900,AXP,2.219464781057523,105.05,103.61049995422363
2018-11-08,97.9652099609375,108.5,108.62999725341797,107.02999877929688,107.02999877929688,2896700,AXP,1.1089390257011944,105.94199981689454,103.9564998626709
2018-11-09,97.76658630371094,108.27999877929688,109.33000183105469,107.3499984741211,108.37999725341797,4444000,AXP,-0.20276610203052714,106.85599975585937,104.22049980163574
2018-11-12,96.15038299560547,106.48999786376953,108.44000244140625,106.30000305175781,108.16000366210938,3154600,AXP,-1.6531224009115775,107.11199951171875,104.41399955749512
2018-11-13,97.38737487792969,107.86000061035156,108.19999694824219,106.47000122070312,106.6500015258789,3021800,AXP,1.2865083801904653,107.68799896240235,104.59349975585937
2018-11-14,97.30610656738281,107.7699966430664,109.33000183105469,106.88999938964844,108.61000061035156,4978100,AXP,-0.08344517594645051,107.77999877929688,104.76499977111817
2018-11-15,98.95841979980469,109.5999984741211,109.69999694824219,106.33999633789062,106.68000030517578,3742600,AXP,1.698062436724057,107.9999984741211,105.10299987792969
2018-11-16,98.83202362060547,109.45999908447266,110.37999725341797,108.58000183105469,108.58000183105469,3486200,AXP,-0.1277366711656458,108.23599853515626,105.23949966430663
2018-11-19,97.739501953125,108.25,110.0199966430664,107.41999816894531,109.9000015258789,3161200,AXP,-1.105425812710703,108.58799896240234,105.42649955749512
2018-11-20,95.78921508789062,106.08999633789062,107.9000015258789,105.45999908447266,107.55000305175781,3779000,AXP,-1.9953844453666325,108.23399810791015,105.51199951171876
2018-11-21,96.15943145751953,106.5,107.66999816894531,106.12999725341797,106.37000274658203,2791000,AXP,0.38646778797459813,107.97999877929688,105.74499969482422
2018-11-23,95.47322082519531,105.73999786376953,106.44999694824219,105.30999755859375,105.87999725341797,938800,AXP,-0.7136170293243871,107.20799865722657,105.85199966430665
2018-11-26,99.0306625366211,109.68000030517578,109.7300033569336,106.83000183105469,107.1500015258789,4488500,AXP,3.7261230575040827,107.25199890136719,106.27349967956543
2018-11-27,99.41891479492188,110.11000061035156,110.36000061035156,108.7300033569336,109.5,2837900,AXP,0.3920498759840907,107.6239990234375,106.7194995880127
2018-11-28,101.92896270751953,112.88999938964844,113.18000030517578,110.33000183105469,110.33000183105469,3995900,AXP,2.524746856677007,108.98399963378907,107.25999946594239
2018-11-29,100.50241088867188,111.30999755859375,112.26000213623047,110.4800033569336,112.0,4249500,AXP,-1.3995941532439882,109.94599914550781,107.68899917602539
2018-11-30,101.36917114257812,112.2699966430664,112.44999694824219,110.37000274658203,110.37000274658203,3949500,AXP,0.8624553998101581,111.25199890136719,108.10049896240234
2018-12-03,101.45044708251953,112.36000061035156,114.55000305175781,112.0,113.98999786376953,3399400,AXP,0.08016742671801413,111.78799896240234,108.53299903869629
2018-12-04,97.1887435913086,107.63999938964844,112.16000366210938,107.54000091552734,111.86000061035156,5238400,AXP,-4.200784260469536,111.29399871826172,108.65449905395508
2018-12-06,97.739501953125,108.25,108.38999938964844,104.77999877929688,105.63999938964844,7455200,AXP,0.5667043978172082,110.36599884033203,108.8179988861084
2018-12-07,96.32195281982422,106.68000030517578,109.62000274658203,105.76000213623047,108.19999694824219,4419400,AXP,-1.4503461384057448,109.43999938964843,108.7864990234375
2018-12-10,95.51834869384766,105.79000091552734,106.72000122070312,103.5,105.94000244140625,4110000,AXP,-0.834270141640836,108.14400024414063,108.65099906921387
2018-12-11,95.16622161865234,105.4000015258789,108.01000213623047,104.51000213623047,107.38999938964844,3132200,AXP,-0.3686543021772404,106.75200042724609,108.50699920654297
2018-12-12,97.04428100585938,107.4800033569336,108.7300033569336,106.5,107.2699966430664,4183800,AXP,1.9734362437784148,106.72000122070312,108.55649948120117
2018-12-13,96.33999633789062,106.69999694824219,108.36000061035156,106.33000183105469,107.7699966430664,3542600,AXP,-0.7257223523719603,106.41000061035156,108.49849929809571
2018-12-14,95.43708801269531,105.69999694824219,106.44999694824219,104.93000030517578,105.7699966430664,5245400,AXP,-0.9372071495794665,106.21399993896485,108.39499931335449
2018-12-17,91.35598754882812,101.18000030517578,105.45999908447266,100.77999877929688,105.45999908447266,7345500,AXP,-4.2762504953332225,105.29199981689453,107.97399940490723
2018-12-18,91.21149444580078,101.0199966430664,102.56999969482422,100.47000122070312,101.9800033569336,5220800,AXP,-0.15813763750422982,104.41599884033204,107.55199928283692
2018-12-19,89.1799545288086,98.7699966430664,102.0,98.19999694824219,99.76000213623047,6195600,AXP,-2.227281800404246,102.67399749755859,107.07799911499023
2018-12-20,86.47123718261719,95.7699966430664,98.87000274658203,95.26000213623047,97.91000366210938,7110500,AXP,-3.037359625353997,100.48799743652344,106.56199913024902
2018-12-21,82.46234130859375,91.33000183105469,96.62999725341797,91.1500015258789,95.19999694824219,11005300,AXP,-4.6361020858751045,97.61399841308594,105.80349922180176
2018-12-24,80.8100357055664,89.5,91.55000305175781,89.5,90.73999786376953,3190900,AXP,-2.0037247283098525,95.27799835205079,104.99149932861329
2018-12-26,84.7286376953125,93.83999633789062,93.88999938964844,89.05000305175781,89.8499984741211,5383700,AXP,4.849157919430858,93.84199829101563,104.19949913024902
2018-12-27,85.48706817626953,94.68000030517578,94.68000030517578,91.26000213623047,92.36000061035156,4226600,AXP,0.895144927606939,93.0239990234375,103.42799911499023
2018-12-28,85.25231170654297,94.41999816894531,95.6500015258789,93.94999694824219,95.4000015258789,3225100,AXP,-0.27461146534898395,92.75399932861328,102.50449905395507
2018-12-31,86.06493377685547,95.31999969482422,95.61000061035156,94.30000305175781,95.12999725341797,2821100,AXP,0.9531895184625272,93.55199890136718,101.7049991607666
2019-01-02,86.38998413085938,95.68000030517578,96.2699966430664,93.7699966430664,93.91000366210938,4175400,AXP,0.3776758408562175,94.78799896240234,100.87549934387206
2019-01-03,84.70368957519531,93.43000030517578,95.18000030517578,93.2300033569336,94.79000091552734,4776600,AXP,-2.3515886212620463,94.70599975585938,99.92899932861329
2019-01-04,88.52049255371094,97.63999938964844,98.3499984741211,94.9000015258789,95.37000274658203,4637200,AXP,4.506046313519518,95.29799957275391,99.42899932861329
2019-01-07,89.0009994506836,98.16999816894531,98.91999816894531,97.0199966430664,97.7699966430664,3289000,AXP,0.5428090768229366,96.04799957275391,98.92499923706055
2019-01-08,89.43614196777344,98.6500015258789,99.5199966430664,97.5199966430664,98.69000244140625,3227200,AXP,0.48895117234037944,96.71399993896485,98.5234992980957
2019-01-09,89.5993423461914,98.83000183105469,99.58999633789062,98.1500015258789,98.73999786376953,2954500,AXP,0.18246356045779066,97.34400024414063,98.17549934387208
2019-01-10,89.08259582519531,98.26000213623047,98.66999816894531,97.81999969482422,98.44999694824219,3523800,AXP,-0.5767476315528208,98.31000061035157,97.81849937438965
2019-01-11,89.34549713134766,98.55000305175781,98.68000030517578,97.36000061035156,97.87999725341797,2770600,AXP,0.2951362805033053,98.49200134277343,97.37199935913085
2019-01-14,89.24576568603516,98.44000244140625,99.02999877929688,97.62000274658203,97.76000213623047,4120500,AXP,-0.11161908365826534,98.54600219726562,96.95899963378906
2019-01-15,88.83780670166016,97.98999786376953,98.87000274658203,97.73999786376953,98.61000061035156,5795100,AXP,-0.45713588630249546,98.41400146484375,96.57349967956543
2019-01-16,90.12517547607422,99.41000366210938,99.95999908447266,98.51000213623047,98.94000244140625,4701900,AXP,1.4491334108548637,98.53000183105469,96.48499984741211
2019-01-17,90.19768524169922,99.48999786376953,100.23999786376953,98.56999969482422,99.41000366210938,5693300,AXP,0.08046896561040295,98.7760009765625,96.40849990844727
2019-01-18,91.09524536132812,100.4800033569336,100.80999755859375,96.37000274658203,98.19000244140625,9872500,AXP,0.9950804245866696,99.16200103759766,96.49400024414062
2019-01-22,90.50593566894531,99.83000183105469,100.68000030517578,98.95999908447266,99.8499984741211,4699800,AXP,-0.6468964014361256,99.44000091552735,96.69700050354004
2019-01-23,90.39714813232422,99.70999908447266,100.19000244140625,98.45999908447266,99.93000030517578,3585100,AXP,-0.12020709644493532,99.78400115966797,97.11600036621094
2019-01-24,90.4062271118164,99.72000122070312,100.54000091552734,99.37999725341797,99.69000244140625,3415900,AXP,0.01003122688025826,99.84600067138672,97.62700042724609
2019-01-25,91.35816192626953,100.7699966430664,101.58999633789062,100.08999633789062,100.43000030517578,3488300,AXP,1.0529436517348278,100.1020004272461,97.97350044250489
2019-01-28,91.00457000732422,100.37999725341797,100.41000366210938,99.4800033569336,100.05000305175781,3185400,AXP,-0.3870193536175681,100.08199920654297,98.258500289917
2019-01-29,91.5304183959961,100.95999908447266,101.41999816894531,100.54000091552734,100.94000244140625,2827400,AXP,0.5778061834275761,100.30799865722656,98.58550033569335
2019-01-30,93.08068084716797,102.66999816894531,102.8499984741211,100.54000091552734,101.08999633789062,3501500,AXP,1.6937392036245003,100.89999847412109,98.95300025939942
2019-01-31,93.10791778564453,102.69999694824219,102.9000015258789,101.69999694824219,102.0,4302100,AXP,0.029218642088135738,101.49599761962891,99.30400009155274
2019-02-01,93.43427276611328,103.05999755859375,103.52999877929688,102.41000366210938,102.41000366210938,4727800,AXP,0.3505361451305422,101.95399780273438,99.78549995422364
2019-02-04,93.76062774658203,103.41999816894531,103.45999908447266,102.5199966430664,103.04000091552734,2578300,AXP,0.3493116814279773,102.56199798583984,100.07449989318847
2019-02-05,94.19580078125,103.9000015258789,104.18000030517578,103.41000366210938,103.62999725341797,2231200,AXP,0.4641301154825639,103.14999847412109,100.36100006103516
2019-02-06,95.15682220458984,104.95999908447266,105.08000183105469,103.43000030517578,103.8499984741211,3595700,AXP,1.020209377311443,103.60799865722656,100.67649993896484
2019-02-07,94.6400375366211,104.38999938964844,104.77999877929688,103.61000061035156,104.05999755859375,3857300,AXP,-0.5430637383728287,103.94599914550781,100.95449981689453
2019-02-08,94.75792694091797,104.5199966430664,104.5199966430664,103.43000030517578,103.7300033569336,2581900,AXP,0.12453037089572572,104.23799896240234,101.26749954223632
2019-02-11,95.56477355957031,105.41000366210938,105.55999755859375,104.80999755859375,104.94999694824219,2653800,AXP,0.8515184152582123,104.63600006103516,101.61049957275391
2019-02-12,97.00626373291016,107.0,107.43000030517578,106.26000213623047,106.2699966430664,3238600,AXP,1.5083922613145395,105.25599975585938,102.03849945068359
2019-02-13,97.51397705078125,107.55999755859375,108.47000122070312,107.0999984741211,107.55000305175781,3182100,AXP,0.5233622042932318,105.7759994506836,102.51699943542481
2019-02-14,96.6617660522461,106.62000274658203,107.36000061035156,106.23999786376953,107.0,2385900,AXP,-0.8739260257975112,106.22200012207031,102.87749938964843
2019-02-15,97.35077667236328,107.37999725341797,108.08999633789062,107.12000274658203,107.33000183105469,3882300,AXP,0.7128066847290615,106.79400024414062,103.27199935913086
2019-02-19,96.5530014038086,106.5,107.2300033569336,106.45999908447266,107.05000305175781,3692800,AXP,-0.819516926733721,107.01199951171876,103.57299919128418
2019-02-20,96.80681610107422,106.77999877929688,107.18000030517578,106.5,106.56999969482422,3840800,AXP,0.2629096519219498,106.96799926757812,103.92049903869629
2019-02-21,96.65270233154297,106.61000061035156,106.94999694824219,106.31999969482422,106.73999786376953,2566500,AXP,-0.1592041308191794,106.77799987792969,104.26549911499023
2019-02-22,97.40516662597656,107.44000244140625,107.55000305175781,106.86000061035156,106.9800033569336,2256400,AXP,0.7785403116995271,106.94199981689454,104.6514991760254
2019-02-25,96.94281768798828,106.93000030517578,108.8499984741211,106.76000213623047,108.19999694824219,3333500,AXP,-0.4746855218181967,106.8520004272461,104.95949935913086
2019-02-26,96.9518814086914,106.94000244140625,107.62000274658203,106.41999816894531,106.66999816894531,2548100,AXP,0.009353910223430795,106.94000091552735,105.28749961853028
2019-02-27,97.38703155517578,107.41999816894531,107.62999725341797,106.5999984741211,106.86000061035156,2393500,AXP,0.44884581688882097,107.06800079345703,105.61049957275391
2019-02-28,97.67716217041016,107.73999786376953,108.44999694824219,107.08000183105469,107.22000122070312,3295800,AXP,0.2978958297140677,107.29400024414062,105.86399955749512
2019-03-01,98.72882080078125,108.9000015258789,109.6500015258789,108.19999694824219,108.4000015258789,2682000,AXP,1.0766694682657452,107.58600006103515,106.17399978637695
2019-03-04,98.81948852539062,109.0,110.08999633789062,107.76000213623047,109.55999755859375,4053200,AXP,0.09182596209360572,108.0,106.47099990844727
2019-03-05,98.6834716796875,108.8499984741211,109.31999969482422,108.31999969482422,109.02999877929688,2685700,AXP,-0.1376160787879832,108.38199920654297,106.74249992370605
2019-03-06,98.80133056640625,108.9800033569336,109.44999694824219,108.8499984741211,108.93000030517578,2616000,AXP,0.11943489631136561,108.69400024414062,106.99650001525879
2019-03-07,97.78596496582031,107.86000061035156,108.62999725341797,107.4000015258789,108.55999755859375,3048200,AXP,-1.027713995304047,108.71800079345704,107.14150009155273
2019-03-08,97.89474487304688,107.9800033569336,108.06999969482422,106.68000030517578,106.79000091552734,2077100,AXP,0.1112578767874739,108.53400115966797,107.321000289917
2019-03-11,99.32716369628906,109.55999755859375,109.79000091552734,108.70999908447266,109.01000213623047,3289200,AXP,1.463228516892534,108.64600067138672,107.57300033569337
2019-03-12,100.11592864990234,110.43000030517578,111.27999877929688,109.73999786376953,109.73999786376953,3917500,AXP,0.7940879572553294,108.96200103759766,107.82400016784668
2019-03-13,101.66619110107422,112.13999938964844,112.26000213623047,110.08999633789062,110.18000030517578,4234100,AXP,1.5484914242027026,109.59400024414063,108.0810001373291
2019-03-14,101.85657501220703,112.3499984741211,112.77999877929688,111.87999725341797,112.38999938964844,3538200,AXP,0.18726510220763437,110.49199981689453,108.32050018310547
2019-03-15,102.91732025146484,113.5199966430664,113.7699966430664,112.52999877929688,112.70999908447266,4780400,AXP,1.0413869023903954,111.5999984741211,108.66549987792969
2019-03-18,102.94452667236328,113.55000305175781,114.25,113.16000366210938,113.75,2918000,AXP,0.02643270752178406,112.3979995727539,108.97400016784668
2019-03-19,102.14669799804688,112.66999816894531,114.22000122070312,112.36000061035156,114.22000122070312,3331300,AXP,-0.77499327094811,112.84599914550782,109.28250007629394
2019-03-20,100.42414855957031,110.7699966430664,112.45999908447266,110.5999984741211,112.26000213623047,3309300,AXP,-1.6863420225053272,112.5719985961914,109.48199996948242
2019-03-21,101.3760986328125,111.81999969482422,112.18000030517578,109.80999755859375,109.95999908447266,3111000,AXP,0.9479128677246651,112.46599884033203,109.74249992370605
2019-03-22,99.23651123046875,109.45999908447266,111.31999969482422,108.98999786376953,111.29000091552734,3737400,AXP,-2.1105353396462245,111.65399932861328,109.84349975585937
2019-03-25,98.85574340820312,109.04000091552734,110.06999969482422,108.19000244140625,109.27999877929688,3596200,AXP,-0.383700139282106,110.75199890136719,109.94899978637696
2019-03-26,99.27278900146484,109.5,110.4000015258789,109.05000305175781,109.98999786376953,2844500,AXP,0.42186269314965497,110.11799926757813,110.07699966430664
2019-03-27,98.80133056640625,108.9800033569336,110.0,108.33000183105469,109.68000030517578,3346600,AXP,-0.4748827790560739,109.76000061035157,110.15499992370606
2019-03-28,98.96452331542969,109.16000366210938,109.87999725341797,108.48999786376953,109.41999816894531,2693300,AXP,0.1651681956608586,109.22800140380859,110.22600021362305
2019-03-29,99.09147644042969,109.30000305175781,110.38999938964844,109.13999938964844,110.19999694824219,4891000,AXP,0.12825154356148616,109.19600219726563,110.24600028991699
2019-04-01,101.26728820800781,111.69999694824219,112.04000091552734,110.08000183105469,110.29000091552734,5125100,AXP,2.1957857543223325,109.72800140380859,110.3810001373291
2019-04-02,100.63265991210938,111.0,111.45999908447266,110.37000274658203,111.20999908447266,3568900,AXP,-0.6266758884215018,110.02800140380859,110.48850021362304
2019-04-03,100.23375701904297,110.55999755859375,112.0,110.3499984741211,111.81999969482422,3719700,AXP,-0.3963985958614913,110.34400024414063,110.56749992370605
2019-04-04,100.18829345703125,110.12000274658203,110.48999786376953,109.5,110.33000183105469,3619600,AXP,-0.397969267119902,110.53600006103515,110.68050003051758
2019-04-05,100.95252227783203,110.95999908447266,111.20999908447266,110.44000244140625,110.4800033569336,4553700,AXP,0.7628008689971599,110.86799926757813,110.82949981689453
2019-04-08,100.7159652709961,110.69999694824219,110.8499984741211,109.91999816894531,110.62000274658203,4776600,AXP,-0.23432060055491588,110.66799926757812,110.88649978637696
2019-04-09,99.94265747070312,109.8499984741211,110.30999755859375,109.48999786376953,110.01000213623047,2869300,AXP,-0.7678396545200528,110.43799896240235,110.85749969482421
2019-04-10,100.22467803955078,110.16000366210938,110.4800033569336,109.5199966430664,110.4800033569336,2650100,AXP,0.2822077308096693,110.35800018310547,110.75849990844726
2019-04-11,99.94265747070312,109.8499984741211,110.83000183105469,109.41999816894531,110.51000213623047,2320600,AXP,-0.281413559987842,110.30399932861329,110.63349990844726
2019-04-12,100.90704345703125,110.91000366210938,111.55000305175781,110.44999694824219,110.81999969482422,2316900,AXP,0.964956943752715,110.29400024414062,110.50300025939941
2019-04-15,100.56131744384766,110.52999877929688,110.97000122070312,110.25,110.91999816894531,2285000,AXP,-0.34262453364458656,110.26000061035157,110.35200004577636
2019-04-16,101.78954315185547,111.87999725341797,112.02999877929688,110.94000244140625,111.08999633789062,2523400,AXP,1.2213864914779604,110.66600036621094,110.3125
2019-04-17,101.68036651611328,111.76000213623047,112.5,111.25,112.30999755859375,3799900,AXP,-0.10725341449169257,110.98600006103516,110.3620002746582
2019-04-18,103.4181137084961,113.66999816894531,114.13999938964844,111.31999969482422,112.25,6186800,AXP,1.7090157446370213,111.75,110.45450019836426
2019-04-22,102.1989517211914,112.33000183105469,113.4000015258789,112.2300033569336,112.5999984741211,3174400,AXP,-1.1788478573730776,112.03399963378907,110.59800033569336
2019-04-23,103.69105529785156,113.97000122070312,114.04000091552734,111.9000015258789,112.19000244140625,3342800,AXP,1.4599834086311159,112.72200012207031,110.84450035095215
2019-04-24,103.73653411865234,114.0199966430664,114.36000061035156,113.41999816894531,113.76000213623047,2318400,AXP,0.043867177176259986,113.15,111.07050018310547
2019-04-25,105.4288101196289,115.87999725341797,116.5,114.75,115.2300033569336,4595200,AXP,1.6312933389870166,113.9739990234375,111.41549987792969
2019-04-26,106.99365997314453,117.5999984741211,117.7300033569336,116.0999984741211,116.58999633789062,2990600,AXP,1.4842951859427966,114.75999908447265,111.83749961853027
2019-04-29,106.22943115234375,116.76000213623047,117.69999694824219,116.55000305175781,117.23999786376953,3096200,AXP,-0.7142826095150601,115.64599914550782,112.2104995727539
2019-04-30,106.65704345703125,117.2300033569336,117.3499984741211,116.0999984741211,117.05000305175781,2387900,AXP,0.40253615288114997,116.29799957275391,112.48699989318848
2019-05-01,106.4659652709961,117.0199966430664,117.98999786376953,116.93000030517578,117.47000122070312,2450500,AXP,-0.17914075565431675,116.8979995727539,112.78799972534179
2019-05-02,106.67523193359375,117.25,117.6500015258789,116.68000030517578,117.0,2538700,AXP,0.196550473023116,117.17200012207032,113.12249984741212
2019-05-03,108.58582305908203,119.3499984741211,119.66000366210938,117.62999725341797,117.91000366210938,2856200,AXP,1.7910434747301363,117.52200012207031,113.58399963378906
2019-05-06,108.57673645019531,119.33999633789062,119.61000061035156,117.05000305175781,117.26000213623047,2924500,AXP,-0.008380508050565005,118.03799896240234,114.00299949645996
2019-05-07,107.55772399902344,118.22000122070312,119.41000366210938,117.6500015258789,118.37000274658203,6282300,AXP,-0.9384909934272434,118.23599853515626,114.37899971008301
2019-05-08,106.89358520507812,117.48999786376953,118.11000061035156,116.81999969482422,117.83000183105469,4037500,AXP,-0.6174956432040357,118.32999877929687,114.76099967956543
2019-05-09,106.68431854248047,117.26000213623047,117.29000091552734,115.37999725341797,116.1500015258789,3219600,AXP,-0.19575770850361884,118.33199920654297,115.11599960327149
2019-05-10,107.77609252929688,118.45999908447266,118.93000030517578,116.20999908447266,116.86000061035156,2435100,AXP,1.0233642558253209,118.15399932861328,115.54649963378907
2019-05-13,105.44698333740234,115.9000015258789,116.88999938964844,115.62000274658203,116.41999816894531,3710600,AXP,-2.1610649825923423,117.46600036621093,115.79599952697754
2019-05-14,106.45686340332031,117.01000213623047,117.7300033569336,115.7699966430664,115.9800033569336,2460700,AXP,0.9577226882984347,117.2240005493164,116.11999969482422
2019-05-15,107.04826354980469,117.66000366210938,118.2300033569336,115.9000015258789,116.18000030517578,2711400,AXP,0.5555093701495206,117.25800170898438,116.40900001525878
2019-05-16,109.03165435791016,119.83999633789062,120.3499984741211,117.7699966430664,117.7699966430664,4143500,AXP,1.8527899098504719,117.77400054931641,116.8129997253418
2019-05-17,108.33108520507812,119.06999969482422,119.58999633789062,118.51000213623047,118.5999984741211,5273600,AXP,-0.6425205829407643,117.89600067138672,117.08299980163574
2019-05-20,109.03165435791016,119.83999633789062,120.31999969482422,118.62000274658203,118.83000183105469,2765600,AXP,0.6466756068194357,118.68399963378906,117.45849952697753
2019-05-21,109.67760467529297,120.55000305175781,120.68000030517578,119.33999633789062,120.47000122070312,3369100,AXP,0.5924622292755366,119.39199981689453,117.78749961853028
2019-05-22,109.1863021850586,120.01000213623047,120.87999725341797,119.44000244140625,120.36000061035156,2941100,AXP,-0.44794765811453363,119.86199951171875,118.08699989318848
2019-05-23,107.74879455566406,118.43000030517578,119.4000015258789,117.8499984741211,119.2699966430664,3290200,AXP,-1.3165584559036492,119.58000030517579,118.21450004577636
2019-05-24,108.73139190673828,119.51000213623047,119.62999725341797,118.33000183105469,119.20999908447266,2240100,AXP,0.9119326422964535,119.66800079345703,118.31000022888183
2019-05-28,107.51226043701172,118.16999816894531,120.12000274658203,118.16999816894531,119.36000061035156,2550300,AXP,-1.1212483836772758,119.33400115966796,118.38050003051758
2019-05-29,106.45686340332031,117.01000213623047,117.80999755859375,116.04000091552734,117.70999908447266,2553900,AXP,-0.9816332831421581,118.6260009765625,118.36949996948242
2019-05-30,106.21122741699219,116.73999786376953,117.30999755859375,116.11000061035156,117.20999908447266,1882400,AXP,-0.23075315574012656,117.97200012207031,118.35550003051758
2019-05-31,104.36431884765625,114.70999908447266,115.9800033569336,114.55999755859375,115.7699966430664,2969100,AXP,-1.7389059589206002,117.22799987792969,118.2284999847412
2019-06-03,104.28244018554688,114.62000274658203,115.93000030517578,113.88999938964844,114.55999755859375,2968500,AXP,-0.07845553012719719,116.25,117.99200019836425
2019-06-04,106.31130981445312,116.8499984741211,117.0,115.2300033569336,115.70999908447266,3043200,AXP,1.9455554651045093,115.98600006103516,117.86750030517578
2019-06-05,107.46676635742188,118.12000274658203,118.23999786376953,117.01000213623047,117.18000030517578,2568100,AXP,1.0868671707704003,116.20800018310547,117.86250038146973
2019-06-06,108.65861511230469,119.43000030517578,119.63999938964844,118.1500015258789,118.41999816894531,2209300,AXP,1.1090395598823743,116.74600067138672,117.95950050354004
2019-06-07,110.18709564208984,121.11000061035156,121.36000061035156,119.55999755859375,119.87000274658203,2481800,AXP,1.4066819901891625,118.0260009765625,118.1520004272461
2019-06-10,111.59732055664062,122.66000366210938,123.44999694824219,121.41000366210938,121.5999984741211,3453700,AXP,1.2798307686783472,119.63400115966797,118.36200065612793
2019-06-11,112.11589813232422,123.2300033569336,124.73999786376953,123.08000183105469,123.55000305175781,3303800,AXP,0.46469890576099626,120.91000213623047,118.72850074768067
2019-06-12,111.02411651611328,122.02999877929688,123.19000244140625,121.58999633789062,122.91999816894531,2685700,AXP,-0.9737925383000445,121.69200134277344,118.97950057983398
2019-06-13,110.86946105957031,121.86000061035156,122.69999694824219,121.41999816894531,122.08999633789062,2343900,AXP,-0.13930850663431693,122.1780014038086,119.18950042724609
2019-06-14,110.99684143066406,122.0,122.61000061035156,120.94000244140625,122.01000213623047,2483800,AXP,0.1148854332407856,122.35600128173829,119.29750061035156
2019-06-17,110.49642944335938,121.44999694824219,122.23999786376953,121.30000305175781,122.23999786376953,2094200,AXP,-0.4508221735719742,122.11399993896484,119.41650047302247
2019-06-18,112.2978515625,123.43000030517578,125.05000305175781,122.20999908447266,122.80999755859375,2729200,AXP,1.6303033402111922,122.15399932861328,119.59600067138672
2019-06-19,113.43513488769531,124.68000030517578,124.91999816894531,123.68000030517578,124.23999786376953,2951700,AXP,1.012719757684044,122.68399963378906,119.80250053405761
2019-06-20,113.65348052978516,124.91999816894531,126.4000015258789,124.47000122070312,125.69000244140625,3303200,AXP,0.19249106767893487,123.2959991455078,120.04800033569336
2019-06-21,113.48063659667969,124.7300033569336,126.30999755859375,124.55999755859375,125.19999694824219,5703800,AXP,-0.15209319147985179,123.84199981689453,120.36300048828124
2019-06-24,112.9438247680664,124.13999938964844,125.41999816894531,124.01000213623047,124.9800033569336,2680900,AXP,-0.4730248948978,124.38000030517578,120.59450035095215
2019-06-25,112.05220794677734,123.16000366210938,124.56999969482422,123.04000091552734,124.2699966430664,2387800,AXP,-0.7894278494903761,124.3260009765625,120.84400062561035
2019-06-26,112.44344329833984,123.58999633789062,124.0,123.02999877929688,123.18000030517578,1902500,AXP,0.34913337365671815,124.10800018310547,121.17300033569336
2019-06-27,112.76184844970703,123.94000244140625,124.41000366210938,123.55999755859375,123.69000244140625,1504300,AXP,0.2831993801170718,123.91200103759766,121.53300056457519
2019-06-28,112.30696105957031,123.44000244140625,124.55000305175781,123.19999694824219,124.29000091552734,4338900,AXP,-0.40342100221950616,123.65400085449218,121.96950073242188
2019-07-01,113.65348052978516,124.91999816894531,126.4000015258789,124.55000305175781,125.30000305175781,4008800,AXP,1.1989595740988346,123.81000061035157,122.48450050354003
2019-07-02,113.81724548339844,125.0999984741211,125.33000183105469,124.5999984741211,124.77999877929688,4076100,AXP,0.14409246542923526,124.1979995727539,122.89700050354004
2019-07-03,114.86679077148438,125.86000061035156,126.05000305175781,124.94000244140625,125.20999908447266,3714300,AXP,0.6075157038372581,124.6520004272461,123.28400039672852
2019-07-05,114.44699096679688,125.4000015258789,126.19000244140625,124.30999755859375,126.12999725341797,3731500,AXP,-0.3654847308453113,124.94400024414062,123.58250045776367
2019-07-08,113.94501495361328,124.8499984741211,125.2300033569336,124.63999938964844,124.98999786376953,3332000,AXP,-0.438598919509825,125.22599945068359,123.76950035095214
2019-07-09,114.90331268310547,125.9000015258789,126.04000091552734,124.18000030517578,124.2699966430664,2237100,AXP,0.8410116656713207,125.42200012207032,123.93150024414062
2019-07-10,115.80682373046875,126.88999938964844,128.4199981689453,126.69999694824219,126.69999694824219,2733800,AXP,0.7863366574829111,125.78000030517578,124.11450004577637
2019-07-11,116.16275024414062,127.27999877929688,127.69000244140625,126.44000244140625,126.9800033569336,2928100,AXP,0.3073523457517213,126.06399993896484,124.37700004577637
2019-07-12,116.78335571289062,127.95999908447266,128.0,126.87000274658203,127.55000305175781,1639400,AXP,0.5342554303091163,126.5759994506836,124.68199996948242
2019-07-15,117.34009552001953,128.57000732421875,128.67999267578125,127.76000213623047,128.25,2355700,AXP,0.4767179150598544,127.32000122070312,125.01050033569337
2019-07-16,116.87464904785156,128.05999755859375,129.33999633789062,127.80000305175781,129.22000122070312,2734000,AXP,-0.3966786470960493,127.75200042724609,125.34100036621093
2019-07-17,115.9802474975586,127.08000183105469,128.63999938964844,127.01000213623047,128.02000427246094,2248900,AXP,-0.7652629597237559,127.79000091552734,125.52350044250488
2019-07-18,117.18492126464844,128.39999389648438,129.08999633789062,126.66000366210938,126.69000244140625,3524500,AXP,1.0387095108674416,128.01399993896484,125.70950012207031
2019-07-19,113.9176254272461,124.81999969482422,128.0,123.80000305175781,126.80000305175781,7819000,AXP,-2.788157610464015,127.38600006103516,125.70450019836426
2019-07-22,114.99456787109375,126.0,126.01000213623047,124.69999694824219,124.75,4839700,AXP,0.945361567105274,126.8719985961914,125.76800003051758
2019-07-23,117.00240325927734,128.1999969482422,128.97999572753906,126.36000061035156,126.37999725341797,4055100,AXP,1.746029324001741,126.89999847412109,125.97099990844727
2019-07-24,116.77423858642578,127.94999694824219,128.22000122070312,126.79000091552734,127.70999908447266,3628300,AXP,-0.19500780495410597,127.0739974975586,126.2104995727539
2019-07-25,116.04412078857422,127.1500015258789,128.19000244140625,126.5,127.80999755859375,2663500,AXP,-0.625240673266203,126.8239990234375,126.38849983215331
2019-07-26,115.7064437866211,126.77999877929688,127.55999755859375,126.30000305175781,127.08999633789062,4236200,AXP,-0.2909970445472032,127.21599884033203,126.53049964904785
2019-07-29,116.08061981201172,127.19000244140625,127.45999908447266,126.54000091552734,126.91000366210938,1829500,AXP,0.3233977489013329,127.45399932861328,126.71799964904785
2019-07-30,115.42350769042969,126.47000122070312,126.91000366210938,126.30000305175781,126.56999969482422,1575400,AXP,-0.5660831880515249,127.10800018310547,126.79549980163574
2019-07-31,113.50694274902344,124.37000274658203,126.58999633789062,123.62000274658203,126.52999877929688,3221000,AXP,-1.6604716168669764,126.39200134277344,126.75900001525879
2019-08-01,113.25140380859375,124.08999633789062,126.12999725341797,123.5199966430664,123.7699966430664,4489800,AXP,-0.2251398267329341,125.78000030517578,126.67049980163574
2019-08-02,113.45220184326172,124.30999755859375,124.91000366210938,123.08000183105469,123.91999816894531,3268800,AXP,0.1772916650783607,125.28600006103515,126.61599960327149
2019-08-05,110.17575073242188,120.72000122070312,123.08000183105469,120.16000366210938,122.45999908447266,5876200,AXP,-2.8879385474997465,123.99199981689453,126.40949974060058
2019-08-06,111.84589385986328,122.55000305175781,122.8499984741211,120.87000274658203,121.05999755859375,3497000,AXP,1.5159060740142172,123.20800018310547,126.24199981689453
2019-08-07,112.74945831298828,123.54000091552734,123.8499984741211,120.22000122070312,120.91999816894531,3170800,AXP,0.8078317740648489,123.04199981689453,126.07449989318847
2019-08-08,114.34656524658203,125.29000091552734,125.69999694824219,123.69999694824219,123.8499984741211,2976100,AXP,1.4165452380048071,123.28200073242188,125.975
2019-08-09,115.14971923828125,126.16999816894531,126.73999786376953,124.72000122070312,125.58000183105469,2138300,AXP,0.7023683031268213,123.65400085449218,125.88549995422363
2019-08-12,113.12361145019531,123.94999694824219,125.70999908447266,123.80000305175781,124.98999786376953,2918000,AXP,-1.75953178483087,124.3,125.65449943542481
2019-08-13,115.28662872314453,126.31999969482422,126.5,122.51000213623047,123.86000061035156,3175700,AXP,1.9120635780020878,125.05399932861329,125.56749954223633
2019-08-14,111.93716430664062,122.6500015258789,125.33000183105469,122.12999725341797,124.3499984741211,5626300,AXP,-2.9053183801548754,124.8759994506836,125.34599952697754
2019-08-15,111.69072723388672,122.37999725341797,123.0,121.13999938964844,122.6500015258789,3031700,AXP,-0.22014208650781297,124.29399871826172,125.04499969482421
2019-08-16,113.74422454833984,124.62999725341797,124.75,122.69000244140625,123.5,2343400,AXP,1.8385357497114674,123.98599853515626,125.0354995727539
2019-08-19,113.5343246459961,124.4000015258789,126.1500015258789,124.33999633789062,126.0999984741211,3286700,AXP,-0.18454283287144824,124.0759994506836,124.95549964904785
2019-08-20,110.8145980834961,121.41999816894531,123.77999877929688,121.33999633789062,123.62999725341797,3641600,AXP,-2.395501061399641,123.09599914550782,124.616499710083
2019-08-21,111.80027770996094,122.5,123.05999755859375,121.98999786376953,122.5,2948300,AXP,0.8894760725922213,123.06599884033203,124.3439998626709
2019-08-22,111.59033203125,122.2699966430664,123.70999908447266,121.7699966430664,123.30999755859375,2322100,AXP,-0.18775784239477566,123.04399871826172,124.09999961853028
2019-08-23,107.47428131103516,117.76000213623047,122.05000305175781,117.05999755859375,122.0,4800400,AXP,-3.688553717721632,121.66999969482421,123.64899978637695
2019-08-26,108.17701721191406,118.52999877929688,118.94000244140625,117.37999725341797,118.33000183105469,3170600,AXP,0.6538694200902251,120.49599914550781,123.21599960327148
2019-08-27,107.46517944335938,117.75,119.33999633789062,116.8499984741211,119.08999633789062,3145800,AXP,-0.6580602272250324,119.76199951171876,122.77999954223633
2019-08-28,108.68811798095703,119.08999633789062,119.30999755859375,116.97000122070312,117.02999877929688,2327400,AXP,1.1380011362128517,119.07999877929687,122.51599922180176
2019-08-29,110.19398498535156,120.73999786376953,121.19999694824219,119.95999908447266,120.45999908447266,1901300,AXP,1.3855080834811684,118.7739990234375,122.3484992980957
2019-08-30,109.85630798339844,120.37000274658203,121.66000366210938,119.81999969482422,121.47000122070312,2366200,AXP,-0.30643955916328514,119.2959991455078,122.15149955749511
2019-09-03,107.32826232910156,117.5999984741211,120.27999877929688,117.5199966430664,119.86000061035156,3198700,AXP,-2.30124134689329,119.10999908447266,121.99549942016601
2019-09-04,108.05836486816406,118.4000015258789,118.7300033569336,117.80000305175781,118.41999816894531,3746900,AXP,0.6802747127023556,119.23999938964843,121.78799934387207
2019-09-05,110.13013458251953,120.66999816894531,121.62999725341797,119.5,119.5,5261100,AXP,1.917226869773514,119.55599975585938,121.64449920654297
2019-09-06,109.69205474853516,120.19000244140625,121.19000244140625,120.0,121.13999938964844,4552400,AXP,-0.39777553229679574,119.44600067138671,121.38949928283691
2019-09-09,109.44561767578125,119.91999816894531,121.41000366210938,119.5199966430664,121.20999908447266,5336000,AXP,-0.22464786336331422,119.35599975585937,121.07699928283691
2019-09-10,107.06361389160156,117.30999755859375,119.61000061035156,116.30000305175781,119.5999984741211,6196100,AXP,-2.176451509509325,119.29799957275391,120.7449993133545
2019-09-11,107.6933364868164,118.0,118.0999984741211,116.75,117.12000274658203,3674400,AXP,0.5881872438549873,119.21799926757812,120.32899932861328
2019-09-12,108.62422943115234,119.0199966430664,120.43000030517578,118.77999877929688,119.0,3733500,AXP,0.8644039348020494,118.88799896240235,120.14749908447266
2019-09-13,108.78850555419922,119.19999694824219,119.97000122070312,118.29000091552734,119.23999786376953,3941100,AXP,0.15123534721277476,118.68999786376953,119.98849906921387
2019-09-16,107.3647689819336,117.63999938964844,118.44000244140625,116.68000030517578,118.13999938964844,4280600,AXP,-1.30872281756107,118.23399810791015,119.6389991760254
2019-09-17,108.65161895751953,119.05000305175781,119.12999725341797,117.5,117.9000015258789,3054700,AXP,1.1985750335131717,118.58199920654297,119.37149925231934
2019-09-18,108.3686752319336,118.73999786376953,118.80000305175781,117.47000122070312,118.58999633789062,2844500,AXP,-0.2603991432520214,118.72999877929688,119.23749923706055
2019-09-19,107.50165557861328,117.79000091552734,119.5199966430664,117.5999984741211,118.61000061035156,1975800,AXP,-0.8000648183707382,118.48399963378907,119.00199928283692
2019-09-20,106.59812927246094,116.80000305175781,118.23999786376953,116.37000274658203,117.83000183105469,5301500,AXP,-0.8404769981108173,118.00400085449219,118.72849960327149
2019-09-23,107.912353515625,118.23999786376953,118.41999816894531,116.0999984741211,116.36000061035156,5089400,AXP,1.232872238345406,118.1240005493164,118.75249938964843
2019-09-24,107.8484878540039,118.16999816894531,120.19999694824219,117.5199966430664,118.88999938964844,5128400,AXP,-0.05920136678695398,117.9479995727539,118.73449935913087
2019-09-25,108.71549987792969,119.12000274658203,119.44000244140625,117.05999755859375,117.86000061035156,2742900,AXP,0.80393043273006,118.02400054931641,118.80299949645996
2019-09-26,108.52384185791016,118.91000366210938,120.02999877929688,118.83999633789062,119.30999755859375,3411200,AXP,-0.17629204132861842,118.24800109863281,118.7939998626709
2019-09-27,108.23176574707031,118.58999633789062,119.62000274658203,117.9800033569336,119.12999725341797,2909200,AXP,-0.2691172435988376,118.60599975585937,118.68649978637696
2019-09-30,107.9488525390625,118.27999877929688,119.23999786376953,118.13999938964844,119.05000305175781,2345800,AXP,-0.2614027895831095,118.61399993896484,118.58199958801269
2019-10-01,106.50687408447266,116.69999694824219,119.5,116.61000061035156,118.69999694824219,2841300,AXP,-1.3358148861692731,118.31999969482422,118.53699951171875
2019-10-02,103.00225067138672,112.86000061035156,115.80999755859375,112.75,115.76000213623047,4908800,AXP,-3.2904853798699785,117.06799926757813,118.25999946594239
2019-10-03,103.11222076416016,112.55000305175781,112.95999908447266,111.05999755859375,112.19999694824219,3529300,AXP,-0.274674425764021,115.7959991455078,117.853999710083
2019-10-04,104.81624603271484,114.41000366210938,114.52999877929688,112.5999984741211,112.66000366210938,2728200,AXP,1.6525993424417962,114.96000061035156,117.56499977111817
2019-10-07,104.11997985839844,113.6500015258789,114.6500015258789,113.5999984741211,113.91000366210938,2556000,AXP,-0.6642794440204769,114.03400115966797,117.25149993896484
2019-10-08,103.1030502319336,112.54000091552734,113.6500015258789,112.05000305175781,112.83000183105469,3757300,AXP,-0.9766833219960858,113.202001953125,117.01300010681152
2019-10-09,104.3673324584961,113.91999816894531,114.7699966430664,113.2300033569336,113.25,2365600,AXP,1.2262282230242727,113.41400146484375,116.80900001525879
2019-10-10,105.37510681152344,115.0199966430664,115.79000091552734,113.93000030517578,114.80999755859375,2384300,AXP,0.9655885637303019,113.90800018310547,116.60900001525879
2019-10-11,106.6393814086914,116.4000015258789,117.56999969482422,116.19000244140625,116.73999786376953,2860400,AXP,1.1997956208388505,114.30599975585938,116.46900024414063
2019-10-14,106.63020324707031,116.38999938964844,117.0,115.94000244140625,116.13999938964844,1864400,AXP,-0.008592900428994188,114.85399932861328,116.40650024414063
2019-10-15,107.72958374023438,117.58999633789062,118.19000244140625,116.7300033569336,117.02999877929688,2379700,AXP,1.0310137937408648,115.86399841308594,116.33349990844727
2019-10-16,107.56468963623047,117.41000366210938,117.98999786376953,117.06999969482422,117.62999725341797,2136700,AXP,-0.15306801716707952,116.56199951171875,116.26700019836426
2019-10-17,109.11296081542969,119.0999984741211,119.33000183105469,117.95999908447266,118.01000213623047,3005500,AXP,1.4393959281998603,117.37799987792968,116.33250007629394
2019-10-18,106.96920013427734,116.76000213623047,119.9800033569336,116.66999816894531,119.7300033569336,6188500,AXP,-1.964732466725494,117.45,116.33050003051758
2019-10-21,109.06715393066406,119.05000305175781,119.37999725341797,117.48999786376953,117.55000305175781,4259500,AXP,1.9612888605941237,117.98200073242188,116.37100028991699
2019-10-22,108.66405487060547,118.61000061035156,119.3499984741211,118.29000091552734,118.66999816894531,3912100,AXP,-0.3695946494137847,118.18600158691406,116.3930004119873
2019-10-23,106.72183227539062,116.48999786376953,119.2300033569336,115.51000213623047,118.41999816894531,3921100,AXP,-1.787372679936572,118.00200042724609,116.26150016784668
2019-10-24,106.64854431152344,116.41000366210938,116.9000015258789,116.13999938964844,116.44000244140625,2551300,AXP,-0.06867044649936371,117.46400146484375,116.13650016784668
2019-10-25,108.34342956542969,118.26000213623047,118.51000213623047,116.2699966430664,116.36000061035156,2325000,AXP,1.5892091881475112,117.76400146484374,116.12000045776367
2019-10-28,108.6365737915039,118.58000183105469,119.30000305175781,118.06999969482422,118.63999938964844,2552700,AXP,0.2705899619852792,117.67000122070313,116.13500061035157
2019-10-29,107.5738296508789,117.41999816894531,118.83000183105469,117.08000183105469,118.08999633789062,2756300,AXP,-0.9782456098812342,117.43200073242187,116.17100067138672
2019-10-30,108.16934204101562,118.06999969482422,118.16999816894531,116.86000061035156,117.44000244140625,2264400,AXP,0.5535696951243896,117.74800109863281,116.43150062561035
2019-10-31,107.4455795288086,117.27999877929688,118.20999908447266,116.88999938964844,117.79000091552734,2507400,AXP,-0.6690953820354562,117.92200012207032,116.66800041198731
2019-11-01,109.1496353149414,119.13999938964844,119.44999694824219,118.16999816894531,118.41000366210938,2036600,AXP,1.5859486951835589,118.0979995727539,116.90450019836426
2019-11-04,109.58936309814453,119.62000274658203,120.5,119.01000213623047,119.62000274658203,1956400,AXP,0.40289017911083747,118.30599975585938,117.20300025939942
2019-11-05,108.81063842773438,118.7699966430664,119.95999908447266,117.76000213623047,119.83999633789062,2630000,AXP,-0.7105886005673967,118.5759994506836,117.51450004577637
2019-11-06,109.65349578857422,119.69000244140625,119.72000122070312,118.88999938964844,118.88999938964844,2420700,AXP,0.7746112859670307,118.9,117.80300025939941
2019-11-07,111.11018371582031,121.27999877929688,122.43000030517578,120.0999984741211,120.2699966430664,2845000,AXP,1.3284286953448854,119.7,118.11600036621094
2019-11-08,111.28424072265625,121.47000122070312,121.80999755859375,120.88999938964844,121.01000213623047,1984600,AXP,0.15666428373899421,120.16600036621094,118.36950035095215
2019-11-11,110.76203155517578,120.9000015258789,121.80999755859375,120.51000213623047,120.76000213623047,1704100,AXP,-0.4692514111270696,120.42200012207032,118.59500045776367
2019-11-12,110.75285339355469,120.88999938964844,121.2300033569336,120.41000366210938,120.87000274658203,2012400,AXP,-0.008273065429476034,120.84600067138672,118.76000061035157
2019-11-13,110.17569732666016,120.26000213623047,120.97000122070312,120.12999725341797,120.2699966430664,1807900,AXP,-0.521132646702549,120.96000061035156,118.90250053405762
2019-11-14,110.78951263427734,120.93000030517578,120.9800033569336,119.80000305175781,120.0,1990600,AXP,0.5571246940327956,120.89000091552734,118.99400062561035
2019-11-15,110.63375091552734,120.76000213623047,121.33000183105469,120.38999938964844,120.9800033569336,2341500,AXP,-0.14057567891864187,120.74800109863281,119.19400062561036
2019-11-18,109.6259994506836,119.66000366210938,120.8499984741211,119.4000015258789,120.55999755859375,2617900,AXP,-0.9108963685510507,120.5000015258789,119.22450065612793
2019-11-19,109.93750762939453,120.0,120.44999694824219,119.86000061035156,120.01000213623047,1891000,AXP,0.2841353229861898,120.32200164794922,119.29400062561035
2019-11-20,109.29620361328125,119.30000305175781,120.2300033569336,118.93000030517578,119.83000183105469,2544100,AXP,-0.5833307902018192,120.13000183105468,119.43450088500977
2019-11-21,108.83812713623047,118.80000305175781,119.47000122070312,118.48999786376953,119.29000091552734,2783800,AXP,-0.4191114729335532,119.7040023803711,119.55400085449219
2019-11-22,109.0763168334961,119.05999755859375,119.29000091552734,118.41000366210938,119.20999908447266,1629700,AXP,0.21885058935786628,119.36400146484375,119.59400062561035
2019-11-25,110.48717498779297,120.5999984741211,120.5999984741211,119.13999938964844,119.13999938964844,2285400,AXP,1.2934662750765158,119.5520004272461,119.69500045776367
2019-11-26,109.7450942993164,119.79000091552734,121.04000091552734,119.5999984741211,120.91000366210938,4596200,AXP,-0.6716397751593384,119.51000061035157,119.81350059509278
2019-11-27,110.23983764648438,120.33000183105469,120.36000061035156,119.3499984741211,120.0,2629700,AXP,0.45078964137259536,119.71600036621093,119.9265007019043
2019-11-29,110.04742431640625,120.12000274658203,120.88999938964844,119.77999877929688,120.06999969482422,1961500,AXP,-0.17451930630525414,119.98000030517578,120.06850090026856
2019-12-02,107.42725372314453,117.26000213623047,120.36000061035156,117.06999969482422,120.30999755859375,5538200,AXP,-2.380952834629324,119.62000122070313,119.97450103759766
2019-12-03,106.79512023925781,116.56999969482422,116.75,114.6500015258789,116.04000091552734,3792300,AXP,-0.588438025614757,118.81400146484376,119.82200088500977
2019-12-04,108.05022430419922,117.94000244140625,118.54000091552734,117.0,117.30999755859375,2444100,AXP,1.1752618599713882,118.44400177001953,119.78050117492675
2019-12-05,108.36172485351562,118.27999877929688,118.43000030517578,117.58999633789062,117.91000366210938,3128300,AXP,0.28827906634947276,118.03400115966797,119.71000099182129
2019-12-06,110.49636840820312,120.61000061035156,121.44000244140625,119.91000366210938,120.20999908447266,3287600,AXP,1.9699034960275252,118.13200073242187,119.67650108337402
2019-12-09,110.35892486572266,120.45999908447266,121.52999877929688,120.11000061035156,120.44000244140625,2885200,AXP,-0.12436906153703298,118.77200012207031,119.6260009765625
2019-12-10,110.76203155517578,120.9000015258789,121.47000122070312,120.02999877929688,120.44999694824219,2518200,AXP,0.36526850801128496,119.63800048828125,119.6260009765625
2019-12-11,110.52384185791016,120.63999938964844,121.37999725341797,120.0999984741211,120.87999725341797,2015300,AXP,-0.21505552766665215,120.1779998779297,119.6135009765625
2019-12-12,112.35612487792969,122.63999938964844,123.06999969482422,120.05000305175781,120.5999984741211,2933800,AXP,1.657824942074404,121.05,119.7325008392334
2019-12-13,114.2616958618164,124.72000122070312,124.98999786376953,122.08000183105469,122.47000122070312,3919000,AXP,1.6960223755759785,121.87200012207032,119.92200088500977
2019-12-16,113.30890655517578,123.68000030517578,126.33000183105469,123.33999633789062,125.6500015258789,3416100,AXP,-0.8338685899200504,122.51600036621093,120.06800079345703
2019-12-17,114.47241973876953,124.94999694824219,125.4000015258789,123.25,123.98999786376953,4325200,AXP,1.0268407502690202,123.3259994506836,120.33250045776367
2019-12-18,113.84028625488281,124.26000213623047,125.06999969482422,124.08000183105469,125.02999877929688,3154200,AXP,-0.5522167497911457,124.05,120.54550056457519
2019-12-19,114.36248779296875,124.83000183105469,124.9000015258789,123.87999725341797,124.18000030517578,2543600,AXP,0.4587153428496693,124.48800048828124,120.82200050354004
2019-12-20,115.22366333007812,125.7699966430664,126.27999877929688,124.83000183105469,125.86000061035156,5828700,AXP,0.753019945704958,124.6979995727539,121.17050018310547
2019-12-23,114.05099487304688,124.48999786376953,125.73999786376953,123.69999694824219,125.73999786376953,3031400,AXP,-1.0177298349856034,124.85999908447266,121.44200019836425
2019-12-24,114.280029296875,124.73999786376953,125.33000183105469,124.37999725341797,124.94999694824219,953500,AXP,0.2008193463651331,124.81799926757813,121.64900016784668
2019-12-26,114.89385223388672,125.41000366210938,125.44000244140625,124.52999877929688,124.9800033569336,1486600,AXP,0.5371218613227535,125.04799957275391,121.93000030517578
2019-12-27,114.69232177734375,125.19000244140625,125.97000122070312,125.11000061035156,125.83999633789062,1788600,AXP,-0.17542557553532623,125.11999969482422,122.17300033569336
2019-12-30,113.87693786621094,124.30000305175781,125.45999908447266,124.18000030517578,125.19999694824219,2306500,AXP,-0.7109189011039407,124.8260009765625,122.38200035095215
2019-12-31,114.05099487304688,124.48999786376953,124.56999969482422,123.77999877929688,124.29000091552734,2340400,AXP,0.15285181604751674,124.8260009765625,122.74350013732911
2020-01-02,115.69659423828125,125.8499984741211,126.2699966430664,124.2300033569336,124.66000366210938,2708000,AXP,1.0924577345079678,125.04800109863281,123.20750007629394
2020-01-03,114.54742431640625,124.5999984741211,125.0999984741211,123.94000244140625,124.31999969482422,2090600,AXP,-0.9932459397343885,124.88600006103516,123.54049987792969
2020-01-06,114.05098724365234,124.05999755859375,124.16000366210938,123.12000274658203,123.37000274658203,2855200,AXP,-0.4333875779617302,124.65999908447266,123.82949981689453
2020-01-07,113.45343780517578,123.41000366210938,124.4000015258789,123.36000061035156,123.47000122070312,2042300,AXP,-0.523935119519392,124.48199920654297,123.96949996948243
2020-01-08,115.41159057617188,125.54000091552734,126.36000061035156,123.80000305175781,124.05000305175781,3458200,AXP,1.72595185982638,124.69199981689454,124.22350006103515
2020-01-09,117.4984359741211,127.80999755859375,127.87999725341797,126.38999938964844,126.48999786376953,2787100,AXP,1.808185937957596,125.08399963378906,124.56899986267089
2020-01-10,117.01119232177734,127.27999877929688,128.1699981689453,126.91999816894531,127.58000183105469,2789200,AXP,-0.4146770905412933,125.61999969482422,124.90099983215332
2020-01-13,118.16957092285156,128.5399932861328,128.9499969482422,127.62999725341797,127.83999633789062,3285700,AXP,0.9899391254872381,126.51599884033203,125.19599952697754
2020-01-14,118.4085922241211,128.8000030517578,130.08999633789062,128.33999633789062,128.6199951171875,3836000,AXP,0.20227927431597514,127.59399871826172,125.39999961853027
2020-01-15,119.34629821777344,129.82000732421875,129.83999633789062,128.4499969482422,128.69000244140625,3187200,AXP,0.7919287642027761,128.45,125.70699996948242
2020-01-16,120.01738739013672,130.5500030517578,130.92999267578125,129.7100067138672,130.5,2424500,AXP,0.562313731592945,128.9980010986328,125.9870002746582
2020-01-17,120.90914916992188,131.52000427246094,131.86000061035156,130.7899932861328,131.4499969482422,3659400,AXP,0.743011258543258,129.84600219726562,126.35000038146973
2020-01-21,119.99901580810547,130.52999877929688,131.82000732421875,130.38999938964844,131.11000061035156,3102700,AXP,-0.7527413785002102,130.24400329589844,126.63500022888184
2020-01-22,120.88153076171875,131.49000549316406,132.27000427246094,130.92999267578125,130.92999267578125,2483800,AXP,0.7354682623497144,130.7820037841797,126.92100067138672
2020-01-23,120.77122497558594,131.3699951171875,131.57000732421875,130.13999938964844,131.25999450683594,3841000,AXP,-0.09126958016805187,131.09200134277344,127.26500053405762
2020-01-24,124.20950317382812,135.11000061035156,138.1300048828125,133.85000610351562,136.36000061035156,8612500,AXP,2.8469251976662058,132.00400085449218,127.78350067138672
2020-01-27,120.10015106201172,130.63999938964844,131.97999572753906,128.8699951171875,131.14999389648438,6432400,AXP,-3.3084162538007167,131.8279998779297,128.04500045776368
2020-01-28,121.76407623291016,132.4499969482422,133.8699951171875,131.13999938964844,132.0,3712700,AXP,1.385484971716222,132.21199951171874,128.40800018310546
2020-01-29,121.05622863769531,131.67999267578125,133.1300048828125,131.44000244140625,132.47999572753906,2518400,AXP,-0.5813546924895996,132.2499969482422,128.77699966430663
2020-01-30,122.47199249267578,133.22000122070312,133.3300018310547,130.44000244140625,130.75,2428500,AXP,1.169508376806827,132.6199981689453,129.21349983215333
2020-01-31,119.39225006103516,129.8699951171875,132.25,129.3800048828125,132.1699981689453,3522600,AXP,-2.5146420003147485,131.5719970703125,129.41449966430665
2020-02-03,120.43108367919922,131.0,132.22000122070312,130.4499969482422,130.5500030517578,2721900,AXP,0.8701046625841924,131.6439971923828,129.7344997406006
2020-02-04,121.2125015258789,131.85000610351562,133.33999633789062,131.72000122070312,132.8800048828125,2547500,AXP,0.6488596210042941,131.5239990234375,130.12400016784667
2020-02-05,122.8213119506836,133.60000610351562,133.8000030517578,131.2899932861328,133.42999267578125,4084500,AXP,1.3272657709443525,131.9080017089844,130.63350028991698
2020-02-06,122.4995346069336,133.25,134.35000610351562,133.11000061035156,134.16000366210938,1708600,AXP,-0.2619806044353301,131.91400146484375,131.0190002441406
2020-02-07,121.18492889404297,131.82000732421875,132.75,131.33999633789062,132.57000732421875,2885600,AXP,-1.0731652351078758,132.30400390625,131.21950073242186
2020-02-10,121.57107543945312,132.24000549316406,132.5,131.35000610351562,131.61000061035156,1816500,AXP,0.31861488818787365,132.5520050048828,131.46750106811524
2020-02-11,121.9295883178711,132.6300048828125,133.64999389648438,132.32000732421875,133.02999877929688,1733300,AXP,0.2949178565094579,132.7080047607422,131.67200164794923
2020-02-12,122.49034881591797,133.24000549316406,133.72000122070312,132.52999877929688,133.38999938964844,1715400,AXP,0.45992655349031963,132.63600463867186,131.89400177001954
2020-02-13,123.6119155883789,134.4600067138672,134.6699981689453,133.05999755859375,133.14999389648438,3178300,AXP,0.9156418270830136,132.8780059814453,132.12600173950196
2020-02-14,124.9081802368164,135.8699951171875,136.3699951171875,134.52999877929688,134.7100067138672,2360300,AXP,1.0486303234543026,133.68800354003906,132.39200134277343
2020-02-18,124.66000366210938,135.60000610351562,136.75,134.94000244140625,135.8699951171875,2428200,AXP,-0.19871128532756854,134.36000366210936,132.59600143432618
2020-02-19,125.88265991210938,136.92999267578125,137.4199981689453,136.1199951171875,136.3000030517578,1785000,AXP,0.980816012095409,135.22000122070312,132.9160011291504
2020-02-20,125.5608901977539,136.5800018310547,138.0399932861328,134.89999389648438,136.41000366210938,2541700,AXP,-0.2555983812511098,135.88800048828125,133.1705009460449
2020-02-21,124.01643371582031,134.89999389648438,136.27000427246094,133.88999938964844,136.1999969482422,3106100,AXP,-1.230054116303525,135.9759979248047,133.34700088500978
2020-02-24,117.84782409667969,128.19000244140625,130.9600067138672,127.2300033569336,129.42999267578125,6329300,AXP,-4.974048746234228,134.43999938964845,133.0010009765625
2020-02-25,111.14592742919922,120.9000015258789,127.98999786376953,119.91000366210938,127.70999908447266,7628100,AXP,-5.686871656671899,131.4999984741211,132.514001083374
2020-02-26,108.9395751953125,118.5,122.43000030517578,118.47000122070312,121.2699966430664,5268000,AXP,-1.985112899576913,127.81399993896484,131.8165012359619
2020-02-27,103.7086410522461,112.80999755859375,117.4800033569336,112.77999877929688,115.9000015258789,8279800,AXP,-4.801689823971522,123.05999908447265,130.87300148010254
2020-02-28,101.06098175048828,109.93000030517578,111.02999877929688,107.0,109.05000305175781,11362100,AXP,-2.5529627832161728,118.06600036621094,129.70850143432617
2020-03-02,104.68310546875,113.87000274658203,113.98999786376953,108.58999633789062,111.11000061035156,9851600,AXP,3.584101182996857,115.20200042724609,128.9085018157959
2020-03-03,99.29589080810547,108.01000213623047,116.4000015258789,107.0,115.0199966430664,9285000,AXP,-5.146219784847994,112.6240005493164,127.75900192260742
2020-03-04,106.36547088623047,115.69999694824219,115.79000091552734,109.25,110.25,7470900,AXP,7.119706193795383,112.06399993896484,126.95150146484374
2020-03-05,101.98950958251953,110.94000244140625,112.58999633789062,109.69999694824219,111.62000274658203,12060600,AXP,-4.11408351978203,111.69000091552735,125.81850128173828
2020-03-06,99.50733184814453,108.23999786376953,108.7699966430664,103.79000091552734,105.7300033569336,9897700,AXP,-2.433752044545645,111.3520004272461,124.56800117492676
2020-03-09,90.36009979248047,98.29000091552734,101.44000244140625,96.94000244140625,100.87000274658203,12266300,AXP,-9.1925324691573,108.23600006103516,122.8915008544922
2020-03-10,94.96590423583984,103.30000305175781,103.37000274658203,97.44999694824219,101.93000030517578,9793200,AXP,5.097163586900533,107.29400024414062,121.44450073242187
2020-03-11,87.68485260009766,95.37999725341797,100.95999908447266,93.87000274658203,100.30000305175781,8822900,AXP,-7.666994738007482,103.23000030517578,119.58200035095214
2020-03-12,76.79088592529297,83.52999877929688,89.61000061035156,81.80999755859375,87.66000366210938,12206600,AXP,-12.42398701547084,97.74799957275391,117.09650001525878
2020-03-13,91.56440734863281,99.5999984741211,100.08000183105469,84.30000305175781,90.37999725341797,12680400,AXP,19.2385968270925,96.01999969482422,115.35349960327149
2020-03-16,78.94212341308594,85.87000274658203,93.18000030517578,80.37000274658203,82.44000244140625,15072400,AXP,-13.785136483818828,93.53600006103515,112.8534999847412
2020-03-17,79.5948486328125,86.58000183105469,88.94000244140625,83.22000122070312,87.61000061035156,10512200,AXP,0.8268301639257958,90.19199981689454,110.40249977111816
2020-03-18,67.7999496459961,73.75,81.5199966430664,67.0,80.0199966430664,14359300,AXP,-14.81866662013952,85.86600036621094,107.24350013732911
2020-03-19,70.85210418701172,77.06999969482422,77.88999938964844,69.79000091552734,72.54000091552734,12330400,AXP,4.501694501456566,84.57400054931641,104.26800003051758
2020-03-20,68.14009857177734,74.12000274658203,82.44000244140625,72.55999755859375,78.9800033569336,12208600,AXP,-3.827685169227135,79.47800140380859,101.22900047302247
2020-03-23,63.3963737487793,68.95999908447266,75.41999816894531,68.12000274658203,72.81999969482422,8907600,AXP,-6.961688438884095,76.09600067138672,98.26750030517579
2020-03-24,77.26898193359375,84.05000305175781,84.7699966430664,71.69999694824219,73.51000213623047,10593900,AXP,21.88225662358352,75.59000091552734,96.42500038146973
2020-03-25,82.89519500732422,90.16999816894531,96.45999908447266,85.31999969482422,87.61000061035156,11046500,AXP,7.281374057082202,78.8740005493164,95.008500289917
2020-03-26,85.76349639892578,93.29000091552734,99.69000244140625,90.83999633789062,92.23999786376953,9459400,AXP,3.4601339801918263,82.11800079345703,94.03250045776367
2020-03-27,81.5713882446289,88.7300033569336,91.97000122070312,85.81999969482422,87.94000244140625,6999800,AXP,-4.887981041743972,85.04000091552734,92.97250061035156
2020-03-30,82.98713684082031,90.2699966430664,91.38999938964844,85.2699966430664,88.51000213623047,5565000,AXP,1.7355947569819064,89.3020004272461,91.79250030517578
2020-03-31,78.70309448242188,85.61000061035156,90.9000015258789,85.06999969482422,89.94000244140625,6075900,AXP,-5.162286702126262,89.61399993896484,90.67250022888183
2020-04-01,71.55997467041016,77.83999633789062,81.30999755859375,77.0,80.6500015258789,8313400,AXP,-9.076047444299896,87.1479995727539,88.77950019836426
2020-04-02,70.86665344238281,76.66000366210938,79.12000274658203,75.83000183105469,77.05999755859375,8338100,AXP,-1.5159207750461534,83.8220001220703,87.06550025939941
2020-04-03,68.03788757324219,73.5999984741211,76.66000366210938,72.61000061035156,76.0,10023100,AXP,-3.991658024797029,80.7959991455078,85.333500289917
2020-04-06,77.53176879882812,83.87000274658203,84.25,78.73999786376953,80.22000122070312,11253000,AXP,13.953810442091296,79.51600036621093,84.61250038146973
2020-04-07,80.96142578125,87.58000183105469,93.30000305175781,87.41999816894531,91.43000030517578,8693200,AXP,4.423511342526876,79.91000061035156,83.82650032043458
2020-04-08,85.12133026123047,92.08000183105469,93.0,88.12000274658203,89.20999908447266,6122800,AXP,5.1381592896979855,82.75800170898438,83.6615005493164
2020-04-09,87.65425872802734,94.81999969482422,97.8499984741211,93.45999908447266,94.58999633789062,6902500,AXP,2.9756709483963695,86.39000091552734,84.22600059509277
2020-04-13,83.50357818603516,90.33000183105469,93.41999816894531,87.94000244140625,93.29000091552734,5037700,AXP,-4.735285676250234,89.73600158691406,83.76250076293945
2020-04-14,81.71018981933594,88.38999938964844,92.5,85.91000366210938,91.45999908447266,8703200,AXP,-2.1476833854544353,90.64000091552734,83.88850059509278
2020-04-15,77.45780944824219,83.79000091552734,85.4000015258789,80.68000030517578,83.43000030517578,10415600,AXP,-5.204206930518218,89.88200073242187,83.7490005493164
2020-04-16,75.20220184326172,81.3499984741211,83.94000244140625,80.33000183105469,83.79000091552734,7526600,AXP,-2.91204489168837,87.73600006103516,84.12900047302246
2020-04-17,80.78573608398438,87.38999938964844,87.38999938964844,84.27999877929688,85.31999969482422,8269000,AXP,7.424709316311517,86.25,84.64500045776367
2020-04-20,77.66119384765625,84.01000213623047,85.2699966430664,82.69000244140625,84.58999633789062,6140400,AXP,-3.8677163028088324,84.98600006103516,85.13950042724609
2020-04-21,75.35936737060547,81.5199966430664,82.45999908447266,79.47000122070312,80.7300033569336,7360300,AXP,-2.9639393284698112,83.61199951171875,85.76750030517579
2020-04-22,76.30227661132812,82.54000091552734,83.66000366210938,81.97000122070312,83.5999984741211,5130300,AXP,1.2512319853581477,83.36199951171875,85.69200019836425
2020-04-23,76.22831726074219,82.45999908447266,84.77999877929688,81.70999908447266,83.23999786376953,5807200,AXP,-0.09692492145301213,83.58399963378906,85.30650024414062
2020-04-24,76.88469696044922,83.16999816894531,84.77999877929688,81.30999755859375,84.12999725341797,9125400,AXP,0.8610224258495558,82.73999938964843,84.80050010681153
2020-04-27,78.6318359375,85.05999755859375,85.1500015258789,82.33999633789062,83.47000122070312,7785000,AXP,2.272453326028967,82.94999847412109,84.61699981689453
2020-04-28,81.52528381347656,88.19000244140625,88.95999908447266,86.20999908447266,87.55999755859375,7165900,AXP,3.679761312779717,84.28399963378907,84.51300010681152
2020-04-29,88.85599517822266,96.12000274658203,96.38999938964844,90.88999938964844,91.75,9396500,AXP,8.991949297704704,87.0,85.03850021362305
2020-04-30,84.35404205322266,91.25,94.30999755859375,91.16999816894531,93.75,6553700,AXP,-5.066586150045871,88.75800018310547,85.70900039672851
2020-05-01,81.64547729492188,88.31999969482422,89.06999969482422,87.16000366210938,88.0999984741211,4620200,AXP,-3.210959238548805,89.78800048828126,86.29200019836426
2020-05-04,79.85209655761719,86.37999725341797,87.37000274658203,85.0199966430664,86.08999633789062,4875400,AXP,-2.19656074287774,90.0520004272461,86.93100013732911
2020-05-05,80.18489837646484,86.73999786376953,88.7300033569336,86.36000061035156,88.0,4410300,AXP,0.4167638594562595,89.76199951171876,87.07449989318847
2020-05-06,77.65194702148438,84.0,87.76000213623047,83.86000061035156,87.48999786376953,4723400,AXP,-3.158863190281447,87.33799896240234,86.89549980163574
2020-05-07,80.17564392089844,86.7300033569336,87.37000274658203,84.93000030517578,85.30000305175781,4627600,AXP,3.2500039963495153,86.43399963378906,86.62799987792968
2020-05-08,82.73631286621094,89.5,89.66000366210938,87.55000305175781,88.5,3913100,AXP,3.193815906666808,86.66999969482421,86.36199989318848
2020-05-11,78.88143920898438,85.33000183105469,87.6500015258789,85.30000305175781,87.5,5917600,AXP,-4.659215831223817,86.46000061035156,86.11199989318848
2020-05-12,76.85694122314453,83.13999938964844,87.26000213623047,83.0999984741211,86.0999984741211,5504900,AXP,-2.5665093102215653,85.74000091552735,85.84949989318848
2020-05-13,72.13310241699219,78.02999877929688,82.12999725341797,77.4000015258789,82.0,10681600,AXP,-6.146260100872447,84.54600067138672,85.56149978637696
2020-05-14,77.47628784179688,83.80999755859375,83.9000015258789,76.0,76.91999816894531,10625100,AXP,7.407405958886715,83.96199951171874,85.68449974060059
2020-05-15,76.00647735595703,82.22000122070312,83.38999938964844,81.22000122070312,82.47000122070312,6618600,AXP,-1.8971439973840987,82.50599975585938,85.42599983215332
2020-05-18,81.72867584228516,88.41000366210938,89.0,85.91999816894531,86.72000122070312,7781700,AXP,7.528584711146413,83.12200012207032,85.64599990844727
2020-05-19,80.66558074951172,87.26000213623047,89.83999633789062,86.61000061035156,88.41999816894531,4920600,AXP,-1.3007595048565412,83.94600067138671,85.93300018310546
2020-05-20,83.87335205078125,90.7300033569336,91.33999633789062,88.7699966430664,89.18000030517578,5218500,AXP,3.9766228922224256,86.48600158691406,86.34250030517578
2020-05-21,83.04137420654297,89.83000183105469,91.43000030517578,89.12000274658203,90.11000061035156,6241900,AXP,-0.9919557947532298,87.69000244140625,86.71100044250488
2020-05-22,82.57913208007812,89.33000183105469,89.94999694824219,88.20999908447266,89.70999908447266,3734500,AXP,-0.556606912844515,89.11200256347657,87.01900062561035
2020-05-26,87.19205474853516,94.31999969482422,95.56999969482422,92.88999938964844,93.94000244140625,6559400,AXP,5.586026823560197,90.29400177001953,87.48200073242188
2020-05-27,93.57984161376953,101.2300033569336,101.69000244140625,96.80000305175781,100.0,11007700,AXP,7.326127740104904,93.08800201416015,88.13400077819824
2020-05-28,90.6494140625,98.05999755859375,102.45999908447266,98.01000213623047,101.54000091552734,9268200,AXP,-3.1314883860692033,94.55400085449219,88.23100051879882
2020-05-29,87.88536834716797,95.06999969482422,97.11000061035156,94.66000366210938,95.5,7710900,AXP,-3.0491514768628436,95.6020004272461,88.42200050354003
2020-06-01,89.43840789794922,96.75,98.06999969482422,94.55999755859375,95.55999755859375,4269500,AXP,1.7671192916467904,97.08600006103515,88.84350051879883
2020-06-02,91.58306121826172,99.06999969482422,100.48999786376953,98.16999816894531,98.5999984741211,5433800,AXP,2.3979325011103114,98.03600006103515,89.47800064086914
2020-06-03,97.43470001220703,105.4000015258789,105.87000274658203,101.62999725341797,102.77999877929688,7301000,AXP,6.389423489001378,98.86999969482422,90.4110008239746
2020-06-04,98.4885482788086,106.54000091552734,107.43000030517578,103.2300033569336,103.47000122070312,5841600,AXP,1.081593333154296,100.56600036621094,91.53800086975097
2020-06-05,101.43748474121094,109.7300033569336,115.93000030517578,108.06999969482422,114.11000061035156,10097600,AXP,2.994182855259697,103.49800109863281,92.68800086975098
2020-06-08,105.0797348022461,113.66999816894531,113.70999908447266,110.63999938964844,111.91000366210938,6795200,AXP,3.5906267123637647,106.88200073242187,93.89650077819825
2020-06-09,102.11231994628906,110.45999908447266,111.80000305175781,108.66999816894531,110.08000183105469,5517400,AXP,-2.8239633466886294,109.16000061035156,95.15300064086914
2020-06-10,98.13728332519531,106.16000366210938,110.33000183105469,105.95999908447266,110.0,5747400,AXP,-3.8928077657097604,109.31200103759765,96.30400085449219
2020-06-11,91.14857482910156,98.5999984741211,102.98999786376953,98.12999725341797,100.87000274658203,8601200,AXP,-7.121330941218307,107.7240005493164,97.3325008392334
2020-06-12,93.99581146240234,101.68000030517578,103.5,98.08000183105469,103.20999908447266,7251100,AXP,3.123734156915914,106.11399993896484,98.2260009765625
2020-06-15,96.09427642822266,103.94999694824219,104.73999786376953,97.62000274658203,100.0,6472400,AXP,2.2324907909651692,104.16999969482421,99.31250076293945
2020-06-16,97.63807678222656,105.62000274658203,109.05999755859375,102.86000061035156,109.0199966430664,6706000,AXP,1.6065472317150276,103.20200042724609,100.17300071716309
2020-06-17,96.10353088378906,103.95999908447266,106.12000274658203,103.83000183105469,105.66999816894531,4408200,AXP,-1.571675458191646,102.76199951171876,101.0080005645752
2020-06-18,94.43955993652344,102.16000366210938,103.48999786376953,101.2699966430664,102.13999938964844,3645700,AXP,-1.7314307793526384,103.4740005493164,101.57950057983399
2020-06-19,93.311767578125,100.94000244140625,104.2300033569336,99.31999969482422,104.2300033569336,7589500,AXP,-1.1942063204482989,103.3260009765625,102.13500061035157
2020-06-22,91.92510223388672,99.44000244140625,100.5,97.94999694824219,98.0,4799900,AXP,-1.4860312697839717,102.42400207519532,102.64050064086913
2020-06-23,91.90662384033203,99.41999816894531,101.6500015258789,99.25,100.94000244140625,4364800,AXP,-0.020116926759650156,101.18400115966797,102.8955005645752
2020-06-24,88.26439666748047,95.4800033569336,98.2699966430664,95.0,97.6500015258789,5958300,AXP,-3.9629801695594935,99.48800201416016,102.60800056457519
2020-06-25,90.45527648925781,97.8499984741211,98.12000274658203,93.76000213623047,94.61000061035156,5195400,AXP,2.4821900228969795,98.6260009765625,102.59750061035156
2020-06-26,86.36003875732422,93.41999816894531,96.30000305175781,92.44999694824219,95.93000030517578,10489400,AXP,-4.527338144361249,97.12200012207032,102.51500053405762
2020-06-29,87.3769302368164,94.5199966430664,95.41000366210938,93.33999633789062,94.44000244140625,4962400,AXP,1.177476445816028,96.13799896240235,102.40350036621093
2020-06-30,88.00553894042969,95.19999694824219,95.5999984741211,93.56999969482422,94.16000366210938,4367100,AXP,0.7194248088514543,95.29399871826172,102.21000022888184
2020-07-01,87.33692932128906,94.05000305175781,96.95999908447266,93.63999938964844,95.25,3301000,AXP,-1.2079768207446495,95.00799865722657,101.64250030517579
2020-07-02,87.59696197509766,94.33000183105469,97.29000091552734,93.8499984741211,96.7699966430664,4239700,AXP,0.29771267433429394,94.30399932861329,101.03200035095215
2020-07-06,89.68634796142578,96.58000183105469,97.9000015258789,95.83999633789062,96.51000213623047,4059600,AXP,2.385243248515745,94.93600006103516,100.3745002746582
2020-07-07,86.37116241455078,93.01000213623047,95.5199966430664,92.62999725341797,95.44000244140625,5564200,AXP,-3.6964170916761185,94.63400115966797,99.34150047302246
2020-07-08,86.26903533935547,92.9000015258789,93.0999984741211,90.70999908447266,91.97000122070312,6382100,AXP,-0.11826750653165519,94.17400207519532,98.46350059509277
2020-07-09,84.10530853271484,90.56999969482422,93.20999908447266,89.58000183105469,92.51000213623047,4484500,AXP,-2.5080751267863244,93.47800140380859,97.68400039672852
2020-07-10,86.57545471191406,93.2300033569336,93.30999755859375,89.81999969482422,90.31999969482422,4400900,AXP,2.9369588948573,93.25800170898438,97.41550064086914
2020-07-13,86.88191223144531,93.55999755859375,95.76000213623047,92.77999877929688,94.23999786376953,4819700,AXP,0.3539570843913431,92.65400085449218,97.00950050354004
2020-07-14,88.07054901123047,94.83999633789062,95.22000122070312,92.29000091552734,93.19000244140625,4044400,AXP,1.3681047591896922,93.01999969482422,96.55400047302246
2020-07-15,90.41069030761719,97.36000061035156,97.77999877929688,96.38999938964844,96.66000366210938,5405600,AXP,2.6571113135462454,93.91199951171875,96.14100036621093
2020-07-16,89.44490051269531,96.31999969482422,97.79000091552734,95.66999816894531,96.5,2666000,AXP,-1.0682014266716888,95.06199951171875,95.75900039672851
2020-07-17,88.38627624511719,95.18000030517578,96.52999877929688,95.01000213623047,96.3499984741211,2861600,AXP,-1.1835541873550182,95.45199890136719,95.41000022888184
2020-07-20,87.29051208496094,94.0,95.36000061035156,93.58000183105469,94.80000305175781,3560100,AXP,-1.2397565679684197,95.53999938964844,95.06300010681153
2020-07-21,89.45417785644531,96.33000183105469,97.45999908447266,94.7300033569336,95.25,4227100,AXP,2.478725352185829,95.83800048828125,94.90750007629394
2020-07-22,89.6491928100586,96.54000091552734,97.41000366210938,95.37999725341797,95.80999755859375,4360300,AXP,0.21799966830786666,95.6740005493164,94.76350021362305
2020-07-23,89.76992797851562,96.66999816894531,97.77999877929688,95.51000213623047,95.51000213623047,4239800,AXP,0.1346563623214836,95.74400024414062,94.82299995422363
2020-07-24,88.52556610107422,95.33000183105469,97.1500015258789,93.30000305175781,95.30000305175781,4790300,AXP,-1.3861553359593382,95.77400054931641,94.6970001220703
2020-07-27,88.95275115966797,95.79000091552734,95.9800033569336,93.63999938964844,94.63999938964844,3501800,AXP,0.48253338470283236,96.13200073242187,94.81550025939941
2020-07-28,87.68052673339844,94.41999816894531,96.29000091552734,94.18000030517578,95.76000213623047,3567400,AXP,-1.4302147755381855,95.75,94.81050033569336
2020-07-29,89.78851318359375,96.69000244140625,96.75,94.44000244140625,94.70999908447266,2791700,AXP,2.4041562343596112,95.78000030517578,94.88500061035157
2020-07-30,87.89409637451172,94.6500015258789,94.77999877929688,92.5,94.68000030517578,3856300,AXP,-2.1098364505302114,95.3760009765625,94.91500053405761
2020-07-31,86.65904998779297,93.31999969482422,94.44999694824219,92.2300033569336,94.30999755859375,4088200,AXP,-1.4051788796760278,94.9740005493164,94.8645004272461
2020-08-03,86.86334228515625,93.54000091552734,94.4000015258789,92.44000244140625,93.30999755859375,2869000,AXP,0.23574927284888414,94.52400054931641,94.71250038146972
2020-08-04,86.53832244873047,93.19000244140625,93.80000305175781,92.48999786376953,93.48999786376953,2415100,AXP,-0.37416984252240937,94.27800140380859,94.72150039672852
2020-08-05,88.58129119873047,95.38999938964844,95.58000183105469,93.80999755859375,93.81999969482422,2844900,AXP,2.360764986164088,94.01800079345703,94.84600028991699
2020-08-06,89.0734634399414,95.91999816894531,96.2699966430664,94.4800033569336,95.18000030517578,2698800,AXP,0.5556125198532991,94.27200012207031,95.11350021362304
2020-08-07,92.08219909667969,99.16000366210938,99.30000305175781,94.94999694824219,95.29000091552734,4690700,AXP,3.377820637003559,95.44000091552735,95.41000022888184
2020-08-10,94.3666000366211,101.62000274658203,102.6500015258789,99.26000213623047,99.48999786376953,5254800,AXP,2.480838033099686,97.05600128173828,95.81300048828125
2020-08-11,95.88954162597656,103.26000213623047,105.69999694824219,102.95999908447266,103.98999786376953,4744000,AXP,1.6138548960072718,99.07000122070312,96.23400077819824
2020-08-12,94.42229461669922,101.68000030517578,104.80000305175781,100.68000030517578,104.76000213623047,3407800,AXP,-1.5301198899552615,100.3280014038086,96.45000076293945
2020-08-13,93.25225067138672,100.41999816894531,101.83000183105469,99.5,100.52999877929688,3265400,AXP,-1.2391838438717384,101.22800140380859,96.65500068664551
2020-08-14,93.24298095703125,100.41000366210938,101.29000091552734,99.2699966430664,99.66000366210938,1956500,AXP,-0.009952705654425742,101.47800140380859,96.91650085449218
2020-08-17,90.58709716796875,97.55000305175781,100.0,97.44000244140625,99.91999816894531,7488500,AXP,-2.8483223842673877,100.66400146484375,97.09400100708008
2020-08-18,89.76992797851562,96.66999816894531,98.83000183105469,96.47000122070312,98.19000244140625,3337300,AXP,-0.9021064636416165,99.34600067138672,97.1110008239746
2020-08-19,89.9742202758789,96.88999938964844,97.91000366210938,95.88999938964844,96.81999969482422,3079600,AXP,0.2275796264303631,98.38800048828125,97.12850074768066
2020-08-20,89.81633758544922,96.72000122070312,97.58000183105469,95.68000030517578,95.73999786376953,3102500,AXP,-0.17545481475508273,97.64800109863282,97.13100090026856
2020-08-21,89.28705596923828,96.1500015258789,97.6500015258789,95.95999908447266,96.48999786376953,2845100,AXP,-0.5893297018509602,96.79600067138672,97.17200088500977
2020-08-24,92.24007415771484,99.33000183105469,99.37000274658203,96.38999938964844,96.68000030517578,4141100,AXP,3.3073325582006152,97.1520004272461,97.34900093078613
2020-08-25,91.98004150390625,99.05000305175781,100.79000091552734,98.02999877929688,100.62000274658203,2946600,AXP,-0.28188741984834786,97.6280014038086,97.58050117492675
2020-08-26,91.3764419555664,98.4000015258789,99.13999938964844,97.80999755859375,98.55999755859375,2936500,AXP,-0.6562357454337975,97.93000183105468,97.66600112915039
2020-08-27,94.28301239013672,101.52999877929688,102.13999938964844,98.52999877929688,98.76000213623047,3992100,AXP,3.180891468375413,98.89200134277344,98.01000099182129
2020-08-28,95.2209243774414,102.54000091552734,102.9000015258789,100.73999786376953,102.1500015258789,4382900,AXP,0.9947819840183225,100.17000122070313,98.47100105285645
2020-08-31,94.33875274658203,101.58999633789062,102.9000015258789,101.36000061035156,102.9000015258789,4665800,AXP,-0.9264721758870831,100.62200012207032,98.87350082397461
2020-09-01,95.15592956542969,102.47000122070312,102.77999877929688,100.16000366210938,100.54000091552734,3142500,AXP,0.866231828462305,101.30599975585938,99.33750076293946
2020-09-02,96.94818115234375,104.4000015258789,104.87000274658203,102.29000091552734,102.58000183105469,3536900,AXP,1.8834783665307997,102.50599975585938,99.78800086975097
2020-09-03,97.00387573242188,104.45999908447266,109.02999877929688,103.8499984741211,104.97000122070312,6747900,AXP,0.05746892501612422,103.09199981689453,100.21500091552734
2020-09-04,98.12752532958984,105.66999816894531,108.27999877929688,104.4800033569336,106.3499984741211,5235100,AXP,1.1583372535683978,103.71799926757812,100.54050064086914
2020-09-08,96.27027130126953,103.66999816894531,105.08000183105469,103.30000305175781,104.41999816894531,4517000,AXP,-1.8926848061475265,104.13399963378906,100.6430004119873
2020-09-09,96.37242126464844,103.77999877929688,104.70999908447266,102.69000244140625,104.56999969482422,2474700,AXP,0.10610650361186913,104.39599914550782,100.66900024414062
2020-09-10,95.43450927734375,102.7699966430664,105.11000061035156,102.30999755859375,104.19000244140625,3288900,AXP,-0.9732146349109017,104.06999816894532,100.72350006103515
2020-09-11,95.98240661621094,103.36000061035156,103.8499984741211,102.01000213623047,102.91000366210938,2604400,AXP,0.5741013783763238,103.8499984741211,100.87050018310546
2020-09-14,99.61328887939453,107.2699966430664,107.69000244140625,104.22000122070312,104.6500015258789,3620100,AXP,3.7828908761860625,104.16999816894531,101.21349983215332
2020-09-15,99.06542205810547,106.68000030517578,108.12000274658203,106.23999786376953,107.83999633789062,3371500,AXP,-0.5500105867009553,104.77199859619141,101.66999969482421
2020-09-16,98.41539764404297,105.9800033569336,107.48999786376953,104.69000244140625,106.7300033569336,5798900,AXP,-0.6561651164601945,105.21199951171874,102.13549995422363
2020-09-17,97.18961334228516,104.66000366210938,105.3499984741211,103.31999969482422,104.2699966430664,3215300,AXP,-1.2455176948603652,105.59000091552734,102.52400016784668
2020-09-18,96.05667877197266,103.44000244140625,106.12000274658203,103.30999755859375,104.45999908447266,6630300,AXP,-1.1656804681966615,105.60600128173829,102.86000022888183
2020-09-21,91.1628646850586,98.16999816894531,100.62999725341797,96.22000122070312,100.5999984741211,8339900,AXP,-5.094744922735417,103.78600158691407,102.96100006103515
2020-09-22,91.45072174072266,98.4800033569336,99.77999877929688,96.41000366210938,98.01000213623047,4884400,AXP,0.3157840417342017,102.14600219726563,102.9185001373291
2020-09-23,88.73915100097656,95.55999755859375,97.0999984741211,95.08999633789062,95.76000213623047,9427200,AXP,-2.9650748363162616,100.06200103759765,102.7439998626709
2020-09-24,88.63700866699219,95.44999694824219,96.9000015258789,93.70999908447266,95.33999633789062,4249000,AXP,-0.11511156672446843,98.21999969482422,102.59649963378907
2020-09-25,89.3891830444336,96.26000213623047,96.8499984741211,94.45999908447266,94.68000030517578,2775600,AXP,0.8486173010854081,96.78399963378907,102.33299980163574
2020-09-28,91.76644134521484,98.81999969482422,99.7300033569336,98.62999725341797,99.0,3930900,AXP,2.6594613565152025,96.91399993896485,102.14699974060059
2020-09-29,90.77283477783203,97.75,99.3499984741211,97.2300033569336,98.73999786376953,3200400,AXP,-1.0827764603608458,96.76799926757812,101.95499992370605
2020-09-30,93.0943832397461,100.25,101.5199966430664,98.2300033569336,98.2300033569336,5060900,AXP,2.5575447570332477,97.70599975585938,101.8439998626709
2020-10-01,94.09730529785156,101.33000183105469,101.4800033569336,99.37000274658203,100.33000183105469,4179300,AXP,1.0773085596555543,98.88200073242187,101.69049987792968
2020-10-02,94.35731506347656,101.61000061035156,103.13999938964844,98.62999725341797,99.77999877929688,3783300,AXP,0.2763236694337756,99.95200042724609,101.54799995422363
2020-10-05,96.47457122802734,103.88999938964844,104.08000183105469,102.2699966430664,103.33000183105469,2863200,AXP,2.2438724196450766,100.96600036621093,101.4590000152588
2020-10-06,94.49659729003906,101.76000213623047,105.29000091552734,101.31999969482422,105.01000213623047,3309200,AXP,-2.0502428202249123,101.76800079345703,101.36350021362304
2020-10-07,96.00096130371094,103.37999725341797,104.1500015258789,102.38999938964844,102.80999755859375,3048400,AXP,1.5919763002940401,102.39400024414063,101.3435001373291
2020-10-08,98.90104675292969,106.05999755859375,106.13999938964844,104.05999755859375,104.33000183105469,2922600,AXP,2.5923779999783125,103.33999938964844,101.50800018310547
2020-10-09,99.16214752197266,106.33999633789062,107.20999908447266,105.23999786376953,105.98999786376953,3511300,AXP,0.2640003637018662,104.28599853515625,101.65699996948243
2020-10-12,99.4139175415039,106.61000061035156,107.01000213623047,106.0,106.45999908447266,2626700,AXP,0.2539066031213899,104.82999877929687,101.62400016784667
2020-10-13,97.92192077636719,105.01000213623047,106.58999633789062,104.76000213623047,105.88999938964844,2602600,AXP,-1.5007958587008319,105.47999877929688,101.54050025939941
2020-10-14,97.73544311523438,104.80999755859375,106.2699966430664,104.76000213623047,105.37999725341797,2826300,AXP,-0.19046240697838668,105.76599884033203,101.48199996948242
2020-10-15,97.3810806274414,104.43000030517578,104.88999938964844,103.0199966430664,103.44000244140625,2699300,AXP,-0.36255821225978924,105.43999938964843,101.47049980163574
2020-10-16,97.82867431640625,104.91000366210938,105.68000030517578,104.19999694824219,104.6500015258789,2394300,AXP,0.45964124823409946,105.15400085449218,101.5439998626709
2020-10-19,95.5533676147461,102.47000122070312,105.22000122070312,102.25,105.12999725341797,3196500,AXP,-2.3258053152537594,104.3260009765625,101.75900001525879
2020-10-20,96.17813873291016,103.13999938964844,104.61000061035156,102.83000183105469,102.94000244140625,2954700,AXP,0.6538481125829776,103.95200042724609,101.99199981689453
2020-10-21,94.58357238769531,101.43000030517578,103.38999938964844,101.36000061035156,103.16999816894531,2588400,AXP,-1.657939785332474,103.2760009765625,102.28549995422364
2020-10-22,97.71678924560547,104.79000091552734,104.86000061035156,101.56999969482422,101.69999694824219,3748800,AXP,3.3126299913656787,103.3480010986328,102.75250015258788
2020-10-23,94.16395568847656,100.9800033569336,103.63999938964844,100.0,100.62999725341797,8921200,AXP,-3.63584075322706,102.56200103759765,102.98850021362304
2020-10-26,90.3406753540039,96.87999725341797,100.0999984741211,95.77999877929688,99.7699966430664,5731500,AXP,-4.0602158518685645,101.44400024414062,102.89150009155273
2020-10-27,88.5223388671875,94.93000030517578,97.69999694824219,94.9000015258789,97.62000274658203,3780300,AXP,-2.012796246413384,99.8020004272461,102.75050010681153
2020-10-28,85.4170913696289,91.5999984741211,93.56999969482422,91.0,91.95999908447266,7037800,AXP,-3.507849805487806,97.83600006103515,102.31800003051758
2020-10-29,84.92286682128906,91.06999969482422,92.2300033569336,90.12999725341797,91.41000366210938,5419500,AXP,-0.5786012970803833,95.09199981689453,101.80499992370605
2020-10-30,85.08138275146484,91.23999786376953,91.31999969482422,89.11000061035156,90.80000305175781,4736300,AXP,0.18666758484131574,93.14399871826171,101.28649978637695
2020-11-02,87.09558868408203,93.4000015258789,94.12999725341797,92.2699966430664,92.95999908447266,3572900,AXP,2.367386796012938,92.4479995727539,100.76199989318847
2020-11-03,89.79051971435547,96.29000091552734,96.8499984741211,94.4000015258789,94.75,4004300,AXP,3.0942177113858937,92.71999969482422,100.48849983215332
2020-11-04,89.89310455322266,96.4000015258789,97.81999969482422,92.86000061035156,94.0,4545500,AXP,0.11423887143595657,93.68000030517578,100.13950004577637
2020-11-05,91.4876708984375,98.11000061035156,98.31999969482422,96.83999633789062,97.20999908447266,4197300,AXP,1.7738579433669521,95.08800048828125,99.74200019836425
2020-11-06,90.16352844238281,96.69000244140625,98.63999938964844,96.2699966430664,98.5199966430664,3126300,AXP,-1.447353134350593,96.1780014038086,99.25950050354004
2020-11-09,109.4476318359375,117.37000274658203,119.80999755859375,110.19000244140625,110.54000091552734,17261700,AXP,21.387940617446755,100.97200164794921,99.79750061035156
2020-11-10,108.12348937988281,115.94999694824219,119.88999938964844,115.12000274658203,118.58999633789062,7056800,AXP,-1.209854106765107,104.90400085449218,100.34450035095215
2020-11-11,103.61949920654297,111.12000274658203,116.0,110.30000305175781,115.93000030517578,5642700,AXP,-4.165583724694855,107.8480010986328,100.66000061035156
2020-11-12,103.60086822509766,111.0999984741211,112.12000274658203,109.55000305175781,109.81999969482422,4941200,AXP,-0.01800240457747737,110.44600067138671,100.99350051879883
2020-11-13,107.22828674316406,114.98999786376953,115.63999938964844,112.20999908447266,112.33999633789062,4811500,AXP,3.501349633730677,114.10599975585937,101.49750022888183
2020-11-16,110.65988159179688,118.66999816894531,120.38999938964844,116.75,119.0999984741211,5339100,AXP,3.200278609914875,114.36599884033203,102.30750007629395
2020-11-17,108.61772918701172,116.4800033569336,117.79000091552734,114.13999938964844,116.97000122070312,4023200,AXP,-1.845449436085711,114.47200012207031,102.9745002746582
2020-11-18,106.52892303466797,114.23999786376953,118.76000213623047,114.19000244140625,116.94000244140625,3264300,AXP,-1.9230815836259407,115.09599914550782,103.6150001525879
2020-11-19,106.4356689453125,114.13999938964844,114.80000305175781,112.52999877929688,113.77999877929688,3249800,AXP,-0.08753367996412464,115.70399932861328,104.08250007629394
2020-11-20,104.98097229003906,112.58000183105469,114.54000091552734,111.9000015258789,113.73999786376953,3702300,AXP,-1.3667404651617976,115.22200012207031,104.6625
2020-11-23,108.25403594970703,116.08999633789062,116.77999877929688,113.72000122070312,114.23999786376953,3022900,AXP,3.117777979878955,114.70599975585938,105.62299995422363
2020-11-24,112.2637939453125,120.38999938964844,120.83999633789062,117.88999938964844,119.0,6163400,AXP,3.7040254866080424,115.48799896240234,106.89599990844727
2020-11-25,112.44097137451172,120.58000183105469,120.9800033569336,118.25,119.5,4646600,AXP,0.15782244569275683,116.75599975585938,108.34500007629394
2020-11-27,112.4502944946289,120.58999633789062,121.69000244140625,119.79000091552734,120.52999877929688,2447700,AXP,0.008288693551317117,118.0459991455078,109.82099990844726
2020-11-30,110.58528137207031,118.58999633789062,121.4800033569336,118.0,120.02999877929688,3517700,AXP,-1.6585123648200861,119.247998046875,111.18849983215333
2020-12-01,111.83483123779297,119.93000030517578,122.56999969482422,119.8499984741211,120.31999969482422,3583400,AXP,1.1299468830972659,120.01599884033203,112.51499977111817
2020-12-02,114.07284545898438,122.33000183105469,122.8499984741211,118.9000015258789,119.27999877929688,3271900,AXP,2.0011686148351693,120.40399932861328,113.81699981689454
2020-12-03,114.80950164794922,123.12000274658203,123.94999694824219,122.12000274658203,122.8499984741211,4285100,AXP,0.6457949020702181,120.91199951171875,115.15299987792969
2020-12-04,116.59991455078125,125.04000091552734,125.31999969482422,123.8499984741211,124.3499984741211,5048600,AXP,1.55945266903319,121.8020004272461,116.49949989318847
2020-12-07,115.57416534423828,123.94000244140625,124.87000274658203,122.62999725341797,124.51000213623047,4253700,AXP,-0.8797172633293715,122.87200164794922,117.86199989318848
2020-12-08,115.1825180053711,123.5199966430664,124.55000305175781,122.0199966430664,122.47000122070312,3623000,AXP,-0.3388783202085244,123.59000091552734,118.1694995880127
2020-12-09,113.47604370117188,121.69000244140625,123.95999908447266,121.01000213623047,123.27999877929688,3622800,AXP,-1.4815367967894733,123.46200103759766,118.4564998626709
2020-12-10,113.61590576171875,121.83999633789062,122.12999725341797,119.69999694824219,120.72000122070312,2818800,AXP,0.12325901345642265,123.20599975585938,118.99249954223633
2020-12-11,112.11459350585938,120.2300033569336,120.5,118.83999633789062,120.11000061035156,2942800,AXP,-1.3213994003185459,122.24400024414062,119.44899978637696
2020-12-14,109.43832397460938,117.36000061035156,121.79000091552734,116.6500015258789,121.7300033569336,5336300,AXP,-2.387093625924386,120.9279998779297,119.56749992370605
2020-12-15,111.06085968017578,119.0999984741211,119.30999755859375,115.55999755859375,118.79000091552734,4528900,AXP,1.4826157589641786,120.04400024414062,119.58899993896485
2020-12-16,110.96759796142578,119.0,119.58999633789062,118.27999877929688,118.93000030517578,2943700,AXP,-0.08396177615638267,119.50599975585938,119.71499977111816
2020-12-17,110.948974609375,118.9800033569336,119.66999816894531,118.45999908447266,119.41000366210938,3746700,AXP,-0.016803901736472948,118.93400115966797,119.95200004577637
2020-12-18,109.57818603515625,117.51000213623047,119.36000061035156,116.6500015258789,118.58999633789062,8394100,AXP,-1.2355027561170906,118.39000091552734,120.12050018310546
2020-12-21,108.55243682861328,116.41000366210938,118.0,113.72000122070312,115.7699966430664,4528300,AXP,-0.936089229958359,118.2000015258789,120.3120002746582
2020-12-22,106.8179702758789,114.55000305175781,116.26000213623047,114.37999725341797,116.19000244140625,3632300,AXP,-1.5978013502605748,117.29000244140624,120.23500061035156
2020-12-23,109.0560073852539,116.94999694824219,118.19000244140625,115.77999877929688,115.77999877929688,2725200,AXP,2.095149570096444,116.88000183105468,120.06300048828125
2020-12-24,109.42897033691406,117.3499984741211,117.44000244140625,115.81999969482422,116.93000030517578,707000,AXP,0.34202782070693605,116.55400085449219,119.90150032043456
2020-12-28,110.37081909179688,118.36000061035156,119.3499984741211,117.5999984741211,118.05000305175781,1878700,AXP,0.8606750314131384,116.7240005493164,119.79000053405761
2020-12-29,110.16565704345703,118.13999938964844,119.3499984741211,118.0,119.23999786376953,1860400,AXP,-0.18587463633713552,117.06999969482422,119.7675006866455
2020-12-30,111.36857604980469,119.43000030517578,119.94999694824219,118.1500015258789,118.25,1954200,AXP,1.0919256155340618,118.0459991455078,119.74250068664551
2020-12-31,112.7486801147461,120.91000366210938,121.05999755859375,119.16000366210938,119.70999908447266,1747800,AXP,1.2392224341888802,118.83800048828125,119.67150077819824
2021-01-04,110.0724105834961,118.04000091552734,121.80000305175781,116.8499984741211,121.30000305175781,3472100,AXP,-2.373668563109499,118.9760009765625,119.41750068664551
2021-01-05,110.65988159179688,118.66999816894531,119.27999877929688,117.0999984741211,118.26000213623047,2112700,AXP,0.5337150529749701,119.03800048828126,119.0990005493164
2021-01-06,114.7535629272461,123.05999755859375,124.7300033569336,120.80999755859375,121.0,5861500,AXP,3.699333831115914,120.02200012207031,119.05500030517578
2021-01-07,113.84587860107422,121.66000366210938,125.69000244140625,117.3499984741211,124.0999984741211,8696600,AXP,-1.1376514905404478,120.46800079345704,118.96200065612793
2021-01-08,113.95816040039062,121.77999877929688,122.19999694824219,119.5199966430664,122.06999969482422,2934500,AXP,0.09863152521412122,120.64199981689453,118.96650047302246
2021-01-11,113.28443908691406,121.05999755859375,121.41000366210938,119.38999938964844,120.41999816894531,3311000,AXP,-0.5912310953525179,121.24599914550781,118.92750053405761
2021-01-12,113.8084487915039,121.62000274658203,122.31999969482422,120.72000122070312,122.0,2671300,AXP,0.46258483337342504,121.83600006103515,118.99700050354004
2021-01-13,114.5383529663086,122.4000015258789,123.88999938964844,121.16000366210938,121.5999984741211,3678300,AXP,0.641340866372242,121.7040008544922,119.2490005493164
2021-01-14,115.8297119140625,123.77999877929688,124.5,122.08999633789062,122.6500015258789,3404700,AXP,1.1274487223974505,122.12799987792968,119.48300056457519
2021-01-15,114.30439758300781,122.1500015258789,122.86000061035156,121.70999908447266,122.4800033569336,3948200,AXP,-1.3168502742711308,122.20200042724609,119.64050064086913
2021-01-19,118.60893249511719,126.75,128.05999755859375,124.23999786376953,125.48999786376953,5818500,AXP,3.7658603492907394,123.34000091552734,120.02900047302246
2021-01-20,120.65827941894531,128.94000244140625,129.5399932861328,127.06999969482422,127.19000244140625,4090200,AXP,1.7278125770463504,124.80400085449219,120.60050048828126
2021-01-21,119.24527740478516,127.43000030517578,128.88999938964844,126.0999984741211,128.2899932861328,3654900,AXP,-1.1710889620284104,125.81000061035157,121.15150032043456
2021-01-22,118.03811645507812,126.13999938964844,127.05999755859375,124.87999725341797,125.73999786376953,2954800,AXP,-1.012321205711364,126.28200073242188,121.7310001373291
2021-01-25,113.36863708496094,121.1500015258789,125.0,120.31999969482422,124.23999786376953,6156700,AXP,-3.95592031704024,126.08200073242188,121.94100036621094
2021-01-26,108.68977355957031,116.1500015258789,120.29000091552734,115.72000122070312,118.75,8932500,AXP,-4.127115094531753,123.96200103759766,121.88100051879883
2021-01-27,106.76207733154297,114.08999633789062,116.80000305175781,112.0999984741211,114.86000061035156,5816900,AXP,-1.7735731045421477,120.99199981689453,121.66750030517578
2021-01-28,111.32865905761719,118.97000122070312,120.37999725341797,116.5999984741211,117.43000030517578,5788500,AXP,4.277329336009261,119.3,121.70900039672851
2021-01-29,108.79270935058594,116.26000213623047,118.38999938964844,115.80999755859375,117.73999786376953,5059300,AXP,-2.277884388220941,117.32400054931641,121.55050048828124
2021-02-01,109.51323699951172,117.02999877929688,119.29000091552734,117.0,117.69999694824219,3359800,AXP,0.6623057190074277,116.5,121.35650024414062
2021-02-02,112.94752502441406,120.69999694824219,122.41999816894531,118.27999877929688,118.29000091552734,4036700,AXP,3.135946515616439,117.40999908447266,121.48950004577637
2021-02-03,112.70423889160156,120.44000244140625,120.9800033569336,119.55999755859375,120.08000183105469,2782500,AXP,-0.21540556206263162,118.68000030517578,121.57800025939942
2021-02-04,116.87777709960938,124.9000015258789,125.41000366210938,120.80000305175781,120.98999786376953,3915900,AXP,3.7030878396423494,119.86600036621094,121.67000045776368
2021-02-05,118.16913604736328,126.27999877929688,127.33999633789062,125.62999725341797,126.62000274658203,3184200,AXP,1.1048816946027218,121.86999969482422,121.90100021362305
2021-02-08,119.76927947998047,127.98999786376953,128.39999389648438,126.75,126.87000274658203,3360900,AXP,1.3541329592988705,124.06199951171875,122.21150016784668
2021-02-09,118.54342651367188,126.68000030517578,127.66000366210938,126.19999694824219,127.6500015258789,2175000,AXP,-1.0235155718871791,125.25800018310547,122.49250030517578
2021-02-10,119.99386596679688,128.22999572753906,128.6999969482422,126.83999633789062,127.62999725341797,2929100,AXP,1.2235517987285283,126.81599884033203,122.82299995422363
2021-02-11,120.06874084472656,128.30999755859375,129.1199951171875,126.9800033569336,127.44999694824219,3733000,AXP,0.06238932677240516,127.497998046875,123.11849975585938
2021-02-12,121.29460906982422,129.6199951171875,130.4600067138672,128.0,128.19000244140625,2873300,AXP,1.0209629674379217,128.16599731445314,123.4104995727539
2021-02-16,122.28650665283203,130.67999267578125,130.91000366210938,128.25,128.91000366210938,2730600,AXP,0.8177731820121048,128.70399627685546,123.83699913024903
2021-02-17,120.30269622802734,128.55999755859375,131.16000366210938,128.44000244140625,130.0800018310547,3088800,AXP,-1.6222797949241086,129.07999572753906,123.92749900817871
2021-02-18,120.23719024658203,128.49000549316406,128.8300018310547,126.08000183105469,127.48999786376953,2269700,AXP,-0.054443113533653165,129.13199768066406,123.90499916076661
2021-02-19,123.25035095214844,131.7100067138672,133.36000061035156,129.49000549316406,129.49000549316406,3419500,AXP,2.5060324406900536,129.81199951171874,124.11899948120117
2021-02-22,127.21806335449219,135.9499969482422,136.47000122070312,131.3699951171875,131.50999450683594,3923100,AXP,3.21918610450469,131.0779998779297,124.60949935913087
2021-02-23,128.14443969726562,136.94000244140625,138.30999755859375,134.27999877929688,136.47000122070312,4814400,AXP,0.7282129572544038,132.3300018310547,125.39899940490723
2021-02-24,130.90493774414062,139.88999938964844,140.9499969482422,136.80999755859375,137.1999969482422,4099500,AXP,2.1542258621650268,134.59600219726562,126.5859992980957
2021-02-25,128.2754669189453,137.0800018310547,140.63999938964844,136.3699951171875,140.6199951171875,3607500,AXP,-2.0087194015683707,136.31400146484376,127.73549957275391
2021-02-26,126.57234191894531,135.25999450683594,138.25,133.7899932861328,137.10000610351562,3654800,AXP,-1.3276971840588625,137.0239990234375,128.54999923706055
2021-03-01,129.80076599121094,138.7100067138672,139.77000427246094,138.1199951171875,138.17999267578125,2972100,AXP,2.5506523341289222,137.5760009765625,129.6724994659424
2021-03-02,130.3061065673828,139.25,140.19000244140625,138.0800018310547,138.24000549316406,2929100,AXP,0.38929656116788447,138.03800048828126,130.78349952697755
2021-03-03,133.4315185546875,142.58999633789062,144.25,140.0,140.0,4393700,AXP,2.398561104409791,138.5779998779297,131.87799949645995
2021-03-04,133.5157470703125,142.67999267578125,144.11000061035156,139.9499969482422,142.14999389648438,4461700,AXP,0.06311546405917134,139.697998046875,132.9899990081787
2021-03-05,137.8671112060547,147.3300018310547,147.9600067138672,142.0800018310547,144.66000366210938,5048300,AXP,3.2590477950471097,142.11199951171875,134.1114990234375
2021-03-08,140.61822509765625,150.27000427246094,151.4600067138672,146.72000122070312,147.27999877929688,4283400,AXP,1.9955218929390783,144.4239990234375,135.3109992980957
2021-03-09,135.78036499023438,145.10000610351562,149.0800018310547,144.11000061035156,148.5800018310547,5806100,AXP,-3.4404724974728573,145.59400024414063,136.166499710083
2021-03-10,137.3243408203125,146.75,148.2899932861328,145.44000244140625,145.6999969482422,3049800,AXP,1.1371425410604319,146.4260009765625,137.1699996948242
2021-03-11,138.2600860595703,147.75,147.82000732421875,145.1300048828125,146.0,3147700,AXP,0.6814310051107331,147.44000244140625,138.14599990844727
2021-03-12,138.99937438964844,148.5399932861328,150.63999938964844,148.02000427246094,149.10000610351562,2420100,AXP,0.5346824271626582,147.68200073242187,139.15749969482422
2021-03-15,137.5489501953125,146.99000549316406,148.9199981689453,146.02999877929688,148.0399932861328,2586300,AXP,-1.0434817981868405,147.0260009765625,140.02600021362304
2021-03-16,134.09596252441406,143.3000030517578,147.25999450683594,142.82000732421875,147.25,4031000,AXP,-2.5103764225506198,146.66600036621094,140.65700073242186
2021-03-17,135.38731384277344,144.67999267578125,144.82000732421875,141.89999389648438,144.75999450683594,3278500,AXP,0.9630073933250438,146.2519989013672,141.46300048828124
2021-03-18,133.42222595214844,142.5800018310547,145.5,142.07000732421875,145.49000549316406,3173600,AXP,-1.4514728718797443,145.21799926757814,142.1675003051758
2021-03-19,131.6722869873047,140.7100067138672,141.94000244140625,139.74000549316406,141.89999389648438,5098300,AXP,-1.3115409546727963,143.652001953125,142.61750030517578
2021-03-22,130.96109008789062,139.9499969482422,140.99000549316406,138.80999755859375,139.49000549316406,2274100,AXP,-0.5401248876140574,142.24400024414064,142.81750030517577
2021-03-23,127.33969116210938,136.0800018310547,139.5,135.1300048828125,138.94000244140625,4905400,AXP,-2.7652698832274614,140.8,142.7745002746582
2021-03-24,129.52940368652344,138.4199981689453,140.0399932861328,137.61000061035156,137.97000122070312,2638900,AXP,1.7195740052941444,139.54800109863282,142.70100021362305
2021-03-25,133.14144897460938,142.27999877929688,142.52999877929688,136.75999450683594,137.9499969482422,2766400,AXP,2.788614839916659,139.48800048828124,142.96100006103515
2021-03-26,134.4983367919922,143.72999572753906,143.97999572753906,141.0500030517578,143.74000549316406,2687500,AXP,1.019115097471568,140.0919982910156,143.3845001220703
2021-03-29,133.22567749023438,142.3699951171875,143.07000732421875,140.30999755859375,141.97999572753906,2220600,AXP,-0.9462190571059681,140.57599792480468,143.56749954223633
2021-03-30,134.27374267578125,143.49000549316406,144.47999572753906,142.61000061035156,142.89999389648438,2034500,AXP,0.7866899026404139,142.05799865722656,143.77949981689454
2021-03-31,132.75326538085938,141.44000244140625,143.25999450683594,141.35000610351562,142.97999572753906,2957300,AXP,-1.4286730596407171,142.66199951171876,143.7220001220703
2021-04-01,135.69100952148438,144.57000732421875,144.6300048828125,142.2100067138672,142.33999633789062,2629200,AXP,2.2129559027045165,143.12000122070313,143.81650085449218
2021-04-05,137.08950805664062,146.05999755859375,147.47999572753906,145.61000061035156,146.91000366210938,2960100,AXP,1.0306357881227024,143.58600158691405,143.75300064086915
2021-04-06,137.17398071289062,146.14999389648438,146.52999877929688,144.3800048828125,145.97999572753906,2851200,AXP,0.06161600670608891,144.34200134277344,143.5470001220703
2021-04-07,138.09378051757812,147.1300048828125,148.36000061035156,145.72000122070312,147.4199981689453,2399500,AXP,0.67055150684594,145.07000122070312,143.64850006103515
2021-04-08,138.0093231201172,147.0399932861328,147.16000366210938,144.67999267578125,146.8000030517578,2295600,AXP,-0.06117827342654314,146.18999938964845,143.6629997253418
2021-04-09,138.70388793945312,147.77999877929688,148.44000244140625,146.69000244140625,148.2100067138672,1783400,AXP,0.5032681766545366,146.83199768066407,143.66449966430665
2021-04-12,138.50677490234375,147.57000732421875,147.77000427246094,146.41000366210938,147.25999450683594,1869000,AXP,-0.14209734525153506,147.13399963378907,143.61600036621093
2021-04-13,137.0238037109375,145.99000549316406,146.60000610351562,143.83999633789062,146.5500030517578,2132100,AXP,-1.070679509816208,147.102001953125,143.56600036621094
2021-04-14,138.36595153808594,147.4199981689453,148.75,145.6999969482422,145.80999755859375,2141800,AXP,0.9795140913589462,147.16000061035157,143.77200012207032
2021-04-15,139.4077911376953,148.52999877929688,148.58999633789062,145.5,147.50999450683594,2901200,AXP,0.7529511763251229,147.45800170898437,143.9645004272461
2021-04-16,140.7781524658203,149.99000549316406,150.4499969482422,148.69000244140625,149.7100067138672,3480000,AXP,0.9829709323815772,147.9000030517578,144.33500061035156
2021-04-19,139.41714477539062,148.5399932861328,149.50999450683594,147.8000030517578,149.19000244140625,2259100,AXP,-0.9667392185656931,148.09400024414063,144.72649993896485
2021-04-20,136.1884307861328,145.10000610351562,147.5,144.50999450683594,147.2100067138672,2526700,AXP,-2.3158659876809984,147.91600036621094,144.9840003967285
2021-04-21,138.1407012939453,147.17999267578125,147.3800048828125,143.02000427246094,144.0,2161700,AXP,1.433484827548348,147.8679992675781,145.53899993896485
2021-04-22,138.12197875976562,147.16000366210938,148.9199981689453,145.8699951171875,147.57000732421875,3247300,AXP,-0.013581338949997246,147.59400024414063,145.97600021362305
2021-04-23,135.46572875976562,144.3300018310547,144.97999572753906,140.67999267578125,141.5399932861328,6395300,AXP,-1.9230781194818358,146.46199951171874,146.07850036621093
2021-04-26,141.1066131591797,150.33999633789062,151.1199951171875,145.55999755859375,146.8000030517578,4821100,AXP,4.164064595433814,146.8220001220703,146.40900039672852
2021-04-27,141.12542724609375,150.36000061035156,150.8800048828125,148.85000610351562,150.6999969482422,2692100,AXP,0.013306021649750477,147.8739990234375,146.80850067138672
2021-04-28,143.17152404785156,152.5399932861328,153.4600067138672,149.44000244140625,150.67999267578125,2584500,AXP,1.4498488074834226,148.9459991455078,147.26100006103516
2021-04-29,145.1331787109375,154.6300048828125,155.0800018310547,152.08999633789062,153.85000610351562,2636000,AXP,1.3701400869732927,150.43999938964845,147.92050018310547
2021-04-30,143.93177795410156,153.35000610351562,154.0399932861328,152.47999572753906,153.60000610351562,2712700,AXP,-0.8277816328512211,152.24400024414064,148.3595001220703
2021-05-03,145.2926788330078,154.8000030517578,156.0500030517578,154.00999450683594,154.58999633789062,2726200,AXP,0.9455473691102334,153.13600158691406,148.7965003967285
2021-05-04,145.03929138183594,154.52999877929688,155.74000549316406,152.83999633789062,154.47999572753906,3025100,AXP,-0.17442136120027207,153.97000122070312,149.21550064086915
2021-05-05,146.78504943847656,156.38999938964844,156.72999572753906,154.32000732421875,154.8699951171875,3001600,AXP,1.2036501812234146,154.74000244140626,149.67850036621093
2021-05-06,147.24496459960938,156.8800048828125,157.50999450683594,154.02000427246094,156.86000061035156,2798800,AXP,0.31332277963835864,155.19000244140625,150.1705009460449
2021-05-07,149.21600341796875,158.97999572753906,159.25999450683594,155.33999633789062,155.61000061035156,2617800,AXP,1.3385968761890465,156.31600036621094,150.73050079345703
2021-05-10,148.93441772460938,158.67999267578125,160.69000244140625,158.5,159.75,2987600,AXP,-0.18870490616439417,157.0919982910156,151.28600006103517
2021-05-11,144.94544982910156,154.42999267578125,157.7899932861328,153.64999389648438,156.4600067138672,3900100,AXP,-2.6783464810738344,157.0719970703125,151.707999420166
2021-05-12,142.94631958007812,152.3000030517578,155.89999389648438,152.07000732421875,154.72000122070312,3487400,AXP,-1.3792590332470267,156.25399780273438,151.95199966430664
2021-05-13,144.61692810058594,154.0800018310547,154.80999755859375,151.80999755859375,152.41000366210938,2269700,AXP,1.1687450713260716,155.69399719238282,152.22949981689453
2021-05-14,147.4983673095703,157.14999389648438,157.94000244140625,154.52999877929688,155.38999938964844,1892700,AXP,1.992466270084714,155.32799682617187,152.58749923706054
2021-05-17,147.2261962890625,156.86000061035156,157.3800048828125,155.8800048828125,157.0500030517578,1541400,AXP,-0.18453280139726358,154.96399841308593,153.00349960327148
2021-05-18,145.4710693359375,154.99000549316406,158.3000030517578,154.86000061035156,157.36000061035156,2417800,AXP,-1.192142745066449,155.0760009765625,153.4979995727539
2021-05-19,145.22698974609375,154.72999572753906,154.77999877929688,151.72000122070312,152.07000732421875,3526800,AXP,-0.16775905310647543,155.56199951171874,153.8754997253418
2021-05-20,145.9778594970703,155.52999877929688,156.25,153.92999267578125,155.47000122070312,3031100,AXP,0.517031651165123,155.85199890136718,154.29399948120118
2021-05-21,147.23558044433594,156.8699951171875,158.80999755859375,156.35000610351562,156.6999969482422,3424100,AXP,0.8615677672525024,155.7959991455078,154.9209991455078
2021-05-24,148.8968963623047,158.63999938964844,158.91000366210938,156.9499969482422,157.6999969482422,1956900,AXP,1.128325573758504,156.1519989013672,155.33599929809571
2021-05-25,148.30557250976562,158.00999450683594,160.0800018310547,157.74000549316406,159.07000732421875,2484200,AXP,-0.3971286467702839,156.75599670410156,155.71849899291993
2021-05-26,148.8405303955078,158.5800018310547,159.3800048828125,157.3699951171875,158.16000366210938,3731600,AXP,0.3607413100657375,157.5259979248047,156.020499420166
2021-05-27,149.9293212890625,159.74000549316406,160.2899932861328,158.85000610351562,159.97999572753906,2828400,AXP,0.7314942922911571,158.3679992675781,156.2759994506836
2021-05-28,150.29534912109375,160.1300048828125,160.63999938964844,158.86000061035156,160.25999450683594,2436400,AXP,0.24414634796361412,159.02000122070314,156.61499938964843
2021-06-01,153.702392578125,163.75999450683594,164.11000061035156,161.5500030517578,162.50999450683594,3827800,AXP,2.2669015882938126,160.04400024414062,157.06299896240233
2021-06-02,154.0403289794922,164.1199951171875,165.69000244140625,163.32000732421875,164.61000061035156,3384600,AXP,0.2198342833582112,161.26600036621093,157.54249877929686
2021-06-03,154.415771484375,164.52000427246094,165.4199981689453,162.82000732421875,163.67999267578125,2454800,AXP,0.24372968996728694,162.4540008544922,157.9489990234375
2021-06-04,154.8662872314453,165.0,165.72999572753906,163.32000732421875,165.0,3239300,AXP,0.2917552364903653,163.50599975585936,158.35499877929686
2021-06-07,155.729736328125,165.9199981689453,166.64999389648438,165.3699951171875,165.6300048828125,2516400,AXP,0.5575746478456489,164.66399841308595,158.70199890136718
2021-06-08,156.2834930419922,166.50999450683594,167.13999938964844,163.6300048828125,164.86000061035156,2486300,AXP,0.35559085366543286,165.21399841308593,159.09349899291993
2021-06-09,154.0121612548828,164.08999633789062,166.13999938964844,163.8000030517578,165.27000427246094,2700100,AXP,-1.4533651124743474,165.20799865722657,159.57649917602538
2021-06-10,152.2664031982422,162.22999572753906,165.2100067138672,162.1199951171875,165.17999267578125,3024500,AXP,-1.133524682712217,164.7499969482422,160.07299880981446
2021-06-11,154.40634155273438,164.50999450683594,164.5399932861328,162.50999450683594,163.0,1630100,AXP,1.4054113538448654,164.65199584960936,160.59449844360353
2021-06-14,153.7493438720703,163.80999755859375,164.8800048828125,163.11000061035156,164.3000030517578,2125700,AXP,-0.42550420741342965,164.22999572753906,160.927498626709
2021-06-15,156.0582733154297,166.27000427246094,166.89999389648438,163.8000030517578,163.92999267578125,3726100,AXP,1.5017439414753975,164.18199768066407,161.39799880981445
2021-06-16,154.56593322753906,164.67999267578125,166.64999389648438,164.27000427246094,165.77999877929688,3281300,AXP,-0.9562828867642259,164.29999694824218,161.88249816894532
2021-06-17,152.17257690429688,162.1300048828125,166.0,160.52999877929688,165.97000122070312,4194400,AXP,-1.5484502710594095,164.27999877929688,162.25249862670898
2021-06-18,148.4557342529297,158.1699981689453,159.6699981689453,157.25,158.6999969482422,6900200,AXP,-2.4424884935576707,163.01199951171876,162.3844985961914
2021-06-21,154.77239990234375,164.89999389648438,165.2100067138672,159.1300048828125,160.0800018310547,3681400,AXP,4.254912945216449,163.22999877929686,162.78599853515624
2021-06-22,154.39695739746094,164.5,165.24000549316406,162.4600067138672,163.4199981689453,2697600,AXP,-0.24256756294088744,162.8759979248047,163.07899856567383
2021-06-23,155.82363891601562,166.02000427246094,166.86000061035156,164.7899932861328,165.02999877929688,2327600,AXP,0.9240147552953992,163.1440002441406,163.47949905395507
2021-06-24,157.87913513183594,168.2100067138672,168.5800018310547,166.41000366210938,167.05999755859375,2417100,AXP,1.3191196151351559,164.36000061035156,163.96099929809571
2021-06-25,159.04298400878906,169.4499969482422,170.41000366210938,168.4499969482422,168.4499969482422,9186000,AXP,0.7371679358435967,166.61600036621093,164.4464988708496
2021-06-28,154.65975952148438,164.77999877929688,168.85000610351562,163.1999969482422,168.6199951171875,3433400,AXP,-2.7559741829748963,166.59200134277344,164.67899856567382
2021-06-29,154.16232299804688,164.25,166.32000732421875,163.22999572753906,165.57000732421875,2785900,AXP,-0.3216402374214944,166.54200134277343,164.70349884033203
2021-06-30,155.0821533203125,165.22999572753906,166.16000366210938,163.6999969482422,163.6999969482422,2331800,AXP,0.5966488447726404,166.38399963378907,164.7589988708496
2021-07-01,157.095947265625,166.94000244140625,167.3699951171875,164.69000244140625,165.64999389648438,2685900,AXP,1.0349251092924838,166.12999877929687,164.87999877929687
2021-07-02,158.56393432617188,168.5,168.97999572753906,167.00999450683594,167.6999969482422,2028700,AXP,0.9344659972323255,165.93999938964845,165.05499877929688
2021-07-06,159.56146240234375,169.55999755859375,172.5399932861328,167.8000030517578,172.5399932861328,4688100,AXP,0.6290786697885853,166.8959991455078,165.23699874877929
2021-07-07,160.897705078125,170.97999572753906,174.75999450683594,169.3800048828125,169.60000610351562,3998900,AXP,0.8374605976593008,168.24199829101562,165.46049880981445
2021-07-08,157.62295532226562,167.5,170.0399932861328,165.58999633789062,166.9499969482422,4628400,AXP,-2.0353233211471866,168.6959991455078,165.63099899291993
2021-07-09,161.80111694335938,171.94000244140625,172.30999755859375,169.2100067138672,170.0,3175200,AXP,2.6507477262126766,169.6959991455078,166.1164993286133
2021-07-12,163.3632354736328,173.60000610351562,174.10000610351562,169.8800048828125,170.07000732421875,3154100,AXP,0.9654551811903556,170.71600036621095,166.57099990844728
2021-07-13,162.44102478027344,172.6199951171875,174.74000549316406,172.4199981689453,174.0,2675000,AXP,-0.5645224377145208,171.3279998779297,167.01149978637696
2021-07-14,162.34693908691406,172.52000427246094,174.5500030517578,171.00999450683594,172.86000061035156,3123100,AXP,-0.057925412788173425,171.63600158691406,167.32399978637696
2021-07-15,162.65748596191406,172.85000610351562,173.25999450683594,171.10000610351562,171.13999938964844,3448200,AXP,0.19128322680395105,172.70600280761718,167.73250045776368
2021-07-16,159.98489379882812,170.00999450683594,173.7899932861328,169.5399932861328,173.74000549316406,4359800,AXP,-1.6430497520369625,172.32000122070312,168.12649993896486
2021-07-19,153.20948791503906,162.80999755859375,166.3800048828125,161.47999572753906,165.64999389648438,6739800,AXP,-4.235043339144795,170.16199951171876,168.35849990844727
2021-07-20,158.91212463378906,168.8699951171875,169.5800018310547,162.57000732421875,162.94000244140625,4243700,AXP,3.7221286465610515,169.41199951171876,168.55699996948243
2021-07-21,162.33749389648438,172.50999450683594,173.6199951171875,169.74000549316406,170.74000549316406,3384500,AXP,2.1555039349189675,169.40999755859374,168.9574996948242
2021-07-22,160.82240295410156,170.89999389648438,173.2100067138672,169.0500030517578,172.25,3335900,AXP,-0.9332796137140664,169.0199951171875,169.20149917602538
2021-07-23,162.96798706054688,173.17999267578125,179.6699981689453,172.9499969482422,176.52999877929688,6326600,AXP,1.3341128500436783,169.65399475097655,169.4499984741211
2021-07-26,162.4315948486328,172.61000061035156,175.42999267578125,172.3000030517578,173.25,3115900,AXP,-0.3291327460076765,171.61399536132814,169.60799865722657
2021-07-27,162.74217224121094,172.94000244140625,175.1199951171875,169.9600067138672,170.4600067138672,7922600,AXP,0.19118349451816563,172.42799682617186,170.01599884033203
2021-07-28,159.99435424804688,170.02000427246094,173.4499969482422,169.7100067138672,173.0,7961700,AXP,-1.688445777566494,171.92999877929688,170.30449905395508
2021-07-29,161.81051635742188,171.9499969482422,173.82000732421875,171.0,171.38999938964844,3186900,AXP,1.1351562329620979,172.13999938964844,170.64049911499023
2021-07-30,160.47421264648438,170.52999877929688,173.24000549316406,169.82000732421875,172.32000732421875,3441900,AXP,-0.8258204095070387,171.61000061035156,170.81999893188475
2021-08-02,159.28855895996094,169.27000427246094,173.36000061035156,168.75999450683594,171.13999938964844,2895700,AXP,-0.7388697096436636,170.94200134277344,170.8584991455078
2021-08-03,159.0721435546875,169.0399932861328,170.2899932861328,165.3000030517578,169.75,3642000,AXP,-0.13588407899954857,170.16199951171876,170.83249893188477
2021-08-04,158.14990234375,168.05999755859375,170.44000244140625,167.32000732421875,168.3000030517578,3544400,AXP,-0.5797419347267851,169.7699981689453,170.6864990234375
2021-08-05,159.62733459472656,169.6300048828125,170.52999877929688,168.32000732421875,168.66000366210938,2535400,AXP,0.9341945418459119,169.30599975585938,170.79299926757812
2021-08-06,161.2552947998047,171.36000061035156,172.85000610351562,169.74000549316406,170.52999877929688,2828700,AXP,1.0198642207988051,169.4720001220703,170.76399917602538
2021-08-09,160.7095184326172,170.77999877929688,171.1199951171875,168.7899932861328,170.35000610351562,2560200,AXP,-0.3384697881587462,169.7739990234375,170.62299880981445
2021-08-10,159.49562072753906,169.49000549316406,171.6999969482422,168.67999267578125,170.72999572753906,3389500,AXP,-0.7553538443339058,169.86400146484374,170.46649932861328
2021-08-11,160.60601806640625,170.6699981689453,170.72999572753906,168.6699981689453,169.4499969482422,3843400,AXP,0.6962019219645565,170.38600158691406,170.3739990234375
2021-08-12,158.58279418945312,168.52000427246094,170.11000061035156,167.97000122070312,170.02000427246094,3372800,AXP,-1.259737457989607,170.16400146484375,170.15749893188476
2021-08-13,156.28668212890625,166.0800018310547,168.3000030517578,165.61000061035156,168.08999633789062,4157700,AXP,-1.4479007711519443,169.10800170898438,169.96099929809571
2021-08-16,155.9761199951172,165.75,165.89999389648438,162.6300048828125,164.77000427246094,3845400,AXP,-0.1987005222882754,168.102001953125,170.107999420166
2021-08-17,154.9409942626953,164.64999389648438,166.35000610351562,163.35000610351562,164.75999450683594,7631600,AXP,-0.6636537577771495,167.13399963378907,169.89699935913086
2021-08-18,152.56964111328125,162.1300048828125,165.13999938964844,162.05999755859375,163.8300018310547,3563700,AXP,-1.5305126675292824,165.4260009765625,169.37799987792968
2021-08-19,149.6523895263672,159.02999877929688,161.08999633789062,157.3300018310547,160.16000366210938,4256400,AXP,-1.9120495960980866,163.5279998779297,168.7845001220703
2021-08-20,150.3299560546875,159.75,159.99000549316406,158.05999755859375,158.85000610351562,3075000,AXP,0.45274553620688884,162.26199951171876,168.11300048828124
2021-08-23,150.98863220214844,160.4499969482422,161.85000610351562,160.11000061035156,161.22999572753906,2006300,AXP,0.4381827532032423,161.20199890136718,167.50500030517577
2021-08-24,151.69442749023438,161.1999969482422,161.89999389648438,160.19000244140625,160.60000610351562,2377600,AXP,0.46743534700217637,160.51199951171876,166.9180000305176
2021-08-25,156.38076782226562,166.17999267578125,167.22999572753906,160.5,161.8800048828125,3579900,AXP,3.089327432889477,161.3219970703125,166.7259994506836
2021-08-26,155.75025939941406,165.50999450683594,166.5,164.3800048828125,165.97000122070312,3164700,AXP,-0.4031761935701206,162.6179962158203,166.40399932861328
2021-08-27,158.70513916015625,168.64999389648438,168.88999938964844,165.16000366210938,165.35000610351562,3002300,AXP,1.8971660285558967,164.3979949951172,166.30999908447265
2021-08-30,154.57400512695312,164.25999450683594,168.3000030517578,164.2100067138672,168.16000366210938,2582100,AXP,-2.603023746530919,165.15999450683594,166.05949859619142
2021-08-31,156.17376708984375,165.9600067138672,166.42999267578125,163.72000122070312,164.10000610351562,3536300,AXP,1.0349520661651512,166.11199645996095,165.90549926757814
2021-09-01,154.74339294433594,164.44000244140625,167.27999877929688,164.1300048828125,166.33999633789062,2569000,AXP,-0.9158858827244987,165.76399841308594,165.72449951171876
2021-09-02,152.4943389892578,162.0500030517578,165.0800018310547,161.13999938964844,165.0500030517578,4350600,AXP,-1.453417267188406,165.0720001220703,165.34549942016602
2021-09-03,149.90643310546875,159.3000030517578,161.27999877929688,158.1699981689453,160.75,4206500,AXP,-1.6970070646167512,163.202001953125,164.74249954223632
2021-09-07,150.3016815185547,159.72000122070312,160.66000366210938,158.57000732421875,158.8699951171875,3779000,AXP,0.2636523295036275,162.29400329589845,164.18949966430665
2021-09-08,149.55825805664062,158.92999267578125,159.25999450683594,156.8000030517578,159.19000244140625,3056700,AXP,-0.4946209234184984,160.88800048828125,163.6614990234375
2021-09-09,149.99114990234375,159.38999938964844,162.14999389648438,158.5399932861328,158.77999877929688,3295800,AXP,0.28943983833535913,159.87799987792968,163.09749908447264
2021-09-10,149.36065673828125,158.72000122070312,161.4600067138672,158.38999938964844,161.1699981689453,2943700,AXP,-0.4203514470863534,159.21199951171874,162.60749893188478
2021-09-13,151.92965698242188,161.4499969482422,161.8000030517578,159.75,160.63999938964844,3192500,AXP,1.720007375594057,159.64199829101562,162.37599868774413
2021-09-14,150.07589721679688,159.47999572753906,165.8300018310547,158.77999877929688,162.67999267578125,4281500,AXP,-1.2201927890619135,159.5939971923828,162.0624984741211
2021-09-15,151.82614135742188,161.33999633789062,162.30999755859375,159.2100067138672,160.02000427246094,2933100,AXP,1.166290857901231,160.07599792480468,161.8969985961914
2021-09-16,153.0401153564453,162.6300048828125,164.5,162.1999969482422,163.10000610351562,2765000,AXP,0.7995590518176554,160.7239990234375,161.9219985961914
2021-09-17,154.2540283203125,163.9199981689453,164.25,161.57000732421875,161.57000732421875,6390600,AXP,0.7932074324552563,161.76399841308594,162.16649856567383
2021-09-20,151.1016082763672,160.57000732421875,162.13999938964844,157.9499969482422,159.36000061035156,5976900,AXP,-2.04367428144665,161.58800048828124,162.20749893188477
2021-09-21,153.64236450195312,163.27000427246094,165.35000610351562,161.69000244140625,161.91000366210938,3480600,AXP,1.681507644693836,162.34600219726562,162.3484992980957
2021-09-22,157.6134796142578,167.49000549316406,168.6199951171875,164.89999389648438,165.6199951171875,3562800,AXP,2.584676370597072,163.5760040283203,162.6629997253418
2021-09-23,163.13739013671875,173.36000061035156,174.10000610351562,169.30999755859375,169.49000549316406,4399200,AXP,3.5046838167469563,165.7220031738281,163.02200012207032
2021-09-24,165.35816955566406,175.72000122070312,176.0,173.3000030517578,173.3699951171875,2680400,AXP,1.3613293735825316,168.08200378417968,163.53250045776366
2021-09-27,166.34628295898438,176.77000427246094,178.8000030517578,176.3300018310547,177.6699981689453,3703300,AXP,0.5975432759296462,171.32200317382814,163.9385009765625
2021-09-28,162.93032836914062,173.13999938964844,177.24000549316406,172.69000244140625,175.49000549316406,3862200,AXP,-2.05351858068491,173.29600219726564,164.38250122070312
2021-09-29,161.4246826171875,171.5399932861328,172.97999572753906,170.39999389648438,172.88999938964844,2726100,AXP,-0.9241111869908503,174.1059997558594,164.6615005493164
2021-09-30,157.65115356445312,167.52999877929688,172.36000061035156,167.41000366210938,172.17999267578125,3088200,AXP,-2.337644085217594,172.93999938964845,164.81600036621094
2021-10-01,163.6831817626953,173.94000244140625,175.1199951171875,168.47999572753906,168.5,3956000,AXP,3.826182599424399,172.58399963378906,165.41050033569337
2021-10-04,162.47862243652344,172.66000366210938,177.22999572753906,171.8800048828125,173.8800048828125,3613900,AXP,-0.7358852255553217,171.76199951171876,166.07850036621093
2021-10-05,164.45481872558594,174.75999450683594,176.05999755859375,172.63999938964844,173.42999267578125,2629400,AXP,1.2162578479010033,172.08599853515625,166.83050003051758
2021-10-06,163.17503356933594,173.39999389648438,174.89999389648438,169.89999389648438,172.5500030517578,2922200,AXP,-0.778210490444009,172.45799865722657,167.55400009155272
2021-10-07,164.42027282714844,174.2899932861328,176.8699951171875,173.6999969482422,175.5,3578800,AXP,0.5132637952569574,173.80999755859375,168.29899978637695
2021-10-08,165.2315673828125,175.14999389648438,176.97999572753906,173.52999877929688,173.85000610351562,2375300,AXP,0.4934308586148628,174.05199584960937,169.12049942016603
2021-10-11,163.63726806640625,173.4600067138672,176.7899932861328,173.3300018310547,175.7899932861328,2499200,AXP,-0.964879955186293,174.21199645996094,169.72099990844725
2021-10-12,165.00514221191406,174.91000366210938,176.55999755859375,173.10000610351562,173.61000061035156,3069500,AXP,0.8359257996767289,174.24199829101562,170.49250030517578
2021-10-13,159.16571044921875,168.72000122070312,174.08999633789062,167.0800018310547,172.77999877929688,5608100,AXP,-3.5389642169147084,173.30599975585938,170.86150054931642
2021-10-14,161.79769897460938,171.50999450683594,172.3800048828125,169.80999755859375,171.0,3061900,AXP,1.6536233202625539,172.75,171.30550003051758
2021-10-15,165.85418701171875,175.80999755859375,177.77000427246094,173.14999389648438,173.77000427246094,3043900,AXP,2.5071443003203076,172.8820007324219,171.9
2021-10-18,166.80703735351562,176.82000732421875,177.61000061035156,174.3300018310547,175.5800018310547,2623300,AXP,0.5744893803825812,173.5540008544922,172.7125
2021-10-19,167.26927185058594,177.30999755859375,178.0,176.25999450683594,177.72999572753906,1400100,AXP,0.27711243868266955,174.03399963378905,173.41449966430665
2021-10-20,169.42958068847656,179.60000610351562,179.77000427246094,176.2100067138672,176.9499969482422,2398500,AXP,1.291528157720001,176.21000061035156,174.0199996948242
2021-10-21,167.4202117919922,177.47000122070312,179.7899932861328,176.00999450683594,179.5800018310547,3313800,AXP,-1.1859714980103297,177.402001953125,174.2254997253418
2021-10-22,176.48599243164062,187.0800018310547,189.02999877929688,182.1999969482422,185.0,6026100,AXP,5.415000024934069,179.6560028076172,174.7934997558594
2021-10-25,171.98609924316406,182.30999755859375,187.2100067138672,181.8300018310547,186.72999572753906,3889600,AXP,-2.549713612237703,180.75400085449218,175.07049942016602
2021-10-26,170.70314025878906,180.9499969482422,183.5,177.52000427246094,183.4199981689453,3832200,AXP,-0.7459824631473988,181.48200073242188,175.46099929809571
2021-10-27,167.94847106933594,178.02999877929688,183.72999572753906,177.91000366210938,180.10000610351562,3309900,AXP,-1.6137044587961724,181.16799926757812,175.7854995727539
2021-10-28,164.72213745117188,174.61000061035156,179.22999572753906,173.02000427246094,178.39999389648438,4865700,AXP,-1.921023531087629,180.59599914550782,176.13949966430664
2021-10-29,163.9391632080078,173.77999877929688,176.6699981689453,173.0399932861328,175.6300048828125,3455400,AXP,-0.475346101685703,177.93599853515624,176.13149948120116
2021-11-01,164.3448028564453,174.2100067138672,176.07000732421875,173.33999633789062,174.5800018310547,2250400,AXP,0.24744385866661833,176.31600036621094,176.20899963378906
2021-11-02,163.36367797851562,173.1699981689453,175.1999969482422,172.57000732421875,175.0,3252900,AXP,-0.5969855374783672,174.76000061035157,176.12949981689454
2021-11-03,162.8354034423828,172.61000061035156,173.8300018310547,171.75,172.6999969482422,3831200,AXP,-0.3233802416787057,173.6760009765625,176.0900001525879
2021-11-04,162.75994873046875,172.52999877929688,174.02000427246094,171.66000366210938,172.1300048828125,3315400,AXP,-0.046348317462374666,173.26000061035157,176.0020004272461
2021-11-05,166.6843719482422,176.69000244140625,177.7899932861328,175.35000610351562,176.17999267578125,3936000,AXP,2.4111770077914985,173.84200134277344,176.0790008544922
2021-11-08,169.8540802001953,180.0500030517578,182.08999633789062,177.7899932861328,178.07000732421875,3392000,AXP,1.901635952190217,175.01000061035157,176.40850067138672
2021-11-09,169.67481994628906,179.86000061035156,181.19000244140625,178.42999267578125,179.75999450683594,3203300,AXP,-0.10552759688187141,176.3480010986328,176.65600051879883
2021-11-10,171.1182403564453,181.38999938964844,183.47999572753906,179.36000061035156,179.36000061035156,3296700,AXP,0.8506609441259139,178.1040008544922,177.28950042724608
2021-11-11,171.03329467773438,181.3000030517578,182.72999572753906,180.74000549316406,181.99000549316406,2119700,AXP,-0.04961482892852365,179.85800170898438,177.77900085449218
2021-11-12,171.5898895263672,181.88999938964844,182.3800048828125,179.64999389648438,180.7100067138672,2390200,AXP,0.32542544288991504,180.89800109863282,178.08300094604493
2021-11-15,172.7596435546875,183.1300048828125,183.92999267578125,182.0399932861328,182.52999877929688,1748300,AXP,0.6817337387019728,181.51400146484374,178.39850082397462
2021-11-16,170.67481994628906,180.9199981689453,183.39999389648438,179.74000549316406,183.39999389648438,3299200,AXP,-1.206796622585904,181.7260009765625,178.5790008544922
2021-11-17,169.43898010253906,179.61000061035156,181.74000549316406,178.1999969482422,181.17999267578125,3543500,AXP,-0.7240755979725733,181.37000122070313,178.579500579834
2021-11-18,166.23153686523438,176.2100067138672,180.3699951171875,175.83999633789062,180.0,4011500,AXP,-1.8929869633820484,180.352001953125,178.5165008544922
2021-11-19,163.71273803710938,173.5399932861328,175.27000427246094,171.83999633789062,173.72999572753906,4456500,AXP,-1.515245063278381,178.68200073242187,177.8395004272461
2021-11-22,161.2222137451172,170.89999389648438,175.25,170.88999938964844,174.99000549316406,4651700,AXP,-1.5212628165172326,176.23599853515626,177.2690002441406
2021-11-23,161.1750946044922,170.85000610351562,171.9499969482422,167.8300018310547,171.3000030517578,5890300,AXP,-0.029249733618497142,174.2220001220703,176.7640007019043
2021-11-24,161.8920440673828,171.61000061035156,171.97999572753906,167.89999389648438,168.47999572753906,3590600,AXP,0.44483141918969515,172.62200012207032,176.44300079345703
2021-11-26,147.9395751953125,156.82000732421875,165.24000549316406,154.5,165.08999633789062,6804200,AXP,-8.618374939415197,168.74400024414064,175.5535011291504
2021-11-29,148.920654296875,157.86000061035156,161.41000366210938,154.33999633789062,160.75,6258500,AXP,0.6631764045149424,165.60800170898438,174.75750122070312
2021-11-30,143.675537109375,152.3000030517578,155.8699951171875,151.6999969482422,155.08999633789062,7444900,AXP,-3.5221066369545917,161.88800354003905,173.66200103759766
2021-12-01,141.56239318847656,150.05999755859375,157.07000732421875,149.88999938964844,156.10000610351562,6145500,AXP,-1.4707849299272935,157.7300018310547,172.5065010070801
2021-12-02,147.8924102783203,156.77000427246094,157.91000366210938,151.4600067138672,151.67999267578125,6289300,AXP,4.471549262318986,154.76200256347656,171.71450119018556
2021-12-03,147.1094207763672,155.94000244140625,158.3300018310547,153.6300048828125,158.0800018310547,4069300,AXP,-0.5294391837944779,154.58600158691405,170.885001373291
2021-12-06,151.58096313476562,160.67999267578125,162.74000549316406,158.0500030517578,159.07000732421875,4141900,AXP,3.0396243171511017,155.15,170.08450088500976
2021-12-07,157.4959259033203,166.9499969482422,169.16000366210938,164.16000366210938,164.5,5124500,AXP,3.902168632228231,158.0799987792969,169.42950057983398
2021-12-08,159.3638153076172,168.92999267578125,170.5399932861328,167.27999877929688,167.97999572753906,4042400,AXP,1.185981290046323,161.85399780273437,168.88300018310548
2021-12-09,158.50535583496094,168.02000427246094,168.8300018310547,166.5500030517578,167.85000610351562,2245300,AXP,-0.538677820857314,164.10399780273437,168.2145004272461
2021-12-10,157.57138061523438,167.02999877929688,170.5800018310547,165.9600067138672,169.3800048828125,2768500,AXP,-0.589218823943527,166.3219970703125,167.50100021362306
2021-12-13,154.05264282226562,163.3000030517578,166.39999389648438,161.99000549316406,166.39999389648438,3477600,AXP,-2.2331292311554507,166.84599914550782,166.5715003967285
2021-12-14,153.62811279296875,162.85000610351562,165.25999450683594,161.05999755859375,162.13999938964844,2964200,AXP,-0.2755645681767449,166.0260009765625,165.55750045776367
2021-12-15,153.05264282226562,162.24000549316406,163.0500030517578,158.52999877929688,162.7100067138672,5013000,AXP,-0.3745781931158265,164.68800354003906,164.6235008239746
2021-12-16,153.76962280273438,163.0,165.17999267578125,161.89999389648438,164.0,4900100,AXP,0.46843841290917787,163.6840026855469,163.79300079345703
2021-12-17,150.94894409179688,160.00999450683594,161.32000732421875,156.9499969482422,161.0,9576800,AXP,-1.8343591982601604,162.28000183105468,162.98300018310547
2021-12-20,147.0622100830078,155.88999938964844,158.2100067138672,153.77999877929688,157.0,3839600,AXP,-2.5748361093853367,160.79800109863282,162.10050048828126
2021-12-21,151.79794311523438,160.91000366210938,161.0500030517578,157.52000427246094,157.75,3722400,AXP,3.220222138761697,160.41000061035157,161.6010009765625
2021-12-22,153.26962280273438,162.47000122070312,163.1699981689453,160.4499969482422,160.52999877929688,2877700,AXP,0.9694845087876214,160.45599975585938,161.18200073242187
2021-12-23,154.89218139648438,164.19000244140625,166.39999389648438,163.58999633789062,163.86000061035156,3140500,AXP,1.0586577262140962,160.69400024414062,160.8110008239746
2021-12-27,155.08087158203125,164.38999938964844,165.0,162.52999877929688,165.0,1687300,AXP,0.1218082375713303,161.57000122070312,161.1895004272461
2021-12-28,155.09979248046875,164.41000366210938,166.1300048828125,163.60000610351562,163.60000610351562,2035300,AXP,0.012168789181332684,163.2740020751953,161.517000579834
2021-12-29,154.55258178710938,163.8300018310547,164.92999267578125,163.25999450683594,164.6199951171875,2082200,AXP,-0.3527777009522448,163.85800170898438,162.09350051879883
2021-12-30,154.86390686035156,164.16000366210938,165.8000030517578,164.0,164.6199951171875,1632900,AXP,0.20142942523737606,164.1960021972656,162.79850082397462
2021-12-31,154.3356475830078,163.60000610351562,165.1699981689453,163.25,164.10000610351562,1743600,AXP,-0.34112910946711983,164.0780029296875,163.14000091552734
2022-01-03,158.6845703125,168.2100067138672,168.39999389648438,164.39999389648438,164.50999450683594,3236400,AXP,2.817848678706425,164.84200439453124,163.75350112915038
2022-01-04,163.7787628173828,173.61000061035156,174.0500030517578,169.60000610351562,169.72000122070312,4799500,AXP,3.210269116551445,166.6820037841797,164.4000015258789
2022-01-05,162.03353881835938,171.75999450683594,176.30999755859375,171.5,174.7100067138672,4491900,AXP,-1.0656103317848387,168.26800231933595,164.6405014038086
2022-01-06,163.51834106445312,172.89999389648438,173.69000244140625,169.75,172.5399932861328,2649400,AXP,0.6637164800346262,170.01600036621093,164.83900146484376
2022-01-07,164.91807556152344,174.3800048828125,175.36000061035156,171.86000061035156,172.49000549316406,3043000,AXP,0.8559925035128702,172.1720001220703,165.15700149536133
2022-01-10,164.31280517578125,173.74000549316406,176.2100067138672,170.5,176.2100067138672,4269400,AXP,-0.3670142056014569,173.2779998779297,165.49250183105468
2022-01-11,165.8638153076172,175.3800048828125,175.72000122070312,172.49000549316406,174.5399932861328,2762700,AXP,0.9439388383770675,173.6320007324219,166.09650192260742
2022-01-12,165.00314331054688,174.47000122070312,176.82000732421875,174.1699981689453,176.22999572753906,3224300,AXP,-0.5188753773370136,174.17400207519532,166.6775016784668
2022-01-13,163.88717651367188,173.2899932861328,176.3800048828125,172.85000610351562,174.9199981689453,3808800,AXP,-0.6763385833176039,174.252001953125,167.23000106811523
2022-01-14,159.2625274658203,168.39999389648438,168.7100067138672,164.7100067138672,168.7100067138672,6508500,AXP,-2.821859068096433,173.05599975585938,167.50000076293946
2022-01-18,157.15354919433594,166.1699981689453,168.94000244140625,164.83999633789062,167.91000366210938,4336300,AXP,-1.3242255394081748,171.54199829101563,167.80800094604493
2022-01-19,152.63287353515625,161.38999938964844,166.72999572753906,161.1699981689453,166.72999572753906,3592000,AXP,-2.8765714821980315,168.7439971923828,168.08300094604493
2022-01-20,152.18836975097656,160.9199981689453,164.57000732421875,159.4600067138672,161.1199951171875,4205600,AXP,-0.291220783493773,166.03399658203125,168.08350067138673
2022-01-21,150.126708984375,158.74000549316406,161.8800048828125,157.67999267578125,159.9499969482422,3779100,AXP,-1.354705879062057,163.1239990234375,167.89700088500976
2022-01-24,150.30636596679688,158.92999267578125,159.4499969482422,152.85000610351562,155.82000732421875,5405000,AXP,0.11968450046788703,161.22999877929686,167.6340003967285
2022-01-25,163.71694946289062,173.11000061035156,174.47000122070312,159.66000366210938,166.13999938964844,13320800,AXP,8.922172395425498,162.6179992675781,168.07000045776368
2022-01-26,165.80703735351562,175.32000732421875,179.22000122070312,173.02999877929688,176.9499969482422,8257300,AXP,1.276648781742895,165.40400085449218,168.61550064086913
2022-01-27,162.5725860595703,171.89999389648438,178.1999969482422,170.6300048828125,176.6999969482422,3649900,AXP,-1.9507262633235878,167.6,169.0190002441406
2022-01-28,167.45262145996094,177.05999755859375,177.2100067138672,169.77000427246094,171.75999450683594,4271500,AXP,3.0017474376506703,171.26399841308594,169.66399993896485
2022-01-31,170.0628662109375,179.82000732421875,180.1300048828125,175.22000122070312,175.91000366210938,5524300,AXP,1.558799166204472,175.44200134277344,170.475
2022-02-01,173.58099365234375,183.5399932861328,184.0399932861328,179.0,179.9199981689453,3471200,AXP,2.068727511064372,177.5279998779297,171.2414993286133
2022-02-02,174.16737365722656,184.16000366210938,184.5800018310547,181.63999938964844,182.50999450683594,2841400,AXP,0.337806689907616,179.2959991455078,171.76899948120118
2022-02-03,174.05386352539062,184.0399932861328,185.8000030517578,182.32000732421875,184.8000030517578,3380900,AXP,-0.06516636272269061,181.7239990234375,172.38299942016602
2022-02-04,175.76564025878906,185.85000610351562,188.67999267578125,184.17999267578125,184.91000366210938,4075800,AXP,0.9834888521043972,183.48200073242188,173.03050003051757
2022-02-07,177.6760711669922,187.8699951171875,188.91000366210938,184.75,185.6300048828125,3260800,AXP,1.0868920889605782,185.0919982910156,173.70499954223632
2022-02-08,183.47344970703125,194.0,194.52999877929688,187.61000061035156,188.0800018310547,5133900,AXP,3.262897238587148,187.18399963378906,174.71799926757814
2022-02-09,185.7432098388672,196.39999389648438,198.72000122070312,194.3000030517578,194.3000030517578,4614200,AXP,1.237110255919771,189.63199768066406,175.7689987182617
2022-02-10,184.90151977539062,195.50999450683594,198.22999572753906,194.61000061035156,196.36000061035156,4511100,AXP,-0.45315652612368806,191.92599792480468,176.82099838256835
2022-02-11,181.4022979736328,191.80999755859375,197.1999969482422,190.4499969482422,195.42999267578125,4834900,AXP,-1.8924848100861813,193.1179962158203,177.74699859619142
2022-02-14,181.91297912597656,192.35000610351562,194.14999389648438,190.9199981689453,192.25999450683594,3841300,AXP,0.28153305447851107,194.01399841308594,178.94449920654296
2022-02-15,187.23751831054688,197.97999572753906,198.36000061035156,194.17999267578125,194.64999389648438,4134300,AXP,2.926950582467658,194.80999755859375,180.53499908447264
2022-02-16,187.61581420898438,198.3800048828125,199.5500030517578,197.24000549316406,197.5,4122600,AXP,0.20204523886540038,195.20599975585938,182.38449935913087
2022-02-17,185.09068298339844,195.7100067138672,197.3800048828125,194.27000427246094,195.6300048828125,3051700,AXP,-1.345900848486492,195.24600219726562,184.12399978637694
2022-02-18,184.3057098388672,194.8800048828125,197.75,194.1999969482422,194.9199981689453,2806300,AXP,-0.4240977990809469,195.86000366210936,185.93099975585938
2022-02-22,181.99810791015625,192.44000244140625,196.14999389648438,191.75,195.17999267578125,3420600,AXP,-1.2520537665593245,195.8780029296875,187.60650024414062
2022-02-23,178.6974639892578,188.9499969482422,194.4499969482422,188.5500030517578,194.35000610351562,3562100,AXP,-1.8135551075077028,194.07200317382814,188.39850006103515
2022-02-24,178.1300506591797,188.35000610351562,188.5,179.0500030517578,180.47000122070312,5886600,AXP,-0.31753948368198337,192.06600341796874,189.05
2022-02-25,183.19918823242188,193.7100067138672,194.25,189.4600067138672,189.66000366210938,5426200,AXP,2.8457660932624362,191.66600341796874,190.14050064086913
2022-02-28,183.98411560058594,194.5399932861328,195.1300048828125,189.22999572753906,189.6300048828125,5787800,AXP,0.42846860951877286,191.5980010986328,191.0145004272461
2022-03-01,168.3983612060547,178.05999755859375,194.77000427246094,176.77000427246094,194.6699981689453,8562500,AXP,-8.471263645671046,188.7220001220703,190.92649993896484
2022-03-02,170.52627563476562,180.30999755859375,182.24000549316406,178.10000610351562,179.7899932861328,4058800,AXP,1.2636190221555044,186.99400024414064,190.7650001525879
2022-03-03,170.12908935546875,179.88999938964844,183.4499969482422,178.72999572753906,182.11000061035156,3339900,AXP,-0.23293116002002234,185.3019989013672,190.55149993896484
2022-03-04,163.5656280517578,172.9499969482422,176.8300018310547,170.82000732421875,176.6199951171875,5348600,AXP,-3.8579145394146974,181.14999694824218,189.99700012207032
2022-03-07,150.4955291748047,159.1300048828125,170.75999450683594,159.0800018310547,170.1300048828125,7760400,AXP,-7.990744324537646,174.06799926757813,188.66100006103517
2022-03-08,151.36558532714844,160.0500030517578,166.2899932861328,155.72000122070312,160.52000427246094,7058900,AXP,0.5781424877243202,170.46600036621095,187.27000045776367
2022-03-09,159.4989776611328,168.64999389648438,170.72999572753906,166.7100067138672,168.02000427246094,4788200,AXP,5.373315014524205,168.13399963378907,186.00250015258788
2022-03-10,160.39743041992188,169.60000610351562,170.9600067138672,164.8300018310547,165.58999633789062,3840900,AXP,0.563304026927125,166.0760009765625,184.66250076293946
2022-03-11,158.7896728515625,167.89999389648438,172.30999755859375,167.6300048828125,171.75,3000000,AXP,-1.0023656520352087,165.06600036621094,183.28200073242186
2022-03-14,163.41432189941406,172.7899932861328,174.7100067138672,169.7100067138672,171.3300018310547,4614600,AXP,2.912447627998893,167.797998046875,182.33100051879882
2022-03-15,166.4879913330078,176.0399932861328,178.3000030517578,173.3699951171875,173.58999633789062,3827300,AXP,1.8808959582619744,170.99599609375,181.5154998779297
2022-03-16,170.81002807617188,180.61000061035156,182.75999450683594,176.3000030517578,179.17999267578125,5239300,AXP,2.5960051684339236,173.38799743652345,180.64700012207032
2022-03-17,176.8249053955078,186.97000122070312,187.7100067138672,180.05999755859375,180.17999267578125,6398900,AXP,3.521400027052013,176.86199645996095,180.07649993896484
2022-03-18,180.3714141845703,190.72000122070312,191.0,184.83999633789062,188.69000244140625,8744100,AXP,2.0056693456258934,181.42599792480468,179.82699966430664
2022-03-21,178.82986450195312,189.08999633789062,191.5,187.55999755859375,190.77000427246094,3166200,AXP,-0.8546585949977259,184.68599853515624,179.53749923706056
2022-03-22,180.9483642578125,191.3300018310547,194.35000610351562,190.05999755859375,190.5,3007000,AXP,1.1846240079043335,187.74400024414064,179.48199920654298
2022-03-23,175.92645263671875,186.02000427246094,189.6199951171875,185.17999267578125,188.8300018310547,3664600,AXP,-2.7753083718059512,188.8260009765625,179.33549957275392
2022-03-24,178.6407470703125,188.88999938964844,189.3699951171875,185.6999969482422,186.61000061035156,2424400,AXP,1.542842195070504,189.21000061035156,179.36249923706055
2022-03-25,179.95529174804688,190.27999877929688,191.25999450683594,189.0,190.41000366210938,1871900,AXP,0.7358777034993214,189.12200012207032,179.19099884033204
2022-03-28,179.40676879882812,189.6999969482422,189.9499969482422,186.2899932861328,189.9499969482422,3043700,AXP,-0.3048149226274832,189.24400024414064,178.9489990234375
2022-03-29,180.57949829101562,190.94000244140625,194.0,190.36000061035156,192.3300018310547,2764100,AXP,0.6536665857208135,189.16600036621094,179.59299926757814
2022-03-30,179.4635009765625,189.75999450683594,192.10000610351562,188.39999389648438,191.38999938964844,2278000,AXP,-0.6179993293612851,189.91399841308595,180.06549911499025
2022-03-31,176.85328674316406,187.0,191.11000061035156,186.94000244140625,189.52999877929688,3801600,AXP,-1.4544659500064006,189.53599853515624,180.4209991455078
2022-04-01,177.0140838623047,187.1699981689453,189.4199981689453,186.27999877929688,188.1999969482422,2647000,AXP,0.09090811173546598,188.91399841308595,181.13199920654296
2022-04-04,177.4774932861328,187.66000366210938,188.5,185.58999633789062,187.6199951171875,2971400,AXP,0.26179702834734364,188.50599975585936,182.55849914550782
2022-04-05,175.340087890625,185.39999389648438,190.83999633789062,184.8000030517578,187.49000549316406,2974700,AXP,-1.204310839561873,187.397998046875,183.82599868774415
2022-04-06,173.74180603027344,183.7100067138672,184.8699951171875,181.72999572753906,184.49000549316406,3143300,AXP,-0.9115357272130087,186.18800048828126,184.5789993286133
2022-04-07,172.9830780029297,182.38999938964844,183.27000427246094,179.11000061035156,181.52000427246094,4062400,AXP,-0.7185277208522911,185.26600036621093,185.21849899291993
2022-04-08,174.22549438476562,183.6999969482422,186.72000122070312,181.92999267578125,183.0,3075600,AXP,0.7182397954808684,184.5720001220703,186.0084991455078
2022-04-11,168.41168212890625,177.57000732421875,182.44000244140625,177.25,181.05999755859375,4816800,AXP,-3.3369568458678667,182.5540008544922,186.24749984741212
2022-04-12,166.4863739013672,175.5399932861328,179.25,174.7100067138672,176.57000732421875,4348900,AXP,-1.1432189865146603,180.58200073242188,186.2224998474121
2022-04-13,170.32745361328125,179.58999633789062,180.02000427246094,174.0,174.22999572753906,2980600,AXP,2.3071682845266173,179.75799865722655,186.17149963378907
2022-04-14,171.81649780273438,181.16000366210938,182.47000122070312,178.67999267578125,179.27000427246094,2667100,AXP,0.8742175824007825,179.51199951171876,185.88099975585936
2022-04-18,174.9652557373047,184.47999572753906,185.88999938964844,181.0,181.3300018310547,2182700,AXP,1.832629718655765,179.66799926757812,185.56899948120116
2022-04-19,177.5165557861328,187.1699981689453,188.08999633789062,184.7100067138672,185.00999450683594,2713800,AXP,1.458154002442158,181.58799743652344,185.4729995727539
2022-04-20,178.73997497558594,188.4600067138672,190.14999389648438,187.63999938964844,188.3300018310547,2256200,AXP,0.6892175869753769,184.1720001220703,185.32949981689453
2022-04-21,176.1602783203125,185.74000549316406,192.4199981689453,184.5800018310547,190.94000244140625,3973200,AXP,-1.443277684284927,185.402001953125,185.31549987792968
2022-04-22,171.22848510742188,180.5399932861328,185.5500030517578,180.32000732421875,185.42999267578125,4373700,AXP,-2.799618850674923,185.2779998779297,184.89799957275392
2022-04-25,174.6048583984375,184.10000610351562,184.25999450683594,177.99000549316406,179.97999572753906,4408900,AXP,1.9718693640032647,185.202001953125,184.58899993896483
2022-04-26,169.43597412109375,178.64999389648438,183.91000366210938,178.5399932861328,183.25,3728100,AXP,-2.960354169660817,183.4980010986328,184.03649978637696
2022-04-27,168.46856689453125,177.6300048828125,179.41000366210938,175.5,177.66000366210938,4085800,AXP,-0.5709426524038386,181.33200073242188,183.37099990844726
2022-04-28,172.59420776367188,181.97999572753906,183.88999938964844,177.61000061035156,180.35000610351562,2703200,AXP,2.4489054355407935,180.5799987792969,182.98199996948242
2022-04-29,165.6991729736328,174.7100067138672,182.30999755859375,174.3300018310547,180.08999633789062,3210100,AXP,-3.994938556079819,179.41400146484375,182.36750030517578
2022-05-02,162.7685089111328,171.6199951171875,174.8800048828125,167.50999450683594,174.64999389648438,3881800,AXP,-1.7686517531536605,176.91799926757812,181.5900001525879
2022-05-03,163.23326110839844,172.11000061035156,174.0,170.3300018310547,173.0,3152300,AXP,0.2855177176933621,175.61000061035156,180.8125
2022-05-04,168.64874267578125,177.82000732421875,178.1699981689453,171.1999969482422,172.22000122070312,2930400,AXP,3.317649580859827,175.64800109863282,180.43350067138672
2022-05-05,162.1900177001953,171.00999450683594,176.75999450683594,169.3300018310547,176.63999938964844,2987100,AXP,-3.8297224929060625,173.4540008544922,179.79850006103516
2022-05-06,158.52906799316406,167.14999389648438,169.99000549316406,165.00999450683594,169.1699981689453,3129800,AXP,-2.257178372225055,171.94199829101564,179.03649978637696
2022-05-09,152.71524047851562,161.02000427246094,166.02000427246094,160.3800048828125,165.02999877929688,4485200,AXP,-3.6673585688670296,169.8220001220703,177.9025001525879
2022-05-10,153.4834747314453,161.8300018310547,164.72999572753906,158.38999938964844,163.4199981689453,3014800,AXP,0.5030415706753777,167.76600036621093,177.1154998779297
2022-05-11,151.16929626464844,159.38999938964844,164.94000244140625,159.0399932861328,161.72999572753906,2644300,AXP,-1.507756543161587,164.0799987792969,176.30800018310546
2022-05-12,145.36497497558594,153.27000427246094,157.16000366210938,149.8800048828125,155.60000610351562,5314800,AXP,-3.839635573513256,160.53200073242186,174.99200057983398
2022-05-13,150.56228637695312,158.75,160.08999633789062,155.8800048828125,155.9600067138672,3625100,AXP,3.5753869477275657,158.852001953125,173.87150039672852
2022-05-16,148.3619384765625,156.42999267578125,158.74000549316406,154.32000732421875,157.41000366210938,2811300,AXP,-1.46142193651575,157.93399963378906,172.46900024414063
2022-05-17,153.50244140625,161.85000610351562,162.75999450683594,158.39999389648438,161.07000732421875,2928100,AXP,3.464817286649091,157.93800048828126,171.20300064086913
2022-05-18,148.0490264892578,156.10000610351562,160.85000610351562,155.39999389648438,160.7899932861328,2697700,AXP,-3.552672093396414,157.28000183105468,169.58500061035156
2022-05-19,146.05728149414062,154.0,156.4600067138672,153.25,153.57000732421875,2768300,AXP,-1.3452953372231402,157.4260009765625,167.99800033569335
2022-05-20,145.3365478515625,153.24000549316406,154.8000030517578,149.7100067138672,154.35000610351562,2982500,AXP,-0.49350292651684224,156.32400207519532,166.63300094604492
2022-05-23,150.83734130859375,159.0399932861328,159.55999755859375,156.02000427246094,156.61000061035156,2726600,AXP,3.784904453835636,156.84600219726562,165.38000030517577
2022-05-24,147.60325622558594,155.6300048828125,157.97000122070312,152.9199981689453,157.2899932861328,2817800,AXP,-2.1441074869673282,155.602001953125,164.2290008544922
2022-05-25,152.23150634765625,160.50999450683594,161.75999450683594,156.07000732421875,157.13999938964844,4381000,AXP,3.1356354629031857,156.48399963378907,163.37300033569335
2022-05-26,156.8408660888672,165.3699951171875,166.77000427246094,162.6999969482422,162.6999969482422,2463900,AXP,3.02784921604653,158.75799865722655,162.5425003051758
2022-05-27,160.85272216796875,169.60000610351562,169.67999267578125,166.0399932861328,167.0800018310547,2157500,AXP,2.5579071846320023,162.02999877929688,162.2870002746582
2022-05-31,160.1129608154297,168.82000732421875,170.77999877929688,167.0399932861328,167.94000244140625,4123500,AXP,-0.4599049240722297,163.98600158691406,162.14700088500976
2022-06-01,157.21078491210938,165.75999450683594,169.3699951171875,163.83999633789062,168.6999969482422,2276400,AXP,-1.8125889613936907,166.01199951171876,161.829500579834
2022-06-02,160.41644287109375,169.13999938964844,169.19000244140625,165.92999267578125,166.13999938964844,1707000,AXP,2.039095677378966,167.73800048828124,161.39550018310547
2022-06-03,158.22555541992188,166.8300018310547,168.0399932861328,165.97999572753906,166.89999389648438,1390700,AXP,-1.3657310907706721,168.03000183105468,161.1865005493164
2022-06-06,158.40577697753906,167.02000427246094,170.25999450683594,166.27000427246094,169.10000610351562,1486000,AXP,0.11388985153801823,167.51400146484374,161.18000106811525
2022-06-07,159.9897003173828,168.69000244140625,169.47999572753906,164.4499969482422,164.63999938964844,2083100,AXP,0.9998791319757228,167.48800048828124,161.5635009765625
2022-06-08,157.40045166015625,165.9600067138672,168.63999938964844,165.19000244140625,166.75,2313900,AXP,-1.618350636094934,167.5280029296875,161.77000122070314
2022-06-09,152.67730712890625,160.97999572753906,166.57000732421875,160.92999267578125,166.22000122070312,2273800,AXP,-3.000729564270388,165.89600219726563,161.84950103759766
2022-06-10,146.45562744140625,154.4199981689453,157.8800048828125,154.36000061035156,157.25999450683594,2733300,AXP,-4.075038969249722,163.41400146484375,161.90700073242186
2022-06-13,138.74497985839844,146.2899932861328,151.02999877929688,145.3800048828125,149.86000061035156,4156500,AXP,-5.264865288961962,159.26799926757812,161.28400039672852
2022-06-14,137.14212036132812,144.60000610351562,147.39999389648438,143.25,145.9499969482422,3574800,AXP,-1.1552308839824055,154.45,160.69250106811523
2022-06-15,138.67855834960938,146.22000122070312,147.88999938964844,143.44000244140625,146.69000244140625,3327800,AXP,1.1203285261466522,150.5019989013672,159.9110008239746
2022-06-16,130.40830993652344,137.5,142.60000610351562,136.49000549316406,142.58999633789062,4815100,AXP,-5.963617253388776,145.80599975585938,158.98100051879882
2022-06-17,136.74374389648438,144.17999267578125,145.55999755859375,137.58999633789062,138.0,10033600,AXP,4.858176491477262,143.75799865722655,158.4900001525879
2022-06-21,137.2938690185547,144.75999450683594,148.6999969482422,144.16000366210938,148.6999969482422,3518800,AXP,0.40227622452371214,143.45199890136718,158.06599960327148
2022-06-22,136.9429473876953,144.38999938964844,146.35000610351562,141.33999633789062,142.22999572753906,3419000,AXP,-0.2555921050204413,143.40999755859374,157.33349990844727
2022-06-23,134.34426879882812,141.64999389648438,144.6300048828125,139.47000122070312,144.52000427246094,3915000,AXP,-1.89764215302054,142.49599609375,156.63449935913087
2022-06-24,138.61216735839844,146.14999389648438,146.27000427246094,141.0,141.6300048828125,8957200,AXP,3.17684447151374,144.2259948730469,155.91649932861327
2022-06-27,136.8480987548828,144.2899932861328,148.77000427246094,143.9499969482422,147.99000549316406,3151500,AXP,-1.272665540902429,144.24799499511718,154.86249923706055
2022-06-28,134.85641479492188,142.19000244140625,149.50999450683594,141.85000610351562,146.0800018310547,2649300,AXP,-1.4553960374522945,143.73399658203124,153.49199905395508
2022-06-29,132.27667236328125,139.47000122070312,141.67999267578125,138.4499969482422,141.64999389648438,4164900,AXP,-1.912934224629459,142.7499969482422,152.0244987487793
2022-06-30,131.96258544921875,138.6199951171875,139.8699951171875,134.3000030517578,136.6999969482422,4123500,AXP,-0.609454431831935,142.1439971923828,150.66749877929686
2022-07-01,133.65704345703125,140.39999389648438,140.88999938964844,137.47000122070312,138.07000732421875,2625300,AXP,1.2840851550976362,140.9939971923828,149.23049850463866
2022-07-05,132.9430694580078,139.64999389648438,139.64999389648438,135.64999389648438,137.22000122070312,4057000,AXP,-0.5341880574104341,140.0659973144531,147.87149810791016
2022-07-06,131.51512145996094,138.14999389648438,140.5,137.85000610351562,139.2899932861328,4401300,AXP,-1.0741139030137514,139.25799560546875,146.42799758911133
2022-07-07,134.25682067871094,141.02999877929688,142.1699981689453,139.14999389648438,140.17999267578125,4258000,AXP,2.084694180276614,139.5699951171875,145.04499740600585
2022-07-08,134.9517364501953,141.75999450683594,143.11000061035156,139.72000122070312,141.74000549316406,3631800,AXP,0.5176173394721983,140.1979949951172,143.8349967956543
2022-07-11,133.82843017578125,140.5800018310547,142.30999755859375,139.83999633789062,140.47000122070312,2373600,AXP,-0.8323876421456489,140.23399658203124,142.81499710083008
2022-07-12,132.49562072753906,139.17999267578125,141.88999938964844,137.05999755859375,137.52999877929688,4047400,AXP,-0.995880734840171,140.13999633789064,142.05299682617186
2022-07-13,132.70506286621094,139.39999389648438,140.02000427246094,136.36000061035156,136.83999633789062,2753800,AXP,0.1580695734160642,140.38999633789064,141.70849685668946
2022-07-14,129.92532348632812,136.47999572753906,137.24000549316406,134.1199951171875,135.6999969482422,4600200,AXP,-2.0946903133393535,139.47999572753906,141.30249633789063
2022-07-15,135.6371612548828,142.47999572753906,143.11000061035156,138.8699951171875,139.7100067138672,3296600,AXP,4.396248672206915,139.62399597167968,141.11549606323243
2022-07-18,135.49435424804688,142.3300018310547,146.0500030517578,141.52000427246094,144.33999633789062,3330300,AXP,-0.10527365313177661,139.9739959716797,141.35699615478515
2022-07-19,140.6826171875,147.77999877929688,147.92999267578125,144.39999389648438,144.39999389648438,3372300,AXP,3.829127294406498,141.69399719238282,141.53699645996093
2022-07-20,141.77737426757812,148.92999267578125,149.10000610351562,146.3699951171875,146.8699951171875,2802300,AXP,0.7781796630015103,143.5999969482422,141.7454963684082
2022-07-21,142.96731567382812,150.17999267578125,150.3300018310547,146.4499969482422,148.2100067138672,4683000,AXP,0.8393205274113136,146.33999633789062,142.03499603271484
2022-07-22,145.66143798828125,153.00999450683594,160.8800048828125,152.6199951171875,159.00999450683594,9298400,AXP,1.884406691352214,148.44599609375,142.6029960632324
2022-07-25,146.4040069580078,153.7899932861328,154.77999877929688,151.2100067138672,154.25,4213800,AXP,0.5097698237366055,150.7379943847656,142.98499603271483
2022-07-26,142.63417053222656,149.8300018310547,153.5,148.83999633789062,152.72999572753906,2812700,AXP,-2.5749344092306448,151.1479949951172,143.26199645996093
2022-07-27,144.34771728515625,151.6300048828125,152.72000122070312,147.27000427246094,151.60000610351562,5029100,AXP,1.2013635652140309,151.68799743652343,143.73399658203124
2022-07-28,144.83323669433594,152.13999938964844,152.64999389648438,147.5399932861328,151.75999450683594,3587900,AXP,0.33634141687859387,152.0799987792969,144.36749649047852
2022-07-29,146.62294006347656,154.02000427246094,154.3800048828125,151.2899932861328,152.3699951171875,3197900,AXP,1.2357071712598033,152.28200073242186,145.1374969482422
2022-08-01,145.96607971191406,153.3300018310547,154.77000427246094,151.8000030517578,152.83999633789062,2295600,AXP,-0.4479953397388825,152.19000244140625,145.78399734497071
2022-08-02,144.3191680908203,151.60000610351562,153.3000030517578,150.83999633789062,152.02000427246094,2562900,AXP,-1.1282825975866384,152.54400329589845,146.38149795532226
2022-08-03,147.96519470214844,155.42999267578125,156.0399932861328,153.30999755859375,154.07000732421875,2609300,AXP,2.526376265216257,153.3040008544922,147.2454978942871
2022-08-04,149.33607482910156,156.8699951171875,157.7100067138672,155.25999450683594,156.02000427246094,3693300,AXP,0.9264636873592469,154.25,148.03749771118163
2022-08-05,149.9453582763672,157.50999450683594,158.0399932861328,156.0,156.47999572753906,2513600,AXP,0.4079807544905778,154.947998046875,148.82499771118165
2022-08-08,149.72637939453125,157.27999877929688,160.7899932861328,156.94000244140625,159.0,3080700,AXP,-0.1460197673545549,155.73799743652344,149.65999755859374
2022-08-09,151.17337036132812,158.8000030517578,158.94000244140625,157.27000427246094,157.63999938964844,2997900,AXP,0.9664320220359901,157.17799682617186,150.64099807739257
2022-08-10,154.6385498046875,162.44000244140625,164.2100067138672,161.63999938964844,161.77000427246094,3225400,AXP,2.2921910073654406,158.5799987792969,151.79299850463866
2022-08-11,155.16213989257812,162.99000549316406,164.9199981689453,162.17999267578125,164.36000061035156,1968200,AXP,0.33858842864533667,159.8040008544922,153.1184989929199
2022-08-12,157.875244140625,165.83999633789062,166.0,163.27999877929688,164.47000122070312,1942600,AXP,1.7485678561107276,161.47000122070312,154.2864990234375
2022-08-15,157.45635986328125,165.39999389648438,166.05999755859375,163.75999450683594,164.27999877929688,1852800,AXP,-0.2653174452016849,163.09400024414063,155.43999862670898
2022-08-16,157.4088134765625,165.35000610351562,165.97999572753906,163.9600067138672,165.0,1876000,AXP,-0.030222366876286877,164.40400085449218,156.31849899291993
2022-08-17,156.02841186523438,163.89999389648438,164.47999572753906,162.1999969482422,163.3000030517578,1804100,AXP,-0.8769350792303454,164.6959991455078,157.06699905395507
2022-08-18,156.7423858642578,164.64999389648438,164.99000549316406,163.33999633789062,163.92999267578125,1397700,AXP,0.4575961122205374,165.0279968261719,157.79049911499024
2022-08-19,154.44818115234375,162.24000549316406,163.92999267578125,162.00999450683594,163.5,1895400,AXP,-1.4637039129412166,164.30799865722656,158.25199966430665
2022-08-22,150.126220703125,157.6999969482422,159.19000244140625,156.97999572753906,158.97999572753906,1969300,AXP,-2.7983286434942634,162.76799926757812,158.4474998474121
2022-08-23,149.77398681640625,157.3300018310547,159.60000610351562,157.1999969482422,158.0,2885200,AXP,-0.23461960960527994,161.16399841308595,158.8224998474121
2022-08-24,151.48753356933594,159.1300048828125,159.55999755859375,156.2899932861328,157.02999877929688,2029200,AXP,1.1440939622505697,160.21000061035156,159.1974998474121
2022-08-25,154.43862915039062,162.22999572753906,162.3300018310547,158.77999877929688,160.0,1936300,AXP,1.948086941246241,159.7260009765625,159.70199966430664
2022-08-26,149.7549285888672,157.30999755859375,163.58999633789062,157.19000244140625,163.2100067138672,2373700,AXP,-3.032730258594296,158.73999938964843,159.8664993286133
2022-08-29,147.1179656982422,154.5399932861328,156.50999450683594,154.41000366210938,155.8800048828125,2693600,AXP,-1.7608571072726509,158.10799865722657,159.9269989013672
2022-08-30,147.2322235107422,154.66000366210938,156.1199951171875,152.89999389648438,155.63999938964844,2104500,AXP,0.0776565168825627,157.5739990234375,160.0799987792969
2022-08-31,144.6999969482422,152.0,156.3699951171875,151.83999633789062,155.55999755859375,3271600,AXP,-1.719904047022247,156.147998046875,159.90849914550782
2022-09-01,143.8527069091797,151.11000061035156,151.3699951171875,147.64999389648438,150.82000732421875,2425200,AXP,-0.5855259142423908,153.9239990234375,159.62049942016603
2022-09-02,142.59608459472656,149.7899932861328,153.97999572753906,148.92999267578125,153.47999572753906,2028500,AXP,-0.873540678239082,152.4199981689453,159.23449935913087
2022-09-06,141.4632568359375,148.60000610351562,151.30999755859375,146.5500030517578,150.0,2797600,AXP,-0.794437035819906,151.23200073242188,158.8004997253418
2022-09-07,144.9379425048828,152.25,152.6999969482422,148.3800048828125,148.39999389648438,1766400,AXP,2.4562542036113744,150.75,158.4729995727539
2022-09-08,146.14691162109375,153.52000427246094,153.69000244140625,149.50999450683594,150.9199981689453,3399200,AXP,0.8341571576098161,151.0540008544922,158.02699966430663
2022-09-09,150.83067321777344,158.44000244140625,158.58999633789062,154.3000030517578,154.4499969482422,3543500,AXP,3.2047928817234173,152.52000122070314,157.79949951171875
2022-09-12,154.64808654785156,162.4499969482422,163.4499969482422,159.33999633789062,159.5,4146300,AXP,2.5309230276734596,155.052001953125,157.62999954223633
2022-09-13,147.88906860351562,155.35000610351562,159.80999755859375,154.83999633789062,158.13999938964844,3519800,AXP,-4.370570008067576,156.402001953125,157.12750015258788
2022-09-14,148.79344177246094,156.3000030517578,157.55999755859375,153.5,156.17999267578125,2840200,AXP,0.6115203803784608,157.21200256347657,156.675
2022-09-15,148.63160705566406,156.1300048828125,158.7899932861328,155.89999389648438,156.42999267578125,2371600,AXP,-0.10876402151381859,157.73400268554687,156.2865005493164
2022-09-16,145.7281036376953,153.0800018310547,154.0800018310547,150.50999450683594,154.0800018310547,6527200,AXP,-1.9535021817536413,156.66200256347656,155.70800094604493
2022-09-19,147.89857482910156,155.36000061035156,155.47999572753906,150.6999969482422,151.25,2472500,AXP,1.489416482900996,155.24400329589844,155.3640007019043
2022-09-20,146.10887145996094,153.47999572753906,154.58999633789062,152.1300048828125,153.5800018310547,1725900,AXP,-1.2100958260985228,154.87000122070313,155.15300064086915
2022-09-21,141.56796264648438,148.7100067138672,154.80999755859375,148.66000366210938,154.6699981689453,2599900,AXP,-3.1078897227360236,153.352001953125,154.72200088500978
2022-09-22,136.1607666015625,143.02999877929688,148.88999938964844,142.47000122070312,148.82000732421875,3249400,AXP,-3.8195196544501653,150.73200073242188,153.917000579834
2022-09-23,133.52378845214844,140.25999450683594,141.9600067138672,138.08999633789062,140.77999877929688,3035600,AXP,-1.936659649095851,148.16799926757812,152.81850051879883
2022-09-26,130.8487091064453,137.4499969482422,141.2899932861328,136.6999969482422,140.0399932861328,3808700,AXP,-2.0034205537180383,144.58599853515625,151.82550048828125
2022-09-27,130.88682556152344,137.49000549316406,140.3800048828125,136.10000610351562,139.44000244140625,2828700,AXP,0.0291077088469871,141.38800048828125,150.9730010986328
2022-09-28,133.8093719482422,140.55999755859375,141.17999267578125,136.52000427246094,138.5,5269500,AXP,2.2328838044757493,139.75799865722655,150.26800079345702
2022-09-29,131.17239379882812,137.7899932861328,138.9499969482422,135.83999633789062,138.38999938964844,2280700,AXP,-1.970691747704556,138.70999755859376,149.55750045776367
2022-09-30,128.43072509765625,134.91000366210938,138.6699981689453,134.6199951171875,137.39999389648438,3717200,AXP,-2.090129736811064,137.63999938964844,148.74750061035155
2022-10-03,133.29531860351562,140.02000427246094,140.77000427246094,134.9199981689453,137.9499969482422,2677100,AXP,3.787710674999234,138.15400085449218,148.25900115966797
2022-10-04,138.47406005859375,145.4600067138672,145.5500030517578,143.02999877929688,143.02999877929688,2408800,AXP,3.8851608880261956,139.7480010986328,148.10200119018555
2022-10-05,137.43638610839844,144.3699951171875,145.2899932861328,142.0800018310547,142.9199981689453,2073800,AXP,-0.7493548373222914,140.51000061035157,147.70800094604493
2022-10-06,135.5419464111328,142.3800048828125,145.05999755859375,142.1300048828125,143.0500030517578,2526000,AXP,-1.3783959975614657,141.4280029296875,147.1510009765625
2022-10-07,132.3242950439453,139.0,141.2899932861328,138.0800018310547,140.4199981689453,2579600,AXP,-2.3739322706123334,142.24600219726562,146.1790008544922
2022-10-10,130.90585327148438,137.50999450683594,140.3800048828125,136.64999389648438,140.00999450683594,2893400,AXP,-1.0719463979597554,141.74400024414064,144.93200073242187
2022-10-11,130.75355529785156,137.35000610351562,139.2100067138672,135.38999938964844,136.3699951171875,2588700,AXP,-0.11634674548136603,140.12200012207032,144.03200073242186
2022-10-12,130.17286682128906,136.74000549316406,138.4499969482422,136.11000061035156,137.30999755859375,2397400,AXP,-0.44412128376013493,138.59600219726562,143.0540008544922
2022-10-13,135.26622009277344,141.5500030517578,142.5500030517578,130.64999389648438,131.35000610351562,5232300,AXP,3.5176227624432954,138.43000183105468,142.32500076293945
2022-10-14,130.7366485595703,136.80999755859375,143.8800048828125,136.13999938964844,142.9600067138672,3871900,AXP,-3.3486438650452532,137.99200134277345,141.5115005493164
2022-10-17,135.25668334960938,141.5399932861328,142.22000122070312,140.08999633789062,140.5800018310547,3139300,AXP,3.4573465477281795,138.79800109863282,140.82050018310548
2022-10-18,139.50914001464844,145.99000549316406,147.0500030517578,143.5500030517578,146.1300048828125,3963300,AXP,3.143996338925392,140.5260009765625,140.4460006713867
2022-10-19,137.5788116455078,143.97000122070312,147.07000732421875,142.60000610351562,145.42999267578125,2803900,AXP,-1.3836592893035515,141.9720001220703,140.20900039672853
2022-10-20,136.0975799560547,142.4199981689453,147.32000732421875,142.14999389648438,144.0,4319300,AXP,-1.0766152938914586,142.1459991455078,140.17850036621093
2022-10-21,133.82327270507812,140.0399932861328,141.32000732421875,132.2100067138672,140.99000549316406,11755400,AXP,-1.6711170575843037,142.79199829101563,140.1675003051758
2022-10-24,135.3426513671875,141.6300048828125,143.7899932861328,140.3699951171875,141.3000030517578,4299600,AXP,1.1353982240137173,142.81000061035155,140.3765007019043
2022-10-25,140.493408203125,147.02000427246094,147.44000244140625,141.60000610351562,142.47999572753906,3889100,AXP,3.8056903225472727,143.01600036621093,140.85300064086914
2022-10-26,140.35958862304688,146.8800048828125,149.5,146.47000122070312,147.55999755859375,3559100,AXP,-0.09522472152088124,143.5980010986328,141.16900100708008
2022-10-27,140.44561767578125,146.97000122070312,149.7100067138672,146.41000366210938,148.44000244140625,2101300,AXP,0.06127201450083497,144.50800170898438,141.62800140380858
2022-10-28,143.76158142089844,150.44000244140625,150.91000366210938,146.0500030517578,146.55999755859375,3383100,AXP,2.3610268707096704,146.58800354003907,142.40450134277344
2022-10-31,141.85989379882812,148.4499969482422,150.3000030517578,148.32000732421875,150.0,3042900,AXP,-1.3227901228857863,147.952001953125,142.8260009765625
2022-11-01,140.55075073242188,147.0800018310547,150.6300048828125,146.6300048828125,149.9600067138672,2675500,AXP,-0.9228663828569572,147.96400146484376,142.90700073242186
2022-11-02,137.129638671875,143.5,149.02999877929688,143.3699951171875,146.5800018310547,2851600,AXP,-2.4340507115079513,147.28800048828126,142.8635009765625
2022-11-03,133.1256561279297,139.30999755859375,142.1999969482422,138.77000427246094,141.08999633789062,3960500,AXP,-2.9198623285060954,145.75599975585936,142.71000061035156
2022-11-04,138.2954864501953,144.72000122070312,146.36000061035156,141.0,142.39999389648438,3322100,AXP,3.883428150828827,144.61199951171875,142.99600067138672
2022-11-07,140.4551544189453,146.97999572753906,147.5399932861328,143.75999450683594,146.1999969482422,2918000,AXP,1.5616324542378601,144.31799926757813,143.46950073242186
2022-11-08,143.53225708007812,150.1999969482422,151.33999633789062,147.13999938964844,147.44000244140625,3846000,AXP,2.1907751492061145,144.94199829101564,144.11200027465821
2022-11-09,139.3848876953125,145.86000061035156,149.47000122070312,145.66000366210938,149.47000122070312,2425500,AXP,-2.8894783129630564,145.41399841308595,144.56800003051757
2022-11-10,147.88023376464844,154.75,155.7899932861328,151.30999755859375,152.7899932861328,4701600,AXP,6.094885062695887,148.5019989013672,145.22799987792968
2022-11-11,148.01402282714844,154.88999938964844,158.8800048828125,154.6999969482422,156.49000549316406,3714600,AXP,0.09046810316539755,150.53599853515624,146.13199996948242
2022-11-14,147.2877655029297,154.1300048828125,156.5,153.05999755859375,153.3699951171875,3666500,AXP,-0.4906672540711088,151.96600036621095,146.7615005493164
2022-11-15,147.05841064453125,153.88999938964844,157.35000610351562,152.32000732421875,156.9600067138672,2916900,AXP,-0.15571626909798297,152.7040008544922,147.15650024414063
2022-11-16,145.79701232910156,152.57000732421875,155.91000366210938,151.85000610351562,154.2100067138672,2635300,AXP,-0.8577503870719205,154.04600219726564,147.5865005493164
2022-11-17,143.9527130126953,150.63999938964844,151.05999755859375,149.22000122070312,150.0,2769600,AXP,-1.264998257795813,153.2240020751953,147.99750061035155
2022-11-18,145.73013305664062,152.5,153.75999450683594,150.94000244140625,152.25,2631300,AXP,1.234732221115098,152.74600219726562,148.62050094604493
2022-11-21,146.02635192871094,152.80999755859375,153.4600067138672,151.88999938964844,152.25,2003500,AXP,0.20327708760246033,152.48200073242188,149.17950057983398
2022-11-22,147.71780395507812,154.5800018310547,155.14999389648438,153.2899932861328,154.10000610351562,2124600,AXP,1.1583039727372846,152.62000122070313,149.55750045776367
2022-11-23,147.0966339111328,153.92999267578125,154.99000549316406,152.8800048828125,153.8300018310547,1404400,AXP,-0.420500160159043,152.89199829101562,149.9099998474121
2022-11-25,147.306884765625,154.14999389648438,154.47000122070312,153.1699981689453,153.52000427246094,665800,AXP,0.1429229072767546,153.5939971923828,150.26899948120118
2022-11-28,144.1724853515625,150.8699951171875,153.77999877929688,150.3699951171875,152.69000244140625,1782900,AXP,-2.127796892096845,153.26799621582032,150.29049911499024
2022-11-29,147.56488037109375,154.4199981689453,154.47000122070312,150.52999877929688,150.9600067138672,2655700,AXP,2.353021254491572,153.58999633789062,150.5889991760254
2022-11-30,150.59414672851562,157.58999633789062,157.58999633789062,151.47999572753906,153.83999633789062,3914700,AXP,2.0528417345771155,154.1919952392578,151.1144989013672
2022-12-01,150.5081787109375,157.5,158.8699951171875,154.75,157.72000122070312,2670300,AXP,-0.05710790023604195,154.90599670410157,151.8144989013672
2022-12-02,149.79144287109375,156.75,157.27999877929688,155.0,155.22000122070312,2285400,AXP,-0.4761904761904745,155.42599792480468,152.6864990234375
2022-12-05,149.15121459960938,156.0800018310547,159.4499969482422,155.5500030517578,155.9600067138672,3013100,AXP,-0.4274310487689448,156.46799926757814,153.25449905395507
2022-12-06,147.8324737548828,154.6999969482422,158.33999633789062,153.32000732421875,155.75,3285100,AXP,-0.8841650862525308,156.5239990234375,153.64049911499023
2022-12-07,147.89932250976562,154.77000427246094,156.99000549316406,154.30999755859375,154.55999755859375,2879800,AXP,0.04525360413689672,155.96000061035156,153.86899948120117
2022-12-08,147.2781982421875,154.1199951171875,156.4199981689453,153.4499969482422,155.88999938964844,1632400,AXP,-0.4199839357303059,155.28399963378905,154.28199920654296
2022-12-09,147.06796264648438,153.89999389648438,155.13999938964844,152.6199951171875,153.99000549316406,1761200,AXP,-0.14274670884582008,154.71399841308593,154.2394989013672
2022-12-12,150.32656860351562,157.30999755859375,157.75999450683594,154.0,154.25999450683594,2773900,AXP,2.2157269638379606,154.95999755859376,154.36049880981446
2022-12-13,150.5272979736328,157.52000427246094,161.5500030517578,156.16000366210938,160.6199951171875,3110500,AXP,0.13349864415894697,155.5239990234375,154.52999877929688
2022-12-14,147.2686309814453,154.11000061035156,158.6199951171875,153.83999633789062,157.57000732421875,3556200,AXP,-2.1648067354106515,155.39199829101562,154.54099884033204
2022-12-15,143.5513458251953,150.22000122070312,152.27999877929688,146.47000122070312,151.64999389648438,4282200,AXP,-2.524170640608736,154.61199951171875,154.42349853515626
2022-12-16,139.80535888671875,146.3000030517578,148.58999633789062,144.14999389648438,148.58999633789062,4510600,AXP,-2.6095048176614344,153.09200134277344,154.2064987182617
2022-12-19,138.5726318359375,145.00999450683594,146.74000549316406,143.66000366210938,146.0399932861328,2546000,AXP,-0.8817556514099989,150.6320007324219,153.8319984436035
2022-12-20,139.23199462890625,145.6999969482422,146.5,144.25,144.99000549316406,1607800,AXP,0.4758309547923778,148.26799926757812,153.47649841308595
2022-12-21,140.56983947753906,147.10000610351562,147.77999877929688,146.3699951171875,147.05999755859375,2107100,AXP,0.9608848212747434,146.86600036621093,153.10249862670898
2022-12-22,138.85931396484375,145.30999755859375,146.6999969482422,142.72000122070312,146.0500030517578,2901100,AXP,-1.216865037831627,145.88399963378907,152.6714988708496
2022-12-23,140.493408203125,147.02000427246094,147.13999938964844,144.52000427246094,145.22999572753906,1671800,AXP,1.176799079621249,146.0279998779297,152.31499938964845
2022-12-27,139.891357421875,146.38999938964844,147.86000061035156,145.6699981689453,147.2899932861328,1858500,AXP,-0.42851643620208657,146.3040008544922,152.09099960327148
2022-12-28,137.61697387695312,144.00999450683594,146.82000732421875,143.94000244140625,146.2100067138672,1490200,AXP,-1.6257974538804398,145.96600036621095,151.57049942016602
2022-12-29,140.7801055908203,147.32000732421875,147.6199951171875,144.39999389648438,145.0800018310547,1758500,AXP,2.298460484439291,146.01000061035157,151.05699996948243
2022-12-30,141.1909942626953,147.75,147.92999267578125,145.72999572753906,146.00999450683594,2247200,AXP,0.29187663209582215,146.4980010986328,150.56949996948242
2023-01-03,140.58897399902344,147.1199951171875,150.4499969482422,145.72999572753906,149.5399932861328,2762200,AXP,-0.42639924386632666,146.51799926757812,150.0879997253418
2023-01-04,143.85714721679688,150.5399932861328,151.9600067138672,148.55999755859375,148.55999755859375,2620400,AXP,2.324631785245179,147.347998046875,149.8109992980957
2023-01-05,140.41458129882812,146.42999267578125,148.72000122070312,146.02000427246094,147.16000366210938,2505700,AXP,-2.7301719102243105,147.83199768066407,149.39749908447266
2023-01-06,144.00099182128906,150.1699981689453,150.42999267578125,145.47999572753906,147.74000549316406,3077400,AXP,2.5541253023518395,148.40199584960936,149.16749877929686
2023-01-09,144.22152709960938,150.39999389648438,152.4499969482422,150.10000610351562,151.35000610351562,3219400,AXP,0.15315690906536616,148.93199462890624,148.98149871826172
2023-01-10,145.75579833984375,152.0,152.17999267578125,149.27999877929688,150.50999450683594,2198400,AXP,1.0638338885950116,149.90799560546876,148.8864990234375
2023-01-11,147.596923828125,153.9199981689453,154.11000061035156,152.27000427246094,152.3000030517578,3113600,AXP,1.2631566900956015,150.58399658203126,148.71699905395508
2023-01-12,148.55581665039062,154.9199981689453,155.75,152.39999389648438,154.75999450683594,3322400,AXP,0.6496881574169278,152.28199768066406,148.5869987487793
2023-01-13,149.36135864257812,155.75999450683594,156.25,152.3000030517578,153.24000549316406,2391300,AXP,0.5422129794854458,153.39999694824218,148.66949844360352
2023-01-17,147.4339141845703,153.75,156.10000610351562,153.3699951171875,155.5399932861328,3073400,AXP,-1.2904433601194865,154.06999816894532,148.84599838256835
2023-01-18,144.24069213867188,150.4199981689453,154.75999450683594,150.32000732421875,154.49000549316406,2762400,AXP,-2.1658548494664642,153.75399780273438,149.05199813842773
2023-01-19,140.81736755371094,146.85000610351562,148.0,144.1999969482422,146.61000061035156,3852300,AXP,-2.3733493610470724,152.33999938964843,149.1439987182617
2023-01-20,145.37225341796875,151.60000610351562,151.77999877929688,147.72000122070312,147.9600067138672,3954800,AXP,3.234592987794427,151.6760009765625,149.4389991760254
2023-01-23,147.6736602783203,154.0,155.05999755859375,151.5500030517578,152.0,3608700,AXP,1.5831093666616392,151.32400207519532,149.78399887084962
2023-01-24,148.94900512695312,155.3300018310547,156.6699981689453,152.66000366210938,152.9199981689453,2348500,AXP,0.8636375526329232,151.64000244140624,150.28499908447264
2023-01-25,150.32981872558594,156.77000427246094,157.05999755859375,153.3699951171875,153.49000549316406,2916500,AXP,0.9270600813952701,152.91000366210938,150.77249908447266
2023-01-26,149.4763641357422,155.8800048828125,158.22999572753906,154.2899932861328,157.64999389648438,3640300,AXP,-0.5677102541259416,154.71600341796875,151.24699935913085
2023-01-27,165.23143005371094,172.30999755859375,175.5399932861328,165.5,166.8000030517578,13997300,AXP,10.5401540679531,158.85800170898438,152.66199951171876
2023-01-30,165.56707763671875,172.66000366210938,177.86000061035156,172.50999450683594,174.7899932861328,10240700,AXP,0.2031258246617984,162.59000244140626,153.9289993286133
2023-01-31,167.74378967285156,174.92999267578125,175.30999755859375,171.89999389648438,172.91000366210938,5170900,AXP,1.3147161852922196,166.51000061035157,155.28799896240236
2023-02-01,166.47804260253906,173.61000061035156,175.1199951171875,171.92999267578125,173.3800048828125,3725200,AXP,-0.7545830450448765,169.87799987792968,156.61249923706055
2023-02-02,166.01779174804688,173.1300048828125,175.22000122070312,171.0800018310547,174.16000366210938,6895500,AXP,-0.27647930755807515,173.3279998779297,157.74199981689452
2023-02-03,171.51239013671875,178.86000061035156,180.39999389648438,171.2100067138672,171.55999755859375,5305100,AXP,3.3096491456911625,174.63800048828125,159.36350021362304
2023-02-06,169.23016357421875,176.47999572753906,177.75,175.69000244140625,176.74000549316406,3397800,AXP,-1.3306523955556537,175.4019989013672,160.67900009155272
2023-02-07,171.3589324951172,178.6999969482422,179.02999877929688,174.75,175.0500030517578,3526300,AXP,1.2579336323933932,176.15599975585937,162.09400024414063
2023-02-08,171.64662170410156,179.0,180.10000610351562,177.8800048828125,179.75,2926500,AXP,0.1678808376503138,177.23399963378907,163.44400024414062
2023-02-09,172.00143432617188,179.3699951171875,182.0800018310547,178.47999572753906,179.14999389648438,3557900,AXP,0.20670118278631744,178.48199768066405,164.71650009155275
2023-02-10,171.8863525390625,179.25,179.72999572753906,176.49000549316406,178.57000732421875,2586200,AXP,-0.06689809915482181,178.55999755859375,165.93300018310546
2023-02-13,173.8809051513672,181.3300018310547,181.3800048828125,178.27999877929688,179.24000549316406,3102400,AXP,1.1603915375479446,179.52999877929688,167.2115005493164
2023-02-14,173.58363342285156,181.02000427246094,182.14999389648438,178.7899932861328,180.30999755859375,2325900,AXP,-0.17095767686726715,179.99400024414064,168.57500076293945
2023-02-15,173.24801635742188,180.6699981689453,180.74000549316406,178.5,178.9199981689453,1501200,AXP,-0.19335216840942193,180.3279998779297,170.08750076293944
2023-02-16,170.63018798828125,177.94000244140625,179.8800048828125,177.67999267578125,179.47999572753906,1899100,AXP,-1.5110398822200888,180.04200134277343,171.642000579834
2023-02-17,170.0164794921875,177.3000030517578,177.61000061035156,174.66000366210938,176.0500030517578,2355300,AXP,-0.3596714515383792,179.652001953125,172.9270004272461
2023-02-21,166.3533935546875,173.47999572753906,176.5,173.32000732421875,175.1199951171875,2713300,AXP,-2.154544421019333,178.08200073242188,173.90100021362304
2023-02-22,167.5232696533203,174.6999969482422,176.02000427246094,172.92999267578125,173.55999755859375,2468800,AXP,0.7032518162031876,176.81799926757813,174.86949996948243
2023-02-23,167.94520568847656,175.13999938964844,176.60000610351562,172.86000061035156,175.24000549316406,2575300,AXP,0.25186173388234145,175.71199951171874,175.7879997253418
2023-02-24,167.0917510986328,174.25,174.94000244140625,172.19000244140625,173.69000244140625,1667400,AXP,-0.5081645499315002,174.9739990234375,176.70649948120118
2023-02-27,166.1807861328125,173.3000030517578,175.69000244140625,173.0800018310547,175.52999877929688,1909000,AXP,-0.5451919358635204,174.1739990234375,176.75599975585936
2023-02-28,166.84243774414062,173.99000549316406,175.33999633789062,173.5800018310547,174.00999450683594,2301400,AXP,0.39815489281911365,174.2760009765625,176.8224998474121
2023-03-01,168.6835479736328,175.91000366210938,177.1999969482422,173.00999450683594,173.50999450683594,2566500,AXP,1.1035106088439939,174.51800231933595,176.87150039672852
2023-03-02,168.13697814941406,175.33999633789062,175.8300018310547,172.66000366210938,174.0399932861328,1795000,AXP,-0.32403349005303284,174.55800170898436,176.95800018310547
2023-03-03,171.73291015625,179.08999633789062,179.38999938964844,175.22999572753906,176.00999450683594,2875600,AXP,2.1387019951645936,175.5260009765625,177.25599975585936
2023-03-06,171.7041473388672,179.05999755859375,180.52000427246094,178.4600067138672,178.55999755859375,2730700,AXP,-0.016750672795973198,176.6779998779297,177.2659996032715
2023-03-07,168.11781311035156,175.32000732421875,178.89999389648438,175.0800018310547,178.6699981689453,2906400,AXP,-2.0886799315135485,176.94400024414062,177.20800018310547
2023-03-08,167.64793395996094,174.8300018310547,176.22000122070312,173.57000732421875,175.8300018310547,2101400,AXP,-0.279492056065167,176.72799987792968,177.0145004272461
2023-03-09,165.0492706298828,172.1199951171875,180.27000427246094,171.9600067138672,179.60000610351562,4349400,AXP,-1.5500810418602962,176.08399963378906,176.67050018310547
2023-03-10,158.8929901123047,165.6999969482422,170.8300018310547,164.83999633789062,170.8300018310547,5104300,AXP,-3.7299548867487875,173.40599975585937,175.98700027465821
2023-03-13,151.15451049804688,157.6300048828125,161.99000549316406,157.4199981689453,161.49000549316406,6123200,AXP,-4.870242736305186,169.12000122070313,174.90600051879883
2023-03-14,157.17652893066406,163.91000366210938,164.32000732421875,160.8800048828125,161.5,5284000,AXP,3.9840122976368963,166.83800048828124,174.03500061035157
2023-03-15,153.24493408203125,159.80999755859375,159.9600067138672,155.92999267578125,157.91000366210938,6100800,AXP,-2.501376372346098,163.83399963378906,172.9745002746582
2023-03-16,154.1271514892578,160.72999572753906,161.9199981689453,156.10000610351562,158.05999755859375,4737300,AXP,0.5756824873287325,161.55599975585938,171.97750015258788
2023-03-17,150.09011840820312,156.52000427246094,158.64999389648438,154.89999389648438,158.22000122070312,7447200,AXP,-2.619294199580946,159.72000122070312,170.90650024414063
2023-03-20,152.2189178466797,158.74000549316406,160.69000244140625,157.57000732421875,158.3699951171875,3054300,AXP,1.4183498339539247,159.94200134277344,169.97850036621094
2023-03-21,157.79981994628906,164.55999755859375,164.57000732421875,161.6999969482422,162.94000244140625,3986800,AXP,3.6663675595502765,160.0720001220703,169.53250045776366
2023-03-22,156.06419372558594,162.75,166.77000427246094,162.5,164.6300048828125,4367300,AXP,-1.0999013037474525,160.66000061035157,168.93500061035155
2023-03-23,156.07376098632812,162.75999450683594,166.24000549316406,160.82000732421875,162.6699981689453,3727500,AXP,0.006141018025163092,161.06600036621094,168.31600036621094
2023-03-24,153.21617126464844,159.77999877929688,160.7100067138672,157.82000732421875,160.52000427246094,2588700,AXP,-1.8309141239335136,161.71799926757814,167.59250030517578
2023-03-27,156.41900634765625,163.1199951171875,164.47000122070312,161.8300018310547,163.9499969482422,3984300,AXP,2.090371988614259,162.5939971923828,167.08349990844727
2023-03-28,152.66958618164062,159.2100067138672,162.58999633789062,158.19000244140625,162.2100067138672,4883700,AXP,-2.397001299878243,161.5239990234375,166.34449996948243
2023-03-29,156.8696746826172,163.58999633789062,164.19000244140625,161.0800018310547,161.6999969482422,3884800,AXP,2.7510768414796827,161.69199829101564,165.72849960327147
2023-03-30,155.73814392089844,162.41000366210938,164.9600067138672,161.80999755859375,163.9600067138672,2644800,AXP,-0.7213110227987318,161.62200012207032,165.0819999694824
2023-03-31,158.17379760742188,164.9499969482422,165.0800018310547,161.75,163.6699981689453,3594300,AXP,1.5639389377868795,162.65599975585937,164.375
2023-04-03,157.0518798828125,163.77999877929688,165.24000549316406,162.67999267578125,164.11000061035156,2704400,AXP,-0.7093047533140773,162.78800048828126,163.61100006103516
2023-04-04,155.88198852539062,162.55999755859375,165.19000244140625,160.8300018310547,165.00999450683594,2063500,AXP,-0.7449024482819477,163.45799865722657,162.9729995727539
2023-04-05,155.0349884033203,161.0800018310547,161.60000610351562,160.19000244140625,160.55999755859375,2346800,AXP,-0.9104304563031351,162.95599975585938,162.2854995727539
2023-04-06,152.86944580078125,158.8300018310547,160.7899932861328,158.22999572753906,160.6300048828125,3754500,AXP,-1.3968214392993783,162.23999938964843,161.62099990844726
2023-04-10,155.09274291992188,161.13999938964844,161.1699981689453,157.8000030517578,158.0399932861328,2372600,AXP,1.4543836378286157,161.47799987792968,161.39300003051758
2023-04-11,155.75685119628906,161.8300018310547,162.5800018310547,160.32000732421875,161.6699981689453,2742300,AXP,0.42820059824983936,161.08800048828124,161.60299987792968
2023-04-12,153.3122100830078,159.2899932861328,163.22000122070312,158.8699951171875,163.22000122070312,2817600,AXP,-1.5695535538419847,160.43399963378906,161.37199935913085
2023-04-13,156.20921325683594,162.3000030517578,162.4199981689453,158.97999572753906,159.8000030517578,2729000,AXP,1.889641466817138,160.6779998779297,161.49649963378906
2023-04-14,157.09469604492188,163.22000122070312,164.77000427246094,161.4600067138672,164.24000549316406,2618100,AXP,0.5668503707001893,161.55599975585938,161.62099990844726
2023-04-17,157.5663299560547,163.7100067138672,163.74000549316406,160.88999938964844,161.94000244140625,2622300,AXP,0.30021167105707125,162.07000122070312,161.9805000305176
2023-04-18,158.23043823242188,164.39999389648438,165.0500030517578,163.27999877929688,164.60000610351562,2444500,AXP,0.42146915540914875,162.58399963378906,162.26349945068358
2023-04-19,158.75979614257812,164.9499969482422,166.5500030517578,163.74000549316406,164.3699951171875,3768600,AXP,0.3345517470664472,163.71600036621095,162.28299942016602
2023-04-20,157.15243530273438,163.27999877929688,163.75,154.00999450683594,159.0,10832400,AXP,-1.0124269171519429,163.91199951171876,162.30949935913085
2023-04-21,157.63369750976562,163.77999877929688,164.77000427246094,161.22999572753906,163.02000427246094,3882500,AXP,0.3062224422697657,164.0239990234375,162.3604995727539
2023-04-24,154.5634002685547,160.58999633789062,164.3000030517578,160.39999389648438,164.22999572753906,2473500,AXP,-1.9477362713288149,163.39999694824218,162.4009994506836
2023-04-25,150.26113891601562,156.1199951171875,159.25,155.97000122070312,158.91000366210938,3421300,AXP,-2.7834867193707313,161.7439971923828,162.0509994506836
2023-04-26,149.8761444091797,155.72000122070312,157.25999450683594,155.0800018310547,155.77000427246094,2789100,AXP,-0.25620926786740217,159.897998046875,161.8764991760254
2023-04-27,152.5037078857422,158.4499969482422,158.6999969482422,155.91000366210938,156.5399932861328,2143500,AXP,1.753143916091937,158.93199768066407,161.61949920654297
2023-04-28,155.28524780273438,161.33999633789062,161.3800048828125,156.8800048828125,157.3000030517578,2380100,AXP,1.823918867346186,158.44399719238282,161.56599884033204
2023-05-01,153.3411102294922,159.32000732421875,161.85000610351562,158.67999267578125,161.85000610351562,1803600,AXP,-1.2520075985631318,158.18999938964845,161.28449935913085
2023-05-02,147.4988250732422,153.25,158.35000610351562,151.91000366210938,158.35000610351562,4925600,AXP,-3.809946676606779,157.61600036621093,160.75799942016602
2023-05-03,146.4978790283203,152.2100067138672,154.97999572753906,151.83999633789062,153.25999450683594,2655300,AXP,-0.6786253090589334,156.91400146484375,160.2404998779297
2023-05-04,143.22547912597656,148.80999755859375,151.25,147.39999389648438,151.02999877929688,3997900,AXP,-2.233761911373522,154.98600158691406,159.62699966430665
2023-05-05,146.92135620117188,152.64999389648438,153.32000732421875,151.1199951171875,151.2899932861328,2223200,AXP,2.5804693238964838,153.2480010986328,159.31799926757813
2023-05-08,147.29673767089844,153.0399932861328,154.5800018310547,152.9499969482422,153.41000366210938,2271600,AXP,0.25548601719100894,151.99199829101562,158.91299896240236
2023-05-09,147.62399291992188,153.3800048828125,153.72999572753906,151.8800048828125,152.0,2322700,AXP,0.2221717273889201,152.01799926757812,158.49049911499023
2023-05-10,143.10035705566406,148.67999267578125,154.6699981689453,147.9499969482422,153.61000061035156,4602600,AXP,-3.064292644026334,151.31199645996094,157.95999908447266
2023-05-11,142.43626403808594,147.99000549316406,148.5,146.27999877929688,147.97000122070312,2900300,AXP,-0.4640753407365361,151.147998046875,157.24449920654297
2023-05-12,142.37847900390625,147.92999267578125,149.32000732421875,147.08999633789062,149.32000732421875,2320000,AXP,-0.04055193942511526,150.20399780273436,156.47999877929686
2023-05-15,144.37083435058594,150.0,150.2100067138672,147.92999267578125,148.17999267578125,2271900,AXP,1.3993155051089667,149.59599914550782,155.79449844360352
2023-05-16,142.84048461914062,148.41000366210938,152.41000366210938,148.3699951171875,150.19000244140625,1960200,AXP,-1.0599975585937504,148.60199890136718,154.99499893188477
2023-05-17,146.38238525390625,152.08999633789062,152.88999938964844,149.3000030517578,149.82000732421875,2446500,AXP,2.479612280153054,149.28399963378905,154.35199890136718
2023-05-18,147.72023010253906,153.47999572753906,154.1199951171875,151.05999755859375,152.25,2629800,AXP,0.913932160640174,150.38199768066406,153.86199874877929
2023-05-19,147.21009826660156,152.9499969482422,154.9199981689453,152.13999938964844,154.57000732421875,2258600,AXP,-0.3453210803040063,151.38599853515626,153.32049865722655
2023-05-22,149.67405700683594,155.50999450683594,155.89999389648438,153.27999877929688,153.6699981689453,2483800,AXP,1.6737480285534456,152.48799743652344,153.06649856567384
2023-05-23,146.83474731445312,152.55999755859375,155.75999450683594,152.5,154.47000122070312,2928400,AXP,-1.8969822213661724,153.3179962158203,152.88849868774415
2023-05-24,145.0637969970703,150.72000122070312,151.6999969482422,150.1199951171875,151.5,2308400,AXP,-1.2060804715101958,153.04399719238282,152.63849868774415
2023-05-25,145.41030883789062,151.0800018310547,151.5,149.3699951171875,149.60000610351562,3234300,AXP,0.23885390620743685,152.56399841308593,152.26999893188477
2023-05-26,151.33914184570312,157.24000549316406,158.25,152.52999877929688,152.80999755859375,4015400,AXP,4.077312408956546,153.4220001220703,152.06499938964845
2023-05-30,152.08021545410156,158.00999450683594,158.9499969482422,156.66000366210938,157.14999389648438,3268200,AXP,0.4896902739585318,153.9220001220703,151.9994987487793
2023-05-31,152.60955810546875,158.55999755859375,159.60000610351562,156.25999450683594,157.6699981689453,5588500,AXP,0.34808117896238944,155.12200012207032,152.26499862670897
2023-06-01,156.61349487304688,162.72000122070312,163.99000549316406,158.22999572753906,159.05999755859375,4087200,AXP,2.623614862615087,157.52200012207032,152.79049835205078
2023-06-02,162.2342987060547,168.55999755859375,169.85000610351562,164.49000549316406,164.99000549316406,4820500,AXP,3.58898493982287,161.01799926757812,153.7779983520508
2023-06-05,161.14669799804688,167.42999267578125,168.24000549316406,165.8300018310547,168.24000549316406,2870900,AXP,-0.6703873393328008,163.05599670410157,154.51699829101562
2023-06-06,165.3719482421875,171.82000732421875,172.64999389648438,167.5,167.85000610351562,3631500,AXP,2.6220001436292995,165.81799926757813,155.45599899291992
2023-06-07,165.1121063232422,171.5500030517578,173.64999389648438,170.6999969482422,173.64999389648438,2789000,AXP,-0.15714367416563846,168.41600036621094,156.3644989013672
2023-06-08,164.71749877929688,171.13999938964844,171.52999877929688,169.55999755859375,170.64999389648438,2354400,AXP,-0.2389995073247997,170.1,157.48749923706055
2023-06-09,165.2757110595703,171.72000122070312,172.22000122070312,170.94000244140625,171.94000244140625,2200900,AXP,0.33890489255767875,170.73200073242188,158.6739990234375
2023-06-12,167.1236572265625,173.63999938964844,173.92999267578125,171.92999267578125,172.00999450683594,2609600,AXP,1.1180981570560578,171.9740020751953,159.95949935913086
2023-06-13,168.5673828125,175.13999938964844,176.1199951171875,174.2100067138672,174.41000366210938,2480400,AXP,0.8638562573557662,172.63800048828125,161.21649932861328
2023-06-14,167.92251586914062,174.47000122070312,177.0399932861328,173.38999938964844,176.02000427246094,2326100,AXP,-0.382550057828146,173.2220001220703,162.51949920654297
2023-06-15,167.28726196289062,173.80999755859375,174.52999877929688,169.57000732421875,171.41000366210938,2797600,AXP,-0.37829062732365193,173.75599975585936,163.60549926757812
2023-06-16,165.7473602294922,172.2100067138672,174.5800018310547,171.5500030517578,174.1999969482422,4616900,AXP,-0.9205401686903425,173.8540008544922,164.54199981689453
2023-06-20,163.05238342285156,169.41000366210938,171.22000122070312,168.3300018310547,171.0,2865700,AXP,-1.625923548339503,173.00800170898438,165.3650001525879
2023-06-21,161.6183319091797,167.9199981689453,169.10000610351562,166.9499969482422,169.10000610351562,2813600,AXP,-0.8795262741012055,171.56400146484376,165.98550033569336
2023-06-22,161.945556640625,168.25999450683594,168.5,165.22999572753906,167.27999877929688,2755900,AXP,0.20247519151861404,170.3220001220703,166.77050018310547
2023-06-23,161.76268005371094,168.07000732421875,168.60000610351562,165.74000549316406,166.0,4214400,AXP,-0.11291286629007136,169.17400207519532,167.63800048828125
2023-06-26,160.83871459960938,167.11000061035156,170.5,167.05999755859375,168.52999877929688,2507100,AXP,-0.5711945451488343,168.15400085449218,168.4395004272461
2023-06-27,161.87818908691406,168.19000244140625,168.3800048828125,166.17999267578125,166.35000610351562,2433900,AXP,0.6462819861828173,167.91000061035157,168.98700027465821
2023-06-28,163.40853881835938,169.77999877929688,169.8699951171875,167.1999969482422,167.25999450683594,2289000,AXP,0.9453572238602881,168.28200073242186,169.57550048828125
2023-06-29,165.6221923828125,172.0800018310547,172.30999755859375,170.32000732421875,170.5800018310547,2899200,AXP,1.3546961175018524,169.04600219726564,170.2515007019043
2023-06-30,167.6626434326172,174.1999969482422,175.08999633789062,173.3300018310547,174.24000549316406,3371300,AXP,1.2319822725646468,170.27200012207032,170.82550048828125
2023-07-03,168.85610961914062,175.44000244140625,176.3300018310547,173.6999969482422,174.3000030517578,1700200,AXP,0.7118286537814766,171.93800048828126,171.16950073242188
2023-07-05,168.9812469482422,175.57000732421875,176.57000732421875,174.0399932861328,174.3800048828125,2487800,AXP,0.07410218935439694,173.41400146484375,171.57650146484374
2023-07-06,165.08917236328125,170.94000244140625,172.30999755859375,168.22999572753906,171.74000549316406,3157300,AXP,-2.63712746463719,173.64600219726563,171.53250122070312
2023-07-07,163.9882049560547,169.8000030517578,171.57000732421875,168.6699981689453,169.1300048828125,2145300,AXP,-0.6669003003198171,173.19000244140625,171.44500122070312
2023-07-10,165.83279418945312,171.7100067138672,171.8300018310547,169.4499969482422,169.86000061035156,1865600,AXP,1.124854904464967,172.69200439453124,171.47350158691407
2023-07-11,168.66253662109375,174.63999938964844,175.5800018310547,172.32000732421875,172.5,2281900,AXP,1.7063610513181837,172.5320037841797,171.61950149536133
2023-07-12,168.3631591796875,174.3300018310547,177.91000366210938,174.30999755859375,177.0,2305800,AXP,-0.17750661914633925,172.28400268554688,171.65400161743165
2023-07-13,168.2762451171875,174.24000549316406,176.10000610351562,173.89999389648438,175.4199981689453,2080400,AXP,-0.051624124904126045,172.94400329589843,171.60900192260743
2023-07-14,167.45530700683594,173.38999938964844,175.66000366210938,172.52000427246094,175.36000061035156,1829500,AXP,-0.4878363617527359,173.66200256347656,171.55500183105468
2023-07-17,169.38685607910156,175.38999938964844,176.25999450683594,172.83999633789062,172.94000244140625,2144100,AXP,1.1534690622528432,174.39800109863282,171.6340019226074
2023-07-18,171.94615173339844,178.0399932861328,178.44000244140625,174.42999267578125,175.19000244140625,2685700,AXP,1.5109150497213397,175.0779998779297,171.9255012512207
2023-07-19,171.0576629638672,177.1199951171875,178.7899932861328,176.30999755859375,178.25,2749100,AXP,-0.5167368027624852,175.63599853515626,172.3110008239746
2023-07-20,171.04798889160156,177.11000061035156,177.22000122070312,174.0500030517578,175.55999755859375,3940700,AXP,-0.005642788567894463,176.20999755859376,172.77050094604493
2023-07-21,164.393798828125,170.22000122070312,173.33999633789062,167.4199981689453,172.1699981689453,9102100,AXP,-3.890237347357184,175.57599792480468,172.86850128173828
2023-07-24,162.0469970703125,167.7899932861328,169.0,166.92999267578125,167.58999633789062,4979900,AXP,-1.4275689796404256,174.05599670410157,172.854500579834
2023-07-25,160.80111694335938,166.5,168.9499969482422,166.4199981689453,167.35000610351562,3286700,AXP,-0.7688141949758531,171.747998046875,172.8240005493164
2023-07-26,162.0083465576172,167.75,168.42999267578125,166.05999755859375,166.1699981689453,2352000,AXP,0.7507507507507505,169.8739990234375,172.8020004272461
2023-07-27,158.00039672851562,163.60000610351562,168.5399932861328,163.1699981689453,168.52999877929688,3944200,AXP,-2.473915884640465,167.1720001220703,172.49300079345704
2023-07-28,159.7677459716797,165.42999267578125,166.5800018310547,164.63999938964844,165.2899932861328,2925900,AXP,1.1185736576976302,166.21399841308593,172.16050033569337
2023-07-31,163.09970092773438,168.8800048828125,168.99000549316406,166.50999450683594,166.50999450683594,3345900,AXP,2.0854816900057305,166.43200073242187,171.89450073242188
2023-08-01,163.84335327148438,169.64999389648438,169.80999755859375,167.25999450683594,167.9499969482422,2340100,AXP,0.4559385311518449,167.06199951171874,171.6050003051758
2023-08-02,161.0426025390625,166.75,167.75,166.0500030517578,167.27999877929688,2236200,AXP,-1.709398173190546,166.86199951171875,171.16399993896485
2023-08-03,160.71420288085938,166.41000366210938,166.66000366210938,165.02999877929688,165.83999633789062,1708700,AXP,-0.20389585480696804,167.4239990234375,170.9375
2023-08-04,159.7484588623047,165.41000366210938,168.10000610351562,165.05999755859375,166.52999877929688,2256000,AXP,-0.6009254119304419,167.4200012207031,170.71800003051757
2023-08-07,161.24539184570312,166.9600067138672,167.3300018310547,166.13999938964844,166.85000610351562,2027200,AXP,0.9370672978909367,167.03600158691407,170.4805000305176
2023-08-08,160.1926727294922,165.8699951171875,165.99000549316406,163.58999633789062,164.89999389648438,2102900,AXP,-0.6528579018014291,166.28000183105468,170.04199981689453
2023-08-09,158.21287536621094,163.82000732421875,166.2899932861328,163.5,165.94000244140625,2445200,AXP,-1.2359003154973403,165.69400329589843,169.51650009155273
2023-08-10,157.9424591064453,163.5399932861328,166.5,162.72000122070312,164.7100067138672,2556000,AXP,-0.17092786324429676,165.12000122070313,168.98149948120118
2023-08-11,159.6132354736328,165.27000427246094,165.77999877929688,162.60000610351562,162.6699981689453,2102500,AXP,1.0578519367438588,165.09200134277344,168.57549972534179
2023-08-14,160.39549255371094,166.0800018310547,166.47999572753906,163.77000427246094,164.3300018310547,1827300,AXP,0.4901056075840682,164.91600036621094,168.1099998474121
2023-08-15,156.3682403564453,161.91000366210938,164.80999755859375,161.6999969482422,164.38999938964844,2447600,AXP,-2.5108370200930374,164.1240020751953,167.30350036621093
2023-08-16,155.2576141357422,160.75999450683594,162.9600067138672,160.63999938964844,161.27000427246094,1994900,AXP,-0.7102767767663054,163.51199951171876,166.48550033569336
2023-08-17,155.08377075195312,160.5800018310547,162.61000061035156,160.3800048828125,161.91000366210938,2473000,AXP,-0.11196359911146425,162.9200012207031,165.65900039672852
2023-08-18,154.7457275390625,160.22999572753906,160.8000030517578,158.94000244140625,159.22999572753906,2139500,AXP,-0.2179636938127949,161.91199951171876,165.1595001220703
2023-08-21,155.37347412109375,160.8800048828125,161.64999389648438,160.0800018310547,160.8800048828125,2070500,AXP,0.40567257854686734,160.87200012207032,164.8140007019043
2023-08-22,153.63510131835938,159.0800018310547,161.25999450683594,158.61000061035156,160.75999450683594,2255500,AXP,-1.118848208059764,160.30599975585938,164.44300079345703
2023-08-23,153.9827880859375,159.44000244140625,160.0800018310547,158.6999969482422,159.3300018310547,2042500,AXP,0.22630161315555508,160.04200134277343,164.02750091552736
2023-08-24,152.38925170898438,157.7899932861328,161.4199981689453,157.74000549316406,159.00999450683594,2468600,AXP,-1.0348777784795926,159.48399963378907,163.73700027465821
2023-08-25,152.901123046875,158.32000732421875,159.63999938964844,157.3300018310547,158.44000244140625,2969200,AXP,0.33589838433214503,159.102001953125,163.3815010070801
2023-08-28,153.7413330078125,159.19000244140625,160.91000366210938,158.75999450683594,158.97999572753906,2509900,AXP,0.5495168500124326,158.76400146484374,162.89700088500976
2023-08-29,154.75540161132812,160.24000549316406,160.7899932861328,158.3000030517578,158.88999938964844,2175800,AXP,0.659591077111954,158.99600219726562,162.42650146484374
2023-08-30,154.6877899169922,160.1699981689453,161.86000061035156,160.1199951171875,160.27000427246094,3039900,AXP,-0.04368904257291417,159.14200134277343,162.097501373291
2023-08-31,152.58241271972656,157.99000549316406,160.94000244140625,157.74000549316406,160.66000366210938,3653900,AXP,-1.3610493230335363,159.1820037841797,161.67650146484374
2023-09-01,154.1566162109375,159.6199951171875,160.16000366210938,158.7100067138672,159.07000732421875,2195500,AXP,1.0317042644156116,159.44200134277344,161.38700103759766
2023-09-05,154.52359008789062,160.0,161.86000061035156,159.35000610351562,160.11000061035156,4151000,AXP,0.23806847164324907,159.6040008544922,161.03900070190429
2023-09-06,152.59205627441406,158.0,159.83999633789062,156.86000061035156,159.07000732421875,2949200,AXP,-1.2499999999999956,159.15599975585937,160.64550094604493
2023-09-07,151.41384887695312,156.77999877929688,157.6300048828125,156.07000732421875,157.25999450683594,2617400,AXP,-0.7721526713310944,158.47799987792968,160.29350051879882
2023-09-08,152.04159545898438,157.42999267578125,157.7899932861328,156.7100067138672,157.02000427246094,1931300,AXP,0.4145898083590227,158.36599731445312,159.98800048828124
2023-09-11,152.42788696289062,157.8300018310547,159.16000366210938,157.39999389648438,158.3699951171875,2611100,AXP,0.2540870062143874,158.00799865722655,159.61600036621093
2023-09-12,153.07496643066406,158.5,159.72000122070312,157.4499969482422,157.64999389648438,2659000,AXP,0.42450621629117613,157.70799865722657,159.23700027465821
2023-09-13,153.6930389404297,159.13999938964844,160.6999969482422,158.6199951171875,159.33999633789062,2976700,AXP,0.4037851038791507,157.93599853515624,159.09850006103517
2023-09-14,156.24266052246094,161.77999877929688,161.9600067138672,160.0,160.57000732421875,3209900,AXP,1.6589162999708806,158.93599853515624,159.1495002746582
2023-09-15,158.145263671875,163.75,164.3300018310547,161.82000732421875,162.02999877929688,7273600,AXP,1.2177038172627386,160.2,159.30800018310546
2023-09-18,154.16629028320312,159.6300048828125,163.9499969482422,159.35000610351562,163.7899932861328,2413400,AXP,-2.516027552480915,160.56000061035155,159.27800064086915
2023-09-19,153.8958740234375,159.35000610351562,159.8699951171875,158.4499969482422,159.0500030517578,2230700,AXP,-0.1754048554358123,160.7300018310547,159.2015007019043
2023-09-20,151.84840393066406,157.22999572753906,160.1999969482422,156.8800048828125,160.0,1969700,AXP,-1.330411229855477,160.3480010986328,159.1090003967285
2023-09-21,149.4146728515625,154.7100067138672,156.8699951171875,154.44000244140625,155.8300018310547,2712100,AXP,-1.6027406233850683,158.9340026855469,158.87250061035155
2023-09-22,147.8404541015625,153.0800018310547,155.0399932861328,152.9199981689453,155.0,2380600,AXP,-1.05358723552198,156.8000030517578,158.63700103759766
2023-09-25,147.98533630371094,153.22999572753906,153.30999755859375,151.75,152.2100067138672,2434400,AXP,0.09798399182796569,155.52000122070314,158.38250045776368
2023-09-26,145.94754028320312,151.1199951171875,152.9600067138672,150.16000366210938,151.75,2332100,AXP,-1.3770153815727992,153.8739990234375,157.97900009155273
2023-09-27,144.76930236816406,149.89999389648438,151.5,148.97000122070312,151.5,3705400,AXP,-0.8073062864758951,152.40799865722656,157.46199951171874
2023-09-28,145.08799743652344,150.22999572753906,150.8800048828125,149.02000427246094,149.77000427246094,3489800,AXP,0.22014799499097126,151.51199645996093,156.96499938964843
2023-09-29,144.08360290527344,149.19000244140625,151.69000244140625,148.6699981689453,151.4499969482422,3579400,AXP,-0.692267400459079,150.73399658203124,156.52499923706054
2023-10-02,144.3636932373047,149.47999572753906,149.89999389648438,148.07000732421875,148.4199981689453,2657600,AXP,0.19437849814816222,149.98399658203124,156.01799926757812
2023-10-03,140.0853271484375,145.0500030517578,149.17999267578125,144.30999755859375,148.5,4184100,AXP,-2.963602356435646,148.7699981689453,155.270499420166
2023-10-04,141.61123657226562,146.6300048828125,146.9199981689453,144.39999389648438,145.89999389648438,3476700,AXP,1.089280798216108,148.11600036621093,154.70199966430664
2023-10-05,142.63917541503906,147.08999633789062,147.5399932861328,144.77000427246094,145.5800018310547,2706200,AXP,0.31370895434787993,147.48800048828124,154.21749954223634
2023-10-06,144.8016815185547,149.32000732421875,150.35000610351562,146.13999938964844,146.7100067138672,3204600,AXP,1.5160860982043944,147.51400146484374,153.8120002746582
2023-10-09,144.3168182373047,148.82000732421875,149.4499969482422,147.4199981689453,147.60000610351562,2279400,AXP,-0.3348513095866257,147.3820037841797,153.36150054931642
2023-10-10,146.36294555664062,150.92999267578125,151.72999572753906,149.0,149.5,2909100,AXP,1.4178102726239539,148.55800170898436,152.98300018310547
2023-10-11,146.9254150390625,151.50999450683594,152.80999755859375,149.75999450683594,151.42999267578125,1727000,AXP,0.38428533704404355,149.53399963378905,152.60149993896485
2023-10-12,146.702392578125,151.27999877929688,152.72000122070312,150.11000061035156,152.5,2377200,AXP,-0.15180234695915118,150.37200012207032,152.07649993896484
2023-10-13,146.52783203125,151.10000610351562,154.13999938964844,150.42999267578125,152.9199981689453,2951500,AXP,-0.11897982366052551,150.72799987792968,151.44400024414062
2023-10-16,148.1666717529297,152.7899932861328,153.41000366210938,151.2100067138672,152.3699951171875,2586300,AXP,1.1184560650906894,151.5219970703125,151.10199966430665
2023-10-17,149.71826171875,154.38999938964844,154.72999572753906,151.5,151.55999755859375,3919400,AXP,1.0471929928809187,152.21399841308593,150.85399932861327
2023-10-18,146.94482421875,151.52999877929688,153.58999633789062,151.1300048828125,153.1199951171875,2632200,AXP,-1.852451986306125,152.21799926757814,150.56899948120116
2023-10-19,145.09259033203125,149.6199951171875,156.0500030517578,149.00999450683594,150.41000366210938,4642200,AXP,-1.2604789002151895,151.88599853515626,150.3144989013672
2023-10-20,137.28619384765625,141.57000732421875,147.94000244140625,141.44000244140625,144.6999969482422,8268100,AXP,-5.380288768666064,149.97999877929686,149.7389991760254
2023-10-23,140.2147979736328,144.58999633789062,145.85000610351562,140.91000366210938,141.5,5313500,AXP,2.1332124443248723,148.33999938964843,149.30699920654297
2023-10-24,140.0499267578125,144.4199981689453,146.50999450683594,143.5399932861328,145.85000610351562,3521100,AXP,-0.11757256604948418,146.34599914550782,148.97199935913085
2023-10-25,139.17721557617188,143.52000427246094,144.83999633789062,143.22999572753906,144.08999633789062,2841400,AXP,-0.6231781663863067,144.74400024414064,148.6529998779297
2023-10-26,139.0026397705078,143.33999633789062,144.91000366210938,142.99000549316406,143.3699951171875,3378000,AXP,-0.12542358501368422,143.48800048828124,148.30849990844726
2023-10-27,137.03407287597656,141.30999755859375,143.9600067138672,141.02999877929688,143.85000610351562,3442500,AXP,-1.4162123839543184,143.43599853515624,147.91449966430665
2023-10-30,138.93475341796875,143.27000427246094,143.86000061035156,141.72999572753906,142.72000122070312,3303300,AXP,1.3870262173449444,143.1720001220703,147.60400009155273
2023-10-31,141.61123657226562,146.02999877929688,146.67999267578125,143.07000732421875,143.3300018310547,3737200,AXP,1.926428718175499,143.49400024414064,147.6529998779297
2023-11-01,142.01849365234375,146.4499969482422,146.82000732421875,145.13999938964844,146.49000549316406,2332600,AXP,0.2876108830077273,144.0799987792969,147.64399948120118
2023-11-02,146.28538513183594,150.85000610351562,150.91000366210938,148.3300018310547,148.3300018310547,3108400,AXP,3.004444688946273,145.58200073242188,147.8319999694824
2023-11-03,148.1375732421875,152.75999450683594,153.8800048828125,152.39999389648438,152.5800018310547,2667700,AXP,1.266150696745516,147.87200012207032,148.00399932861328
2023-11-06,148.36062622070312,152.99000549316406,153.07000732421875,151.50999450683594,152.60000610351562,2490000,AXP,0.1505701719031194,149.81600036621094,148.21249923706054
2023-11-07,148.35092163085938,152.97999572753906,153.7899932861328,152.35000610351562,152.97000122070312,1583300,AXP,-0.006542757870187099,151.20599975585938,148.31499938964845
2023-11-08,148.38002014160156,153.00999450683594,153.8000030517578,152.42999267578125,152.97000122070312,1804500,AXP,0.01960960918727661,152.51799926757812,148.38999938964844
2023-11-09,147.75938415527344,152.3699951171875,154.16000366210938,152.0500030517578,153.67999267578125,2052900,AXP,-0.4182729315893474,152.8219970703125,148.44449920654296
2023-11-10,149.70860290527344,154.3800048828125,154.47999572753906,152.10000610351562,153.0399932861328,2088100,AXP,1.3191637658576338,153.1459991455078,148.6084991455078
2023-11-13,149.6697540283203,154.33999633789062,155.25999450683594,153.5,154.0800018310547,1753600,AXP,-0.02591562615394949,153.41599731445314,148.6859992980957
2023-11-14,152.16201782226562,156.91000366210938,157.9199981689453,156.02999877929688,156.60000610351562,2968600,AXP,1.6651596379413824,154.20199890136718,148.81199951171874
2023-11-15,154.6057586669922,159.42999267578125,159.44000244140625,157.0,157.52999877929688,3272600,AXP,1.6060091484660477,155.48599853515626,149.20699920654297
2023-11-16,154.23728942871094,159.0500030517578,160.10000610351562,157.97000122070312,159.64999389648438,3749100,AXP,-0.23834262151425367,156.8220001220703,149.6784996032715
2023-11-17,157.6410675048828,162.55999755859375,162.5800018310547,159.91000366210938,159.91000366210938,2975800,AXP,2.206849694742674,158.45799865722657,150.72799911499024
2023-11-20,158.89202880859375,163.85000610351562,164.64999389648438,162.75999450683594,162.91000366210938,3242900,AXP,0.7935584179969535,160.36000061035156,151.69099960327148
2023-11-21,157.37921142578125,162.2899932861328,164.1199951171875,161.72999572753906,163.64999389648438,2759700,AXP,-0.9520981136840745,161.43599853515624,152.58449935913086
2023-11-22,158.83383178710938,163.7899932861328,164.67999267578125,162.85000610351562,163.27999877929688,2527500,AXP,0.9242714043097955,162.30799865722656,153.59799880981444
2023-11-24,159.4447784423828,164.4199981689453,165.22000122070312,163.97000122070312,164.55999755859375,950700,AXP,0.3846418637504456,163.38199768066406,154.6519989013672
2023-11-27,159.07626342773438,164.0399932861328,164.52000427246094,163.32000732421875,163.75999450683594,2146400,AXP,-0.231118408371489,163.67799682617186,155.78849868774415
2023-11-28,160.64724731445312,165.66000366210938,165.97999572753906,163.61000061035156,163.9199981689453,2117800,AXP,0.9875703744700814,164.0399963378906,156.90799865722656
2023-11-29,162.36366271972656,167.42999267578125,168.72000122070312,166.39999389648438,166.39999389648438,2720200,AXP,1.068446803419154,165.0679962158203,157.97799835205078
2023-11-30,165.60263061523438,170.77000427246094,171.1699981689453,167.52999877929688,168.0,4253100,AXP,1.9948705386062082,166.46399841308593,159.19399871826172
2023-12-01,168.50213623046875,173.75999450683594,174.33999633789062,170.30999755859375,170.6699981689453,3412000,AXP,1.7508872516068585,168.33199768066407,160.33949813842773
2023-12-04,168.00758361816406,173.25,175.30999755859375,172.66000366210938,172.86000061035156,3631000,AXP,-0.2935051352202178,170.1739990234375,161.36399841308594
2023-12-05,165.51535034179688,170.67999267578125,172.7100067138672,165.92999267578125,172.10000610351562,6452500,AXP,-1.4834097109487687,171.17799682617186,162.2484977722168
2023-12-06,162.44125366210938,167.50999450683594,172.3800048828125,167.17999267578125,171.72999572753906,3890700,AXP,-1.8572757821515462,171.19399719238282,162.97499771118163
2023-12-07,163.5177001953125,168.6199951171875,169.22000122070312,167.74000549316406,168.4600067138672,2797100,AXP,0.6626473922463516,170.7639953613281,163.75549774169923
2023-12-08,163.33343505859375,168.42999267578125,169.1300048828125,167.57000732421875,168.33999633789062,2681300,AXP,-0.11268084859936689,169.6979949951172,164.5584976196289
2023-12-11,163.29461669921875,168.38999938964844,169.50999450683594,167.86000061035156,168.39999389648438,2811400,AXP,-0.023744753233945204,168.7259948730469,165.2589973449707
2023-12-12,165.86444091796875,171.0399932861328,171.0800018310547,167.77000427246094,168.38999938964844,2946200,AXP,1.573724037110047,168.7979949951172,166.0939971923828
2023-12-13,169.27793884277344,174.55999755859375,174.66000366210938,170.14999389648438,171.2100067138672,3207700,AXP,2.058000707806573,170.20799560546874,166.97649688720702
2023-12-14,173.4478302001953,178.86000061035156,179.89999389648438,175.60000610351562,175.74000549316406,4548100,AXP,2.4633381713438984,172.25599670410156,167.94799728393554
2023-12-15,175.04786682128906,180.50999450683594,181.17999267578125,177.5,177.5399932861328,7139200,AXP,0.9225058094900263,174.6719970703125,169.02099685668946
2023-12-18,177.2297821044922,182.75999450683594,182.83999633789062,181.02999877929688,181.3800048828125,2814400,AXP,1.2464683776358898,177.54599609375,170.03099670410157
2023-12-19,180.12933349609375,185.75,185.77000427246094,183.19000244140625,183.2100067138672,3978300,AXP,1.636028443332127,180.48799743652344,171.1259963989258
2023-12-20,175.18365478515625,180.64999389648438,185.64999389648438,180.5399932861328,185.35000610351562,4020700,AXP,-2.7456291270609,181.70599670410155,172.04399642944335
2023-12-21,179.1983642578125,184.7899932861328,185.2100067138672,181.8300018310547,181.8300018310547,3496800,AXP,2.291724068377632,182.89199523925782,173.09399642944337
2023-12-22,179.95480346679688,185.57000732421875,186.3699951171875,184.6300048828125,185.63999938964844,2782600,AXP,0.42210837514244925,183.90399780273438,174.15149688720703
2023-12-26,180.3330078125,185.9600067138672,186.17999267578125,185.1300048828125,185.9600067138672,1230000,AXP,0.21016294350144626,184.54400024414062,175.24749755859375
2023-12-27,181.399658203125,187.05999755859375,187.1300048828125,185.6199951171875,186.13999938964844,1825400,AXP,0.5915201145475946,184.80599975585938,176.31749725341797
2023-12-28,182.1173095703125,187.8000030517578,188.07000732421875,187.0,187.1199951171875,1486100,AXP,0.395597937999681,186.23600158691406,177.33599777221679
2023-12-29,181.6711883544922,187.33999633789062,188.3000030517578,186.52999877929688,187.75,1915000,AXP,-0.2449449980788443,186.74600219726562,178.16449737548828
2024-01-02,182.61187744140625,188.30999755859375,188.74000549316406,186.07000732421875,186.49000549316406,2236600,AXP,0.5177758298626323,187.29400024414062,178.89199752807616
2024-01-03,180.68209838867188,186.32000732421875,187.49000549316406,185.58999633789062,186.67999267578125,2720500,AXP,-1.0567629229328634,187.36600036621093,179.5454978942871
2024-01-04,182.0635528564453,187.13999938964844,188.57000732421875,185.75999450683594,186.00999450683594,2777500,AXP,0.4400987726469907,187.3820007324219,180.36849822998047
2024-01-05,183.93148803710938,189.05999755859375,189.50999450683594,186.52000427246094,186.82000732421875,2243300,AXP,1.0259688870403627,187.63399963378907,181.44599838256835
2024-01-08,184.0774383544922,189.2100067138672,189.3300018310547,186.3800048828125,188.22000122070312,3442100,AXP,0.0793447356450594,188.00800170898438,182.47549896240236
2024-01-09,181.70361328125,186.77000427246094,187.99000549316406,186.33999633789062,187.8300018310547,2055500,AXP,-1.2895736773035127,187.70000305175782,183.39249954223632
2024-01-10,179.95242309570312,184.97000122070312,186.10000610351562,183.6699981689453,185.02999877929688,2757800,AXP,-0.9637538205181762,187.43000183105468,184.22149963378905
2024-01-11,180.01080322265625,185.02999877929688,185.36000061035156,182.0399932861328,185.00999450683594,3493300,AXP,0.03243637249163989,187.00800170898438,184.92099990844727
2024-01-12,177.10189819335938,182.0399932861328,186.41000366210938,181.9499969482422,185.8300018310547,3366300,AXP,-1.6159571490515612,185.6040008544922,185.2949996948242
2024-01-16,176.06092834472656,180.97000122070312,181.14999389648438,178.82000732421875,181.00999450683594,4142900,AXP,-0.5877785678380376,183.95599975585938,185.4004997253418
2024-01-17,176.09014892578125,181.0,181.60000610351562,179.0,179.4499969482422,2377600,AXP,0.01657665861443114,182.8019989013672,185.425
2024-01-18,174.9129638671875,179.7899932861328,180.19000244140625,177.80999755859375,180.10000610351562,3215200,AXP,-0.6685119966117092,181.76599731445313,185.27649993896483
2024-01-19,178.20126342773438,183.1699981689453,183.3800048828125,179.41000366210938,181.0,3388900,AXP,1.8799738634136753,181.3939971923828,185.14749984741212
2024-01-22,179.99134826660156,185.00999450683594,186.77000427246094,184.05999755859375,184.25999450683594,3145100,AXP,1.004529320458647,181.98799743652344,185.3654998779297
2024-01-23,180.43887329101562,185.47000122070312,186.02000427246094,184.80999755859375,185.67999267578125,2327600,AXP,0.24863884521124646,182.88799743652345,185.3995002746582
2024-01-24,180.7793731689453,185.82000732421875,188.4199981689453,185.72999572753906,187.08999633789062,3052500,AXP,0.18871305397745175,183.85199890136718,185.4120002746582
2024-01-25,182.96835327148438,188.07000732421875,188.3300018310547,186.42999267578125,186.44000244140625,3472500,AXP,1.2108491611854344,185.50800170898438,185.5175003051758
2024-01-26,195.96592712402344,201.42999267578125,204.77000427246094,192.25999450683594,192.5399932861328,13555400,AXP,7.103729904434397,189.16000061035157,186.23600006103516
2024-01-29,195.41140747070312,200.86000061035156,202.89999389648438,199.07000732421875,201.91000366210938,4935500,AXP,-0.282972787645952,192.3300018310547,186.88899993896484
2024-01-30,198.6121368408203,204.14999389648438,204.44000244140625,200.41000366210938,200.5,4284600,AXP,1.6379534382831462,196.06600036621094,187.72949981689453
2024-01-31,195.29464721679688,200.74000549316406,205.32000732421875,200.66000366210938,202.39999389648438,3495000,AXP,-1.6703348054222134,199.05,188.35100021362305
2024-02-01,197.70736694335938,203.22000122070312,203.47000122070312,199.8800048828125,200.36000061035156,3028300,AXP,1.2354267508593475,202.0799987792969,189.19599990844728
2024-02-02,200.8108367919922,206.41000366210938,206.97000122070312,203.0,203.38999938964844,3393000,AXP,1.5697285809686656,203.0760009765625,190.1595001220703
2024-02-05,200.3535919189453,205.94000244140625,206.72000122070312,203.4199981689453,205.49000549316406,3099300,AXP,-0.2277027335712445,204.09200134277344,191.00350036621094
2024-02-06,200.0714569091797,205.64999389648438,207.0800018310547,204.0,205.44000244140625,3255300,AXP,-0.14082186145665254,204.39200134277343,191.82549972534179
2024-02-07,203.40843200683594,209.0800018310547,209.14999389648438,205.60000610351562,207.0800018310547,3272100,AXP,1.6678862321274135,206.06000061035155,192.94099960327148
2024-02-08,205.48062133789062,211.2100067138672,211.33999633789062,207.9499969482422,208.25,4136600,AXP,1.0187511307435448,207.6580017089844,194.25299987792968
2024-02-09,206.70645141601562,212.47000122070312,214.25,210.41000366210938,211.5500030517578,4785100,AXP,0.5965600429826745,208.87000122070313,195.625
2024-02-12,206.5021514892578,212.25999450683594,214.00999450683594,211.61000061035156,212.25,4041400,AXP,-0.09884064228391498,210.13399963378907,197.13600006103516
2024-02-13,203.98239135742188,209.6699981689453,210.97000122070312,207.61000061035156,210.22000122070312,3381700,AXP,-1.2201999457826296,210.93800048828126,198.57099990844728
2024-02-14,205.1790313720703,210.89999389648438,211.2899932861328,208.82000732421875,211.14999389648438,2770800,AXP,0.5866341099254324,211.3019989013672,200.06599960327148
2024-02-15,206.7648162841797,212.52999877929688,213.1199951171875,210.64999389648438,211.47000122070312,2644500,AXP,0.7728804788930121,211.5659973144531,201.7029998779297
2024-02-16,206.79403686523438,212.55999755859375,214.2899932861328,211.8699951171875,212.52999877929688,2831300,AXP,0.014115079974197364,211.58399658203126,203.1724998474121
2024-02-20,206.72592163085938,212.49000549316406,213.75,210.27999877929688,211.0,3341700,AXP,-0.03292814557470658,211.62999877929687,204.5465003967285
2024-02-21,205.1693115234375,210.88999938964844,212.69000244140625,209.10000610351562,211.60000610351562,2599400,AXP,-0.7529794635762754,211.8739990234375,205.81750030517577
2024-02-22,208.18524169921875,213.99000549316406,215.5500030517578,212.47999572753906,212.47999572753906,3027800,AXP,1.469963541413799,212.49200134277345,207.22600021362305
2024-02-23,208.73974609375,214.55999755859375,216.32000732421875,214.25999450683594,215.0,2617000,AXP,0.26636387251641747,212.89800109863282,208.5504997253418
2024-02-26,211.07467651367188,216.9600067138672,217.5399932861328,213.25,213.4199981689453,2684500,AXP,1.1185725123892265,213.7780029296875,209.3270004272461
2024-02-27,212.06695556640625,217.97999572753906,218.0800018310547,216.3000030517578,217.42999267578125,2428100,AXP,0.47012766505720727,214.8760009765625,210.18300018310546
2024-02-28,212.11563110351562,218.02999877929688,219.1999969482422,216.75999450683594,217.17999267578125,2599200,AXP,0.022939284676515292,216.3040008544922,210.8770004272461
2024-02-29,213.4679412841797,219.4199981689453,219.74000549316406,217.64999389648438,218.99000549316406,5186500,AXP,0.637526669463262,217.38999938964844,211.81100006103514
2024-03-01,213.70144653320312,219.66000366210938,220.3800048828125,218.42999267578125,219.30999755859375,2342800,AXP,0.10938177703350149,218.41000061035157,212.63300018310548
2024-03-04,212.97178649902344,218.91000366210938,219.5800018310547,217.24000549316406,219.07000732421875,2625300,AXP,-0.34143676021861635,218.8,213.25800018310548
2024-03-05,211.30813598632812,217.1999969482422,218.89999389648438,216.1199951171875,217.44000244140625,2672300,AXP,-0.7811459893384387,218.6440002441406,213.82099990844728
2024-03-06,212.52423095703125,218.4499969482422,219.2899932861328,217.27000427246094,217.6199951171875,2727900,AXP,0.5755064537583232,218.72799987792968,214.46100006103515
2024-03-07,217.3594207763672,223.4199981689453,224.69000244140625,220.80999755859375,221.00999450683594,2974100,AXP,2.2751207553830533,219.5279998779297,215.1779998779297
2024-03-08,217.31077575683594,223.3699951171875,224.89999389648438,222.83999633789062,223.0399932861328,2242800,AXP,-0.022380741279925953,220.2699981689453,215.7859992980957
2024-03-11,214.217041015625,220.19000244140625,222.36000061035156,218.2899932861328,221.9199981689453,2808200,AXP,-1.4236436161056076,220.5259979248047,216.17199935913087
2024-03-12,216.61029052734375,222.64999389648438,223.44000244140625,219.63999938964844,221.24000549316406,2067700,AXP,1.1172130559073512,221.61599731445312,216.69149932861328
2024-03-13,216.76596069335938,222.80999755859375,223.49000549316406,221.8699951171875,223.13999938964844,2693100,AXP,0.07186331304538385,222.48799743652344,217.3484992980957
2024-03-14,214.4894256591797,220.47000122070312,224.2899932861328,219.10000610351562,224.27999877929688,2417900,AXP,-1.0502205302862389,221.897998046875,217.82699966430664
2024-03-15,212.53399658203125,218.4600067138672,221.60000610351562,217.22000122070312,220.97999572753906,5267900,AXP,-0.911686168506809,220.91600036621094,218.12350006103514
2024-03-18,214.9759063720703,220.97000122070312,221.72999572753906,218.99000549316406,219.89999389648438,1893000,AXP,1.1489492033768256,221.0720001220703,218.54400024414062
2024-03-19,215.67636108398438,221.69000244140625,221.9499969482422,219.3699951171875,221.0500030517578,1817600,AXP,0.3258366369758958,220.8800018310547,219.00400009155274
2024-03-20,221.7276153564453,227.91000366210938,228.05999755859375,221.22999572753906,221.49000549316406,2249700,AXP,2.805720218414942,221.9000030517578,219.8550003051758
2024-03-21,222.90480041503906,229.1199951171875,231.69000244140625,228.99000549316406,229.11000061035156,3523700,AXP,0.5309075668622265,223.6300018310547,220.61149978637695
2024-03-22,219.83053588867188,225.9600067138672,230.5399932861328,225.91000366210938,229.0500030517578,2284700,AXP,-1.3791849121260968,225.1300018310547,221.18150024414064
2024-03-25,219.89862060546875,226.02999877929688,226.99000549316406,225.22999572753906,225.33999633789062,2119500,AXP,0.030975421910972578,226.14200134277343,221.6349998474121
2024-03-26,218.37123107910156,224.4600067138672,226.8699951171875,224.32000732421875,226.6199951171875,2106400,AXP,-0.6945945555495436,226.6960021972656,221.95900039672853
2024-03-27,221.5719757080078,227.75,228.0,225.13999938964844,227.1999969482422,2153100,AXP,1.4657369632563366,226.66400146484375,222.44500045776368
2024-03-28,221.5135955810547,227.69000244140625,228.4600067138672,226.33999633789062,228.4600067138672,2295800,AXP,-0.026343604212408778,226.3780029296875,222.8585006713867
2024-04-01,221.43577575683594,227.61000061035156,228.57000732421875,226.8300018310547,227.44000244140625,1616700,AXP,-0.035136295048909805,226.70800170898437,223.25600051879883
2024-04-02,219.4121856689453,225.52999877929688,226.97000122070312,224.58999633789062,226.3699951171875,1984500,AXP,-0.9138446577378057,226.60800170898438,223.5870002746582
2024-04-03,220.4823455810547,226.6300048828125,227.25999450683594,225.25,225.80999755859375,2070100,AXP,0.487742699183924,227.04200134277343,224.05850067138672
2024-04-04,214.29519653320312,219.58999633789062,229.67999267578125,219.2100067138672,229.13999938964844,3035300,AXP,-3.106388559874129,225.41000061035157,224.11550064086913
2024-04-05,217.09603881835938,222.4600067138672,223.1199951171875,219.52000427246094,220.0,1827900,AXP,1.3069859391774852,224.36400146484374,224.06750106811523
2024-04-08,218.70620727539062,224.11000061035156,224.85000610351562,223.1300048828125,223.4600067138672,1401200,AXP,0.7417036081486028,223.66400146484375,224.10450134277343
2024-04-09,214.5391845703125,219.83999633789062,223.92999267578125,217.97000122070312,222.99000549316406,3503000,AXP,-1.905316255781453,222.5260009765625,224.08700103759764
2024-04-10,212.40196228027344,217.64999389648438,219.5,215.52000427246094,217.50999450683594,3115000,AXP,-0.9961801664335246,220.72999877929686,223.83700103759764
2024-04-11,212.938720703125,218.1999969482422,219.1699981689453,214.50999450683594,217.5,3139000,AXP,0.2527006970739487,220.45199890136718,223.60650100708008
2024-04-12,212.938720703125,218.1999969482422,218.27999877929688,216.1199951171875,217.0,2441200,AXP,0.0,219.5999969482422,223.49300079345704
2024-04-15,213.13389587402344,218.39999389648438,222.72999572753906,216.82000732421875,221.88999938964844,3459000,AXP,0.09165763109044711,218.45799560546874,223.4900001525879
2024-04-16,213.0753631591797,218.33999633789062,219.3800048828125,216.50999450683594,217.6999969482422,4176700,AXP,-0.027471410380253136,218.15799560546876,223.35849990844727
2024-04-17,212.42149353027344,217.6699981689453,220.27999877929688,216.52000427246094,219.55999755859375,2256800,AXP,-0.30686002573182547,218.16199645996093,223.15749969482422
2024-04-18,212.255615234375,217.5,221.4499969482422,217.17999267578125,218.25999450683594,3901500,AXP,-0.07809903540926255,218.0219970703125,222.63699951171876
2024-04-19,225.46910095214844,231.0399932861328,231.60000610351562,218.83999633789062,218.83999633789062,7573700,AXP,6.225284269486342,220.58999633789062,222.732999420166
2024-04-22,227.38186645507812,233.0,235.3699951171875,227.69000244140625,232.02999877929688,5151300,AXP,0.8483408807235415,223.50999755859374,223.08499908447266
2024-04-23,233.19818115234375,238.9600067138672,239.4199981689453,233.6699981689453,234.77000427246094,4684500,AXP,2.557942795651158,227.63399963378907,223.73149948120118
2024-04-24,233.3542938232422,239.1199951171875,240.5500030517578,237.97000122070312,238.27000427246094,4429200,AXP,0.06695195799517606,231.9239990234375,224.4644989013672
2024-04-25,231.3830108642578,237.10000610351562,238.4499969482422,235.41000366210938,238.1300048828125,3329000,AXP,-0.8447595579290312,235.84400024414063,224.93199920654297
2024-04-26,229.95822143554688,235.63999938964844,236.9199981689453,234.4199981689453,236.0,2993300,AXP,-0.6157767508575107,236.76400146484374,225.3294990539551
2024-04-29,233.15911865234375,238.9199981689453,239.1199951171875,235.63999938964844,236.58999633789062,3696300,AXP,1.39195331344113,237.9480010986328,225.89499893188477
2024-04-30,228.38705444335938,234.02999877929688,239.61000061035156,233.77000427246094,237.8800048828125,3564300,AXP,-2.0467099561044755,236.96199951171874,226.31999893188475
2024-05-01,225.8789825439453,231.4600067138672,235.13999938964844,231.22999572753906,233.22000122070312,4176000,AXP,-1.0981464251740403,235.43000183105468,226.5614990234375
2024-05-02,226.8939208984375,232.5,233.9499969482422,230.91000366210938,233.5800018310547,2734900,AXP,0.44931878336047504,234.51000061035157,227.20699920654297
2024-05-03,225.20565795898438,230.77000427246094,233.35000610351562,229.1300048828125,233.25999450683594,3203100,AXP,-0.7440841838877721,233.53600158691407,227.62249908447265
2024-05-06,228.6798095703125,234.3300018310547,234.57000732421875,231.32000732421875,232.3000030517578,2259600,AXP,1.542660437961696,232.61800231933594,228.1334991455078
2024-05-07,229.00184631347656,234.66000366210938,236.0,233.41000366210938,235.5,2084300,AXP,0.14082781909103836,232.74400329589844,228.87449951171874
2024-05-08,230.54373168945312,236.24000549316406,236.85000610351562,233.52000427246094,234.39999389648438,2501900,AXP,0.6733153525940283,233.70000305175782,229.80400009155272
2024-05-09,233.37380981445312,239.13999938964844,239.3800048828125,235.55999755859375,235.9600067138672,3166300,AXP,1.2275625757925512,235.0280029296875,230.85100021362305
2024-05-10,236.45762634277344,242.3000030517578,243.5399932861328,240.30999755859375,240.5,2590800,AXP,1.321403224125861,237.33400268554686,232.05600051879884
2024-05-13,232.89561462402344,238.64999389648438,243.5399932861328,238.10000610351562,242.9499969482422,2768800,AXP,-1.5064007879908137,238.1980010986328,233.06850051879883
2024-05-14,235.70619201660156,241.52999877929688,242.08999633789062,238.10000610351562,238.14999389648438,2387300,AXP,1.2067902604102843,239.5720001220703,234.22800064086914
2024-05-15,235.87208557128906,241.6999969482422,242.8699951171875,240.25,241.6300048828125,2013400,AXP,0.07038387355793319,240.66399841308595,235.42950057983398
2024-05-16,235.5012664794922,241.32000732421875,243.35000610351562,240.85000610351562,241.72000122070312,2605900,AXP,-0.15721540290495328,241.1,236.62050094604493
2024-05-17,236.965087890625,242.82000732421875,243.19000244140625,241.89999389648438,242.8000030517578,1848700,AXP,0.6215812839690082,241.2040008544922,237.20950164794922
2024-05-20,236.45762634277344,242.3000030517578,244.41000366210938,242.10000610351562,243.11000061035156,1983200,AXP,-0.21415215253107744,241.9340026855469,237.67450180053712
2024-05-21,237.2187957763672,243.0800018310547,243.5800018310547,241.33999633789062,242.33999633789062,1825800,AXP,0.3219144735752577,242.24400329589844,237.8805015563965
2024-05-22,234.3009033203125,240.08999633789062,243.47000122070312,239.52999877929688,242.91000366210938,2292700,AXP,-1.2300499714666624,241.92200317382813,237.92900161743165
2024-05-23,229.7825469970703,235.4600067138672,240.8300018310547,235.1199951171875,240.8300018310547,3272600,AXP,-1.9284392080657242,240.7500030517578,237.8470016479492
2024-05-24,232.4369354248047,238.17999267578125,240.07000732421875,236.69000244140625,236.86000061035156,1624200,AXP,1.1551795992341907,239.8220001220703,237.97400131225587
2024-05-28,231.5293731689453,237.25,238.47000122070312,235.8800048828125,237.75,2315400,AXP,-0.39045793281520247,238.81199951171874,237.8905014038086
2024-05-29,230.25099182128906,235.94000244140625,237.66000366210938,234.6699981689453,235.4499969482422,2711300,AXP,-0.5521591395547976,237.38399963378907,237.98600158691406
2024-05-30,231.5001220703125,237.22000122070312,237.32000732421875,234.97999572753906,236.3699951171875,2386300,AXP,0.542510284840203,236.81000061035155,238.27400131225585
2024-05-31,234.21310424804688,240.0,240.19000244140625,235.91000366210938,238.0,5102500,AXP,1.1719074129463714,237.71799926757814,238.64900131225585
2024-06-03,231.16830444335938,236.8800048828125,241.36000061035156,233.52999877929688,240.17999267578125,2677200,AXP,-1.2999979654947924,237.45800170898437,238.95450134277343
2024-06-04,231.5293731689453,237.25,240.0,235.72999572753906,236.38999938964844,2512100,AXP,0.15619516614353568,237.45800170898437,239.1005012512207
2024-06-05,229.03111267089844,234.69000244140625,237.6999969482422,233.6999969482422,236.25,2925100,AXP,-1.0790295294388796,237.20800170898437,239.10200119018555
2024-06-06,227.7234344482422,233.35000610351562,236.39999389648438,232.6999969482422,234.7899932861328,2709600,AXP,-0.5709643887473081,236.4340026855469,238.95750122070314
2024-06-07,227.05982971191406,232.6699981689453,234.1199951171875,231.7100067138672,232.41000366210938,2212500,AXP,-0.2914111492539062,234.96800231933594,238.63400115966797
2024-06-10,226.8354034423828,232.44000244140625,233.9199981689453,230.60000610351562,231.9499969482422,2933500,AXP,-0.09885061647357807,234.0800018310547,238.1410011291504
2024-06-11,219.11607360839844,224.52999877929688,231.63999938964844,224.2100067138672,231.63999938964844,3168100,AXP,-3.4030302783632727,231.53600158691407,237.43500137329102
2024-06-12,218.63790893554688,224.0399932861328,228.39999389648438,222.8300018310547,227.42999267578125,3091100,AXP,-0.21823609131433885,229.40599975585937,236.5605010986328
2024-06-13,216.83255004882812,222.19000244140625,223.75,220.74000549316406,223.41000366210938,3011300,AXP,-0.8257413409059722,227.1739990234375,235.58500137329102
2024-06-14,219.3990936279297,224.82000732421875,225.63999938964844,221.33999633789062,221.3800048828125,2373800,AXP,1.1836738169648475,225.6040008544922,234.760001373291
2024-06-17,222.7659149169922,228.27000427246094,228.47000122070312,224.02000427246094,224.1999969482422,2426700,AXP,1.534559574703187,224.77000122070314,234.03250122070312
2024-06-18,223.7808380126953,229.30999755859375,229.30999755859375,226.77000427246094,227.5800018310547,2176500,AXP,0.4555978738632227,225.7260009765625,233.38300094604492
2024-06-20,224.65914916992188,230.2100067138672,231.67999267578125,226.44000244140625,228.55999755859375,2968100,AXP,0.3924857899156642,226.9600036621094,232.73950119018554
2024-06-21,224.82504272460938,230.3800048828125,231.11000061035156,227.5,231.11000061035156,5064300,AXP,0.07384482167911433,228.59800415039064,232.25400161743164
2024-06-24,225.88877868652344,231.47000122070312,233.89999389648438,230.2100067138672,231.67999267578125,2152600,AXP,0.4731297485843333,229.9280029296875,232.05450134277345
2024-06-25,225.02996826171875,230.58999633789062,231.3000030517578,228.5399932861328,230.86000061035156,3206800,AXP,-0.3801809643459664,230.39200134277343,231.6750015258789
2024-06-26,225.1177978515625,230.67999267578125,232.49000549316406,229.13999938964844,230.0399932861328,3151900,AXP,0.039028726015821746,230.66600036621094,231.34650115966798
2024-06-27,222.89276123046875,228.39999389648438,230.3300018310547,227.3699951171875,229.7899932861328,2264200,AXP,-0.9883816766464881,230.3039978027344,230.96950073242186
2024-06-28,225.96682739257812,231.5500030517578,233.60000610351562,228.74000549316406,229.25,3901100,AXP,1.379163414820872,230.53799743652343,230.6860008239746
2024-07-01,228.17234802246094,233.80999755859375,234.8000030517578,231.5500030517578,232.3300018310547,2792700,AXP,0.9760287095875286,231.00599670410156,230.3765007019043
2024-07-02,230.28024291992188,235.97000122070312,236.19000244140625,232.97000122070312,233.5500030517578,1871700,AXP,0.9238286149710451,232.08199768066407,230.33100051879882
2024-07-03,230.0265350341797,235.7100067138672,237.5800018310547,235.19000244140625,236.5,1365900,AXP,-0.11018116942448364,233.08800048828124,230.25400085449218
2024-07-05,230.6333770751953,235.6300048828125,236.6999969482422,233.55999755859375,235.7100067138672,2488300,AXP,-0.03394078688895297,234.53400268554688,230.3010009765625
2024-07-08,229.53712463378906,234.50999450683594,239.5,233.75999450683594,236.22999572753906,2638600,AXP,-0.47532587224347056,235.1260009765625,230.3590003967285
2024-07-09,232.7084197998047,237.75,239.1999969482422,234.1199951171875,234.97000122070312,1943400,AXP,1.381606570746663,235.91400146484375,230.61300048828124
2024-07-10,233.86338806152344,238.92999267578125,239.4499969482422,235.6199951171875,236.57000732421875,2203000,AXP,0.4963165828733018,236.50599975585936,230.9375
2024-07-11,233.68722534179688,238.75,239.9499969482422,236.9600067138672,238.8699951171875,1868700,AXP,-0.07533280931603104,237.11399841308594,231.64850006103515
2024-07-12,233.56976318359375,238.6300048828125,240.25999450683594,237.22999572753906,238.97000122070312,2612200,AXP,-0.05025973494764413,237.71399841308593,232.37800064086915
2024-07-15,238.82589721679688,244.0,244.66000366210938,240.4499969482422,240.4499969482422,3054400,AXP,2.250343631273277,239.61199951171875,233.46850051879883
2024-07-16,244.3365020751953,249.6300048828125,249.75999450683594,243.8000030517578,244.13999938964844,3074600,AXP,2.3073790503330027,241.98800048828124,234.70900039672853
2024-07-17,244.65951538085938,249.9600067138672,250.83999633789062,247.3800048828125,248.80999755859375,2471900,AXP,0.1321963804830295,244.19400329589843,235.79350051879882
2024-07-18,243.91563415527344,249.1999969482422,253.72999572753906,247.75999450683594,250.8000030517578,4053300,AXP,-0.3040525464919619,246.28400268554688,236.78800048828126
2024-07-19,237.24024963378906,242.3800048828125,243.3800048828125,237.64999389648438,241.8000030517578,5750400,AXP,-2.736754473895986,247.03400268554688,237.39650039672853
2024-07-22,239.55996704101562,244.75,245.61000061035156,239.89999389648438,243.00999450683594,2590000,AXP,0.9778014149035785,247.1840026855469,238.1150001525879
2024-07-23,241.66436767578125,246.89999389648438,248.99000549316406,245.0399932861328,246.9600067138672,2564000,AXP,0.8784449015257989,246.63800048828125,238.88649978637696
2024-07-24,235.87973022460938,240.99000549316406,245.6199951171875,240.6699981689453,245.0,2838100,AXP,-2.393677014750406,244.84400024414063,239.40650024414063
2024-07-25,235.0868682861328,240.17999267578125,244.9600067138672,239.38999938964844,240.0,3828800,AXP,-0.3361188426570627,243.03999938964844,239.88150024414062
2024-07-26,240.67581176757812,245.88999938964844,246.38999938964844,241.8800048828125,241.92999267578125,2174400,AXP,2.377386496790823,243.74199829101562,240.75600051879883
2024-07-29,242.6333770751953,247.88999938964844,247.9600067138672,244.30999755859375,246.6300048828125,2059300,AXP,0.8133718349523811,244.3699981689453,241.57300033569337
2024-07-30,247.12606811523438,252.47999572753906,253.67999267578125,249.22999572753906,249.4600067138672,2498800,AXP,1.8516262653564208,245.48599853515626,242.50650024414062
2024-07-31,247.67417907714844,253.0399932861328,256.239990234375,252.42999267578125,253.11000061035156,2180700,AXP,0.22179878329768865,247.89599609375,243.3599998474121
2024-08-01,243.4066619873047,248.67999267578125,255.0,246.41000366210938,253.85000610351562,3929700,AXP,-1.7230480264127102,249.59599609375,244.0084991455078
2024-08-02,227.3544158935547,232.27999877929688,244.64999389648438,230.0500030517578,244.50999450683594,6902600,AXP,-6.594818392915913,246.87399597167968,243.84099884033202
2024-08-05,221.1292724609375,225.9199981689453,230.77999877929688,222.02999877929688,226.63999938964844,4890700,AXP,-2.738075014540786,242.47999572753906,243.4114990234375
2024-08-06,226.218994140625,231.1199951171875,233.17999267578125,226.5,226.9600067138672,3148200,AXP,2.301698384555384,238.20799560546874,243.0799987792969
2024-08-07,223.94821166992188,228.8000030517578,236.1699981689453,228.50999450683594,234.02000427246094,2665300,AXP,-1.003804133975239,233.35999755859376,242.5734992980957
2024-08-08,228.58770751953125,233.5399932861328,234.5,231.00999450683594,231.0500030517578,2239200,AXP,2.071674025853376,230.33199768066407,242.31299896240233
2024-08-09,232.80630493164062,237.85000610351562,238.33999633789062,233.08999633789062,233.52000427246094,1956400,AXP,1.8455138054672249,231.4459991455078,242.2739990234375
2024-08-12,232.02325439453125,237.0500030517578,238.99000549316406,235.39999389648438,238.1999969482422,1747000,AXP,-0.3363477112586777,233.6720001220703,241.9264991760254
2024-08-13,233.92213439941406,238.99000549316406,239.27000427246094,236.47000122070312,238.7100067138672,1913200,AXP,0.8183937635228178,235.24600219726562,241.39449920654297
2024-08-14,238.5909881591797,243.75999450683594,244.08999633789062,239.50999450683594,239.80999755859375,2132500,AXP,1.9958947671593341,238.23800048828124,241.0844985961914
2024-08-15,244.20924377441406,249.5,250.36000061035156,245.35000610351562,247.77000427246094,2656800,AXP,2.35477749528874,241.43000183105468,241.0994987487793
2024-08-16,246.37240600585938,251.7100067138672,251.75,249.1300048828125,249.38999938964844,2149700,AXP,0.8857742340149022,244.202001953125,241.56599884033204
2024-08-19,248.66278076171875,254.0500030517578,254.11000061035156,251.83999633789062,252.0,1653400,AXP,0.9296397741352491,247.602001953125,242.03099899291993
2024-08-20,247.71334838867188,253.0800018310547,254.6199951171875,252.25999450683594,254.22000122070312,1659700,AXP,-0.38181507933519043,250.4200012207031,242.33999938964843
2024-08-21,241.07711791992188,246.3000030517578,249.82000732421875,243.35000610351562,249.63999938964844,3502500,AXP,-2.678994282536362,250.9280029296875,242.60549926757812
2024-08-22,242.50613403320312,247.75999450683594,248.9199981689453,245.75999450683594,246.77000427246094,1981300,AXP,0.5927695643476394,250.5800018310547,242.98449935913087
2024-08-23,245.97109985351562,251.3000030517578,252.1699981689453,248.0,248.0,1868200,AXP,1.428805547065104,250.4980010986328,243.25499954223633
2024-08-26,248.4963836669922,253.8800048828125,256.1600036621094,251.9499969482422,252.4199981689453,1931000,AXP,1.0266620770885249,250.46400146484376,243.55449981689452
2024-08-27,249.6219940185547,255.02999877929688,256.67999267578125,253.6999969482422,253.6999969482422,2518100,AXP,0.4529674942361783,250.8540008544922,243.68199996948243
2024-08-28,251.6383056640625,257.0899963378906,258.6300048828125,253.75,254.2100067138672,2557100,AXP,0.8077471546304116,253.01199951171876,243.8845001220703
2024-08-29,254.33001708984375,259.8399963378906,261.57000732421875,256.8299865722656,258.0,2423500,AXP,1.0696643351247648,255.4279998779297,244.44250030517577
2024-08-30,253.16525268554688,258.6499938964844,261.75,256.1000061035156,260.489990234375,3442100,AXP,-0.4579750839662111,256.897998046875,245.76100006103516
2024-09-03,248.91725158691406,254.30999755859375,257.4800109863281,252.7899932861328,255.77000427246094,2970300,AXP,-1.6779417901813476,256.98399658203124,247.18050003051758
2024-09-04,246.4017791748047,251.74000549316406,256.5799865722656,250.66000366210938,254.99000549316406,3062600,AXP,-1.0105745311241865,256.3259979248047,248.2115005493164
2024-09-05,246.4996337890625,251.83999633789062,253.1699981689453,248.3699951171875,252.7100067138672,2711200,AXP,0.03971988660709247,255.2759979248047,249.36350021362304
2024-09-06,238.8845977783203,244.05999755859375,253.57000732421875,243.32000732421875,251.2899932861328,3653000,AXP,-3.0892625843507937,252.1199981689453,249.8895004272461
2024-09-09,245.59913635253906,250.9199981689453,253.14999389648438,247.52999877929688,248.25,3080800,AXP,2.8107845115849406,250.5739990234375,250.5430000305176
2024-09-10,240.21578979492188,245.4199981689453,252.5,240.58999633789062,251.72000122070312,3630900,AXP,-2.1919337000380623,248.7959991455078,250.96149978637695
2024-09-11,248.7899932861328,254.17999267578125,254.6300048828125,243.5,244.39999389648438,3149900,AXP,3.569389036017201,249.28399658203125,251.72099914550782
2024-09-12,249.7394256591797,255.14999389648438,257.0,252.58999633789062,254.16000366210938,2279600,AXP,0.3816198161357365,249.94599609375,252.29049911499024
2024-09-13,253.50782775878906,259.0,260.2099914550781,255.75,256.2300109863281,2199200,AXP,1.5089187519548242,252.93399658203126,252.76549911499023
2024-09-16,255.55349731445312,261.0899963378906,262.8500061035156,259.1499938964844,261.30999755859375,2170200,AXP,0.8069483930079668,254.9679962158203,253.2344985961914
2024-09-17,259.7720947265625,265.3999938964844,267.2200012207031,261.3500061035156,261.5199890136719,2765700,AXP,1.650770852597483,258.9639953613281,253.80199813842773
2024-09-18,256.620361328125,262.17999267578125,266.3500061035156,261.0,264.3999938964844,2577400,AXP,-1.2132634870967829,260.5639953613281,254.25699768066406
2024-09-19,263.051025390625,268.75,270.1000061035156,266.3500061035156,267.8299865722656,2973300,AXP,2.5059148324652725,263.28399658203125,255.37949752807617
2024-09-20,263.2859191894531,268.989990234375,271.489990234375,266.95001220703125,268.3999938964844,5847200,AXP,0.08929869186047323,265.28199462890626,256.4409973144531
2024-09-23,261.6317443847656,267.29998779296875,272.4100036621094,267.04998779296875,271.3599853515625,2534900,AXP,-0.6282770745237531,266.52399291992185,257.24099655151366
2024-09-24,260.5649108886719,266.2099914550781,268.5,263.0299987792969,267.7699890136719,2340300,AXP,-0.40778016747792245,266.6859924316406,257.857495880127
2024-09-25,260.5257873535156,266.1700134277344,268.7200012207031,265.54998779296875,267.0899963378906,2116300,AXP,-0.015017478166479137,267.48399658203124,258.4144966125488
2024-09-26,262.4637451171875,268.1499938964844,268.989990234375,266.3399963378906,268.2900085449219,1430600,AXP,0.7438781113063175,267.36399536132814,258.96749649047854
2024-09-27,265.3121032714844,271.05999755859375,272.67999267578125,267.4200134277344,268.0,2231900,AXP,1.0852148903023107,267.7779968261719,259.5284965515137
2024-09-30,265.4490966796875,271.20001220703125,271.4800109863281,267.2900085449219,270.1000061035156,2113100,AXP,0.05165448598043465,268.55800170898436,260.155997467041
2024-10-01,262.90423583984375,268.6000061035156,271.8299865722656,266.5199890136719,271.2799987792969,2429500,AXP,-0.9587042723032013,269.0360046386719,260.8704978942871
2024-10-02,265.1750183105469,270.9200134277344,271.3900146484375,266.25,268.6000061035156,2009500,AXP,0.8637406074088583,269.9860046386719,261.8294982910156
2024-10-03,262.8944396972656,268.5899963378906,271.1000061035156,267.6400146484375,269.6400146484375,1614500,AXP,-0.8600387473645443,270.0740051269531,262.6669982910156
2024-10-04,270.82379150390625,275.9700012207031,276.7900085449219,270.0,272.25,2239600,AXP,2.747684196520983,271.056005859375,264.2624984741211
2024-10-07,268.6844482421875,273.7900085449219,276.30999755859375,271.54998779296875,274.3500061035156,3287500,AXP,-0.7899382781238695,271.5740051269531,265.40599899291993
2024-10-08,264.0916748046875,269.1099853515625,272.5,266.1600036621094,271.25,3332800,AXP,-1.7093476925004403,271.6760009765625,266.59049835205076
2024-10-09,266.358642578125,271.4200134277344,271.5899963378906,268.4200134277344,268.80999755859375,2087000,AXP,0.8583955267041032,271.7760009765625,267.45249938964844
2024-10-10,265.4263610839844,270.4700012207031,272.8999938964844,269.8800048828125,270.92999267578125,2052800,AXP,-0.3500155331339183,272.152001953125,268.2184997558594
2024-10-11,271.01025390625,276.1600036621094,277.1099853515625,271.0,271.3800048828125,1723200,AXP,2.103746225357983,272.19000244140625,269.07649993896484
2024-10-14,271.3634948730469,276.5199890136719,277.70001220703125,275.1099853515625,276.1600036621094,1399000,AXP,0.1303539059924752,272.7359985351562,269.8479995727539
2024-10-15,272.1387939453125,277.30999755859375,281.4200134277344,276.8999938964844,280.57000732421875,2264600,AXP,0.2856967222296669,274.3760009765625,270.44349975585936
2024-10-16,276.42730712890625,281.67999267578125,281.8699951171875,277.69000244140625,278.8800048828125,2243600,AXP,1.5758519907902446,276.42799682617186,271.4184997558594
2024-10-17,280.45086669921875,285.7799987792969,286.3599853515625,282.4800109863281,284.0,3571900,AXP,1.4555546045596612,279.4899963378906,272.2699996948242
2024-10-18,271.62847900390625,276.7900085449219,279.20001220703125,269.04998779296875,276.79998779296875,7884400,AXP,-3.14577306766588,279.6159973144531,272.6600006103516
2024-10-21,265.6912536621094,270.739990234375,276.3599853515625,269.5299987792969,275.0,4092700,AXP,-2.1857791552345684,278.4599975585937,272.8320007324219
2024-10-22,267.3203430175781,272.3999938964844,272.8299865722656,268.5799865722656,270.6199951171875,2595400,AXP,0.6131357472061394,277.4779968261719,273.14150085449216
2024-10-23,266.17218017578125,271.2300109863281,273.3500061035156,268.9599914550781,272.0,2051100,AXP,-0.4295091543213725,275.38800048828125,273.3945007324219
2024-10-24,264.9454650878906,269.9800109863281,271.2300109863281,268.7099914550781,270.2300109863281,3490600,AXP,-0.4608634551369839,272.2280029296875,273.4860015869141
2024-10-25,262.36456298828125,267.3500061035156,273.1700134277344,266.3500061035156,271.6499938964844,2993300,AXP,-0.9741480019962223,270.3400024414062,273.30050201416014
2024-10-28,266.40771484375,271.4700012207031,271.9700012207031,267.67999267578125,269.239990234375,2336900,AXP,1.5410491951110217,270.4860046386719,273.3140014648437
2024-10-29,265.3870544433594,270.42999267578125,271.79998779296875,269.5799865722656,270.29998779296875,1749000,AXP,-0.3831025675932298,270.0920043945313,273.405500793457
2024-10-30,268.968994140625,274.0799865722656,275.07000732421875,270.2699890136719,271.0,2152900,AXP,1.3497001055132074,270.66199951171876,273.5634994506836
2024-10-31,265.0436096191406,270.0799865722656,274.0799865722656,268.6400146484375,273.70001220703125,2315400,AXP,-1.4594279757618622,270.68199462890624,273.6379989624023
2024-11-01,267.6049499511719,272.69000244140625,274.75,270.95001220703125,272.29998779296875,2508300,AXP,0.9663862555185254,271.7499938964844,273.4739990234375
2024-11-04,265.1515808105469,270.19000244140625,272.82000732421875,269.7099914550781,272.3299865722656,1944000,AXP,-0.9167919533599966,271.493994140625,273.2939987182617
2024-11-05,270.7942810058594,275.94000244140625,276.17999267578125,271.19000244140625,271.7200012207031,1859600,AXP,2.1281320359908484,272.59599609375,273.63549957275393
2024-11-06,289.6559143066406,295.1600036621094,296.8299865722656,286.80999755859375,288.0,5380500,AXP,6.965282688501939,276.81199951171874,274.82249908447267
2024-11-07,281.4714660644531,286.82000732421875,293.0400085449219,284.6499938964844,292.32000732421875,3876900,AXP,-2.825584847003193,280.1600036621094,275.63999938964844
2024-11-08,282.2368469238281,287.6000061035156,290.1000061035156,285.95001220703125,286.67999267578125,1814400,AXP,0.2719471303880061,283.1420043945312,276.2119995117188
2024-11-11,287.5067443847656,292.9700012207031,294.17999267578125,290.42999267578125,290.489990234375,2299500,AXP,1.8671748968095203,287.6980041503906,277.0345001220703
2024-11-12,283.1299133300781,288.510009765625,293.54998779296875,287.5799865722656,292.0,2251400,AXP,-1.5223372483513353,290.2120056152344,277.59450073242186
2024-11-13,282.2761535644531,287.6400146484375,290.6099853515625,287.44000244140625,287.9200134277344,2118100,AXP,-0.30154763707999077,288.7080078125,277.8925018310547
2024-11-14,282.9238586425781,288.29998779296875,290.55999755859375,287.3599853515625,288.3399963378906,2979400,AXP,0.22944413535017638,289.00400390625,278.0185012817383
2024-11-15,281.5205383300781,286.8699951171875,290.54998779296875,285.489990234375,288.0,2614400,AXP,-0.4960085800656211,288.8580017089844,278.5225006103516
2024-11-18,280.21533203125,285.5400085449219,287.5199890136719,283.6099853515625,286.94000244140625,2074400,AXP,-0.463619965455897,287.37200317382815,279.2625015258789
2024-11-19,280.22509765625,285.54998779296875,286.6199951171875,281.30999755859375,281.8900146484375,2512900,AXP,0.003494868581710442,286.7799987792969,279.9200012207031
2024-11-20,282.3448181152344,287.7099914550781,288.3299865722656,285.0899963378906,286.1499938964844,2387400,AXP,0.7564362649090439,286.793994140625,280.74400024414064
2024-11-21,287.53619384765625,293.0,294.07000732421875,287.5299987792969,289.82000732421875,2410300,AXP,1.8386600055729563,287.73399658203124,281.8949996948242
2024-11-22,295.6814270019531,301.29998779296875,301.9200134277344,292.510009765625,293.3999938964844,3788900,AXP,2.832760338897189,290.6199951171875,283.5924987792969
2024-11-25,299.51849365234375,305.2099914550781,305.79998779296875,302.5,303.04998779296875,3478400,AXP,1.2977111916765205,294.5539916992187,285.2794982910156
2024-11-26,299.87176513671875,305.57000732421875,306.9700012207031,302.0,305.6099853515625,2130500,AXP,0.11795677704529162,298.55799560546876,287.0364990234375
2024-11-27,298.5764465332031,304.25,307.82000732421875,302.7900085449219,307.0,1697000,AXP,-0.431981965696715,301.8659973144531,288.54499969482424
2024-11-29,298.9983825683594,304.67999267578125,307.7900085449219,304.6700134277344,307.25,1326600,AXP,0.1413287348500436,304.2019958496094,290.275
2024-12-02,296.6235046386719,302.260009765625,306.8500061035156,299.9100036621094,306.2099914550781,2166900,AXP,-0.7942703716457777,304.3940002441406,291.7535003662109
2024-12-03,296.476318359375,302.1099853515625,304.989990234375,301.1400146484375,303.8399963378906,2128700,AXP,-0.04963422524164596,303.7739990234375,293.34949951171876
2024-12-04,296.9571838378906,302.6000061035156,303.5299987792969,300.7099914550781,302.0,1561200,AXP,0.16219945573228145,303.17999877929685,294.68249969482423
2024-12-05,294.9257507324219,300.5299987792969,303.42999267578125,300.32000732421875,302.2799987792969,2793600,AXP,-0.6840737879928005,302.4359985351563,294.9509994506836
2024-12-06,298.3212585449219,303.989990234375,304.739990234375,300.6199951171875,301.6400146484375,1797600,AXP,1.1512965325032543,302.297998046875,295.8094985961914
2024-12-09,291.1867980957031,296.7200012207031,305.07000732421875,296.1600036621094,304.07000732421875,2377900,AXP,-2.391522499825316,301.18999633789065,296.26549835205077
2024-12-10,296.476318359375,302.1099853515625,304.9800109863281,296.510009765625,297.42999267578125,2967800,AXP,1.8165220102066115,301.18999633789065,296.7224975585938
2024-12-11,296.7020568847656,302.3399963378906,304.1300048828125,299.5400085449219,303.3699951171875,2071200,AXP,0.07613485071022996,301.13799438476565,297.413996887207
2024-12-12,294.7000732421875,300.29998779296875,304.45001220703125,300.260009765625,303.6300048828125,1668100,AXP,-0.6747398854374476,301.0919921875,298.04699554443357
2024-12-13,296.50579833984375,302.1400146484375,304.32000732421875,301.25,302.4599914550781,1662000,AXP,0.6127295805077759,300.7219970703125,298.738996887207
2024-12-16,297.90911865234375,303.57000732421875,304.20001220703125,300.8299865722656,303.70001220703125,1813700,AXP,0.47328808050968174,302.0919982910156,299.5739974975586
2024-12-17,295.7206726074219,301.3399963378906,303.0299987792969,299.70001220703125,302.3299865722656,3611500,AXP,-0.7345952935154165,301.93800048828126,300.363996887207
2024-12-18,282.4135437011719,287.7799987792969,303.5899963378906,286.42999267578125,302.6000061035156,3541200,AXP,-4.499899689183318,299.0260009765625,300.4754974365234
2024-12-19,287.61468505859375,293.0799865722656,296.8599853515625,291.20001220703125,293.0199890136719,3540200,AXP,1.8416803862152387,297.5820007324219,300.74399719238284
2024-12-20,293.08087158203125,298.6499938964844,302.7200012207031,292.0,292.3500061035156,6232400,AXP,1.9005075676995498,296.8839965820313,301.02649688720703
2024-12-23,293.22802734375,298.79998779296875,299.760009765625,295.19000244140625,296.4800109863281,1902400,AXP,0.0502239744013977,295.92999267578125,300.90149688720703
2024-12-24,297.8011474609375,303.4599914550781,303.6199951171875,298.0,299.2900085449219,862900,AXP,1.5595729091321786,296.35399169921874,300.81399688720705
2024-12-26,298.3212585449219,303.989990234375,304.8900146484375,301.010009765625,301.4800109863281,1228900,AXP,0.17465194563393016,299.5959899902344,300.73499603271483
2024-12-27,295.4360656738281,301.04998779296875,305.0899963378906,298.7099914550781,300.8500061035156,1676000,AXP,-0.9671379110672396,301.189990234375,300.57499542236326
2024-12-30,291.7854309082031,297.3299865722656,299.70001220703125,294.1300048828125,297.3500061035156,2392800,AXP,-1.2356755926066887,300.9259887695313,300.2074951171875
2024-12-31,291.2555236816406,296.7900085449219,298.8699951171875,295.6700134277344,298.04998779296875,1231300,AXP,-0.18160900404591285,300.52399291992185,299.93399505615236
2025-01-02,292.8649597167969,298.42999267578125,300.3399963378906,294.6199951171875,300.0,1930100,AXP,0.5525739019651477,299.5179931640625,299.74999542236327
2025-01-03,298.1275329589844,303.0799865722656,303.42999267578125,297.5299987792969,300.67999267578125,1979600,AXP,1.5581523340839842,299.33599243164065,299.7739944458008
2025-01-06,296.9471435546875,301.8800048828125,305.1499938964844,300.1700134277344,304.32000732421875,2714000,AXP,-0.3959290427007489,299.5019958496094,299.84149475097655
2025-01-07,297.0848388671875,302.0199890136719,304.3800048828125,296.8500061035156,304.0,2058800,AXP,0.046370785939831016,300.43999633789065,299.7429946899414
2025-01-08,297.9012756347656,302.8500061035156,304.20001220703125,298.8500061035156,301.8999938964844,2061300,AXP,0.2748219058461565,301.65199584960936,300.049494934082
2025-01-10,288.50732421875,293.29998779296875,301.32000732421875,293.1600036621094,300.42999267578125,2685500,AXP,-3.153382241399938,300.62599487304686,299.60899505615237
2025-01-13,292.16656494140625,297.0199890136719,297.7099914550781,291.1600036621094,292.5199890136719,2202800,AXP,1.2683264151135853,299.41399536132815,299.3429946899414
2025-01-14,295.45196533203125,300.3599853515625,300.5400085449219,296.7300109863281,299.6000061035156,2370900,AXP,1.124502209087641,299.1099914550781,299.3459945678711
2025-01-15,307.2165222167969,312.32000732421875,313.9599914550781,304.2099914550781,305.0,3099500,AXP,3.9818959102216667,301.1699951171875,299.85499420166013
2025-01-16,306.3902587890625,311.4800109863281,314.0,310.1300048828125,312.70001220703125,2361000,AXP,-0.2689537391751595,302.89599609375,300.2504943847656
2025-01-17,307.4526672363281,312.55999755859375,315.3999938964844,310.7699890136719,313.0199890136719,2183500,AXP,0.34672740919898803,306.747998046875,300.8114944458008
2025-01-21,312.7545471191406,317.95001220703125,319.70001220703125,315.0,316.94000244140625,2779100,AXP,1.7244736020408657,310.9340026855469,302.3199951171875
2025-01-22,316.98431396484375,322.25,322.82000732421875,317.67999267578125,318.30999755859375,2927400,AXP,1.352410010341143,315.3120056152344,303.7784957885742
2025-01-23,320.5451354980469,325.8699951171875,326.2699890136719,321.989990234375,323.54998779296875,3935800,AXP,1.1233499199961194,318.0220031738281,305.1394958496094
2025-01-24,316.0891418457031,321.3399963378906,324.4700012207031,313.7300109863281,324.3999938964844,6260100,AXP,-1.3901245426624298,319.99400024414064,306.2664962768555
2025-01-27,311.24957275390625,316.4200134277344,318.8299865722656,311.8399963378906,318.1300048828125,3099100,AXP,-1.5310832657702722,320.76600341796876,306.9144973754883
2025-01-28,311.85943603515625,317.0400085449219,317.8699951171875,310.7200012207031,316.6400146484375,2431300,AXP,0.19594055081131323,320.58400268554686,307.56699829101564
2025-01-29,310.0986633300781,315.25,319.4800109863281,314.1400146484375,316.6300048828125,2155400,AXP,-0.5646002071275635,319.1840026855469,308.27699890136716
2025-01-30,313.7381896972656,318.95001220703125,321.8900146484375,316.0,317.0,2517400,AXP,1.1736755613104721,317.8000061035156,309.35800018310545
2025-01-31,312.2627258300781,317.45001220703125,321.6400146484375,315.510009765625,320.9100036621094,2033400,AXP,-0.470293131397137,317.0220092773437,310.39100036621096
2025-02-03,311.35772705078125,316.5299987792969,317.0,309.19000244140625,312.19000244140625,1997200,AXP,-0.2898136375355964,317.04400634765625,311.2960006713867
2025-02-04,310.6691589355469,315.8299865722656,317.3599853515625,313.1099853515625,315.25,1884100,AXP,-0.2211519318013666,316.802001953125,311.9335006713867
2025-02-05,315.29241943359375,320.5299987792969,320.7099914550781,315.1000061035156,317.94000244140625,2065700,AXP,1.4881462833979064,317.8580017089844,312.8660003662109
2025-02-06,314.9186096191406,320.1499938964844,323.25,317.2099914550781,323.1000061035156,1730400,AXP,-0.11855516933195753,318.097998046875,313.7725006103516
2025-02-07,311.59381103515625,316.7699890136719,321.3999938964844,316.2900085449219,320.8299865722656,1607100,AXP,-1.0557566600814527,317.9619934082031,314.4684997558594
2025-02-10,305.190185546875,310.260009765625,318.45001220703125,306.010009765625,318.45001220703125,3227000,AXP,-2.0551123761177736,316.70799560546874,315.3165008544922
2025-02-11,304.5115051269531,309.57000732421875,310.510009765625,306.3399963378906,308.5299987792969,1856100,AXP,-0.22239490095017356,315.45599975585935,315.94400177001955
2025-02-12,301.3932800292969,306.3999938964844,307.9599914550781,303.9100036621094,306.8500061035156,2238400,AXP,-1.0240053470084276,312.6299987792969,316.2460021972656
2025-02-13,302.4753112792969,307.5,309.6300048828125,305.8800048828125,307.54998779296875,1975200,AXP,0.35900983205869874,310.1,316.0050018310547
2025-02-14,305.9574279785156,311.0400085449219,311.8500061035156,307.4200134277344,307.42999267578125,1725500,AXP,1.1512222910315062,308.95400390625,315.9830017089844
2025-02-18,307.7378845214844,312.8500061035156,313.69000244140625,309.0299987792969,313.3900146484375,2024500,AXP,0.5819179233761851,309.4720031738281,315.9975021362305
2025-02-19,304.85577392578125,309.9200134277344,312.0,306.8699951171875,310.3800048828125,2148200,AXP,-0.9365487034102116,309.54200439453126,315.59600219726565
2025-02-20,298.8947448730469,303.8599853515625,309.9599914550781,298.69000244140625,309.7200012207031,2830300,AXP,-1.9553522888527297,309.03400268554685,314.67650146484374
2025-02-21,290.5730285644531,295.3999938964844,304.94000244140625,293.8500061035156,304.94000244140625,3280200,AXP,-2.784174245677662,306.61400146484374,313.1530014038086
2025-02-24,290.7008972167969,295.5299987792969,298.9800109863281,292.4200134277344,297.1099853515625,2450600,AXP,0.04400977843554976,303.5119995117187,311.8625015258789
2025-02-25,288.54669189453125,293.3399963378906,298.4100036621094,289.5299987792969,296.989990234375,2511700,AXP,-0.7410423477996031,299.60999755859376,310.70850067138673
2025-02-26,291.2615966796875,296.1000061035156,299.3399963378906,293.6700134277344,295.1400146484375,1899400,AXP,0.940891047958492,296.84599609375,309.66150054931643
2025-02-27,289.39263916015625,294.20001220703125,301.0,293.0400085449219,296.0,2031800,AXP,-0.6416730352312605,294.91400146484375,308.60900115966797
2025-02-28,296.0421447753906,300.9599914550781,301.07000732421875,294.9700012207031,296.2900085449219,3336300,AXP,2.2977494791162068,296.0260009765625,307.7095001220703
2025-03-03,290.6614990234375,295.489990234375,303.4599914550781,293.1099853515625,301.42999267578125,2342500,AXP,-1.8175177352500627,296.01799926757815,306.6114990234375
2025-03-04,278.8379821777344,283.4700012207031,291.7699890136719,277.5799865722656,291.57000732421875,5901200,AXP,-4.067815970394772,294.04400024414065,304.9584991455078
2025-03-05,279.53631591796875,284.17999267578125,286.1199951171875,280.6300048828125,283.0,2569200,AXP,0.25046440611729004,291.6599975585938,303.3759994506836
2025-03-06,271.13592529296875,275.6400146484375,282.1600036621094,274.5299987792969,279.79998779296875,2944200,AXP,-3.0051299343535898,287.947998046875,301.1315002441406
2025-03-07,268.7456359863281,273.2099914550781,274.1700134277344,264.7099914550781,273.6600036621094,3817000,AXP,-0.8815930431794294,282.397998046875,298.7845001220703
2025-03-10,257.0499267578125,261.32000732421875,268.5899963378906,257.45001220703125,267.7099914550781,4284100,AXP,-4.351958018641621,275.5640014648437,296.01200103759766
2025-03-11,251.216796875,255.38999938964844,260.239990234375,253.5399932861328,257.4599914550781,4925600,AXP,-2.269251403782857,269.9480010986328,293.2685005187988
2025-03-12,256.48919677734375,260.75,262.82000732421875,255.0,260.17999267578125,5514900,AXP,2.098751173954083,265.2620025634766,290.8275001525879
2025-03-13,252.23980712890625,256.42999267578125,261.510009765625,253.52000427246094,259.6499938964844,4194000,AXP,-1.6567621569391178,261.4199981689453,288.32900009155276
2025-03-14,261.2895202636719,265.6300048828125,266.6600036621094,259.0,260.1499938964844,4336800,AXP,3.587728608120866,259.9040008544922,286.23550033569336
2025-03-17,260.0599365234375,264.3800048828125,266.44000244140625,261.2699890136719,265.19000244140625,2975800,AXP,-0.4705793686791693,260.51600036621096,283.9025001525879
2025-03-18,258.42706298828125,262.7200012207031,265.5,260.4599914550781,264.6000061035156,3251700,AXP,-0.6278854797832301,261.98200073242185,281.39599990844727
2025-03-19,266.22747802734375,270.6499938964844,272.010009765625,261.260009765625,263.0299987792969,2894200,AXP,3.01841985343152,263.9619995117188,279.43249893188477
2025-03-20,266.40447998046875,270.8299865722656,274.54998779296875,268.2200012207031,269.0299987792969,2129500,AXP,0.06650385362656497,266.8419982910156,277.78099899291993
2025-03-21,266.0897521972656,270.510009765625,270.55999755859375,265.1600036621094,267.8500061035156,4229700,AXP,-0.11814674242330847,267.8179992675781,276.53649978637696
2025-03-24,273.31964111328125,277.8599853515625,278.25,274.2300109863281,275.2300109863281,2651400,AXP,2.717080817935602,270.5139953613281,275.6529991149902
2025-03-25,274.7164306640625,279.2799987792969,279.7900085449219,276.2099914550781,278.8999938964844,2767600,AXP,0.511053589072108,273.82599487304685,274.9499992370605
2025-03-26,271.49005126953125,276.0,282.1300048828125,274.6000061035156,280.0,2578600,AXP,-1.1744481501122173,274.89599609375,273.94499893188475
2025-03-27,267.5750427246094,272.0199890136719,275.5,270.5400085449219,274.8599853515625,2312000,AXP,-1.4420329660609132,275.1339965820313,272.8359977722168
2025-03-28,261.1419372558594,265.4800109863281,272.6400146484375,263.010009765625,270.6300048828125,3261500,AXP,-2.4042270022351375,274.12799682617185,271.0619987487793
2025-03-31,264.6535339355469,269.04998779296875,270.3399963378906,259.0,262.489990234375,3946000,AXP,1.344725274561065,272.3659973144531,269.739998626709
2025-04-01,266.06024169921875,270.4800109863281,270.8699951171875,265.1199951171875,265.739990234375,2881400,AXP,0.5315083658207653,270.6059997558594,269.0904991149902
2025-04-02,270.7522888183594,275.25,277.32000732421875,266.57000732421875,266.8900146484375,2473700,AXP,1.7635273661361195,270.45599975585935,268.64399948120115
2025-04-03,243.7705078125,247.82000732421875,261.0,247.17999267578125,260.20001220703125,7736200,AXP,-9.965483260955954,265.6160034179687,267.25299911499025
2025-04-04,230.62464904785156,233.67999267578125,238.97000122070312,228.6199951171875,237.9199981689453,9097500,AXP,-5.705759918705178,259.25599975585936,265.27649917602537
2025-04-07,231.216796875,234.27999877929688,241.94000244140625,220.42999267578125,225.2899932861328,6283600,AXP,0.2567640030475715,252.302001953125,263.9244987487793
2025-04-08,228.36459350585938,231.38999938964844,247.0,227.36000061035156,245.8300018310547,4782100,AXP,-1.2335664182630324,244.48399963378907,262.7244987487793
2025-04-09,258.9296569824219,262.3599853515625,264.7699890136719,226.25999450683594,226.9600067138672,8640600,AXP,13.384323455467161,241.90599670410157,262.80499801635744
2025-04-10,243.6619415283203,246.88999938964844,255.5,238.52000427246094,255.02000427246094,4799900,AXP,-5.896473100188759,241.7199951171875,262.32799835205077
2025-04-11,247.84649658203125,251.1300048828125,252.77000427246094,243.13999938964844,246.88999938964844,4413500,AXP,1.7173662374523113,245.20999755859376,261.6029983520508
2025-04-14,252.0409393310547,255.3800048828125,257.6199951171875,252.16000366210938,256.5199890136719,3067000,AXP,1.6923505424942142,249.42999877929688,261.15299835205076
2025-04-15,254.48851013183594,257.8599853515625,260.6300048828125,255.3000030517578,256.0,3509100,AXP,0.9710942208995599,254.7239959716797,260.9099975585938
2025-04-16,249.6130828857422,252.9199981689453,258.94000244140625,249.6300048828125,255.16000366210938,4244900,AXP,-1.9157633844902655,252.83599853515625,260.0234977722168
2025-04-17,248.02413940429688,251.30999755859375,255.6199951171875,247.10000610351562,252.9499969482422,3907500,AXP,-0.6365651676448758,253.71999816894532,259.0474983215332
2025-04-21,239.33920288085938,242.50999450683594,250.25999450683594,239.27000427246094,248.85000610351562,4302900,AXP,-3.501652595299576,251.99599609375,257.6474975585937
2025-04-22,249.11962890625,252.4199981689453,253.24000549316406,246.3699951171875,247.1199951171875,2324100,AXP,4.086431028239557,251.40399475097655,256.37549819946287
2025-04-23,256.7386779785156,260.1400146484375,270.1700134277344,259.260009765625,261.8699951171875,3872900,AXP,3.0584012897128643,251.86000061035156,255.41849899291992
2025-04-24,263.8248291015625,267.32000732421875,268.0,258.0,258.07000732421875,2696300,AXP,2.760049308632717,254.74000244140626,254.98449935913087
2025-04-25,261.34765625,264.80999755859375,268.8599853515625,264.0,267.0,1940100,AXP,-0.9389532009778545,257.44000244140625,254.62399978637694
2025-04-28,261.4858093261719,264.95001220703125,268.0,262.5299987792969,264.94000244140625,1561500,AXP,0.05287362627104386,261.9280059814453,254.5974998474121
2025-04-29,263.52874755859375,267.0199890136719,267.4800109863281,261.8299865722656,265.42999267578125,1730800,AXP,0.7812706968373995,264.84800415039064,254.49599990844726
2025-04-30,262.92669677734375,266.4100036621094,267.4200134277344,257.2099914550781,260.9599914550781,3522700,AXP,-0.22844183082161296,266.102001953125,254.29249954223633
2025-05-01,265.0288391113281,268.5400085449219,272.6600036621094,266.5199890136719,268.0,2473800,AXP,0.7995213593833483,266.34600219726565,253.9569999694824
2025-05-02,273.230224609375,276.8500061035156,278.1000061035156,273.1000061035156,274.5,3099300,AXP,3.0945100521971636,268.75400390625,255.40849990844725
2025-05-05,274.394775390625,278.0299987792969,281.5899963378906,274.0799865722656,275.4599914550781,2416300,AXP,0.4262209318283583,271.3700012207031,257.62600021362306
2025-05-06,271.76953125,275.3699951171875,278.1199951171875,273.6099853515625,274.4800109863281,3064000,AXP,-0.9567326093544715,273.0400024414063,259.6805000305176
2025-05-07,272.6281433105469,276.239990234375,278.80999755859375,273.8900146484375,277.3399963378906,2329200,AXP,0.31593678781787204,275.00599975585936,261.9229995727539
2025-05-08,279.951171875,283.6600036621094,285.5,278.7300109863281,279.7300109863281,3418000,AXP,2.6860750398372435,278.0299987792969,262.9880004882813
2025-05-09,280.79010009765625,284.510009765625,287.0,282.9700012207031,285.0,2704600,AXP,0.2996566638023834,279.56199951171874,264.8690010070801
2025-05-12,295.0116882324219,298.9200134277344,299.1700134277344,294.7300109863281,297.3399963378906,4089000,AXP,5.0648494490510565,283.74000244140626,267.25850143432615
2025-05-13,298.3474426269531,302.29998779296875,303.0199890136719,298.82000732421875,300.0,3531700,AXP,1.1307286944343353,289.1260009765625,269.604500579834
2025-05-14,296.17620849609375,300.1000061035156,303.6199951171875,299.45001220703125,303.1499938964844,1954400,AXP,-0.7277478591761644,293.89800415039065,271.7165016174316
2025-05-15,295.6333923339844,299.54998779296875,300.92999267578125,297.0,298.04998779296875,1955000,AXP,-0.18327834034004287,297.0760009765625,274.0480010986328
2025-05-16,295.8011474609375,299.7200012207031,301.6499938964844,297.8299865722656,300.3599853515625,2962200,AXP,0.0567562793065024,300.1179992675781,276.46850128173827
2025-05-19,295.38671875,299.29998779296875,300.8900146484375,295.69000244140625,297.010009765625,2751300,AXP,-0.14013526825829015,300.193994140625,279.3080009460449
2025-05-20,292.297607421875,296.1700134277344,298.20001220703125,294.19000244140625,296.489990234375,2706600,AXP,-1.045764949178496,298.96799926757814,281.49550170898436
2025-05-21,282.26055908203125,286.0,294.1199951171875,285.1099853515625,293.0400085449219,3447500,AXP,-3.433843051844232,296.147998046875,282.7885009765625
2025-05-22,283.4251708984375,287.17999267578125,289.04998779296875,285.07000732421875,285.6300048828125,2051800,AXP,0.41258485167177117,293.6739990234375,283.7815002441406
2025-05-23,281.4907531738281,285.2200012207031,287.1000061035156,281.4599914550781,281.82000732421875,1724200,AXP,-0.6824958231999467,290.7739990234375,284.80200042724607
2025-05-27,289.9191589355469,293.760009765625,293.8599853515625,288.1499938964844,290.5299987792969,2604300,AXP,2.99418291437199,289.66600341796874,286.2425003051758
2025-05-28,289.5243225097656,293.3599853515625,295.3800048828125,292.3800048828125,293.4599914550781,1676900,AXP,-0.13617388370242844,289.1039978027344,287.5595001220703
2025-05-29,291.5179138183594,295.3800048828125,296.6099853515625,292.79998779296875,296.260009765625,2362200,AXP,0.6885804581798105,290.97999877929686,289.0080001831055
2025-05-30,290.205322265625,294.04998779296875,295.75,291.6300048828125,294.9700012207031,5251700,AXP,-0.45027323036690436,292.3539978027344,290.2834991455078
2025-06-02,291.46856689453125,295.3299865722656,295.75,290.3299865722656,292.3500061035156,1751200,AXP,0.4352997219636334,294.37599487304686,291.20749816894534
2025-06-03,293.5016784667969,297.3900146484375,298.25,292.6499938964844,295.20001220703125,2202400,AXP,0.6975343411894874,295.10199584960935,292.17549896240234
2025-06-04,292.06072998046875,295.92999267578125,298.6499938964844,295.79998779296875,297.80999755859375,1842100,AXP,-0.4909451900670714,295.6159973144531,293.20349884033203
2025-06-05,292.09033203125,295.9599914550781,298.5,294.1400146484375,296.5,1696900,AXP,0.010137120278219669,295.73199462890625,294.1894989013672
2025-06-06,298.5152282714844,302.4700012207031,303.5,299.2300109863281,300.2900085449219,2099000,AXP,2.1996249336333484,297.41599731445314,295.1299987792969
2025-06-09,297.61712646484375,301.55999755859375,303.7900085449219,299.5799865722656,303.7900085449219,2097800,AXP,-0.300857492788309,298.66199951171876,295.9824981689453
2025-06-10,295.60382080078125,299.5199890136719,301.7799987792969,298.0,301.70001220703125,2045300,AXP,-0.6764851311306663,299.08799438476564,296.0124969482422
2025-06-11,295.1893005371094,299.1000061035156,303.3900146484375,298.6499938964844,300.17999267578125,2013500,AXP,-0.14021865837378078,299.7219970703125,295.85249786376954
2025-06-12,294.09381103515625,297.989990234375,298.5799865722656,294.0,296.6700134277344,1604500,AXP,-0.3711186380773501,300.12799682617185,295.7469970703125
2025-06-13,284.0271911621094,287.7900085449219,293.3299865722656,286.1499938964844,292.54998779296875,3405600,AXP,-3.422927622981775,297.19199829101564,295.1589981079102
2025-06-16,290.37310791015625,294.2200012207031,296.45001220703125,290.0199890136719,290.92999267578125,2307800,AXP,2.23426543134404,295.7239990234375,294.88399810791014
2025-06-17,288.98150634765625,292.80999755859375,294.5899963378906,290.95001220703125,292.0899963378906,2625800,AXP,-0.4792344695327744,294.3820007324219,294.5594985961914
2025-06-18,292.5443420410156,296.4200134277344,299.239990234375,292.0799865722656,292.0799865722656,3691500,AXP,1.2328868205458754,293.84600219726565,294.5719985961914
2025-06-20,294.68597412109375,298.5899963378906,299.75,296.6400146484375,297.5799865722656,5687000,AXP,0.7320635624643135,293.96600341796875,295.2014984130859
2025-06-23,295.71240234375,299.6300048828125,299.8699951171875,291.8800048828125,296.82000732421875,3101700,AXP,0.3483065600580204,296.33400268554686,295.8239990234375
2025-06-24,304.34796142578125,308.3800048828125,309.2200012207031,302.1499938964844,303.1000061035156,2805900,AXP,2.9202682833523896,299.16600341796874,296.981999206543
2025-06-25,304.5552062988281,308.5899963378906,310.7699890136719,307.17999267578125,308.8900146484375,2467200,AXP,0.06809502942901613,302.32200317382814,297.72349853515624
2025-06-26,307.3482360839844,311.4200134277344,312.2699890136719,308.1700134277344,309.5799865722656,3255200,AXP,0.9170799842600941,305.32200317382814,298.62649993896486
2025-06-27,313.0427551269531,317.19000244140625,320.1199951171875,313.1000061035156,314.0799865722656,4605500,AXP,1.8527996804581726,309.04200439453126,299.71699981689454
2025-06-30,314.8093566894531,318.9800109863281,320.1300048828125,317.5899963378906,318.5799865722656,3416600,AXP,0.5643332170447435,312.91200561523436,300.9635009765625
2025-07-01,318.3129577636719,322.5299987792969,324.3800048828125,316.29998779296875,316.92999267578125,3836200,AXP,1.1129185750516912,315.74200439453125,302.32350158691406
2025-07-02,321.3526916503906,325.6099853515625,326.6199951171875,321.3399963378906,322.989990234375,3040200,AXP,0.9549457675015249,319.1460021972656,303.7345001220703
2025-07-03,324.6573486328125,328.1300048828125,329.1400146484375,324.17999267578125,325.3299865722656,1541800,AXP,0.7739380377199234,322.4880004882813,305.34450073242186
2025-07-07,319.3144836425781,322.7300109863281,328.4100036621094,320.260009765625,327.5199890136719,2160300,AXP,-1.6456873239656722,323.59600219726565,306.68300170898436
2025-07-08,313.6253356933594,316.9800109863281,324.4700012207031,316.95001220703125,324.4700012207031,2643900,AXP,-1.7816750237843793,323.1960021972656,307.40850219726565
2025-07-09,313.9914245605469,317.3500061035156,320.92999267578125,317.30999755859375,318.6600036621094,2424200,AXP,0.11672506289472917,322.1600036621094,308.19800262451173
2025-07-10,321.79791259765625,325.239990234375,326.1000061035156,317.5,317.8500061035156,2844400,AXP,2.4862089110172514,322.08600463867185,309.4840026855469
2025-07-11,316.0889892578125,319.4700012207031,324.3500061035156,319.20001220703125,322.9800109863281,2091200,AXP,-1.7740712049320595,320.35400390625,310.50250244140625
2025-07-14,317.5236511230469,320.9200134277344,321.7699890136719,317.67999267578125,319.2900085449219,1890900,AXP,0.45388055263113625,319.99200439453125,311.64900360107424
2025-07-15,307.3623046875,310.6499938964844,319.45001220703125,310.42999267578125,318.6099853515625,3006500,AXP,-3.200180450435708,318.7260009765625,312.79200286865233
2025-07-16,308.5990905761719,311.8999938964844,312.489990234375,306.6099853515625,312.44000244140625,2921900,AXP,0.40238210994993917,317.63599853515626,313.6760025024414
2025-07-17,312.0125732421875,315.3500061035156,316.9800109863281,310.5799865722656,310.9200134277344,3223300,AXP,1.1061276930246722,315.6580017089844,314.8030029296875
2025-07-18,304.69091796875,307.95001220703125,311.8599853515625,302.510009765625,311.8599853515625,5481100,AXP,-2.3465970360740274,313.35400390625,315.37950286865237
2025-07-21,299.7635803222656,302.9700012207031,309.1700134277344,302.9700012207031,307.9599914550781,2667200,AXP,-1.6171491439916252,309.7640014648438,315.59850311279297
2025-07-22,300.9212646484375,304.1400146484375,306.1600036621094,301.7300109863281,302.9800109863281,2296100,AXP,0.3861812796713382,308.4620056152344,315.8240036010742
2025-07-23,305.39337158203125,308.6600036621094,309.5899963378906,305.239990234375,308.0,2139100,AXP,1.4861540066987367,307.8140075683594,315.83800354003904
2025-07-24,304.9877014160156,308.25,310.5,307.0,308.29998779296875,2288100,AXP,-0.13283342747517635,306.3940063476563,315.82100372314454
2025-07-25,308.3121337890625,311.6099853515625,312.6499938964844,307.510009765625,309.4200134277344,2149300,AXP,1.090019578771284,307.1260009765625,315.83050231933595
2025-07-28,307.45135498046875,310.739990234375,313.5,309.2900085449219,311.6000061035156,1653800,AXP,-0.27919359394275034,308.67999877929685,315.50800170898435
2025-07-29,305.274658203125,308.5400085449219,313.6199951171875,307.8500061035156,312.9100036621094,1796400,AXP,-0.7079815146398771,309.55999755859375,314.9860015869141
2025-07-30,300.1989440917969,303.4100036621094,308.75,301.3699951171875,308.54998779296875,3132400,AXP,-1.662670882458861,308.50999755859374,314.0300018310547
2025-07-31,296.1423645019531,299.30999755859375,303.9100036621094,298.07000732421875,301.8999938964844,2718200,AXP,-1.3513088078933477,306.7219970703125,312.7150024414062
2025-08-01,291.1556701660156,294.2699890136719,294.9100036621094,288.3399963378906,294.0299987792969,3012900,AXP,-1.6838757762961842,303.2539978027344,311.0220016479492
2025-08-04,295.4299621582031,298.5899963378906,299.1000061035156,295.5299987792969,295.5400085449219,1876000,AXP,1.4680420992635002,300.8239990234375,309.8150009155273
2025-08-05,293.5006103515625,296.6400146484375,300.3500061035156,295.2300109863281,299.8500061035156,2181000,AXP,-0.6530633019756205,298.4440002441406,308.7980010986328
2025-08-06,292.4122619628906,295.5400085449219,298.04998779296875,294.44000244140625,297.2099914550781,3430500,AXP,-0.37082188821332407,296.8700012207031,307.70750122070314
2025-08-07,291.6108093261719,294.7300109863281,298.2900085449219,290.6300048828125,297.70001220703125,2842500,AXP,-0.27407374134613693,295.95400390625,306.18200225830077
2025-08-08,294.2822265625,297.42999267578125,298.1300048828125,294.5400085449219,297.0,1778100,AXP,0.9160864482098408,296.58600463867185,305.0800018310547
2025-08-11,293.0949401855469,296.2300109863281,297.44000244140625,294.8900146484375,297.1199951171875,2316700,AXP,-0.40345012910691924,296.1140075683594,303.8455017089844
2025-08-12,300.00103759765625,303.2099914550781,305.07000732421875,298.4800109863281,298.8999938964844,2170500,AXP,2.3562705363678216,297.4280029296875,303.47350158691404
2025-08-13,303.6223449707031,306.8699951171875,307.6000061035156,302.42999267578125,304.69000244140625,2586800,AXP,1.2070854408673393,299.6940002441406,303.22200164794924
2025-08-14,304.4732666015625,307.7300109863281,307.95001220703125,302.510009765625,305.5400085449219,2108300,AXP,0.2802541411102144,302.29400024414065,302.8410018920898
2025-08-15,302.2371826171875,305.4700012207031,309.80999755859375,304.239990234375,309.4599914550781,2728000,AXP,-0.7344131819906896,303.902001953125,302.7170013427734
2025-08-18,303.8004150390625,307.04998779296875,307.239990234375,302.7900085449219,304.2699890136719,2115100,AXP,0.5172313372677317,306.0659973144531,302.9210006713867
2025-08-19,302.8604736328125,306.1000061035156,308.57000732421875,304.57000732421875,306.6600036621094,2215800,AXP,-0.3093899127895927,306.6440002441406,303.0190002441406
2025-08-20,305.1361389160156,308.3999938964844,309.0199890136719,303.8699951171875,305.7300109863281,2481700,AXP,0.7513844322469376,306.95,303.00599975585936
2025-08-21,304.9085998535156,308.1700134277344,308.5199890136719,304.0199890136719,306.7900085449219,1848500,AXP,-0.07457213790581507,307.0380004882812,303.0020004272461
2025-08-22,315.7822570800781,319.1600036621094,321.7099914550781,310.1499938964844,310.2200012207031,2785200,AXP,3.5662101293162163,309.7760009765625,303.37950134277344
2025-08-25,312.45782470703125,315.79998779296875,319.95001220703125,315.4100036621094,319.05999755859375,1599600,AXP,-1.0527684642771984,311.5260009765625,303.63250122070315
2025-08-26,317.2070007324219,320.6000061035156,320.7900085449219,314.1199951171875,315.0199890136719,1848600,AXP,1.5199551919215626,314.4260009765625,304.2355010986328
2025-08-27,319.0473327636719,322.4599914550781,323.5199890136719,319.510009765625,319.9200134277344,1970100,AXP,0.5801576157680843,317.2380004882813,305.18800048828126
2025-08-28,323.5293884277344,326.989990234375,327.5400085449219,322.0,323.989990234375,2194800,AXP,1.4048250633684978,321.0019958496094,306.57200012207034
2025-08-29,327.7740173339844,331.2799987792969,332.05999755859375,326.80999755859375,327.2799987792969,2981300,AXP,1.3119693791993292,323.4259948730469,308.42250061035156
2025-09-02,327.675048828125,331.17999267578125,331.3800048828125,322.7099914550781,326.6600036621094,3225100,AXP,-0.03018778793894006,326.5019958496094,310.05200042724607
2025-09-03,320.2840881347656,323.7099914550781,332.07000732421875,321.4100036621094,330.75,3439000,AXP,-2.255571407061452,327.1239929199219,311.40549926757814
2025-09-04,327.150634765625,330.6499938964844,331.0400085449219,322.82000732421875,325.0,2485100,AXP,2.14389503710124,328.7619934082031,313.16099853515624
2025-09-05,322.767578125,326.2200012207031,332.4599914550781,325.2300109863281,330.69000244140625,2971800,AXP,-1.3397830810691458,328.6079956054688,314.735498046875
2025-09-08,321.96612548828125,325.4100036621094,327.45001220703125,324.0,326.510009765625,2264400,AXP,-0.24829794481110445,327.4339965820312,316.1344985961914
2025-09-09,320.9074401855469,324.3399963378906,326.5899963378906,320.79998779296875,322.7900085449219,2056000,AXP,-0.32881820232232295,326.0659973144531,317.53999786376954
2025-09-10,319.92791748046875,323.3500061035156,324.6499938964844,321.239990234375,322.989990234375,1846600,AXP,-0.305232239487252,325.99400024414064,318.54699859619143
2025-09-11,325.8347473144531,329.32000732421875,330.69000244140625,322.4200134277344,323.5,2825900,AXP,1.846296925317481,325.7280029296875,319.669499206543
2025-09-12,321.8671569824219,325.30999755859375,329.6000061035156,324.04998779296875,329.6000061035156,2000300,AXP,-1.2176635723432083,325.54600219726564,320.5484985351562
2025-09-15,323.79656982421875,327.260009765625,330.2699890136719,326.0,326.04998779296875,1646300,AXP,0.5994319946100113,325.91600341796874,321.6379989624023
2025-09-16,323.578857421875,327.0400085449219,327.989990234375,323.70001220703125,327.79998779296875,1987600,AXP,-0.06722520752251437,326.456005859375,322.6375
2025-09-17,332.44403076171875,336.0,337.5,328.3999938964844,328.8999938964844,3586500,AXP,2.73972334300725,328.9860046386719,324.1324996948242
2025-09-18,338.0540771484375,341.6700134277344,342.4700012207031,335.0,338.5,3204000,AXP,1.6875039963495153,331.456005859375,325.7960006713867
2025-09-19,337.5098571777344,341.1199951171875,344.3599853515625,339.7200012207031,342.5299987792969,8632000,AXP,-0.1609793920832936,334.6180053710938,327.44349975585936
2025-09-22,337.3713684082031,340.9800109863281,345.510009765625,338.3800048828125,339.510009765625,3328000,AXP,-0.041036624314938486,337.36200561523435,328.5345001220703
2025-09-23,337.8561096191406,341.4700012207031,349.19000244140625,340.010009765625,341.94000244140625,2697600,AXP,0.1437005743995412,340.2480041503906,329.81800079345703
2025-09-24,336.87664794921875,340.4800109863281,345.0,338.510009765625,342.9700012207031,2279100,AXP,-0.28992011914251714,341.1440063476563,330.81200103759767
2025-09-25,336.5798034667969,340.17999267578125,340.7699890136719,334.0,336.9100036621094,2223900,AXP,-0.08811627727506322,340.84600219726565,331.6980010986328
2025-09-26,338.0639343261719,341.67999267578125,343.3299865722656,339.0199890136719,341.45001220703125,1728600,AXP,0.4409430396541847,340.9580017089844,332.4325012207031
2025-09-29,338.687255859375,342.30999755859375,344.8500061035156,338.5,343.760009765625,1658100,AXP,0.1843844814789275,341.2239990234375,332.98400115966797
2025-09-30,328.6446838378906,332.1600036621094,342.9599914550781,328.1499938964844,341.6000061035156,3327300,AXP,-2.965146787670725,339.36199951171875,333.0330017089844
2025-10-01,325.0827941894531,328.55999755859375,335.7699890136719,328.3999938964844,331.0,2598800,AXP,-1.0838168544752724,336.9779968261719,333.27550201416017
2025-10-02,326.98248291015625,330.4800109863281,331.9800109863281,326.2799987792969,328.45001220703125,1907600,AXP,0.584372243121889,335.0380004882812,333.26700286865236
2025-10-03,326.7449951171875,330.239990234375,332.0400085449219,328.7200012207031,332.0,2404000,AXP,-0.07262791817174152,332.75,333.46800231933594
2025-10-06,328.4764404296875,331.989990234375,334.0,326.25,332.0,2116200,AXP,0.5299176513292592,330.6859985351563,333.79700164794923
2025-10-07,324.4989929199219,327.9700012207031,334.94000244140625,325.739990234375,332.6499938964844,1708900,AXP,-1.2108765721622783,329.847998046875,333.97850189208987
2025-10-08,320.3929443359375,323.82000732421875,329.1499938964844,323.5799865722656,328.6700134277344,2184300,AXP,-1.265357770844322,328.9,334.002001953125
2025-10-09,321.0063781738281,324.44000244140625,328.30999755859375,324.04998779296875,326.4800109863281,2094800,AXP,0.19146288158988778,327.69199829101564,333.75800170898435
2025-10-10,313.7058410644531,316.260009765625,328.1000061035156,315.95001220703125,325.20001220703125,2684700,AXP,-2.5212651381540274,324.8960021972656,333.3055023193359
2025-10-13,320.5104064941406,323.1199951171875,324.3599853515625,319.05999755859375,319.1700134277344,1693100,AXP,2.1690966735397055,323.12200317382815,333.09850158691404
2025-10-14,330.161865234375,332.8500061035156,336.3299865722656,320.5,321.6099853515625,2810400,AXP,3.0112686102261366,324.09800415039064,333.3890014648438
2025-10-15,327.989501953125,330.6600036621094,336.9200134277344,330.2799987792969,333.8599853515625,2186000,AXP,-0.6579547547687747,325.46600341796875,333.1220016479492
2025-10-16,320.5104064941406,323.1199951171875,332.5,320.0,331.0199890136719,3268000,AXP,-2.280290467977719,325.202001953125,332.1945007324219
2025-10-17,343.8206481933594,346.6199951171875,348.70001220703125,331.0,332.3800048828125,7025200,AXP,7.272839921737795,331.2739990234375,332.46950073242186
2025-10-20,346.65753173828125,349.4800109863281,350.2200012207031,342.6499938964844,347.3900146484375,3465400,AXP,0.8251156625207701,336.54600219726564,332.8945007324219
2025-10-21,352.3511657714844,355.2200012207031,356.6700134277344,350.7900085449219,352.0899963378906,2658400,AXP,1.6424373509017487,341.02000122070314,333.5820007324219
2025-10-22,349.15716552734375,352.0,357.7300109863281,349.17999267578125,355.2799987792969,2710000,AXP,-0.9064808314953265,345.2880004882812,334.15800018310546
2025-10-23,352.0635070800781,354.92999267578125,356.17999267578125,350.54998779296875,352.7200012207031,1892600,AXP,0.8323842828924066,351.65,334.89550018310547
2025-10-24,354.6722717285156,357.55999755859375,362.32000732421875,356.8699951171875,358.3999938964844,2397500,AXP,0.7409925723619981,353.83800048828124,335.6895004272461
2025-10-27,358.74908447265625,361.6700134277344,362.8399963378906,358.9100036621094,362.0,2179900,AXP,1.1494618797414757,356.2760009765625,336.6575012207031
2025-10-28,358.1142578125,361.0299987792969,362.5299987792969,359.44000244140625,361.2200012207031,1416800,AXP,-0.176960938058357,357.43800048828126,338.1010009765625
2025-10-29,355.3269348144531,358.2200012207031,362.0,355.8800048828125,359.0,1840500,AXP,-0.7783279971456225,358.6820007324219,339.584001159668
2025-10-30,355.9815979003906,358.8800048828125,365.75,357.9599914550781,358.5899963378906,2045100,AXP,0.18424534081298294,359.4720031738281,341.0040008544922
2025-10-31,357.81671142578125,360.7300109863281,361.989990234375,356.0,357.0,2155600,AXP,0.5154943374791054,360.106005859375,342.5285018920898
2025-11-03,358.699462890625,361.6199951171875,363.5400085449219,358.8500061035156,361.0,1822900,AXP,0.2467175182973902,360.09600219726565,344.01000213623047
2025-11-04,357.5785827636719,360.489990234375,362.5400085449219,356.8500061035156,359.32000732421875,1887800,AXP,-0.31248407114388144,359.9880004882813,345.63600158691406
2025-11-05,362.8457336425781,365.79998779296875,367.82000732421875,356.4100036621094,359.69000244140625,2195800,AXP,1.4729944526729932,361.5039978027344,347.73500061035156
2025-11-06,362.77630615234375,365.7300109863281,369.260009765625,362.4100036621094,366.0400085449219,2354600,AXP,-0.019129800157413612,362.8739990234375,349.7995010375977
2025-11-07,365.5635986328125,368.5400085449219,370.0,361.0,364.1400146484375,2752200,AXP,0.7683256703532537,364.4359985351563,352.4135009765625
2025-11-10,364.9089050292969,367.8800048828125,371.79998779296875,362.760009765625,369.4800109863281,2876800,AXP,-0.17908602778711202,365.68800048828126,354.65150146484376
2025-11-11,367.1705322265625,370.1600036621094,373.0799865722656,366.260009765625,367.8900146484375,2132900,AXP,0.6197669753818635,367.62200317382815,356.5170013427734
2025-11-12,369.7594299316406,372.7699890136719,377.2300109863281,370.510009765625,371.1099853515625,2961500,AXP,0.7050965327807246,369.01600341796876,358.62250061035155
2025-11-13,361.7843933105469,364.7300109863281,373.8900146484375,363.3399963378906,371.0899963378906,2273500,AXP,-2.1568200939719118,368.8160034179688,360.70300140380857
2025-11-14,354.2953186035156,357.17999267578125,362.20001220703125,355.3999938964844,361.79998779296875,2943500,AXP,-2.0700293595609542,366.54400024414065,361.23100128173826
2025-11-17,338.4939880371094,341.25,358.2300109863281,339.3999938964844,356.2200012207031,3599000,AXP,-4.459934207524663,361.21799926757814,360.8195007324219
2025-11-18,337.9087829589844,340.6600036621094,343.7300109863281,334.1000061035156,336.8500061035156,4216800,AXP,-0.17289269974817278,355.3179992675781,360.0915008544922
2025-11-19,341.8566589355469,344.6400146484375,345.32000732421875,340.739990234375,341.7099914550781,2005000,AXP,1.1683235318331597,349.69200439453124,359.72350158691404
2025-11-20,341.02337646484375,343.79998779296875,353.1300048828125,340.32000732421875,349.9700012207031,3095700,AXP,-0.24374037249437208,345.50599975585936,359.16700134277346
2025-11-21,350.0400085449219,352.8900146484375,356.30999755859375,344.29998779296875,345.6000061035156,3044100,AXP,2.6439869628333446,344.64800415039065,358.9335021972656
2025-11-24,353.055419921875,355.92999267578125,356.3900146484375,350.17999267578125,353.6199951171875,3330900,AXP,0.8614519825312472,347.58400268554686,358.646501159668
2025-11-25,359.7112731933594,362.6400146484375,363.7900085449219,355.30999755859375,357.04998779296875,2059400,AXP,1.8852083585910284,351.9800048828125,358.727001953125
2025-11-26,361.030517578125,363.9700012207031,366.7300109863281,362.7099914550781,362.7099914550781,1679900,AXP,0.3667511908620913,355.84600219726565,359.014501953125
2025-11-28,362.3199768066406,365.2699890136719,367.5299987792969,364.010009765625,365.69000244140625,872300,AXP,0.3571689393655486,360.14000244140624,359.334001159668
2025-12-01,357.4000549316406,360.30999755859375,366.5299987792969,360.1400146484375,363.8599853515625,2229100,AXP,-1.357897337383629,361.6239990234375,359.31300048828126
2025-12-02,357.78692626953125,360.70001220703125,363.6600036621094,357.3500061035156,362.0799865722656,2135400,AXP,0.10824419280068831,362.5780029296875,359.2670013427734
2025-12-03,365.15692138671875,368.1300048828125,370.20001220703125,360.79998779296875,361.0199890136719,2651800,AXP,2.059881459476265,363.6760009765625,359.6490020751953
2025-12-04,368.1524963378906,371.1499938964844,373.05999755859375,368.1300048828125,368.989990234375,2027200,AXP,0.8203593767460493,365.11199951171875,359.91650238037107
2025-12-05,367.3589782714844,370.3500061035156,374.8800048828125,369.05999755859375,369.45001220703125,1978700,AXP,-0.21554298966036667,366.1280029296875,360.14750213623046
2025-12-08,359.3541564941406,362.2799987792969,370.0,360.70001220703125,369.9100036621094,2581400,AXP,-2.179021787828217,366.5220031738281,359.8345016479492
2025-12-09,360.9709777832031,363.9100036621094,368.07000732421875,362.5,363.0299987792969,2197600,AXP,0.44992958162326513,367.16400146484375,359.63600158691406
2025-12-10,372.53680419921875,375.57000732421875,377.9800109863281,363.0,363.0,2804400,AXP,3.204089897164719,368.652001953125,359.90650177001953
2025-12-11,381.78155517578125,384.8900146484375,385.9200134277344,375.6000061035156,376.5,2975800,AXP,2.481563261832309,371.40000610351564,360.5125030517578
2025-12-12,379.47039794921875,382.55999755859375,387.489990234375,378.6000061035156,386.489990234375,2477800,AXP,-0.6053721845634241,373.8420043945313,361.4040023803711
2025-12-15,379.4803161621094,382.57000732421875,385.75,379.8699951171875,384.3999938964844,2734700,AXP,0.0026165217714479994,377.90000610351564,362.67350311279296
2025-12-16,377.67498779296875,380.75,384.7799987792969,378.82000732421875,384.0,2584400,AXP,-0.475731837147475,381.26800537109375,364.648503112793
2025-12-17,372.57647705078125,375.6099853515625,384.3399963378906,374.54998779296875,381.54998779296875,2973900,AXP,-1.349971017317797,381.2760009765625,366.3960021972656
2025-12-18,372.48724365234375,375.5199890136719,380.5400085449219,373.8500061035156,380.0,2884400,AXP,-0.023960049359816882,379.40199584960936,367.9400009155273
2025-12-19,373.46923828125,376.510009765625,377.54998779296875,372.7699890136719,375.5400085449219,7934300,AXP,0.2636399608322959,378.19199829101564,369.5755020141602
2025-12-22,377.7742004394531,380.8500061035156,382.4200134277344,377.0799865722656,378.3299865722656,2747400,AXP,1.152690825030711,377.847998046875,370.97350158691404
2025-12-23,379.1033630371094,382.19000244140625,384.54998779296875,380.1000061035156,380.75,1768200,AXP,0.3518435910242257,378.13599853515626,372.2865020751953
2025-12-24,380.01593017578125,383.1099853515625,384.7300109863281,380.739990234375,382.19000244140625,817100,AXP,0.2407134944083955,379.63599853515626,373.31000061035155
2025-12-26,377.9725646972656,381.04998779296875,382.6700134277344,380.2699890136719,382.3299865722656,1114900,AXP,-0.537703959008895,380.74199829101565,374.1639999389648
2025-12-29,372.288818359375,375.32000732421875,381.3900146484375,374.9700012207031,381.0,1736800,AXP,-1.503734589243233,380.5039978027344,374.6665008544922
2025-12-30,370.37445068359375,373.3900146484375,375.42999267578125,372.95001220703125,375.0299987792969,1319500,AXP,-0.5142258973990788,379.0119995117187,375.32050170898435
2025-12-31,366.96221923828125,369.95001220703125,374.3699951171875,369.8699951171875,373.2699890136719,1469300,AXP,-0.9212893506659992,376.5640014648437,375.7830017089844
2026-01-02,370.54107666015625,372.7300109863281,372.8699951171875,367.25,369.5,2076100,AXP,0.7514525442807951,374.4880065917969,376.0130020141602
2026-01-05,377.5695495605469,379.79998779296875,383.70001220703125,372.25,372.29998779296875,2362000,AXP,1.896809110683595,374.2380065917969,376.44550170898435
2026-01-06,381.3074645996094,383.55999755859375,386.260009765625,376.2099914550781,380.3699951171875,2544100,AXP,0.9899973371443549,375.88600463867186,377.10600128173826
2026-01-07,375.9988098144531,378.2200012207031,384.989990234375,376.5199890136719,383.8999938964844,2178600,AXP,-1.3922193064658361,376.852001953125,377.9030014038086
2026-01-08,380.7308654785156,382.9800109863281,385.1300048828125,376.510009765625,378.1700134277344,2707700,AXP,1.2585293612876303,379.4580017089844,378.8565017700195
2026-01-09,373.4041442871094,375.6099853515625,384.8900146484375,373.8299865722656,383.0,2767700,AXP,-1.9243891125766188,380.03399658203125,378.8585006713867
2026-01-12,357.4782409667969,359.5899963378906,362.0400085449219,355.510009765625,360.5,7015900,AXP,-4.2650594069477465,375.99199829101565,377.5934997558594
2026-01-13,355.8975830078125,358.0,360.2900085449219,355.95001220703125,359.6000061035156,3775000,AXP,-0.44216923554141196,370.8799987792969,376.36549987792966
2026-01-14,356.15606689453125,358.260009765625,358.3900146484375,350.7200012207031,356.44000244140625,3583400,AXP,0.07262842615223253,366.88800048828125,375.15
2026-01-15,355.2712707519531,357.3699951171875,361.1000061035156,355.7300109863281,358.3699951171875,2868300,AXP,-0.2484270150664436,361.7659973144531,373.9809997558594
2026-01-16,362.647705078125,364.7900085449219,369.3999938964844,359.8999938964844,361.1499938964844,3555100,AXP,2.0762832719913193,359.602001953125,373.4400009155273
2026-01-20,350.1217041015625,352.19000244140625,361.1600036621094,351.3500061035156,356.0,3049600,AXP,-3.454043643841742,358.12200317382815,372.27350158691405
2026-01-21,357.49810791015625,359.6099853515625,362.6300048828125,352.2699890136719,352.29998779296875,2780300,AXP,2.1068124758568896,358.4440002441406,371.4285003662109
2026-01-22,365.85870361328125,368.0199890136719,370.1000061035156,362.7300109863281,362.7300109863281,2628500,AXP,2.338645756426261,360.39599609375,370.78699951171876
2026-01-23,359.56591796875,361.69000244140625,363.75,358.25,362.7300109863281,2801800,AXP,-1.7200116192684467,361.25999755859374,369.7619995117187
2026-01-26,361.1167297363281,363.25,364.8699951171875,360.6600036621094,362.19000244140625,2131200,AXP,0.43130790125902596,360.9519958496094,368.7690002441406
2026-01-27,357.3390808105469,359.45001220703125,363.4200134277344,355.7699890136719,363.260009765625,1916000,AXP,-1.0461081329576682,362.40399780273435,367.6890014648437
2026-01-28,354.89349365234375,356.989990234375,361.57000732421875,356.54998779296875,359.239990234375,2386500,AXP,-0.6843850018398046,361.8799987792969,366.7725006103516
2026-01-29,356.3946228027344,358.5,362.2900085449219,355.6499938964844,360.2699890136719,4217500,AXP,0.4229837830000971,359.9760009765625,366.0279998779297
2026-01-30,350.101806640625,352.1700134277344,356.010009765625,344.5,355.0,5381200,AXP,-1.7656866310364339,358.07200317382814,365.13899993896484
2026-02-02,350.7579040527344,352.8299865722656,355.29998779296875,347.010009765625,350.3500061035156,2603200,AXP,0.18740185687804445,355.9880004882813,364.14399871826174
2026-02-03,347.5767517089844,349.6300048828125,358.3699951171875,346.8999938964844,353.92999267578125,2854600,AXP,-0.9069472015518998,354.0239990234375,362.63549957275393
2026-02-04,351.593017578125,353.6700134277344,357.3299865722656,347.5400085449219,349.6300048828125,3241900,AXP,1.1555096783744334,353.36000366210936,361.14100036621096
2026-02-05,352.53741455078125,354.6199951171875,357.32000732421875,348.3500061035156,350.54998779296875,4074900,AXP,0.26860679542661803,352.58400268554686,359.9610000610352
2026-02-06,357.0408020019531,359.1499938964844,361.3900146484375,354.69000244140625,358.20001220703125,3301700,AXP,1.2774233945268332,353.97999877929686,358.76949920654295
2026-02-09,357.5478210449219,359.6600036621094,361.739990234375,355.67999267578125,359.0,2219700,AXP,0.14200467055331956,355.34600219726565,357.9720001220703
2026-02-10,361.0670471191406,363.20001220703125,369.5,359.3299865722656,359.6199951171875,3506900,AXP,0.984265280786567,358.06000366210935,358.15250091552736
2026-02-11,351.9310302734375,354.010009765625,369.5,353.95001220703125,367.55999755859375,3437100,AXP,-2.530286930763581,358.1280029296875,357.95300140380857
2026-02-12,340.8663635253906,342.8800048828125,359.05999755859375,340.3800048828125,356.5,4141900,AXP,-3.1439802762021296,355.7800048828125,357.18400115966796
2026-02-13,335.5179748535156,337.5,344.8699951171875,336.2099914550781,342.6000061035156,3814400,AXP,-1.569063464243492,351.45000610351565,356.1905014038086
2026-02-17,342.5066833496094,344.5299987792969,346.6300048828125,338.0,338.7300109863281,3186000,AXP,2.0829626012731417,348.42400512695315,355.17750091552733
2026-02-18,344.2066345214844,346.239990234375,348.04998779296875,345.0,346.0899963378906,1900600,AXP,0.4963258529407488,345.03200073242186,354.88000030517577
2026-02-19,340.6377258300781,342.6499938964844,344.6199951171875,338.2900085449219,343.75,2786500,AXP,-1.036852021472301,342.75999755859374,354.03200073242186
2026-02-20,344.14697265625,346.17999267578125,346.2799987792969,338.5,341.54998779296875,2738900,AXP,1.0302054114039505,343.4199951171875,352.9400009155273
2026-02-23,319.35345458984375,321.239990234375,345.8299865722656,317.1499938964844,343.3500061035156,7092600,AXP,-7.20434541829923,340.1679931640625,350.9175003051758
2026-02-24,318.5979309082031,320.4800109863281,323.5899963378906,316.07000732421875,320.489990234375,7925900,AXP,-0.23657678718406183,335.3579956054688,348.7790008544922
2026-02-25,325.1690979003906,327.0899963378906,329.1300048828125,322.32000732421875,323.4599914550781,3843800,AXP,2.062526561709488,331.5279968261719,347.16100006103517
2026-02-26,333.35076904296875,335.32000732421875,336.6199951171875,329.75,329.8399963378906,3215500,AXP,2.5161304468102275,330.06199951171874,346.07750091552737
2026-02-27,307.0859069824219,308.8999938964844,321.510009765625,307.6499938964844,320.8999938964844,9817300,AXP,-7.879044748495733,322.6059997558594,343.5975006103516
2026-03-02,305.6245422363281,307.42999267578125,310.4200134277344,301.2799987792969,303.20001220703125,6280000,AXP,-0.47588256709248933,319.8440002441406,341.3604995727539
2026-03-03,306.0122985839844,307.82000732421875,309.4100036621094,299.75,300.1099853515625,5673100,AXP,0.12686291439651942,317.31199951171874,339.11000061035156
2026-03-04,309.38232421875,311.2099914550781,312.4599914550781,307.0,309.1099853515625,4055200,AXP,1.1012877818850741,314.13599853515626,337.18899993896486
2026-03-05,305.40582275390625,307.2099914550781,309.5,304.79998779296875,306.8599853515625,4601800,AXP,-1.2853057773941634,308.5139953613281,334.86599884033205
2026-03-06,299.2323303222656,301.0,303.0,294.510009765625,300.67999267578125,5500100,AXP,-2.0214158483794598,306.9339965820312,332.1849990844727
2026-03-09,303.58660888671875,305.3800048828125,306.29998779296875,292.42999267578125,294.5299987792969,4695000,AXP,1.4551511238579673,306.5239990234375,329.4964996337891
2026-03-10,301.3696594238281,303.1499938964844,308.25,301.0199890136719,305.95001220703125,3488800,AXP,-0.7302413225069748,305.5899963378906,326.67099914550784
2026-03-11,304.1929931640625,305.989990234375,306.8500061035156,300.8500061035156,302.4700012207031,3512200,AXP,0.9368287630117544,304.54599609375,323.810498046875
2026-03-12,300.1170959472656,301.8900146484375,304.8399963378906,298.7300109863281,300.5400085449219,3602400,AXP,-1.3399051331048795,303.48200073242185,321.2044982910156
2026-03-13,298.19842529296875,299.9599914550781,305.7099914550781,299.8399963378906,304.32000732421875,2645800,AXP,-0.6393133590744782,303.2739990234375,319.0584976196289
2026-03-16,296.4487609863281,298.20001220703125,304.0299987792969,295.8299865722656,301.010009765625,3604200,AXP,-0.5867379977940956,301.83800048828124,317.09349822998047
2026-03-17,298.506591796875,300.2699890136719,306.2900085449219,299.8399963378906,303.8599853515625,3616000,AXP,0.6941571837373095,301.2619995117187,314.88049774169923
2026-03-18,292.6611633300781,294.3900146484375,301.07000732421875,293.3599853515625,299.1499938964844,3303100,AXP,-1.958229120582089,298.94200439453124,312.28799896240236
2026-03-19,293.1979675292969,294.92999267578125,297.6199951171875,291.2799987792969,292.2799987792969,3027200,AXP,0.18342267076842944,297.55,309.90199890136716
2026-03-20,293.7646179199219,295.5,296.5,290.9700012207031,294.9700012207031,7116500,AXP,0.19326868693390065,296.6580017089844,307.3679992675781
2026-03-23,300.136962890625,301.9100036621094,304.9800109863281,297.9599914550781,304.9800109863281,4319800,AXP,2.169205977025168,297.4,306.40149993896483
2026-03-24,300.2264404296875,302.0,303.8399963378906,297.95001220703125,298.80999755859375,3639100,AXP,0.02980899499818168,297.7460021972656,305.4774993896484
2026-03-25,298.4767761230469,300.239990234375,306.3800048828125,296.9100036621094,305.0,2823800,AXP,-0.5827846906043099,298.91599731445314,304.13499908447267
2026-03-26,297.6318054199219,299.3900146484375,302.70001220703125,295.8500061035156,298.57000732421875,2887500,AXP,-0.2830987255475148,299.80800170898436,302.33849945068357
2026-03-27,290.5535888671875,292.2699890136719,297.95001220703125,291.5,297.2900085449219,2751000,AXP,-2.378177389491898,299.16199951171876,301.50699920654296
2026-03-30,295.742919921875,297.489990234375,301.4599914550781,293.70001220703125,294.67999267578125,3851100,AXP,1.7860202610330056,298.2779968261719,301.00999908447267
2026-03-31,300.70361328125,302.4800109863281,304.4700012207031,297.5799865722656,302.9800109863281,3516600,AXP,1.6773743372077154,298.3739990234375,300.7429992675781
2026-04-01,299.6796875,301.45001220703125,307.25,299.6300048828125,306.7699890136719,3403300,AXP,-0.3405179654477841,298.6160034179687,300.25500030517577
2026-04-02,299.36053466796875,300.17999267578125,302.75,292.5799865722656,295.3999938964844,2105500,AXP,-0.4213035262303322,298.7739990234375,299.90350036621095
2026-04-06,304.8953857421875,305.7300109863281,305.7900085449219,298.4100036621094,298.760009765625,2185200,AXP,1.8488968105683679,301.46600341796875,300.14000091552737
2026-04-07,306.19183349609375,307.0299987792969,307.1199951171875,301.7099914550781,302.5299987792969,2265500,AXP,0.42520778015047167,303.37400512695314,300.2225006103516
2026-04-08,315.4764099121094,316.3399963378906,322.5,314.94000244140625,317.25,3654200,AXP,3.0322761930784647,306.1460021972656,300.8820007324219
2026-04-09,316.9024963378906,317.7699890136719,318.1499938964844,312.17999267578125,314.30999755859375,1996200,AXP,0.452042957683374,309.4099975585938,301.4710006713867
2026-04-10,312.6441650390625,313.5,318.0,313.1300048828125,317.3699951171875,1991300,AXP,-1.3437357715640585,312.0739990234375,302.05149993896487
2026-04-13,322.9360046386719,323.82000732421875,324.2200012207031,310.0,311.17999267578125,2581800,AXP,3.2918683649820535,315.69199829101564,303.2445007324219
2026-04-14,326.0674133300781,326.9599914550781,328.9100036621094,323.75,325.0,2288700,AXP,0.9696695879929162,319.67799682617186,304.68249969482423
2026-04-15,328.1617126464844,329.05999755859375,332.3999938964844,327.239990234375,328.8800048828125,2542300,AXP,0.6422822848049181,322.2219970703125,306.1220001220703
2026-04-16,324.8707275390625,325.760009765625,331.1700134277344,325.2300109863281,328.7699890136719,2018700,AXP,-1.002852919665853,323.82000122070315,307.6904998779297
2026-04-17,330.7845153808594,331.69000244140625,339.9800109863281,329.5299987792969,330.0,4775500,AXP,1.8203562432502762,327.4580017089844,309.52850036621095
2026-04-20,328.969482421875,329.8699951171875,334.739990234375,329.5299987792969,331.67999267578125,2280600,AXP,-0.5487073203360282,328.6679992675781,311.2470001220703
2026-04-21,328.88970947265625,329.7900085449219,338.0899963378906,328.45001220703125,331.79998779296875,2916800,AXP,-0.024247907796892676,329.2340026855469,312.64100036621096
2026-04-22,331.9912109375,332.8999938964844,334.5,328.0,331.1099853515625,4339800,AXP,0.9430198826472003,330.002001953125,314.18600006103514
2026-04-23,317.6803894042969,318.54998779296875,332.20001220703125,314.75,332.20001220703125,4580600,AXP,-4.310605697390846,328.55999755859375,315.1014999389648
2026-04-24,313.22259521484375,314.0799865722656,318.82000732421875,312.5,316.510009765625,2968100,AXP,-1.4032338383287768,325.0379943847656,315.83599853515625
2026-04-27,317.9696044921875,318.8399963378906,318.9599914550781,313.0199890136719,313.0199890136719,2553000,AXP,1.515540616762534,322.8319946289063,317.1644989013672
2026-04-28,315.0376281738281,315.8999938964844,323.70001220703125,314.9599914550781,321.70001220703125,6101400,AXP,-0.9220933619289662,320.0539916992187,318.08499908447266
2026-04-29,314.7882995605469,315.6499938964844,317.54998779296875,314.010009765625,316.8800048828125,3136000,AXP,-0.07913896955690225,316.60399169921874,318.74349822998045
2026-04-30,322.1680908203125,323.04998779296875,323.8500061035156,312.2300109863281,313.3699951171875,4587900,AXP,2.3443668745677826,317.5039916992188,319.82349700927733
2026-05-01,318.80731201171875,319.67999267578125,325.0,319.4599914550781,324.4700012207031,2385600,AXP,-1.0431806978885239,318.6239929199219,320.79849700927736
2026-05-04,318.3385925292969,319.2099914550781,322.8999938964844,317.4599914550781,320.7699890136719,2692000,AXP,-0.14702240724204785,318.6979919433594,321.47249603271484
2026-05-05,315.0874938964844,315.95001220703125,320.6000061035156,314.5,320.2799987792969,2658400,AXP,-1.0212647897350213,318.70799560546874,321.9184967041016
2026-05-06,321.021240234375,321.8999938964844,324.7799987792969,320.0,320.0,2933600,AXP,1.8832035004177516,319.95799560546874,322.1964965820313
2026-05-07,317.82000732421875,318.69000244140625,324.5400085449219,316.79998779296875,322.3299865722656,3350500,AXP,-0.9972014650333816,319.08599853515625,322.242497253418
2026-05-08,315.1672668457031,316.0299987792969,320.04998779296875,313.6099853515625,319.0899963378906,6802200,AXP,-0.8346680604134904,318.3559997558594,322.36899719238284
2026-05-11,311.4674072265625,312.32000732421875,316.3999938964844,311.80999755859375,315.2900085449219,3081600,AXP,-1.1739364836909183,316.9780029296875,321.7939971923828
2026-05-12,313.45196533203125,314.30999755859375,314.95001220703125,311.0799865722656,312.3299865722656,2275500,AXP,0.6371638664535384,316.65,321.16149749755857
2026-05-13,308.7647705078125,309.6099853515625,312.1000061035156,307.760009765625,311.1199951171875,2967000,AXP,-1.4953428919024625,314.19199829101564,320.18899688720705
2026-05-14,311.9161682128906,312.7699890136719,314.67999267578125,311.0299987792969,313.0199890136719,3240500,AXP,1.0206400993563625,313.00799560546875,319.53949584960935
2026-05-15,312.6242370605469,313.4800109863281,315.489990234375,312.0,312.2900085449219,2649600,AXP,0.22701090181169725,312.497998046875,318.62899627685545
2026-05-18,311.3876037597656,312.239990234375,315.6600036621094,310.3999938964844,314.2900085449219,2274200,AXP,-0.395566131330527,312.48199462890625,317.7474960327148
2026-05-19,308.4656066894531,309.30999755859375,312.989990234375,307.6300048828125,310.739990234375,2918400,AXP,-0.9383784164167852,311.48199462890625,316.72349548339844
2026-05-20,308.9742431640625,309.82000732421875,310.8699951171875,303.0400085449219,310.0,4577100,AXP,0.16488628549045092,311.5239990234375,315.56949615478516
2026-05-21,308.85455322265625,309.70001220703125,310.75,305.6099853515625,308.54998779296875,1992700,AXP,-0.038730590133229104,310.9100036621094,315.12699737548826
2026-05-22,310.9288635253906,311.7799987792969,314.42999267578125,310.6499938964844,313.2799987792969,2209200,AXP,0.6716133323479312,310.57000122070315,315.01199798583986
2026-05-26,309.87176513671875,310.7200012207031,314.57000732421875,309.6000061035156,314.0400085449219,2410400,AXP,-0.33998253984987015,310.26600341796876,314.60599822998046
2026-05-27,311.6867980957031,312.5400085449219,317.489990234375,311.67999267578125,313.82000732421875,3015600,AXP,0.5857387091492638,310.91200561523436,314.43799896240233
2026-05-28,314.259765625,315.1199951171875,315.5,306.2300109863281,311.0,3599800,AXP,0.8254900178307212,311.9720031738281,314.4114990234375
2026-05-29,315.6060791015625,316.4700012207031,319.239990234375,312.5899963378906,315.57000732421875,4530400,AXP,0.4284101689623343,313.3260009765625,314.0824996948242
2026-06-01,312.68408203125,313.5400085449219,314.79998779296875,310.6000061035156,313.1600036621094,2621800,AXP,-0.9258358341958317,313.6780029296875,313.77550048828124
2026-06-02,310.12109375,310.9700012207031,313.70001220703125,310.3399963378906,313.3299865722656,2116700,AXP,-0.8196744447847792,313.7280029296875,313.3635009765625
2026-06-03,299.7494812011719,300.57000732421875,310.3599853515625,300.0299987792969,308.67999267578125,3939200,AXP,-3.3443720795123366,311.33400268554686,312.59450073242186
2026-06-04,311.67681884765625,312.5299987792969,314.9599914550781,305.44000244140625,305.7699890136719,2992200,AXP,3.979103424706354,310.8160034179688,312.1260009765625
2026-06-05,309.8119201660156,310.6600036621094,314.5,308.30999755859375,313.9200134277344,2445700,AXP,-0.5983409991013544,309.65400390625,311.72450103759763
2026-06-08,311.44744873046875,312.29998779296875,313.9599914550781,309.75,310.0,2500500,AXP,0.5279032097878611,309.4059997558594,311.5380004882812
2026-06-09,317.5108642578125,318.3800048828125,322.5400085449219,314.6400146484375,315.0,2634300,AXP,1.9468515297779376,310.88800048828125,311.84100036621095
2026-06-10,312.484619140625,313.3399963378906,320.30999755859375,313.2799987792969,318.8800048828125,2525400,AXP,-1.5830166680149915,313.44199829101564,311.7925003051758
2026-06-11,317.62054443359375,318.489990234375,319.5299987792969,309.6400146484375,314.9700012207031,2589900,AXP,1.6435801227657088,314.6339965820313,312.2365005493164
2026-06-12,324.55157470703125,325.44000244140625,325.6199951171875,319.0799865722656,321.79998779296875,2223000,AXP,2.1821760244071564,317.5899963378906,312.8700012207031
2026-06-15,334.4644470214844,335.3800048828125,340.0,329.70001220703125,329.70001220703125,3353000,AXP,3.0543271776172887,322.20599975585935,313.96500091552736
2026-06-16,339.809814453125,340.739990234375,342.19000244140625,335.45001220703125,336.8299865722656,3657300,AXP,1.598182740034071,326.67799682617186,315.39000091552737
2026-06-17,339.6103820800781,340.5400085449219,346.95001220703125,339.3299865722656,341.3900146484375,3982100,AXP,-0.05869040769637124,332.1179992675781,316.9515014648438
2026-06-18,337.0773010253906,338.0,348.20001220703125,337.9700012207031,346.3500061035156,4490800,AXP,-0.7458766903116532,336.02000122070314,318.3605010986328
2026-06-22,337.1471252441406,338.07000732421875,340.25,335.8800048828125,337.9800109863281,3006200,AXP,0.020712226100227937,338.54600219726564,319.7790008544922
2026-06-23,336.85791015625,337.7799987792969,338.5299987792969,333.94000244140625,335.17999267578125,3549800,AXP,-0.08578357696302774,339.0260009765625,321.07900085449216
2026-06-24,341.6248474121094,342.55999755859375,344.5199890136719,336.2099914550781,336.8399963378906,2639300,AXP,1.4151219126565584,339.39000244140624,322.6710006713867
2026-06-25,341.5251159667969,342.4599914550781,352.5199890136719,340.9200134277344,345.0,3523100,AXP,-0.029193748315148316,339.7739990234375,324.16699981689453
2026-06-26,339.43084716796875,340.3599853515625,344.010009765625,338.32000732421875,341.989990234375,5899700,AXP,-0.6132120994901902,340.24599609375,325.42899932861326
2026-06-29,339.9494323730469,340.8800048828125,344.04998779296875,339.2900085449219,341.7799987792969,2604900,AXP,0.15278515502135104,340.80799560546876,326.6494995117188
2026-06-30,337.32659912109375,338.25,344.1400146484375,336.57000732421875,342.0,3527300,AXP,-0.7715339254693587,340.90199584960936,327.88499908447267
2026-07-01,347.04998779296875,348.0,350.5,337.7300109863281,341.5299987792969,2918000,AXP,2.882483370288247,341.9899963378906,329.7364990234375
2026-07-02,351.9599914550781,351.9599914550781,352.0899963378906,346.0199890136719,349.4700012207031,2440600,AXP,1.137928579045444,343.88999633789064,332.30599822998045
2026-07-06,356.0299987792969,356.0299987792969,358.1700134277344,350.5899963378906,352.2099914550781,3525200,AXP,1.1563835160333102,347.0239990234375,334.48099822998046
2026-07-07,349.5799865722656,349.5799865722656,359.5899963378906,349.239990234375,358.5400085449219,2909000,AXP,-1.8116485209521915,348.7639953613281,336.42699737548827
2026-07-08,336.3900146484375,336.3900146484375,346.80999755859375,333.55999755859375,345.45001220703125,3568800,AXP,-3.7730912610758005,348.3919982910156,337.6314987182617
2026-07-09,346.7200012207031,346.7200012207031,348.510009765625,335.2900085449219,337.010009765625,3474000,AXP,3.0708362681518775,348.13599853515626,339.0484985351562
2026-07-10,350.5799865722656,350.5799865722656,352.989990234375,345.92999267578125,351.2200012207031,2792700,AXP,1.1132860342560447,347.85999755859376,340.910498046875
2026-07-13,354.42999267578125,354.42999267578125,357.5899963378906,352.70001220703125,356.6000061035156,2624600,AXP,1.098181941632892,347.5399963378906,342.70749816894534
2026-07-14,355.05999755859375,355.05999755859375,361.0,352.4700012207031,353.0899963378906,3530900,AXP,0.17775157177197798,348.63599853515626,344.18849792480466
2026-07-15,358.44000244140625,358.44000244140625,362.7200012207031,356.1400146484375,356.1400146484375,2525600,AXP,0.9519531645506563,353.04599609375,345.34149780273435
2026-07-16,361.57000732421875,361.57000732421875,363.1400146484375,358.1600036621094,359.3500061035156,2441600,AXP,0.8732297906186348,356.0159973144531,346.38299865722655
2026-07-17,355.3500061035156,355.3500061035156,358.79998779296875,351.82000732421875,356.5799865722656,2647200,AXP,-1.7202757680964575,356.9700012207031,347.1234985351563
2026-07-20,351.92999267578125,351.92999267578125,357.3999938964844,350.9599914550781,355.79998779296875,2311200,AXP,-0.9624351678604204,356.4700012207031,347.8199981689453
2026-07-21,350.7900085449219,350.7900085449219,354.8699951171875,348.239990234375,353.57000732421875,2456600,AXP,-0.3239235514404082,355.6160034179687,348.4559982299805
2026-07-22,348.739990234375,348.739990234375,349.70001220703125,345.0400085449219,348.82000732421875,2465900,AXP,-0.5844004277802406,353.6760009765625,349.0039978027344
2026-07-23,340.8399963378906,340.8399963378906,344.9100036621094,338.20001220703125,343.3900146484375,4310600,AXP,-2.265296242961723,349.5299987792969,348.9179977416992
2026-07-24,326.1700134277344,326.1700134277344,329.04998779296875,318.20001220703125,326.1199951171875,6365100,AXP,-4.304067324191962,343.6940002441406,348.103498840332
2026-07-27,335.3900146484375,335.3900146484375,336.6099853515625,329.7900085449219,331.5,3774200,AXP,2.8267470463669397,340.38600463867186,347.8550003051758
2026-07-28,336.6300048828125,336.6300048828125,336.82000732421875,331.42999267578125,335.5,3535700,AXP,0.36971590691952105,337.55400390625,347.64250030517576
2026-07-29,331.5,331.5,336.3900146484375,330.0,333.6199951171875,3437900,AXP,-1.5239297770257787,334.106005859375,347.3050003051758
2026-07-30,337.5199890136719,337.5199890136719,337.79998779296875,329.07000732421875,331.9700012207031,2859500,AXP,1.8159846195088702,333.44200439453124,346.7809997558594
2026-07-31,336.25,336.25,340.29998779296875,336.0,338.2799987792969,2353700,AXP,-0.37627075581009306,335.4580017089844,345.9955001831055
2026-08-03,344.7200012207031,344.7200012207031,345.1600036621094,340.0,340.8999938964844,2864600,AXP,2.5189594708410867,337.3239990234375,345.4300003051758
2026-08-04,346.7099914550781,346.7099914550781,348.5,344.1199951171875,345.0,2764800,AXP,0.5772772764354173,339.3399963378906,345.28650054931643
2026-08-05,348.989990234375,348.989990234375,352.489990234375,346.6199951171875,350.0,1983600,AXP,0.6576097705543793,342.83799438476564,345.91649932861327
2026-08-06,342.6000061035156,342.6000061035156,350.0,342.07000732421875,349.79998779296875,2773700,AXP,-1.8309935269398392,343.8539978027344,345.7104995727539
2026-08-07,340.9100036621094,340.9100036621094,343.32000732421875,338.0,341.70001220703125,1793600,AXP,-0.49328733546362136,344.78599853515624,345.2270004272461
2026-08-10,338.8599853515625,338.8599853515625,342.0,336.57000732421875,339.5,2203900,AXP,-0.6013370944018215,343.61399536132814,344.44850006103513
2026-08-11,340.80999755859375,340.80999755859375,343.5899963378906,338.1199951171875,338.489990234375,2091600,AXP,0.5754625188359563,342.4339965820312,343.73600006103516
2026-08-12,344.0799865722656,344.0799865722656,344.57000732421875,338.57000732421875,339.32000732421875,2113100,AXP,0.9594756718102726,341.4519958496094,343.01799926757815
2026-08-13,343.6499938964844,343.6499938964844,347.1099853515625,340.0,345.3900146484375,1704200,AXP,-0.12496881322998643,341.6619934082031,342.1219985961914
2026-08-14,342.489990234375,342.489990234375,345.0,341.69000244140625,345.989990234375,1092407,AXP,-0.33755381426219255,341.9779907226563,341.4789978027344
