Date,Adj Close,Close,High,Low,Open,Volume,Ticker,Daily_Return,MA5,MA20
2016-08-15,89.46527862548828,97.0999984741211,97.61000061035156,96.91999816894531,97.3499984741211,5299600,DIS,,,
2016-08-16,89.26256561279297,96.87999725341797,97.25,96.2699966430664,96.86000061035156,5777800,DIS,-0.22657180655029086,,
2016-08-17,89.25335693359375,96.87000274658203,96.97000122070312,96.5199966430664,96.83999633789062,5697300,DIS,-0.010316378116526081,,
2016-08-18,89.05065155029297,96.6500015258789,97.12000274658203,96.55000305175781,96.87000274658203,5250700,DIS,-0.22710974962875108,,
2016-08-19,88.81108856201172,96.38999938964844,96.79000091552734,96.05000305175781,96.4000015258789,6362400,DIS,-0.26901410463077147,96.77799987792969,
2016-08-22,88.33200073242188,95.87000274658203,96.47000122070312,95.6500015258789,96.47000122070312,5495300,DIS,-0.5394715700374308,96.53200073242188,
2016-08-23,88.42411804199219,95.97000122070312,96.43000030517578,95.80000305175781,96.12999725341797,4996300,DIS,0.10430632237012905,96.35000152587891,
2016-08-24,88.28592681884766,95.81999969482422,96.22000122070312,95.51000213623047,96.01000213623047,5912500,DIS,-0.15630043135452798,96.14000091552734,
2016-08-25,88.03713989257812,95.55000305175781,95.81999969482422,95.41000366210938,95.62000274658203,4518700,DIS,-0.2817748318997282,95.92000122070313,
2016-08-26,87.72388458251953,95.20999908447266,96.12999725341797,94.75,95.66000366210938,6019600,DIS,-0.35583878223528487,95.68400115966797,
2016-08-29,87.41060638427734,94.87000274658203,95.31999969482422,94.45999908447266,95.06999969482422,7903000,DIS,-0.35710150316141664,95.48400115966797,
2016-08-30,87.40140533447266,94.86000061035156,95.29000091552734,94.7699966430664,94.7699966430664,6845000,DIS,-0.010542991399697943,95.26200103759766,
2016-08-31,87.03285217285156,94.45999908447266,94.9000015258789,94.16000366210938,94.69000244140625,7375200,DIS,-0.42167565180813993,94.99000091552735,
2016-09-01,86.84858703613281,94.26000213623047,94.87000274658203,93.91000366210938,94.7300033569336,6274200,DIS,-0.2117266040446819,94.73200073242188,
2016-09-02,86.9959945678711,94.41999816894531,94.95999908447266,94.12999725341797,94.75,5382000,DIS,0.1697390505928542,94.57400054931641,
2016-09-06,86.42474365234375,93.80000305175781,94.52999877929688,93.3499984741211,94.52999877929688,8463500,DIS,-0.6566353836166661,94.36000061035156,
2016-09-07,86.34183502197266,93.70999908447266,94.02999877929688,93.33000183105469,93.9800033569336,6281500,DIS,-0.09595305368539364,94.13000030517578,
2016-09-08,86.69194793701172,94.08999633789062,94.20999908447266,92.93000030517578,93.48999786376953,7438100,DIS,0.4055034223993781,94.05599975585938,
2016-09-09,85.15324401855469,92.41999816894531,93.73999786376953,92.38999938964844,93.51000213623047,10248400,DIS,-1.7748944988244086,93.68799896240235,
2016-09-12,86.2773208618164,93.63999938964844,93.86000061035156,91.94999694824219,91.95999908447266,9367300,DIS,1.3200619399201363,93.53199920654296,95.14200019836426
2016-09-13,85.4112319946289,92.69999694824219,93.30000305175781,92.44999694824219,93.04000091552734,7795200,DIS,-1.0038471246617275,93.31199798583984,94.92200012207032
2016-09-14,85.00584411621094,92.26000213623047,92.88999938964844,92.06999969482422,92.58999633789062,6386500,DIS,-0.47464382577853126,93.02199859619141,94.69100036621094
2016-09-15,85.22695922851562,92.5,92.75,91.19000244140625,92.12000274658203,7559400,DIS,0.260132081305553,92.70399932861328,94.47250022888184
2016-09-16,85.2822494506836,92.55999755859375,92.73999786376953,91.80000305175781,92.2699966430664,10568600,DIS,0.06486222550676768,92.73199920654297,94.26800003051758
2016-09-19,85.34673309326172,92.62999725341797,93.31999969482422,92.33999633789062,92.80000305175781,5421500,DIS,0.07562629285928768,92.52999877929688,94.07999992370605
2016-09-20,85.6415786743164,92.94999694824219,93.30000305175781,92.68000030517578,92.69999694824219,6200100,DIS,0.3454601147712122,92.57999877929687,93.93399963378906
2016-09-21,85.12560272216797,92.38999938964844,93.08000183105469,91.69999694824219,93.0,12049500,DIS,-0.6024718418286557,92.60599822998047,93.75499954223633
2016-09-22,86.06541442871094,93.41000366210938,93.70999908447266,92.63999938964844,92.7300033569336,6470700,DIS,1.104020217771784,92.78799896240234,93.63449974060059
2016-09-23,85.93641662597656,93.2699966430664,93.5199966430664,93.0,93.06999969482422,4407700,DIS,-0.1498843951975526,92.92999877929688,93.52049942016602
2016-09-26,84.72940063476562,91.95999908447266,92.68000030517578,91.4000015258789,92.47000122070312,10449300,DIS,-1.4045219317493474,92.7959991455078,93.35799942016601
2016-09-27,84.50829315185547,91.72000122070312,92.18000030517578,91.5,91.93000030517578,9167400,DIS,-0.26098071570126447,92.55,93.20049934387207
2016-09-28,84.95054626464844,92.19999694824219,92.30000305175781,91.4800033569336,91.75,8272300,DIS,0.5233272145124257,92.51199951171876,93.0674991607666
2016-09-29,84.5820083618164,91.80000305175781,93.0999984741211,91.52999877929688,92.13999938964844,7476600,DIS,-0.4338328738870967,92.18999938964843,92.93449935913085
2016-09-30,85.55864715576172,92.86000061035156,93.48999786376953,92.20999908447266,92.27999877929688,8923700,DIS,1.154681397990931,92.10800018310547,92.86449928283692
2016-10-03,85.21774291992188,92.48999786376953,92.72000122070312,92.05000305175781,92.47000122070312,5834700,DIS,-0.3984522336313523,92.21399993896485,92.76799926757812
2016-10-04,85.30987548828125,92.58999633789062,92.98999786376953,92.11000061035156,92.44999694824219,5903400,DIS,0.10811814945479448,92.38799896240235,92.70749893188477
2016-10-05,85.18089294433594,92.44999694824219,93.27999877929688,92.37999725341797,92.94000244140625,5365000,DIS,-0.15120358050079163,92.43799896240235,92.64449882507324
2016-10-06,85.531005859375,92.83000183105469,93.58000183105469,92.38999938964844,92.75,7484800,DIS,0.41103828594526437,92.64399871826171,92.58149909973145
2016-10-07,85.21774291992188,92.48999786376953,93.29000091552734,92.0199966430664,93.05999755859375,6144100,DIS,-0.36626517352003063,92.56999816894532,92.58499908447266
2016-10-10,85.21774291992188,92.48999786376953,93.20999908447266,92.4000015258789,92.69999694824219,4241000,DIS,0.0,92.56999816894532,92.52749900817871
2016-10-11,84.63727569580078,91.86000061035156,92.37999725341797,91.56999969482422,92.33000183105469,6651100,DIS,-0.6811517655627042,92.4239990234375,92.48549919128418
2016-10-12,84.22265625,91.41000366210938,92.08000183105469,91.38999938964844,91.87999725341797,6836600,DIS,-0.4898725726673714,92.21600036621093,92.44299926757813
2016-10-13,83.95548248291016,91.12000274658203,91.36000061035156,90.31999969482422,90.94999694824219,5725200,DIS,-0.31725293065222315,91.8740005493164,92.37399940490722
2016-10-14,84.1213150024414,91.30000305175781,91.7699966430664,91.29000091552734,91.7699966430664,4345700,DIS,0.19754203221040711,91.63600158691406,92.31099967956543
2016-10-17,83.68827819824219,90.83000183105469,91.47000122070312,90.55999755859375,91.3499984741211,5134600,DIS,-0.5147877382180144,91.30400238037109,92.22099990844727
2016-10-18,84.00152587890625,91.16999816894531,91.73999786376953,90.9800033569336,91.4000015258789,4890800,DIS,0.3743216239531,91.16600189208984,92.13199996948242
2016-10-19,84.7017822265625,91.93000030517578,92.13999938964844,91.0,91.2699966430664,6140500,DIS,0.8336099062129287,91.27000122070312,92.10900001525879
2016-10-20,84.79391479492188,92.02999877929688,92.31999969482422,91.44000244140625,91.66000366210938,6153200,DIS,0.10877675817375643,91.45200042724609,92.03999977111816
2016-10-21,85.71528625488281,93.02999877929688,94.19000244140625,90.5999984741211,91.33000183105469,13814500,DIS,1.08660220934933,91.79799957275391,92.02799987792969
2016-10-24,86.02855682373047,93.37000274658203,94.1500015258789,92.80000305175781,93.48999786376953,7281000,DIS,0.36547777248903124,92.30599975585938,92.09850006103515
2016-10-25,85.4572982788086,92.75,93.36000061035156,92.63999938964844,93.13999938964844,6380700,DIS,-0.6640277694590968,92.62200012207032,92.15
2016-10-26,86.13911437988281,93.48999786376953,93.72000122070312,91.9000015258789,92.38999938964844,7152800,DIS,0.7978413625547409,92.93399963378906,92.21450004577636
2016-10-27,86.62744903564453,94.0199966430664,94.33999633789062,93.30999755859375,93.80000305175781,6647000,DIS,0.5669042586450512,93.33199920654297,92.3254997253418
2016-10-28,86.4708251953125,93.8499984741211,94.4000015258789,93.52999877929688,93.88999938964844,7309100,DIS,-0.18081065200490354,93.49599914550781,92.37499961853027
2016-10-31,85.40201568603516,92.69000244140625,93.81999969482422,92.30999755859375,93.72000122070312,9957600,DIS,-1.2360107102555862,93.35999908447266,92.3849998474121
2016-11-01,85.12560272216797,92.38999938964844,92.98999786376953,91.66000366210938,92.77999877929688,6449800,DIS,-0.3236627941049619,93.28799896240234,92.375
2016-11-02,84.683349609375,91.91000366210938,92.55999755859375,91.69000244140625,91.91000366210938,6716200,DIS,-0.5195321254573337,92.97200012207031,92.34800033569336
2016-11-03,86.02855682373047,93.37000274658203,94.12999725341797,92.23999786376953,92.26000213623047,7751400,DIS,1.5885094399953337,92.84200134277344,92.37500038146973
2016-11-04,85.18089294433594,92.44999694824219,93.79000091552734,92.36000061035156,93.5,7456500,DIS,-0.9853333739711423,92.56200103759765,92.37300033569336
2016-11-07,87.00520324707031,94.43000030517578,94.4800033569336,92.94999694824219,93.7699966430664,6996100,DIS,2.1417019170288265,92.91000061035156,92.47000045776367
2016-11-08,86.95914459228516,94.37999725341797,94.8499984741211,93.9000015258789,94.52999877929688,6226900,DIS,-0.05295250619105074,93.30800018310546,92.59600028991699
2016-11-09,87.19868469238281,94.63999938964844,94.91999816894531,92.11000061035156,92.29000091552734,8635700,DIS,0.2754843651164185,93.85399932861328,92.75750007629395
2016-11-10,87.49353790283203,94.95999908447266,96.05999755859375,94.2300033569336,94.88999938964844,13777900,DIS,0.33812309476750624,94.1719985961914,92.94949989318847
2016-11-11,89.99967193603516,97.68000030517578,98.31999969482422,95.77999877929688,97.18000030517578,23008100,DIS,2.8643652558205224,95.21799926757812,93.26849975585938
2016-11-14,90.22079467773438,97.91999816894531,98.30999755859375,97.44999694824219,97.55999755859375,13208400,DIS,0.24569805796450517,95.91599884033204,93.62299957275391
2016-11-15,90.01810455322266,97.69999694824219,98.13999938964844,97.41999816894531,97.9000015258789,7184600,DIS,-0.2246744534487699,96.57999877929687,93.94949951171876
2016-11-16,91.32644653320312,99.12000274658203,99.16999816894531,98.0999984741211,98.33000183105469,9702400,DIS,1.453434844109669,97.47599945068359,94.30899963378906
2016-11-17,91.55677795410156,99.37000274658203,99.5,98.2699966430664,99.05000305175781,8662600,DIS,0.25221952489162813,98.35800018310547,94.67599983215332
2016-11-18,90.51564025878906,98.23999786376953,99.37000274658203,98.13999938964844,99.05000305175781,8586100,DIS,-1.1371690163824333,98.46999969482422,94.93649978637696
2016-11-21,89.9535903930664,97.62999725341797,98.2699966430664,97.0,98.11000061035156,10771100,DIS,-0.6209289735505275,98.41199951171875,95.14949951171874
2016-11-22,90.02731323242188,97.70999908447266,97.93000030517578,97.2699966430664,97.4000015258789,5323700,DIS,0.08194390382603167,98.41399993896485,95.39749946594239
2016-11-23,90.53407287597656,98.26000213623047,98.27999877929688,97.58999633789062,97.66999816894531,5897400,DIS,0.5628933137972192,98.24199981689453,95.63599967956543
2016-11-25,91.05004119873047,98.81999969482422,99.06999969482422,98.5,98.70999908447266,4396800,DIS,0.5699140509048073,98.13199920654297,95.87599983215333
2016-11-28,91.18824005126953,98.97000122070312,99.19999694824219,98.31999969482422,98.5199966430664,7106700,DIS,0.15179267996574541,98.27799987792969,96.13199996948242
2016-11-29,91.83320617675781,99.66999816894531,99.68000030517578,98.97000122070312,99.23999786376953,8396800,DIS,0.7072819436277467,98.68600006103516,96.48099975585937
2016-11-30,91.32644653320312,99.12000274658203,100.29000091552734,99.0,99.4000015258789,11369200,DIS,-0.5518164266753667,98.96800079345704,96.81749992370605
2016-12-01,91.16060638427734,98.94000244140625,99.75,98.62000274658203,99.12999725341797,9958100,DIS,-0.18159836580713407,99.10400085449218,97.1689998626709
2016-12-02,90.75521087646484,98.5,99.08000183105469,98.25,98.79000091552734,7737200,DIS,-0.44471642465020444,99.04000091552734,97.4254997253418
2016-12-05,92.10039520263672,99.95999908447266,100.2699966430664,98.68000030517578,98.9800033569336,11331500,DIS,1.4822325730686758,99.23800048828124,97.80099983215332
2016-12-06,92.745361328125,100.66000366210938,100.72000122070312,99.81999969482422,99.94999694824219,8427500,DIS,0.7002846979271782,99.43600158691406,98.1125
2016-12-07,93.97077941894531,101.98999786376953,102.06999969482422,100.44000244140625,100.51000213623047,12255700,DIS,1.3212737465464697,100.01000061035157,98.49300003051758
2016-12-08,95.9855728149414,103.37999725341797,103.95999908447266,101.47000122070312,101.47000122070312,16524800,DIS,1.3628781437029724,100.8979995727539,98.92999992370605
2016-12-09,97.35971069335938,104.86000061035156,105.5199966430664,103.18000030517578,103.48999786376953,12173900,DIS,1.4316148154905006,102.16999969482421,99.425
2016-12-12,96.61695098876953,104.05999755859375,104.69999694824219,103.7300033569336,104.61000061035156,7880200,DIS,-0.7629248971021241,102.98999938964843,99.7439998626709
2016-12-13,96.42195892333984,103.8499984741211,104.30999755859375,103.70999908447266,104.19999694824219,7393200,DIS,-0.20180577493711382,103.62799835205078,100.04049987792969
2016-12-14,96.6076431274414,104.05000305175781,104.41000366210938,103.5,103.62000274658203,7961900,DIS,0.1925898705588791,104.03999938964844,100.35800018310547
2016-12-15,96.92333221435547,104.38999938964844,105.63999938964844,103.81999969482422,103.8499984741211,8745400,DIS,0.3267624487444776,104.24199981689453,100.62150001525879
2016-12-16,96.47765350341797,103.91000366210938,104.7300033569336,103.75,104.70999908447266,12635500,DIS,-0.4598100683451678,104.0520004272461,100.84850006103515
2016-12-19,97.76825714111328,105.30000305175781,106.26000213623047,105.06999969482422,105.69999694824219,11475600,DIS,1.337695448619547,104.30000152587891,101.20150032043458
2016-12-20,97.91679382324219,105.45999908447266,106.19999694824219,105.05999755859375,105.63999938964844,8947300,DIS,0.1519430466077054,104.62200164794922,101.5930004119873
2016-12-21,98.00963592529297,105.55999755859375,105.91000366210938,104.51000213623047,104.61000061035156,5202400,DIS,0.09482123552930766,104.9240005493164,101.98550033569336
2016-12-22,97.87965393066406,105.41999816894531,105.48999786376953,104.69999694824219,104.95999908447266,5230800,DIS,-0.13262541955888496,105.13000030517578,102.3435001373291
2016-12-23,97.62897491455078,105.1500015258789,105.33999633789062,104.75,105.23999786376953,3238800,DIS,-0.25611520371467966,105.37799987792968,102.66000022888184
2016-12-27,97.64753723144531,105.16999816894531,105.55999755859375,104.77999877929688,104.8499984741211,3639500,DIS,0.01901725418567146,105.35199890136718,102.97000007629394
2016-12-28,96.83977508544922,104.30000305175781,105.31999969482422,104.05999755859375,104.98999786376953,5178600,DIS,-0.8272274720305117,105.11999969482422,103.20150032043458
2016-12-29,97.0811767578125,104.55999755859375,104.7699966430664,103.87000274658203,104.2300033569336,5896800,DIS,0.2492756464320678,104.91999969482421,103.47350006103515
2016-12-30,96.76548767089844,104.22000122070312,105.0,103.95999908447266,104.56999969482422,6983300,DIS,-0.3251686551542732,104.68000030517578,103.7375
2017-01-03,98.49246978759766,106.08000183105469,106.9000015258789,105.20999908447266,105.30000305175781,8884300,DIS,1.7846868053788434,104.86600036621094,104.11650009155274
2017-01-04,99.75517272949219,107.44000244140625,107.5,106.25,106.63999938964844,8322000,DIS,1.2820518352908206,105.32000122070312,104.49050025939941
2017-01-05,99.69945526123047,107.37999725341797,107.62000274658203,106.79000091552734,107.16999816894531,6303000,DIS,-0.055849950320885355,105.93600006103516,104.82649993896484
2017-01-06,101.18504333496094,108.9800033569336,109.3499984741211,107.75,108.0199966430664,9551300,DIS,1.490041110486895,106.82000122070312,105.17600021362304
2017-01-09,100.60936737060547,108.36000061035156,108.83000183105469,108.11000061035156,108.58000183105469,6195200,DIS,-0.5689142296604555,107.64800109863282,105.42500038146973
2017-01-10,100.62794494628906,108.37999725341797,108.81999969482422,107.3499984741211,107.9000015258789,7901900,DIS,0.018453897151871068,108.10800018310547,105.60100021362305
2017-01-11,101.61212158203125,109.44000244140625,109.48999786376953,108.37999725341797,108.54000091552734,7616800,DIS,0.9780450404605068,108.50800018310547,105.87000045776367
2017-01-12,99.83872985839844,107.52999877929688,109.0,107.43000030517578,108.12000274658203,8218900,DIS,-1.7452518453039856,108.53800048828126,106.05400047302246
2017-01-13,100.3308334350586,108.05999755859375,108.3499984741211,106.9000015258789,107.16000366210938,6489000,DIS,0.49288457668885677,108.35399932861328,106.25450019836425
2017-01-17,100.24726104736328,107.97000122070312,108.93000030517578,107.6500015258789,107.91000366210938,7586500,DIS,-0.08328367566529105,108.2759994506836,106.43350028991699
2017-01-18,100.4236831665039,108.16000366210938,108.4000015258789,106.80999755859375,106.93000030517578,7162900,DIS,0.17597706701684146,108.23200073242188,106.646000289917
2017-01-19,99.60660552978516,107.27999877929688,108.01000213623047,107.08000183105469,107.91999816894531,5350200,DIS,-0.8136139543427068,107.8,106.74500007629395
2017-01-20,99.95944213867188,107.66000366210938,107.81999969482422,107.18000030517578,107.3499984741211,5649000,DIS,0.3542178291726872,107.8260009765625,106.85500030517578
2017-01-23,99.45806121826172,107.12000274658203,107.68000030517578,106.56999969482422,107.33999633789062,5716600,DIS,-0.5015798784682723,107.63800201416015,106.9330005645752
2017-01-24,100.18226623535156,107.9000015258789,108.05999755859375,107.08000183105469,107.19999694824219,5456100,DIS,0.7281541815697512,107.6240020751953,107.05700073242187
2017-01-25,100.312255859375,108.04000091552734,108.41999816894531,108.0,108.2300033569336,6180200,DIS,0.12974920080501828,107.60000152587891,107.2015007019043
2017-01-26,100.3308334350586,108.05999755859375,108.62000274658203,107.9800033569336,108.20999908447266,6088100,DIS,0.01850855506937421,107.75600128173828,107.34600067138672
2017-01-27,101.48214721679688,109.30000305175781,109.4000015258789,108.1500015258789,108.48999786376953,5578300,DIS,1.1475157516005696,108.08400115966796,107.59600067138672
2017-01-30,103.00483703613281,110.94000244140625,111.05000305175781,108.95999908447266,109.86000061035156,13793600,DIS,1.5004568562288378,108.8480010986328,107.91500091552734
2017-01-31,102.7355728149414,110.6500015258789,110.80000305175781,109.9800033569336,110.58999633789062,8485800,DIS,-0.26140337943520997,109.39800109863282,108.23650093078614
2017-02-01,103.3390884399414,111.30000305175781,111.98999786376953,110.68000030517578,110.70999908447266,10501300,DIS,0.5874392380617266,110.05000152587891,108.49750099182128
2017-02-02,102.69843292236328,110.61000061035156,111.54000091552734,110.55000305175781,111.20999908447266,6515900,DIS,-0.6199482681823243,110.56000213623047,108.65600090026855
2017-02-03,102.41060638427734,110.30000305175781,111.1500015258789,110.20999908447266,110.9000015258789,7923400,DIS,-0.2802617818309039,110.76000213623047,108.80200119018555
2017-02-06,101.73281860351562,109.56999969482422,110.1500015258789,109.30000305175781,109.91999816894531,6896300,DIS,-0.6618343941396265,110.48600158691406,108.83150100708008
2017-02-07,101.2035903930664,109.0,109.7300033569336,108.7699966430664,109.6500015258789,10184800,DIS,-0.5202151103511854,110.15600128173828,108.8635009765625
2017-02-08,101.2035903930664,109.0,111.41999816894531,108.9800033569336,109.55999755859375,13615500,DIS,0.0,109.69600067138671,108.89450111389161
2017-02-09,101.65853881835938,109.48999786376953,109.8499984741211,109.0,109.0,6369700,DIS,0.44953932455920054,109.47200012207031,108.89700088500976
2017-02-10,101.44499206542969,109.26000213623047,109.80000305175781,108.58000183105469,109.3499984741211,7671800,DIS,-0.21006094805593456,109.26399993896484,108.98350105285644
2017-02-13,101.80709075927734,109.6500015258789,109.9000015258789,108.9000015258789,108.94999694824219,5653200,DIS,0.3569461669625129,109.28000030517578,109.0630012512207
2017-02-14,102.43846130371094,110.33000183105469,110.33000183105469,109.52999877929688,109.80000305175781,4768700,DIS,0.6201553084477451,109.54600067138672,109.18100128173828
2017-02-15,102.2991943359375,110.18000030517578,110.68000030517578,109.80000305175781,109.91000366210938,7087100,DIS,-0.13595714981370355,109.78200073242188,109.2820011138916
2017-02-16,102.79127502441406,110.70999908447266,110.87000274658203,110.08999633789062,110.33999633789062,7179600,DIS,0.4810299308666721,110.0260009765625,109.4535011291504
2017-02-17,102.1877670288086,110.05999755859375,110.5,109.5199966430664,110.23999786376953,6349200,DIS,-0.5871208845218634,110.18600006103516,109.57350082397461
2017-02-21,102.14134979248047,110.01000213623047,110.20999908447266,109.80000305175781,109.94000244140625,5432700,DIS,-0.04542560737079704,110.25800018310547,109.71800079345704
2017-02-22,102.24348449707031,110.12000274658203,110.27999877929688,109.52999877929688,109.69000244140625,5478400,DIS,0.09999146279020543,110.21600036621093,109.8290008544922
2017-02-23,101.8813705444336,109.7300033569336,110.48999786376953,109.58999633789062,110.30000305175781,5470400,DIS,-0.3541585360708144,110.1260009765625,109.9135009765625
2017-02-24,102.42918395996094,110.31999969482422,110.31999969482422,109.0999984741211,109.62000274658203,4786800,DIS,0.5376800508895219,110.04800109863281,110.02650108337403
2017-02-27,102.34561157226562,110.2300033569336,110.47000122070312,109.83000183105469,109.93000030517578,3547700,DIS,-0.08157753638468046,110.08200225830078,110.07300109863282
2017-02-28,102.21562957763672,110.08999633789062,110.4000015258789,109.83000183105469,110.0,4766000,DIS,-0.1270135305989406,110.0980010986328,110.03050079345704
2017-03-01,103.09767150878906,111.04000091552734,111.80000305175781,110.66000366210938,110.66000366210938,7418100,DIS,0.8629345165213298,110.28200073242188,110.05000076293945
2017-03-02,102.67987060546875,110.58999633789062,111.20999908447266,110.44999694824219,111.0,4715600,DIS,-0.4052634851642867,110.45399932861328,110.01450042724609
2017-03-03,103.28336334228516,111.23999786376953,111.5,110.04000091552734,110.58999633789062,5837900,DIS,0.5877579775777519,110.63799896240235,110.04600028991699
2017-03-06,102.75415802001953,110.66999816894531,110.9800033569336,110.08999633789062,110.7699966430664,4983200,DIS,-0.5124053449931498,110.72599792480469,110.06450004577637
2017-03-07,102.93055725097656,110.86000061035156,110.93000030517578,110.16000366210938,110.69999694824219,5114400,DIS,0.1716837847202335,110.87999877929687,110.12900009155274
2017-03-08,102.91197967529297,110.83999633789062,111.31999969482422,110.66000366210938,110.87000274658203,4929900,DIS,-0.018044625970414785,110.83999786376953,110.22099990844727
2017-03-09,103.08838653564453,111.02999877929688,111.31999969482422,110.69000244140625,110.9000015258789,4005700,DIS,0.17142046885949558,110.92799835205078,110.3224998474121
2017-03-10,102.98624420166016,110.91999816894531,111.5,110.69000244140625,111.4000015258789,4027400,DIS,-0.09907287360257921,110.86399841308594,110.3939998626709
2017-03-13,103.54334259033203,111.5199966430664,111.68000030517578,110.81999969482422,110.91999816894531,5213600,DIS,0.5409290335609551,111.03399810791015,110.50699958801269
2017-03-14,104.27684020996094,112.30999755859375,112.88999938964844,111.72000122070312,111.7300033569336,7273500,DIS,0.7083939556202123,111.3239974975586,110.63999938964844
2017-03-15,103.86831665039062,111.87000274658203,112.44999694824219,111.1500015258789,112.43000030517578,5319500,DIS,-0.3917681609619583,111.52999877929688,110.71699943542481
2017-03-16,103.71974182128906,111.70999908447266,112.31999969482422,111.4000015258789,112.18000030517578,4409400,DIS,-0.14302642190134884,111.66599884033204,110.79349937438965
2017-03-17,103.76618957519531,111.76000213623047,112.08999633789062,111.18000030517578,111.87000274658203,9061200,DIS,0.044761482559851906,111.83399963378906,110.84599952697754
2017-03-20,104.64823913574219,112.70999908447266,113.16000366210938,112.05000305175781,112.06999969482422,8156300,DIS,0.8500330440976311,112.0720001220703,110.97849960327149
2017-03-21,103.75688171386719,111.75,113.0999984741211,111.54000091552734,112.97000122070312,7109800,DIS,-0.8517426069298173,111.96000061035156,111.06549949645996
2017-03-22,104.06330108642578,112.08000183105469,112.18000030517578,111.3499984741211,111.8499984741211,5044700,DIS,0.2953036519504959,112.00200042724609,111.16349945068359
2017-03-23,104.21184539794922,112.23999786376953,112.9800033569336,111.66000366210938,111.70999908447266,8307900,DIS,0.14275163285242254,112.10800018310547,111.28899917602538
2017-03-24,104.11900329589844,112.13999938964844,112.58000183105469,111.68000030517578,112.4000015258789,4707300,DIS,-0.0890934390808451,112.18399963378906,111.3799991607666
2017-03-27,104.34183502197266,112.37999725341797,112.55000305175781,111.44999694824219,111.80999755859375,4469800,DIS,0.2140162877436902,112.11799926757813,111.48749885559081
2017-03-28,104.96392059326172,113.05000305175781,113.23999786376953,112.0199966430664,112.5999984741211,6280900,DIS,0.5961966673027952,112.37799987792968,111.63549919128418
2017-03-29,104.48109436035156,112.52999877929688,112.94000244140625,112.30999755859375,112.66000366210938,3781200,DIS,-0.4599772299191063,112.46799926757812,111.70999908447266
2017-03-30,105.08460998535156,113.18000030517578,113.30000305175781,112.27999877929688,112.52999877929688,4192800,DIS,0.577625107020352,112.65599975585937,111.83949928283691
2017-03-31,105.27960205078125,113.38999938964844,113.70999908447266,112.94999694824219,113.0,4617400,DIS,0.18554433990671804,112.90599975585937,111.94699935913086
2017-04-03,105.1031723022461,113.19999694824219,113.6500015258789,112.43000030517578,113.18000030517578,4643300,DIS,-0.16756543119232914,113.06999969482422,112.0734992980957
2017-04-04,104.95463562011719,113.04000091552734,113.55000305175781,112.83000183105469,113.1500015258789,3386100,DIS,-0.14133925532524572,113.06799926757813,112.1824993133545
2017-04-05,104.91749572753906,113.0,113.83999633789062,112.79000091552734,113.58000183105469,4795100,DIS,-0.03538651380340374,113.16199951171875,112.29049949645996
2017-04-06,104.96392059326172,113.05000305175781,113.41999816894531,112.38999938964844,112.8499984741211,4744000,DIS,0.04425048828125,113.13600006103516,112.39149971008301
2017-04-07,104.52751922607422,112.58000183105469,113.27999877929688,112.52999877929688,112.81999969482422,4300700,DIS,-0.41574631403410445,112.9740005493164,112.47449989318848
2017-04-10,104.38826751708984,112.43000030517578,112.88999938964844,112.04000091552734,112.80000305175781,4053600,DIS,-0.13323993910038245,112.82000122070312,112.52000007629394
2017-04-11,104.98246765136719,113.06999969482422,113.83000183105469,112.58999633789062,113.68000030517578,5230800,DIS,0.5692425401683243,112.8260009765625,112.55800018310546
2017-04-12,104.95463562011719,113.04000091552734,113.27999877929688,112.76000213623047,113.02999877929688,4086300,DIS,-0.026531157139686457,112.83400115966796,112.61650009155274
2017-04-13,105.1031723022461,113.19999694824219,114.25,112.98999786376953,113.04000091552734,6530800,DIS,0.14153930592624153,112.86399993896484,112.69099998474121
2017-04-17,105.64169311523438,113.77999877929688,113.94000244140625,113.22000122070312,113.33000183105469,5120200,DIS,0.5123691225185079,113.10399932861328,112.79199981689453
2017-04-18,106.02236938476562,114.19000244140625,114.75,113.0,113.4800033569336,6191100,DIS,0.3603477469749983,113.45599975585938,112.86599998474121
2017-04-19,105.59526824951172,113.7300033569336,115.0,113.54000091552734,114.55999755859375,5303400,DIS,-0.4028365659320299,113.58800048828125,112.96500015258789
2017-04-20,106.57945251464844,114.79000091552734,115.05000305175781,113.87000274658203,114.16999816894531,5279300,DIS,0.9320298314482889,113.93800048828125,113.10050010681152
2017-04-21,106.2544937133789,114.44000244140625,115.12000274658203,114.2699966430664,114.37999725341797,6654500,DIS,-0.30490327670495976,114.18600158691406,113.21050033569335
2017-04-24,105.56742095947266,113.69999694824219,115.37999725341797,113.66000366210938,115.26000213623047,7294600,DIS,-0.6466318397213899,114.17000122070313,113.28850021362305
2017-04-25,106.94155883789062,115.18000030517578,115.5199966430664,113.68000030517578,113.7300033569336,6918300,DIS,1.3016740515897407,114.36800079345703,113.42850036621094
2017-04-26,107.31294250488281,115.58000183105469,115.95999908447266,114.86000061035156,115.4000015258789,4809800,DIS,0.3472838381829213,114.73800048828124,113.55500030517578
2017-04-27,107.55435180664062,115.83999633789062,116.0999984741211,115.38999938964844,115.80000305175781,3910800,DIS,0.22494765765446179,114.9479995727539,113.72050018310547
2017-04-28,107.3315200805664,115.5999984741211,115.9000015258789,115.23999786376953,115.87000274658203,3987600,DIS,-0.20718048287008406,115.17999877929688,113.84150009155273
2017-05-01,106.52375030517578,114.7300033569336,115.61000061035156,114.72000122070312,115.58999633789062,4963300,DIS,-0.7525909417570253,115.38600006103516,113.90850028991699
2017-05-02,106.18949127197266,114.37000274658203,114.98999786376953,113.68000030517578,114.87000274658203,6604600,DIS,-0.3137807023604555,115.2240005493164,113.96700057983398
2017-05-03,103.63618469238281,111.62000274658203,114.08999633789062,111.18000030517578,114.02999877929688,11521200,DIS,-2.4044766406916773,114.43200073242187,113.89600067138672
2017-05-04,103.21837615966797,111.16999816894531,111.30000305175781,109.05999755859375,110.58000183105469,10691200,DIS,-0.40315764788000363,113.49800109863281,113.80450057983398
2017-05-05,103.97972869873047,111.98999786376953,112.1500015258789,110.91999816894531,111.48999786376953,5871400,DIS,0.7376088048306473,112.7760009765625,113.75150032043457
2017-05-08,103.45050048828125,111.41999816894531,112.38999938964844,111.0,112.38999938964844,5980100,DIS,-0.5089737527431692,112.11399993896484,113.6935001373291
2017-05-09,104.05400085449219,112.06999969482422,112.1500015258789,110.3499984741211,111.55000305175781,9337400,DIS,0.5833795876511338,111.65399932861328,113.67550010681153
2017-05-10,101.81639862060547,109.66000366210938,109.66000366210938,108.12999725341797,109.0,17061100,DIS,-2.1504381540800033,111.26199951171876,113.50500030517578
2017-05-11,101.74211120605469,109.58000183105469,110.01000213623047,108.5,109.73999786376953,8021300,DIS,-0.07295443040581384,110.94400024414062,113.33200035095214
2017-05-12,101.84423828125,109.69000244140625,109.88999938964844,109.2699966430664,109.80000305175781,5067700,DIS,0.10038383693509179,110.48400115966797,113.15650062561035
2017-05-15,101.32430267333984,109.12999725341797,110.08000183105469,109.12000274658203,109.7300033569336,6241300,DIS,-0.5105343928562878,110.0260009765625,112.9240005493164
2017-05-16,100.25656127929688,107.9800033569336,109.2300033569336,107.81999969482422,109.12999725341797,10047100,DIS,-1.0537834925569478,109.20800170898437,112.61350059509277
2017-05-17,98.70600128173828,106.30999755859375,107.9800033569336,105.2300033569336,107.9800033569336,12763200,DIS,-1.546588022246631,108.53800048828126,112.24250030517578
2017-05-18,99.0495376586914,106.68000030517578,107.30999755859375,105.9800033569336,105.9800033569336,6532200,DIS,0.34804134613783955,107.95800018310547,111.83700027465821
2017-05-19,99.82945251464844,107.5199966430664,107.86000061035156,106.69999694824219,106.76000213623047,6336700,DIS,0.7873981397522378,107.5239990234375,111.49099998474121
2017-05-22,99.93156433105469,107.62999725341797,108.19999694824219,107.41000366210938,107.6500015258789,5487200,DIS,0.10230711847651897,107.2239990234375,111.1875
2017-05-23,99.3652114868164,107.0199966430664,107.80000305175781,106.91000366210938,107.68000030517578,7542600,DIS,-0.5667570620812135,107.03199768066406,110.77949981689453
2017-05-24,100.005859375,107.70999908447266,107.83000183105469,106.93000030517578,107.1500015258789,4366700,DIS,0.6447416025507469,107.31199798583984,110.38599967956543
2017-05-25,99.59732818603516,107.2699966430664,108.12999725341797,106.77999877929688,108.12999725341797,8030400,DIS,-0.40850658726788724,107.42999725341797,109.95749969482422
2017-05-26,100.6557846069336,108.41000366210938,108.48999786376953,107.4800033569336,107.70999908447266,6236800,DIS,1.0627454597917696,107.60799865722656,109.59799995422364
2017-05-30,100.5907974243164,108.33999633789062,108.5999984741211,107.94999694824219,108.48999786376953,4813400,DIS,-0.06457644299777687,107.7499984741211,109.27849960327148
2017-05-31,100.21942138671875,107.94000244140625,108.6500015258789,107.63999938964844,108.4000015258789,9963600,DIS,-0.3692024275475103,107.93399963378906,108.95699958801269
2017-06-01,100.47010040283203,108.20999908447266,108.20999908447266,107.16999816894531,107.7300033569336,5907400,DIS,0.2501358504350293,108.03399963378907,108.78649940490723
2017-06-02,99.51377868652344,107.18000030517578,108.63999938964844,106.94999694824219,108.45999908447266,10876900,DIS,-0.9518517586279862,108.01600036621093,108.58699951171874
2017-06-05,98.90097045898438,106.5199966430664,107.22000122070312,106.11000061035156,107.04000091552734,6372800,DIS,-0.6157899423681057,107.63799896240235,108.3134994506836
2017-06-06,97.95392608642578,105.5,106.19000244140625,104.61000061035156,106.16999816894531,9589500,DIS,-0.9575635328681775,107.06999969482422,108.01749954223632
2017-06-07,98.34387969970703,105.91999816894531,106.25,105.54000091552734,105.79000091552734,5777700,DIS,0.39810252980598815,106.66599884033204,107.70999946594239
2017-06-08,96.85832977294922,104.31999969482422,105.91999816894531,104.16000366210938,105.91999816894531,11002400,DIS,-1.5105726036447331,105.88799896240235,107.44299926757813
2017-06-09,98.06535339355469,105.62000274658203,105.91999816894531,104.08000183105469,104.27999877929688,9392500,DIS,1.246168573198636,105.5759994506836,107.2449993133545
2017-06-12,99.38378143310547,107.04000091552734,107.19999694824219,105.62000274658203,105.62000274658203,8049500,DIS,1.3444405718795238,105.68000030517578,107.11249923706055
2017-06-13,98.9381103515625,106.55999755859375,107.26000213623047,106.16000366210938,107.13999938964844,4918900,DIS,-0.4484336255867527,105.89199981689453,106.98399925231934
2017-06-14,98.54815673828125,106.13999938964844,107.01000213623047,105.76000213623047,106.94999694824219,4781100,DIS,-0.39414243484228173,105.93600006103516,106.89199905395508
2017-06-15,98.39960479736328,105.9800033569336,106.16000366210938,105.2300033569336,105.94000244140625,5309900,DIS,-0.15074056306283445,106.26800079345703,106.87549934387206
2017-06-16,97.96322631835938,105.51000213623047,106.3499984741211,104.7699966430664,106.27999877929688,8683400,DIS,-0.4434810396449884,106.24600067138672,106.8169994354248
2017-06-19,97.83324432373047,105.37000274658203,106.0,105.19000244140625,105.5999984741211,5956200,DIS,-0.13268826349531748,105.91200103759766,106.70949974060059
2017-06-20,96.50552368164062,103.94000244140625,105.30000305175781,103.80999755859375,105.06999969482422,7895700,DIS,-1.3571227748897186,105.38800201416015,106.525
2017-06-21,97.30401611328125,104.80000305175781,105.08000183105469,103.54000091552734,104.38999938964844,7765700,DIS,0.8274009911019231,105.12000274658203,106.41400032043457
2017-06-22,96.76548767089844,104.22000122070312,104.7699966430664,104.08999633789062,104.70999908447266,6156000,DIS,-0.5534368455774152,104.76800231933593,106.2395004272461
2017-06-23,96.89547729492188,104.36000061035156,104.58000183105469,103.16999816894531,103.83000183105469,18147900,DIS,0.13433063520309485,104.53800201416016,106.09400062561035
2017-06-26,98.01892852783203,105.56999969482422,105.8499984741211,104.55999755859375,104.5999984741211,5867000,DIS,1.159447180333406,104.5780014038086,105.95200042724609
2017-06-27,97.87036895751953,105.41000366210938,106.1500015258789,105.13999938964844,105.33000183105469,5694500,DIS,-0.15155445029587655,104.87200164794922,105.80550079345703
2017-06-28,99.2166519165039,106.86000061035156,107.54000091552734,104.5199966430664,106.0199966430664,7874400,DIS,1.375578121494181,105.28400115966797,105.75150070190429
2017-06-29,98.14891815185547,105.70999908447266,107.41000366210938,105.33000183105469,106.80000305175781,7268700,DIS,-1.0761758556152468,105.58200073242188,105.62650070190429
2017-06-30,98.65029907226562,106.25,106.55999755859375,105.5,106.25,5113800,DIS,0.5108323906954482,105.96000061035156,105.5800006866455
2017-07-03,99.77373504638672,107.45999908447266,108.62000274658203,106.76000213623047,106.76000213623047,5399400,DIS,1.1388226677389701,106.33800048828125,105.62700080871582
2017-07-05,98.07463073730469,105.62999725341797,107.8499984741211,105.29000091552734,107.83000183105469,8049700,DIS,-1.7029609590971106,106.38199920654297,105.63350067138671
2017-07-06,96.67156219482422,103.3499984741211,104.69000244140625,102.94000244140625,104.61000061035156,8690800,DIS,-2.1584766056813476,105.67999877929688,105.5050006866455
2017-07-07,96.64350128173828,103.31999969482422,103.7300033569336,102.72000122070312,103.51000213623047,6030900,DIS,-0.02902639549083874,105.20199890136719,105.4550006866455
2017-07-10,96.89605712890625,103.58999633789062,103.91000366210938,102.87000274658203,103.30000305175781,4421300,DIS,0.2613207935190598,104.66999816894531,105.35350036621094
2017-07-11,97.1299057006836,103.83999633789062,104.19000244140625,103.19000244140625,103.5999984741211,4557300,DIS,0.2413360448286328,103.94599761962891,105.1935001373291
2017-07-12,97.63500213623047,104.37999725341797,104.6500015258789,103.6500015258789,104.33999633789062,5203300,DIS,0.5200317166520252,103.69599761962891,105.08450012207031
2017-07-13,97.55081939697266,104.29000091552734,105.33999633789062,104.04000091552734,104.44999694824219,5339500,DIS,-0.0862199082762305,103.88399810791016,104.99200019836425
2017-07-14,98.29912567138672,105.08999633789062,105.25,104.41000366210938,104.43000030517578,4370300,DIS,0.7670873672839029,104.23799743652344,104.9474998474121
2017-07-17,98.01852416992188,104.79000091552734,105.41999816894531,104.70999908447266,105.16999816894531,3973800,DIS,-0.2854652515152045,104.47799835205078,104.91149978637695
2017-07-18,98.9164810180664,105.75,105.80000305175781,104.30999755859375,104.5999984741211,5740500,DIS,0.9161170685040076,104.85999908447266,104.93049964904785
2017-07-19,99.91732025146484,106.81999969482422,106.87000274658203,106.05000305175781,106.12999725341797,5789400,DIS,1.0118200423869572,105.3479995727539,105.07449951171876
2017-07-20,100.42243957519531,107.36000061035156,107.70999908447266,106.75,106.98999786376953,6185500,DIS,0.5055241687606182,105.96199951171874,105.20249938964844
2017-07-21,100.16986846923828,107.08999633789062,107.33000183105469,106.80999755859375,107.0999984741211,4328500,DIS,-0.2514942911009066,106.36199951171875,105.34599914550782
2017-07-24,100.08570861816406,107.0,107.54000091552734,106.9000015258789,107.30999755859375,4615500,DIS,-0.08403804367185241,106.80399932861329,105.47799911499024
2017-07-25,99.5431900024414,106.41999816894531,107.73999786376953,106.19999694824219,107.5999984741211,5394700,DIS,-0.5420577860324127,106.93799896240235,105.52049903869629
2017-07-26,100.02957916259766,106.94000244140625,107.02999877929688,106.30999755859375,106.55000305175781,4149000,DIS,0.4886339798986006,106.96199951171874,105.59699897766113
2017-07-27,102.891845703125,110.0,110.0,107.44000244140625,107.69000244140625,10468700,DIS,2.861415269062073,107.48999938964843,105.75399894714356
2017-07-28,102.85443878173828,109.95999908447266,110.19000244140625,109.66999816894531,109.9800033569336,4864500,DIS,-0.036364468661220783,108.06399993896484,105.96649894714355
2017-07-31,102.82636260986328,109.93000030517578,110.13999938964844,109.33999633789062,110.0199966430664,6815300,DIS,-0.02728153832907143,108.65,106.15049896240234
2017-08-01,103.46240997314453,110.61000061035156,110.83000183105469,109.94999694824219,109.9800033569336,5987200,DIS,0.6185757330010366,109.48800048828124,106.3079990386963
2017-08-02,101.64779663085938,108.66999816894531,109.87999725341797,107.5199966430664,109.87999725341797,8812700,DIS,-1.753912332249541,109.83399963378906,106.45999908447266
2017-08-03,102.06871795654297,109.12000274658203,109.16999816894531,108.05000305175781,108.5199966430664,6895800,DIS,0.4141019464609874,109.65800018310547,106.74849929809571
2017-08-04,100.73111724853516,107.69000244140625,108.5,107.31999969482422,108.2300033569336,8503800,DIS,-1.3104841176523663,109.2040008544922,106.96699943542481
2017-08-07,99.47770690917969,106.3499984741211,107.6500015258789,106.11000061035156,107.58999633789062,8093100,DIS,-1.244316033899473,108.48800048828124,107.10499954223633
2017-08-08,100.06700134277344,106.9800033569336,107.13999938964844,106.18000030517578,106.55000305175781,9787100,DIS,0.592388238694519,107.76200103759766,107.26199989318847
2017-08-09,96.18516540527344,102.83000183105469,103.0,100.5,100.70999908447266,27877600,DIS,-3.87923106716741,106.59400177001953,107.18450012207032
2017-08-10,94.80079650878906,101.3499984741211,102.81999969482422,101.22000122070312,102.5,12259900,DIS,-1.4392719348242156,105.04000091552734,107.0375
2017-08-11,95.39944458007812,101.98999786376953,102.51000213623047,101.02999877929688,101.25,9410400,DIS,0.63147449362011,103.9,106.88250007629395
2017-08-14,94.84757995605469,101.4000015258789,102.80999755859375,101.26000213623047,102.80000305175781,9707300,DIS,-0.578484508528665,102.91000061035156,106.71300010681152
2017-08-15,94.95046997070312,101.51000213623047,102.0999984741211,101.36000061035156,101.62999725341797,8868500,DIS,0.10848186261958048,101.81600036621094,106.50100021362304
2017-08-16,95.59587097167969,102.19999694824219,102.6500015258789,101.72000122070312,101.83999633789062,6698800,DIS,0.6797308614827191,101.68999938964843,106.27000007629394
2017-08-17,94.82887268066406,101.37999725341797,102.58999633789062,101.33999633789062,102.23999786376953,6612400,DIS,-0.8023480619471002,101.69599914550781,105.97099990844727
2017-08-18,94.19279479980469,100.69999694824219,101.73999786376953,100.66000366210938,101.31999969482422,6893900,DIS,-0.6707440556306121,101.43799896240235,105.65149993896485
2017-08-21,94.63243865966797,101.16999816894531,101.41999816894531,100.52999877929688,100.63999938964844,6492700,DIS,0.4667340962728028,101.39199829101562,105.35999984741211
2017-08-22,96.12904357910156,102.7699966430664,102.91000366210938,101.16999816894531,101.41000366210938,6888700,DIS,1.581495011445222,101.64399719238281,105.17749977111816
2017-08-23,94.94110870361328,101.5,102.9800033569336,101.4800033569336,102.4800033569336,5954400,DIS,-1.2357659672572185,101.50399780273438,104.90549964904785
2017-08-24,94.95982360839844,101.5199966430664,102.02999877929688,101.43000030517578,101.81999969482422,6976600,DIS,0.019701126173798933,101.53199768066406,104.48149948120117
2017-08-25,95.79230499267578,102.41000366210938,102.69000244140625,101.55999755859375,101.69000244140625,6186900,DIS,0.8766814898272024,101.8739990234375,104.103999710083
2017-08-28,95.93262481689453,102.55999755859375,102.8499984741211,102.08000183105469,102.48999786376953,5630400,DIS,0.14646410616219185,102.1519989013672,103.73549957275391
2017-08-29,95.94197082519531,102.56999969482422,102.98999786376953,101.81999969482422,102.0,6011700,DIS,0.00975247315577743,102.11199951171875,103.33349952697753
2017-08-30,96.22258758544922,102.87000274658203,103.44999694824219,102.4800033569336,102.4800033569336,6573200,DIS,0.2924861583800453,102.38600006103516,103.04349975585937
2017-08-31,94.66049194335938,101.19999694824219,103.19000244140625,101.0,103.0,9823800,DIS,-1.6234137783138425,102.3220001220703,102.64749946594239
2017-09-01,94.94110870361328,101.5,101.91999816894531,101.36000061035156,101.6500015258789,7827400,DIS,0.29644571225753147,102.13999938964844,102.33799934387207
2017-09-05,95.03466033935547,101.5999984741211,102.55000305175781,100.9000015258789,102.0,9346100,DIS,0.09852066415871885,101.9479995727539,102.10049934387207
2017-09-06,94.94110870361328,101.5,102.04000091552734,100.88999938964844,101.76000213623047,7531000,DIS,-0.09842369647925509,101.73399963378907,101.8264991760254
2017-09-07,90.78800964355469,97.05999755859375,101.86000061035156,96.19999694824219,101.55000305175781,26419400,DIS,-4.37438664177956,100.5719985961914,101.53799896240234
2017-09-08,90.79737854003906,97.06999969482422,97.48999786376953,96.26000213623047,96.48999786376953,13147700,DIS,0.010305106616592674,99.74599914550781,101.3239990234375
2017-09-11,90.81608581542969,97.08999633789062,98.0199966430664,96.95999908447266,97.9000015258789,9610300,DIS,0.020600229864298214,98.86399841308594,101.07899894714356
2017-09-12,91.56439971923828,97.88999938964844,98.36000061035156,97.12999725341797,97.58999633789062,9151700,DIS,0.823980926905854,98.1219985961914,100.90349884033203
2017-09-13,92.43429565429688,98.81999969482422,98.94999694824219,98.0199966430664,98.23999786376953,7615300,DIS,0.9500462876436799,97.58599853515625,100.76899871826171
2017-09-14,91.57374572753906,97.9000015258789,98.83999633789062,97.54000091552734,98.79000091552734,9710000,DIS,-0.9309837803951115,97.75399932861328,100.55399894714355
2017-09-15,92.1536636352539,98.5199966430664,98.93000030517578,98.0,98.05000305175781,23870300,DIS,0.6332942875630243,98.04399871826172,100.41099891662597
2017-09-18,91.76081848144531,98.0999984741211,98.72000122070312,97.72000122070312,98.38999938964844,7013600,DIS,-0.42630753477077565,98.24599914550781,100.28099899291992
2017-09-19,92.06949615478516,98.43000030517578,98.66999816894531,98.08000183105469,98.2300033569336,6970300,DIS,0.33639330905976816,98.35399932861328,100.14399909973145
2017-09-20,92.79907989501953,99.20999908447266,99.27999877929688,98.62000274658203,98.76000213623047,6459100,DIS,0.7924400862323822,98.43199920654297,99.96599922180175
2017-09-21,92.49977111816406,98.88999938964844,99.38999938964844,98.75,99.19000244140625,4958000,DIS,-0.3225478255994729,98.62999877929687,99.83549919128419
2017-09-22,92.22850799560547,98.5999984741211,98.98999786376953,98.52999877929688,98.55000305175781,6359100,DIS,-0.2932560595785616,98.64599914550782,99.68949928283692
2017-09-25,93.13581085205078,99.56999969482422,99.6500015258789,98.41999816894531,98.5999984741211,7492500,DIS,0.9837740727325794,98.93999938964843,99.54749908447266
2017-09-26,92.2565689086914,98.62999725341797,99.73999786376953,98.61000061035156,99.63999938964844,6220500,DIS,-0.9440619105024584,98.97999877929688,99.35099906921387
2017-09-27,92.82715606689453,99.23999786376953,99.52999877929688,98.0199966430664,98.97000122070312,7596600,DIS,0.6184737172649779,98.98599853515626,99.18449897766114
2017-09-28,91.71405029296875,98.05000305175781,99.05000305175781,98.0,98.7699966430664,7149600,DIS,-1.199108058874876,98.81799926757813,98.94349899291993
2017-09-29,92.200439453125,98.56999969482422,98.58999633789062,97.66000366210938,97.88999938964844,8185900,DIS,0.5303382222149544,98.81199951171875,98.81199913024902
2017-10-02,93.40708923339844,99.86000061035156,100.44000244140625,99.11000061035156,99.30999755859375,6923300,DIS,1.3087155519135862,98.86999969482422,98.7299991607666
2017-10-03,94.27699279785156,100.79000091552734,100.8499984741211,99.91000366210938,100.05000305175781,5447700,DIS,0.9313041252669185,99.3020004272461,98.68949928283692
2017-10-04,94.05252075195312,100.55000305175781,100.93000030517578,100.19999694824219,100.73999786376953,5126100,DIS,-0.2381167393486483,99.56400146484376,98.64199943542481
2017-10-05,93.64093017578125,100.11000061035156,100.87000274658203,100.0199966430664,100.63999938964844,4736700,DIS,-0.43759565196607175,99.9760009765625,98.7944995880127
2017-10-06,93.60352325439453,100.06999969482422,100.2699966430664,99.33999633789062,99.94999694824219,4360200,DIS,-0.0399569626245766,100.2760009765625,98.94449958801269
2017-10-09,93.13581085205078,99.56999969482422,100.9800033569336,99.44999694824219,100.80999755859375,5429600,DIS,-0.49965024635236777,100.21800079345704,99.06849975585938
2017-10-10,93.14517974853516,99.58000183105469,100.06999969482422,98.66000366210938,99.98999786376953,7704400,DIS,0.010045331185226658,99.9760009765625,99.15299987792969
2017-10-11,92.1817398071289,98.55000305175781,99.58000183105469,98.05000305175781,99.58000183105469,7984000,DIS,-1.034343000961524,99.5760009765625,99.13950004577637
2017-10-12,90.66641998291016,96.93000030517578,97.81999969482422,96.80999755859375,97.55999755859375,11018200,DIS,-1.6438383525277156,98.94000091552735,99.09099998474122
2017-10-13,91.08734893798828,97.37999725341797,97.68000030517578,96.80000305175781,96.80000305175781,6858000,DIS,0.4642494035132616,98.4020004272461,99.03400001525878
2017-10-16,91.78887939453125,98.12999725341797,98.2699966430664,97.54000091552734,97.63999938964844,4911600,DIS,0.7701787031768159,98.11399993896484,99.03549995422364
2017-10-17,92.00402069091797,98.36000061035156,98.47000122070312,97.86000061035156,98.4000015258789,5942500,DIS,0.2343863888425668,97.86999969482422,99.03199996948243
2017-10-18,91.901123046875,98.25,98.48999786376953,97.55000305175781,98.36000061035156,5404300,DIS,-0.11183469872811935,97.80999908447265,98.98400001525879
2017-10-19,92.61201477050781,99.01000213623047,99.30000305175781,98.11000061035156,98.19000244140625,5634300,DIS,0.7735390699546763,98.22599945068359,98.9900001525879
2017-10-20,92.97681427001953,99.4000015258789,99.66000366210938,98.94000244140625,99.44999694824219,5938700,DIS,0.39389898114721156,98.63000030517578,99.03000030517578
2017-10-23,92.32203674316406,98.69999694824219,99.18000030517578,98.62999725341797,99.12000274658203,5888200,DIS,-0.7042299465704449,98.74400024414062,98.98650016784669
2017-10-24,91.93852996826172,98.29000091552734,98.86000061035156,98.05999755859375,98.5199966430664,4966200,DIS,-0.41539619593893296,98.73000030517578,98.96950035095215
2017-10-25,91.48020935058594,97.80000305175781,98.22000122070312,97.44999694824219,98.05000305175781,5144400,DIS,-0.4985225955900119,98.64000091552734,98.89750061035156
2017-10-26,92.19108581542969,98.55999755859375,99.4800033569336,97.25,97.58000183105469,6167500,DIS,0.7770904735388662,98.55,98.92300033569336
2017-10-27,91.9572525024414,98.30999755859375,98.36000061035156,96.88999938964844,97.9000015258789,7868700,DIS,-0.25365260368576115,98.33199920654297,98.91000022888184
2017-10-30,91.70469665527344,98.04000091552734,98.33000183105469,97.69999694824219,98.12000274658203,7093200,DIS,-0.27463803252104624,98.2,98.81900024414062
2017-10-31,91.48957061767578,97.80999755859375,98.08999633789062,97.37999725341797,97.94000244140625,5701700,DIS,-0.2346015450691019,98.10399932861328,98.67000007629395
2017-11-01,92.63072204589844,99.02999877929688,99.45999908447266,98.0,98.12999725341797,6920400,DIS,1.247317504503842,98.3499984741211,98.5939998626709
2017-11-02,91.99466705322266,98.3499984741211,99.12000274658203,98.0199966430664,98.87000274658203,6799200,DIS,-0.6866609245257727,98.30799865722656,98.50599975585938
2017-11-03,92.26591491699219,98.63999938964844,99.37999725341797,97.9000015258789,98.36000061035156,5416900,DIS,0.29486621253345113,98.3739990234375,98.43449974060059
2017-11-06,94.1366958618164,100.63999938964844,101.12999725341797,98.3499984741211,98.37000274658203,14728700,DIS,2.0275750328217157,98.89399871826171,98.4879997253418
2017-11-07,95.04401397705078,101.61000061035156,102.9000015258789,100.73999786376953,101.29000091552734,12177500,DIS,0.9638326973230305,99.65399932861328,98.58949966430664
2017-11-08,94.64178466796875,101.18000030517578,102.0,100.41999816894531,101.87999725341797,8023200,DIS,-0.42318699202130716,100.08399963378906,98.72099952697754
2017-11-09,96.04486083984375,102.68000030517578,103.91000366210938,100.80000305175781,100.83000183105469,13172500,DIS,1.4825064197230287,100.95,99.00849952697754
2017-11-10,98.00916290283203,104.77999877929688,106.23999786376953,104.08000183105469,104.98999786376953,16701500,DIS,2.0451874443705442,102.1779998779297,99.37849960327148
2017-11-13,97.97174835205078,104.73999786376953,105.13999938964844,103.9800033569336,104.13999938964844,7856000,DIS,-0.03817609848574266,102.99799957275391,99.70899963378906
2017-11-14,96.50318908691406,103.16999816894531,104.56999969482422,103.0,104.56999969482422,6929300,DIS,-1.4989495196154667,103.30999908447265,99.94949951171876
2017-11-15,96.9896011352539,103.69000244140625,103.95999908447266,102.44999694824219,102.75,5691500,DIS,0.5040266372879243,103.81199951171875,100.22149963378907
2017-11-16,96.9054183959961,103.5999984741211,103.9800033569336,102.76000213623047,103.62999725341797,6410900,DIS,-0.08680100797182622,103.99599914550781,100.4509994506836
2017-11-17,96.75574493408203,103.44000244140625,103.98999786376953,102.97000122070312,103.22000122070312,7500800,DIS,-0.15443632728895373,103.72799987792969,100.65299949645996
2017-11-20,96.11033630371094,102.75,103.41999816894531,102.69999694824219,103.41999816894531,5112600,DIS,-0.6670557087400497,103.33000030517579,100.85549964904786
2017-11-21,96.34417724609375,103.0,103.16999816894531,102.79000091552734,102.97000122070312,5725900,DIS,0.24330900243310083,103.29600067138672,101.09099960327148
2017-11-22,96.10095977783203,102.73999786376953,103.31999969482422,102.69000244140625,103.22000122070312,4140700,DIS,-0.25242925847618336,103.10599975585937,101.33799934387207
2017-11-24,96.00743865966797,102.63999938964844,102.91999816894531,102.44999694824219,102.91000366210938,2217600,DIS,-0.09733159061739993,102.91399993896485,101.5419994354248
2017-11-27,96.14776611328125,102.79000091552734,102.97000122070312,102.37999725341797,102.62999725341797,4007500,DIS,0.14614334252815997,102.78399963378907,101.76599960327148
2017-11-28,96.72767639160156,103.41000366210938,103.87999725341797,102.16999816894531,102.55999755859375,8401100,DIS,0.6031741813987912,102.91600036621094,102.03449974060058
2017-11-29,98.43944549560547,105.23999786376953,106.26000213623047,103.43000030517578,103.5,14503100,DIS,1.7696491024598027,103.36399993896484,102.40599975585937
2017-11-30,98.04655456542969,104.81999969482422,105.70999908447266,104.47000122070312,105.36000061035156,9949000,DIS,-0.39908606753202847,103.78000030517578,102.69549980163575
2017-12-01,98.44880676269531,105.25,105.8499984741211,103.87000274658203,104.58000183105469,9258400,DIS,0.41022734824240903,104.3020004272461,103.04049987792969
2017-12-04,103.0976333618164,110.22000122070312,112.66999816894531,106.5,106.5,17824000,DIS,4.722091421095609,105.78800048828126,103.61949996948242
2017-12-05,100.29148864746094,107.22000122070312,110.04000091552734,106.5199966430664,109.52999877929688,13055600,DIS,-2.721829038989787,106.55,103.94850006103516
2017-12-06,98.64521026611328,105.45999908447266,107.98999786376953,105.36000061035156,107.16999816894531,8121700,DIS,-1.641486771304601,106.59400024414063,104.14099998474121
2017-12-07,98.4581527709961,105.26000213623047,106.0,104.48999786376953,105.73999786376953,9948600,DIS,-0.18964247105861531,106.68200073242187,104.34500007629394
2017-12-08,98.27899169921875,104.2300033569336,104.9800033569336,104.08000183105469,104.91000366210938,6536600,DIS,-0.9785281763188824,106.47800140380859,104.42250022888183
2017-12-11,100.73053741455078,106.83000183105469,106.83999633789062,104.7699966430664,104.87000274658203,7434000,DIS,2.494481809827298,105.80000152587891,104.52500038146972
2017-12-12,101.29627990722656,107.43000030517578,107.83000183105469,106.58999633789062,107.13999938964844,8147000,DIS,0.5616385508164123,105.84200134277344,104.65950050354004
2017-12-13,101.46601867675781,107.61000061035156,108.19000244140625,106.75,108.1500015258789,10368300,DIS,0.16755124701151036,106.27200164794922,104.88150062561036
2017-12-14,104.25701141357422,110.56999969482422,111.54000091552734,107.19999694824219,107.29000091552734,27571300,DIS,2.750672862823045,107.33400115966796,105.22550048828126
2017-12-15,104.91702270507812,111.2699966430664,112.0,110.5999984741211,111.9800033569336,19978600,DIS,0.6330803564928988,108.74199981689453,105.60900039672852
2017-12-18,104.69073486328125,111.02999877929688,111.98999786376953,110.30999755859375,111.83999633789062,12270000,DIS,-0.2156896477128467,109.58199920654297,105.98850021362304
2017-12-19,105.42620849609375,111.80999755859375,112.38999938964844,110.7699966430664,111.33000183105469,10546600,DIS,0.7025117426573413,110.45799865722657,106.44150009155274
2017-12-20,103.42724609375,109.69000244140625,112.30000305175781,109.69000244140625,111.62000274658203,8661100,DIS,-1.8960693707881782,110.8739990234375,106.77600021362305
2017-12-21,103.31410217285156,109.56999969482422,111.08999633789062,109.19000244140625,109.72000122070312,9372800,DIS,-0.10940171748663463,110.6739990234375,107.11750030517578
2017-12-22,102.46549987792969,108.66999816894531,109.69000244140625,108.44999694824219,109.48999786376953,7378400,DIS,-0.8213941118788037,110.15399932861328,107.41900024414062
2017-12-26,101.94689178466797,108.12000274658203,109.37000274658203,107.88999938964844,108.48999786376953,3982400,DIS,-0.5061152402968006,109.5720001220703,107.68550033569336
2017-12-27,101.49429321289062,107.63999938964844,108.55000305175781,107.45999908447266,108.41999816894531,5624000,DIS,-0.4439542589160461,108.73800048828124,107.89700012207031
2017-12-28,101.61686706542969,107.7699966430664,108.05000305175781,107.05999755859375,108.0,3477700,DIS,0.1207703959077433,108.35399932861328,108.02350006103515
2017-12-29,101.37171173095703,107.51000213623047,108.33999633789062,107.51000213623047,108.05000305175781,4538400,DIS,-0.24124943391901077,107.94199981689454,108.15800018310547
2018-01-02,105.4167709350586,111.80000305175781,111.80999755859375,108.55999755859375,108.94999694824219,11014300,DIS,3.990327253543624,108.56800079345703,108.48550033569336
2018-01-03,105.8693618774414,112.27999877929688,113.19000244140625,111.44999694824219,112.19000244140625,9237900,DIS,0.4293342705159464,109.4,108.58850021362305
2018-01-04,105.82222747802734,112.2300033569336,113.0,111.62999725341797,112.94999694824219,7417400,DIS,-0.04452745182297324,110.31800079345703,108.83900032043456
2018-01-05,105.24705505371094,111.62000274658203,112.68000030517578,111.23999786376953,112.68000030517578,6008300,DIS,-0.5435272138516578,111.08800201416015,109.14700050354004
2018-01-08,103.73841094970703,110.0199966430664,111.27999877929688,109.54000091552734,110.88999938964844,8052600,DIS,-1.4334403011512342,111.59000091552734,109.38500022888184
2018-01-09,103.66297912597656,109.94000244140625,110.86000061035156,109.86000061035156,110.12999725341797,5838000,DIS,-0.07270878394922686,111.21800079345704,109.67050018310547
2018-01-10,103.21981048583984,109.47000122070312,110.5,109.01000213623047,109.95999908447266,6060000,DIS,-0.42750701315803497,110.65600128173828,109.8025001525879
2018-01-11,104.65302276611328,110.98999786376953,111.08000183105469,109.51000213623047,110.25,6427000,DIS,1.3885051850889507,110.40800018310547,109.98050003051758
2018-01-12,106.04853820800781,112.47000122070312,112.72000122070312,111.0,111.31999969482422,5899900,DIS,1.3334565144781596,110.57799987792968,110.22350006103515
2018-01-16,104.37014770507812,110.69000244140625,113.16000366210938,110.62000274658203,113.06999969482422,8069200,DIS,-1.5826431581555056,110.71200103759766,110.22950019836426
2018-01-17,105.57707977294922,111.97000122070312,112.20999908447266,110.56999969482422,111.19999694824219,7030700,DIS,1.15638156207869,111.11800079345703,110.26450042724609
2018-01-18,104.11556243896484,110.41999816894531,111.98999786376953,110.19999694824219,111.73999786376953,8070900,DIS,-1.3843020763236513,111.30800018310546,110.23400039672852
2018-01-19,104.27584838867188,110.58999633789062,111.08999633789062,109.83999633789062,110.97000122070312,10514300,DIS,0.15395596066323236,111.22799987792969,110.17300033569336
2018-01-22,104.75675201416016,111.0999984741211,111.55999755859375,110.05999755859375,110.2699966430664,8073600,DIS,0.4611648007223357,110.95399932861328,110.24350013732911
2018-01-23,104.10614013671875,110.41000366210938,111.13999938964844,109.88999938964844,110.2699966430664,7477300,DIS,-0.6210574450839834,110.8979995727539,110.28550033569336
2018-01-24,104.19099426269531,110.5,111.43000030517578,110.29000091552734,110.95999908447266,7211800,DIS,0.08151103605253951,110.60399932861328,110.37700042724609
2018-01-25,104.2381591796875,110.55000305175781,111.81999969482422,110.12000274658203,110.5999984741211,6291000,DIS,0.04525163055004722,110.63000030517578,110.49850044250488
2018-01-26,105.7845230102539,112.19000244140625,112.52999877929688,110.66999816894531,110.80999755859375,7743800,DIS,1.4834910396887224,110.9500015258789,110.72600059509277
2018-01-29,105.17162322998047,111.54000091552734,112.44999694824219,111.23999786376953,112.0999984741211,6847800,DIS,-0.5793756232587488,111.03800201416016,110.91450080871581
2018-01-30,103.82324981689453,110.11000061035156,112.41999816894531,110.0999984741211,111.41999816894531,8393900,DIS,-1.282051545130225,110.97800140380859,111.04450073242188
2018-01-31,102.46549987792969,108.66999816894531,110.12000274658203,108.47000122070312,110.08000183105469,9841400,DIS,-1.3077853359587333,110.61200103759765,110.88800048828125
2018-02-01,104.18157958984375,110.48999786376953,110.6500015258789,107.36000061035156,108.62000274658203,9518900,DIS,1.674794999071172,110.6,110.79850044250489
2018-02-02,102.4937744140625,108.69999694824219,110.58000183105469,108.44999694824219,109.94999694824219,9947700,DIS,-1.620056973604389,109.9019989013672,110.62200012207032
2018-02-05,98.72215270996094,104.69999694824219,108.62999725341797,104.01000213623047,107.0999984741211,15107900,DIS,-3.67985290919981,108.53399810791015,110.27599983215332
2018-02-06,100.10821533203125,106.16999816894531,106.19999694824219,101.76000213623047,102.87999725341797,17765100,DIS,1.4040126681472698,107.74599761962891,110.08349990844727
2018-02-07,98.77873229980469,104.76000213623047,108.02999877929688,104.41000366210938,107.83000183105469,12445000,DIS,-1.3280550598401275,106.96399841308593,109.82449989318847
2018-02-08,95.56341552734375,101.3499984741211,105.81999969482422,101.19000244140625,105.47000122070312,12667500,DIS,-3.2550626122315185,105.13599853515625,109.41849975585937
2018-02-09,97.20407104492188,103.08999633789062,103.75,100.26000213623047,102.55000305175781,12479700,DIS,1.7168208090440507,104.01399841308594,109.02349967956543
2018-02-12,97.48694610595703,103.38999938964844,104.63999938964844,102.0999984741211,103.93000030517578,9584700,DIS,0.2910108278348478,103.75199890136719,108.56949958801269
2018-02-13,98.17527770996094,104.12000274658203,104.30999755859375,102.4000015258789,102.63999938964844,8447900,DIS,0.7060676673209088,103.34199981689453,108.24099960327149
2018-02-14,98.62786865234375,104.5999984741211,104.76000213623047,102.69000244140625,103.48999786376953,7425700,DIS,0.46100241536424225,103.30999908447265,107.87249946594238
2018-02-15,99.17474365234375,105.18000030517578,105.56999969482422,103.93000030517578,105.36000061035156,6494700,DIS,0.5544950664585269,104.0759994506836,107.61049957275391
2018-02-16,100.44766998291016,106.52999877929688,107.3499984741211,105.19000244140625,105.19000244140625,8746400,DIS,1.283512521585961,104.76399993896484,107.40749969482422
2018-02-20,99.92906951904297,105.9800033569336,107.56999969482422,105.5199966430664,106.37000274658203,6734500,DIS,-0.5162822009439183,105.28200073242188,107.15149993896485
2018-02-21,99.05216979980469,105.05000305175781,106.91000366210938,105.0199966430664,106.0,6743300,DIS,-0.8775243213039019,105.46800079345704,106.88349990844726
2018-02-22,99.2313232421875,105.23999786376953,106.01000213623047,104.93000030517578,105.30999755859375,4462200,DIS,0.18086131032104547,105.59600067138672,106.62049980163575
2018-02-23,101.12655639648438,107.25,107.36000061035156,105.43000030517578,105.75,6101100,DIS,1.909922251074514,106.01000061035157,106.45549964904785
2018-02-26,103.54039001464844,109.80999755859375,109.80999755859375,107.66999816894531,108.0,8138200,DIS,2.3869441105769162,106.66600036621094,106.33649940490723
2018-02-27,98.8824462890625,104.87000274658203,108.16000366210938,104.8499984741211,108.0,14179600,DIS,-4.498674912888312,106.44400024414062,106.00299949645996
2018-02-28,97.27009582519531,103.16000366210938,105.56999969482422,103.13999938964844,105.44999694824219,10760800,DIS,-1.630589338883548,106.06600036621094,105.65549964904785
2018-03-01,96.7137680053711,102.56999969482422,104.02999877929688,101.33000183105469,103.19999694824219,10487300,DIS,-0.5719309289845098,105.53200073242188,105.35049972534179
2018-03-02,97.10977172851562,102.98999786376953,103.16999816894531,101.44000244140625,102.0,7835400,DIS,0.4094746711464703,104.68000030517578,104.97549972534179
2018-03-05,97.50579833984375,103.41000366210938,103.97000122070312,102.41999816894531,102.70999908447266,5736700,DIS,0.40781222162507014,103.4000015258789,104.71100006103515
2018-03-06,98.94844055175781,104.94000244140625,104.94999694824219,103.51000213623047,104.0,6216200,DIS,1.4795461997043624,103.41400146484375,104.72300033569336
2018-03-07,97.67552185058594,103.58999633789062,104.23999786376953,102.7699966430664,103.72000122070312,6214800,DIS,-1.2864551859234075,103.5,104.59400024414063
2018-03-08,98.09040832519531,104.02999877929688,104.58999633789062,103.47000122070312,103.98999786376953,6627000,DIS,0.42475379569573146,103.79199981689453,104.55750007629395
2018-03-09,98.75043487548828,104.7300033569336,104.75,103.63999938964844,104.43000030517578,5618400,DIS,0.6728872304630151,104.14000091552734,104.72650032043457
2018-03-12,99.16532135009766,105.16999816894531,105.94000244140625,104.72000122070312,104.72000122070312,6485300,DIS,0.4201229809113638,104.49199981689453,104.8305004119873
2018-03-13,97.80753326416016,103.7300033569336,105.83000183105469,103.41999816894531,105.83000183105469,6716700,DIS,-1.3692068432848203,104.25,104.84750061035156
2018-03-14,97.96783447265625,103.9000015258789,104.6500015258789,103.47000122070312,104.52999877929688,6235900,DIS,0.16388524384824965,104.31200103759765,104.83650054931641
2018-03-15,97.34551239013672,103.23999786376953,104.29000091552734,103.23999786376953,104.0,5174600,DIS,-0.6352296943373803,104.15400085449218,104.76850051879883
2018-03-16,96.99665069580078,102.87000274658203,104.2699966430664,102.83999633789062,103.55999755859375,10468000,DIS,-0.3583834994608681,103.78200073242188,104.65300064086914
2018-03-19,95.68600463867188,101.4800033569336,102.94999694824219,101.0,102.80000305175781,6528300,DIS,-1.351219356990463,103.04400177001953,104.40050086975097
2018-03-20,95.56341552734375,101.3499984741211,102.1500015258789,100.75,101.54000091552734,8330300,DIS,-0.12810886727627757,102.56800079345703,104.16900062561035
2018-03-21,96.00658416748047,101.81999969482422,102.94000244140625,101.41999816894531,101.5,6136400,DIS,0.46374072795190013,102.1520004272461,104.00750045776367
2018-03-22,94.85624694824219,100.5999984741211,101.63999938964844,100.41000366210938,101.29000091552734,8911600,DIS,-1.1981940918873724,101.6240005493164,103.77550048828125
2018-03-23,92.91386413574219,98.54000091552734,101.11000061035156,98.44999694824219,100.8499984741211,7505100,DIS,-2.047711321907897,100.75800018310547,103.34000053405762
2018-03-26,94.90338134765625,100.6500015258789,100.77999877929688,99.08000183105469,99.86000061035156,7340100,DIS,2.141263031000329,100.59199981689453,102.88200073242187
2018-03-27,93.68704986572266,99.36000061035156,101.18000030517578,98.88999938964844,100.87999725341797,7193500,DIS,-1.2816700407060178,100.19400024414062,102.60650062561035
2018-03-28,92.91386413574219,98.54000091552734,100.08000183105469,98.1500015258789,99.5,9099700,DIS,-0.8252814913316198,99.53800048828126,102.37550048828125
2018-03-29,94.70538330078125,100.44000244140625,101.27999877929688,98.86000061035156,99.01000213623047,9343600,DIS,1.928152535240657,99.50600128173828,102.26900062561035
2018-04-02,93.02701568603516,98.66000366210938,100.98999786376953,97.77999877929688,100.18000030517578,8203700,DIS,-1.7722010514040654,99.53000183105469,102.05250091552735
2018-04-03,93.74361419677734,99.41999816894531,99.48999786376953,97.69999694824219,98.80000305175781,8484700,DIS,0.770316722710418,99.28400115966797,101.85300064086914
2018-04-04,95.1862564086914,100.94999694824219,101.1500015258789,97.76000213623047,98.43000030517578,8759200,DIS,1.5389245699813259,99.6020004272461,101.65350036621093
2018-04-05,96.280029296875,102.11000061035156,102.37999725341797,100.9800033569336,101.36000061035156,6612800,DIS,1.1490873671884394,100.31600036621094,101.57950057983399
2018-04-06,94.62051391601562,100.3499984741211,102.19000244140625,99.44999694824219,101.62999725341797,7162400,DIS,-1.7236334597103609,100.29799957275391,101.3955005645752
2018-04-09,94.00762939453125,99.69999694824219,101.51000213623047,99.58000183105469,100.69999694824219,7094300,DIS,-0.6477344651345751,100.50599822998046,101.14400024414063
2018-04-10,95.58229064941406,101.37000274658203,101.52999877929688,100.31999969482422,100.91999816894531,8116800,DIS,1.6750309422845833,100.89599914550782,100.95400047302246
2018-04-11,95.04483032226562,100.80000305175781,101.6500015258789,100.41000366210938,100.77999877929688,6305000,DIS,-0.5622962211505267,100.86600036621094,100.80750045776367
2018-04-12,94.6582260131836,100.38999938964844,101.51000213623047,99.68000030517578,101.41999816894531,7337800,DIS,-0.4067496524765457,100.52200012207031,100.63200035095215
2018-04-13,94.62051391601562,100.3499984741211,101.5199966430664,100.16000366210938,101.0,6324600,DIS,-0.03984551824937066,100.52200012207031,100.48750038146973
2018-04-16,94.51679229736328,100.23999786376953,101.0,99.7300033569336,100.69000244140625,10328000,DIS,-0.10961695268977278,100.63000030517578,100.3560001373291
2018-04-17,96.33660125732422,102.16999816894531,102.58999633789062,100.75,101.19999694824219,9577400,DIS,1.9253794356607346,100.78999938964844,100.39049987792968
2018-04-18,95.4314193725586,101.20999908447266,102.70999908447266,101.19999694824219,102.66999816894531,5822100,DIS,-0.9396095739232835,100.8719985961914,100.38349990844726
2018-04-19,95.12969207763672,100.88999938964844,101.58000183105469,100.22000122070312,101.0,6803400,DIS,-0.31617399241070654,100.97199859619141,100.33699989318848
2018-04-20,94.51679229736328,100.23999786376953,101.4000015258789,99.91000366210938,101.18000030517578,6396900,DIS,-0.6442675486284077,100.94999847412109,100.31899986267089
2018-04-23,94.43193054199219,100.1500015258789,100.72000122070312,99.52999877929688,100.55000305175781,5889800,DIS,-0.08978086573079302,100.93199920654297,100.39949989318848
2018-04-24,93.78132629394531,99.45999908447266,100.8499984741211,98.86000061035156,100.58000183105469,6567700,DIS,-0.6889689774272734,100.38999938964844,100.33999977111816
2018-04-25,95.37484741210938,101.1500015258789,101.48999786376953,99.05000305175781,99.5,8977700,DIS,1.6991780182612937,100.37799987792968,100.42949981689453
2018-04-26,94.13963317871094,99.83999633789062,101.37999725341797,99.73999786376953,101.2300033569336,8038400,DIS,-1.295111387272807,100.16799926757812,100.4944995880127
2018-04-27,93.56446838378906,99.2300033569336,99.98999786376953,98.94000244140625,99.77999877929688,8038000,DIS,-0.6109705562213907,99.96600036621093,100.43399963378906
2018-04-30,94.60165405273438,100.33000183105469,101.37000274658203,100.12000274658203,100.41000366210938,8558900,DIS,1.1085341498622725,100.00200042724609,100.51749954223632
2018-05-01,94.34707641601562,100.05999755859375,100.69999694824219,98.93000030517578,100.18000030517578,6716200,DIS,-0.26911618412566174,100.12200012207032,100.54949951171875
2018-05-02,93.93218994140625,99.62000274658203,100.72000122070312,99.25,100.16999816894531,9286400,DIS,-0.43973098415684975,99.81600036621094,100.48299980163574
2018-05-03,93.12129974365234,98.76000213623047,99.25,97.68000030517578,99.11000061035156,10450800,DIS,-0.8632810546485015,99.60000152587891,100.31549987792968
2018-05-04,95.37484741210938,101.1500015258789,101.3499984741211,98.58000183105469,98.70999908447266,9980100,DIS,2.4200074300845476,99.98400115966797,100.35550003051758
2018-05-07,96.62890625,102.4800033569336,102.68000030517578,101.72000122070312,102.3499984741211,10181100,DIS,1.3148806831351445,100.41400146484375,100.49450035095215
2018-05-08,95.97830200195312,101.79000091552734,102.63999938964844,100.83999633789062,101.19999694824219,14229500,DIS,-0.6733044679975264,100.76000213623047,100.51550025939942
2018-05-09,94.26222229003906,99.97000122070312,102.2699966430664,99.30000305175781,102.25,18345700,DIS,-1.7879945755522542,100.83000183105469,100.47400016784668
2018-05-10,95.87458038330078,101.68000030517578,102.06999969482422,100.30000305175781,100.41999816894531,8927300,DIS,1.7105122172575538,101.41400146484375,100.53850021362305
2018-05-11,96.2423095703125,102.06999969482422,102.20999908447266,101.26000213623047,101.88999938964844,7036000,DIS,0.38355565349912357,101.5980010986328,100.6245002746582
2018-05-14,96.59117889404297,102.44000244140625,103.48999786376953,101.9800033569336,102.44000244140625,9891900,DIS,0.362499018015372,101.59000091552734,100.73450050354003
2018-05-15,97.04377746582031,102.91999816894531,103.31999969482422,102.0999984741211,102.44000244140625,5762400,DIS,0.4685627841658935,101.81600036621094,100.77200050354004
2018-05-16,99.0427474975586,105.04000091552734,105.04000091552734,103.1500015258789,103.25,8111600,DIS,2.0598550177799213,102.83000030517579,100.96350059509277
2018-05-17,98.3826904296875,104.33999633789062,105.4800033569336,104.08999633789062,105.2300033569336,7320600,DIS,-0.6664171473110159,103.36199951171875,101.13600044250488
2018-05-18,97.99612426757812,103.93000030517578,104.79000091552734,103.55999755859375,104.33999633789062,5427300,DIS,-0.39294234915163706,103.73399963378907,101.3205005645752
2018-05-21,98.11868286132812,104.05999755859375,104.68000030517578,103.61000061035156,104.22000122070312,5848700,DIS,0.12508154819228512,104.05799865722656,101.51600036621093
2018-05-22,98.12812805175781,104.06999969482422,105.48999786376953,103.98999786376953,104.4000015258789,6971600,DIS,0.009611893585570463,104.28799896240234,101.74650039672852
2018-05-23,97.0155029296875,102.88999938964844,103.33999633789062,102.06999969482422,103.19999694824219,8046600,DIS,-1.133852511421185,103.85799865722656,101.833500289917
2018-05-24,96.280029296875,102.11000061035156,102.86000061035156,101.20999908447266,102.80999755859375,7474100,DIS,-0.7580899834035315,103.41199951171875,101.94700050354004
2018-05-25,96.3648910522461,102.19999694824219,103.0,101.97000122070312,102.25,6982700,DIS,0.08813665395424053,103.06599884033203,102.09550018310547
2018-05-29,93.99821472167969,99.69000244140625,101.6500015258789,99.37999725341797,100.55000305175781,11270400,DIS,-2.4559633872661357,102.19199981689454,102.06350021362304
2018-05-30,94.27165222167969,99.9800033569336,100.55000305175781,99.41999816894531,100.5,7216400,DIS,0.2909027068163539,101.3740005493164,102.05950050354004
2018-05-31,93.79075622558594,99.47000122070312,100.13999938964844,98.80999755859375,99.76000213623047,9620000,DIS,-0.5101041399345974,100.69000091552735,102.0520004272461
2018-06-01,93.68704986572266,99.36000061035156,100.05000305175781,99.19999694824219,99.69000244140625,6847700,DIS,-0.11058671861026159,100.14000091552734,102.08200035095214
2018-06-04,94.51679229736328,100.23999786376953,100.5,99.69999694824219,99.76000213623047,6598000,DIS,0.8856655072587483,99.74800109863281,102.03650016784668
2018-06-05,94.23391723632812,99.94000244140625,100.51000213623047,99.77999877929688,100.36000061035156,5974400,DIS,-0.2992771635639824,99.79800109863281,101.90950012207031
2018-06-06,96.09146118164062,101.91000366210938,101.94000244140625,99.76000213623047,100.05999755859375,7833000,DIS,1.9711838829082673,100.18400115966797,101.91550025939941
2018-06-07,96.6194839477539,102.47000122070312,102.95999908447266,101.80999755859375,101.91000366210938,7559200,DIS,0.549502049328221,100.78400115966797,102.04050025939941
2018-06-08,98.04326629638672,103.9800033569336,103.98999786376953,101.83000183105469,102.08999633789062,7090300,DIS,1.4736040970451336,101.70800170898437,102.1555004119873
2018-06-11,98.39212799072266,104.3499984741211,104.79000091552734,103.75,103.93000030517578,8175000,DIS,0.35583295368573076,102.53000183105469,102.26950035095214
2018-06-12,98.37327575683594,104.33000183105469,105.22000122070312,103.95999908447266,104.7300033569336,9215300,DIS,-0.019163050655301994,103.40800170898437,102.36400032043457
2018-06-13,100.24021911621094,106.30999755859375,107.87999725341797,102.66999816894531,103.19999694824219,22009400,DIS,1.8978200831869518,104.28800048828126,102.53350028991699
2018-06-14,102.5409164428711,108.75,109.48999786376953,106.44999694824219,106.44999694824219,18068700,DIS,2.295176838905877,105.54400024414062,102.71900024414063
2018-06-15,102.63521575927734,108.8499984741211,109.41999816894531,107.8499984741211,108.16999816894531,16169200,DIS,0.09195261988146353,106.51799926757812,102.94450035095215
2018-06-18,100.94739532470703,107.05999755859375,107.4800033569336,106.5,107.0,9288600,DIS,-1.6444657240421656,107.05999908447265,103.10100021362305
2018-06-19,100.0422134399414,106.0999984741211,106.98999786376953,105.76000213623047,105.87000274658203,8869500,DIS,-0.896692608223959,107.41399841308593,103.20300025939942
2018-06-20,101.03227233886719,107.1500015258789,107.9000015258789,105.80999755859375,107.0,18625900,DIS,0.9896353127789359,107.58199920654297,103.35700035095215
2018-06-21,99.84420776367188,105.88999938964844,107.25,105.79000091552734,107.01000213623047,7707800,DIS,-1.1759235821626635,107.00999908447265,103.50700035095215
2018-06-22,100.26852416992188,106.33999633789062,106.80000305175781,105.80999755859375,106.06999969482422,8959100,DIS,0.4249664282141685,106.50799865722657,103.7185001373291
2018-06-25,98.48641967773438,104.44999694824219,106.08000183105469,103.73999786376953,106.0,7995800,DIS,-1.7773175237311922,105.98599853515626,103.8310001373291
2018-06-26,98.3072738647461,104.26000213623047,104.70999908447266,103.91000366210938,104.45999908447266,6550000,DIS,-0.18190025616359184,105.61799926757813,104.05950012207032
2018-06-27,98.02439880371094,103.95999908447266,105.87999725341797,103.4800033569336,104.5,8803300,DIS,-0.2877451041731427,104.97999877929688,104.25849990844726
2018-06-28,98.78814697265625,104.7699966430664,105.12000274658203,103.68000030517578,103.91000366210938,6303600,DIS,0.7791434837697508,104.75599822998046,104.52349967956543
2018-06-29,98.82586669921875,104.80999755859375,105.68000030517578,104.6500015258789,104.93000030517578,6774000,DIS,0.03817974306481453,104.44999847412109,104.79599952697754
2018-07-02,99.31619262695312,105.33000183105469,105.37000274658203,103.9000015258789,104.1500015258789,5488900,DIS,0.49613995284203405,104.6259994506836,105.0504997253418
2018-07-03,98.09982299804688,104.04000091552734,105.94999694824219,103.5,105.87999725341797,2406300,DIS,-1.22472314924712,104.58199920654297,105.25549964904785
2018-07-05,99.32561492919922,105.33999633789062,105.5999984741211,104.43000030517578,104.69999694824219,6202800,DIS,1.2495150047324488,104.85799865722656,105.42699928283692
2018-07-06,99.59175109863281,104.77999877929688,105.04000091552734,104.04000091552734,104.5,4134500,DIS,-0.5316096241331669,104.85999908447266,105.5424991607666
2018-07-09,100.7703628540039,106.0199966430664,106.06999969482422,104.75,105.01000213623047,4725200,DIS,1.1834299276729299,105.10199890136718,105.64449882507324
2018-07-10,100.77985382080078,106.02999877929688,106.56999969482422,104.83000183105469,106.25,4213600,DIS,0.009434197837365765,105.24199829101562,105.72849884033204
2018-07-11,102.6903305053711,108.04000091552734,109.33999633789062,105.31999969482422,105.31999969482422,11753800,DIS,1.8956919356514668,106.04199829101563,105.91399879455567
2018-07-12,102.88993072509766,108.25,109.19999694824219,107.81999969482422,108.05000305175781,5931400,DIS,0.1943716056026723,106.6239990234375,106.01099891662598
2018-07-13,104.55327606201172,110.0,110.23999786376953,107.66000366210938,108.0,8188800,DIS,1.616628175519641,107.66799926757812,106.07349891662598
2018-07-16,104.74336242675781,110.19999694824219,110.44999694824219,108.7699966430664,109.81999969482422,8245900,DIS,0.18181540749289127,108.50399932861328,106.14099884033203
2018-07-17,104.83842468261719,110.30000305175781,112.62000274658203,110.08999633789062,110.26000213623047,9075900,DIS,0.09074964272692831,109.35800018310547,106.30299911499023
2018-07-18,105.2091064453125,110.69000244140625,111.05999755859375,109.6500015258789,110.30999755859375,6414100,DIS,0.35358057920038544,109.88800048828125,106.53249931335449
2018-07-19,106.57781219482422,112.12999725341797,114.68000030517578,111.30000305175781,111.54000091552734,17796800,DIS,1.3009258110496358,110.66399993896485,106.78149909973145
2018-07-20,105.95999908447266,111.4800033569336,112.19999694824219,110.83000183105469,112.1500015258789,11787900,DIS,-0.5796788659642615,110.96000061035156,107.06099929809571
2018-07-23,105.58930206298828,111.08999633789062,111.20999908447266,110.33999633789062,111.05000305175781,5447800,DIS,-0.3498448217607697,111.13800048828125,107.2984992980957
2018-07-24,105.2186050415039,110.69999694824219,111.88999938964844,110.54000091552734,111.83999633789062,5648800,DIS,-0.3510661648256974,111.21799926757812,107.6109992980957
2018-07-25,105.67485046386719,111.18000030517578,111.41999816894531,109.62999725341797,110.63999938964844,6756800,DIS,0.4336073804573015,111.31599884033203,107.95699920654297
2018-07-26,107.88948822021484,113.51000213623047,114.55999755859375,111.68000030517578,112.1500015258789,9466400,DIS,2.0957023067630143,111.59199981689453,108.43449935913085
2018-07-27,107.04354858398438,112.62000274658203,114.05000305175781,111.91999816894531,114.0,5717000,DIS,-0.7840713354760553,111.81999969482422,108.82699966430664
2018-07-30,107.05305480957031,112.62999725341797,113.33999633789062,112.05000305175781,112.19999694824219,5199300,DIS,0.00887453968405616,112.12799987792968,109.21799964904785
2018-07-31,107.93699645996094,113.55999755859375,114.05000305175781,112.36000061035156,112.55000305175781,8421200,DIS,0.8257128010784598,112.7,109.6294994354248
2018-08-01,107.37621307373047,112.97000122070312,113.83000183105469,112.58999633789062,113.68000030517578,6466600,DIS,-0.5195459233663713,113.05800018310546,110.0759994506836
2018-08-02,107.1671142578125,112.75,113.31999969482422,111.68000030517578,112.5,4027300,DIS,-0.1947430453446808,112.90599975585937,110.44649963378906
2018-08-03,108.44075775146484,114.08999633789062,114.0999984741211,112.4000015258789,113.19999694824219,4747500,DIS,1.1884668185282665,113.19999847412109,110.91199951171875
2018-08-06,110.19915008544922,115.94000244140625,116.83999633789062,114.16000366210938,114.66000366210938,12715600,DIS,1.621532266542114,113.86199951171875,111.40799980163574
2018-08-07,110.7884521484375,116.55999755859375,117.9000015258789,116.23999786376953,116.56999969482422,15466900,DIS,0.534755135528675,114.46199951171874,111.93449974060059
2018-08-08,108.3362045288086,113.9800033569336,116.41000366210938,113.9000015258789,115.9000015258789,11722900,DIS,-2.2134473710530234,114.66399993896485,112.2314998626709
2018-08-09,108.50728607177734,114.16000366210938,114.80000305175781,112.80999755859375,114.05000305175781,7042000,DIS,0.15792270562766664,114.94600067138671,112.52700004577636
2018-08-10,107.10057830810547,112.68000030517578,113.80000305175781,112.4000015258789,113.58000183105469,5740200,DIS,-1.2964289676392293,114.66400146484375,112.66100006103515
2018-08-13,106.56829833984375,112.12000274658203,112.83999633789062,111.72000122070312,112.66000366210938,6080900,DIS,-0.4969804375905995,113.9000015258789,112.75700035095215
2018-08-14,107.1671142578125,112.75,113.19000244140625,111.94999694824219,112.37999725341797,4326400,DIS,0.5618955030191275,113.13800201416015,112.87950019836425
2018-08-15,107.26216125488281,112.8499984741211,113.12000274658203,111.47000122070312,112.18000030517578,5183200,DIS,0.08869044267947324,112.91200103759766,112.9875
2018-08-16,106.91049194335938,112.4800033569336,113.33000183105469,112.4000015258789,113.30000305175781,5082500,DIS,-0.32786453007560556,112.5760009765625,113.00500030517578
2018-08-17,106.91049194335938,112.4800033569336,112.86000061035156,111.88999938964844,112.51000213623047,4764500,DIS,0.0,112.53600158691407,113.05500030517578
2018-08-20,106.44474792480469,111.98999786376953,113.0,111.91000366210938,112.93000030517578,5167600,DIS,-0.4356378721017018,112.51000061035157,113.10000038146973
2018-08-21,106.82493591308594,112.38999938964844,113.0,112.0,112.25,4770400,DIS,0.35717611707206665,112.43800048828125,113.18450050354004
2018-08-22,106.39720916748047,111.94000244140625,112.75,111.94000244140625,112.44000244140625,3213000,DIS,-0.40038878075092654,112.25600128173828,113.22250061035156
2018-08-23,106.45425415039062,112.0,112.13999938964844,111.52999877929688,111.94000244140625,4257400,DIS,0.053597960769335984,112.16000061035156,113.14700050354004
2018-08-24,106.38770294189453,111.93000030517578,112.69999694824219,111.44000244140625,111.62999725341797,5049000,DIS,-0.06249972752162547,112.05,113.11250038146973
2018-08-27,106.76789855957031,112.33000183105469,112.88999938964844,112.06999969482422,112.48999786376953,4767700,DIS,0.35736757329429825,112.11800079345703,113.09750061035156
2018-08-28,107.00552368164062,112.58000183105469,112.79000091552734,112.19999694824219,112.56999969482422,3131600,DIS,0.22255852926629238,112.15600128173828,113.0485008239746
2018-08-29,106.88197326660156,112.44999694824219,112.72000122070312,112.0199966430664,112.58000183105469,4001500,DIS,-0.11547777642391122,112.25800018310547,113.02250061035156
2018-08-30,106.37821197509766,111.91999816894531,112.41999816894531,111.58999633789062,112.06999969482422,3481600,DIS,-0.47131951416665707,112.24199981689453,112.98100051879882
2018-08-31,106.47325134277344,112.0199966430664,112.27999877929688,111.55999755859375,111.9000015258789,4642800,DIS,0.08934817347847623,112.25999908447265,112.87750053405762
2018-09-04,105.36119079589844,110.8499984741211,112.0,110.6500015258789,111.80000305175781,6391200,DIS,-1.0444547438019702,111.96399841308593,112.62300033569336
2018-09-05,104.42971801757812,109.87000274658203,110.81999969482422,109.69999694824219,110.58000183105469,6388300,DIS,-0.884073740215563,111.4219985961914,112.28850059509277
2018-09-06,104.8004150390625,110.26000213623047,110.41000366210938,109.36000061035156,110.0,5267200,DIS,0.35496439419226977,110.98399963378907,112.10250053405761
2018-09-07,105.47525024414062,110.97000122070312,111.3499984741211,110.01000213623047,110.08000183105469,4754800,DIS,0.6439316803163342,110.79400024414062,111.9430004119873
2018-09-10,105.1996078491211,110.68000030517578,111.91000366210938,110.37000274658203,111.44000244140625,4636500,DIS,-0.26133271364985333,110.5260009765625,111.8430004119873
2018-09-11,104.17308044433594,109.5999984741211,110.61000061035156,109.51000213623047,110.5,5488600,DIS,-0.9757877015511562,110.2760009765625,111.71700019836426
2018-09-12,104.04000854492188,109.45999908447266,110.25,109.18000030517578,109.25,5236700,DIS,-0.1277366711656458,110.19400024414062,111.5525001525879
2018-09-13,105.19010925292969,110.66999816894531,110.72000122070312,109.37000274658203,109.55000305175781,5119400,DIS,1.105425812710692,110.2759994506836,111.4435001373291
2018-09-14,103.84992218017578,109.26000213623047,111.25,108.87999725341797,110.91999816894531,6012400,DIS,-1.2740544465920989,109.93399963378906,111.28250007629394
2018-09-17,103.9449691772461,109.36000061035156,109.87999725341797,108.61000061035156,109.58000183105469,5592900,DIS,0.09152340487454946,109.66999969482421,111.12649993896484
2018-09-18,104.1065444946289,109.52999877929688,109.75,108.2300033569336,108.88999938964844,4937800,DIS,0.15544821506632278,109.65599975585937,111.00349998474121
2018-09-19,104.35367584228516,109.79000091552734,110.18000030517578,109.4800033569336,109.62999725341797,5964600,DIS,0.2373798403434435,109.72200012207031,110.87350006103516
2018-09-20,106.09306335449219,111.62000274658203,111.94999694824219,109.94000244140625,110.58000183105469,7121800,DIS,1.6668201255073178,109.91200103759766,110.85750007629395
2018-09-21,104.9334716796875,110.4000015258789,111.9800033569336,110.4000015258789,111.94999694824219,25753600,DIS,-1.09299515381035,110.14000091552734,110.77750015258789
2018-09-24,107.18612670898438,112.7699966430664,113.13999938964844,111.69999694824219,112.2699966430664,9232300,DIS,2.146734677926565,110.8220001220703,110.81949996948242
2018-09-25,108.0035400390625,113.62999725341797,114.70999908447266,112.6500015258789,113.30999755859375,12169400,DIS,0.7626147343726464,111.64199981689453,110.88449974060059
2018-09-26,109.50531005859375,115.20999908447266,116.31999969482422,114.01000213623047,114.01000213623047,11141500,DIS,1.390479511788567,112.72599945068359,111.01599960327148
2018-09-27,110.29419708251953,116.04000091552734,116.5999984741211,115.0999984741211,115.19000244140625,5195300,DIS,0.7204251693866626,113.60999908447266,111.19549980163575
2018-09-28,111.1496353149414,116.94000244140625,117.45999908447266,115.3499984741211,115.6500015258789,7366800,DIS,0.7755959313840988,114.91799926757812,111.44650001525879
2018-10-01,110.48429107666016,116.23999786376953,117.4000015258789,115.68000030517578,117.27999877929688,8643900,DIS,-0.5986014734243428,115.61199951171875,111.65750007629394
2018-10-02,111.83399200439453,117.66000366210938,117.69999694824219,115.30000305175781,115.55000305175781,6441700,DIS,1.2216154718138084,116.41800079345703,111.99800033569336
2018-10-03,111.12112426757812,116.91000366210938,118.0999984741211,116.73999786376953,117.94999694824219,6111700,DIS,-0.6374298628732067,116.75800170898438,112.35000038146973
2018-10-04,110.37974548339844,116.12999725341797,117.16999816894531,115.12000274658203,117.0,6442800,DIS,-0.667185342792187,116.7760009765625,112.6435001373291
2018-10-05,109.09659576416016,114.77999877929688,116.58000183105469,114.7300033569336,116.0,5835700,DIS,-1.162489026134339,116.34400024414063,112.8340000152588
2018-10-08,110.27519226074219,116.0199966430664,116.16000366210938,114.12000274658203,114.83000183105469,5652300,DIS,1.0803257335399108,116.3,113.10099983215332
2018-10-09,111.10211944580078,116.88999938964844,117.7699966430664,116.04000091552734,116.62000274658203,6761400,DIS,0.7498731009780935,116.14599914550782,113.46549987792969
2018-10-10,107.27166748046875,112.86000061035156,117.2300033569336,112.7300033569336,116.83999633789062,9006500,DIS,-3.447684832183995,115.33599853515625,113.63549995422363
2018-10-11,105.6463394165039,111.1500015258789,113.25,110.31999969482422,112.5,10045400,DIS,-1.5151506957512884,114.33999938964844,113.65950012207031
2018-10-12,107.03404235839844,112.61000061035156,113.2699966430664,111.2300033569336,111.97000122070312,5963900,DIS,1.3135394191899463,113.90599975585937,113.82700004577637
2018-10-15,107.82293701171875,113.44000244140625,114.62000274658203,111.88999938964844,111.93000030517578,6628800,DIS,0.7370587217440994,113.39000091552734,114.0310001373291
2018-10-16,110.43679809570312,116.19000244140625,116.37000274658203,113.83999633789062,114.33999633789062,7619000,DIS,2.4241889464172273,113.2500015258789,114.36400032043457
2018-10-17,111.33021545410156,117.12999725341797,117.22000122070312,115.43000030517578,116.0999984741211,7120600,DIS,0.8090152270078033,114.10400085449218,114.7310001373291
2018-10-18,110.4272689819336,116.18000030517578,117.12999725341797,115.58000183105469,116.75,6056300,DIS,-0.8110620426181825,115.11000061035156,114.9590000152588
2018-10-19,113.0125961303711,118.9000015258789,119.16999816894531,117.22000122070312,117.41999816894531,10431000,DIS,2.3411957424327445,116.36800079345703,115.38400001525879
2018-10-22,112.41378784179688,118.2699966430664,119.69000244140625,117.72000122070312,119.05000305175781,8406400,DIS,-0.5298611225630467,117.33399963378906,115.65900001525878
2018-10-23,112.01458740234375,117.8499984741211,118.48999786376953,115.41000366210938,116.94999694824219,8607400,DIS,-0.3551181033790374,117.66599884033204,115.87000007629395
2018-10-24,106.08357238769531,111.61000061035156,117.05999755859375,111.25,117.05999755859375,11630500,DIS,-5.294864611423633,116.56199951171875,115.69000015258788
2018-10-25,108.50728607177734,114.16000366210938,114.69000244140625,112.12000274658203,112.62000274658203,7406900,DIS,2.2847442324279488,116.15800018310547,115.59600028991699
2018-10-26,107.5853271484375,113.19000244140625,114.13999938964844,112.0999984741211,112.83999633789062,7984700,DIS,-0.8496856951530352,115.01600036621093,115.40850028991699
2018-10-29,107.44276428222656,113.04000091552734,114.94000244140625,111.95999908447266,114.44999694824219,9234100,DIS,-0.13252188589407687,113.97000122070312,115.24850044250488
2018-10-30,109.07759094238281,114.76000213623047,114.88999938964844,112.41000366210938,113.38999938964844,7365400,DIS,1.5215863471095048,113.352001953125,115.10350036621094
2018-10-31,109.14411926269531,114.83000183105469,116.5199966430664,114.68000030517578,116.2300033569336,9196700,DIS,0.06099659595781848,113.99600219726562,114.9995002746582
2018-11-01,110.35124206542969,116.0999984741211,116.27999877929688,114.9000015258789,115.19999694824219,6779900,DIS,1.1059798160892642,114.38400115966797,114.99800033569336
2018-11-02,109.4767837524414,115.18000030517578,116.94999694824219,114.37000274658203,116.83000183105469,6377900,DIS,-0.7924187605828248,114.78200073242188,115.0180004119873
2018-11-05,109.7334213256836,115.44999694824219,116.22000122070312,115.12000274658203,115.73999786376953,7920800,DIS,0.23441278203770732,115.26399993896484,114.9895004272461
2018-11-06,110.93102264404297,116.70999908447266,116.83999633789062,115.44999694824219,115.73999786376953,5036600,DIS,1.091383429655135,115.65399932861328,114.98050041198731
2018-11-07,111.25419616699219,117.05000305175781,117.29000091552734,115.16000366210938,116.56999969482422,8249800,DIS,0.2913237682737657,116.0979995727539,115.19000053405762
2018-11-08,110.25617980957031,116.0,117.83000183105469,115.20999908447266,117.44999694824219,11074800,DIS,-0.8970551254864234,116.07799987792968,115.43250045776367
2018-11-09,112.15715026855469,118.0,120.19999694824219,117.18000030517578,118.19999694824219,16878200,DIS,1.724137931034475,116.64199981689453,115.70200042724609
2018-11-12,110.92151641845703,116.69999694824219,118.45999908447266,116.5999984741211,118.0,9170600,DIS,-1.1016975014896735,116.89199981689453,115.8650001525879
2018-11-13,111.06409454345703,116.8499984741211,117.77999877929688,116.18000030517578,117.11000061035156,4650600,DIS,0.1285360152540882,116.91999969482421,115.89799995422364
2018-11-14,111.32072448730469,117.12000274658203,118.22000122070312,116.44000244140625,117.44000244140625,7109100,DIS,0.2310691279304944,116.93399963378906,115.89750022888184
2018-11-15,111.31121826171875,117.11000061035156,117.43000030517578,115.69999694824219,116.48999786376953,7088700,DIS,-0.00854007513312327,117.15599975585937,115.94400024414062
2018-11-16,110.43679809570312,116.19000244140625,117.33999633789062,115.98999786376953,116.52999877929688,7141900,DIS,-0.7855846333792882,116.79400024414062,115.80850028991699
2018-11-19,109.70490264892578,115.41999816894531,117.83000183105469,114.79000091552734,116.0,9714600,DIS,-0.6627112972557581,116.53800048828126,115.66600036621094
2018-11-20,106.33068084716797,111.87000274658203,114.58999633789062,111.5199966430664,113.5199966430664,11194600,DIS,-3.0757195275354254,115.54200134277343,115.36700057983398
2018-11-21,107.43324279785156,113.02999877929688,113.98999786376953,112.30000305175781,112.5,7242500,DIS,1.036914279284118,114.7240005493164,115.43800048828125
2018-11-23,106.53028869628906,112.08000183105469,112.79000091552734,111.73999786376953,112.23999786376953,3242300,DIS,-0.8404821361602921,113.71800079345704,115.33400039672851
2018-11-26,106.97702026367188,112.55000305175781,113.18000030517578,111.91999816894531,113.18000030517578,7002400,DIS,0.4193444084802822,112.99000091552735,115.3020004272461
2018-11-27,108.26017761230469,113.9000015258789,114.0999984741211,112.41000366210938,113.61000061035156,7357500,DIS,1.199465515341025,112.68600158691406,115.34500045776367
2018-11-28,110.35124206542969,116.0999984741211,116.30000305175781,114.05000305175781,114.31999969482422,9039800,DIS,1.9315161710005135,113.53200073242188,115.4120002746582
2018-11-29,110.83599090576172,116.61000061035156,117.13999938964844,115.20999908447266,115.75,10834700,DIS,0.4392783315532611,114.24800109863281,115.50100021362304
2018-11-30,109.77143859863281,115.48999786376953,117.06999969482422,115.05999755859375,116.83999633789062,16857800,DIS,-0.9604688626359659,114.93000030517578,115.47050018310547
2018-12-03,110.0090560913086,115.73999786376953,116.91999816894531,114.91000366210938,116.6500015258789,9273300,DIS,0.21646896235543167,115.56799926757813,115.49850006103516
2018-12-04,107.28117370605469,112.87000274658203,116.29000091552734,112.66000366210938,115.62000274658203,10806700,DIS,-2.479691697044606,115.36199951171875,115.36950035095215
2018-12-06,108.66888427734375,114.33000183105469,114.33999633789062,111.16000366210938,112.05999755859375,10546200,DIS,1.2935226800256938,115.00800018310547,115.25050048828125
2018-12-07,107.26083374023438,111.9800033569336,113.98999786376953,111.61000061035156,113.86000061035156,8305500,DIS,-2.055452144218173,114.08200073242188,114.99700050354004
2018-12-10,107.14588165283203,111.86000061035156,112.29000091552734,109.52999877929688,111.98999786376953,7337500,DIS,-0.10716444274387893,113.35600128173829,114.79000053405761
2018-12-11,107.25125885009766,111.97000122070312,113.72000122070312,111.43000030517578,112.97000122070312,6861800,DIS,0.0983377523255502,112.602001953125,114.48850059509277
2018-12-12,107.48113250732422,112.20999908447266,113.9800033569336,112.1500015258789,113.0,7723900,DIS,0.2143412174270498,112.47000122070312,114.2640007019043
2018-12-13,108.61140441894531,113.38999938964844,113.5999984741211,112.33999633789062,112.87000274658203,6661500,DIS,1.0515999597214831,112.28200073242188,114.09100074768067
2018-12-14,107.4715576171875,112.19999694824219,113.91999816894531,112.05000305175781,112.37000274658203,7601900,DIS,-1.0494774211233349,112.3259994506836,113.84500045776367
2018-12-17,105.9581527709961,110.62000274658203,112.88999938964844,110.02999877929688,112.29000091552734,7731800,DIS,-1.4081945139348018,112.07799987792968,113.5205005645752
2018-12-18,104.83744812011719,109.44999694824219,111.08000183105469,108.9000015258789,110.87000274658203,6682300,DIS,-1.0576801385733026,111.5739990234375,113.18350028991699
2018-12-19,104.61714935302734,109.22000122070312,112.12999725341797,108.94999694824219,110.0,9416900,DIS,-0.21013771946273296,110.97599945068359,112.87350044250488
2018-12-20,102.49070739746094,107.0,109.20999908447266,106.12999725341797,108.75,9387300,DIS,-2.0325958578018333,109.6979995727539,112.63000030517578
2018-12-21,99.8278579711914,104.22000122070312,108.75,103.86000061035156,106.47000122070312,15530600,DIS,-2.5981297002774517,108.1020004272461,112.18950042724609
2018-12-24,96.1209487915039,100.3499984741211,103.9000015258789,100.3499984741211,103.2300033569336,7133000,DIS,-3.713301382895462,106.04799957275391,111.60300025939941
2018-12-26,101.37001037597656,105.83000183105469,105.8499984741211,100.37999725341797,100.48999786376953,9422800,DIS,5.460890324125733,105.32400054931641,111.26700019836426
2018-12-27,102.03093719482422,106.5199966430664,106.55000305175781,102.80000305175781,104.41000366210938,8201400,DIS,0.6519841255537395,104.78399963378907,110.89799995422364
2018-12-28,102.77806091308594,107.30000305175781,108.5199966430664,106.19000244140625,107.27999877929688,7620500,DIS,0.7322628926708541,104.84400024414063,110.45800018310547
2018-12-31,105.02901458740234,109.6500015258789,109.66999816894531,107.55000305175781,109.11000061035156,7241700,DIS,2.190119671280466,105.93000030517578,110.11000022888183
2019-01-02,104.37767791748047,108.97000122070312,109.13999938964844,107.7300033569336,108.0999984741211,9723500,DIS,-0.6201553084477562,107.65400085449218,109.78400039672852
2019-01-03,101.84893035888672,106.33000183105469,108.6500015258789,105.94000244140625,108.4800033569336,10594700,DIS,-2.422684555450727,107.75400085449219,109.31350059509278
2019-01-04,104.99070739746094,109.61000061035156,110.75,107.25,107.94000244140625,10122800,DIS,3.084734997473615,108.37200164794922,109.15050048828125
2019-01-07,105.90067291259766,110.55999755859375,111.4000015258789,109.30000305175781,109.91000366210938,6714700,DIS,0.8667064528347979,109.02400054931641,108.96200027465821
2019-01-08,106.72443389892578,111.41999816894531,112.55999755859375,111.16999816894531,111.80000305175781,8730700,DIS,0.77785874578713,109.37799987792968,108.93400001525879
2019-01-09,107.92174530029297,112.66999816894531,112.80000305175781,111.55999755859375,111.80000305175781,5931900,DIS,1.1218811887832247,110.11799926757813,108.97449989318848
2019-01-10,108.04627990722656,112.80000305175781,112.91000366210938,111.5,111.98999786376953,6160100,DIS,0.11538553734380397,111.41199951171875,109.01599998474121
2019-01-11,107.902587890625,112.6500015258789,112.91999816894531,111.7300033569336,112.18000030517578,4819100,DIS,-0.1329800725360597,112.01999969482422,109.03800010681152
2019-01-14,107.6822738647461,112.41999816894531,112.69999694824219,111.43000030517578,111.6500015258789,6980600,DIS,-0.2041751920267454,112.39199981689453,108.98950004577637
2019-01-15,107.05010223388672,111.76000213623047,113.18000030517578,110.61000061035156,112.30000305175781,9800900,DIS,-0.5870806293049369,112.46000061035156,108.96750030517578
2019-01-16,106.23593139648438,110.91000366210938,112.01000213623047,110.80999755859375,111.44999694824219,5899900,DIS,-0.7605569594433148,112.10800170898438,108.98200035095215
2019-01-17,106.33171081542969,111.01000213623047,111.26000213623047,110.16000366210938,110.72000122070312,6392000,DIS,0.09016181662544476,111.7500015258789,109.06000061035157
2019-01-18,106.36044311523438,111.04000091552734,111.93000030517578,110.83000183105469,111.86000061035156,8554700,DIS,0.027023492225564105,111.4280014038086,109.15100059509277
2019-01-22,105.93899536132812,110.5999984741211,111.33000183105469,109.75,110.62000274658203,6986700,DIS,-0.3962557977111092,111.06400146484376,109.33100051879883
2019-01-23,106.43707275390625,111.12000274658203,111.83999633789062,110.0,111.19000244140625,6845600,DIS,0.47016661811492,110.93600158691406,109.67600059509277
2019-01-24,105.89110565185547,110.55000305175781,111.11000061035156,109.93000030517578,111.0,6716800,DIS,-0.5129586759677673,110.86400146484375,110.18600082397461
2019-01-25,106.40833282470703,111.08999633789062,111.5,110.66000366210938,111.47000122070312,5706900,DIS,0.48846067048953223,110.88000030517578,110.44900054931641
2019-01-28,106.14014434814453,110.80999755859375,110.98999786376953,109.94999694824219,110.76000213623047,6178800,DIS,-0.252046798566119,110.83399963378906,110.66350059509277
2019-01-29,106.22634887695312,110.9000015258789,110.93000030517578,110.0,110.6500015258789,5253700,DIS,0.08122368853726858,110.89400024414063,110.84350051879883
2019-01-30,105.48878479003906,110.12999725341797,110.58000183105469,108.95999908447266,110.30000305175781,7853800,DIS,-0.6943230494737662,110.69599914550781,110.86750030517578
2019-01-31,106.82020568847656,111.5199966430664,111.54000091552734,110.01000213623047,110.0999984741211,8351600,DIS,1.262144215303973,110.88999786376954,110.99500007629395
2019-02-01,106.60948181152344,111.30000305175781,112.05000305175781,110.93000030517578,111.97000122070312,6557700,DIS,-0.1972682908274348,110.93199920654297,111.24350013732911
2019-02-04,107.08840942382812,111.80000305175781,111.9800033569336,110.68000030517578,111.41000366210938,7037000,DIS,0.4492362859751964,111.13000030517578,111.35300025939941
2019-02-05,107.91217803955078,112.66000366210938,112.73999786376953,111.44999694824219,112.0199966430664,13619800,DIS,0.7692312941650181,111.48200073242188,111.4580005645752
2019-02-06,106.71485900878906,111.41000366210938,113.91999816894531,111.06999969482422,113.8499984741211,14229000,DIS,-1.1095330724016361,111.73800201416016,111.4575008392334
2019-02-07,106.27423858642578,110.94999694824219,111.11000061035156,109.80999755859375,111.05000305175781,8658100,DIS,-0.4128953404061608,111.6240020751953,111.37150077819824
2019-02-08,106.81063842773438,111.51000213623047,111.54000091552734,110.05999755859375,110.45999908447266,6395500,DIS,0.5047365510514767,111.66600189208984,111.30700073242187
2019-02-11,104.827880859375,109.44000244140625,111.80999755859375,109.25,111.7699966430664,11086400,DIS,-1.856335445402757,111.19400177001953,111.14650077819825
2019-02-12,104.59799194335938,109.19999694824219,110.83000183105469,109.1500015258789,110.20999908447266,7610200,DIS,-0.21930326006028844,110.50200042724609,110.98550071716309
2019-02-13,105.55583190917969,110.19999694824219,110.4800033569336,109.2300033569336,109.23999786376953,6919700,DIS,0.9157509413429521,110.25999908447265,110.90750045776367
2019-02-14,105.99645233154297,110.66000366210938,111.5,109.54000091552734,109.8499984741211,6324300,DIS,0.4174289715118906,110.20200042724609,110.89500045776367
2019-02-15,107.8451156616211,112.58999633789062,112.62999725341797,111.02999877929688,111.4000015258789,8197300,DIS,1.7440742923471309,110.41799926757812,110.97400016784668
2019-02-19,108.72635650634766,113.51000213623047,113.7699966430664,112.83000183105469,112.91000366210938,8169600,DIS,0.8171292550528619,111.23199920654297,111.09750022888184
2019-02-20,108.88917541503906,113.68000030517578,114.08999633789062,113.29000091552734,113.5999984741211,7081500,DIS,0.1497649244524668,112.12799987792968,111.25150032043457
2019-02-21,109.47348022460938,114.29000091552734,114.54000091552734,112.87000274658203,113.4000015258789,9480100,DIS,0.5365944833866987,112.94600067138671,111.41000022888184
2019-02-22,110.39302825927734,115.25,115.7699966430664,113.94999694824219,114.62999725341797,8734700,DIS,0.8399676933962041,113.86399993896484,111.64500007629394
2019-02-25,108.80298614501953,113.58999633789062,115.80000305175781,113.45999908447266,115.62000274658203,9327700,DIS,-1.4403502491187603,114.06399993896484,111.77000007629394
2019-02-26,108.71678161621094,113.5,114.01000213623047,112.8499984741211,113.6500015258789,8956000,DIS,-0.0792291053720251,114.06199951171875,111.90450019836426
2019-02-27,108.0271224975586,112.77999877929688,113.51000213623047,112.45999908447266,113.0999984741211,7249500,DIS,-0.6343623089895334,113.88199920654297,111.99850006103516
2019-02-28,108.08458709716797,112.83999633789062,113.43000030517578,112.75,112.9000015258789,6716700,DIS,0.05319875797407114,113.59199829101563,112.13400001525879
2019-03-01,109.20529174804688,114.01000213623047,114.44000244140625,113.44999694824219,113.44999694824219,6996900,DIS,1.036871531647665,113.34399871826172,112.258500289917
2019-03-04,109.51180267333984,114.33000183105469,114.41999816894531,113.08999633789062,114.41999816894531,6015000,DIS,0.28067686065109676,113.49199981689453,112.41000022888184
2019-03-05,109.19569396972656,114.0,114.54000091552734,113.76000213623047,114.2300033569336,5225100,DIS,-0.28863974964535855,113.59199981689453,112.52000007629394
2019-03-06,110.00988006591797,114.8499984741211,115.05000305175781,114.0,114.0,7352800,DIS,0.745612696597453,114.00599975585938,112.62949981689454
2019-03-07,109.20529174804688,114.01000213623047,114.9000015258789,113.47000122070312,114.8499984741211,6324000,DIS,-0.7313855890732968,114.24000091552735,112.75949974060059
2019-03-08,109.0136947631836,113.80999755859375,113.83999633789062,112.9000015258789,113.45999908447266,6549100,DIS,-0.17542722032206637,114.2,112.90249977111816
2019-03-11,109.91410064697266,114.75,115.0,114.02999877929688,114.04000091552734,6952700,DIS,0.8259401296641711,114.28399963378907,113.06449966430664
2019-03-12,109.89494323730469,114.7300033569336,115.30000305175781,114.04000091552734,114.72000122070312,9920300,DIS,-0.01742626846745754,114.43000030517578,113.32899971008301
2019-03-13,109.28190612792969,114.08999633789062,114.8499984741211,113.72000122070312,114.83999633789062,17994500,DIS,-0.5578375318719853,114.27799987792969,113.57349967956543
2019-03-14,109.65547180175781,114.4800033569336,114.7699966430664,113.93000030517578,114.12000274658203,17409600,DIS,0.34184155628151913,114.37200012207032,113.7875
2019-03-15,110.11524963378906,114.95999908447266,115.4800033569336,113.68000030517578,114.5,14932700,DIS,0.4192834673864443,114.6020004272461,114.00249977111817
2019-03-18,108.35279083251953,113.12000274658203,114.0,112.45999908447266,113.02999877929688,21769800,DIS,-1.6005535425749229,114.2760009765625,114.02900009155273
2019-03-19,105.36427307128906,110.0,113.70999908447266,109.80000305175781,112.94999694824219,45384400,DIS,-2.7581353172096756,113.33000030517579,113.8534999847412
2019-03-20,105.35469055175781,109.98999786376953,110.87999725341797,108.05000305175781,110.30999755859375,35588700,DIS,-0.009092851118608358,112.51000061035157,113.6689998626709
2019-03-21,104.08075714111328,108.66000366210938,110.1500015258789,108.37000274658203,110.0999984741211,27438900,DIS,-1.2091955882274408,111.34600067138672,113.3875
2019-03-22,103.66886138916016,108.2300033569336,109.0,107.51000213623047,108.33000183105469,24133800,DIS,-0.3957300668909536,110.0000015258789,113.03650016784668
2019-03-25,103.24740600585938,107.79000091552734,109.06999969482422,107.31999969482422,108.48999786376953,18187500,DIS,-0.40654386746635796,108.93400115966797,112.74650039672852
2019-03-26,105.49838256835938,110.13999938964844,110.33999633789062,108.2699966430664,108.4000015258789,16693100,DIS,2.1801637017915487,108.96200103759766,112.57850036621093
2019-03-27,105.63247680664062,110.27999877929688,111.08999633789062,109.7300033569336,110.44999694824219,10794800,DIS,0.12711039624502263,109.02000122070312,112.45350036621093
2019-03-28,106.04434967041016,110.70999908447266,111.2699966430664,110.23999786376953,110.5999984741211,11748900,DIS,0.3899168570325573,109.43000030517578,112.34700050354004
2019-03-29,106.35086059570312,111.02999877929688,111.5999984741211,110.38999938964844,111.55999755859375,16358800,DIS,0.2890431735800725,109.98999938964843,112.19800033569337
2019-04-01,107.76849365234375,112.51000213623047,112.87000274658203,111.37999725341797,111.58999633789062,10785100,DIS,1.3329761084439173,110.93399963378906,112.10700035095215
2019-04-02,107.2416763305664,111.95999908447266,113.30999755859375,111.91999816894531,113.1500015258789,9231800,DIS,-0.4888481391119859,111.29799957275391,112.00500030517578
2019-04-03,107.77806091308594,112.5199966430664,113.11000061035156,112.20999908447266,112.69999694824219,10534900,DIS,0.5001764587111435,111.74599914550781,111.88850021362305
2019-04-04,109.91410064697266,114.75,114.86000061035156,113.02999877929688,113.23999786376953,14378400,DIS,1.98187293233536,112.55399932861329,111.92550010681153
2019-04-05,110.15355682373047,115.0,115.12999725341797,114.30999755859375,114.97000122070312,10907900,DIS,0.2178649237472685,113.3479995727539,111.98500022888183
2019-04-08,110.11524963378906,114.95999908447266,115.83000183105469,114.63999938964844,115.0,11054200,DIS,-0.0347834048063822,113.83799896240234,111.99550018310546
2019-04-09,111.93516540527344,116.86000061035156,117.16000366210938,115.27999877929688,115.61000061035156,17340300,DIS,1.652750122660307,114.81799926757813,112.10200004577636
2019-04-10,112.22254180908203,117.16000366210938,118.02999877929688,116.27999877929688,117.58000183105469,14091100,DIS,0.2567200497954003,115.74600067138672,112.2555004119873
2019-04-11,111.6861343383789,116.5999984741211,117.86000061035156,116.31999969482422,117.7300033569336,12784500,DIS,-0.4779832455479749,116.11600036621094,112.36150016784669
2019-04-12,124.57888793945312,130.05999755859375,130.89999389648438,126.36000061035156,127.91000366210938,65253500,DIS,11.543738645468382,119.12799987792968,113.11650009155274
2019-04-15,126.47543334960938,132.0399932861328,132.6999969482422,129.7899932861328,131.0500030517578,32773700,DIS,1.5223710323745365,122.54399871826172,114.06249961853027
2019-04-16,124.42561340332031,129.89999389648438,132.1300048828125,129.55999755859375,131.75,14564300,DIS,-1.6207206137999641,125.15199737548828,115.0574993133545
2019-04-17,126.19764709472656,131.75,132.36000061035156,129.27999877929688,129.80999755859375,14253700,DIS,1.424177205881838,128.06999664306642,116.14549942016602
2019-04-18,126.86814880371094,132.4499969482422,132.8699951171875,131.11000061035156,131.77000427246094,11890600,DIS,0.5313069815880089,131.23999633789063,117.33499908447266
2019-04-22,126.13060760498047,131.67999267578125,132.1999969482422,131.02999877929688,131.89999389648438,10197500,DIS,-0.5813546924895996,131.56399536132812,118.50749855041504
2019-04-23,127.73979187011719,133.36000061035156,134.24000549316406,132.64999389648438,133.38999938964844,12159300,DIS,1.2758262667182718,131.82799682617187,119.78599853515625
2019-04-24,129.406494140625,135.10000610351562,135.75,132.72000122070312,133.11000061035156,11449500,DIS,1.3047431652673636,132.8679992675781,121.03399887084962
2019-04-25,131.456298828125,137.24000549316406,138.8800048828125,134.83999633789062,135.36000061035156,16382500,DIS,1.5840113197394867,133.96600036621095,122.38199920654297
2019-04-26,134.02334594726562,139.9199981689453,140.0399932861328,137.50999450683594,138.6999969482422,14167600,DIS,1.9527780301019648,135.46000061035156,123.84249916076661
2019-04-29,133.42950439453125,139.3000030517578,142.3699951171875,137.61000061035156,142.19000244140625,25746100,DIS,-0.44310686485208306,136.98400268554687,125.25599937438965
2019-04-30,131.19769287109375,136.97000122070312,139.38999938964844,136.02999877929688,139.1199951171875,15253100,DIS,-1.6726502369055707,137.70600280761718,126.47899932861328
2019-05-01,130.63253784179688,136.3800048828125,138.1699981689453,136.24000549316406,137.49000549316406,8906700,DIS,-0.43074858190293996,137.96200256347657,127.69999961853027
2019-05-02,128.4869384765625,134.13999938964844,135.69000244140625,132.3800048828125,135.3800048828125,16580400,DIS,-1.6424735393497314,137.34200134277344,128.78099975585937
2019-05-03,128.66893005371094,134.3300018310547,135.30999755859375,133.77999877929688,135.22000122070312,8874400,DIS,0.14164488017800458,136.2240020751953,129.7599998474121
2019-05-06,129.31068420410156,135.0,135.3300018310547,132.3000030517578,132.5399932861328,9955600,DIS,0.4987703117788733,135.36400146484374,130.7599998474121
2019-05-07,127.81645202636719,133.44000244140625,135.97000122070312,132.75999450683594,135.35000610351562,10972700,DIS,-1.1555537471064858,134.6580017089844,131.6840000152588
2019-05-08,129.30111694335938,134.99000549316406,135.6999969482422,133.30999755859375,133.5,15423500,DIS,1.161573009142014,134.3800018310547,132.59050025939942
2019-05-09,127.96011352539062,133.58999633789062,136.47999572753906,132.83999633789062,135.02999877929688,15297100,DIS,-1.0371206002686928,134.27000122070314,133.41199989318847
2019-05-10,128.3911590576172,134.0399932861328,134.32000732421875,131.22999572753906,133.00999450683594,9858500,DIS,0.33684928555877125,134.21199951171874,134.28399963378905
2019-05-13,125.80493927001953,131.33999633789062,132.66000366210938,130.5500030517578,131.5,11389900,DIS,-2.0143219065063334,133.47999877929686,134.3479995727539
2019-05-14,127.58654022216797,133.1999969482422,134.66000366210938,132.0500030517578,133.52000427246094,12001700,DIS,1.4161722721283132,133.43199768066407,134.40599975585937
2019-05-15,129.00418090820312,134.67999267578125,135.2100067138672,132.0399932861328,132.5500030517578,9734100,DIS,1.1111079290145431,133.3699951171875,134.6449996948242
2019-05-16,129.78964233398438,135.5,136.39999389648438,134.80999755859375,135.2899932861328,9689400,DIS,0.6088560801995158,133.7519958496094,134.8324996948242
2019-05-17,129.34901428222656,135.0399932861328,135.97999572753906,134.02999877929688,134.25999450683594,8964200,DIS,-0.3394883497174761,133.95199584960938,134.96199951171874
2019-05-20,128.26663208007812,133.91000366210938,134.39999389648438,133.25,134.25,8009000,DIS,-0.8367814574969157,134.46599731445312,135.07350006103516
2019-05-21,128.43905639648438,134.08999633789062,134.57000732421875,133.11000061035156,134.57000732421875,7050300,DIS,0.13441316620035337,134.6439971923828,135.1099998474121
2019-05-22,128.20913696289062,133.85000610351562,134.1699981689453,133.38999938964844,133.82000732421875,5093700,DIS,-0.17897698629975034,134.47799987792968,135.0474998474121
2019-05-23,127.1363525390625,132.72999572753906,133.5500030517578,131.9499969482422,132.7100067138672,6743300,DIS,-0.8367652782252266,133.9239990234375,134.82199935913087
2019-05-24,127.19383239746094,132.7899932861328,133.2899932861328,132.22000122070312,133.10000610351562,4570100,DIS,0.04520271266859055,133.4739990234375,134.46549911499022
2019-05-28,127.03099060058594,132.6199951171875,134.0399932861328,132.58999633789062,133.2100067138672,8938400,DIS,-0.1280203159427895,133.21599731445312,134.13149871826172
2019-05-29,126.02523803710938,131.57000732421875,132.14999389648438,130.77999877929688,131.9600067138672,7749600,DIS,-0.7917266110897825,132.71199951171874,133.8614990234375
2019-05-30,126.62867736816406,132.1999969482422,132.67999267578125,131.33999633789062,131.8800048828125,5274000,DIS,0.47882464768052024,132.38199768066406,133.652498626709
2019-05-31,126.47543334960938,132.0399932861328,132.92999267578125,130.77999877929688,130.9600067138672,7420700,DIS,-0.12103151724883743,132.2439971923828,133.5474983215332
2019-06-03,126.88732147216797,132.47000122070312,132.9499969482422,131.49000549316406,132.02000427246094,7901400,DIS,0.32566491702137323,132.17999877929688,133.45449829101562
2019-06-04,129.1383056640625,134.82000732421875,134.8800048828125,132.9199981689453,133.4499969482422,8247500,DIS,1.7739911541182707,132.62000122070313,133.44549865722655
2019-06-05,130.2110595703125,135.94000244140625,136.0,134.94000244140625,135.41000366210938,6842800,DIS,0.8307336124779408,133.49400024414064,133.57049865722655
2019-06-06,131.4275665283203,137.2100067138672,137.44000244140625,135.72999572753906,136.50999450683594,6027300,DIS,0.9342388183407158,134.49600219726562,133.6814987182617
2019-06-07,132.22256469726562,138.0399932861328,138.75999450683594,137.3300018310547,137.60000610351562,7026300,DIS,0.6049023625488648,135.6960021972656,133.90399856567382
2019-06-10,131.29348754882812,137.07000732421875,138.8800048828125,136.07000732421875,138.8800048828125,8479500,DIS,-0.7026847356500832,136.61600341796876,134.0554992675781
2019-06-11,129.38734436035156,135.0800018310547,137.75,134.94000244140625,137.58999633789062,6352200,DIS,-1.451816872276812,136.66800231933593,134.24249954223632
2019-06-12,130.0003662109375,135.72000122070312,136.27999877929688,134.82000732421875,135.08999633789062,5537000,DIS,0.47379284940261,136.6240020751953,134.36849975585938
2019-06-13,135.7666473388672,141.74000549316406,141.85000610351562,137.61000061035156,137.9499969482422,17939500,DIS,4.4356058195662795,137.53000183105468,134.72150039672852
2019-06-14,135.68043518066406,141.64999389648438,142.9499969482422,140.52999877929688,142.0500030517578,11125200,DIS,-0.06350472216118952,138.252001953125,135.02900009155275
2019-06-17,135.02908325195312,140.97000122070312,141.47999572753906,139.11000061035156,140.80999755859375,8542700,DIS,-0.480051327272335,139.03200073242186,135.32550048828125
2019-06-18,133.3720245361328,139.24000549316406,143.50999450683594,138.97000122070312,141.99000549316406,11231400,DIS,-1.2272084220461776,139.86400146484374,135.59200057983398
2019-06-19,134.98118591308594,140.9199981689453,141.07000732421875,138.5800018310547,139.50999450683594,6877100,DIS,1.206544534260101,140.90400085449218,135.93350067138672
2019-06-20,136.0348663330078,142.02000427246094,142.22999572753906,139.91000366210938,141.97999572753906,8485800,DIS,0.7805890702587526,140.96000061035156,136.34200057983398
2019-06-21,134.32029724121094,140.22999572753906,142.0,140.0,141.9499969482422,14150000,DIS,-1.2603918399324954,140.6760009765625,136.71700057983398
2019-06-24,133.35284423828125,139.22000122070312,140.47000122070312,137.8000030517578,140.1199951171875,10497400,DIS,-0.7202414159651838,140.3260009765625,137.0385009765625
2019-06-25,134.04251098632812,139.94000244140625,140.41000366210938,138.6699981689453,139.02000427246094,14675400,DIS,0.5171679459776257,140.46600036621095,137.40450134277344
2019-06-26,134.4831085205078,140.39999389648438,140.74000549316406,139.50999450683594,140.36000061035156,8842100,DIS,0.32870619340650276,140.36199951171875,137.84600067138672
2019-06-27,133.42950439453125,139.3000030517578,141.74000549316406,138.9199981689453,141.0,6466300,DIS,-0.783469296684991,139.81799926757813,138.2010009765625
2019-06-28,133.75515747070312,139.63999938964844,140.2100067138672,138.61000061035156,139.41000366210938,20078800,DIS,0.24407489622544354,139.7,138.58100128173828
2019-07-01,135.68043518066406,141.64999389648438,141.9499969482422,139.22000122070312,140.4499969482422,8972400,DIS,1.4394117127050965,140.18599853515624,139.04000091552734
2019-07-02,136.5233612060547,142.52999877929688,142.86000061035156,141.27000427246094,141.39999389648438,7554100,DIS,0.6212530326373367,140.70399780273436,139.42550048828124
2019-07-03,136.9543914794922,142.97999572753906,143.0,142.0,142.6999969482422,4150900,DIS,0.31572086725335513,141.21999816894532,139.7775001525879
2019-07-05,137.29171752929688,142.4499969482422,142.88999938964844,140.6999969482422,141.4199981689453,5596000,DIS,-0.3706803714743634,141.8499969482422,140.03949966430665
2019-07-08,135.9134979248047,141.02000427246094,142.22999572753906,140.97000122070312,142.17999267578125,4993900,DIS,-1.003855883760263,142.1259979248047,140.18850021362306
2019-07-09,136.4821319580078,141.61000061035156,141.72000122070312,139.75,140.05999755859375,7396300,DIS,0.4183777620306417,142.1179992675781,140.41549987792968
2019-07-10,138.34225463867188,143.5399932861328,144.25,142.00999450683594,142.39999389648438,9533700,DIS,1.3628929224368314,142.31999816894532,140.8384994506836
2019-07-11,138.36154174804688,143.55999755859375,145.33999633789062,143.5399932861328,144.00999450683594,10471100,DIS,0.01393637550273219,142.43599853515624,141.23049926757812
2019-07-12,139.63372802734375,144.8800048828125,145.42999267578125,144.0,144.14999389648438,8510000,DIS,0.919481294697011,142.9220001220703,141.38749923706055
2019-07-15,139.80723571777344,145.05999755859375,145.36000061035156,143.97000122070312,145.1300048828125,5289200,DIS,0.12423569141017943,143.72999877929686,141.55799942016603
2019-07-16,139.07472229003906,144.3000030517578,144.99000549316406,143.80999755859375,144.75,5854700,DIS,-0.5239173580772749,144.26799926757812,141.72449951171876
2019-07-17,137.40737915039062,142.57000732421875,144.67999267578125,142.3699951171875,144.60000610351562,5296400,DIS,-1.1988882127178746,144.07400207519532,141.8909996032715
2019-07-18,136.50143432617188,141.6300048828125,142.4600067138672,140.1699981689453,142.4600067138672,8031700,DIS,-0.6593269222948006,143.68800354003906,141.92649993896484
2019-07-19,134.78587341308594,139.85000610351562,142.24000549316406,139.74000549316406,142.24000549316406,6109900,DIS,-1.256794971354891,142.6820037841797,141.81800003051757
2019-07-22,135.74002075195312,140.83999633789062,141.44000244140625,140.00999450683594,141.25,7706400,DIS,0.7078943090229162,141.83800354003907,141.84850006103517
2019-07-23,136.1448211669922,141.25999450683594,142.5399932861328,140.27000427246094,141.64999389648438,7514500,DIS,0.29820944324485676,141.2300018310547,141.95049972534179
2019-07-24,136.17373657226562,141.2899932861328,141.58999633789062,140.39999389648438,141.39999389648438,5896600,DIS,0.021236571190308418,140.9739990234375,142.01799926757812
2019-07-25,138.02420043945312,143.2100067138672,143.22999572753906,141.0399932861328,141.39999389648438,7294400,DIS,1.358916780359709,141.28999938964844,142.15849990844725
2019-07-26,139.41207885742188,144.64999389648438,145.19000244140625,143.0500030517578,143.74000549316406,8139400,DIS,1.0055073773540757,142.2499969482422,142.4259994506836
2019-07-29,141.0890655517578,146.38999938964844,147.14999389648438,145.1699981689453,145.58999633789062,11674100,DIS,1.2029074086302938,143.35999755859376,142.76349945068358
2019-07-30,139.68190002441406,144.92999267578125,146.8000030517578,144.61000061035156,145.75999450683594,6563100,DIS,-0.9973404740449943,144.0939971923828,142.92749938964843
2019-07-31,137.83145141601562,143.00999450683594,145.0,142.33999633789062,144.99000549316406,9710700,DIS,-1.3247762823258347,144.43799743652343,142.95149917602538
2019-08-01,136.7134552001953,141.85000610351562,144.52999877929688,141.25999450683594,143.33999633789062,8911700,DIS,-0.8111240108220952,144.16599731445314,142.8949996948242
2019-08-02,136.5785369873047,141.7100067138672,142.22000122070312,139.94000244140625,140.99000549316406,6539100,DIS,-0.09869537090204661,143.5779998779297,142.85800018310547
2019-08-05,133.29200744628906,138.3000030517578,140.22999572753906,137.02999877929688,139.13999938964844,10669700,DIS,-2.4063252420802317,141.96000061035156,142.7220001220703
2019-08-06,136.73272705078125,141.8699951171875,141.9499969482422,138.3699951171875,140.41000366210938,18818900,DIS,2.581339108209302,141.3480010986328,142.7349998474121
2019-08-07,129.97657775878906,134.86000061035156,135.8699951171875,132.25999450683594,134.92999267578125,29084500,DIS,-4.941139598295985,139.71800231933594,142.30100021362304
2019-08-08,132.89686584472656,137.88999938964844,138.0,136.00999450683594,137.89999389648438,14054800,DIS,2.2467735174133585,138.9260009765625,142.0175003051758
2019-08-09,133.50404357910156,138.52000427246094,139.24000549316406,136.75999450683594,137.10000610351562,8811900,DIS,0.45688946667714614,138.28800048828126,141.6995002746582
2019-08-12,130.83432006835938,135.75,137.57000732421875,135.22999572753906,137.30999755859375,7918900,DIS,-1.9997142557204195,137.7779998779297,141.2340003967285
2019-08-13,132.0487060546875,137.00999450683594,137.9199981689453,135.0,135.0,8145400,DIS,0.9281727490504155,136.80599975585938,140.86949996948243
2019-08-14,128.0393524169922,132.85000610351562,135.14999389648438,132.67999267578125,135.05999755859375,11797700,DIS,-3.036266382094299,136.40400085449218,140.38349990844728
2019-08-15,128.5791015625,133.41000366210938,134.27999877929688,132.47000122070312,133.5,7590100,DIS,0.4215261820593508,135.50800170898438,139.9724998474121
2019-08-16,130.3042449951172,135.1999969482422,135.5,133.8300018310547,134.02000427246094,6353800,DIS,1.3417234367719244,134.84400024414063,139.73999938964843
2019-08-19,130.39100646972656,135.2899932861328,137.6199951171875,134.27999877929688,136.7899932861328,11741800,DIS,0.0665653401790145,134.7519989013672,139.46249923706054
2019-08-20,130.23680114746094,135.1300048828125,136.0399932861328,133.25999450683594,133.3300018310547,8628000,DIS,-0.11825590306737688,134.3760009765625,139.15599975585937
2019-08-21,130.84397888183594,135.75999450683594,136.05999755859375,134.0500030517578,134.61000061035156,6325000,DIS,0.4662100209126496,134.95799865722657,138.87949981689454
2019-08-22,131.15237426757812,136.0800018310547,136.6699981689453,134.69000244140625,136.1999969482422,6967100,DIS,0.23571548111886997,135.49199829101562,138.52299957275392
2019-08-23,126.90208435058594,131.6699981689453,136.44000244140625,131.02000427246094,135.50999450683594,10190900,DIS,-3.240743388278655,134.78599853515624,137.87399978637694
2019-08-26,129.7356414794922,134.61000061035156,134.63999938964844,132.5500030517578,134.19000244140625,8093800,DIS,2.232856749670442,134.65,137.2849998474121
2019-08-27,129.61996459960938,134.49000549316406,135.99000549316406,134.19000244140625,135.77000427246094,6013600,DIS,-0.08914279521834434,134.52200012207032,136.76300048828125
2019-08-28,131.60536193847656,136.5500030517578,136.72999572753906,133.52000427246094,134.05999755859375,5950500,DIS,1.5317105171049006,134.68000183105468,136.44000091552735
2019-08-29,132.84864807128906,137.83999633789062,138.67999267578125,137.4199981689453,138.1199951171875,6532700,DIS,0.9447039599434159,135.03200073242186,136.2395004272461
2019-08-30,132.28965759277344,137.25999450683594,138.5,136.75999450683594,138.2899932861328,5622200,DIS,-0.420779052861342,136.15,136.01699981689453
2019-09-03,131.37405395507812,136.30999755859375,136.4199981689453,135.05999755859375,136.3699951171875,5997400,DIS,-0.6921149542920002,136.48999938964843,135.91749954223633
2019-09-04,132.89686584472656,137.88999938964844,138.1999969482422,136.38999938964844,136.74000549316406,4285400,DIS,1.1591239522805497,137.1699981689453,135.71849975585937
2019-09-05,133.81243896484375,138.83999633789062,139.27000427246094,138.32000732421875,138.9199981689453,5143500,DIS,0.6889527539685414,137.62799682617188,135.91749954223633
2019-09-06,134.4967498779297,139.5500030517578,139.80999755859375,138.25,139.1300048828125,4090000,DIS,0.5113848549370914,137.96999816894532,136.0004997253418
2019-09-09,133.8028106689453,138.8300018310547,140.0800018310547,138.47999572753906,139.5800018310547,5458700,DIS,-0.5159449695146812,138.28399963378905,136.0159996032715
2019-09-10,130.87289428710938,135.7899932861328,138.44000244140625,134.5800018310547,138.1199951171875,10974600,DIS,-2.189734570933255,138.17999877929688,136.01799926757812
2019-09-11,131.25840759277344,136.19000244140625,136.24000549316406,134.92999267578125,135.55999755859375,7896400,DIS,0.29457925845135513,137.83999938964843,135.97699966430665
2019-09-12,132.52096557617188,137.5,138.6699981689453,136.5399932861328,136.83999633789062,7333900,DIS,0.9618896652545006,137.5720001220703,136.20949935913086
2019-09-13,133.0221405029297,138.02000427246094,138.22000122070312,137.11000061035156,137.85000610351562,5209100,DIS,0.37818492542613935,137.26600036621093,136.43999938964845
2019-09-16,130.88253784179688,135.8000030517578,137.24000549316406,135.3000030517578,136.2899932861328,6329300,DIS,-1.6084633763093437,136.66000061035157,136.46999969482422
2019-09-17,131.37405395507812,136.30999755859375,136.72999572753906,135.6699981689453,135.8000030517578,4726500,DIS,0.3755482292894907,136.76400146484374,136.52099990844727
2019-09-18,131.84632873535156,136.8000030517578,137.07000732421875,135.72000122070312,136.41000366210938,6857900,DIS,0.3594787630697649,136.88600158691406,136.60449981689453
2019-09-19,128.47303771972656,133.3000030517578,137.36000061035156,133.0,137.0,12216100,DIS,-2.5584794750887485,136.04600219726564,136.48150024414062
2019-09-20,127.48035430908203,132.27000427246094,133.22999572753906,131.61000061035156,133.02999877929688,25231600,DIS,-0.7726922398470948,134.89600219726563,136.29100036621094
2019-09-23,127.66348266601562,132.4600067138672,132.88999938964844,131.88999938964844,131.99000549316406,6096100,DIS,0.14364741458303687,134.2280029296875,136.33050079345702
2019-09-24,127.19121551513672,131.97000122070312,134.14999389648438,131.5,134.00999450683594,11904000,DIS,-0.36992712390733207,133.36000366210936,136.1985008239746
2019-09-25,128.27066040039062,133.08999633789062,133.4199981689453,131.22000122070312,131.7899932861328,6523000,DIS,0.8486740219956879,132.61800231933594,136.12850036621094
2019-09-26,126.51656341552734,131.27000427246094,133.3000030517578,129.05999755859375,133.13999938964844,11615100,DIS,-1.3674897554351584,132.21200256347657,135.8645004272461
2019-09-27,125.2540054321289,129.9600067138672,131.0,128.9199981689453,130.10000610351562,8401300,DIS,-0.9979412782487262,131.7500030517578,135.47050094604492
2019-09-30,125.60098266601562,130.32000732421875,130.86000061035156,129.82000732421875,130.35000610351562,5532500,DIS,0.2770087655844522,131.32200317382814,135.12350158691407
2019-10-01,124.85885620117188,129.5500030517578,131.77999877929688,129.50999450683594,130.8000030517578,5978500,DIS,-0.5908565294546642,130.83800354003907,134.78550186157227
2019-10-02,124.46370697021484,129.13999938964844,129.22000122070312,127.56999969482422,128.50999450683594,8296100,DIS,-0.31648294284143397,130.04800415039062,134.34800186157227
2019-10-03,123.50953674316406,128.14999389648438,129.42999267578125,127.54000091552734,128.60000610351562,8498700,DIS,-0.7666141380231584,129.42400207519532,133.81350173950196
2019-10-04,125.55277252197266,130.27000427246094,130.44000244140625,128.61000061035156,128.69000244140625,6732900,DIS,1.6543195294172586,129.48600158691406,133.3495018005371
2019-10-07,126.15995025634766,130.89999389648438,131.57000732421875,129.0399932861328,130.27000427246094,5784100,DIS,0.48360298100997845,129.60199890136718,132.9530014038086
2019-10-08,123.81794738769531,128.47000122070312,130.0399932861328,128.3699951171875,129.89999389648438,6526000,DIS,-1.8563734064822701,129.38599853515626,132.5870018005371
2019-10-09,124.64682006835938,129.3300018310547,129.85000610351562,128.05999755859375,129.10000610351562,5004600,DIS,0.6694174532419828,129.4239990234375,132.24400177001954
2019-10-10,124.65644073486328,129.33999633789062,130.13999938964844,128.8800048828125,129.22000122070312,4512000,DIS,0.007727910534627291,129.66199951171876,131.83600158691405
2019-10-11,125.31181335449219,130.02000427246094,130.99000549316406,129.83999633789062,130.3000030517578,6559000,DIS,0.5257522451089569,129.61199951171875,131.43600158691407
2019-10-14,125.00342559814453,129.6999969482422,130.3000030517578,129.47999572753906,130.1300048828125,3710300,DIS,-0.2461216072168093,129.37200012207032,131.1310012817383
2019-10-15,125.06124877929688,129.75999450683594,130.88999938964844,129.39999389648438,130.00999450683594,5914700,DIS,0.04625872012755661,129.62999877929687,130.8035011291504
2019-10-16,126.12142181396484,130.86000061035156,131.8300018310547,129.6999969482422,129.75999450683594,7610800,DIS,0.8477236051807058,129.93599853515624,130.5065010070801
2019-10-17,127.57672882080078,132.3699951171875,133.44000244140625,130.50999450683594,132.52999877929688,8005100,DIS,1.1539007334503193,130.54199829101563,130.46000061035156
2019-10-18,126.15032196044922,130.88999938964844,133.16000366210938,130.88999938964844,132.3699951171875,8694000,DIS,-1.1180749279538937,130.71599731445312,130.39100036621093
2019-10-21,125.54313659667969,130.25999450683594,131.72999572753906,130.02000427246094,131.44000244140625,6257100,DIS,-0.48132392524277146,130.82799682617187,130.28099975585937
2019-10-22,127.60565185546875,132.39999389648438,133.67999267578125,132.10000610351562,133.14999389648438,9291600,DIS,1.642867710650897,131.35599670410156,130.30249938964843
2019-10-23,126.38163757324219,131.1300048828125,132.67999267578125,130.75999450683594,132.4499969482422,5970800,DIS,-0.95920624789817,131.40999755859374,130.20449981689453
2019-10-24,125.54313659667969,130.25999450683594,131.6999969482422,129.6300048828125,131.52000427246094,5746300,DIS,-0.6634716263101414,130.98799743652344,130.15399932861328
2019-10-25,126.15995025634766,130.89999389648438,131.75999450683594,130.02999877929688,130.5,6696000,DIS,0.4913245943787059,130.98999633789063,130.20099868774415
2019-10-28,125.80335235595703,130.52999877929688,132.0800018310547,130.13999938964844,131.4499969482422,8940300,DIS,-0.2826548009468133,131.04399719238282,130.21149826049805
2019-10-29,124.7913818359375,129.47999572753906,130.77000427246094,129.44000244140625,130.5,9305100,DIS,-0.8044151241686448,130.45999755859376,130.2079978942871
2019-10-30,124.90704345703125,129.60000610351562,130.30999755859375,129.14999389648438,129.69000244140625,10880000,DIS,0.0926864225645252,130.15399780273438,130.23099822998046
2019-10-31,125.21543884277344,129.9199981689453,130.14999389648438,128.75,129.52999877929688,9628300,DIS,0.24690744626516548,130.08599853515625,130.31949844360352
2019-11-01,127.94294738769531,132.75,132.8000030517578,130.50999450683594,130.99000549316406,8507600,DIS,2.178264986868772,130.45599975585938,130.44349822998046
2019-11-04,128.1068115234375,132.9199981689453,134.13999938964844,132.47000122070312,134.1199951171875,7631800,DIS,0.12805888432791956,130.93399963378906,130.54449844360352
2019-11-05,126.69004821777344,131.4499969482422,132.77000427246094,130.88999938964844,132.77000427246094,7404500,DIS,-1.1059293115808777,131.3279998779297,130.69349822998046
2019-11-06,126.51656341552734,131.27000427246094,131.66000366210938,130.66000366210938,131.60000610351562,9132500,DIS,-0.1369286268238734,131.66199951171876,130.79049835205078
2019-11-07,128.1453857421875,132.9600067138672,133.6999969482422,131.75,132.35000610351562,18047600,DIS,1.2874246868298522,132.27000122070314,130.97149887084962
2019-11-08,132.96432495117188,137.9600067138672,140.25,136.74000549316406,140.22000122070312,24175900,DIS,3.7605292926617517,133.31200256347657,131.3684989929199
2019-11-11,131.7884979248047,136.74000549316406,138.55999755859375,136.2100067138672,137.5,10138400,DIS,-0.8843151357867396,134.0760040283203,131.72049942016602
2019-11-12,133.56185913085938,138.5800018310547,139.33999633789062,136.74000549316406,138.02999877929688,17284000,DIS,1.3456166915121415,135.50200500488282,132.16149978637696
2019-11-13,143.33465576171875,148.72000122070312,149.9199981689453,136.83999633789062,138.5800018310547,45725400,DIS,7.3170726336187375,138.99200439453125,133.05449981689452
2019-11-14,141.82151794433594,147.14999389648438,150.6300048828125,146.27999877929688,148.0,28393600,DIS,-1.0556800103093233,141.8300018310547,133.7934997558594
2019-11-15,139.43133544921875,144.6699981689453,147.1999969482422,144.2100067138672,147.13999938964844,13733400,DIS,-1.6853522462825676,143.1720001220703,134.4824996948242
2019-11-18,142.3034210205078,147.64999389648438,149.0399932861328,143.69000244140625,144.75,15353100,DIS,2.0598574447060036,145.35399780273437,135.35199966430665
2019-11-19,143.00701904296875,148.3800048828125,149.47999572753906,146.8000030517578,148.17999267578125,11504300,DIS,0.49441992313248306,147.31399841308593,136.15100021362304
2019-11-20,141.60948181152344,146.92999267578125,148.99000549316406,146.02999877929688,148.08999633789062,9448400,DIS,-0.9772288443961386,146.95599670410155,136.94099960327148
2019-11-21,141.58058166503906,146.89999389648438,147.47000122070312,146.25999450683594,147.16000366210938,6241400,DIS,-0.02041705628004209,146.90599670410157,137.77299957275392
2019-11-22,142.92025756835938,148.2899932861328,149.44000244140625,146.67999267578125,147.2100067138672,9639400,DIS,0.9462215434998145,147.62999572753907,138.64249954223632
2019-11-25,144.26956176757812,149.69000244140625,150.2100067138672,147.6999969482422,148.8000030517578,11316800,DIS,0.944102244695677,148.03799743652343,139.6004997253418
2019-11-26,146.14892578125,151.63999938964844,153.41000366210938,150.61000061035156,151.75,24949900,DIS,1.3026901706448157,148.68999633789062,140.70849990844727
2019-11-27,145.99473571777344,151.47999572753906,152.57000732421875,151.14999389648438,152.3000030517578,6155400,DIS,-0.10551547266776096,149.5999969482422,141.80249938964843
2019-11-29,146.0911102294922,151.5800018310547,152.47000122070312,151.00999450683594,151.47999572753906,6284900,DIS,0.06601934667036513,150.53599853515624,142.8854995727539
2019-12-02,145.16587829589844,150.6199951171875,152.97000122070312,149.10000610351562,152.94000244140625,10351000,DIS,-0.6333333568218191,151.0019989013672,143.77899932861328
2019-12-03,143.1997528076172,148.5800018310547,149.11000061035156,146.8699951171875,147.74000549316406,9273800,DIS,-1.3543973922888752,150.77999877929688,144.56199951171874
2019-12-04,142.91062927246094,148.27999877929688,149.3300018310547,148.17999267578125,149.3000030517578,7684800,DIS,-0.20191347964777506,150.10799865722657,145.40349960327148
2019-12-05,142.10104370117188,147.44000244140625,148.8300018310547,147.10000610351562,148.69000244140625,7363300,DIS,-0.566493353659181,149.3,146.21199951171874
2019-12-06,142.3130645751953,147.66000366210938,148.61000061035156,147.17999267578125,148.39999389648438,7084900,DIS,0.149214064745129,148.51600036621093,146.94699935913087
2019-12-09,140.91558837890625,146.2100067138672,148.50999450683594,145.39999389648438,147.9600067138672,11515000,DIS,-0.9819835515920916,147.63400268554688,147.35949935913087
2019-12-10,140.80955505371094,146.10000610351562,146.85000610351562,145.0500030517578,145.25999450683594,7084100,DIS,-0.07523466609699048,147.13800354003905,147.82749938964844
2019-12-11,142.24559020996094,147.58999633789062,147.88999938964844,146.75999450683594,147.38999938964844,8253700,DIS,1.019842691395434,147.0000030517578,148.27799911499022
2019-12-12,142.40943908691406,147.75999450683594,148.92999267578125,147.25,147.9199981689453,7748300,DIS,0.11518271777453126,147.06400146484376,148.22999877929686
2019-12-13,141.92465209960938,146.3800048828125,147.8000030517578,146.30999755859375,147.42999267578125,9350100,DIS,-0.9339399535234771,146.80800170898436,148.19149932861328
2019-12-16,143.94134521484375,148.4600067138672,148.64999389648438,146.5500030517578,147.58999633789062,9134400,DIS,1.4209603509167001,147.25800170898438,148.38099975585936
2019-12-17,143.23355102539062,147.72999572753906,148.4600067138672,147.6199951171875,148.10000610351562,8776100,DIS,-0.49172231800791444,147.58399963378906,148.3849998474121
2019-12-18,141.8083038330078,146.25999450683594,147.9499969482422,146.19000244140625,147.77000427246094,9467800,DIS,-0.9950594078498964,147.31799926757813,148.27899932861328
2019-12-19,141.70164489746094,146.14999389648438,146.8000030517578,145.32000732421875,146.17999267578125,10243900,DIS,-0.0752089528804234,146.99599914550782,148.23999938964843
2019-12-20,142.40943908691406,146.8800048828125,147.8800048828125,145.77000427246094,147.14999389648438,12629900,DIS,0.4994943666198015,147.09599914550782,148.23899993896484
2019-12-23,140.27638244628906,144.67999267578125,146.3300018310547,144.3300018310547,145.91000366210938,9314000,DIS,-1.4978296118566492,146.33999633789062,148.05849990844726
2019-12-24,140.8678436279297,145.2899932861328,145.42999267578125,144.4499969482422,144.5800018310547,3508500,DIS,0.4216205703842846,145.85199584960938,147.8384994506836
2019-12-26,141.2653350830078,145.6999969482422,145.86000061035156,145.1699981689453,145.39999389648438,4422000,DIS,0.28219676581711095,145.73999633789063,147.54149932861327
2019-12-27,141.31382751464844,145.75,146.50999450683594,145.4499969482422,146.0500030517578,5495300,DIS,0.034319185178555145,145.65999755859374,147.25499954223633
2019-12-30,139.39410400390625,143.77000427246094,145.8699951171875,143.39999389648438,145.75,6602800,DIS,-1.3584876346751762,145.03799743652343,146.86449966430663
2019-12-31,140.22793579101562,144.6300048828125,144.77000427246094,143.25999450683594,143.6699981689453,5662900,DIS,0.5981780516064905,145.0279998779297,146.56500015258788
2020-01-02,143.6892547607422,148.1999969482422,148.1999969482422,145.10000610351562,145.2899932861328,9502100,DIS,2.468361989147616,145.61000061035156,146.54599990844727
2020-01-03,142.04100036621094,146.5,147.89999389648438,146.0500030517578,146.39999389648438,7320200,DIS,-1.1470964799249583,145.77000122070314,146.4569999694824
2020-01-06,141.21685791015625,145.64999389648438,146.02999877929688,144.30999755859375,145.5399932861328,8262500,DIS,-0.580208944379268,145.75,146.36749954223632
2020-01-07,141.2653350830078,145.6999969482422,146.8699951171875,145.4199981689453,145.99000549316406,6906500,DIS,0.03433096728679974,146.13599853515626,146.26949920654297
2020-01-08,140.97447204589844,145.39999389648438,146.1300048828125,144.82000732421875,145.49000549316406,6984200,DIS,-0.20590463832637074,146.2899963378906,146.22899856567383
2020-01-09,140.42181396484375,144.8300018310547,146.6300048828125,144.61000061035156,146.47000122070312,6664200,DIS,-0.3920165676454479,145.61599731445312,146.16549835205078
2020-01-10,140.21820068359375,144.6199951171875,145.5,144.25999450683594,145.3000030517578,5152500,DIS,-0.14500221722855144,145.23999633789063,146.01699829101562
2020-01-13,139.50076293945312,143.8800048828125,144.75,143.36000061035156,144.75,9921300,DIS,-0.5116790619273504,144.88599853515626,145.82299880981446
2020-01-14,140.7805633544922,145.1999969482422,146.72000122070312,142.2899932861328,143.41000366210938,14839100,DIS,0.9174256468122755,144.78599853515624,145.76399841308594
2020-01-15,139.92735290527344,144.32000732421875,145.7100067138672,143.92999267578125,145.7100067138672,6818200,DIS,-0.6060534728090317,144.57000122070312,145.5569984436035
2020-01-16,140.7030029296875,145.1199951171875,145.42999267578125,144.44000244140625,145.08999633789062,6948400,DIS,0.5543152386152217,144.62799987792968,145.42649841308594
2020-01-17,139.93704223632812,144.3300018310547,145.63999938964844,144.00999450683594,145.5399932861328,10355300,DIS,-0.5443724591465693,144.57000122070312,145.3299987792969
2020-01-21,139.19049072265625,143.55999755859375,144.58999633789062,143.00999450683594,144.24000549316406,9250200,DIS,-0.5335025723634867,144.50599975585936,145.20049896240235
2020-01-22,139.6267852783203,144.00999450683594,144.7899932861328,143.5399932861328,144.4499969482422,7550000,DIS,0.31345566724361174,144.26799926757812,145.0569984436035
2020-01-23,137.87188720703125,142.1999969482422,143.61000061035156,140.64999389648438,143.60000610351562,11082000,DIS,-1.2568555153356642,143.8439971923828,144.93299865722656
2020-01-24,135.81642150878906,140.0800018310547,142.25,139.1999969482422,141.39999389648438,13076300,DIS,-1.4908545447853472,142.83599853515625,144.67249908447266
2020-01-27,131.76365661621094,135.89999389648438,137.72999572753906,135.0,135.86000061035156,12831800,DIS,-2.9840147629435876,141.14999694824218,144.18249893188477
2020-01-28,134.15843200683594,138.3699951171875,138.92999267578125,135.86000061035156,136.5,10390000,DIS,1.8175138569796578,140.11199645996095,143.81349868774413
2020-01-29,131.91876220703125,136.05999755859375,138.67999267578125,135.7899932861328,138.60000610351562,9382700,DIS,-1.6694353112012283,138.5219970703125,143.4279983520508
2020-01-30,133.61549377441406,137.80999755859375,137.85000610351562,134.8300018310547,135.08999633789062,11847300,DIS,1.2861972889911089,137.6439971923828,143.08699798583984
2020-01-31,134.10028076171875,138.30999755859375,138.6699981689453,137.05999755859375,138.39999389648438,12379100,DIS,0.3628183795500117,137.2899963378906,142.5924980163574
2020-02-03,137.0186767578125,141.32000732421875,141.82000732421875,139.75,139.7899932861328,12639900,DIS,2.1762777953559187,138.3739990234375,142.33349838256837
2020-02-04,140.32485961914062,144.72999572753906,145.58999633789062,143.25,145.49000549316406,23519700,DIS,2.4129551560927,139.6459991455078,142.2874984741211
2020-02-05,137.06712341308594,141.3699951171875,147.3000030517578,138.57000732421875,146.60000610351562,27824100,DIS,-2.3215647823806473,140.70799865722657,142.07099838256835
2020-02-06,138.35665893554688,142.6999969482422,143.9499969482422,141.22000122070312,141.9199981689453,9504600,DIS,0.9407949897375367,141.68599853515624,141.93599853515624
2020-02-07,136.72779846191406,141.02000427246094,141.99000549316406,140.1199951171875,141.88999938964844,10948900,DIS,-1.1772899171053175,142.22799987792968,141.74549865722656
2020-02-10,138.25,142.58999633789062,142.58999633789062,140.4600067138672,141.02999877929688,8162100,DIS,1.1133115996765586,142.48199768066405,141.6439987182617
2020-02-11,136.71810913085938,141.00999450683594,142.99000549316406,140.4600067138672,142.85000610351562,10790100,DIS,-1.1080734074153553,141.73799743652344,141.5004981994629
2020-02-12,137.53253173828125,141.85000610351562,142.22000122070312,140.8699951171875,141.33999633789062,8168200,DIS,0.5957106796702805,141.83399963378906,141.33299865722657
2020-02-13,136.61143493652344,140.89999389648438,141.89999389648438,140.82000732421875,141.1699981689453,7543100,DIS,-0.6697301136088574,141.4739990234375,141.16199798583983
2020-02-14,135.2928466796875,139.5399932861328,141.27999877929688,139.1300048828125,141.10000610351562,9110500,DIS,-0.9652240378028143,141.17799682617186,140.88299789428712
2020-02-18,134.905029296875,139.13999938964844,139.66000366210938,138.10000610351562,139.02000427246094,8214900,DIS,-0.28665179570718236,140.48799743652344,140.6234977722168
2020-02-19,136.99928283691406,141.3000030517578,141.8699951171875,139.22999572753906,139.6300048828125,7080900,DIS,1.552395911732396,140.5459991455078,140.510498046875
2020-02-20,136.09756469726562,140.3699951171875,141.6300048828125,138.85000610351562,141.6300048828125,5981700,DIS,-0.6581796988565203,140.2499969482422,140.32849807739257
2020-02-21,134.7401885986328,138.97000122070312,139.8800048828125,138.5800018310547,139.86000061035156,7725800,DIS,-0.9973597956711377,139.86399841308594,140.16699829101563
2020-02-24,128.9615936279297,133.00999450683594,134.44000244140625,131.2100067138672,132.89999389648438,19336500,DIS,-4.288700195376616,138.55799865722656,139.8134979248047
2020-02-25,124.2883071899414,128.19000244140625,133.94000244140625,127.9800033569336,133.75,21032500,DIS,-3.6237818694007773,136.3679992675781,139.4279983520508
2020-02-26,119.60531616210938,123.36000061035156,128.3699951171875,122.12999725341797,126.12000274658203,31195900,DIS,-3.7678459622952354,132.77999877929688,138.677498626709
2020-02-27,114.4472427368164,118.04000091552734,122.9000015258789,117.91999816894531,119.80999755859375,30827500,DIS,-4.312580794830023,128.31399993896486,137.77649879455566
2020-02-28,114.06910705566406,117.6500015258789,118.30999755859375,113.20999908447266,114.51000213623047,35389900,DIS,-0.33039595613654216,124.05,136.76849899291992
2020-03-02,116.32819366455078,119.9800033569336,119.9800033569336,116.02999877929688,119.12999725341797,21775900,DIS,1.9804520194095954,121.44400177001953,135.8519992828369
2020-03-03,112.90563201904297,116.44999694824219,121.77999877929688,115.1500015258789,121.1500015258789,19529700,DIS,-2.9421622853183615,119.09600067138672,134.60849876403807
2020-03-04,115.55252838134766,119.18000030517578,119.23999786376953,115.4800033569336,118.95999908447266,13842100,DIS,2.344356744077025,118.26000061035157,133.33099899291992
2020-03-05,110.51082611083984,113.9800033569336,116.95999908447266,112.11000061035156,116.86000061035156,22397200,DIS,-4.363145607423158,117.44800109863282,131.96149940490722
2020-03-06,111.76154327392578,115.2699966430664,115.87000274658203,110.31999969482422,110.76000213623047,22899600,DIS,1.1317715811019369,116.97200012207031,130.58999938964843
2020-03-09,101.17391204833984,104.3499984741211,110.43000030517578,104.27999877929688,108.69000244140625,26233600,DIS,-9.473408941581818,113.84599914550782,128.75649909973146
2020-03-10,108.06752014160156,111.45999908447266,111.58000183105469,102.43000030517578,108.0999984741211,24083700,DIS,6.813608734373733,112.8479995727539,127.19999923706055
2020-03-11,102.29861450195312,105.51000213623047,108.9000015258789,102.86000061035156,108.41999816894531,24771300,DIS,-5.3382352387539855,110.11399993896484,125.42499961853028
2020-03-12,89.01559448242188,91.80999755859375,100.0,91.63999938964844,97.62000274658203,40392900,DIS,-12.984555303058187,105.67999877929688,122.92299919128418
2020-03-13,99.39960479736328,102.5199966430664,102.87000274658203,92.25,100.77999877929688,40960100,DIS,11.665395239377352,103.12999877929687,121.00399932861328
2020-03-16,92.11820220947266,95.01000213623047,98.27999877929688,90.0,91.80000305175781,35379500,DIS,-7.3253948036915535,101.26199951171876,118.77749977111816
2020-03-17,90.6832504272461,93.52999877929688,97.45999908447266,91.1500015258789,95.80000305175781,27526200,DIS,-1.5577342634004787,97.67599945068359,116.49699974060059
2020-03-18,86.09721374511719,88.80000305175781,89.33999633789062,79.06999969482422,87.58999633789062,43592500,DIS,-5.057196396100094,94.33399963378906,113.87199974060059
2020-03-19,92.04063415527344,94.93000030517578,97.4000015258789,85.11000061035156,88.0,30866800,DIS,6.903149822917287,94.95800018310547,111.6
2020-03-20,83.36305236816406,85.9800033569336,96.98999786376953,85.83999633789062,95.98999786376953,31957800,DIS,-9.427996333582877,91.6500015258789,108.95050010681152
2020-03-23,83.14974212646484,85.76000213623047,87.27999877929688,81.08999633789062,84.48999786376953,32246600,DIS,-0.25587486870618514,89.80000152587891,106.58800048828125
2020-03-24,95.13355255126953,98.12000274658203,99.16999816894531,91.80000305175781,92.33000183105469,32538100,DIS,14.41231378553094,90.71800231933594,105.08450050354004
2020-03-25,97.66410064697266,100.7300033569336,105.91999816894531,95.51000213623047,100.66000366210938,28533000,DIS,2.660008700868577,93.1040023803711,103.95300064086913
2020-03-26,102.15318298339844,105.36000061035156,107.7300033569336,100.80000305175781,100.83000183105469,24520300,DIS,4.596443064745781,95.19000244140625,103.31900062561036
2020-03-27,93.46588134765625,96.4000015258789,101.48999786376953,95.54000091552734,100.44999694824219,30591500,DIS,-8.504175239718382,97.27400207519531,102.25650062561036
2020-03-30,96.76239776611328,99.80000305175781,100.45999908447266,92.0999984741211,96.0,23119200,DIS,3.526972481391688,100.08200225830078,101.24750061035157
2020-03-31,93.65979766845703,96.5999984741211,103.16000366210938,96.16000366210938,100.22000122070312,21563200,DIS,-3.2064173144134567,99.77800140380859,100.2550006866455
2020-04-01,92.03092956542969,94.91999816894531,97.4000015258789,92.55999755859375,93.5,18303900,DIS,-1.7391307781706167,98.61600036621094,99.04200057983398
2020-04-02,94.01853942871094,96.97000122070312,97.26000213623047,94.19999694824219,94.19999694824219,13936500,DIS,2.1597166996453865,96.93800048828125,98.19150047302246
2020-04-03,91.02259063720703,93.87999725341797,96.91999816894531,92.70999908447266,96.30999755859375,14814600,DIS,-3.1865565931594952,96.43399963378906,97.12200050354004
2020-04-06,96.5490951538086,99.58000183105469,100.19000244140625,94.5199966430664,97.26000213623047,20407400,DIS,6.071585795055179,96.38999938964844,96.88350067138671
2020-04-07,98.15857696533203,101.23999786376953,105.88999938964844,100.25,104.86000061035156,22899600,DIS,1.6669973912343927,97.31799926757813,96.37250061035157
2020-04-08,97.99373626708984,101.06999969482422,102.3499984741211,98.6500015258789,100.52999877929688,22562500,DIS,-0.16791601395929057,98.54799957275391,96.15050048828125
2020-04-09,101.31934356689453,104.5,107.98999786376953,103.52999877929688,107.91999816894531,31453600,DIS,3.3936878554788663,100.05399932861329,96.78500061035156
2020-04-13,100.34978485107422,103.5,104.87000274658203,99.61000061035156,104.70999908447266,17306000,DIS,-0.9569377990430672,101.97799987792969,96.83400077819825
2020-04-14,102.80278015136719,106.02999877929688,107.63999938964844,103.9000015258789,105.5,19866900,DIS,2.4444432650211345,103.26799926757812,97.38500061035157
2020-04-15,100.22373962402344,103.37000274658203,104.87999725341797,102.69999694824219,104.38999938964844,14157600,DIS,-2.5087202332725322,103.69400024414062,97.87700080871582
2020-04-16,98.91482543945312,102.0199966430664,103.72000122070312,100.88999938964844,103.52999877929688,18029300,DIS,-1.3059940675683723,103.88399963378906,98.53800048828126
2020-04-17,103.384521484375,106.62999725341797,106.79000091552734,104.3499984741211,106.20999908447266,17926900,DIS,4.518722566204736,104.30999908447265,99.12300033569336
2020-04-20,99.14753723144531,102.26000213623047,104.86000061035156,102.0,103.58000183105469,17021000,DIS,-4.098279311404019,104.06199951171875,99.9370002746582
2020-04-21,97.4798812866211,100.54000091552734,101.51000213623047,99.12999725341797,100.01000213623047,16101400,DIS,-1.6819882503148587,102.96399993896485,100.67600021362304
2020-04-22,97.91617584228516,100.98999786376953,102.62999725341797,100.88999938964844,101.80000305175781,11463800,DIS,0.4475800120792517,102.48799896240234,100.81949996948242
2020-04-23,97.9258804321289,101.0,102.52999877929688,99.45999908447266,100.6500015258789,17132200,DIS,0.009904085990730671,102.28399963378907,100.83299980163574
2020-04-24,98.11009979248047,101.19000244140625,101.91999816894531,99.5199966430664,101.77999877929688,13614100,DIS,0.18812122911509022,101.19600067138671,100.62449989318847
2020-04-27,102.83187103271484,106.05999755859375,106.5199966430664,101.61000061035156,102.0,15518300,DIS,4.812723588980505,101.95599975585938,101.10749969482421
2020-04-28,102.97730255126953,106.20999908447266,110.05999755859375,105.9800033569336,108.79000091552734,16503700,DIS,0.14143082154611797,103.08999938964844,101.42799949645996
2020-04-29,108.8334732055664,112.25,112.69999694824219,108.55999755859375,109.94000244140625,20139800,DIS,5.686847723935595,105.34199981689453,102.2104995727539
2020-04-30,104.85826110839844,108.1500015258789,110.30999755859375,106.86000061035156,109.44000244140625,18638700,DIS,-3.652559887858431,106.77200012207031,102.87199974060059
2020-05-01,102.28892517089844,105.5,106.91000366210938,104.47000122070312,106.36000061035156,13209100,DIS,-2.4503018848731073,107.63399963378906,103.29849967956542
2020-05-04,100.0395278930664,103.18000030517578,103.83000183105469,100.55000305175781,102.01000213623047,19514800,DIS,-2.1990518434352735,107.05800018310546,103.76349983215331
2020-05-05,97.98405456542969,101.05999755859375,105.18000030517578,100.9000015258789,101.51000213623047,30169800,DIS,-2.054664412009777,106.02799987792969,103.83749961853027
2020-05-06,97.80952453613281,100.87999725341797,105.2699966430664,98.86000061035156,101.4800033569336,51992400,DIS,-0.17811231894342416,103.75399932861328,103.81949958801269
2020-05-07,102.35678100585938,105.56999969482422,105.61000061035156,101.83000183105469,101.8499984741211,20868800,DIS,4.649090572063175,103.23799896240234,104.0444995880127
2020-05-08,105.8375244140625,109.16000366210938,109.18000030517578,106.62999725341797,109.05000305175781,24079700,DIS,3.400591055851976,103.96999969482422,104.27749977111816
2020-05-11,104.48982238769531,107.7699966430664,108.80999755859375,106.41000366210938,108.4000015258789,20555900,DIS,-1.2733665925347082,104.88799896240235,104.49099960327149
2020-05-12,101.37752532958984,104.55999755859375,109.44000244140625,104.48999786376953,109.05999755859375,17049700,DIS,-2.978564706746867,105.58799896240234,104.41749954223633
2020-05-13,99.78743743896484,102.91999816894531,104.54000091552734,101.5999984741211,104.5,21085800,DIS,-1.5684768821168094,105.99599914550781,104.39499931335449
2020-05-14,102.68644714355469,105.91000366210938,105.91999816894531,99.66000366210938,101.9800033569336,22002200,DIS,2.905174452350745,106.06399993896484,104.58949966430664
2020-05-15,105.73088073730469,109.05000305175781,109.37999725341797,104.2699966430664,104.9800033569336,29766000,DIS,2.9647807393776926,106.04199981689453,104.71049995422364
2020-05-18,113.29346466064453,116.8499984741211,119.77999877929688,114.47000122070312,114.47000122070312,40044600,DIS,7.152677857937539,107.85800018310547,105.43999977111817
2020-05-19,110.88895416259766,114.37000274658203,116.47000122070312,113.41999816894531,115.0999984741211,20332600,DIS,-2.12237548987928,109.82000122070312,106.13149986267089
2020-05-20,116.27001953125,119.91999816894531,120.87000274658203,116.04000091552734,116.41999816894531,25749900,DIS,4.8526670360066415,113.22000122070312,107.07799987792968
2020-05-21,114.2436294555664,117.83000183105469,120.30000305175781,116.5,119.33999633789062,17578300,DIS,-1.7428255251857205,115.60400085449218,107.91949996948242
2020-05-22,114.42784881591797,118.0199966430664,118.56999969482422,116.83000183105469,117.5,9288200,DIS,0.16124485195556648,117.3979995727539,108.76099967956543
2020-05-26,117.26866912841797,120.94999694824219,122.51000213623047,120.43000030517578,121.05000305175781,16466400,DIS,2.482630391896312,118.21799926757812,109.50549964904785
2020-05-27,117.83101654052734,121.52999877929688,123.77999877929688,119.70999908447266,123.68000030517578,19345400,DIS,0.47953852475324243,119.64999847412109,110.27149963378906
2020-05-28,113.19649505615234,116.75,121.9800033569336,116.0,121.5999984741211,18606000,DIS,-3.9331842568167352,119.01599884033203,110.49649963378906
2020-05-29,113.72976684570312,117.30000305175781,117.75,114.12000274658203,116.19000244140625,17745100,DIS,0.4710946910131186,118.90999908447266,110.95399971008301
2020-06-01,115.15501403808594,118.7699966430664,119.6500015258789,116.93000030517578,117.26000213623047,10538300,DIS,1.253191434837353,119.05999908447265,111.61749954223633
2020-06-02,115.13563537597656,118.75,119.8499984741211,117.83000183105469,119.0,10753100,DIS,-0.016836443236167842,118.61999969482422,112.39599952697753
2020-06-03,118.46122741699219,122.18000030517578,122.44999694824219,119.31999969482422,119.98999786376953,12584300,DIS,2.8884213096217026,118.75,113.45199966430664
2020-06-04,119.9252700805664,123.69000244140625,124.5,121.8499984741211,121.94999694824219,14195100,DIS,1.235883231673629,120.13800048828125,114.59249992370606
2020-06-05,121.02086639404297,124.81999969482422,127.81999969482422,124.27999877929688,126.30999755859375,16581600,DIS,0.9135720196571828,121.64199981689453,115.55499992370605
2020-06-08,123.40599822998047,127.27999877929688,127.44000244140625,123.94000244140625,125.0999984741211,13858100,DIS,1.97083727807017,123.34400024414063,116.46099967956543
2020-06-09,120.11918640136719,123.88999938964844,125.79000091552734,123.51000213623047,125.62999725341797,10882800,DIS,-2.6634187791961583,124.37200012207032,117.26699981689453
2020-06-10,118.46122741699219,122.18000030517578,124.0999984741211,120.93000030517578,124.0199966430664,11497100,DIS,-1.3802559471281506,124.37200012207032,118.14799995422364
2020-06-11,109.21159362792969,112.63999938964844,118.0,112.25,117.5999984741211,26078800,DIS,-7.8081526368462555,122.16199951171875,118.63400001525879
2020-06-12,111.97484588623047,115.48999786376953,117.0,112.88999938964844,115.16999816894531,18361900,DIS,2.530183318149959,120.2959991455078,119.1129997253418
2020-06-15,113.51646423339844,117.08000183105469,118.12000274658203,111.70999908447266,112.08000183105469,14156400,DIS,1.3767460357568817,118.25599975585938,119.51449966430664
2020-06-16,114.83506774902344,118.44000244140625,121.5,116.05000305175781,121.23999786376953,12951200,DIS,1.1615994098753246,117.16600036621094,119.5939998626709
2020-06-17,114.06910705566406,117.6500015258789,119.2300033569336,117.13999938964844,118.63999938964844,8921600,DIS,-0.667005149647959,116.26000061035157,119.75799980163575
2020-06-18,114.7671890258789,118.37000274658203,118.52999877929688,115.93000030517578,116.87999725341797,9577300,DIS,0.6119857300169729,117.40600128173828,119.68050003051758
2020-06-19,110.86955261230469,114.3499984741211,120.12000274658203,114.3499984741211,119.9800033569336,23496300,DIS,-3.3961343069893735,117.1780014038086,119.50649986267089
2020-06-22,112.39176177978516,115.91999816894531,116.19000244140625,113.11000061035156,114.19000244140625,12868000,DIS,1.3729774514859683,116.94600067138671,119.40149993896485
2020-06-23,113.04136657714844,116.58999633789062,117.44999694824219,115.97000122070312,116.95999908447266,10187600,DIS,0.5779832466602075,116.5759994506836,119.18349990844726
2020-06-24,108.65895080566406,112.06999969482422,116.0,110.02999877929688,115.8499984741211,22252500,DIS,-3.8768305901365374,115.45999908447266,118.71049995422364
2020-06-25,107.9705581665039,111.36000061035156,111.51000213623047,108.5,108.98999786376953,17240400,DIS,-0.63353179834571,114.05799865722656,118.44099998474121
2020-06-26,105.77934265136719,109.0999984741211,111.19999694824219,108.0199966430664,110.94999694824219,15270900,DIS,-2.0294559301756943,113.00799865722657,118.03099975585937
2020-06-29,108.12567901611328,111.5199966430664,111.56999969482422,108.0999984741211,109.0,12584300,DIS,2.2181468403222215,112.12799835205078,117.66849975585937
2020-06-30,108.11598205566406,111.51000213623047,112.05000305175781,109.93000030517578,111.5,10565900,DIS,-0.008962075983487416,111.11199951171875,117.3064998626709
2020-07-01,109.57034301757812,113.01000213623047,115.5999984741211,112.29000091552734,112.81999969482422,11930900,DIS,1.3451708109264215,111.3,116.84799995422364
2020-07-02,108.7656021118164,112.18000030517578,115.0999984741211,112.0,115.0,10312000,DIS,-0.7344498852890458,111.46399993896485,116.2724998474121
2020-07-06,110.9471206665039,114.43000030517578,114.52999877929688,112.9000015258789,113.83000183105469,11933400,DIS,2.005705111320255,112.53000030517578,115.75299987792968
2020-07-07,110.17146301269531,113.62999725341797,115.08000183105469,112.61000061035156,113.62999725341797,10836500,DIS,-0.6991200293841371,112.95200042724609,115.07049980163575
2020-07-08,113.1092300415039,116.66000366210938,117.12999725341797,112.80999755859375,113.4800033569336,13629500,DIS,2.6665550311806063,113.98200073242188,114.7090000152588
2020-07-09,113.25467681884766,116.80999755859375,117.8499984741211,115.37999725341797,116.51000213623047,13582900,DIS,0.1285735400101684,114.74199981689453,114.44049987792968
2020-07-10,115.70765686035156,119.33999633789062,119.44000244140625,116.20999908447266,116.83000183105469,14207900,DIS,2.1659094531080614,116.1739990234375,114.7754997253418
2020-07-13,112.6826400756836,116.22000122070312,120.12999725341797,115.88999938964844,119.94000244140625,15620200,DIS,-2.6143750736792093,116.53199920654296,114.81199989318847
2020-07-14,115.04837036132812,118.66000366210938,119.08000183105469,114.54000091552734,115.2300033569336,12425100,DIS,2.099468607621735,117.53800048828126,114.89099998474121
2020-07-15,117.2201919555664,120.9000015258789,122.08999633789062,119.69999694824219,121.62999725341797,15314200,DIS,1.8877446440571877,118.38600006103516,115.01399993896484
2020-07-16,115.79492950439453,119.43000030517578,119.98999786376953,117.5999984741211,117.72000122070312,10210100,DIS,-1.2158818876346067,118.91000061035156,115.10299987792969
2020-07-17,115.0386734008789,118.6500015258789,119.55999755859375,117.05999755859375,118.9000015258789,9843500,DIS,-0.6531012118427215,118.77200164794922,115.11699981689453
2020-07-20,114.20484161376953,117.79000091552734,118.48999786376953,116.81999969482422,118.05000305175781,8947900,DIS,-0.7248214069040637,119.08600158691407,115.28899993896485
2020-07-21,115.00958251953125,118.62000274658203,120.38999938964844,117.66000366210938,118.05000305175781,8946300,DIS,0.7046454067437535,119.0780014038086,115.42400016784669
2020-07-22,115.4071044921875,119.02999877929688,119.30000305175781,117.93000030517578,118.19000244140625,7063300,DIS,0.34563819189141753,118.7040008544922,115.54600028991699
2020-07-23,114.5248031616211,118.12000274658203,119.3499984741211,117.01000213623047,118.86000061035156,7255800,DIS,-0.7645098227734515,118.44200134277344,115.84850044250489
2020-07-24,114.03031921386719,117.61000061035156,118.20999908447266,115.52999877929688,115.69999694824219,8233300,DIS,-0.4317661059699107,118.23400115966797,116.16100044250489
2020-07-27,112.7698974609375,116.30999755859375,117.41999816894531,115.68000030517578,117.19999694824219,9413000,DIS,-1.105350773753322,117.93800048828125,116.52150039672851
2020-07-28,112.64385223388672,116.18000030517578,116.83999633789062,114.68000030517578,115.45999908447266,6821100,DIS,-0.11176791002207587,117.45,116.75450057983399
2020-07-29,112.0912094116211,115.61000061035156,116.70999908447266,115.11000061035156,116.22000122070312,9496500,DIS,-0.49061774257787016,116.76600036621093,116.95950050354004
2020-07-30,112.13967895507812,115.66000366210938,116.29000091552734,113.37000274658203,114.91000366210938,9713500,DIS,0.04325149337758294,116.27400054931641,117.09200057983398
2020-07-31,113.38072967529297,116.94000244140625,117.05000305175781,114.12000274658203,115.22000122070312,9601000,DIS,1.1066909378943723,116.14000091552734,117.3300006866455
2020-08-03,112.80867004394531,116.3499984741211,117.12000274658203,115.3499984741211,116.16999816894531,10229200,DIS,-0.5045356208033147,116.14800109863282,117.42600059509277
2020-08-04,113.72006225585938,117.29000091552734,118.3499984741211,115.76000213623047,115.95999908447266,17293900,DIS,0.8079092855470371,116.37000122070313,117.60900077819824
2020-08-05,123.7259521484375,127.61000061035156,130.30999755859375,123.27999877929688,123.37000274658203,53000200,DIS,8.798703737973979,118.77000122070312,118.15650062561035
2020-08-06,126.83824920654297,130.82000732421875,131.6300048828125,125.61000061035156,126.95999908447266,27238000,DIS,2.5154820927152377,121.802001953125,118.8570011138916
2020-08-07,125.975341796875,129.92999267578125,131.94000244140625,128.66000366210938,130.22000122070312,16088600,DIS,-0.6803352687725583,124.4,119.38650093078613
2020-08-10,124.87002563476562,128.7899932861328,131.32000732421875,128.49000549316406,129.75,8529200,DIS,-0.8773951003700264,126.88799896240235,120.01500053405762
2020-08-11,126.51830291748047,130.49000549316406,132.75999450683594,130.0,130.52999877929688,13885700,DIS,1.3199878062376547,129.5279998779297,120.60650062561035
2020-08-12,127.77873229980469,131.7899932861328,133.0,130.49000549316406,130.6699981689453,12204200,DIS,0.9962355262808531,130.36399841308594,121.15100021362305
2020-08-13,126.97399139404297,130.9600067138672,132.35000610351562,130.4499969482422,130.63999938964844,6468600,DIS,-0.6297796604812111,130.39199829101562,121.72750053405761
2020-08-14,126.55708312988281,130.52999877929688,131.0800018310547,129.74000549316406,130.00999450683594,6507600,DIS,-0.32835057462224926,130.51199951171876,122.32150039672851
2020-08-17,125.43238830566406,129.3699951171875,130.13999938964844,128.5399932861328,130.10000610351562,7492200,DIS,-0.8886874074600537,130.62799987792968,122.90050010681152
2020-08-18,124.99609375,128.9199981689453,129.58999633789062,128.36000061035156,129.44000244140625,6714600,DIS,-0.34783718422077836,130.31399841308593,123.41549987792969
2020-08-19,123.88108825683594,127.7699966430664,130.22000122070312,127.43000030517578,129.25,7624200,DIS,-0.8920272589298839,129.50999908447267,123.85249977111816
2020-08-20,124.22042846679688,128.1199951171875,128.4499969482422,126.52999877929688,126.80000305175781,4918100,DIS,0.273928530419254,128.9419967651367,124.35249938964844
2020-08-21,123.56112670898438,127.44000244140625,128.30999755859375,127.2300033569336,127.72000122070312,6064700,DIS,-0.5307467231475349,128.3239974975586,124.84399948120117
2020-08-24,126.71221923828125,130.69000244140625,130.8800048828125,127.93000030517578,128.14999389648438,7613600,DIS,2.5502196623813367,128.58799896240234,125.5629997253418
2020-08-25,125.83959197998047,129.7899932861328,131.08999633789062,129.30999755859375,130.8300018310547,5494400,DIS,-0.6886595290079289,128.76199798583986,126.24349937438964
2020-08-26,128.1568603515625,132.17999267578125,132.60000610351562,129.52000427246094,130.0,8447800,DIS,1.8414357911087142,129.6439971923828,127.07199897766114
2020-08-27,129.65969848632812,133.72999572753906,136.36000061035156,132.82000732421875,133.0,13667600,DIS,1.172645738874989,130.76599731445313,127.97549858093262
2020-08-28,131.4145965576172,135.5399932861328,136.8000030517578,133.5800018310547,134.5,11020100,DIS,1.3534716342034736,132.38599548339843,128.90549812316894
2020-08-31,127.85628509521484,131.8699951171875,135.5399932861328,131.25,135.25,11617500,DIS,-2.707686550638777,132.6219940185547,129.68149795532227
2020-09-01,129.48516845703125,133.5500030517578,133.61000061035156,130.88999938964844,131.9199981689453,7351200,DIS,1.2739880160588246,133.37399597167968,130.4944980621338
2020-09-02,131.26914978027344,135.38999938964844,135.9199981689453,133.25999450683594,133.6300048828125,8187800,DIS,1.3777583645411928,134.01599731445313,130.88349800109864
2020-09-03,129.1846160888672,133.24000549316406,137.24000549316406,132.02000427246094,135.24000549316406,12079200,DIS,-1.5880005215870852,133.91799926757812,131.0044979095459
2020-09-04,127.97264862060547,131.99000549316406,134.8800048828125,129.4199981689453,133.75,11248300,DIS,-0.9381566710188527,133.20800170898437,131.10749855041504
2020-09-08,130.11537170410156,134.1999969482422,137.13999938964844,130.86000061035156,131.99000549316406,17257300,DIS,1.6743627267994832,133.67400207519532,131.3779987335205
2020-09-09,129.30093383789062,133.36000061035156,135.5500030517578,132.25999450683594,134.27999877929688,8891800,DIS,-0.6259287309928863,133.63600158691406,131.5214984893799
2020-09-10,129.1652069091797,133.22000122070312,136.75,132.74000549316406,133.5800018310547,9853400,DIS,-0.10497854604656354,133.202001953125,131.5929988861084
2020-09-11,127.73994445800781,131.75,133.74000549316406,131.08999633789062,133.74000549316406,7165300,DIS,-1.1034388284292262,132.90400085449218,131.63249855041505
2020-09-14,127.25517272949219,131.25,132.92999267578125,130.89999389648438,132.52999877929688,8391900,DIS,-0.3795066413662229,132.75599975585936,131.6684986114502
2020-09-15,127.24547576904297,131.24000549316406,132.5399932861328,131.00999450683594,131.4600067138672,7289100,DIS,-0.007614862351190688,132.16400146484375,131.76199913024902
2020-09-16,128.06959533691406,132.08999633789062,133.6199951171875,131.39999389648438,132.1699981689453,6601000,DIS,0.6476613906960305,131.91000061035157,131.92049903869628
2020-09-17,126.25652313232422,130.22000122070312,131.77000427246094,128.60000610351562,130.5500030517578,6723500,DIS,-1.4156977583707375,131.31000061035155,132.04299926757812
2020-09-18,124.71490478515625,128.6300048828125,130.7899932861328,128.1199951171875,129.5,9916300,DIS,-1.2210077737565217,130.68600158691407,132.06849975585936
2020-09-21,121.5929183959961,125.41000366210938,126.88999938964844,123.58999633789062,125.9800033569336,10352700,DIS,-2.5033049043546973,129.51800231933595,131.96699981689454
2020-09-22,123.33812713623047,127.20999908447266,127.47000122070312,124.69999694824219,125.26000213623047,6978800,DIS,1.4352885493991163,128.71200103759764,131.79299964904786
2020-09-23,119.52775573730469,123.27999877929688,127.30000305175781,122.9000015258789,127.06999969482422,8323600,DIS,-3.0893800278750883,126.9500015258789,131.46749992370604
2020-09-24,118.76178741455078,122.48999786376953,123.80000305175781,120.77999877929688,121.93000030517578,8480000,DIS,-0.6408183998619643,125.40400085449218,130.98300018310547
2020-09-25,120.225830078125,124.0,124.19000244140625,120.9800033569336,121.36000061035156,6851800,DIS,1.2327554596823997,124.47799987792969,130.49650039672852
2020-09-28,122.15526580810547,125.98999786376953,126.86000061035156,125.37000274658203,125.75,6283700,DIS,1.604836986910918,124.59399871826172,130.01900062561035
2020-09-29,121.5832290649414,125.4000015258789,126.29000091552734,123.68000030517578,125.91999816894531,7405800,DIS,-0.46828823549038834,124.23199920654297,129.69550094604492
2020-09-30,120.30339813232422,124.08000183105469,125.55000305175781,123.23999786376953,123.23999786376953,13642500,DIS,-1.0526313227769868,124.39199981689453,129.22200088500978
2020-10-01,119.55683135986328,123.30999755859375,125.47000122070312,122.41999816894531,124.94000244140625,8908300,DIS,-0.6205708100402552,124.55599975585938,128.61800079345704
2020-10-02,118.81997680664062,122.55000305175781,123.68000030517578,121.69000244140625,121.98999786376953,6490200,DIS,-0.616328377165698,124.26600036621093,128.08350067138673
2020-10-05,119.6150131225586,123.37000274658203,123.5999984741211,122.33000183105469,123.26000213623047,5919200,DIS,0.6691143813990053,123.74200134277343,127.65250053405762
2020-10-06,117.24927520751953,120.93000030517578,124.19000244140625,120.61000061035156,123.12999725341797,9052000,DIS,-1.977792321540539,122.8480010986328,126.9890007019043
2020-10-07,119.16901397705078,122.91000366210938,123.30999755859375,120.93000030517578,121.94999694824219,10187800,DIS,1.637313612781699,122.61400146484375,126.46650085449218
2020-10-08,119.34353637695312,123.08999633789062,123.75,122.41999816894531,123.58000183105469,7404600,DIS,0.14644265756924568,122.57000122070312,125.96000061035156
2020-10-09,121.1760025024414,124.9800033569336,125.55000305175781,123.33000183105469,123.8499984741211,11502200,DIS,1.535467605226648,123.05600128173828,125.62150077819824
2020-10-12,121.16631317138672,124.97000122070312,125.94000244140625,123.7300033569336,124.9000015258789,10958200,DIS,-0.008002989247735126,123.3760009765625,125.3075008392334
2020-10-13,125.03486633300781,128.9600067138672,131.36000061035156,127.9000015258789,129.8000030517578,22389000,DIS,3.1927706283026325,124.98200225830078,125.19350090026856
2020-10-14,122.73699951171875,126.58999633789062,129.5,125.29000091552734,129.13999938964844,11531500,DIS,-1.8377871065368923,125.71800079345704,124.91850090026855
2020-10-15,123.48356628417969,127.36000061035156,127.4000015258789,124.43000030517578,125.0,7744000,DIS,0.6082662885980916,126.57200164794922,124.77550086975097
2020-10-16,122.95030212402344,126.80999755859375,128.1199951171875,126.33000183105469,127.80999755859375,6291700,DIS,-0.43184912776540463,126.93800048828125,124.68450050354004
2020-10-19,120.44884490966797,124.2300033569336,127.4000015258789,123.70999908447266,127.37000274658203,6576900,DIS,-2.0345353294940693,126.79000091552734,124.62550048828125
2020-10-20,121.14691925048828,124.94999694824219,125.7300033569336,123.63999938964844,124.58000183105469,6161200,DIS,0.5795649777452949,125.98799896240234,124.51250038146972
2020-10-21,122.77577209472656,126.62999725341797,127.55999755859375,123.83999633789062,124.36000061035156,6591500,DIS,1.3445380922031402,125.99599914550781,124.68000030517578
2020-10-22,123.67748260498047,127.55999755859375,128.10000610351562,125.97000122070312,126.66999816894531,5177700,DIS,0.7344233794103427,126.03599853515625,124.93350028991699
2020-10-23,124.44343566894531,128.35000610351562,128.5,126.3499984741211,128.10000610351562,5439900,DIS,0.6193231107259889,126.34400024414063,125.15100059509277
2020-10-26,120.28400421142578,124.05999755859375,127.11000061035156,122.94999694824219,127.11000061035156,8578900,DIS,-3.3424295605112286,126.30999908447265,125.05450057983398
2020-10-27,119.55683135986328,123.30999755859375,124.61000061035156,123.02999877929688,124.02999877929688,6813800,DIS,-0.6045461992257195,125.98199920654297,124.95000038146972
2020-10-28,114.8641586303711,118.47000122070312,121.52999877929688,118.31999969482422,121.01000213623047,11654700,DIS,-3.9250640124218528,124.35,124.66950035095215
2020-10-29,117.84071350097656,121.54000091552734,122.62999725341797,117.2300033569336,118.16000366210938,9583700,DIS,2.591373059163704,123.14600067138672,124.58100051879883
2020-10-30,117.55953216552734,121.25,121.75,119.08999633789062,120.63999938964844,8090200,DIS,-0.23860532610074925,121.72599945068359,124.51600036621093
2020-11-02,116.47361755371094,120.12999725341797,122.93000030517578,119.80999755859375,122.23999786376953,9186000,DIS,-0.9237136054284778,120.93999938964843,124.35400009155273
2020-11-03,120.24522399902344,124.0199966430664,125.06999969482422,121.37000274658203,121.61000061035156,8144900,DIS,3.23815822740956,121.08199920654297,124.50849990844726
2020-11-04,121.26326751708984,125.06999969482422,126.86000061035156,123.41000366210938,123.58000183105469,7483000,DIS,0.8466401227051668,122.4019989013672,124.616499710083
2020-11-05,123.09574127197266,126.95999908447266,128.6199951171875,125.80000305175781,126.77999877929688,7654800,DIS,1.5111532695771368,123.48599853515626,124.80999984741212
2020-11-06,123.58051300048828,127.45999908447266,128.0399932861328,124.61000061035156,126.26000213623047,6259700,DIS,0.39382482955701015,124.72799835205078,124.93399963378906
2020-11-09,138.25,142.58999633789062,147.67999267578125,138.07000732421875,140.25999450683594,35634700,DIS,11.870388641216568,129.21999816894532,125.81499938964843
2020-11-10,137.7846221923828,142.11000061035156,142.3699951171875,137.6699981689453,139.97000122070312,18115400,DIS,-0.33662650947940964,132.83799896240234,126.47249908447266
2020-11-11,133.6251983642578,137.82000732421875,142.0,136.6199951171875,141.47000122070312,9600900,DIS,-3.0187835252322937,135.38800048828125,127.03399963378907
2020-11-12,131.39520263671875,135.52000427246094,138.49000549316406,134.10000610351562,136.33999633789062,13768200,DIS,-1.6688455445711181,137.1000015258789,127.44199981689454
2020-11-13,134.1487579345703,138.36000061035156,141.19000244140625,136.52000427246094,140.89999389648438,21062300,DIS,2.0956288727536077,139.28000183105468,128.0194999694824
2020-11-16,140.26669311523438,144.6699981689453,144.74000549316406,141.57000732421875,141.57000732421875,16382500,DIS,4.560564853106586,139.6960021972656,129.041499710083
2020-11-17,140.10186767578125,144.5,144.8300018310547,142.55999755859375,144.39999389648438,9354900,DIS,-0.11750754897140725,140.17400207519532,130.0189998626709
2020-11-18,139.52011108398438,143.89999389648438,145.47999572753906,143.35000610351562,144.5,9456200,DIS,-0.4152291373810568,141.38999938964844,130.88249969482422
2020-11-19,137.40650939941406,141.72000122070312,143.3000030517578,141.6999969482422,142.57000732421875,8892500,DIS,-1.514935905660597,142.62999877929687,131.5904998779297
2020-11-20,136.77627563476562,141.07000732421875,142.61000061035156,140.86000061035156,141.7100067138672,8481600,DIS,-0.4586465501592363,143.1720001220703,132.22649993896485
2020-11-23,141.53683471679688,145.97999572753906,147.75,141.6999969482422,142.4499969482422,12887000,DIS,3.480533173884215,143.43399963378906,133.3224998474121
2020-11-24,146.879150390625,151.49000549316406,151.86000061035156,147.85000610351562,148.16000366210938,16711700,DIS,3.774496456287779,144.83200073242188,134.73150024414062
2020-11-25,144.55218505859375,149.08999633789062,150.27000427246094,147.24000549316406,150.27000427246094,9552000,DIS,-1.5842689736926152,145.87000122070313,136.2625
2020-11-27,142.65184020996094,147.1300048828125,150.35000610351562,146.52999877929688,149.0,5306400,DIS,-1.3146364633587426,146.952001953125,137.54200019836426
2020-11-30,143.50503540039062,148.00999450683594,148.69000244140625,146.2899932861328,147.05999755859375,9710100,DIS,0.5981034424109133,148.33999938964843,138.87999992370607
2020-12-01,144.8915252685547,149.44000244140625,151.39999389648438,149.0,149.57000732421875,8825500,DIS,0.9661563324389277,149.03200073242186,140.34550018310546
2020-12-02,148.93460083007812,153.61000061035156,154.00999450683594,148.33999633789062,149.49000549316406,10601900,DIS,2.790416288021902,149.45599975585938,141.82500038146972
2020-12-03,148.57586669921875,153.24000549316406,154.44000244140625,152.1300048828125,153.4499969482422,9063200,DIS,-0.24086655537879365,150.28600158691407,143.2335006713867
2020-12-04,149.44847106933594,154.13999938964844,154.67999267578125,152.80999755859375,153.69000244140625,6033300,DIS,0.5873100131966069,151.68800048828126,144.5925006866455
2020-12-07,149.00245666503906,153.67999267578125,153.8800048828125,152.25999450683594,153.17999267578125,6815500,DIS,-0.29843435557849185,152.8220001220703,145.90350036621095
2020-12-08,149.04127502441406,153.72000122070312,154.8800048828125,152.25,152.4199981689453,7900600,DIS,0.02603367180415983,153.6779998779297,146.46000061035156
2020-12-09,149.72962951660156,154.42999267578125,157.4600067138672,153.88999938964844,156.2899932861328,10804300,DIS,0.4618731781421026,153.8419982910156,147.07600021362305
2020-12-10,149.9817352294922,154.69000244140625,155.33999633789062,152.5,153.32000732421875,8993200,DIS,0.16836740138352901,154.13199768066406,147.91949996948242
2020-12-11,170.37164306640625,175.72000122070312,179.4499969482422,165.3300018310547,169.67999267578125,87410700,DIS,13.59493079539038,158.447998046875,149.92949981689452
2020-12-14,164.1470489501953,169.3000030517578,177.3000030517578,168.80999755859375,173.8000030517578,30939400,DIS,-3.653538654875055,161.5720001220703,151.47649993896485
2020-12-15,168.64581298828125,173.94000244140625,174.47000122070312,167.82000732421875,170.49000549316406,18802600,DIS,2.7406965776781034,165.61600036621093,152.94000015258788
2020-12-16,167.8507843017578,173.1199951171875,174.85000610351562,171.6199951171875,173.99000549316406,11105800,DIS,-0.47143113298218076,169.3540008544922,154.37099990844726
2020-12-17,168.2677001953125,173.5500030517578,174.83999633789062,171.9600067138672,173.82000732421875,9004600,DIS,0.24838721505233696,173.1260009765625,155.85350036621094
2020-12-18,167.62779235839844,172.88999938964844,175.83999633789062,172.27999877929688,173.60000610351562,21172100,DIS,-0.38029596687044753,172.56000061035155,157.4120002746582
2020-12-21,165.4947509765625,170.69000244140625,171.94000244140625,168.19000244140625,170.08999633789062,11424200,DIS,-1.2724836346861057,172.83800048828124,158.89300003051758
2020-12-22,165.2620391845703,170.4499969482422,171.4499969482422,169.16000366210938,170.0,6419200,DIS,-0.14060899275366578,172.13999938964844,160.11650009155272
2020-12-23,168.2677001953125,173.5500030517578,175.9499969482422,172.3000030517578,172.9600067138672,9994000,DIS,1.8187187791249837,172.2260009765625,161.21949996948243
2020-12-24,168.4422149658203,173.72999572753906,174.5800018310547,172.3800048828125,173.99000549316406,2721000,DIS,0.10371228615164707,172.26199951171876,162.45149993896484
2020-12-28,173.41607666015625,178.86000061035156,179.9199981689453,175.0500030517578,175.75,13145400,DIS,2.9528607661154282,173.45599975585938,164.0379997253418
2020-12-29,171.90354919433594,177.3000030517578,180.1999969482422,176.22000122070312,180.00999450683594,6875400,DIS,-0.872189172129223,174.7779998779297,165.50250015258788
2020-12-30,175.65577697753906,181.1699981689453,183.39999389648438,178.3699951171875,178.5,11680400,DIS,2.182738325197753,176.9220001220703,167.08899993896483
2020-12-31,175.6654510498047,181.17999267578125,183.39999389648438,180.27000427246094,181.22000122070312,7073500,DIS,0.005516645657088759,178.447998046875,168.46749954223634
2021-01-04,172.27197265625,177.67999267578125,182.58999633789062,174.72999572753906,182.25999450683594,13426600,DIS,-1.9317806278219662,179.23799743652344,169.6894989013672
2021-01-05,173.0088653564453,178.44000244140625,180.33999633789062,176.1999969482422,176.1999969482422,7771800,DIS,0.4277407682089507,179.15399780273438,170.90449905395508
2021-01-06,173.6681671142578,179.1199951171875,181.61000061035156,177.27999877929688,178.32000732421875,7517800,DIS,0.3810763654324312,179.51799621582032,172.1764991760254
2021-01-07,173.1446075439453,178.5800018310547,179.9499969482422,177.5800018310547,179.5,7300800,DIS,-0.301470132231485,178.9999969482422,173.41949920654298
2021-01-08,173.25125122070312,178.69000244140625,180.02000427246094,176.60000610351562,178.80999755859375,7894500,DIS,0.06159738449080798,178.5019989013672,174.63249969482422
2021-01-11,173.63906860351562,179.08999633789062,181.25999450683594,177.35000610351562,177.75,6461300,DIS,0.2238479439360619,178.78399963378905,175.85249938964844
2021-01-12,170.6334228515625,175.99000549316406,178.32000732421875,174.86000061035156,177.3000030517578,8349800,DIS,-1.7309681769593577,178.29400024414062,175.8659996032715
2021-01-13,170.75946044921875,176.1199951171875,177.72999572753906,173.74000549316406,174.39999389648438,6839500,DIS,0.07386193531795371,177.69400024414062,176.20699920654297
2021-01-14,168.15133666992188,173.42999267578125,178.35000610351562,173.39999389648438,177.00999450683594,8951200,DIS,-1.5273691324011018,176.66399841308595,176.1814987182617
2021-01-15,166.22190856933594,171.44000244140625,174.19000244140625,170.1699981689453,172.9499969482422,12232500,DIS,-1.147431423868639,175.21399841308593,176.09749908447264
2021-01-19,167.01695251464844,172.25999450683594,173.7100067138672,171.44000244140625,172.10000610351562,7834700,DIS,0.4782968115681907,173.847998046875,176.03299865722656
2021-01-20,168.35494995117188,173.63999938964844,177.8800048828125,173.0,175.22000122070312,9809200,DIS,0.8011174543243849,173.37799682617188,176.07049865722655
2021-01-21,166.0667724609375,171.27999877929688,175.0,171.02000427246094,173.24000549316406,8416400,DIS,-1.3591341964104275,172.40999755859374,176.0999984741211
2021-01-22,167.5211181640625,172.77999877929688,175.25,171.88999938964844,174.0,9517200,DIS,0.8757589973671376,172.27999877929688,176.21649856567382
2021-01-25,166.658203125,171.88999938964844,173.11000061035156,168.77000427246094,171.88999938964844,7833700,DIS,-0.5151055654221248,172.3699981689453,176.13349838256835
2021-01-26,164.3991241455078,169.55999755859375,173.35000610351562,169.0500030517578,173.0,7523200,DIS,-1.3555191339392203,171.8299987792969,175.92499847412108
2021-01-27,158.06788635253906,163.02999877929688,166.33999633789062,160.52000427246094,165.00999450683594,18239200,DIS,-3.85114347329496,169.70799865722657,175.13349838256835
2021-01-28,166.64852905273438,171.8800048828125,172.8800048828125,165.9499969482422,166.1699981689453,14449100,DIS,5.428452536208628,169.8279998779297,174.86249847412108
2021-01-29,163.05145263671875,168.1699981689453,169.80999755859375,165.7899932861328,168.8000030517578,12848800,DIS,-2.158486507140067,168.90599975585937,174.2124984741211
2021-02-01,165.76620483398438,170.97000122070312,171.72999572753906,168.02999877929688,170.83999633789062,8140400,DIS,1.6649836964051756,168.7220001220703,173.70199890136718
2021-02-02,171.57391357421875,176.9600067138672,179.75999450683594,172.8000030517578,173.77000427246094,12215200,DIS,3.5035418204341306,170.202001953125,173.66599960327147
2021-02-03,171.06002807617188,176.42999267578125,178.42999267578125,175.75999450683594,177.0,5508600,DIS,-0.29951063402869904,172.8820007324219,173.56549911499025
2021-02-04,174.74435424804688,180.22999572753906,181.3800048828125,176.49000549316406,177.58999633789062,9035400,DIS,2.1538305330777385,174.5519989013672,173.62099914550782
2021-02-05,175.64605712890625,181.16000366210938,182.32000732421875,179.3300018310547,181.7100067138672,6640500,DIS,0.5160117386765251,177.15,173.74999923706054
2021-02-08,184.2169952392578,190.0,190.63999938964844,183.3000030517578,183.85000610351562,16085700,DIS,4.879662264954776,180.95599975585938,174.31549911499025
2021-02-09,182.4814910888672,188.2100067138672,189.25,186.0399932861328,188.1699981689453,11270800,DIS,-0.9421017295435874,183.20599975585938,174.77149963378906
2021-02-10,183.8582763671875,189.6300048828125,190.6999969482422,185.80999755859375,189.97999572753906,11464600,DIS,0.7544753829715978,185.84600219726562,175.4534996032715
2021-02-11,185.09930419921875,190.91000366210938,191.25,188.07000732421875,189.17999267578125,17507900,DIS,0.674998020533657,187.98200378417968,176.19300003051757
2021-02-12,181.95791625976562,187.6699981689453,193.85000610351562,186.55999755859375,193.0,27233800,DIS,-1.6971376203514854,189.28400268554688,176.90500030517578
2021-02-16,180.6781005859375,186.35000610351562,188.44000244140625,184.86000061035156,187.3000030517578,11630700,DIS,-0.7033580637867298,188.55400390625,177.65050048828124
2021-02-17,180.76535034179688,186.44000244140625,187.6300048828125,182.16000366210938,185.36000061035156,11391800,DIS,0.048294250036473585,188.20000305175782,178.35950088500977
2021-02-18,177.4300537109375,183.0,186.39999389648438,182.83999633789062,184.7899932861328,12380900,DIS,-1.8450989038617749,186.8740020751953,178.82750091552734
2021-02-19,178.06027221679688,183.64999389648438,184.77999877929688,182.7899932861328,184.27000427246094,8834500,DIS,0.3551879215761611,185.4220001220703,179.4460006713867
2021-02-22,185.9234161376953,191.75999450683594,194.02000427246094,181.52999877929688,181.74000549316406,18799600,DIS,4.416009191333181,186.23999938964843,180.39500045776367
2021-02-23,191.09120178222656,197.08999633789062,198.94000244140625,188.66000366210938,193.58999633789062,23191400,DIS,2.7795170962338966,188.38799743652345,181.65500030517578
2021-02-24,191.4984130859375,197.50999450683594,200.60000610351562,195.3300018310547,197.5800018310547,16205900,DIS,0.2130996888473513,190.60199584960938,183.0525001525879
2021-02-25,185.1671600341797,190.97999572753906,197.9600067138672,190.3800048828125,197.72999572753906,12712000,DIS,-3.3061611872359564,192.1979949951172,184.45
2021-02-26,183.28622436523438,189.0399932861328,191.61000061035156,185.4499969482422,190.07000732421875,15844000,DIS,-1.0158144752364207,193.27599487304687,185.30799942016603
2021-03-01,189.04542541503906,194.97999572753906,196.89999389648438,191.38999938964844,193.22999572753906,10709900,DIS,3.142193531722892,193.9199951171875,186.64849929809571
2021-03-02,188.03707885742188,193.94000244140625,197.9600067138672,193.49000549316406,196.10000610351562,8371400,DIS,-0.5333846081246651,193.2899963378906,187.79699935913087
2021-03-03,186.40821838378906,192.25999450683594,196.80999755859375,192.2100067138672,194.6300048828125,8750300,DIS,-0.8662513733224686,192.23999633789063,188.5619987487793
2021-03-04,182.3069610595703,188.02999877929688,192.47999572753906,184.1199951171875,189.89999389648438,12542600,DIS,-2.2001434767484396,191.64999694824218,189.1419990539551
2021-03-05,184.20730590820312,189.99000549316406,190.57000732421875,183.33999633789062,189.14999389648438,10266400,DIS,1.0423904305651543,191.83999938964843,189.62999954223633
2021-03-08,195.76449584960938,201.91000366210938,203.02000427246094,193.7899932861328,197.30999755859375,25093200,DIS,6.274013276647961,193.2260009765625,190.66749954223633
2021-03-09,188.58973693847656,194.50999450683594,201.6999969482422,194.3699951171875,200.19000244140625,23331000,DIS,-3.6650037249551737,193.33999938964843,190.89299926757812
2021-03-10,189.12298583984375,195.05999755859375,198.8000030517578,194.67999267578125,197.30999755859375,13662100,DIS,0.2827633886640646,193.9,191.23549880981446
2021-03-11,190.76153564453125,196.75,199.0500030517578,195.39999389648438,197.3800048828125,11933900,DIS,0.8664013444881657,195.6440002441406,191.59149856567382
2021-03-12,191.15908813476562,197.16000366210938,198.41000366210938,195.17999267578125,196.52999877929688,13249100,DIS,0.2083881383021069,197.0779998779297,191.90399856567382
2021-03-15,190.771240234375,196.75999450683594,198.5399932861328,194.80999755859375,198.5399932861328,10311400,DIS,-0.20288554871350506,196.047998046875,192.35849838256837
2021-03-16,188.32794189453125,194.24000549316406,196.58999633789062,192.8800048828125,196.10000610351562,9680700,DIS,-1.2807425716736986,195.99400024414064,192.75299835205078
2021-03-17,189.29750061035156,195.24000549316406,196.19000244140625,191.77999877929688,193.44000244140625,14418700,DIS,0.5148270035624458,196.03000183105468,193.19299850463867
2021-03-18,186.4276123046875,192.27999877929688,195.0800018310547,191.74000549316406,194.9499969482422,9644500,DIS,-1.5160861660449165,195.13600158691406,193.65699844360353
2021-03-19,185.32228088378906,191.13999938964844,194.0,189.75999450683594,190.9199981689453,28354600,DIS,-0.5928850618295178,193.93200073242187,194.03149871826173
2021-03-22,186.9899444580078,192.86000061035156,196.3300018310547,192.0,193.25999450683594,8838500,DIS,0.8998646155673695,193.152001953125,194.0864990234375
2021-03-23,182.9856414794922,188.72999572753906,192.33999633789062,187.97000122070312,191.58999633789062,10701200,DIS,-2.1414522813139603,192.05,193.66849899291992
2021-03-24,179.0977020263672,184.72000122070312,190.5,184.63999938964844,190.05999755859375,13549100,DIS,-2.1247255855529112,189.9459991455078,193.02899932861328
2021-03-25,181.22105407714844,186.91000366210938,187.7100067138672,181.00999450683594,181.85000610351562,9609200,DIS,1.1855794862136504,188.87200012207032,192.82549972534179
2021-03-26,180.2611846923828,185.9199981689453,188.97999572753906,182.57000732421875,188.8300018310547,10196100,DIS,-0.529669613058148,187.8279998779297,192.66949996948242
2021-03-29,179.22373962402344,184.85000610351562,185.94000244140625,183.14999389648438,185.24000549316406,7544700,DIS,-0.575512089053154,186.2260009765625,192.16300048828126
2021-03-30,179.883056640625,185.52999877929688,186.32000732421875,183.55999755859375,183.8300018310547,5929700,DIS,0.36786186276913657,185.58600158691405,191.74250030517578
2021-03-31,178.90380859375,184.52000427246094,186.89999389648438,184.4199981689453,185.8300018310547,8478000,DIS,-0.5443833953976407,185.54600219726564,191.35550079345703
2021-04-01,183.2183380126953,188.97000122070312,189.10000610351562,185.58999633789062,186.42999267578125,7749400,DIS,2.4116609826603685,185.95800170898437,191.40250091552736
2021-04-05,182.76266479492188,188.5,191.6699981689453,188.08999633789062,191.47000122070312,7405300,DIS,-0.24871737189343657,186.4740020751953,191.32800064086913
2021-04-06,183.95521545410156,189.72999572753906,191.27999877929688,187.8699951171875,188.5,7926200,DIS,0.6525176273416866,187.45,190.71900024414063
2021-04-07,181.85125732421875,187.55999755859375,190.3300018310547,186.9499969482422,189.8000030517578,6238700,DIS,-1.143729625157175,187.8559997558594,190.37150039672852
2021-04-08,181.61859130859375,187.32000732421875,188.0500030517578,185.6300048828125,187.1999969482422,7763000,DIS,-0.12795384810133648,188.41600036621094,189.98450088500977
2021-04-09,182.17123413085938,187.88999938964844,188.22000122070312,186.14999389648438,188.1699981689453,6089300,DIS,0.3042878727007148,188.2,189.5415008544922
2021-04-12,180.8138427734375,186.49000549316406,187.85000610351562,185.47999572753906,187.75,6662500,DIS,-0.7451135776423423,187.79800109863282,189.00800094604492
2021-04-13,179.84426879882812,185.49000549316406,186.44000244140625,184.60000610351562,185.58999633789062,6826500,DIS,-0.5362217655340507,186.95000305175782,188.44450149536132
2021-04-14,181.75433349609375,187.4600067138672,190.39999389648438,185.7100067138672,185.97000122070312,9089900,DIS,1.0620524892785754,186.9300048828125,188.1055015563965
2021-04-15,180.2708740234375,185.92999267578125,188.89999389648438,185.6999969482422,188.08999633789062,7262500,DIS,-0.816181576490238,186.652001953125,187.64000091552734
2021-04-16,181.56039428710938,187.25999450683594,189.47000122070312,186.1999969482422,187.57000732421875,9453500,DIS,0.7153239839975178,186.5260009765625,187.3890007019043
2021-04-19,181.7252197265625,187.42999267578125,190.3300018310547,185.64999389648438,187.50999450683594,7625800,DIS,0.09078189358757704,186.71399841308593,187.20350036621093
2021-04-20,177.2264404296875,182.7899932861328,188.0800018310547,181.82000732421875,187.2899932861328,10765800,DIS,-2.4755906583610487,186.1739959716797,186.7
2021-04-21,177.53672790527344,183.11000061035156,183.3800048828125,178.86000061035156,181.2899932861328,8400200,DIS,0.17506829474949193,185.30399475097656,186.41900024414062
2021-04-22,177.19735717773438,182.75999450683594,184.8800048828125,181.25999450683594,184.22000122070312,7378300,DIS,-0.19114526915459118,184.6699951171875,186.32099990844728
2021-04-23,177.449462890625,183.02000427246094,183.89999389648438,181.9600067138672,182.35000610351562,6075500,DIS,0.14226842495077552,183.8219970703125,186.12649993896486
2021-04-26,178.66140747070312,184.27000427246094,185.60000610351562,183.25999450683594,183.9600067138672,6178300,DIS,0.6829854501255062,183.18999938964845,186.04400024414062
2021-04-27,179.0201416015625,184.63999938964844,185.80999755859375,184.14999389648438,184.99000549316406,4870000,DIS,0.20078966115419927,183.56000061035155,186.03349990844725
2021-04-28,177.8081817626953,183.38999938964844,184.7899932861328,182.82000732421875,184.7899932861328,5199300,DIS,-0.6769930698288795,183.61600036621093,185.92649993896484
2021-04-29,179.6891326904297,185.3300018310547,185.5500030517578,182.75,184.8000030517578,5958300,DIS,1.0578561796515062,184.1300018310547,185.96699981689454
2021-04-30,180.358154296875,186.02000427246094,186.32000732421875,183.5399932861328,184.2899932861328,7866300,DIS,0.37231016812659945,184.7300018310547,185.81949996948242
2021-05-03,179.86366271972656,185.50999450683594,189.22000122070312,185.25,187.69000244140625,7542800,DIS,-0.2741693118542221,184.97799987792968,185.6699996948242
2021-05-04,178.64199829101562,184.25,185.6300048828125,182.30999755859375,184.8699951171875,7069300,DIS,-0.6792057269935925,184.9,185.39599990844727
2021-05-05,175.98541259765625,181.50999450683594,185.00999450683594,181.36000061035156,185.00999450683594,5901700,DIS,-1.4871128863848337,184.5239990234375,185.09349975585937
2021-05-06,176.2568817138672,181.7899932861328,182.99000549316406,179.80999755859375,182.77999877929688,6944900,DIS,0.15426080533891273,183.8159973144531,184.81699905395507
2021-05-07,179.21405029296875,184.83999633789062,185.1199951171875,181.50999450683594,182.0,6888400,DIS,1.677761793498278,183.57999572753906,184.66449890136718
2021-05-10,178.69049072265625,184.3000030517578,186.97000122070312,184.02999877929688,185.6999969482422,8260300,DIS,-0.29214093098427485,183.33799743652344,184.55499877929688
2021-05-11,176.1405487060547,181.6699981689453,182.25,178.42999267578125,181.8000030517578,10865600,DIS,-1.4270237869035252,182.8219970703125,184.36399841308594
2021-05-12,172.4368133544922,177.85000610351562,182.4600067138672,177.5800018310547,180.6999969482422,8988100,DIS,-2.102709365295008,182.08999938964843,183.88349838256835
2021-05-13,172.91188049316406,178.33999633789062,180.75,175.8000030517578,178.3699951171875,12332200,DIS,0.2755075724258482,181.4,183.50399856567384
2021-05-14,168.41311645507812,173.6999969482422,174.91000366210938,168.77999877929688,172.92999267578125,33149400,DIS,-2.6017716075631747,179.1720001220703,182.82599868774415
2021-05-17,164.90330505371094,170.0800018310547,172.99000549316406,168.57000732421875,172.6999969482422,17771600,DIS,-2.084050190436193,176.3279998779297,181.9584991455078
2021-05-18,164.51548767089844,169.67999267578125,171.25999450683594,169.4499969482422,170.25999450683594,10401000,DIS,-0.23518882347542958,173.92999877929688,181.30299911499023
2021-05-19,164.11795043945312,169.27000427246094,169.39999389648438,167.10000610351562,167.7100067138672,9251000,DIS,-0.24162448197632136,172.21399841308593,180.6109992980957
2021-05-20,166.14434814453125,171.36000061035156,171.89999389648438,168.97999572753906,169.2100067138672,7400700,DIS,1.2347115762616268,170.81799926757813,180.04099960327147
2021-05-21,167.15269470214844,172.39999389648438,173.1199951171875,171.52000427246094,172.22000122070312,8105700,DIS,0.6069055102874366,170.55799865722656,179.50999908447267
2021-05-24,169.0045623779297,174.30999755859375,175.11000061035156,171.75,172.4499969482422,7346700,DIS,1.1078907945067717,171.40399780273438,179.0119987487793
2021-05-25,170.80792236328125,176.1699981689453,177.4499969482422,175.39999389648438,175.60000610351562,8089700,DIS,1.0670647905472785,172.70199890136718,178.58849868774413
2021-05-26,171.0988311767578,176.47000122070312,177.89999389648438,176.1999969482422,176.6199951171875,8086200,DIS,0.17029179478682543,174.14199829101562,178.24249877929688
2021-05-27,173.590576171875,179.0399932861328,179.58999633789062,176.7899932861328,177.1999969482422,13567800,DIS,1.4563336814485073,175.67799682617186,177.9279983520508
2021-05-28,173.2124481201172,178.64999389648438,180.13999938964844,178.0800018310547,179.50999450683594,7124800,DIS,-0.21782808549660748,176.92799682617186,177.55949783325195
2021-06-01,173.3966827392578,178.83999633789062,181.00999450683594,178.74000549316406,180.17999267578125,7475600,DIS,0.10635457480974164,177.83399658203126,177.2259979248047
2021-06-02,171.61270141601562,177.0,179.10000610351562,176.92999267578125,179.0399932861328,7851700,DIS,-1.0288505790473357,177.9999969482422,176.86349792480468
2021-06-03,170.87582397460938,176.24000549316406,176.97000122070312,175.4199981689453,176.27000427246094,5583900,DIS,-0.42937542759092784,177.95399780273436,176.5999984741211
2021-06-04,171.78720092773438,177.17999267578125,177.52000427246094,175.61000061035156,175.92999267578125,6343400,DIS,0.5333563057870139,177.58199768066407,176.3694984436035
2021-06-07,171.60299682617188,176.99000549316406,178.07000732421875,176.39999389648438,177.97000122070312,5178100,DIS,-0.1072283499666038,177.25,175.97699890136718
2021-06-08,170.96307373046875,176.3300018310547,177.1199951171875,175.19000244140625,175.97000122070312,5356200,DIS,-0.37290448139731813,176.7480010986328,175.57849884033203
2021-06-09,170.681884765625,176.0399932861328,177.3300018310547,175.8800048828125,176.30999755859375,5082400,DIS,-0.1644692008792359,176.55599975585938,175.2969985961914
2021-06-10,171.19578552246094,176.57000732421875,177.61000061035156,175.5500030517578,176.44000244140625,5253000,DIS,0.3010759249601147,176.62200012207032,175.23299865722657
2021-06-11,171.9811248779297,177.3800048828125,178.49000549316406,176.80999755859375,177.4499969482422,5476300,DIS,0.45874017386566823,176.66200256347656,175.18499908447265
2021-06-14,172.75672912597656,178.17999267578125,178.8699951171875,176.89999389648438,177.64999389648438,10170000,DIS,0.4510022386667867,176.9,175.40899887084962
2021-06-15,170.50738525390625,175.86000061035156,178.6999969482422,175.6199951171875,178.17999267578125,7895000,DIS,-1.3020497029939682,176.80599975585938,175.69799880981446
2021-06-16,169.34390258789062,174.66000366210938,176.25999450683594,173.5500030517578,176.00999450683594,8336000,DIS,-0.682359231250651,176.53000183105468,175.94699935913087
2021-06-17,169.33419799804688,174.64999389648438,176.25999450683594,173.83999633789062,174.58999633789062,8906000,DIS,-0.005731000466691061,176.1459991455078,176.21599884033202
2021-06-18,167.1720733642578,172.4199981689453,173.86000061035156,172.1199951171875,173.13999938964844,12357500,DIS,-1.276836991394792,175.15399780273438,176.2689987182617
2021-06-21,168.67491149902344,173.97000122070312,174.25999450683594,171.30999755859375,172.1300048828125,9196900,DIS,0.8989694166676943,174.31199951171874,176.34749908447264
2021-06-22,168.21920776367188,173.5,174.6999969482422,172.35000610351562,174.3699951171875,8097100,DIS,-0.27016222188035455,173.83999938964843,176.30699920654297
2021-06-23,169.99349975585938,175.3300018310547,175.4499969482422,172.94000244140625,173.6199951171875,9174200,DIS,1.0547560985906035,173.9739990234375,176.26499938964844
2021-06-24,172.51437377929688,177.92999267578125,178.24000549316406,175.77999877929688,176.1300048828125,7549400,DIS,1.4829126889714273,174.62999877929687,176.33799896240234
2021-06-25,172.92160034179688,178.35000610351562,179.08999633789062,177.49000549316406,178.8300018310547,7431800,DIS,0.23605544035496528,175.81600036621094,176.3034996032715
2021-06-28,171.19578552246094,176.57000732421875,178.66000366210938,174.99000549316406,178.5,9881400,DIS,-0.998036847985162,176.33600158691405,176.1995002746582
2021-06-29,168.63612365722656,173.92999267578125,177.02000427246094,173.8000030517578,176.63999938964844,13498300,DIS,-1.4951659619008129,176.4220001220703,175.95400009155273
2021-06-30,170.42013549804688,175.77000427246094,175.97999572753906,173.33999633789062,173.88999938964844,7481900,DIS,1.057903567045848,176.51000061035157,175.8925003051758
2021-07-01,171.86474609375,177.25999450683594,177.60000610351562,174.60000610351562,175.35000610351562,5887100,DIS,0.8476931206449656,176.3760009765625,175.94349975585936
2021-07-02,171.71932983398438,177.11000061035156,178.36000061035156,174.6199951171875,177.86000061035156,11099300,DIS,-0.08461801936848756,176.12799987792968,175.94000015258788
2021-07-06,168.40342712402344,173.69000244140625,177.0,172.22000122070312,176.75999450683594,11557900,DIS,-1.9310022907568225,175.5519989013672,175.775
2021-07-07,167.5599365234375,172.82000732421875,174.32000732421875,171.99000549316406,172.86000061035156,6757300,DIS,-0.5008895762327992,175.3300018310547,175.5995002746582
2021-07-08,167.54052734375,172.8000030517578,173.75,169.80999755859375,170.17999267578125,6960100,DIS,-0.011575206349467848,174.73600158691406,175.43750076293946
2021-07-09,171.65145874023438,177.0399932861328,177.52000427246094,173.92999267578125,174.6999969482422,7873300,DIS,2.4536980089664873,174.69200134277344,175.46100006103515
2021-07-12,178.76808166503906,184.3800048828125,184.99000549316406,177.3699951171875,177.7100067138672,21835500,DIS,4.145962423765304,176.14600219726563,175.81100006103514
2021-07-13,178.06027221679688,183.64999389648438,185.6699981689453,181.83999633789062,184.08999633789062,12534600,DIS,-0.39592741457626923,178.13800048828125,176.08450012207032
2021-07-14,177.83726501464844,183.4199981689453,186.2899932861328,182.0800018310547,185.1999969482422,8787300,DIS,-0.1252359026315597,180.25799865722655,176.4625
2021-07-15,178.54505920410156,184.14999389648438,185.4199981689453,183.0500030517578,183.4499969482422,7867000,DIS,0.397991350357918,182.5279968261719,176.93699951171874
2021-07-16,173.8523712158203,179.30999755859375,185.2899932861328,178.9199981689453,184.94000244140625,8348800,DIS,-2.628290251593124,182.98199768066405,177.1699996948242
2021-07-19,167.68594360351562,172.9499969482422,176.47999572753906,172.16000366210938,175.7100067138672,14651800,DIS,-3.5469302866245833,180.69599609375,177.19649963378907
2021-07-20,171.37030029296875,176.75,177.50999450683594,172.8699951171875,173.6999969482422,8372400,DIS,2.1971686145186853,179.3159973144531,177.33549957275392
2021-07-21,171.50604248046875,176.88999938964844,177.89999389648438,175.32000732421875,176.5,6302200,DIS,0.07920757547295043,178.00999755859374,177.50499954223633
2021-07-22,169.7996063232422,175.1300048828125,176.72000122070312,173.89999389648438,176.6999969482422,5713700,DIS,-0.9949655225895859,176.20599975585938,177.49499969482423
2021-07-23,170.77886962890625,176.13999938964844,176.5,174.02999877929688,175.66000366210938,5126300,DIS,0.5767112880010306,175.5720001220703,177.40550003051757
2021-07-26,173.2997283935547,178.74000549316406,178.77999877929688,175.33999633789062,175.6199951171875,5641000,DIS,1.4761020282304083,176.7300018310547,177.425
2021-07-27,174.03659057617188,179.5,179.55999755859375,176.57000732421875,178.25,6684100,DIS,0.42519552617168443,177.28000183105468,177.57149963378907
2021-07-28,173.6487579345703,179.10000610351562,180.35000610351562,177.5500030517578,179.69000244140625,5926900,DIS,-0.2228378253394836,177.7220031738281,177.8300003051758
2021-07-29,172.92160034179688,178.35000610351562,181.4199981689453,178.27000427246094,179.80999755859375,6209100,DIS,-0.418760454740863,178.36600341796876,177.95900039672853
2021-07-30,170.66250610351562,176.02000427246094,179.1999969482422,175.13999938964844,177.52999877929688,6813400,DIS,-1.306420942706521,178.34200439453124,177.89700088500976
2021-08-02,170.20681762695312,175.5500030517578,178.82000732421875,175.30999755859375,177.22000122070312,5847200,DIS,-0.2670157989404509,177.70400390625,177.8190010070801
2021-08-03,167.72474670410156,172.99000549316406,176.1300048828125,170.9199981689453,176.02000427246094,9931300,DIS,-1.4582725799434981,176.40200500488282,177.78400115966798
2021-08-04,167.3272247314453,172.5800018310547,173.25,171.33999633789062,172.5,5665800,DIS,-0.2370100289554422,175.09800415039064,177.77200088500976
2021-08-05,171.3314971923828,176.7100067138672,177.1199951171875,172.49000549316406,172.49000549316406,8864200,DIS,2.39309586220513,174.77000427246094,177.96750106811524
2021-08-06,171.7387237548828,177.1300048828125,178.80999755859375,176.6300048828125,177.42999267578125,5505200,DIS,0.23767650556731912,174.99200439453125,177.9720016479492
2021-08-09,171.34120178222656,176.72000122070312,177.30999755859375,175.05999755859375,177.0,5339000,DIS,-0.23147047411906652,175.22600402832032,177.58900146484376
2021-08-10,171.68057250976562,177.07000732421875,177.39999389648438,175.5800018310547,176.25,5185000,DIS,0.1980568702455443,176.04200439453126,177.26000213623047
2021-08-11,172.6695098876953,178.08999633789062,178.49000549316406,176.50999450683594,177.36000061035156,5359900,DIS,0.5760371443393364,177.14400329589844,176.99350204467774
2021-08-12,173.8329620361328,179.2899932861328,179.72000122070312,176.4499969482422,178.08999633789062,11081300,DIS,0.6738149098310053,177.66000061035157,176.75050201416016
2021-08-13,175.56849670410156,181.0800018310547,187.5800018310547,180.8800048828125,186.2899932861328,32504600,DIS,0.9983873121491849,178.45,176.8390022277832
2021-08-16,173.63906860351562,179.08999633789062,180.58999633789062,176.50999450683594,180.50999450683594,8746700,DIS,-1.0989648072903813,178.9239990234375,177.14600219726563
2021-08-17,170.47830200195312,175.8300018310547,178.4499969482422,174.9199981689453,177.14999389648438,8534500,DIS,-1.8203107786574968,178.67599792480468,177.10000228881836
2021-08-18,169.42147827148438,174.74000549316406,176.7899932861328,174.5,175.89999389648438,7063500,DIS,-0.6199148760391515,178.00599975585936,176.99250259399415
2021-08-19,167.976806640625,173.25,174.67999267578125,172.55999755859375,174.0,8478600,DIS,-0.8526985500308615,176.79800109863282,176.89850234985352
2021-08-20,169.78988647460938,175.1199951171875,175.2100067138672,172.64999389648438,173.0,6239600,DIS,1.079362261002892,175.6059997558594,176.84750213623047
2021-08-23,172.25259399414062,177.66000366210938,178.30999755859375,175.91000366210938,177.0800018310547,7395900,DIS,1.4504389080311153,175.32000122070312,176.79350204467772
2021-08-24,173.03794860839844,178.47000122070312,180.0800018310547,177.75999450683594,177.9199981689453,5886900,DIS,0.45592566807231005,175.8480010986328,176.74200210571288
2021-08-25,172.8828125,178.30999755859375,178.58999633789062,176.8800048828125,178.16000366210938,4842100,DIS,-0.08965297305708608,176.56199951171874,176.7025016784668
2021-08-26,171.18606567382812,176.55999755859375,178.94000244140625,176.33999633789062,178.33999633789062,4563000,DIS,-0.9814368369473692,177.2239990234375,176.6130012512207
2021-08-27,174.6571044921875,180.13999938964844,180.5399932861328,176.27999877929688,176.27999877929688,8697000,DIS,2.027640394516106,178.22799987792968,176.8190010070801
2021-08-30,174.50198364257812,179.97999572753906,181.38999938964844,178.8699951171875,180.5,6421300,DIS,-0.0888218400419083,178.69199829101564,177.04050064086914
2021-08-31,175.78179931640625,181.3000030517578,182.97999572753906,178.52999877929688,179.25,8620000,DIS,0.7334189107421896,179.25799865722655,177.45600051879882
2021-09-01,177.89544677734375,183.47999572753906,184.2100067138672,181.77999877929688,181.9600067138672,7302800,DIS,1.2024228566388295,180.29199829101563,178.00100021362306
2021-09-02,176.32476806640625,181.86000061035156,185.3000030517578,181.5500030517578,184.16000366210938,6492600,DIS,-0.8829273789569547,181.35199890136718,178.25849990844728
2021-09-03,175.49093627929688,181.0,181.82000732421875,179.1300048828125,181.82000732421875,6847400,DIS,-0.4728915690450086,181.5239990234375,178.45199966430664
2021-09-07,178.72927856445312,184.33999633789062,185.5500030517578,180.0500030517578,181.02000427246094,10702900,DIS,1.8453018441384694,182.3959991455078,178.832999420166
2021-09-08,179.51461791992188,185.14999389648438,187.4600067138672,183.9199981689453,184.33999633789062,8634000,DIS,0.4394041307829166,183.16599731445314,179.23699874877929
2021-09-09,180.25149536132812,185.91000366210938,187.5800018310547,184.57000732421875,185.14999389648438,7190700,DIS,0.41048327878958624,183.6519989013672,179.62799911499025
2021-09-10,178.51597595214844,184.1199951171875,187.10000610351562,184.00999450683594,186.36000061035156,5572200,DIS,-0.962836054898486,184.10399780273437,179.86949920654297
2021-09-13,179.3498077392578,184.97999572753906,185.8000030517578,183.5,185.1199951171875,6818200,DIS,0.46708702648194933,184.89999694824218,180.0644989013672
2021-09-14,176.8483123779297,182.39999389648438,185.1300048828125,182.14999389648438,184.9600067138672,6185900,DIS,-1.394746399959279,184.51199645996093,180.22999877929686
2021-09-15,178.79714965820312,184.41000366210938,184.66000366210938,181.10000610351562,182.05999755859375,5933400,DIS,1.1019790750462999,184.36399841308594,180.65899887084962
2021-09-16,177.7597198486328,183.33999633789062,184.63999938964844,182.1199951171875,183.97000122070312,5678200,DIS,-0.5802327980966249,183.8499969482422,181.08899841308593
2021-09-17,177.88575744628906,183.47000122070312,185.89999389648438,182.72999572753906,182.91000366210938,10035100,DIS,0.07090917716225942,183.71999816894532,181.5999984741211
2021-09-20,173.17367553710938,178.61000061035156,180.8800048828125,176.5500030517578,179.74000549316406,8056600,DIS,-2.6489347457436807,182.4459991455078,181.7744987487793
2021-09-21,165.96011352539062,171.1699981689453,182.22999572753906,169.02999877929688,180.32000732421875,23216000,DIS,-4.1655016046033495,180.2,181.4499984741211
2021-09-22,168.36463928222656,173.64999389648438,175.33999633789062,171.66000366210938,172.94000244140625,14214500,DIS,1.4488495379262112,178.047998046875,181.20899810791016
2021-09-23,170.88551330566406,176.25,177.19000244140625,174.3699951171875,174.94000244140625,8052900,DIS,1.4972681801909804,176.62999877929687,181.10599822998046
2021-09-24,170.64312744140625,176.0,176.6999969482422,175.0800018310547,175.3000030517578,5712800,DIS,-0.14184397163120588,175.13599853515626,181.07799835205077
2021-09-27,172.83433532714844,178.25999450683594,179.4499969482422,175.9600067138672,176.6300048828125,7755000,DIS,1.2840877879749746,175.0659973144531,180.98399810791017
2021-09-28,169.20819091796875,174.52000427246094,178.0,173.86000061035156,177.75,9133100,DIS,-2.0980536012703555,175.73599853515626,180.71099853515625
2021-09-29,167.42416381835938,172.67999267578125,174.9600067138672,172.58999633789062,174.25,6240800,DIS,-1.0543270408170824,175.54199829101563,180.2799980163574
2021-09-30,164.02101135253906,169.1699981689453,173.67999267578125,169.10000610351562,173.10000610351562,13978000,DIS,-2.0326584756267585,174.1259979248047,179.56449813842772
2021-10-01,170.65280151367188,176.00999450683594,177.32000732421875,171.97000122070312,172.27999877929688,12165000,DIS,4.043267962360386,174.12799682617188,179.27199783325196
2021-10-04,168.180419921875,173.4600067138672,175.9600067138672,172.6699981689453,175.55999755859375,7200600,DIS,-1.4487744290394344,173.16799926757812,178.8949981689453
2021-10-05,169.29544067382812,174.61000061035156,176.24000549316406,173.61000061035156,173.8300018310547,6798200,DIS,0.6629735108804491,173.18599853515624,178.40849838256835
2021-10-06,170.13893127441406,175.47999572753906,175.7100067138672,171.5500030517578,173.0,6005200,DIS,0.4982504519480013,173.74599914550782,177.92499847412108
2021-10-07,172.30108642578125,177.7100067138672,179.6300048828125,177.3300018310547,177.6999969482422,7780000,DIS,1.270806382848666,175.4540008544922,177.51499862670897
2021-10-08,171.360595703125,176.74000549316406,178.60000610351562,176.39999389648438,177.92999267578125,4132200,DIS,-0.5458337651547907,175.60000305175782,177.1459991455078
2021-10-11,168.2386016845703,173.52000427246094,176.52000427246094,173.47999572753906,176.02000427246094,8046300,DIS,-1.8218858892293466,175.61200256347655,176.5729995727539
2021-10-12,167.8604736328125,173.1300048828125,174.49000549316406,172.5500030517578,173.6199951171875,5188400,DIS,-0.2247575956925707,175.31600341796874,176.1095001220703
2021-10-13,167.69564819335938,172.9600067138672,173.6999969482422,170.94000244140625,173.6300048828125,8914700,DIS,-0.0981910495874927,174.81200561523437,175.5370002746582
2021-10-14,169.10150146484375,174.41000366210938,176.02000427246094,174.0,174.07000732421875,7450200,DIS,0.8383423288373049,174.15200500488282,175.09050064086915
2021-10-15,171.08914184570312,176.4600067138672,178.88999938964844,174.10000610351562,175.69000244140625,13943900,DIS,1.1753930443860083,174.09600524902345,174.74000091552733
2021-10-18,165.9310302734375,171.13999938964844,173.33999633789062,169.8000030517578,172.36000061035156,20494800,DIS,-3.014851593452128,173.62000427246093,174.3665008544922
2021-10-19,165.96981811523438,171.17999267578125,171.5800018310547,170.17999267578125,171.44000244140625,9669500,DIS,0.02336875439723496,173.2300018310547,174.36700057983398
2021-10-20,165.3590087890625,170.5500030517578,171.02000427246094,169.8800048828125,170.97000122070312,9737600,DIS,-0.36802760309533333,172.7480010986328,174.21200103759764
2021-10-21,166.1249542236328,171.33999633789062,172.5,170.10000610351562,170.1999969482422,7509000,DIS,0.46320332570914946,172.13399963378907,173.96650085449218
2021-10-22,164.26339721679688,169.4199981689453,170.8000030517578,168.60000610351562,170.57000732421875,7854300,DIS,-1.120577921082122,170.7259979248047,173.63750076293945
2021-10-25,166.77456665039062,172.00999450683594,172.57000732421875,169.02999877929688,169.89999389648438,9798700,DIS,1.5287429854106582,170.89999694824218,173.32500076293945
2021-10-26,166.80364990234375,172.0399932861328,173.1199951171875,170.7100067138672,172.9499969482422,5850200,DIS,0.01744013734950034,171.0719970703125,173.20100021362305
2021-10-27,164.38943481445312,169.5500030517578,172.0399932861328,169.42999267578125,171.77000427246094,7054700,DIS,-1.4473322085253204,170.8719970703125,173.04450073242188
2021-10-28,164.51548767089844,169.67999267578125,170.35000610351562,168.60000610351562,169.47999572753906,7884500,DIS,0.07666742653125169,170.5399963378906,173.07000045776368
2021-10-29,163.92405700683594,169.07000732421875,170.4600067138672,168.14999389648438,169.02000427246094,7598800,DIS,-0.35949161827701914,170.46999816894532,172.7230010986328
2021-11-01,165.00994873046875,170.19000244140625,171.25,169.08999633789062,169.2100067138672,8182900,DIS,0.6624445902103426,170.1059997558594,172.55950088500975
2021-11-02,164.66091918945312,169.8300018310547,170.85000610351562,168.97999572753906,170.02999877929688,6777200,DIS,-0.21152864750413336,169.66400146484375,172.32050094604492
2021-11-03,164.90330505371094,170.0800018310547,170.19000244140625,168.3699951171875,169.6999969482422,6829300,DIS,0.1472060279718468,169.77000122070314,172.0505012512207
2021-11-04,165.0972137451172,170.27999877929688,170.4199981689453,168.6699981689453,170.02999877929688,7505500,DIS,0.11758992596957452,169.89000244140624,171.6790008544922
2021-11-05,170.28436279296875,175.6300048828125,176.99000549316406,172.3300018310547,173.5,16859200,DIS,3.1418875627605924,171.202001953125,171.6235008239746
2021-11-08,171.48663330078125,176.8699951171875,179.25,176.10000610351562,178.69000244140625,10584600,DIS,0.706024141605166,172.53800048828126,171.79100036621094
2021-11-09,169.78021240234375,175.11000061035156,177.1199951171875,173.2100067138672,176.9499969482422,7293300,DIS,-0.9950780547428817,173.59400024414063,171.8900001525879
2021-11-10,169.14031982421875,174.4499969482422,176.8699951171875,173.8699951171875,174.69000244140625,11045800,DIS,-0.37690803484033975,174.46799926757814,171.96449966430663
2021-11-11,157.17588806152344,162.11000061035156,163.9600067138672,158.3300018310547,162.88999938964844,62366500,DIS,-7.073658099032121,172.83399963378906,171.34949951171876
2021-11-12,154.77137756347656,159.6300048828125,163.61000061035156,158.92999267578125,163.52000427246094,25638400,DIS,-1.5298227858872138,169.63399963378907,170.50799942016602
2021-11-15,153.60789489746094,158.42999267578125,160.72000122070312,157.66000366210938,160.08999633789062,21285300,DIS,-0.7517460191222791,165.9459991455078,169.87249908447265
2021-11-16,153.99574279785156,158.8300018310547,160.24000549316406,158.5500030517578,159.05999755859375,15516200,DIS,0.25248322525144307,162.68999938964845,169.25499954223633
2021-11-17,152.5413818359375,157.3300018310547,158.88999938964844,156.75,158.72999572753906,14695500,DIS,-0.9444059577582431,159.26600036621093,168.59399948120117
2021-11-18,150.8446502685547,155.5800018310547,157.3000030517578,153.7100067138672,157.08999633789062,14487700,DIS,-1.112311688573675,157.96000061035156,167.80599975585938
2021-11-19,149.31271362304688,154.0,155.2100067138672,152.77000427246094,155.02000427246094,16776500,DIS,-1.015555863516715,156.83399963378906,167.0349998474121
2021-11-22,149.46786499023438,154.16000366210938,155.82000732421875,152.57000732421875,153.22999572753906,12790400,DIS,0.10389848188920858,155.9800018310547,166.1425003051758
2021-11-23,146.4331512451172,151.02999877929688,154.25,150.19000244140625,153.83999633789062,17382900,DIS,-2.030361188673102,154.4200012207031,165.09200057983398
2021-11-24,146.7336883544922,151.33999633789062,151.41000366210938,148.8000030517578,150.69000244140625,14123700,DIS,0.20525561881699073,153.2220001220703,164.18150024414064
2021-11-26,143.60198974609375,148.11000061035156,148.85000610351562,145.85000610351562,146.8000030517578,12027700,DIS,-2.1342644414551026,151.72799987792968,163.10300064086914
2021-11-29,143.31112670898438,147.80999755859375,149.3000030517578,144.25,148.80999755859375,21231300,DIS,-0.2025542168128558,150.48999938964843,162.04000015258788
2021-11-30,140.48971557617188,144.89999389648438,147.27999877929688,143.11000061035156,146.72000122070312,26011100,DIS,-1.9687461674950724,148.63799743652345,160.7754997253418
2021-12-01,137.82339477539062,142.14999389648438,148.3699951171875,142.0399932861328,146.6999969482422,16469000,DIS,-1.8978606734549541,146.86199645996095,159.3914993286133
2021-12-02,142.7196807861328,147.1999969482422,147.64999389648438,142.77000427246094,142.83999633789062,18177700,DIS,3.55258759661663,146.03399658203125,158.24749908447265
2021-12-03,141.76953125,146.22000122070312,148.32000732421875,144.32000732421875,147.80999755859375,14975600,DIS,-0.665757980880699,145.65599670410157,157.04449920654298
2021-12-06,145.793212890625,150.3699951171875,150.74000549316406,146.6699981689453,147.27999877929688,14333900,DIS,2.8381848323338454,146.16799621582032,155.78149871826173
2021-12-07,146.21983337402344,150.80999755859375,152.75999450683594,149.72000122070312,151.83999633789062,14661100,DIS,0.29261319125757357,147.3499969482422,154.47849884033204
2021-12-08,148.67282104492188,153.33999633789062,153.66000366210938,150.55999755859375,150.91000366210938,12886300,DIS,1.6776068034308533,149.58799743652344,153.38999862670897
2021-12-09,148.28500366210938,152.94000244140625,154.2899932861328,151.6999969482422,152.27000427246094,11862300,DIS,-0.26085424940468505,150.73599853515626,152.3144989013672
2021-12-10,148.06201171875,152.7100067138672,154.66000366210938,151.4499969482422,153.5800018310547,10247900,DIS,-0.15038297624402341,152.03399963378905,151.84449920654296
2021-12-13,145.8513946533203,150.42999267578125,152.5,149.2899932861328,152.1199951171875,10195800,DIS,-1.4930351239902717,152.0459991455078,151.3844985961914
2021-12-14,144.56185913085938,149.10000610351562,151.6199951171875,148.52000427246094,149.25999450683594,10872000,DIS,-0.8841232713027614,151.7040008544922,150.91799926757812
2021-12-15,145.8223114013672,150.39999389648438,150.9199981689453,147.35000610351562,148.75999450683594,12231500,DIS,0.8718898321615098,151.11600036621093,150.49649887084962
2021-12-16,144.22251892089844,148.75,152.05999755859375,148.5800018310547,151.35000610351562,11145600,DIS,-1.0970704544177146,150.2779998779297,150.06749877929687
2021-12-17,144.2322235107422,148.75999450683594,149.83999633789062,146.57000732421875,148.50999450683594,13785000,DIS,0.006718996192223159,149.48799743652344,149.72649841308595
2021-12-20,142.0119171142578,146.47000122070312,147.72999572753906,145.0800018310547,146.97999572753906,11201900,DIS,-1.5393878533839112,148.6959991455078,149.3499984741211
2021-12-21,146.45252990722656,151.0500030517578,151.42999267578125,147.38999938964844,147.55999755859375,10781400,DIS,3.1269214124969302,149.08599853515625,149.19449844360352
2021-12-22,147.25726318359375,151.8800048828125,152.1999969482422,149.8699951171875,150.4199981689453,7820400,DIS,0.5494881259752615,149.3820007324219,149.23699874877929
2021-12-23,148.95401000976562,153.6300048828125,154.19000244140625,151.92999267578125,152.32000732421875,6572400,DIS,1.1522254040946756,150.35800170898438,149.35149917602538
2021-12-27,148.14926147460938,152.8000030517578,154.02000427246094,151.39999389648438,152.8800048828125,7762000,DIS,-0.5402602386739508,151.16600341796874,149.58599929809571
2021-12-28,150.47622680664062,155.1999969482422,156.5,152.41000366210938,152.6199951171875,12198700,DIS,1.5706766024549346,152.91200256347656,149.95549926757812
2021-12-29,150.15625,154.8699951171875,155.9199981689453,154.17999267578125,154.55999755859375,8737000,DIS,-0.21263004996369128,153.6760009765625,150.4539993286133
2021-12-30,151.18397521972656,155.92999267578125,157.07000732421875,155.50999450683594,155.7100067138672,7228400,DIS,0.6844434635590035,154.48599853515626,151.14299926757812
2021-12-31,150.17564392089844,154.88999938964844,156.57000732421875,154.74000549316406,155.8699951171875,6410200,DIS,-0.6669616718928628,154.73799743652344,151.52749938964843
2022-01-03,151.98870849609375,156.75999450683594,157.55999755859375,155.36000061035156,155.8300018310547,10222800,DIS,1.2073052647403326,155.52999572753907,152.05449905395508
2022-01-04,150.99008178710938,155.72999572753906,160.32000732421875,155.5500030517578,158.58999633789062,16582000,DIS,-0.6570546155843071,155.63599548339843,152.32249908447267
2022-01-05,150.46652221679688,155.19000244140625,159.3800048828125,155.10000610351562,156.52000427246094,12272100,DIS,-0.34674969559337354,155.6999969482422,152.54149932861327
2022-01-06,152.1244659423828,156.89999389648438,157.77000427246094,153.67999267578125,156.24000549316406,11095300,DIS,1.1018695973819215,155.8939971923828,152.71949920654296
2022-01-07,153.02615356445312,157.8300018310547,159.3000030517578,156.2899932861328,156.89999389648438,9554600,DIS,0.5927393057668873,156.48199768066405,152.9639991760254
2022-01-10,151.83360290527344,156.60000610351562,158.27000427246094,154.64999389648438,157.97999572753906,8672900,DIS,-0.779316804960617,156.45,153.15849914550782
2022-01-11,153.08433532714844,157.88999938964844,158.22000122070312,155.9499969482422,156.6199951171875,8042600,DIS,0.8237504698946907,156.8820007324219,153.53149948120117
2022-01-12,152.9970703125,157.8000030517578,158.99000549316406,156.3300018310547,158.5,6995600,DIS,-0.05699939086611927,157.40400085449218,153.96649932861328
2022-01-13,150.7089080810547,155.44000244140625,158.52999877929688,155.1699981689453,157.6999969482422,9680600,DIS,-1.495564362934454,157.11200256347655,154.21849975585937
2022-01-14,147.31544494628906,151.94000244140625,152.6199951171875,148.4199981689453,152.35000610351562,16832000,DIS,-2.2516726357614036,155.9340026855469,154.37799987792968
2022-01-18,147.63540649414062,152.27000427246094,153.1300048828125,149.8300018310547,151.11000061035156,10419500,DIS,0.21719219807301293,155.06800231933593,154.55350036621093
2022-01-19,145.54112243652344,150.11000061035156,152.86000061035156,149.9600067138672,150.83999633789062,10413200,DIS,-1.4185352344539326,153.51200256347656,154.73550033569336
2022-01-20,143.12692260742188,147.6199951171875,152.66000366210938,147.14999389648438,150.91000366210938,11760400,DIS,-1.658787211404722,151.4760009765625,154.56399993896486
2022-01-21,133.1986083984375,137.3800048828125,141.8699951171875,136.6300048828125,141.22999572753906,34491800,DIS,-6.936723054519833,147.86400146484374,153.83899993896483
2022-01-24,133.27615356445312,137.4600067138672,137.67999267578125,129.25999450683594,134.82000732421875,31419500,DIS,0.058233970163956705,144.96800231933594,153.03050003051757
2022-01-25,132.35507202148438,136.50999450683594,137.75,132.3800048828125,135.2899932861328,14694400,DIS,-0.6911189878004098,141.81600036621094,152.21599960327148
2022-01-26,129.5336456298828,133.60000610351562,138.1999969482422,132.25999450683594,137.7100067138672,14569900,DIS,-2.1317035531596806,138.51400146484374,151.13600006103516
2022-01-27,131.29824829101562,135.4199981689453,137.91000366210938,134.02000427246094,135.07000732421875,11913900,DIS,1.3622694478168773,136.07400207519532,150.16350021362305
2022-01-28,134.41055297851562,138.6300048828125,138.69000244140625,133.55999755859375,135.2100067138672,10011700,DIS,2.370408179936989,136.32400207519532,149.29850082397462
2022-01-31,138.61843872070312,142.97000122070312,143.14999389648438,138.47000122070312,138.86000061035156,10185500,DIS,3.1306327526709143,137.4260009765625,148.70250091552734
2022-02-01,140.09217834472656,144.49000549316406,144.69000244140625,142.25,143.02000427246094,8573300,DIS,1.0631630828025873,139.02200317382812,148.08900146484376
2022-02-02,138.2790985107422,142.6199951171875,144.58999633789062,141.3800048828125,144.19000244140625,9529900,DIS,-1.2942143434723774,140.8260009765625,147.43350143432616
2022-02-03,135.7679443359375,140.02999877929688,142.0399932861328,139.25,140.0,9820600,DIS,-1.8160120786447131,141.7480010986328,146.6755012512207
2022-02-04,137.69737243652344,142.02000427246094,143.19000244140625,139.52999877929688,140.0399932861328,8061100,DIS,1.4211279800841359,142.4260009765625,145.93150177001954
2022-02-07,138.1724395751953,142.50999450683594,144.08999633789062,141.61000061035156,143.38999938964844,10937500,DIS,0.34501494130008137,142.33399963378906,145.1655014038086
2022-02-08,138.1433563232422,142.47999572753906,142.88999938964844,140.74000549316406,141.7899932861328,9231700,DIS,-0.021050298542701906,141.93199768066407,144.45950088500976
2022-02-09,142.748779296875,147.22999572753906,147.35000610351562,143.25,144.3699951171875,22877400,DIS,3.333801335229758,142.85399780273437,143.9265007019043
2022-02-10,147.5287322998047,152.16000366210938,157.5,151.11000061035156,156.02000427246094,42500300,DIS,3.348507829677372,145.27999877929688,143.64450073242188
2022-02-11,144.9206085205078,149.47000122070312,154.69000244140625,148.55999755859375,153.5399932861328,17975200,DIS,-1.7678774820351184,146.7699981689453,143.34600067138672
2022-02-14,146.2586212158203,150.85000610351562,153.72999572753906,149.2100067138672,149.3699951171875,14694700,DIS,0.9232654522928874,148.43800048828126,143.2915008544922
2022-02-15,150.0108184814453,154.72000122070312,154.85000610351562,152.50999450683594,153.5399932861328,12726000,DIS,2.5654590391808396,150.88600158691406,143.41400070190429
2022-02-16,151.59121704101562,156.35000610351562,156.72999572753906,153.75,154.97999572753906,10656400,DIS,1.053519176546125,152.7100036621094,143.7260009765625
2022-02-17,148.29469299316406,152.9499969482422,155.36000061035156,152.61000061035156,154.69000244140625,8110300,DIS,-2.174614021455412,152.86800231933594,143.99250106811525
2022-02-18,146.75308227539062,151.36000061035156,153.67999267578125,150.0500030517578,152.91000366210938,10785500,DIS,-1.039553036688634,153.24600219726562,144.69150085449218
2022-02-22,143.58258056640625,148.08999633789062,150.7899932861328,147.61000061035156,150.19000244140625,12227200,DIS,-2.160415076159361,152.69400024414062,145.22300033569337
2022-02-23,141.43016052246094,145.8699951171875,149.74000549316406,145.5,149.5,9300700,DIS,-1.4990892535629796,150.9239990234375,145.69100036621094
2022-02-24,144.85275268554688,149.39999389648438,149.57000732421875,140.0,140.0,12475500,DIS,2.4199622248982644,149.53399658203125,146.4809997558594
2022-02-25,144.97879028320312,149.52999877929688,150.27999877929688,147.22000122070312,149.55999755859375,10149500,DIS,0.08701799740540306,148.8499969482422,147.18649978637694
2022-02-28,143.94134521484375,148.4600067138672,149.47999572753906,146.4600067138672,147.8300018310547,10834700,DIS,-0.715570169306945,148.2699981689453,147.6779998779297
2022-03-01,141.2653350830078,145.6999969482422,148.14999389648438,143.77999877929688,147.86000061035156,8944000,DIS,-1.85909311653506,147.79199829101563,147.81449966430665
2022-03-02,142.85543823242188,147.33999633789062,148.47000122070312,145.9199981689453,146.30999755859375,7851000,DIS,1.125600153739903,148.08599853515625,147.95699920654297
2022-03-03,141.13931274414062,145.57000732421875,148.64999389648438,144.4499969482422,147.30999755859375,8048400,DIS,-1.2012956818682197,147.32000122070312,148.10449981689453
2022-03-04,136.43690490722656,140.72000122070312,144.25999450683594,139.5500030517578,144.00999450683594,12913000,DIS,-3.3317344641698887,145.55800170898436,148.13899993896484
2022-03-07,129.43667602539062,133.5,140.88999938964844,133.44000244140625,140.27999877929688,14549700,DIS,-5.1307569343887245,142.56600036621094,147.7129997253418
2022-03-08,127.73994445800781,131.75,135.49000549316406,129.2899932861328,133.02000427246094,16552000,DIS,-1.310861423220977,139.7760009765625,147.175
2022-03-09,129.5821075439453,133.64999389648438,135.5,133.36000061035156,135.49000549316406,14673100,DIS,1.4421206045422297,137.03800048828126,146.73349990844727
2022-03-10,129.5724334716797,133.63999938964844,134.1999969482422,131.6199951171875,132.36000061035156,8447200,DIS,-0.0074781199344342575,134.6519989013672,146.05400009155272
2022-03-11,127.73994445800781,131.75,136.16000366210938,131.57000732421875,135.0800018310547,7058400,DIS,-1.4142467811136705,132.85799865722657,145.03349990844725
2022-03-14,125.10273742675781,129.02999877929688,133.07000732421875,128.3800048828125,130.97999572753906,9971500,DIS,-2.064517055562143,131.96399841308593,144.01149978637696
2022-03-15,130.11537170410156,134.1999969482422,134.55999755859375,129.50999450683594,129.74000549316406,9834800,DIS,4.00681873816684,132.45399780273436,143.1789993286133
2022-03-16,133.93545532226562,138.13999938964844,138.97999572753906,134.94000244140625,135.64999389648438,10638700,DIS,2.935918428467499,133.35199890136718,142.34999923706056
2022-03-17,135.22496032714844,139.47000122070312,139.47000122070312,136.55999755859375,137.44000244140625,6816000,DIS,0.9627927008332815,134.51799926757812,141.50599899291993
2022-03-18,136.0297088623047,140.3000030517578,140.72999572753906,138.3000030517578,139.5500030517578,11308800,DIS,0.595111367168677,136.22799987792968,140.8734992980957
2022-03-21,134.40084838867188,138.6199951171875,139.3000030517578,136.8800048828125,138.89999389648438,9090300,DIS,-1.1974396992354586,138.1459991455078,140.2364990234375
2022-03-22,135.84548950195312,140.11000061035156,142.19000244140625,138.89999389648438,139.05999755859375,8511600,DIS,1.0748849701692986,139.3279998779297,139.83749923706054
2022-03-23,133.45066833496094,137.63999938964844,139.75999450683594,137.5399932861328,139.07000732421875,8761300,DIS,-1.7629014416838396,139.22799987792968,139.4259994506836
2022-03-24,134.7305145263672,138.9600067138672,139.27000427246094,137.41000366210938,138.5800018310547,5858800,DIS,0.9590288652079337,139.1260009765625,138.90400009155275
2022-03-25,134.905029296875,139.13999938964844,140.3800048828125,138.1199951171875,139.27999877929688,5949400,DIS,0.1295284017594156,138.8940002441406,138.3845001220703
2022-03-28,134.497802734375,138.72000122070312,139.6300048828125,136.27999877929688,138.8800048828125,8456100,DIS,-0.3018529328645103,138.91400146484375,137.89749984741212
2022-03-29,138.04640197753906,142.3800048828125,144.4600067138672,140.9600067138672,140.9600067138672,11280700,DIS,2.6384109212097773,139.36800231933594,137.73150024414062
2022-03-30,136.66961669921875,140.9600067138672,143.27000427246094,140.0800018310547,141.30999755859375,7922400,DIS,-0.9973297655903712,140.0320037841797,137.41250076293946
2022-03-31,132.98529052734375,137.16000366210938,140.8800048828125,137.11000061035156,140.13999938964844,12306500,DIS,-2.695802263596214,139.67200317382813,136.99200057983398
2022-04-01,132.8301544189453,137.0,138.10000610351562,135.52999877929688,137.33999633789062,10341000,DIS,-0.11665475199573727,139.24400329589844,136.80600051879884
2022-04-04,134.36204528808594,138.5800018310547,139.25999450683594,136.88999938964844,136.97000122070312,8174600,DIS,1.153286008069121,139.21600341796875,137.06000061035155
2022-04-05,131.4921417236328,135.6199951171875,139.1999969482422,135.1300048828125,137.74000549316406,8694100,DIS,-2.1359551701231605,137.86400146484374,137.25350036621094
2022-04-06,128.53500366210938,132.57000732421875,133.92999267578125,130.80999755859375,133.75,11679700,DIS,-2.248921916221347,136.18600158691407,137.19950103759766
2022-04-07,127.85628509521484,131.8699951171875,133.2100067138672,130.02000427246094,133.00999450683594,9858700,DIS,-0.5280321100980756,135.12799987792968,137.11100082397462
2022-04-08,127.85628509521484,131.8699951171875,133.1199951171875,130.6300048828125,132.0,6702000,DIS,0.0,134.10199890136718,137.11700057983398
2022-04-11,126.67341613769531,130.64999389648438,132.42999267578125,130.0399932861328,130.0399932861328,9915300,DIS,-0.925154520267446,132.51599731445313,137.19800033569337
2022-04-12,126.8576431274414,130.83999633789062,133.2100067138672,130.14999389648438,131.80999755859375,7885600,DIS,0.14542858804631464,131.55999755859375,137.03000030517578
2022-04-13,128.32168579101562,132.35000610351562,132.88999938964844,130.75,131.0500030517578,7694500,DIS,1.1540888167907326,131.51599731445313,136.74050064086913
2022-04-14,126.49890899658203,130.47000122070312,133.58999633789062,130.35000610351562,132.80999755859375,7283500,DIS,-1.420479634388594,131.23599853515626,136.29050064086914
2022-04-18,123.88108825683594,127.7699966430664,130.22000122070312,126.81999969482422,130.07000732421875,10571000,DIS,-2.0694447400743,130.41599884033204,135.66400032043458
2022-04-19,127.88536071777344,131.89999389648438,133.19000244140625,127.79000091552734,128.08999633789062,12767200,DIS,3.2323686013355557,130.66599884033204,135.3280002593994
2022-04-20,120.77847290039062,124.56999969482422,127.3499984741211,124.11000061035156,126.05000305175781,36465700,DIS,-5.557236194728532,129.41199951171876,134.55100021362304
2022-04-21,117.95706176757812,121.66000366210938,126.44999694824219,121.27999877929688,125.54000091552734,18688600,DIS,-2.336032784654296,127.2739990234375,133.7520004272461
2022-04-22,114.67023468017578,118.2699966430664,121.88999938964844,118.1500015258789,120.01000213623047,19472800,DIS,-2.786459737793656,124.83399810791016,132.71749992370604
2022-04-25,116.29910278320312,119.94999694824219,120.33000183105469,116.75,117.66000366210938,16491000,DIS,1.4204788643445543,123.2699981689453,131.75799980163575
2022-04-26,112.24633026123047,115.7699966430664,119.1500015258789,115.63999938964844,119.1500015258789,16116000,DIS,-3.4847856702984625,120.04399871826172,130.6104995727539
2022-04-27,111.703369140625,115.20999908447266,116.9000015258789,113.38999938964844,115.43000030517578,15553000,DIS,-0.48371562134557067,118.1719985961914,129.25199928283692
2022-04-28,111.78094482421875,115.29000091552734,116.0,112.69000244140625,115.22000122070312,23192100,DIS,0.06944000667514771,116.897998046875,127.96849899291992
2022-04-29,108.23233795166016,111.62999725341797,115.98999786376953,111.36000061035156,115.19999694824219,16907000,DIS,-3.174606325826168,115.56999816894532,126.69199867248535
2022-05-02,110.04541778564453,113.5,113.66000366210938,111.01000213623047,111.70999908447266,14300700,DIS,1.6751794254162844,114.27999877929688,125.51699867248536
2022-05-03,110.09391021728516,113.55000305175781,114.83000183105469,112.69000244140625,114.05000305175781,11149500,DIS,0.044055552209520954,113.83600006103515,124.2654987335205
2022-05-04,112.65354919433594,116.19000244140625,116.44000244140625,111.83000183105469,113.37000274658203,11488300,DIS,2.3249663748974747,114.03200073242188,123.29399909973145
2022-05-05,109.18251037597656,112.61000061035156,115.2699966430664,111.4800033569336,114.73999786376953,12720200,DIS,-3.081161679861444,113.49600067138672,122.29599876403809
2022-05-06,106.9331283569336,110.29000091552734,112.08999633789062,108.30000305175781,111.7699966430664,12525200,DIS,-2.0602075146520793,113.22800140380859,121.21699905395508
2022-05-09,103.72386932373047,106.9800033569336,110.73999786376953,106.4800033569336,108.11000061035156,17941600,DIS,-3.0011764721345147,111.92400207519532,119.97249946594238
2022-05-10,104.4025650024414,107.68000030517578,110.69999694824219,106.13999938964844,109.83999633789062,15657700,DIS,0.6543250385837807,110.7500015258789,118.82399978637696
2022-05-11,102.00774383544922,105.20999908447266,110.06999969482422,104.79000091552734,107.9000015258789,26933300,DIS,-2.2938347081193355,108.55400085449219,117.54249992370606
2022-05-12,101.1351318359375,104.30999755859375,105.0,99.47000122070312,102.9000015258789,36298800,DIS,-0.8554334509178196,106.89400024414063,116.14049949645997
2022-05-13,104.06322479248047,107.33000183105469,107.69000244140625,105.30999755859375,105.36000061035156,16782600,DIS,2.8952203462228265,106.3020004272461,114.98349952697754
2022-05-16,101.9786605834961,105.18000030517578,107.62000274658203,104.8499984741211,107.45999908447266,11993600,DIS,-2.0031691877385516,105.94199981689454,113.853999710083
2022-05-17,105.33334350585938,108.63999938964844,108.79000091552734,106.30000305175781,107.7300033569336,11847600,DIS,3.2895979030553413,106.13399963378906,112.69099998474121
2022-05-18,101.12543487548828,104.30000305175781,107.66000366210938,103.87999725341797,107.37999725341797,11794000,DIS,-3.9948420124017003,105.95200042724609,111.6775001525879
2022-05-19,100.00074768066406,103.13999938964844,105.30000305175781,102.95999908447266,103.43000030517578,11285000,DIS,-1.1121798927788529,105.71800079345704,110.75149993896484
2022-05-20,99.30265045166016,102.41999816894531,104.80000305175781,100.05000305175781,104.48999786376953,15650400,DIS,-0.6980814669031221,104.73600006103516,109.9590000152588
2022-05-23,102.60887908935547,105.83000183105469,106.02999877929688,101.55999755859375,103.76000213623047,14402400,DIS,3.329431481227374,104.86600036621094,109.25300025939941
2022-05-24,98.49791717529297,101.58999633789062,103.83999633789062,100.12999725341797,103.70999908447266,13970200,DIS,-4.006430520461235,103.45599975585938,108.54400024414062
2022-05-25,100.11709594726562,103.26000213623047,103.80999755859375,101.16000366210938,101.43000030517578,11026600,DIS,1.643868351747324,103.24799957275391,107.94650039672851
2022-05-26,102.39556884765625,105.61000061035156,106.12999725341797,103.95999908447266,104.22000122070312,11297800,DIS,2.2758071136012026,103.74199981689453,107.46250038146972
2022-05-27,105.99266052246094,109.31999969482422,109.37000274658203,106.52999877929688,106.88999938964844,13671300,DIS,3.5129240252168126,105.12200012207032,107.34700050354004
2022-05-31,107.07855987548828,110.44000244140625,111.23999786376953,107.91000366210938,110.0,20274600,DIS,1.0245177000627548,106.04400024414062,107.19400062561036
2022-06-01,105.86660766601562,109.19000244140625,112.8499984741211,108.2699966430664,112.01000213623047,11829700,DIS,-1.1318362661782655,107.56400146484376,106.97600059509277
2022-06-02,107.49547576904297,110.87000274658203,110.94999694824219,107.91000366210938,109.43000030517578,8829900,DIS,1.5386026812091114,109.08600158691407,106.71000061035156
2022-06-03,105.36243438720703,108.66999816894531,109.8499984741211,107.91999816894531,109.16999816894531,6767600,DIS,-1.9843100235735656,109.69800109863282,106.51300048828125
2022-06-06,104.54800415039062,107.83000183105469,110.19000244140625,107.6500015258789,109.75,7575900,DIS,-0.772979066940549,109.4000015258789,106.39000053405762
2022-06-07,104.50921630859375,107.79000091552734,107.91999816894531,106.0,106.79000091552734,7279100,DIS,-0.03709627640553492,108.87000122070313,106.43050041198731
2022-06-08,104.07291412353516,107.33999633789062,109.36000061035156,106.95999908447266,107.43000030517578,7019500,DIS,-0.4174826735453663,108.5,106.41350021362305
2022-06-09,100.15587615966797,103.30000305175781,107.05999755859375,103.25,106.52999877929688,8261200,DIS,-3.7637352561625814,106.98600006103516,106.3180004119873
2022-06-10,96.37458038330078,99.4000015258789,102.12000274658203,99.37999725341797,101.43000030517578,15369700,DIS,-3.7754127886374222,105.13200073242187,106.07250061035157
2022-06-13,92.7968978881836,95.70999908447266,97.61000061035156,94.83000183105469,97.61000061035156,15239700,DIS,-3.7122760410074562,102.70800018310547,105.49150047302246
2022-06-14,91.35224151611328,94.22000122070312,96.2699966430664,93.0999984741211,96.2699966430664,12443700,DIS,-1.5567839076609746,99.99400024414062,104.94350051879883
2022-06-15,92.96170806884766,95.87999725341797,97.30000305175781,94.08999633789062,94.61000061035156,11751600,DIS,1.7618297720315645,97.70200042724609,104.30550041198731
2022-06-16,91.41041564941406,94.27999877929688,95.37999725341797,93.41000366210938,94.01000213623047,15298500,DIS,-1.6687510637825476,95.8979995727539,103.80450019836425
2022-06-17,91.46858978271484,94.33999633789062,95.97000122070312,93.47000122070312,94.01000213623047,15403800,DIS,0.06363763191619132,94.88599853515625,103.36450004577637
2022-06-21,90.45054626464844,93.29000091552734,95.44999694824219,93.2699966430664,94.9000015258789,16649800,DIS,-1.1129907389465954,94.4019989013672,102.90800018310547
2022-06-22,90.65415954589844,93.5,94.61000061035156,92.01000213623047,92.16999816894531,11403500,DIS,0.22510352922260335,94.25799865722657,102.29150009155273
2022-06-23,91.4298095703125,94.30000305175781,94.6500015258789,92.06999969482422,93.95999908447266,11348800,DIS,0.8556182371741272,93.94199981689454,101.9270004272461
2022-06-24,94.80387878417969,97.77999877929688,98.56999969482422,95.4000015258789,95.44999694824219,11681200,DIS,3.6903452968384487,94.64199981689453,101.65300025939942
2022-06-27,93.66950225830078,96.61000061035156,98.2300033569336,95.80000305175781,98.22000122070312,10793700,DIS,-1.196561856772127,95.09600067138672,101.20300025939942
2022-06-28,93.00049591064453,95.91999816894531,100.4000015258789,95.77999877929688,99.73999786376953,16812400,DIS,-0.7142143018807889,95.62200012207032,100.53300018310547
2022-06-29,92.73871612548828,95.6500015258789,96.19999694824219,94.52999877929688,95.94999694824219,8653200,DIS,-0.281481076126433,96.0520004272461,99.7935001373291
2022-06-30,91.52676391601562,94.4000015258789,95.44000244140625,92.54000091552734,94.41999816894531,10983500,DIS,-1.3068478620586355,96.0720001220703,99.05400009155274
2022-07-01,93.21380615234375,96.13999938964844,96.30999755859375,93.9800033569336,94.23999786376953,10543400,DIS,1.8432180462333303,95.74400024414062,98.31749992370605
2022-07-05,94.22215270996094,97.18000030517578,97.2300033569336,92.30999755859375,94.26000213623047,10660600,DIS,1.0817567319844734,95.85800018310547,97.74300003051758
2022-07-06,93.15563201904297,96.08000183105469,98.19000244140625,95.4000015258789,97.52999877929688,8640200,DIS,-1.131918574466717,95.89000091552734,97.15550003051757
2022-07-07,94.46453857421875,97.43000030517578,97.52999877929688,95.93000030517578,96.9000015258789,7813100,DIS,1.4050774858382242,96.24600067138672,96.6375
2022-07-08,92.94232177734375,95.86000061035156,97.12000274658203,95.3499984741211,96.56999969482422,7717300,DIS,-1.611413004112261,96.53800048828126,96.06350021362304
2022-07-11,90.7898941040039,93.63999938964844,95.33999633789062,93.43000030517578,95.0,7643700,DIS,-2.315878579770625,96.03800048828126,95.58050003051758
2022-07-12,90.75110626220703,93.5999984741211,95.25,93.30999755859375,93.58000183105469,8665300,DIS,-0.04271776568568475,95.3220001220703,95.29049987792969
2022-07-13,90.11119842529297,92.94000244140625,93.25,91.01000213623047,92.12000274658203,12006400,DIS,-0.7051239780707097,94.69400024414062,95.15200004577636
2022-07-14,89.044677734375,91.83999633789062,92.04000091552734,90.2300033569336,91.4800033569336,11146400,DIS,-1.1835658216268308,93.5759994506836,95.03299980163574
2022-07-15,92.30241394042969,95.19999694824219,95.31999969482422,92.69999694824219,92.91000366210938,14946700,DIS,3.6585373958310186,93.44399871826172,94.99899978637696
2022-07-18,92.78718566894531,95.69999694824219,97.2699966430664,95.30999755859375,96.36000061035156,10430400,DIS,0.5252101008698995,93.85599822998047,95.06999969482422
2022-07-19,96.57817840576172,99.61000061035156,99.8499984741211,96.68000030517578,96.68000030517578,13683400,DIS,4.085688387455266,95.05799865722656,95.33349990844727
2022-07-20,100.204345703125,103.3499984741211,104.26000213623047,99.94999694824219,100.25,15112700,DIS,3.754640940521048,97.13999786376954,95.83649978637695
2022-07-21,101.00908660888672,104.18000030517578,104.25,101.61000061035156,102.70999908447266,8611300,DIS,0.8030980583541236,99.60799865722656,96.37049980163575
2022-07-22,99.5935287475586,102.72000122070312,104.56999969482422,102.11000061035156,103.27999877929688,7803500,DIS,-1.4014197352619107,101.11199951171875,96.791499710083
2022-07-25,99.56443786621094,102.69000244140625,103.38999938964844,101.80999755859375,102.77999877929688,6726700,DIS,-0.029204418750361505,102.51000061035157,97.03699989318848
2022-07-26,96.74301147460938,99.77999877929688,102.36000061035156,99.55999755859375,102.13999938964844,6346600,DIS,-2.833775044235476,102.54400024414062,97.19549980163575
2022-07-27,100.34978485107422,103.5,103.6500015258789,100.80999755859375,100.97000122070312,9684800,DIS,3.72820331350312,102.57400054931641,97.57449989318847
2022-07-28,101.70719146728516,104.9000015258789,104.97000122070312,102.70999908447266,103.25,7970300,DIS,1.3526584791100582,102.71800079345704,98.03699989318848
2022-07-29,102.87065124511719,106.0999984741211,106.33999633789062,103.37000274658203,105.13999938964844,10320000,DIS,1.1439436899780775,103.39400024414063,98.62199974060059
2022-08-01,102.98700714111328,106.22000122070312,106.6500015258789,103.86000061035156,104.87000274658203,7769700,DIS,0.1131034385559504,104.1,99.12599983215333
2022-08-02,101.5229721069336,104.70999908447266,106.36000061035156,104.62000274658203,105.73999786376953,9093000,DIS,-1.4215798520779477,105.08600006103515,99.50249977111817
2022-08-03,105.7017822265625,109.0199966430664,109.69999694824219,105.7300033569336,105.7300033569336,11243000,DIS,4.116127968940919,106.18999938964843,100.14949951171874
2022-08-04,104.82917785644531,108.12000274658203,109.44999694824219,107.66000366210938,108.91999816894531,7322400,DIS,-0.8255310256805148,106.83399963378906,100.68399963378906
2022-08-05,103.384521484375,106.62999725341797,107.69999694824219,105.37000274658203,106.80999755859375,10100000,DIS,-1.378103454784796,106.93999938964843,101.22249946594238
2022-08-08,105.78904724121094,109.11000061035156,111.2300033569336,107.9000015258789,108.20999908447266,13025900,DIS,2.325802701691515,107.51799926757812,101.99599952697754
2022-08-09,104.8388671875,108.12999725341797,109.22000122070312,107.02999877929688,109.22000122070312,8776500,DIS,-0.8981792241330222,108.20199890136719,102.72249946594238
2022-08-10,109.00798797607422,112.43000030517578,112.66999816894531,109.91000366210938,112.4800033569336,26398700,DIS,3.9766976426348633,108.88399963378906,103.69699935913086
2022-08-11,114.1078872680664,117.69000244140625,123.2699966430664,117.33000183105469,122.20999908447266,50375000,DIS,4.6784684887956285,110.79799957275391,104.98949966430663
2022-08-12,117.86979675292969,121.56999969482422,121.61000061035156,118.91999816894531,119.0,21964800,DIS,3.29679426708287,113.78600006103515,106.30799980163575
2022-08-15,120.47792053222656,124.26000213623047,125.95999908447266,120.98999786376953,121.0,24628300,DIS,2.2127189669810976,116.81600036621094,107.73600006103516
2022-08-16,121.1566162109375,124.95999908447266,126.4800033569336,123.44999694824219,124.7300033569336,14607300,DIS,0.5633324772317039,120.18200073242187,109.00349998474121
2022-08-17,119.07205200195312,122.80999755859375,124.4800033569336,122.56999969482422,123.44999694824219,9140900,DIS,-1.7205518098839856,122.25800018310547,109.97649993896485
2022-08-18,118.93630981445312,122.66999816894531,123.12999725341797,121.70999908447266,123.01000213623047,7343900,DIS,-0.11399673677352506,123.25399932861328,110.90099983215332
2022-08-19,116.48332214355469,120.13999938964844,121.38999938964844,119.4800033569336,121.25,8702500,DIS,-2.062442991001334,122.96799926757812,111.77199974060059
2022-08-22,112.4111557006836,115.94000244140625,118.20999908447266,115.69000244140625,117.69999694824219,11575800,DIS,-3.4959189025966286,121.30399932861329,112.43449974060059
2022-08-23,111.36402893066406,114.86000061035156,116.37000274658203,114.62000274658203,115.9800033569336,7180700,DIS,-0.9315178612321451,119.28399963378907,113.18849983215333
2022-08-24,112.86685180664062,116.41000366210938,117.16000366210938,114.0999984741211,114.66999816894531,7840500,DIS,1.3494715684496672,118.00400085449219,113.8340000152588
2022-08-25,113.88489532470703,117.45999908447266,117.7699966430664,116.11000061035156,117.0199966430664,6920900,DIS,0.9019804048894242,116.96200103759766,114.46199989318848
2022-08-26,110.59807586669922,114.06999969482422,118.37000274658203,113.88999938964844,117.47000122070312,7807400,DIS,-2.886088384191521,115.74800109863281,114.86049995422363
2022-08-29,110.07450866699219,113.52999877929688,114.47000122070312,112.41000366210938,112.54000091552734,6882700,DIS,-0.47339433415624077,115.26600036621093,115.22599983215332
2022-08-30,109.00798797607422,112.43000030517578,114.75,111.44999694824219,114.27999877929688,8060000,DIS,-0.9689055632419175,114.78000030517578,115.61199989318848
2022-08-31,108.66864776611328,112.08000183105469,113.75,111.8499984741211,112.87000274658203,7353000,DIS,-0.3113034538566817,113.91399993896485,115.76500015258789
2022-09-01,109.10494232177734,112.52999877929688,112.58999633789062,110.02999877929688,111.79000091552734,7718700,DIS,0.4014961999380562,112.9279998779297,115.98549995422363
2022-09-02,107.81542205810547,111.19999694824219,113.88999938964844,110.83999633789062,113.05000305175781,8465100,DIS,-1.1819086870010542,112.35399932861328,116.21399993896485
2022-09-06,106.73921203613281,110.08999633789062,111.77999877929688,108.5199966430664,111.7699966430664,9537300,DIS,-0.9982020151207416,111.66599884033204,116.2629997253418
2022-09-07,109.26007843017578,112.69000244140625,112.95999908447266,109.87000274658203,109.87000274658203,8193900,DIS,2.3617096829902984,111.71799926757812,116.49099998474121
2022-09-08,108.9110336303711,112.33000183105469,112.98999786376953,110.36000061035156,111.06999969482422,8443300,DIS,-0.3194610014661703,111.76799926757812,116.48600006103516
2022-09-09,111.6742935180664,115.18000030517578,115.52999877929688,113.19000244140625,113.2699966430664,9563100,DIS,2.5371658752463278,112.29799957275391,116.36049995422363
2022-09-12,112.84745025634766,116.38999938964844,117.48999786376953,115.2699966430664,116.13999938964844,7923400,DIS,1.0505288081843256,113.33600006103515,116.10149993896485
2022-09-13,108.35838317871094,111.76000213623047,113.81999969482422,111.16999816894531,113.05000305175781,10504600,DIS,-3.978002644297418,113.67000122070313,115.47649993896485
2022-09-14,109.07585906982422,112.5,112.73999786376953,109.87999725341797,111.8499984741211,8610400,DIS,0.6621312183472394,113.63200073242187,114.8534999847412
2022-09-15,107.39850616455078,110.7699966430664,114.41000366210938,110.70999908447266,112.38999938964844,9739800,DIS,-1.5377807617187544,113.31999969482422,114.25149993896484
2022-09-16,104.95521545410156,108.25,109.58000183105469,106.95999908447266,109.20999908447266,15978800,DIS,-2.274981239898899,111.93399963378906,113.53050003051757
2022-09-19,105.84721374511719,109.16999816894531,109.22000122070312,107.04000091552734,107.52999877929688,7979500,DIS,0.849882835053406,110.48999938964843,112.98199996948242
2022-09-20,104.29591369628906,107.56999969482422,108.41000366210938,106.86000061035156,108.27999877929688,6957400,DIS,-1.4656027305643304,109.6519989013672,112.56349983215333
2022-09-21,101.30965423583984,104.48999786376953,108.04000091552734,104.48999786376953,107.38999938964844,9776400,DIS,-2.863253546335076,108.0499984741211,112.04499969482421
2022-09-22,99.05057525634766,102.16000366210938,104.66000366210938,102.0199966430664,104.20999908447266,10953400,DIS,-2.2298729536753603,106.32799987792968,111.33249969482422
2022-09-23,96.4715347290039,99.5,101.18000030517578,98.0199966430664,100.62000274658203,11976900,DIS,-2.60376230105398,104.57799987792968,110.43449974060059
2022-09-26,95.13355255126953,98.12000274658203,100.66000366210938,98.05999755859375,98.94999694824219,9760500,DIS,-1.3869319129828805,102.36800079345703,109.63699989318847
2022-09-27,92.93262481689453,95.8499984741211,99.63999938964844,95.43000030517578,99.52999877929688,13360200,DIS,-2.313497970769285,100.02400054931641,108.75299987792968
2022-09-28,96.37458038330078,99.4000015258789,99.87000274658203,95.44999694824219,95.79000091552734,12895500,DIS,3.7037069465538863,99.00600128173828,108.10149993896485
2022-09-29,94.48393249511719,97.44999694824219,98.5999984741211,96.2300033569336,98.52999877929688,9435100,DIS,-1.9617751988957766,98.06399993896484,107.36999969482422
2022-09-30,91.45890045166016,94.33000183105469,97.4800033569336,94.27999877929688,96.5,12094900,DIS,-3.2016369573049874,97.03000030517578,106.4599998474121
2022-10-03,94.17366790771484,97.12999725341797,97.77999877929688,94.5,95.7300033569336,9468400,DIS,2.9682978564742113,96.83199920654297,105.75649986267089
2022-10-04,98.35248565673828,101.44000244140625,101.5199966430664,98.2300033569336,98.68000030517578,10229000,DIS,4.437357469230863,97.95,105.32400016784668
2022-10-05,97.7319564819336,100.80000305175781,101.22000122070312,98.69999694824219,100.04000091552734,7562800,DIS,-0.6309142096266318,98.23000030517578,104.72950019836426
2022-10-06,96.9950942993164,100.04000091552734,101.45999908447266,99.87000274658203,100.43000030517578,6728200,DIS,-0.7539703504177764,98.74800109863281,104.1150001525879
2022-10-07,94.2027587890625,97.16000366210938,98.80000305175781,96.44999694824219,98.51000213623047,7051000,DIS,-2.878845688785836,99.31400146484376,103.21400032043456
2022-10-10,92.26363372802734,95.16000366210938,97.73999786376953,94.41999816894531,97.58999633789062,9532300,DIS,-2.0584601941302294,98.92000274658203,102.15250053405762
2022-10-11,90.2663345336914,93.0999984741211,95.05999755859375,92.6500015258789,94.80999755859375,8900900,DIS,-2.1647804841442353,97.252001953125,101.21950035095215
2022-10-12,90.56690216064453,93.41000366210938,94.06999969482422,92.19999694824219,93.16000366210938,6156200,DIS,0.3329808733288475,95.77400207519531,100.26500053405762
2022-10-13,93.6985855102539,96.63999938964844,96.97000122070312,90.70999908447266,91.56999969482422,11025400,DIS,3.4578691798609507,95.09400177001953,99.55850067138672
2022-10-14,91.57524108886719,94.44999694824219,98.08999633789062,94.33000183105469,97.47000122070312,8202100,DIS,-2.2661449247078913,94.5520004272461,98.86850051879883
2022-10-17,94.36758422851562,97.33000183105469,97.97000122070312,96.26000213623047,96.37999725341797,7083800,DIS,3.0492376663502796,94.98600006103516,98.2765007019043
2022-10-18,95.48258209228516,98.4800033569336,100.37000274658203,97.63999938964844,99.87000274658203,8533500,DIS,1.1815488587733514,96.06200103759765,97.82200088500977
2022-10-19,95.97705841064453,98.98999786376953,101.87000274658203,98.5,100.44000244140625,11731000,DIS,0.5178660534641777,97.1779998779297,97.54700088500977
2022-10-20,95.58922576904297,98.58999633789062,100.75,98.11000061035156,98.2300033569336,8212400,DIS,-0.40408277049303054,97.56799926757813,97.36850051879883
2022-10-21,98.93421936035156,102.04000091552734,102.30000305175781,97.88999938964844,98.3499984741211,10193400,DIS,3.49934547701245,99.08600006103515,97.4955005645752
2022-10-24,98.62396240234375,101.72000122070312,103.19000244140625,100.12000274658203,102.12000274658203,8221500,DIS,-0.3136022069316957,99.96399993896485,97.67550048828124
2022-10-25,101.18360900878906,104.36000061035156,104.7300033569336,102.02999877929688,102.16000366210938,7687500,DIS,2.595359180069612,101.13999938964844,98.10100059509277
2022-10-26,101.44539642333984,104.62999725341797,107.43000030517578,103.52999877929688,103.52999877929688,9203700,DIS,0.25871659782228384,102.26799926757812,98.36250038146973
2022-10-27,101.26118469238281,104.44000244140625,106.87000274658203,104.30999755859375,105.80999755859375,8673500,DIS,-0.18158732390247678,103.43800048828125,98.71200065612793
2022-10-28,102.7252197265625,105.94999694824219,106.08999633789062,103.52999877929688,104.08000183105469,7250900,DIS,1.4458009110858594,104.21999969482422,99.29300041198731
2022-10-31,103.2972640991211,106.54000091552734,106.9000015258789,104.81999969482422,105.66000366210938,8814800,DIS,0.5568702069650655,105.18399963378906,99.76350059509278
2022-11-01,102.77369689941406,106.0,108.83999633789062,105.63999938964844,107.69999694824219,7955800,DIS,-0.5068527415871715,105.51199951171876,99.99150047302246
2022-11-02,98.72091674804688,101.81999969482422,106.08000183105469,101.79000091552734,105.44999694824219,9583200,DIS,-3.943396514316777,104.95,100.04250030517578
2022-11-03,96.22913360595703,99.25,100.69999694824219,98.55999755859375,100.19999694824219,8978400,DIS,-2.5240617781644548,103.91199951171875,100.00300025939941
2022-11-04,96.5490951538086,99.58000183105469,101.16000366210938,98.11000061035156,101.1500015258789,11035800,DIS,0.3324955476621483,102.63800048828125,100.12400016784667
2022-11-07,97.37322998046875,100.43000030517578,101.55999755859375,98.98999786376953,100.87999725341797,11355200,DIS,0.8535835092302824,101.41600036621094,100.3875
2022-11-08,96.85935974121094,99.9000015258789,101.97000122070312,98.05000305175781,100.73999786376953,27130300,DIS,-0.5277295406615257,100.19600067138671,100.7275001525879
2022-11-09,84.10960388183594,86.75,91.0999984741211,86.27999877929688,90.55000305175781,62029800,DIS,-13.163164489514468,97.18200073242187,100.39449996948242
2022-11-10,87.7066879272461,90.45999908447266,90.5,87.61000061035156,89.75,36968100,DIS,4.27665600515581,95.4240005493164,100.08549995422364
2022-11-11,92.11820220947266,95.01000213623047,95.58000183105469,91.0999984741211,91.58000183105469,22373300,DIS,5.029850870890429,94.51000061035157,100.11350021362304
2022-11-14,91.41041564941406,94.27999877929688,96.62000274658203,94.20999908447266,95.8499984741211,20598000,DIS,-0.7683436906851915,93.28000030517578,99.96100006103515
2022-11-15,92.60298156738281,95.51000213623047,97.18000030517578,93.69999694824219,96.0,15801900,DIS,1.3046281001900972,92.4020004272461,99.8125
2022-11-16,91.0904541015625,93.94999694824219,95.22000122070312,93.72000122070312,95.22000122070312,11137700,DIS,-1.6333422187167046,93.84199981689453,99.56049995422363
2022-11-17,88.66655731201172,91.44999694824219,92.2699966430664,90.8499984741211,92.12000274658203,12306400,DIS,-2.660989974674799,94.03999938964844,99.20349998474121
2022-11-18,89.00589752197266,91.80000305175781,93.16000366210938,90.91000366210938,92.86000061035156,10011700,DIS,0.3827294862718489,93.3979995727539,98.69150009155274
2022-11-21,94.6099853515625,97.58000183105469,100.88999938964844,96.31999969482422,100.12000274658203,70273500,DIS,6.296294757243137,94.05800018310546,98.48450012207032
2022-11-22,93.28166961669922,96.20999908447266,97.66999816894531,94.68000030517578,97.0,25753700,DIS,-1.403979012988732,94.1979995727539,98.07700004577637
2022-11-23,95.87039947509766,98.87999725341797,99.33999633789062,95.77999877929688,96.0,15503200,DIS,2.7751774185145184,95.18399963378906,97.78950004577636
2022-11-25,95.86071014404297,98.87000274658203,99.80999755859375,98.08000183105469,98.80999755859375,6664300,DIS,-0.010107713504803328,96.66800079345703,97.51100006103516
2022-11-28,92.77750396728516,95.69000244140625,99.12999725341797,95.43000030517578,98.20999908447266,13660000,DIS,-3.2163449143685963,97.44600067138671,96.99800033569336
2022-11-29,91.80793762207031,94.69000244140625,96.43000030517578,93.91999816894531,96.0,13205300,DIS,-1.045041252467649,96.86800079345703,96.4055004119873
2022-11-30,94.89114379882812,97.87000274658203,97.94000244140625,93.87000274658203,94.94999694824219,15368100,DIS,3.358327408581019,97.2000015258789,95.9990005493164
2022-12-01,95.58922576904297,98.58999633789062,98.83999633789062,96.58000183105469,97.87000274658203,13855700,DIS,0.73566319720344,97.14200134277344,95.83750038146972
2022-12-02,96.4036636352539,99.43000030517578,99.69000244140625,97.01000213623047,97.45999908447266,12608100,DIS,0.8520174444537565,97.25400085449219,95.84650039672852
2022-12-05,93.01019287109375,95.93000030517578,99.16000366210938,95.66999816894531,98.23999786376953,10764500,DIS,-3.5200643560873157,97.3020004272461,95.66400032043457
2022-12-06,89.48098754882812,92.29000091552734,96.0,91.9800033569336,95.7300033569336,11492400,DIS,-3.7944327927329824,96.8220001220703,95.25700035095215
2022-12-07,89.34524536132812,92.1500015258789,92.79000091552734,91.26000213623047,92.66000366210938,10353400,DIS,-0.15169507883804334,95.6779998779297,94.86950035095215
2022-12-08,89.73307800292969,92.55000305175781,93.43000030517578,91.66999816894531,92.5,9351200,DIS,0.4340765265929747,94.47000122070312,95.15950050354004
2022-12-09,90.53781127929688,93.37999725341797,94.91000366210938,91.9000015258789,92.37000274658203,10111900,DIS,0.8968062391051301,93.26000061035157,95.30550041198731
2022-12-12,91.77884674072266,94.66000366210938,94.66000366210938,92.61000061035156,93.7300033569336,14140700,DIS,1.3707501031700486,93.00600128173828,95.28800048828126
2022-12-13,91.81763458251953,94.69999694824219,97.38999938964844,93.56999969482422,96.48999786376953,22882100,DIS,0.04224940268919841,93.48800048828124,95.30900039672852
2022-12-14,91.28437805175781,94.1500015258789,95.47000122070312,92.62000274658203,94.54000091552734,11505400,DIS,-0.5807765998808612,93.88800048828125,95.24100036621094
2022-12-15,87.73576354980469,90.48999786376953,93.12000274658203,90.12000274658203,92.47000122070312,15957700,DIS,-3.8874175281912837,93.47599945068359,95.0680004119873
2022-12-16,87.3382568359375,90.08000183105469,91.08000183105469,88.80999755859375,90.19000244140625,26383900,DIS,-0.45308436555837606,92.81600036621094,94.99950065612794
2022-12-19,83.16912841796875,85.77999877929688,89.45999908447266,85.41000366210938,89.44000244140625,19225300,DIS,-4.773537926678195,91.03999938964844,94.69850044250488
2022-12-20,84.37138366699219,87.0199966430664,87.83999633789062,85.76000213623047,86.08000183105469,14918400,DIS,1.4455559354342284,89.50399932861328,94.17050018310547
2022-12-21,84.27442932128906,86.91999816894531,88.0999984741211,86.4800033569336,87.19000244140625,11004800,DIS,-0.11491436219109863,88.05799865722656,93.7060001373291
2022-12-22,84.03203582763672,86.66999816894531,86.7300033569336,84.69000244140625,86.02999877929688,15487400,DIS,-0.287620806795319,87.29399871826172,93.09550018310547
2022-12-23,85.33125305175781,88.01000213623047,88.06999969482422,85.7699966430664,86.05999755859375,11171600,DIS,1.5460989911100453,86.87999877929687,92.5525001525879
2022-12-27,83.74118041992188,86.37000274658203,87.94000244140625,85.95999908447266,87.41999816894531,11561400,DIS,-1.8634238721070395,86.99799957275391,92.08650016784668
2022-12-28,81.60813903808594,84.16999816894531,86.69000244140625,84.06999969482422,86.08000183105469,12399500,DIS,-2.5471859530811214,86.4279998779297,91.56049995422363
2022-12-29,84.52651977539062,87.18000030517578,88.23999786376953,84.97000122070312,85.25,13045100,DIS,3.5760986119885763,86.48000030517578,91.02599983215332
2022-12-30,84.23564147949219,86.87999725341797,87.12000274658203,85.2300033569336,85.7300033569336,23231000,DIS,-0.344119122169817,86.52200012207031,90.44049987792968
2023-01-03,86.26204681396484,88.97000122070312,89.97000122070312,87.83000183105469,88.9800033569336,14997100,DIS,2.4056215853562657,86.71399993896485,89.91749992370606
2023-01-04,89.180419921875,91.9800033569336,92.75,89.36000061035156,90.0,14957200,DIS,3.3831652185366545,87.83600006103515,89.72000007629394
2023-01-05,89.12224578857422,91.91999816894531,92.4800033569336,90.51000213623047,91.66000366210938,11622600,DIS,-0.06523721004382255,89.38600006103516,89.70149993896484
2023-01-06,91.06137084960938,93.91999816894531,94.69000244140625,91.31999969482422,92.66000366210938,9828100,DIS,2.175805091209937,90.73399963378907,89.78999977111816
2023-01-09,91.885498046875,94.7699966430664,95.69999694824219,93.44999694824219,94.43000030517578,11675800,DIS,0.9050239466488197,92.31199951171875,89.9009994506836
2023-01-10,92.65145874023438,95.55999755859375,95.63999938964844,93.81999969482422,94.27999877929688,6914600,DIS,0.833598125472923,93.62999877929687,90.00999946594239
2023-01-11,93.39801788330078,96.33000183105469,96.55000305175781,95.05000305175781,95.91999816894531,8757300,DIS,0.8057809670712901,94.4999984741211,90.09349937438965
2023-01-12,96.7720947265625,99.80999755859375,100.62999725341797,97.56999969482422,98.5,19764300,DIS,3.61257724633115,96.07799835205078,90.34899940490723
2023-01-13,96.37458038330078,99.4000015258789,99.5999984741211,98.01000213623047,99.37999725341797,12230200,DIS,-0.41077651812800875,97.1739990234375,90.61149940490722
2023-01-17,96.86905670166016,99.91000366210938,100.98999786376953,99.0,100.31999969482422,14914200,DIS,0.5130806120739129,98.20200042724609,91.08249969482422
2023-01-18,96.0255355834961,99.04000091552734,101.12999725341797,98.72000122070312,100.27999877929688,11384500,DIS,-0.8707864224731021,98.89800109863282,91.53049964904785
2023-01-19,96.06432342529297,99.08000183105469,99.44999694824219,97.12000274658203,98.12000274658203,10973600,DIS,0.040388646160716135,99.44800109863282,92.19549980163575
2023-01-20,100.33039093017578,103.4800033569336,103.58999633789062,99.30000305175781,100.33999633789062,14549900,DIS,4.440857332018955,100.18200225830078,93.0185001373291
2023-01-23,102.47313690185547,105.69000244140625,105.94999694824219,102.91999816894531,103.29000091552734,11479100,DIS,2.1356774379390986,101.44000244140625,93.95700035095214
2023-01-24,102.77369689941406,106.0,108.44000244140625,102.0,104.69999694824219,8606700,DIS,0.2933083086696042,102.65800170898437,94.92350044250489
2023-01-25,104.82917785644531,108.12000274658203,108.16000366210938,104.18000030517578,104.95999908447266,10008000,DIS,2.0000025911151242,104.47400207519532,95.92900047302246
2023-01-26,106.361083984375,109.69999694824219,109.76000213623047,107.56999969482422,108.16999816894531,9204400,DIS,1.4613338526853648,106.5980010986328,97.09550018310547
2023-01-27,106.2059555053711,109.54000091552734,110.58000183105469,109.16000366210938,109.26000213623047,10249700,DIS,-0.1458487120927887,107.81000061035157,98.36400032043457
2023-01-30,104.31529998779297,107.58999633789062,108.97000122070312,107.4800033569336,108.26000213623047,8548500,DIS,-1.7801757908880056,108.18999938964843,99.3845001220703
2023-01-31,105.18790435791016,108.48999786376953,108.72000122070312,107.44999694824219,107.58000183105469,8251700,DIS,0.8365104159427705,108.68799896240235,100.46500015258789
2023-02-01,106.06051635742188,109.38999938964844,109.94000244140625,106.9000015258789,108.5,9975500,DIS,0.8295709683846075,108.94199829101562,101.48600006103516
2023-02-02,109.76424407958984,113.20999908447266,113.52999877929688,109.69000244140625,110.66999816894531,13093200,DIS,3.4920922535316423,109.64399871826171,102.54749984741211
2023-02-03,107.34033966064453,110.70999908447266,113.13999938964844,110.37000274658203,111.47000122070312,12472500,DIS,-2.2082855050061467,109.87799835205078,103.48699989318848
2023-02-06,106.52591705322266,109.87000274658203,110.43000030517578,108.52999877929688,110.16999816894531,11956500,DIS,-0.7587357463978539,110.33399963378906,104.28450012207031
2023-02-07,108.23233795166016,111.62999725341797,112.12000274658203,108.86000061035156,109.30000305175781,10844000,DIS,1.6018881067068058,110.96199951171874,105.12750015258788
2023-02-08,108.37776947021484,111.77999877929688,113.33000183105469,110.29000091552734,112.19999694824219,27719900,DIS,0.13437385072971875,111.43999938964843,105.93850021362304
2023-02-09,107.0009994506836,110.36000061035156,118.18000030517578,109.80999755859375,118.04000091552734,46137200,DIS,-1.2703508538669972,110.86999969482422,106.64000015258789
2023-02-10,104.77098846435547,108.05999755859375,109.73999786376953,107.20999908447266,108.95999908447266,15566000,DIS,-2.0840911915889215,110.33999938964844,107.0525001525879
2023-02-13,104.3831787109375,107.66000366210938,108.29000091552734,106.55000305175781,108.0999984741211,12341500,DIS,-0.37015908339946835,109.8979995727539,107.46550025939942
2023-02-14,104.3831787109375,107.66000366210938,108.44000244140625,105.81999969482422,106.81999969482422,10768100,DIS,0.0,109.10400085449218,107.85300025939941
2023-02-15,105.91508483886719,109.23999786376953,109.2699966430664,106.69999694824219,107.08999633789062,8156000,DIS,1.4675776963736453,108.59600067138672,108.36300010681153
2023-02-16,102.60887908935547,105.83000183105469,108.0199966430664,105.69999694824219,107.55000305175781,9479900,DIS,-3.1215636208336117,107.69000091552735,108.70050010681152
2023-02-17,102.0174331665039,105.22000122070312,105.80000305175781,103.87999725341797,105.02999877929688,9492200,DIS,-0.5763966737195703,107.12200164794922,108.7875
2023-02-21,98.98269653320312,102.08999633789062,103.7300033569336,101.83000183105469,103.55000305175781,10648200,DIS,-2.974724241113802,106.00800018310547,108.60749969482421
2023-02-22,98.5851821899414,101.68000030517578,102.55999755859375,101.08999633789062,101.33000183105469,9885100,DIS,-0.40160255404247946,104.81199951171875,108.39149971008301
2023-02-23,98.6336669921875,101.7300033569336,102.05000305175781,99.61000061035156,101.44999694824219,10974800,DIS,0.04917688002334941,103.31000061035157,108.07199974060059
2023-02-24,97.24718475341797,100.30000305175781,100.43000030517578,98.95999908447266,99.52999877929688,8523000,DIS,-1.4056819600786086,102.2040008544922,107.60200004577636
2023-02-27,97.39260864257812,100.44999694824219,101.47000122070312,100.05999755859375,100.7300033569336,6641200,DIS,0.14954525615216152,101.25,107.1474998474121
2023-02-28,96.57817840576172,99.61000061035156,100.75,99.56999969482422,100.44999694824219,8233700,DIS,-0.8362333134996902,100.75400085449219,106.74850006103516
2023-03-01,95.5407485961914,98.54000091552734,99.62999725341797,98.0999984741211,99.19000244140625,7898300,DIS,-1.0741890254672093,100.1260009765625,106.25100021362304
2023-03-02,95.90918731689453,98.91999816894531,99.29000091552734,97.41999816894531,97.73999786376953,7776600,DIS,0.3856274100745294,99.56399993896484,105.7275001525879
2023-03-03,98.06161499023438,101.13999938964844,101.18000030517578,98.87999725341797,99.66999816894531,7434300,DIS,2.244239043465801,99.73199920654297,105.12400016784667
2023-03-06,97.59622955322266,100.66000366210938,102.69999694824219,100.48999786376953,101.61000061035156,6773300,DIS,-0.474585456234633,99.77400054931641,104.62150039672852
2023-03-07,96.04491424560547,99.05999755859375,100.94000244140625,98.88999938964844,100.4000015258789,6951300,DIS,-1.5895152446908756,99.66399993896485,104.0810001373291
2023-03-08,96.27762603759766,99.30000305175781,99.62000274658203,98.30000305175781,99.0,5668700,DIS,0.24228295889276996,99.81600036621094,103.4645004272461
2023-03-09,93.21380615234375,96.13999938964844,100.05000305175781,95.91999816894531,99.44999694824219,8275600,DIS,-3.182279521645426,99.26000061035157,102.68250045776367
2023-03-10,90.72203063964844,93.56999969482422,95.9000015258789,92.83000183105469,95.5999984741211,13978800,DIS,-2.6731846381735425,97.74600067138672,101.8430004119873
2023-03-13,89.78154754638672,92.5999984741211,94.0199966430664,90.45999908447266,91.88999938964844,11915300,DIS,-1.036658356168385,96.13399963378906,101.07000045776367
2023-03-14,90.51841735839844,93.36000061035156,94.30000305175781,92.33999633789062,94.0,10323600,DIS,0.8207366617212886,94.99400024414062,100.35500030517578
2023-03-15,90.2663345336914,93.0999984741211,93.36000061035156,91.41000366210938,91.62999725341797,9543800,DIS,-0.27849414581263554,93.75399932861328,99.62700004577637
2023-03-16,91.42010498046875,94.29000091552734,94.55999755859375,91.88999938964844,92.66999816894531,9931700,DIS,1.278198132019348,93.38399963378906,98.87950019836425
2023-03-17,90.36328125,93.19999694824219,94.2699966430664,92.91000366210938,94.05000305175781,12943200,DIS,-1.156012256550587,93.30999908447265,98.24799995422363
2023-03-20,91.35224151611328,94.22000122070312,94.91999816894531,93.0,93.43000030517578,6657200,DIS,1.094425220879991,93.63399963378906,97.69799995422363
2023-03-21,93.60162353515625,96.54000091552734,96.8499984741211,95.16999816894531,95.16999816894531,7285800,DIS,2.4623218687821913,94.26999969482422,97.42050018310547
2023-03-22,92.01155090332031,94.9000015258789,97.93000030517578,94.81999969482422,97.44999694824219,8811100,DIS,-1.6987770603849928,94.63000030517578,97.08150024414063
2023-03-23,92.91324615478516,95.83000183105469,97.0199966430664,94.76000213623047,95.27999877929688,9527000,DIS,0.9799792310036803,94.93800048828125,96.78650016784668
2023-03-24,91.21650695800781,94.08000183105469,95.0,93.0199966430664,94.80999755859375,9534600,DIS,-1.8261504399062822,95.11400146484375,96.47550010681152
2023-03-27,92.70963287353516,95.62000274658203,96.0199966430664,94.37999725341797,94.77999877929688,7487900,DIS,1.6369057031831558,95.39400177001953,96.23400039672852
2023-03-28,91.9339828491211,94.81999969482422,96.0,94.58999633789062,95.51000213623047,5426100,DIS,-0.8366482208518988,95.05000152587891,95.99450035095215
2023-03-29,93.92158508300781,96.87000274658203,96.91000366210938,95.3499984741211,96.08000183105469,5889100,DIS,2.161994366542608,95.44400177001953,95.91100044250489
2023-03-30,95.11414337158203,98.0999984741211,98.91999816894531,97.66999816894531,98.7300033569336,7669500,DIS,1.2697385079639245,95.89800109863282,95.87000045776367
2023-03-31,97.08235931396484,100.12999725341797,100.19999694824219,98.5,98.88999938964844,8920000,DIS,2.069315811286576,97.10800018310547,95.81950035095215
2023-04-03,96.72361755371094,99.76000213623047,100.43000030517578,99.2699966430664,100.20999908447266,7313200,DIS,-0.36951475815093504,97.93600006103516,95.77450027465821
2023-04-04,96.5394058227539,99.56999969482422,100.41999816894531,98.76000213623047,100.30000305175781,6794200,DIS,-0.1904595402341558,98.88600006103516,95.80000038146973
2023-04-05,96.86905670166016,99.91000366210938,100.18000030517578,98.62999725341797,99.69999694824219,7747200,DIS,0.341472299213863,99.49400024414062,95.8305004119873
2023-04-06,96.92723083496094,99.97000122070312,100.31999969482422,98.55000305175781,99.44000244140625,7042500,DIS,0.060051602837152274,99.86800079345703,96.02200050354004
2023-04-10,97.74165344238281,100.80999755859375,100.80999755859375,98.9000015258789,99.30000305175781,8016600,DIS,0.840248402154331,100.00400085449219,96.38400039672851
2023-04-11,97.363525390625,100.41999816894531,101.91000366210938,100.29000091552734,101.16000366210938,7504600,DIS,-0.3868657862249769,100.13600006103516,96.77500038146972
2023-04-12,94.95902252197266,97.94000244140625,102.22000122070312,97.69999694824219,101.25,9289200,DIS,-2.4696233546696034,99.81000061035157,97.00400047302246
2023-04-13,97.77074432373047,100.83999633789062,101.06999969482422,98.51000213623047,98.51000213623047,8745000,DIS,2.9609902227839324,99.99599914550781,97.39100036621093
2023-04-14,96.85935974121094,99.9000015258789,100.86000061035156,98.93000030517578,100.5,7337300,DIS,-0.9321646629795843,99.98199920654297,97.67150039672852
2023-04-17,97.24718475341797,100.30000305175781,100.56999969482422,99.1500015258789,99.56999969482422,6705300,DIS,0.40040192169095157,99.88000030517578,98.0265007019043
2023-04-18,97.8580093383789,100.93000030517578,101.1500015258789,99.5999984741211,100.61000061035156,8180100,DIS,0.6281128955627935,99.98200073242188,98.36200065612793
2023-04-19,95.7443618774414,98.75,99.83000183105469,98.36000061035156,99.77999877929688,11523300,DIS,-2.159913106692013,100.14400024414063,98.47250061035156
2023-04-20,95.0850601196289,98.06999969482422,98.58000183105469,97.38999938964844,97.75,7762700,DIS,-0.68860790397548,99.59000091552734,98.63100051879883
2023-04-21,96.5394058227539,99.56999969482422,99.72000122070312,97.72000122070312,98.16000366210938,9468000,DIS,1.5295197355641221,99.52400054931641,98.8180004119873
2023-04-24,96.64605712890625,99.68000030517578,100.73999786376953,98.66999816894531,100.1500015258789,8540600,DIS,0.11047565600954545,99.4,99.09800033569336
2023-04-25,95.0268783569336,98.01000213623047,99.70999908447266,98.01000213623047,99.37999725341797,6511400,DIS,-1.67535931363616,98.81600036621094,99.21750030517578
2023-04-26,93.66950225830078,96.61000061035156,98.4800033569336,96.45999908447266,97.83999633789062,8634500,DIS,-1.4284271965762763,98.38800048828125,99.30700035095215
2023-04-27,96.8884506225586,99.93000030517578,100.06999969482422,96.70999908447266,97.12999725341797,8166500,DIS,3.436496919417764,98.76000061035157,99.46000022888184
2023-04-28,99.3802261352539,102.5,102.55999755859375,99.08000183105469,99.37000274658203,11329700,DIS,2.571799946938569,99.34600067138672,99.68000030517578
2023-05-01,99.09904479980469,102.20999908447266,102.61000061035156,101.61000061035156,102.41000366210938,6909500,DIS,-0.28292772246569786,99.8520004272461,99.78400039672852
2023-05-02,97.53805541992188,100.5999984741211,101.69999694824219,99.62000274658203,101.33000183105469,6955900,DIS,-1.5751889489999504,100.36999969482422,99.82600021362305
2023-05-03,97.79014587402344,100.86000061035156,102.58000183105469,100.63999938964844,101.05999755859375,7772100,DIS,0.2584514315846276,101.21999969482422,99.89050025939942
2023-05-04,94.48393249511719,97.44999694824219,99.54000091552734,96.61000061035156,99.54000091552734,13260700,DIS,-3.380927663567157,100.7239990234375,99.76749992370605
2023-05-05,97.46048736572266,100.5199966430664,100.8499984741211,98.11000061035156,98.58999633789062,9300100,DIS,3.1503332898561,100.32799835205078,99.79499969482421
2023-05-08,99.83590698242188,102.97000122070312,103.91000366210938,101.69000244140625,101.69999694824219,10810100,DIS,2.437330540644922,100.47999877929688,99.90299987792969
2023-05-09,99.06996154785156,102.18000030517578,102.9800033569336,102.08999633789062,102.91000366210938,6829900,DIS,-0.7672146316033079,100.7959991455078,99.99099998474121
2023-05-10,98.06161499023438,101.13999938964844,103.25,100.04000091552734,103.0,19525200,DIS,-1.0178125977894137,100.85199890136718,100.15099983215332
2023-05-11,89.50037384033203,92.30999755859375,95.11000061035156,91.87999725341797,94.80000305175781,57127200,DIS,-8.730474475322602,99.8239990234375,99.72449989318848
2023-05-12,89.19011688232422,91.98999786376953,92.87999725341797,91.23999786376953,92.33999633789062,21837500,DIS,-0.3466576787861997,98.11799926757813,99.32899971008301
2023-05-15,90.03363037109375,92.86000061035156,92.87000274658203,90.69999694824219,91.54000091552734,16792000,DIS,0.9457579810692396,96.09599914550782,98.95699958801269
2023-05-16,88.21086120605469,90.9800033569336,92.41999816894531,90.77999877929688,92.04000091552734,17013300,DIS,-2.0245501196005766,93.85599975585937,98.45949974060059
2023-05-17,89.94637298583984,92.7699966430664,93.05000305175781,90.8499984741211,91.0199966430664,12461600,DIS,1.9674579249137736,92.18199920654297,98.1604995727539
2023-05-18,90.90624237060547,93.76000213623047,94.23999786376953,92.45999908447266,92.8499984741211,15014800,DIS,1.0671612902748207,92.47200012207031,97.94499969482422
2023-05-19,88.56958770751953,91.3499984741211,93.0,91.31999969482422,93.0,16429000,DIS,-2.570396338736969,92.34400024414063,97.53399963378907
2023-05-22,89.0252914428711,91.81999969482422,91.94000244140625,89.88999938964844,91.33000183105469,14150600,DIS,0.5145059973222343,92.13600006103516,97.14099960327148
2023-05-23,87.0861587524414,89.81999969482422,92.02999877929688,89.80999755859375,91.0999984741211,14778700,DIS,-2.1781746968495552,91.90399932861328,96.73149948120117
2023-05-24,86.35899353027344,89.06999969482422,89.48999786376953,88.41000366210938,89.44000244140625,15350800,DIS,-0.8350033428503933,91.16399993896485,96.3544994354248
2023-05-25,85.4572982788086,88.13999938964844,89.55999755859375,87.79000091552734,89.55999755859375,13605800,DIS,-1.044122946404169,90.03999938964844,95.76499938964844
2023-05-26,85.60272979736328,88.29000091552734,89.23999786376953,88.0999984741211,88.48999786376953,12892700,DIS,0.170185530879996,89.4279998779297,95.0544994354248
2023-05-30,85.14704132080078,87.81999969482422,88.97000122070312,87.01000213623047,88.97000122070312,14800700,DIS,-0.5323379950497475,88.62799987792968,94.33499946594239
2023-05-31,85.28278350830078,87.95999908447266,88.16999816894531,87.1500015258789,87.58000183105469,11440600,DIS,0.15941629484734765,88.25599975585938,93.70299949645997
2023-06-01,85.89360046386719,88.58999633789062,89.05999755859375,87.11000061035156,88.4000015258789,11993200,DIS,0.7162315370341732,88.15999908447266,93.08949928283691
2023-06-02,88.00724029541016,90.7699966430664,91.33999633789062,89.5999984741211,89.62999725341797,14350200,DIS,2.460774799968446,88.68599853515624,92.75549926757813
2023-06-05,88.23025512695312,91.0,91.76000213623047,89.44000244140625,91.19999694824219,18506700,DIS,0.2533913908116858,89.22799835205078,92.27949943542481
2023-06-06,89.35494232177734,92.16000366210938,92.51000213623047,91.0199966430664,91.0999984741211,12109100,DIS,1.2747292990212822,90.09599914550782,91.73899955749512
2023-06-07,89.7039794921875,92.5199966430664,93.08000183105469,91.86000061035156,92.77999877929688,11082400,DIS,0.3906173683292158,91.00799865722657,91.25599937438965
2023-06-08,89.71368408203125,92.52999877929688,92.68000030517578,91.30000305175781,92.5199966430664,9030200,DIS,0.010810783174863836,91.7959991455078,90.82549934387207
2023-06-09,89.13194274902344,91.93000030517578,92.91999816894531,91.55000305175781,92.77999877929688,9625400,DIS,-0.6484367038112837,92.02799987792969,90.80649948120117
2023-06-12,90.30511474609375,93.13999938964844,93.2300033569336,91.7699966430664,92.25,12341600,DIS,1.3162178619121834,92.45599975585938,90.86399955749512
2023-06-13,90.99349975585938,93.8499984741211,94.44000244140625,93.44000244140625,94.12000274658203,12964400,DIS,0.7622923439180918,92.79399871826172,90.91349945068359
2023-06-14,89.6361083984375,92.44999694824219,94.5199966430664,91.91999816894531,94.26000213623047,15877400,DIS,-1.4917437918392173,92.77999877929688,90.98699913024902
2023-06-15,90.11119842529297,92.94000244140625,93.5199966430664,91.61000061035156,92.05999755859375,13354600,DIS,0.5300221842499342,92.86199951171875,90.99549942016601
2023-06-16,88.54051208496094,91.31999969482422,92.97000122070312,90.86000061035156,92.87999725341797,22683400,DIS,-1.7430629481674065,92.73999938964843,90.87349929809571
2023-06-20,87.01829528808594,89.75,90.77999877929688,89.73999786376953,90.29000091552734,14939200,DIS,-1.7192287561003994,92.06199951171875,90.79349937438965
2023-06-21,85.94207763671875,88.63999938964844,89.66999816894531,88.11000061035156,89.55000305175781,17873000,DIS,-1.23676948228586,91.01999969482422,90.63449935913086
2023-06-22,85.79664611816406,88.48999786376953,89.19000244140625,88.12000274658203,88.44000244140625,10915300,DIS,-0.16922554931382283,90.22799987792969,90.56799926757813
2023-06-23,85.41851043701172,88.0999984741211,88.4000015258789,87.61000061035156,88.0199966430664,13538000,DIS,-0.4407270867480939,89.25999908447265,90.51949920654297
2023-06-26,86.00025939941406,88.69999694824219,89.48999786376953,87.7699966430664,88.04000091552734,13132700,DIS,0.6810425476878379,88.73599853515626,90.54749908447266
2023-06-27,86.34928894042969,89.05999755859375,89.66000366210938,88.48999786376953,88.9000015258789,10032700,DIS,0.405863159794273,88.597998046875,90.58599891662598
2023-06-28,86.12629699707031,88.83000183105469,89.4000015258789,88.52999877929688,89.38999938964844,12118300,DIS,-0.258248073033851,88.63599853515625,90.6364990234375
2023-06-29,86.24264526367188,88.94999694824219,89.12000274658203,87.33999633789062,87.80000305175781,13402600,DIS,0.13508399720143505,88.72799835205078,90.68599891662598
2023-06-30,86.5625991821289,89.27999877929688,89.5999984741211,88.61000061035156,89.18000030517578,12837500,DIS,0.3709970122277806,88.96399841308593,90.72049903869629
2023-07-03,87.74546813964844,90.5,90.94999694824219,88.91000366210938,89.12000274658203,7979500,DIS,1.3664888411557996,89.3239990234375,90.70699920654297
2023-07-05,87.05706787109375,89.79000091552734,90.38999938964844,89.25,90.11000061035156,11028800,DIS,-0.7845293751079119,89.46999969482422,90.64649925231933
2023-07-06,86.03903198242188,88.73999786376953,88.83000183105469,87.77999877929688,88.66999816894531,12084600,DIS,-1.1693986424453184,89.45199890136719,90.47549896240234
2023-07-07,85.94207763671875,88.63999938964844,89.7300033569336,88.08000183105469,88.30999755859375,9705100,DIS,-0.11268703688116499,89.38999938964844,90.28149909973145
2023-07-10,85.41851043701172,88.0999984741211,88.68000030517578,87.86000061035156,88.25,13642600,DIS,-0.6092068132283912,89.15399932861328,90.05999908447265
2023-07-11,86.7662124633789,89.48999786376953,89.58999633789062,88.1500015258789,88.19999694824219,13735500,DIS,1.5777518884483754,88.95199890136719,89.93799896240235
2023-07-12,87.40612030029297,90.1500015258789,90.70999908447266,89.56999969482422,90.11000061035156,14912100,DIS,0.7375166810419387,89.0239990234375,89.78849906921387
2023-07-13,87.71638488769531,90.47000122070312,90.80999755859375,89.08000183105469,90.55000305175781,15325500,DIS,0.35496360444582375,89.36999969482422,89.61949920654297
2023-07-14,85.92269134521484,88.62000274658203,90.48999786376953,88.41999816894531,90.41000366210938,17770000,DIS,-2.044875040520877,89.36600036621094,89.42799949645996
2023-07-17,82.95581817626953,85.55999755859375,88.48999786376953,85.30000305175781,88.41999816894531,34503400,DIS,-3.4529509062854347,88.85800018310547,89.05899925231934
2023-07-18,83.33395385742188,85.94999694824219,87.30000305175781,85.30999755859375,85.51000213623047,21885100,DIS,0.4558197765040406,88.15,88.79049911499024
2023-07-19,84.39077758789062,87.04000091552734,87.88999938964844,86.19000244140625,86.19999694824219,17177000,DIS,1.268183834772607,87.52799987792969,88.65499916076661
2023-07-20,83.5860366821289,86.20999908447266,87.18000030517578,86.02999877929688,86.83999633789062,15277500,DIS,-0.9535866524866043,86.67599945068359,88.53349914550782
2023-07-21,84.52651977539062,87.18000030517578,87.9000015258789,85.87999725341797,86.30000305175781,19901000,DIS,1.125160922171764,86.38799896240235,88.46799926757812
2023-07-24,83.96417999267578,86.5999984741211,87.95999908447266,86.55000305175781,87.48999786376953,13911900,DIS,-0.6652923021614798,86.59599914550782,88.39299926757812
2023-07-25,83.02369689941406,85.62999725341797,86.30999755859375,85.16000366210938,85.7300033569336,15335400,DIS,-1.120093808076672,86.53199920654296,88.23949928283692
2023-07-26,83.24669647216797,85.86000061035156,86.2699966430664,85.44999694824219,85.66999816894531,14983700,DIS,0.2686013830561107,86.2959991455078,88.07949943542481
2023-07-27,82.76192474365234,85.36000061035156,86.87999725341797,85.19000244140625,86.5999984741211,16691400,DIS,-0.5823433454992477,86.1259994506836,87.90599937438965
2023-07-28,83.50847625732422,86.12999725341797,86.58000183105469,85.44999694824219,85.86000061035156,13638300,DIS,0.902057916542498,85.91599884033204,87.76499938964844
2023-07-31,86.1844711303711,88.88999938964844,89.36000061035156,86.87999725341797,87.0,20837800,DIS,3.204460959298294,86.3739990234375,87.74549942016601
2023-08-01,86.32020568847656,89.02999877929688,89.7300033569336,88.45999908447266,89.12000274658203,13717500,DIS,0.15749734571912644,87.05399932861329,87.67199935913087
2023-08-02,83.67329406738281,86.30000305175781,88.33000183105469,86.26000213623047,88.26000213623047,15162700,DIS,-3.0663773615303036,87.14199981689453,87.49749946594238
2023-08-03,82.88795471191406,85.48999786376953,86.45999908447266,85.44999694824219,85.81999969482422,14145400,DIS,-0.9385923051503098,87.16799926757812,87.33499946594239
2023-08-04,83.67329406738281,86.30000305175781,87.11000061035156,85.44999694824219,85.94000244140625,11533900,DIS,0.9474853295458496,87.20200042724609,87.21799964904785
2023-08-07,84.18717956542969,86.83000183105469,87.2300033569336,85.98999786376953,86.66000366210938,10818400,DIS,0.6141352961239299,86.79000091552734,87.15449981689453
2023-08-08,85.44760131835938,88.12999725341797,88.33000183105469,86.0999984741211,86.5,16767900,DIS,1.4971730910390724,86.61000061035156,87.08649978637695
2023-08-09,84.82707977294922,87.48999786376953,89.55999755859375,87.04000091552734,89.19999694824219,32517900,DIS,-0.7261992619926216,86.8479995727539,86.95349960327148
2023-08-10,88.96712493896484,91.76000213623047,92.52999877929688,87.75,89.97000122070312,56716800,DIS,4.880562780570363,88.1020004272461,87.01799964904785
2023-08-11,86.31051635742188,89.0199966430664,91.3499984741211,88.86000061035156,91.31999969482422,21998900,DIS,-2.9860564836257764,88.64599914550782,87.03799934387207
2023-08-14,86.10690307617188,88.80999755859375,89.30000305175781,87.98999786376953,88.98999786376953,13676400,DIS,-0.2359010249288862,89.04199829101563,87.20049934387207
2023-08-15,84.41017150878906,87.05999755859375,88.2300033569336,86.88999938964844,87.98999786376953,13677900,DIS,-1.9704988718701522,88.82799835205078,87.25599937438965
2023-08-16,83.7217788696289,86.3499984741211,87.05999755859375,86.08000183105469,86.54000091552734,12182700,DIS,-0.8155284911360194,88.5999984741211,87.22149925231933
2023-08-17,83.30486297607422,85.91999816894531,86.95999908447266,85.80000305175781,86.91999816894531,14206000,DIS,-0.4979737264322659,87.43199768066407,87.20699920654297
2023-08-18,83.3436508178711,85.95999908447266,86.72000122070312,85.37000274658203,85.37000274658203,12364400,DIS,0.04655600137315474,86.81999816894532,87.14599914550782
2023-08-21,83.2660903930664,85.87999725341797,86.25,85.41000366210938,85.80999755859375,11215000,DIS,-0.0930686736932973,86.23399810791015,87.10999908447266
2023-08-22,83.17884063720703,85.79000091552734,86.08999633789062,85.37000274658203,85.70999908447266,9835300,DIS,-0.10479313084402753,85.97999877929688,87.11799926757813
2023-08-23,83.21761322021484,85.83000183105469,86.33000183105469,85.63999938964844,85.80999755859375,7576000,DIS,0.046626547500250304,85.8759994506836,87.11649932861329
2023-08-24,79.95987701416016,82.47000122070312,85.94999694824219,82.45999908447266,85.51000213623047,27531000,DIS,-3.9147157621705397,85.18600006103516,86.97199935913086
2023-08-25,80.82278442382812,83.36000061035156,83.6500015258789,82.45999908447266,83.06999969482422,16050900,DIS,1.0791795519278002,84.66600036621094,86.83349952697753
2023-08-28,81.59844970703125,84.16000366210938,84.69000244140625,83.52999877929688,83.83000183105469,12166400,DIS,0.959696552183642,84.32200164794922,86.59699974060058
2023-08-29,81.83112335205078,84.4000015258789,84.55000305175781,83.7300033569336,83.79000091552734,11210700,DIS,0.2851685519562164,84.04400177001953,86.3654998779297
2023-08-30,81.71478271484375,84.27999877929688,84.68000030517578,83.83000183105469,84.4000015258789,11816600,DIS,-0.14218334646028952,83.73400115966797,86.26449966430664
2023-08-31,81.13304901123047,83.68000030517578,84.61000061035156,83.63999938964844,84.45999908447266,10448000,DIS,-0.711910871869259,83.9760009765625,86.17399978637695
2023-09-01,79.1551513671875,81.63999938964844,82.2300033569336,80.52999877929688,82.11000061035156,27701900,DIS,-2.437859593794922,83.63200073242187,85.94099960327148
2023-09-05,78.71884155273438,81.19000244140625,82.38999938964844,81.18000030517578,81.41999816894531,12741700,DIS,-0.5511966580186489,83.03800048828126,85.65899963378907
2023-09-06,78.51522827148438,80.9800033569336,82.08999633789062,80.52999877929688,80.79000091552734,15518500,DIS,-0.25865140800335196,82.35400085449218,85.30149993896484
2023-09-07,78.11770629882812,80.56999969482422,80.8499984741211,79.75,80.81999969482422,14768000,DIS,-0.5063023525724186,81.61200103759765,84.95550003051758
2023-09-08,79.09696197509766,81.58000183105469,81.66999816894531,80.16999816894531,80.54000091552734,16220900,DIS,1.25357098182457,81.19200134277344,84.44650001525879
2023-09-11,80.00835418701172,82.5199966430664,83.8499984741211,81.16999816894531,81.94000244140625,26579100,DIS,1.1522368116126946,81.36800079345703,84.12150001525879
2023-09-12,81.13304901123047,83.68000030517578,84.66999816894531,82.56999969482422,83.02999877929688,16594600,DIS,1.4057243205266579,81.86600036621094,83.8650001525879
2023-09-13,80.93913269042969,83.4800033569336,84.05000305175781,83.12000274658203,83.3499984741211,9772700,DIS,-0.23900208832793313,82.36600036621094,83.68600044250488
2023-09-14,81.90869903564453,84.4800033569336,84.73999786376953,83.04000091552734,84.0,22371900,DIS,1.197891662419237,83.14800109863282,83.59250068664551
2023-09-15,82.9752197265625,85.58000183105469,86.19000244140625,84.61000061035156,85.22000122070312,21631200,DIS,1.302081475391903,83.94800109863282,83.57550086975098
2023-09-18,82.4322509765625,85.0199966430664,85.91999816894531,84.9800033569336,85.23999786376953,11894200,DIS,-0.6543645431251521,84.44800109863282,83.52850074768067
2023-09-19,79.44601440429688,81.94000244140625,84.79000091552734,81.70999908447266,83.91999816894531,21478900,DIS,-3.6226703402385207,84.10000152587891,83.33150100708008
2023-09-20,80.0471420288086,82.55999755859375,83.19999694824219,81.63999938964844,82.02999877929688,12715200,DIS,0.7566452266472012,83.91600036621094,83.1700008392334
2023-09-21,80.21196746826172,82.7300033569336,83.66999816894531,81.91999816894531,82.05999755859375,14378000,DIS,0.20591788198538463,83.56600036621094,83.01500091552734
2023-09-22,78.77700805664062,81.25,83.3499984741211,81.19999694824219,82.91000366210938,11495300,DIS,-1.7889559976786318,82.7,82.9540008544922
2023-09-25,78.54431915283203,81.01000213623047,81.7699966430664,80.55999755859375,81.55999755859375,11034400,DIS,-0.29538198617788947,81.89800109863282,82.83650093078613
2023-09-26,77.61354064941406,80.05000305175781,80.73999786376953,79.79000091552734,80.5,14867900,DIS,-1.1850377226978348,81.52000122070312,82.63100090026856
2023-09-27,77.46809387207031,79.9000015258789,80.55999755859375,79.22000122070312,80.12000274658203,14662500,DIS,-0.18738478471003184,80.98800201416016,82.40600090026855
2023-09-28,77.69110870361328,80.12999725341797,80.91999816894531,79.6500015258789,80.27999877929688,12229800,DIS,0.28785447202346326,80.46800079345704,82.19850082397461
2023-09-29,78.5831069946289,81.05000305175781,81.33000183105469,80.41000366210938,80.66000366210938,11261400,DIS,1.1481415573124876,80.4280014038086,82.0670009613037
2023-10-02,79.1842269897461,81.66999816894531,81.7699966430664,80.79000091552734,80.91999816894531,9128100,DIS,0.7649538480480667,80.56000061035157,82.06850090026856
2023-10-03,77.11905670166016,79.54000091552734,81.88999938964844,79.45999908447266,81.25,12586200,DIS,-2.6080535094561763,80.45800018310547,81.9860008239746
2023-10-04,76.90575408935547,79.31999969482422,79.79000091552734,78.7300033569336,79.61000061035156,12010500,DIS,-0.2765919262897265,80.34199981689453,81.90300064086914
2023-10-05,78.35039520263672,80.80999755859375,80.94000244140625,78.87999725341797,79.0999984741211,15466600,DIS,1.878464283285619,80.47799987792969,81.91500053405761
2023-10-06,80.41557312011719,82.94000244140625,83.52999877929688,80.48999786376953,81.05000305175781,15391100,DIS,2.635818521425004,80.85599975585937,81.98300056457519
2023-10-09,82.12200164794922,84.69999694824219,84.87999725341797,83.12999725341797,84.30000305175781,13604400,DIS,2.122009229598598,81.46199951171874,82.09200057983398
2023-10-10,82.40316772460938,84.98999786376953,85.29000091552734,83.93000030517578,84.79000091552734,9450600,DIS,0.34238598108162765,82.55199890136718,82.15750045776367
2023-10-11,82.2674331665039,84.8499984741211,85.72000122070312,84.26000213623047,85.37000274658203,9499200,DIS,-0.16472454779071777,83.65799865722656,82.22600021362305
2023-10-12,81.78266906738281,84.3499984741211,85.06999969482422,83.51000213623047,84.83000183105469,9554900,DIS,-0.5892752021115166,84.36599884033203,82.21949996948243
2023-10-13,81.78266906738281,84.3499984741211,84.58000183105469,83.37999725341797,83.94000244140625,10808000,DIS,0.0,84.647998046875,82.15799980163574
2023-10-16,83.10126495361328,85.70999908447266,85.93000030517578,84.30999755859375,84.30999755859375,10275100,DIS,1.6123303318954063,84.8499984741211,82.19249992370605
2023-10-17,83.57634735107422,86.19999694824219,86.29000091552734,85.30999755859375,85.3499984741211,9985700,DIS,0.5716927651423731,85.09199829101563,82.40549964904785
2023-10-18,82.10260772705078,84.68000030517578,86.26000213623047,84.5999984741211,85.69000244140625,10047000,DIS,-1.7633372353586863,85.05799865722656,82.51149978637696
2023-10-19,80.71613311767578,83.25,85.2699966430664,83.16999816894531,85.26000213623047,14316800,DIS,-1.6887107936020884,84.83799896240234,82.53749961853028
2023-10-20,80.13440704345703,82.6500015258789,83.44000244140625,82.61000061035156,82.9000015258789,10437000,DIS,-0.7207188878331494,84.49799957275391,82.60749969482421
2023-10-23,80.5707015991211,83.0999984741211,84.02999877929688,80.91000366210938,82.08000183105469,10772500,DIS,0.5444609073616213,83.97599945068359,82.71199951171874
2023-10-24,80.0471420288086,82.55999755859375,84.19999694824219,81.73999786376953,83.41000366210938,11499500,DIS,-0.6498206082344415,83.24799957275391,82.83749923706054
2023-10-25,78.13710021972656,80.58999633789062,82.55000305175781,80.5199966430664,82.12999725341797,9372500,DIS,-2.386144959978942,82.42999877929688,82.87199897766114
2023-10-26,77.35175323486328,79.77999877929688,80.61000061035156,79.41999816894531,80.08000183105469,11651000,DIS,-1.005084496092623,81.73599853515626,82.85449905395508
2023-10-27,76.91544342041016,79.33000183105469,81.02999877929688,79.2300033569336,79.75,10300600,DIS,-0.5640473240505539,81.0719985961914,82.76849899291992
2023-10-30,78.22435760498047,80.68000030517578,80.93000030517578,79.52999877929688,79.72000122070312,10291200,DIS,1.7017502117245842,80.58799896240234,82.71899909973145
2023-10-31,79.10665893554688,81.58999633789062,81.66999816894531,80.33000183105469,80.69000244140625,8672200,DIS,1.127907820119911,80.39399871826171,82.82149887084961
2023-11-01,78.60248565673828,81.06999969482422,81.58000183105469,80.18000030517578,81.52999877929688,9093000,DIS,-0.6373289207085242,80.48999938964843,82.90899887084962
2023-11-02,80.75492095947266,83.29000091552734,83.30000305175781,81.81999969482422,81.8499984741211,11518500,DIS,2.7383757605279113,81.19199981689454,83.03299903869629
2023-11-03,82.48074340820312,85.06999969482422,85.93000030517578,84.16000366210938,84.16999816894531,11331800,DIS,2.137109808777815,82.33999938964844,83.13949890136719
2023-11-06,81.46269226074219,84.0199966430664,85.80000305175781,83.58999633789062,85.08000183105469,14160900,DIS,-1.2342812454737784,83.00799865722657,83.10549888610839
2023-11-07,82.01534271240234,84.58999633789062,84.68000030517578,83.94999694824219,84.16000366210938,10540200,DIS,0.678409566291327,83.60799865722656,83.08549880981445
2023-11-08,81.92808532714844,84.5,84.91999816894531,83.94999694824219,84.13999938964844,26942600,DIS,-0.10639123038986842,84.29399871826172,83.0679988861084
2023-11-09,87.59033203125,90.33999633789062,91.20999908447266,87.5999984741211,87.83999633789062,51062700,DIS,6.911238269693043,85.70399780273438,83.36749877929688
2023-11-10,85.58334350585938,88.2699966430664,90.16000366210938,86.94000244140625,90.12999725341797,25175700,DIS,-2.2913435673408533,86.34399719238282,83.56349868774414
2023-11-13,86.71772766113281,89.44000244140625,89.9000015258789,87.41000366210938,88.41999816894531,12834400,DIS,1.3254852643429293,87.42799835205078,83.74999885559082
2023-11-14,88.29811096191406,91.06999969482422,91.54000091552734,89.98999786376953,90.02999877929688,13152000,DIS,1.822447684396944,88.7239990234375,83.99349899291992
2023-11-15,91.07107543945312,93.93000030517578,94.56999969482422,92.73999786376953,92.98999786376953,20593100,DIS,3.140442099413021,90.60999908447266,84.45599899291992
2023-11-16,91.6334228515625,94.51000213623047,94.61000061035156,93.62999725341797,93.88999938964844,12923900,DIS,0.6174830503250073,91.44400024414062,85.01899909973145
2023-11-17,91.28437805175781,94.1500015258789,95.37999725341797,93.91999816894531,94.75,12189300,DIS,-0.38091270999300875,92.62000122070313,85.59399909973145
2023-11-20,92.13758850097656,95.02999877929688,95.58999633789062,93.87000274658203,93.9800033569336,14105300,DIS,0.9346757718066367,93.73800048828124,86.19049911499023
2023-11-21,91.57524108886719,94.44999694824219,94.95999908447266,93.95999908447266,94.7300033569336,7654800,DIS,-0.6103355135273825,94.41399993896485,86.78499908447266
2023-11-22,92.1763687133789,95.06999969482422,95.70999908447266,94.76000213623047,94.91000366210938,7328200,DIS,0.6564349037743167,94.64199981689453,87.50899925231934
2023-11-24,93.13623809814453,96.05999755859375,96.51000213623047,94.9000015258789,94.9000015258789,5440500,DIS,1.0413357178368,94.95199890136719,88.32299919128418
2023-11-27,92.27333068847656,95.16999816894531,95.73999786376953,94.5199966430664,95.73999786376953,11049500,DIS,-0.9265036563274598,95.15599822998047,89.11499900817871
2023-11-28,89.6845932006836,92.5,95.13999938964844,92.44999694824219,95.0,18660300,DIS,-2.8055040667391284,94.64999847412109,89.70599899291992
2023-11-29,89.6845932006836,92.5,93.23999786376953,91.44000244140625,92.5999984741211,13857000,DIS,0.0,94.25999908447265,90.25149917602539
2023-11-30,89.86881256103516,92.69000244140625,93.86000061035156,92.19999694824219,93.55000305175781,13396700,DIS,0.20540804476352204,93.78399963378907,90.83249931335449
2023-12-01,89.76216125488281,92.58000183105469,92.83999633789062,91.7699966430664,92.73999786376953,11898200,DIS,-0.1186758090993667,93.08800048828125,91.29699935913087
2023-12-04,89.20951080322266,92.01000213623047,92.41000366210938,91.61000061035156,91.9000015258789,12602800,DIS,-0.6156833911759807,92.45600128173828,91.64399948120118
2023-12-05,88.02664184570312,90.79000091552734,91.77999877929688,89.93000030517578,91.61000061035156,12357000,DIS,-1.3259441282229112,92.11400146484375,91.98249969482421
2023-12-06,88.71502685546875,91.5,92.55000305175781,90.62000274658203,91.11000061035156,10462000,DIS,0.7820234357451383,91.91400146484375,92.32799987792968
2023-12-07,89.5391616821289,92.3499984741211,93.38999938964844,91.6500015258789,91.80000305175781,10264700,DIS,0.9289600810066689,91.84600067138672,92.72049980163574
2023-12-08,90.28816223144531,92.81999969482422,93.54000091552734,92.05999755859375,92.05999755859375,9498200,DIS,0.5089347357540408,91.89400024414063,92.84449996948243
2023-12-11,89.68506622314453,92.19999694824219,93.08000183105469,91.97000122070312,92.7300033569336,10811000,DIS,-0.667962452726234,91.93199920654297,93.0409999847412
2023-12-12,88.58589172363281,91.06999969482422,92.19999694824219,90.86000061035156,92.12000274658203,13218400,DIS,-1.2255935909111892,91.98799896240234,93.12249984741212
2023-12-13,90.29788970947266,92.83000183105469,92.87000274658203,90.77999877929688,91.16999816894531,10173200,DIS,1.9325816867554968,92.25399932861328,93.21049995422364
2023-12-14,91.37760162353516,93.94000244140625,94.83000183105469,93.20999908447266,93.20999908447266,12439300,DIS,1.1957347715792377,92.5720001220703,93.21100006103515
2023-12-15,90.91069793701172,93.45999908447266,93.94999694824219,92.93000030517578,93.05000305175781,17551600,DIS,-0.5109680055980337,92.7,93.15849990844727
2023-12-18,90.32707214355469,92.86000061035156,93.70999908447266,92.69999694824219,92.69999694824219,9083600,DIS,-0.6419842499450379,92.83200073242188,93.0939998626709
2023-12-19,91.36787414550781,93.93000030517578,93.98999786376953,92.61000061035156,92.63999938964844,8804000,DIS,1.1522719015629068,93.40400085449218,93.03899993896485
2023-12-20,88.78043365478516,91.2699966430664,94.2699966430664,91.25,93.23999786376953,13060600,DIS,-2.8318999823987,93.09199981689453,92.87999992370605
2023-12-21,89.50997161865234,92.0199966430664,92.08000183105469,91.05999755859375,91.93000030517578,13037200,DIS,0.8217377315494545,92.70799865722657,92.72749977111816
2023-12-22,88.53724670410156,91.0199966430664,92.23999786376953,90.75,91.62000274658203,9419800,DIS,-1.0867203178444695,92.21999816894531,92.47549972534179
2023-12-26,88.46916198730469,90.94999694824219,91.2699966430664,90.5999984741211,90.83999633789062,8086900,DIS,-0.0769058420192259,91.83799743652344,92.26449966430664
2023-12-27,87.91470336914062,90.37999725341797,90.94000244140625,90.04000091552734,90.91000366210938,11123500,DIS,-0.6267176623970583,91.12799682617188,92.15849952697754
2023-12-28,87.93417358398438,90.4000015258789,90.9800033569336,89.97000122070312,90.08999633789062,8479600,DIS,0.022133517447286977,90.95399780273438,92.05349960327149
2023-12-29,87.82716369628906,90.29000091552734,90.5999984741211,89.86000061035156,90.12000274658203,9211000,DIS,-0.12168208904296263,90.60799865722656,91.93349952697754
2024-01-02,88.2357177734375,90.70999908447266,91.4800033569336,89.7300033569336,90.0999984741211,10587600,DIS,0.4651657599807235,90.5459991455078,91.83999938964844
2024-01-03,89.15007019042969,91.6500015258789,92.08000183105469,90.0,90.2300033569336,11929800,DIS,1.036272131951943,90.68600006103516,91.82199935913086
2024-01-04,88.08980560302734,90.55999755859375,91.94000244140625,90.0,91.94000244140625,12087400,DIS,-1.189311455687625,90.72200012207031,91.81049919128418
2024-01-05,88.42052459716797,90.9000015258789,91.31999969482422,90.36000061035156,90.41000366210938,9092100,DIS,0.3754460870708076,90.8220001220703,91.78049926757812
2024-01-08,89.05280303955078,91.55000305175781,91.94000244140625,91.0,91.55000305175781,11103700,DIS,0.7150731737818994,91.07400054931641,91.74049949645996
2024-01-09,87.22408294677734,89.66999816894531,91.0999984741211,89.5999984741211,91.05000305175781,11255100,DIS,-2.053527930249921,90.86600036621094,91.58299942016602
2024-01-10,86.85444641113281,89.29000091552734,89.81999969482422,88.87999725341797,89.81999969482422,15091600,DIS,-0.4237730134688089,90.39400024414063,91.43749961853027
2024-01-11,87.01007843017578,89.44999694824219,89.77999877929688,88.69000244140625,89.38999938964844,9642200,DIS,0.1791869538294799,90.17200012207032,91.35649948120117
2024-01-12,87.8855209350586,90.3499984741211,90.83000183105469,89.6500015258789,89.6500015258789,11919400,DIS,1.0061504265893584,90.06199951171875,91.2324993133545
2024-01-16,90.51188659667969,93.05000305175781,93.08999633789062,89.45999908447266,90.29000091552734,16780900,DIS,2.9883836449760226,90.36199951171875,91.18799934387206
2024-01-17,87.87580108642578,90.33999633789062,93.76000213623047,90.0999984741211,92.58000183105469,15735200,DIS,-2.9124198011683866,90.49599914550781,91.03199920654296
2024-01-18,89.6948013305664,92.20999908447266,92.51000213623047,90.41000366210938,90.66000366210938,12203200,DIS,2.0699610608659214,91.07999877929687,90.99949913024902
2024-01-19,90.52159881591797,93.05999755859375,93.58000183105469,91.62999725341797,92.31999969482422,19790100,DIS,0.9218072688000234,91.80199890136718,90.95599899291992
2024-01-22,92.48650360107422,95.08000183105469,95.2300033569336,92.87000274658203,92.87000274658203,15119400,DIS,2.170647244202928,92.74799957275391,91.14649925231933
2024-01-23,91.21224212646484,93.7699966430664,95.88999938964844,93.18000030517578,95.43000030517578,11559400,DIS,-1.3777925565420124,92.89199829101562,91.23399925231934
2024-01-24,90.94960021972656,93.5,95.25,93.26000213623047,94.41999816894531,10454900,DIS,-0.28793500344693745,93.5239990234375,91.35799942016601
2024-01-25,92.27251434326172,94.86000061035156,94.94000244140625,93.75,93.91999816894531,8661600,DIS,1.4545461073278698,94.05399932861329,91.55349960327149
2024-01-26,92.75888061523438,95.36000061035156,95.52999877929688,94.69999694824219,95.0,7812800,DIS,0.5270925540616478,94.51399993896484,91.80249977111816
2024-01-29,94.83076477050781,97.48999786376953,97.5,95.0,95.41999816894531,13422200,DIS,2.2336380450764803,94.99599914550781,92.1569995880127
2024-01-30,94.2957763671875,96.94000244140625,97.54000091552734,96.01000213623047,96.5199966430664,9139600,DIS,-0.5641557435787758,95.63000030517578,92.48949966430663
2024-01-31,93.43004608154297,96.05000305175781,97.56999969482422,95.80999755859375,96.41999816894531,9592300,DIS,-0.9180930134454868,96.14000091552734,92.75649986267089
2024-02-01,94.4124984741211,97.05999755859375,97.93000030517578,95.9000015258789,96.37000274658203,8484800,DIS,1.0515299060341432,96.58000030517579,93.02699966430664
2024-02-02,94.48059844970703,97.12999725341797,97.41000366210938,95.81999969482422,96.27999877929688,9321300,DIS,0.07212002532965833,96.93399963378906,93.35549964904786
2024-02-05,94.01368713378906,96.6500015258789,97.37000274658203,96.48999786376953,96.69999694824219,11679300,DIS,-0.4941786689097949,96.76600036621093,93.64299964904785
2024-02-06,96.58167266845703,99.29000091552734,99.31999969482422,96.79000091552734,96.91999816894531,16455500,DIS,2.7315047573398754,97.23600006103516,94.02999954223633
2024-02-07,96.43576049804688,99.13999938964844,99.27999877929688,96.63999938964844,97.38999938964844,28886300,DIS,-0.15107415096765608,97.85399932861328,94.50349960327148
2024-02-08,107.52481079101562,110.54000091552734,112.7699966430664,106.80000305175781,107.08000183105469,60558400,DIS,11.498892067846045,100.55,95.56599960327148
2024-02-09,105.4334487915039,108.38999938964844,110.1500015258789,107.69000244140625,109.5999984741211,21509100,DIS,-1.9449986503274008,102.8020004272461,96.5129997253418
2024-02-12,106.30890655517578,109.29000091552734,111.05999755859375,107.83000183105469,107.87999725341797,13424000,DIS,0.8303363141866305,105.33000030517579,97.4599998474121
2024-02-13,107.4469985961914,110.45999908447266,110.6500015258789,108.20999908447266,108.27999877929688,14594500,DIS,1.0705445687109405,107.56399993896484,98.33049964904785
2024-02-14,108.51698303222656,111.55999755859375,111.68000030517578,109.66999816894531,110.58000183105469,11405500,DIS,0.9958342234638984,110.04799957275391,99.39149971008301
2024-02-15,109.38270568847656,112.44999694824219,112.91999816894531,111.08000183105469,111.08000183105469,9961900,DIS,0.797776451349419,110.42999877929688,100.40349960327148
2024-02-16,108.55590057373047,111.5999984741211,112.55999755859375,111.16000366210938,112.0199966430664,8782200,DIS,-0.7558901709106558,111.0719985961914,101.33049964904785
2024-02-20,106.45481872558594,109.44000244140625,111.12999725341797,109.3499984741211,110.8499984741211,9770900,DIS,-1.9354803425160716,111.10199890136718,102.04849967956542
2024-02-21,104.73309326171875,107.66999816894531,109.22000122070312,107.23999786376953,108.4800033569336,10427500,DIS,-1.617328429253817,110.54399871826172,102.74349975585938
2024-02-22,104.70390319824219,107.63999938964844,108.48999786376953,107.41000366210938,107.98999786376953,9266200,DIS,-0.027861781189786328,109.75999908447265,103.4504997253418
2024-02-23,104.80117797851562,107.73999786376953,108.0,105.83000183105469,107.56999969482422,11724000,DIS,0.09290084976598667,108.81799926757813,104.0944995880127
2024-02-26,104.74282836914062,107.68000030517578,108.76000213623047,107.37999725341797,107.5199966430664,8694200,DIS,-0.05568735825446369,108.03399963378907,104.7104995727539
2024-02-27,106.43536376953125,109.41999816894531,109.58000183105469,107.77999877929688,107.77999877929688,7595000,DIS,1.615896971432207,108.02999877929688,105.3069995880127
2024-02-28,107.77771759033203,110.80000305175781,111.04000091552734,108.66000366210938,108.77999877929688,10773000,DIS,1.26119987744997,108.65599975585937,105.99999961853027
2024-02-29,108.53643798828125,111.58000183105469,112.75,110.97000122070312,111.13999938964844,11658300,DIS,0.7039699980265546,109.44400024414062,106.77649955749511
2024-03-01,108.8963394165039,111.94999694824219,112.1500015258789,111.02999877929688,111.44000244140625,7242400,DIS,0.3315962637711056,110.28600006103515,107.52099952697753
2024-03-04,110.5888900756836,113.69000244140625,114.12999725341797,111.80000305175781,112.66999816894531,11558900,DIS,1.554270246178313,111.48800048828124,108.34899978637695
2024-03-05,109.791259765625,112.87000274658203,115.19000244140625,112.2699966430664,113.61000061035156,14929600,DIS,-0.7212592815686092,112.1780014038086,109.15999984741211
2024-03-06,107.05789947509766,110.05999755859375,113.30000305175781,109.25,113.08000183105469,14743900,DIS,-2.4895943294139578,112.03000030517578,109.69849967956543
2024-03-07,107.17462158203125,110.18000030517578,111.08000183105469,109.19999694824219,110.69999694824219,8609300,DIS,0.10903393534797967,111.75,110.2504997253418
2024-03-08,107.3108139038086,110.31999969482422,111.30999755859375,109.33999633789062,110.18000030517578,10009200,DIS,0.12706424873902833,111.4240005493164,110.23949966430663
2024-03-11,109.24652862548828,112.30999755859375,112.91000366210938,110.02999877929688,110.08999633789062,8794300,DIS,1.8038414333524377,111.1479995727539,110.43549957275391
2024-03-12,109.3924331665039,112.45999908447266,112.94999694824219,111.63999938964844,112.5199966430664,8085000,DIS,0.1335602610093911,111.06599884033203,110.59399948120117
2024-03-13,109.43135070800781,112.5,114.12999725341797,112.44000244140625,112.73999786376953,7267900,DIS,0.03556901640848764,111.55399932861329,110.69599952697754
2024-03-14,109.00334167480469,112.05999755859375,112.3499984741211,109.51000213623047,111.73999786376953,10520500,DIS,-0.39111328124999956,111.92999877929688,110.72099952697754
2024-03-15,108.8963394165039,111.94999694824219,112.95999908447266,111.4000015258789,111.5999984741211,15364200,DIS,-0.09816224589336286,112.25599822998046,110.69599952697754
2024-03-18,110.74452209472656,113.8499984741211,114.43000030517578,112.29000091552734,112.29000091552734,11820800,DIS,1.6971876531245655,112.56399841308594,110.80849952697754
2024-03-19,111.38652038574219,114.51000213623047,115.16999816894531,113.23999786376953,113.41000366210938,10999700,DIS,0.5797133693062007,112.9739990234375,111.06199951171875
2024-03-20,113.2833251953125,116.45999908447266,116.51000213623047,114.36000061035156,114.61000061035156,11699600,DIS,1.7029053461393717,113.76599884033203,111.50149955749512
2024-03-21,113.51678466796875,116.69999694824219,117.36000061035156,115.86000061035156,116.98999786376953,10353500,DIS,0.20607750786212353,114.69399871826172,111.95449943542481
2024-03-22,112.70942687988281,115.87000274658203,117.66000366210938,115.83999633789062,116.91999816894531,7144800,DIS,-0.7112204141944134,115.47799987792969,112.36099967956542
2024-03-25,116.10423278808594,119.36000061035156,119.41000366210938,116.87000274658203,116.97000122070312,12103600,DIS,3.011994287600439,116.58000030517579,112.94499969482422
2024-03-26,116.65867614746094,119.93000030517578,120.4000015258789,118.19000244140625,119.62999725341797,11870000,DIS,0.47754665877137725,117.66399993896485,113.47049980163574
2024-03-27,117.68004608154297,120.9800033569336,122.02999877929688,120.0199966430664,120.95999908447266,10782800,DIS,0.8755132569715274,118.56800079345703,113.97949981689453
2024-03-28,119.02239227294922,122.36000061035156,123.73999786376953,121.19999694824219,121.25,15367400,DIS,1.1406821087171615,119.7000015258789,114.51849975585938
2024-04-01,118.21503448486328,121.52999877929688,122.4000015258789,120.77999877929688,122.05999755859375,8419700,DIS,-0.6783277434737722,120.83200073242188,114.99749984741212
2024-04-02,119.4698486328125,122.81999969482422,123.52999877929688,120.16000366210938,120.22000122070312,15517100,DIS,1.0614670686124539,121.52400054931641,115.45399971008301
2024-04-03,115.7345962524414,118.9800033569336,123.69000244140625,118.37999725341797,122.2699966430664,22480400,DIS,-3.1265236504087413,121.33400115966796,115.75949974060059
2024-04-04,113.8961410522461,117.08999633789062,120.19000244140625,116.95999908447266,119.22000122070312,13815400,DIS,-1.5885081238172893,120.55599975585938,116.11099967956542
2024-04-05,115.15095520019531,118.37999725341797,118.86000061035156,116.30000305175781,116.5999984741211,9653900,DIS,1.101717444592576,119.75999908447265,116.52099952697753
2024-04-08,114.1490478515625,117.3499984741211,118.5199966430664,116.81999969482422,118.0199966430664,6266000,DIS,-0.8700783943185408,118.9239990234375,116.87249946594238
2024-04-09,114.75214385986328,117.97000122070312,118.51000213623047,116.88999938964844,117.37999725341797,7451100,DIS,0.5283363908340943,117.95399932861328,117.15549964904785
2024-04-10,113.99342346191406,117.19000244140625,117.55999755859375,116.37000274658203,116.5999984741211,6746300,DIS,-0.6611840054469575,117.59599914550782,117.39199981689453
2024-04-11,113.95451354980469,117.1500015258789,118.27999877929688,116.37000274658203,117.58999633789062,6559400,DIS,-0.03413338569332458,117.60800018310547,117.62449989318847
2024-04-12,110.90016174316406,114.01000213623047,116.69999694824219,113.7300033569336,116.38999938964844,12155200,DIS,-2.680323814553942,116.73400115966797,117.72200012207031
2024-04-15,109.86906433105469,112.94999694824219,115.55000305175781,112.7699966430664,114.87999725341797,9637100,DIS,-0.9297475380464215,115.85400085449218,117.77200012207031
2024-04-16,110.7737045288086,113.87999725341797,114.5,112.5199966430664,112.81999969482422,9291400,DIS,0.8233734664038428,115.03600006103515,117.77350006103515
2024-04-17,109.8593521118164,112.94000244140625,114.20999908447266,112.88999938964844,114.0,7379000,DIS,-0.8254257417305233,114.18600006103516,117.69500007629395
2024-04-18,109.36325073242188,112.43000030517578,114.25,112.19000244140625,113.18000030517578,8235600,DIS,-0.4515690855373067,113.24199981689453,117.49350013732911
2024-04-19,109.5383529663086,112.61000061035156,112.72000122070312,111.08000183105469,111.72000122070312,9436000,DIS,0.16009988854148727,112.96199951171874,117.28900032043457
2024-04-22,108.93526458740234,111.98999786376953,113.63999938964844,111.75,113.0999984741211,6901700,DIS,-0.5505752093256211,112.76999969482422,117.09500007629394
2024-04-23,110.60833740234375,113.70999908447266,114.23999786376953,112.80000305175781,112.83000183105469,6839300,DIS,1.5358525346124363,112.73600006103516,116.8125
2024-04-24,110.81261444091797,113.91999816894531,114.18000030517578,113.13999938964844,113.13999938964844,6157200,DIS,0.18467952349261463,112.93199920654297,116.51199989318847
2024-04-25,109.69398498535156,112.7699966430664,112.88999938964844,110.38999938964844,111.22000122070312,8045900,DIS,-1.0094816927344374,112.9999984741211,116.10149955749512
2024-04-26,109.65507507324219,112.7300033569336,113.0199966430664,111.31999969482422,111.8499984741211,6304800,DIS,-0.035464473994262224,113.0239990234375,115.61999969482422
2024-04-29,109.0228042602539,112.08000183105469,113.87999725341797,110.33999633789062,113.04000091552734,7151200,DIS,-0.5766002896503308,113.04199981689453,115.1474998474121
2024-04-30,108.06953430175781,111.0999984741211,112.04000091552734,110.80000305175781,112.0,8156600,DIS,-0.8743784269479304,112.51999969482422,114.56149978637696
2024-05-01,107.4664535522461,110.4800033569336,111.98999786376953,110.20999908447266,111.29000091552734,6338400,DIS,-0.5580514182742524,111.83200073242188,114.13649978637696
2024-05-02,109.54808044433594,112.62000274658203,112.87000274658203,110.55999755859375,111.43000030517578,6799800,DIS,1.9370015610287616,111.802001953125,113.91300010681152
2024-05-03,110.5597152709961,113.66000366210938,114.11000061035156,112.80000305175781,113.54000091552734,7411100,DIS,0.9234602114755353,111.98800201416016,113.6770004272461
2024-05-06,113.29306030273438,116.47000122070312,116.94000244140625,114.1500015258789,114.80000305175781,16303200,DIS,2.472283536913622,112.86600189208984,113.6330005645752
2024-05-07,102.5152816772461,105.38999938964844,107.87999725341797,104.20999908447266,107.25,55084600,DIS,-9.513180831911217,111.72400207519532,113.00400047302246
2024-05-08,102.56392669677734,105.44000244140625,106.4800033569336,104.44000244140625,104.9000015258789,15238100,DIS,0.047445727343586874,110.71600189208985,112.41650047302247
2024-05-09,102.91410827636719,105.80000305175781,106.12999725341797,104.38999938964844,104.62000274658203,15096000,DIS,0.3414269745978249,109.352001953125,111.8490005493164
2024-05-10,102.90437316894531,105.79000091552734,107.0199966430664,105.41999816894531,106.91999816894531,15884600,DIS,-0.009453814689941442,107.77800140380859,111.43800048828125
2024-05-13,102.94329071044922,105.83000183105469,106.63999938964844,105.58999633789062,105.58999633789062,9666400,DIS,0.03781162225273693,105.6500015258789,111.08200073242188
2024-05-14,102.47637939453125,105.3499984741211,105.98999786376953,104.94999694824219,105.30000305175781,11278400,DIS,-0.45356075652334127,105.64200134277344,110.65550079345704
2024-05-15,99.96674346923828,102.7699966430664,105.87999725341797,101.38999938964844,105.62000274658203,20745600,DIS,-2.44898136537558,105.10800018310547,110.14700050354004
2024-05-16,100.55038452148438,103.37000274658203,104.02999877929688,102.83999633789062,103.04000091552734,9476700,DIS,0.5838339234353729,104.62200012207032,109.69400062561036
2024-05-17,100.43365478515625,103.25,103.81999969482422,103.04000091552734,103.62999725341797,7356000,DIS,-0.11609049375399527,104.11399993896484,109.22600059509277
2024-05-20,100.09320831298828,102.9000015258789,103.66999816894531,102.5199966430664,103.33000183105469,7667400,DIS,-0.3389815729986423,103.52799987792969,108.77150077819825
2024-05-21,100.20021057128906,103.01000213623047,103.69999694824219,102.72000122070312,102.98999786376953,7333300,DIS,0.10690049438326632,103.06000061035157,108.23650093078614
2024-05-22,100.20992279052734,103.0199966430664,103.83000183105469,102.75,102.9800033569336,7190300,DIS,0.009702462507199527,103.11000061035156,107.69150085449219
2024-05-23,97.914306640625,100.66000366210938,103.01000213623047,100.2699966430664,102.9800033569336,10504000,DIS,-2.290810578390623,102.56800079345703,107.08600120544433
2024-05-24,98.98429870605469,101.76000213623047,102.08999633789062,100.69000244140625,100.8499984741211,6451600,DIS,1.0927860461971806,102.27000122070312,106.53750114440918
2024-05-28,99.645751953125,102.44000244140625,102.86000061035156,100.94999694824219,101.36000061035156,7813100,DIS,0.6682392795800407,102.1780014038086,106.05550117492676
2024-05-29,98.12830352783203,100.87999725341797,102.08000183105469,100.7699966430664,101.76000213623047,7376300,DIS,-1.5228476677170866,101.75200042724609,105.5445011138916
2024-05-30,98.92594146728516,101.69999694824219,102.06999969482422,100.97000122070312,101.13999938964844,7300600,DIS,0.8128466664846457,101.48800048828124,105.10550079345703
2024-05-31,101.07565307617188,103.91000366210938,104.08000183105469,101.41000366210938,101.5199966430664,14735800,DIS,2.1730646806134235,102.13800048828125,104.6700008392334
2024-06-03,99.96674346923828,102.7699966430664,104.22000122070312,102.4800033569336,104.16999816894531,6908600,DIS,-1.097109978698485,102.33999938964844,104.12550048828125
2024-06-04,100.511474609375,103.33000183105469,103.48999786376953,101.62999725341797,102.11000061035156,7269100,DIS,0.5449111669559192,102.51799926757812,103.46850051879883
2024-06-05,98.73139190673828,101.5,103.08000183105469,101.02999877929688,103.0,10796900,DIS,-1.771026612432225,102.64199981689453,103.27400054931641
2024-06-06,98.44930267333984,101.20999908447266,101.93000030517578,100.80999755859375,101.05000305175781,10294700,DIS,-0.28571518771166593,102.54400024414062,103.06250038146973
2024-06-07,98.77029418945312,101.54000091552734,102.2699966430664,100.55000305175781,100.86000061035156,6047800,DIS,0.3260565497873902,102.06999969482422,102.8495002746582
2024-06-10,99.93756866455078,102.73999786376953,102.8499984741211,100.63999938964844,101.25,7621900,DIS,1.1817972596243065,102.06399993896484,102.6970001220703
2024-06-11,98.11857604980469,100.87000274658203,102.87999725341797,100.73999786376953,102.63999938964844,9134200,DIS,-1.8201237649109747,101.5720001220703,102.44900016784668
2024-06-12,98.05047607421875,100.80000305175781,101.69000244140625,100.25,101.19999694824219,9041800,DIS,-0.06939594816912642,101.43200073242187,102.22150039672852
2024-06-13,97.35984802246094,100.08999633789062,101.06999969482422,99.61000061035156,100.61000061035156,10164600,DIS,-0.7043717186224874,101.20800018310547,102.08750038146972
2024-06-14,97.24312591552734,99.97000122070312,100.37999725341797,99.25,99.80999755859375,7087600,DIS,-0.11988722307713084,100.89400024414063,101.91750030517578
2024-06-17,98.75084686279297,101.5199966430664,101.91999816894531,100.62000274658203,100.9800033569336,10389000,DIS,1.5504605415992412,100.65,101.8310001373291
2024-06-18,98.73139190673828,101.5,101.76000213623047,100.61000061035156,101.12000274658203,7044700,DIS,-0.019697245594596513,100.7759994506836,101.76100006103516
2024-06-20,99.06211853027344,101.83999633789062,101.94000244140625,100.37999725341797,100.56999969482422,7886900,DIS,0.3349717614685943,100.98399810791015,101.70249977111817
2024-06-21,99.48038482666016,102.2699966430664,102.54000091552734,101.58999633789062,101.80000305175781,14137300,DIS,0.42223126535581024,101.41999816894531,101.66499977111816
2024-06-24,99.19830322265625,101.9800033569336,103.08000183105469,101.91000366210938,102.25,7393600,DIS,-0.28355656170100385,101.8219985961914,101.73099975585937
2024-06-25,99.41230010986328,102.19999694824219,103.68000030517578,101.7699966430664,102.66000366210938,10296100,DIS,0.2157222828661931,101.95799865722657,101.75299949645996
2024-06-26,99.3928451538086,102.18000030517578,102.37000274658203,101.43000030517578,101.9000015258789,10122300,DIS,-0.019566187537689572,102.09399871826172,101.73999938964843
2024-06-27,99.38311004638672,102.16999816894531,102.27999877929688,101.80999755859375,102.04000091552734,8365200,DIS,-0.00978874163299892,102.15999908447266,101.8044994354248
2024-06-28,96.58167266845703,99.29000091552734,102.58000183105469,98.37999725341797,102.0199966430664,21439400,DIS,-2.8188287217698615,101.56399993896484,101.68399963378906
2024-07-01,95.36578369140625,98.04000091552734,99.73999786376953,97.87999725341797,99.4000015258789,15299000,DIS,-1.2589384514795743,100.7759994506836,101.39049949645997
2024-07-02,95.31713104248047,97.98999786376953,97.98999786376953,96.94999694824219,97.94000244140625,13340300,DIS,-0.0510027042950556,99.93399963378906,101.15149955749511
2024-07-03,95.92021942138672,98.61000061035156,99.08000183105469,97.83000183105469,97.83999633789062,5030000,DIS,0.6327204409617204,99.21999969482422,100.91549949645996
2024-07-05,95.31713104248047,97.98999786376953,98.30999755859375,97.58000183105469,98.30999755859375,8550800,DIS,-0.6287422601607306,98.38399963378906,100.73999938964843
2024-07-08,95.15100860595703,97.37000274658203,98.29000091552734,96.88999938964844,97.69000244140625,8167600,DIS,-0.6327126550706219,98.0,100.54799957275391
2024-07-09,94.83831024169922,97.05000305175781,97.52999877929688,96.1500015258789,97.47000122070312,9044400,DIS,-0.32864299660857466,97.8020004272461,100.32349967956543
2024-07-10,94.76012420654297,96.97000122070312,97.27999877929688,96.25,96.94999694824219,7761100,DIS,-0.08243362033901747,97.5980010986328,100.03499984741211
2024-07-11,94.39855194091797,96.5999984741211,97.58000183105469,96.30000305175781,97.01000213623047,7422600,DIS,-0.38156413522147936,97.19600067138671,99.82149963378906
2024-07-12,94.9164810180664,97.12999725341797,97.83000183105469,96.9800033569336,97.0999984741211,6465700,DIS,0.5486529893050207,97.02400054931641,99.63799934387207
2024-07-15,94.66240692138672,96.87000274658203,97.48999786376953,96.5999984741211,97.33000183105469,7417700,DIS,-0.2676768394810014,96.9240005493164,99.47699966430665
2024-07-16,96.22593688964844,98.47000122070312,98.72000122070312,96.54000091552734,97.0199966430664,10755500,DIS,1.6516965301495823,97.20800018310547,99.40199966430664
2024-07-17,95.09236907958984,97.30999755859375,98.61000061035156,96.52999877929688,98.30000305175781,9456100,DIS,-1.1780274679893954,97.2759994506836,99.19149971008301
2024-07-18,94.584228515625,96.79000091552734,98.05999755859375,96.68000030517578,97.36000061035156,7529400,DIS,-0.5343712425368241,97.31399993896484,98.95599975585938
2024-07-19,93.55815124511719,95.73999786376953,96.81999969482422,95.44000244140625,96.81999969482422,9301000,DIS,-1.084825954980817,97.03600006103515,98.65099983215332
2024-07-22,91.9848403930664,94.12999725341797,95.16000366210938,93.48999786376953,95.11000061035156,13377000,DIS,-1.6816384439891752,96.48799896240234,98.2439998626709
2024-07-23,88.8675537109375,90.94000244140625,91.69000244140625,89.83000183105469,90.69999694824219,22534700,DIS,-3.3889247902808006,94.98199920654297,97.69199981689454
2024-07-24,87.75352478027344,89.80000305175781,90.75,89.58000183105469,90.22000122070312,11768500,DIS,-1.253573080100756,93.48000030517578,97.0720001220703
2024-07-25,87.17697143554688,89.20999908447266,90.5,89.20999908447266,90.08000183105469,10765300,DIS,-0.6570199857845238,91.96399993896485,96.42350006103516
2024-07-26,87.88056182861328,89.93000030517578,90.55000305175781,89.33999633789062,90.0,11301900,DIS,0.8070857842082946,90.8020004272461,95.81150016784667
2024-07-29,90.04019927978516,92.13999938964844,92.55000305175781,90.19000244140625,90.38999938964844,13024800,DIS,2.457465892330779,90.40400085449218,95.45400009155273
2024-07-30,91.652587890625,93.79000091552734,94.04000091552734,91.66999816894531,91.66999816894531,9896100,DIS,1.7907548695559106,90.9740005493164,95.24150009155274
2024-07-31,91.55487823486328,93.69000244140625,94.83999633789062,93.63999938964844,93.79000091552734,10241800,DIS,-0.10661954701456366,91.75200042724609,95.02650032043456
2024-08-01,90.92945098876953,93.05000305175781,93.94999694824219,92.5999984741211,93.86000061035156,9263600,DIS,-0.6831031838735346,92.52000122070312,94.74850044250488
2024-08-02,87.52876281738281,89.56999969482422,92.19999694824219,89.0,92.16000366210938,15433600,DIS,-3.73992825663626,92.44800109863282,94.32750053405762
2024-08-05,85.77955627441406,87.77999877929688,89.55999755859375,86.41999816894531,86.88999938964844,19103200,DIS,-1.9984380056113582,91.5760009765625,93.84800033569336
2024-08-06,87.91964721679688,89.97000122070312,91.91000366210938,87.95999908447266,88.2300033569336,21717500,DIS,2.4948763634783377,90.81200103759765,93.49400024414062
2024-08-07,84.00102996826172,85.95999908447266,89.23999786376953,85.75,88.0,30581900,DIS,-4.457043549875738,89.26600036621093,92.9435001373291
2024-08-08,84.00102996826172,85.95999908447266,86.33000183105469,83.91000366210938,85.1500015258789,21890500,DIS,0.0,87.8479995727539,92.41150016784668
2024-08-09,84.2453384399414,86.20999908447266,86.25,84.70999908447266,86.12999725341797,16008400,DIS,0.29083294865361875,87.17599945068359,91.86550025939941
2024-08-12,83.99126434326172,85.94999694824219,86.37999725341797,85.4800033569336,85.86000061035156,11754600,DIS,-0.3015916239318184,86.80999908447265,91.31949996948242
2024-08-13,83.64923858642578,85.5999984741211,86.45999908447266,85.30999755859375,86.45999908447266,14615200,DIS,-0.4072117353673188,85.93599853515624,90.67599983215332
2024-08-14,84.33329010009766,86.30000305175781,86.54000091552734,85.55999755859375,86.01000213623047,9475100,DIS,0.8177623716294269,86.00399932861328,90.12550010681153
2024-08-15,86.76653289794922,88.79000091552734,88.93000030517578,87.20999908447266,87.25,12401000,DIS,2.885281316011268,86.56999969482422,89.72550010681152
2024-08-16,87.26492309570312,89.30000305175781,89.66999816894531,88.33999633789062,88.95999908447266,10277700,DIS,0.5743914077843915,87.18800048828125,89.40350036621093
2024-08-19,88.75028228759766,90.81999969482422,90.94999694824219,89.41000366210938,89.41000366210938,9723600,DIS,1.702123842241554,88.16200103759766,89.23800048828124
2024-08-20,87.69489288330078,89.73999786376953,90.66999816894531,89.30999755859375,90.38999938964844,8863400,DIS,-1.1891674022062704,88.99000091552735,89.17800025939941
2024-08-21,88.6525650024414,90.72000122070312,90.77999877929688,89.43000030517578,90.22000122070312,7637600,DIS,1.0920474484758635,89.8740005493164,89.22400016784668
2024-08-22,87.87078857421875,89.91999816894531,91.37999725341797,89.69999694824219,90.98999786376953,7613000,DIS,-0.8818375672323575,90.1,89.2595001220703
2024-08-23,88.4961929321289,90.55999755859375,90.75,89.68000030517578,90.1500015258789,7369200,DIS,0.7117431079635805,90.35199890136718,89.2909999847412
2024-08-26,89.68839263916016,91.77999877929688,91.80000305175781,90.91999816894531,90.91999816894531,8043800,DIS,1.347174529144346,90.54399871826172,89.27299995422364
2024-08-27,88.82845306396484,90.9000015258789,91.72000122070312,90.75,91.43000030517578,7237400,DIS,-0.9588115767293681,90.7759994506836,89.12849998474121
2024-08-28,87.4505844116211,89.48999786376953,90.62000274658203,88.76000213623047,90.33000183105469,8569700,DIS,-1.5511591181964435,90.52999877929688,88.91849975585937
2024-08-29,87.76329803466797,89.80999755859375,90.69999694824219,89.62999725341797,90.44999694824219,6181800,DIS,0.3575815202402355,90.50799865722657,88.75649948120117
2024-08-30,88.32030487060547,90.37999725341797,90.44999694824219,89.4000015258789,89.9800033569336,8403600,DIS,0.6346728764270892,90.47199859619141,88.79699935913087
2024-09-03,87.09879302978516,89.12999725341797,90.48999786376953,88.54000091552734,89.61000061035156,8465500,DIS,-1.3830493892305618,89.94199829101562,88.86449928283692
2024-09-04,87.21605682373047,89.25,90.0199966430664,88.81999969482422,88.94999694824219,6317200,DIS,0.1346378887916222,89.61199798583985,88.82849922180176
2024-09-05,86.62973022460938,88.6500015258789,89.66999816894531,88.33999633789062,89.66999816894531,6234100,DIS,-0.6722671978947825,89.44399871826172,88.96299934387207
2024-09-06,85.9359130859375,87.94000244140625,89.08999633789062,87.72000122070312,88.44999694824219,7791500,DIS,-0.8009013787387165,89.06999969482422,89.06199951171875
2024-09-09,86.32678985595703,88.33999633789062,88.88999938964844,87.80999755859375,88.22000122070312,8750200,DIS,0.4548486301793053,88.66199951171875,89.16849937438965
2024-09-10,86.38542175292969,88.4000015258789,88.88999938964844,87.9800033569336,88.33000183105469,6858300,DIS,0.06792527787613523,88.51600036621093,89.29099960327149
2024-09-11,86.3072509765625,88.31999969482422,88.43000030517578,86.58999633789062,88.05000305175781,10779000,DIS,-0.09049980732327434,88.33000030517579,89.42699966430663
2024-09-12,87.26492309570312,89.30000305175781,89.33000183105469,88.18000030517578,88.22000122070312,7173300,DIS,1.1096052539853352,88.46000061035156,89.57699966430664
2024-09-13,88.48643493652344,90.55000305175781,90.72000122070312,89.38999938964844,89.44999694824219,7084200,DIS,1.3997759879980087,88.98200073242188,89.66499977111816
2024-09-16,89.75680541992188,91.8499984741211,92.37000274658203,90.94999694824219,91.0999984741211,9028600,DIS,1.4356657963006558,89.68400115966797,89.79249954223633
2024-09-17,90.74378967285156,92.86000061035156,93.25,92.16999816894531,92.37000274658203,8193100,DIS,1.099621287979713,90.5760009765625,89.89449958801269
2024-09-18,91.44738006591797,93.58000183105469,94.06999969482422,92.69000244140625,93.5199966430664,10289800,DIS,0.7753620675971185,91.6280014038086,90.08649978637695
2024-09-19,91.32034301757812,93.44999694824219,95.29000091552734,93.31999969482422,94.81999969482422,10912400,DIS,-0.1389237874211635,92.45800018310547,90.2229995727539
2024-09-20,91.6135025024414,93.75,94.01000213623047,92.81999969482422,93.19999694824219,19251500,DIS,0.32103056346162173,93.0979995727539,90.41449966430665
2024-09-23,90.85128021240234,92.97000122070312,93.69999694824219,92.16000366210938,93.69999694824219,7338700,DIS,-0.8319986979166694,93.3220001220703,90.53499984741211
2024-09-24,91.55487823486328,93.69000244140625,93.79000091552734,92.45999908447266,93.33999633789062,7860300,DIS,0.7744446716676956,93.48800048828124,90.63050003051758
2024-09-25,91.77962493896484,93.91999816894531,94.44000244140625,93.3499984741211,93.63999938964844,8408200,DIS,0.24548588061239496,93.55599975585938,90.7814998626709
2024-09-26,93.03046417236328,95.19999694824219,95.79000091552734,94.18000030517578,94.45999908447266,10061600,DIS,1.3628607370651524,93.90599975585937,91.06699981689454
2024-09-27,93.8219985961914,96.01000213623047,96.9000015258789,95.27999877929688,95.48999786376953,10155400,DIS,0.8508458129769192,94.35800018310547,91.37700004577637
2024-09-30,93.9979019165039,96.19000244140625,97.56999969482422,95.44000244140625,96.8499984741211,7982300,DIS,0.18748078447115013,95.00200042724609,91.66750030517578
2024-10-01,91.90667724609375,94.05000305175781,95.8499984741211,93.31999969482422,95.19000244140625,10099200,DIS,-2.224762797934232,95.07400054931641,91.91350059509277
2024-10-02,92.00439453125,94.1500015258789,94.58000183105469,93.58999633789062,93.58999633789062,6144200,DIS,0.10632479625338753,95.12000122070313,92.15850067138672
2024-10-03,91.49623107910156,93.62999725341797,94.08999633789062,93.12999725341797,93.61000061035156,6180300,DIS,-0.5523146723667383,94.80600128173828,92.40750045776367
2024-10-04,92.98159790039062,95.1500015258789,95.33999633789062,93.88999938964844,94.30000305175781,6308900,DIS,1.623415910551529,94.63400115966797,92.7680004119873
2024-10-07,90.28449249267578,92.38999938964844,95.13999938964844,91.76000213623047,95.08999633789062,11043600,DIS,-2.900685330498709,93.8740005493164,92.97050056457519
2024-10-08,90.40177154541016,92.51000213623047,93.73999786376953,91.69000244140625,92.5199966430664,10209100,DIS,0.12988716027144687,93.56600036621094,93.17600059509277
2024-10-09,91.46692657470703,93.5999984741211,94.01000213623047,91.45999908447266,91.86000061035156,8654500,DIS,1.1782470140747625,93.45599975585938,93.44000053405762
2024-10-10,90.87081909179688,92.98999786376953,93.87999725341797,92.69000244140625,93.72000122070312,6698000,DIS,-0.6517100644186646,93.32799987792968,93.6245002746582
2024-10-11,91.9848403930664,94.12999725341797,94.61000061035156,92.80000305175781,92.8499984741211,8089100,DIS,1.2259376447330883,93.1239990234375,93.80349998474121
2024-10-14,92.80570220947266,94.97000122070312,95.19000244140625,93.80000305175781,94.18000030517578,6262000,DIS,0.8923871154735918,93.63999938964844,93.95950012207031
2024-10-15,92.07279205322266,94.22000122070312,95.6500015258789,93.68000030517578,95.25,6535800,DIS,-0.7897230602925354,93.98199920654297,94.02750015258789
2024-10-16,94.54513549804688,96.75,96.79000091552734,93.62999725341797,93.7300033569336,9936300,DIS,2.6852035093594795,94.61199951171875,94.18600006103516
2024-10-17,94.33992004394531,96.54000091552734,97.33000183105469,95.61000061035156,96.93000030517578,9542500,DIS,-0.21705331728439914,95.3220001220703,94.34050025939942
2024-10-18,95.06305694580078,97.27999877929688,97.54000091552734,96.05000305175781,97.01000213623047,8609700,DIS,0.7665194289950605,95.95200042724609,94.51700019836426
2024-10-21,94.41810607910156,96.62000274658203,97.44999694824219,95.94999694824219,97.19999694824219,8189900,DIS,-0.6784498776693071,96.28200073242188,94.6995002746582
2024-10-22,94.53536987304688,96.73999786376953,97.26000213623047,96.19999694824219,96.19999694824219,5344300,DIS,0.12419283148048521,96.78600006103515,94.85200004577636
2024-10-23,94.04676055908203,96.23999786376953,97.13999938964844,95.98999786376953,96.93000030517578,5388500,DIS,-0.5168492981611483,96.68399963378906,94.96800003051757
2024-10-24,93.22589874267578,95.4000015258789,96.80000305175781,95.25,96.5999984741211,5015300,DIS,-0.8728141693016944,96.45599975585938,94.97800025939941
2024-10-25,92.86432647705078,95.02999877929688,96.8499984741211,95.01000213623047,95.80999755859375,6638100,DIS,-0.38784354367296103,96.00599975585938,94.92900009155274
2024-10-28,94.0076675415039,96.19999694824219,96.69000244140625,95.20999908447266,95.22000122070312,8146400,DIS,1.231188239476455,95.9219985961914,94.92949981689453
2024-10-29,93.93927001953125,96.12999725341797,96.62000274658203,95.68000030517578,96.26000213623047,6834400,DIS,-0.07276475784284697,95.7999984741211,95.03349952697754
2024-10-30,92.91320037841797,95.08000183105469,96.70999908447266,94.94000244140625,95.69999694824219,7718200,DIS,-1.0922661524636057,95.56799926757813,95.07999954223632
2024-10-31,94.0076675415039,96.19999694824219,96.62999725341797,95.0,95.2699966430664,8147700,DIS,1.1779502478108883,95.72799835205078,95.20849952697753
2024-11-01,93.6265640258789,95.80999755859375,96.38999938964844,94.83000183105469,95.69999694824219,7944900,DIS,-0.4054047838049968,95.88399810791016,95.24149932861329
2024-11-04,93.60701751708984,95.79000091552734,96.0199966430664,95.02999877929688,95.83000183105469,6088000,DIS,-0.020871144531842134,95.80199890136718,95.41149940490723
2024-11-05,94.42786407470703,96.62999725341797,96.66999816894531,95.25,95.5999984741211,6561700,DIS,0.8769144272494422,95.9019989013672,95.6174991607666
2024-11-06,96.63636779785156,98.88999938964844,99.55000305175781,98.20999908447266,98.20999908447266,11325100,DIS,2.3388204496203047,96.66399841308593,95.88199920654297
2024-11-07,96.67545318603516,98.93000030517578,99.5199966430664,98.12999725341797,98.77999877929688,7805100,DIS,0.04044990977269958,97.20999908447266,96.17899932861329
2024-11-08,96.7634048461914,99.0199966430664,99.26000213623047,97.61000061035156,98.7300033569336,7982100,DIS,0.09096971354796146,97.85199890136718,96.4234992980957
2024-11-11,98.56147766113281,100.86000061035156,100.9000015258789,99.0,99.0,9137900,DIS,1.8582145320785504,98.86599884033203,96.71799926757812
2024-11-12,98.68850708007812,100.98999786376953,101.29000091552734,99.5,100.55000305175781,9366200,DIS,0.12888880887496068,99.73799896240234,97.05649909973144
2024-11-13,100.37908172607422,102.72000122070312,103.19999694824219,100.3499984741211,100.79000091552734,17701300,DIS,1.7130442553997094,100.50399932861328,97.3549991607666
2024-11-14,106.63324737548828,109.12000274658203,114.80999755859375,108.4000015258789,110.33000183105469,47436100,DIS,6.23053100644726,102.54199981689453,97.98399925231934
2024-11-15,112.45741271972656,115.08000183105469,115.19000244140625,110.25,110.25,32048000,DIS,5.461875856357912,105.75400085449219,98.87399940490722
2024-11-18,110.95250701904297,113.54000091552734,115.44000244140625,112.88999938964844,113.33000183105469,14226200,DIS,-1.3382002876469956,108.29000091552734,99.71999931335449
2024-11-19,109.8580322265625,112.41999816894531,112.5,110.81999969482422,112.05000305175781,12166800,DIS,-0.9864389092398396,110.5760009765625,100.50399932861328
2024-11-20,111.65609741210938,114.26000213623047,114.37000274658203,111.47000122070312,112.26000213623047,9319300,DIS,1.636723000582152,112.88400115966797,101.40499954223633
2024-11-21,112.1056137084961,114.72000122070312,116.25,113.83000183105469,114.1500015258789,10261000,DIS,0.40258977408753616,114.00400085449219,102.37099952697754
2024-11-22,113.01441955566406,115.6500015258789,116.33999633789062,113.5999984741211,113.8499984741211,10098000,DIS,0.8106697134587781,114.11800079345703,103.40199966430664
2024-11-25,113.35643768310547,116.0,116.58000183105469,114.93000030517578,115.68000030517578,10397800,DIS,0.30263594423107776,114.61000061035156,104.39199981689453
2024-11-26,112.81897735595703,115.44999694824219,116.41999816894531,115.44000244140625,116.0,6808100,DIS,-0.4741405618601813,115.21600036621093,105.35799980163574
2024-11-27,114.91999053955078,117.5999984741211,118.19999694824219,115.44999694824219,115.44999694824219,8142400,DIS,1.8622794133487774,115.88399963378906,106.48399963378907
2024-11-29,114.7929458618164,117.47000122070312,117.73999786376953,116.7300033569336,117.26000213623047,5095200,DIS,-0.11054188359242989,116.43399963378906,107.54749984741211
2024-12-02,114.49000549316406,117.16000366210938,118.62999725341797,116.55000305175781,117.77999877929688,8390500,DIS,-0.2638950841681864,116.73600006103516,108.6150001525879
2024-12-03,113.79618072509766,116.44999694824219,117.2300033569336,115.44999694824219,117.0,9194000,DIS,-0.6060145883187706,116.8259994506836,109.64799995422364
2024-12-04,114.32388305664062,116.98999786376953,117.29000091552734,115.83999633789062,115.97000122070312,7996200,DIS,0.4637191323992429,117.13399963378906,110.6659999847412
2024-12-05,113.84504699707031,116.5,117.2699966430664,116.05999755859375,116.55000305175781,9823600,DIS,-0.41883739868097125,116.91399993896485,111.54650001525879
2024-12-06,114.06981658935547,116.7300033569336,117.26000213623047,116.22000122070312,116.55000305175781,6677900,DIS,0.19742777419191615,116.76600036621093,112.43650016784667
2024-12-09,111.99812316894531,114.61000061035156,117.18000030517578,113.91000366210938,116.38999938964844,8666100,DIS,-1.8161592440801622,116.25599975585938,113.21600036621093
2024-12-10,112.11538696289062,114.7300033569336,114.94999694824219,113.72000122070312,114.6500015258789,7526400,DIS,0.10470530140733736,115.91200103759766,113.90950050354004
2024-12-11,111.99812316894531,114.61000061035156,115.05000305175781,113.9800033569336,114.63999938964844,6426800,DIS,-0.10459578407636672,115.43600158691406,114.59050064086914
2024-12-12,112.2815170288086,114.9000015258789,115.01000213623047,114.16000366210938,114.69999694824219,5285100,DIS,0.2530328191108655,115.11600189208984,115.19950065612792
2024-12-13,110.75707244873047,113.33999633789062,114.95999908447266,113.30000305175781,114.31999969482422,6864500,DIS,-1.3577068470594589,114.43800048828125,115.41050033569336
2024-12-16,110.04054260253906,112.11000061035156,113.06999969482422,111.7300033569336,113.0,10528500,DIS,-1.0852265460395638,113.93800048828125,115.2620002746582
2024-12-17,110.93373107910156,113.0199966430664,114.04000091552734,110.80000305175781,111.02999877929688,12238600,DIS,0.8116992487384067,113.59599914550782,115.23600006103516
2024-12-18,109.29456329345703,111.3499984741211,116.12000274658203,111.23999786376953,113.33999633789062,12292800,DIS,-1.4776130052626124,112.94399871826172,115.18250007629395
2024-12-19,109.314208984375,111.37000274658203,112.91000366210938,111.25,111.66000366210938,9468500,DIS,0.017965220238047586,112.23799896240234,115.03800010681152
2024-12-20,109.9620132446289,112.02999877929688,112.97000122070312,110.43000030517578,110.61000061035156,17955300,DIS,0.5926156203988286,111.97599945068359,114.90349998474122
2024-12-23,109.34364318847656,111.4000015258789,111.8499984741211,110.30999755859375,111.61000061035156,6037200,DIS,-0.5623469251830326,111.83399963378906,114.69099998474121
2024-12-24,110.48223114013672,112.55999755859375,112.73999786376953,111.19000244140625,111.25,2475000,DIS,1.0412890635781213,111.74199981689453,114.5189998626709
2024-12-26,110.47241973876953,112.55000305175781,113.31999969482422,111.86000061035156,112.12000274658203,4781400,DIS,-0.008879270658068705,111.98200073242188,114.37400016784667
2024-12-27,109.49088287353516,111.55000305175781,112.12000274658203,110.86000061035156,111.81999969482422,4523800,DIS,-0.8884939785742452,112.01800079345703,114.07150039672851
2024-12-30,108.75472259521484,110.80000305175781,111.54000091552734,109.83000183105469,110.43000030517578,5716300,DIS,-0.6723442218571796,111.77200164794922,113.73800048828124
2024-12-31,109.29456329345703,111.3499984741211,111.58999633789062,110.66999816894531,110.77999877929688,4757500,DIS,0.49638574658374957,111.76200103759766,113.44750022888184
2025-01-02,108.77434539794922,110.81999969482422,112.19999694824219,110.16999816894531,111.69999694824219,5688100,DIS,-0.4759755604487492,111.41400146484375,113.16600036621094
2025-01-03,109.10807800292969,111.16000366210938,111.54000091552734,110.18000030517578,111.37000274658203,5393100,DIS,0.30680740680513185,111.13600158691406,112.87450065612794
2025-01-06,109.00010681152344,111.05000305175781,112.8499984741211,110.87000274658203,111.47000122070312,6274400,DIS,-0.09895700497269955,111.03600158691407,112.60200080871581
2025-01-07,109.33383178710938,111.38999938964844,113.73999786376953,111.29000091552734,112.1500015258789,7878800,DIS,0.30616508649006224,111.15400085449218,112.33500061035156
2025-01-08,107.73392486572266,109.76000213623047,111.11000061035156,108.63999938964844,111.0,7805300,DIS,-1.4633245913900694,110.83600158691407,112.09250068664551
2025-01-10,106.6444091796875,108.6500015258789,110.54000091552734,107.62000274658203,110.0,8835500,DIS,-1.0112979124889843,110.402001953125,111.78850059509277
2025-01-13,106.08493041992188,108.08000183105469,108.61000061035156,106.72000122070312,107.93000030517578,6690200,DIS,-0.524620052295588,109.78600158691407,111.46200065612793
2025-01-14,106.12419891357422,108.12000274658203,108.95999908447266,107.61000061035156,108.68000030517578,5501600,DIS,0.03701046895787652,109.2000015258789,111.12300071716308
2025-01-15,106.18309020996094,108.18000030517578,109.5999984741211,107.98999786376953,109.16999816894531,6296900,DIS,0.055491636209414885,108.55800170898438,110.86500091552735
2025-01-16,104.49483489990234,106.45999908447266,108.5999984741211,106.16000366210938,108.29000091552734,7872800,DIS,-1.5899438120271836,107.89800109863282,110.5825008392334
2025-01-17,105.04449462890625,107.0199966430664,107.73999786376953,106.54000091552734,106.83000183105469,7144300,DIS,0.5260168733886683,107.5720001220703,110.28250083923339
2025-01-21,106.6934814453125,108.69999694824219,109.44999694824219,106.80000305175781,107.0999984741211,8643700,DIS,1.5698003717743658,107.69599914550781,110.15000076293946
2025-01-22,106.80146026611328,108.80999755859375,109.55000305175781,108.2300033569336,109.55000305175781,8781700,DIS,0.10119651650399852,107.83399810791016,110.02200050354004
2025-01-23,108.99029541015625,111.04000091552734,111.06999969482422,108.48999786376953,108.5,7608300,DIS,2.049447116045333,108.40599822998047,109.97250061035156
2025-01-24,110.0896224975586,112.16000366210938,113.38999938964844,110.62999725341797,111.16000366210938,8304500,DIS,1.0086479983317576,109.5459991455078,110.01050071716308
2025-01-27,111.24784088134766,113.33999633789062,114.08000183105469,111.45999908447266,111.68000030517578,10176900,DIS,1.0520619091062722,110.80999908447265,110.04950065612793
2025-01-28,110.06999206542969,112.13999938964844,112.95999908447266,111.55999755859375,112.8499984741211,6516800,DIS,-1.058758590978548,111.49799957275391,110.02900047302246
2025-01-29,111.1006088256836,113.19000244140625,114.37999725341797,112.76000213623047,113.5,7607100,DIS,0.93633231449326,112.3740005493164,110.11100044250489
2025-01-30,111.33617401123047,113.43000030517578,115.18000030517578,113.12000274658203,114.08999633789062,6236200,DIS,0.2120309732246639,112.8520004272461,110.24250030517578
2025-01-31,110.9729995727539,113.05999755859375,114.01000213623047,112.76000213623047,113.30000305175781,7793400,DIS,-0.326194785847278,113.03199920654296,110.32800025939942
2025-02-03,111.89566040039062,114.0,114.5999984741211,110.86000061035156,111.3499984741211,8870700,DIS,0.8314191240974322,113.16399993896485,110.4870002746582
2025-02-04,111.20858001708984,113.30000305175781,114.66000366210938,112.51000213623047,113.80000305175781,13521100,DIS,-0.6140324107387629,113.39600067138672,110.59400024414063
2025-02-05,108.49951934814453,110.54000091552734,118.58999633789062,110.2300033569336,115.69999694824219,23310000,DIS,-2.436012411199706,112.86600036621094,110.5685001373291
2025-02-06,110.02090454101562,112.08999633789062,112.68000030517578,109.1500015258789,111.87999725341797,12470800,DIS,1.4022031929850964,112.5979995727539,110.6034999847412
2025-02-07,108.81360626220703,110.86000061035156,112.55000305175781,110.80999755859375,111.61000061035156,8669300,DIS,-1.0973287248857488,112.15800018310547,110.65849990844727
2025-02-10,107.26277923583984,109.27999877929688,111.37999725341797,108.69000244140625,111.13999938964844,8239500,DIS,-1.4252226432940773,111.21399993896485,110.68999977111817
2025-02-11,107.00757598876953,109.0199966430664,109.05000305175781,107.69000244140625,108.37999725341797,7456700,DIS,-0.23792289452305715,110.35799865722656,110.73699951171875
2025-02-12,107.21370697021484,109.2300033569336,109.52999877929688,107.75,108.25,6521200,DIS,0.19263137069684966,110.09599914550782,110.79249954223633
2025-02-13,107.56705474853516,109.58999633789062,109.76000213623047,108.55999755859375,108.91999816894531,6553200,DIS,0.3295733497147957,109.59599914550782,110.86299934387208
2025-02-14,108.34247589111328,110.37999725341797,110.51000213623047,109.58999633789062,109.86000061035156,5964500,DIS,0.7208695518992281,109.4999984741211,111.05899925231934
2025-02-18,107.53761291503906,109.55999755859375,109.91999816894531,108.70999908447266,109.77999877929688,8362900,DIS,-0.7428879463926896,109.55599822998047,111.18599929809571
2025-02-19,109.29456329345703,111.3499984741211,111.76000213623047,109.13999938964844,109.13999938964844,8452100,DIS,1.633808831156669,110.02199859619141,111.31849937438965
2025-02-20,108.50933074951172,110.55000305175781,111.5199966430664,109.37999725341797,111.23999786376953,5970100,DIS,-0.7184512198706527,110.28599853515625,111.40549964904785
2025-02-21,106.65422821044922,108.66000366210938,111.76000213623047,107.91999816894531,111.0,9082100,DIS,-1.7096330506328195,110.1,111.28649978637695
2025-02-24,109.14733123779297,111.19999694824219,111.55999755859375,108.6500015258789,108.83999633789062,7093300,DIS,2.3375604643187886,110.26399993896484,111.23849945068359
2025-02-25,108.48970031738281,110.52999877929688,111.9000015258789,109.06999969482422,111.43000030517578,7289000,DIS,-0.6025163555149704,110.45800018310547,111.0979995727539
2025-02-26,109.76571655273438,111.83000183105469,113.25,110.05999755859375,110.05999755859375,7831600,DIS,1.1761540451598274,110.55400085449219,111.08249969482422
2025-02-27,109.25530242919922,111.30999755859375,113.12000274658203,111.05999755859375,112.31999969482422,7854700,DIS,-0.46499531784549575,110.70599975585938,110.98849945068359
2025-02-28,111.6993408203125,113.80000305175781,113.98999786376953,111.0,111.45999908447266,14609400,DIS,2.2370007616371756,111.73399963378907,111.00699958801269
2025-03-03,110.7079849243164,112.79000091552734,115.55000305175781,112.0,114.06999969482422,7884700,DIS,-0.8875238217446291,112.0520004272461,110.99349975585938
2025-03-04,106.99776458740234,109.01000213623047,112.25,108.2699966430664,111.69999694824219,12658000,DIS,-3.351359826770328,111.74800109863281,110.7439998626709
2025-03-05,107.29222106933594,109.30999755859375,110.94000244140625,108.22000122070312,109.33999633789062,9956100,DIS,0.2751999050402576,111.24400024414062,110.5444995880127
2025-03-06,103.48384094238281,105.43000030517578,108.83000183105469,105.0199966430664,108.37999725341797,11618800,DIS,-3.5495355777847903,110.06800079345703,110.28899955749512
2025-03-07,103.56237030029297,105.51000213623047,105.7699966430664,103.30999755859375,105.0,12715900,DIS,0.07588146715651334,108.41000061035156,109.9599998474121
2025-03-10,101.17723083496094,103.08000183105469,104.80000305175781,102.11000061035156,104.43000030517578,10947100,DIS,-2.3030994749087985,106.46800079345704,109.57099990844726
2025-03-11,96.09284973144531,97.9000015258789,101.04000091552734,97.44999694824219,99.79000091552734,16906000,DIS,-5.025223334459827,104.24600067138672,109.00200004577637
2025-03-12,96.93697357177734,98.76000213623047,99.48999786376953,96.37999725341797,98.68000030517578,11891800,DIS,0.8784480050536336,102.13600158691406,108.48900032043457
2025-03-13,95.08186340332031,96.87000274658203,98.6500015258789,95.93000030517578,97.7699966430664,11059500,DIS,-1.91372959575411,100.42400207519532,107.87100028991699
2025-03-14,96.8191909790039,98.63999938964844,99.0999984741211,97.41999816894531,97.44000244140625,10199800,DIS,1.8271875636225898,99.05000152587891,107.32350044250488
2025-03-17,97.52589416503906,99.36000061035156,100.12000274658203,98.66000366210938,98.73999786376953,8332100,DIS,0.7299282493494097,98.30600128173828,106.77250061035156
2025-03-18,97.51607513427734,99.3499984741211,99.7300033569336,98.4800033569336,99.2699966430664,6727000,DIS,-0.010066562166899384,98.59600067138672,106.26200065612792
2025-03-19,98.438720703125,100.29000091552734,100.95999908447266,99.47000122070312,99.66000366210938,8614600,DIS,0.9461524467472504,98.9020004272461,105.70900077819825
2025-03-20,97.03512573242188,98.86000061035156,100.05000305175781,98.63999938964844,99.56999969482422,7836500,DIS,-1.425865282801475,99.3,105.12450065612794
2025-03-21,97.62405395507812,99.45999908447266,99.88999938964844,97.75,98.37999725341797,15089900,DIS,0.6069173279554585,99.46399993896485,104.6645004272461
2025-03-24,98.33076477050781,100.18000030517578,100.44000244140625,98.86000061035156,100.22000122070312,8224400,DIS,0.7239103431839089,99.62799987792968,104.11350059509277
2025-03-25,99.73435974121094,101.61000061035156,101.76000213623047,100.41000366210938,100.6500015258789,7365200,DIS,1.4274309251543382,100.08000030517579,103.66750068664551
2025-03-26,98.919677734375,100.77999877929688,102.2699966430664,100.26000213623047,101.69999694824219,6314000,DIS,-0.8168505324958497,100.1779998779297,103.11500053405761
2025-03-27,98.59577941894531,100.44999694824219,101.02999877929688,99.58000183105469,100.70999908447266,6598800,DIS,-0.3274477426591149,100.49599914550781,102.57200050354004
2025-03-28,96.25970458984375,98.06999969482422,100.38999938964844,97.73999786376953,100.05000305175781,7679700,DIS,-2.3693353167987485,100.21799926757812,101.78550033569336
2025-03-31,96.8780746459961,98.69999694824219,98.8499984741211,95.69999694824219,96.83000183105469,10554000,DIS,0.6423954883026495,99.9219985961914,101.0810001373291
2025-04-01,95.87690734863281,97.68000030517578,98.58999633789062,96.83999633789062,98.31999969482422,8762700,DIS,-1.0334312812606106,99.13599853515625,100.51450004577637
2025-04-02,96.07320404052734,97.87999725341797,98.30999755859375,96.44999694824219,96.62000274658203,7959900,DIS,0.2047470798703488,98.55599822998047,99.94300003051758
2025-04-03,87.20008850097656,88.83999633789062,94.77999877929688,88.61000061035156,94.51000213623047,19353400,DIS,-9.235800131994454,96.23399810791015,99.11349983215332
2025-04-04,81.98809814453125,83.52999877929688,87.54000091552734,83.08000183105469,86.0,22580900,DIS,-5.977034868842079,93.32599792480468,98.01449966430664
2025-04-07,81.76234436035156,83.30000305175781,86.62999725341797,80.0999984741211,80.98999786376953,20456000,DIS,-0.27534506273220183,90.24599914550781,97.0254997253418
2025-04-08,80.21151733398438,81.72000122070312,86.94999694824219,80.8499984741211,85.94999694824219,14845600,DIS,-1.8967608321370233,87.05399932861329,96.21649971008301
2025-04-09,89.7520980834961,91.44000244140625,92.25,81.19000244140625,81.29000091552734,24970900,DIS,11.894274443844033,85.76600036621093,95.85049972534179
2025-04-10,83.65673065185547,85.2300033569336,89.01000213623047,83.06999969482422,88.91999816894531,16377000,DIS,-6.79133740011868,85.04400177001953,95.26849975585938
2025-04-11,83.322998046875,84.88999938964844,85.66999816894531,83.3499984741211,85.11000061035156,10204400,DIS,-0.39892520696175326,85.31600189208984,94.58099975585938
2025-04-14,83.09725189208984,84.66000366210938,86.44999694824219,84.02999877929688,85.83000183105469,10841300,DIS,-0.2709338310669218,85.58800201416015,93.84599990844727
2025-04-15,83.44078826904297,85.01000213623047,85.9800033569336,84.5199966430664,84.75,7840500,DIS,0.41341655915583253,86.24600219726562,93.12900009155274
2025-04-16,81.24213409423828,82.7699966430664,84.80000305175781,82.01000213623047,84.27999877929688,10144300,DIS,-2.6349905150859776,84.51200103759766,92.25299987792968
2025-04-17,83.24446868896484,84.80999755859375,85.77999877929688,83.36000061035156,83.37000274658203,14810900,DIS,2.4646623151678426,84.4279998779297,91.5504997253418
2025-04-21,82.44942474365234,84.0,85.2300033569336,82.9800033569336,84.91000366210938,14166800,DIS,-0.9550732011684548,84.25,90.77749977111816
2025-04-22,84.50084686279297,86.08999633789062,86.55999755859375,84.5999984741211,85.01000213623047,9578500,DIS,2.488090878441218,84.53599853515625,90.0729995727539
2025-04-23,85.6786880493164,87.29000091552734,89.87000274658203,87.02999877929688,89.02999877929688,12089100,DIS,1.3938954915584834,84.99199829101562,89.3569995880127
2025-04-24,88.3484878540039,90.01000213623047,90.23999786376953,86.7699966430664,87.44999694824219,10310000,DIS,3.1160513142110435,86.43999938964843,88.81849975585938
2025-04-25,88.6135025024414,90.27999877929688,90.33999633789062,89.06999969482422,90.06999969482422,7749600,DIS,0.2999629337390397,87.53399963378907,88.30999984741212
2025-04-28,88.4957275390625,90.16000366210938,91.37000274658203,89.63999938964844,90.44999694824219,8491800,DIS,-0.1329143983274106,88.76600036621093,87.91450004577636
2025-04-29,89.48707580566406,91.16999816894531,91.66000366210938,89.76000213623047,89.83000183105469,6359900,DIS,1.1202245627906837,89.78200073242188,87.53800010681152
2025-04-30,89.27113342285156,90.94999694824219,91.19000244140625,88.55999755859375,89.88999938964844,8474800,DIS,-0.24130879140246142,90.51399993896484,87.20149993896484
2025-05-01,89.13371276855469,90.80999755859375,91.61000061035156,90.36000061035156,91.2699966430664,7790600,DIS,-0.15393006525125097,90.6739990234375,86.84799995422364
2025-05-02,90.78271484375,92.48999786376953,93.19000244140625,91.83999633789062,91.83999633789062,7594000,DIS,1.8500169038015768,91.11599884033203,87.03050003051757
2025-05-05,90.40972137451172,92.11000061035156,93.08000183105469,89.61000061035156,89.69999694824219,10231000,DIS,-0.41085226748266424,91.50599822998046,87.45950012207031
2025-05-06,90.46862030029297,92.16999816894531,92.73999786376953,91.0,91.19999694824219,11839400,DIS,0.06513685614610853,91.70599822998047,87.90299987792969
2025-05-07,100.20549774169922,102.08999633789062,103.30999755859375,100.13999938964844,102.41999816894531,36155300,DIS,10.76271928611976,93.93399810791016,88.92149963378907
2025-05-08,103.1795654296875,105.12000274658203,106.19000244140625,103.86000061035156,103.97000122070312,19265400,DIS,2.9679758226877517,96.7959991455078,89.60549964904786
2025-05-09,103.98443603515625,105.94000244140625,106.19000244140625,104.76000213623047,105.26000213623047,10438200,DIS,0.7800605721073106,99.48600006103516,90.64099960327148
2025-05-12,108.450439453125,110.48999786376953,110.94000244140625,108.66000366210938,109.87000274658203,18366600,DIS,4.2948794765979015,103.16199951171875,91.92099952697754
2025-05-13,109.32401275634766,111.37999725341797,112.19999694824219,110.1500015258789,110.25,14076700,DIS,0.805502223600163,107.00399932861328,93.25699920654297
2025-05-14,110.85521697998047,112.94000244140625,113.41000366210938,110.83000183105469,111.37999725341797,15352200,DIS,1.4006152149913076,109.1740005493164,94.65349922180175
2025-05-15,110.14851379394531,112.22000122070312,112.8499984741211,111.58000183105469,112.2300033569336,8322400,DIS,-0.6375077077554248,110.59400024414063,96.1259994506836
2025-05-16,111.32636260986328,113.41999816894531,113.44000244140625,111.41999816894531,111.91999816894531,10961000,DIS,1.069325374433161,112.08999938964844,97.55649948120117
2025-05-19,110.58039093017578,112.66000366210938,112.98999786376953,111.9000015258789,112.12000274658203,7209700,DIS,-0.6700709919813974,112.52400054931641,98.98949966430663
2025-05-20,110.28591918945312,112.36000061035156,113.4000015258789,111.80999755859375,112.44000244140625,6433300,DIS,-0.26629064619737575,112.72000122070312,100.3029998779297
2025-05-21,108.4209976196289,110.45999908447266,112.48999786376953,110.12999725341797,111.69000244140625,10150600,DIS,-1.6909945848681884,112.2240005493164,101.46149978637695
2025-05-22,109.07862091064453,111.12999725341797,111.80000305175781,109.9800033569336,109.9800033569336,7903700,DIS,0.6065527561999629,112.00599975585938,102.51749954223632
2025-05-23,107.69466400146484,109.72000122070312,110.3499984741211,108.77999877929688,109.5999984741211,8086100,DIS,-1.2687807680760832,111.26600036621093,103.48949966430663
2025-05-27,110.28591918945312,112.36000061035156,112.88999938964844,110.1500015258789,111.02999877929688,10201100,DIS,2.406124097955531,111.20599975585938,104.59949951171875
2025-05-28,109.46143341064453,111.5199966430664,112.47000122070312,111.16999816894531,112.19999694824219,5787900,DIS,-0.7476005364205784,111.03799896240234,105.6169994354248
2025-05-29,109.95219421386719,112.0199966430664,112.26000213623047,110.5199966430664,112.01000213623047,9682100,DIS,0.4483500852320743,111.3499984741211,106.67049942016601
2025-05-30,110.95337677001953,113.04000091552734,113.3499984741211,111.37000274658203,112.01000213623047,12881100,DIS,0.9105555285017664,111.73199920654297,107.7819995880127
2025-06-02,110.86503601074219,112.94999694824219,113.5999984741211,112.25,112.68000030517578,7546800,DIS,-0.0796213433795101,112.37799835205078,108.80499954223633
2025-06-03,111.5030288696289,113.5999984741211,114.69000244140625,112.5199966430664,112.7300033569336,9738800,DIS,0.5754772407623454,112.6259979248047,109.8794994354248
2025-06-04,111.39505767822266,113.48999786376953,114.05000305175781,112.9800033569336,113.86000061035156,5614900,DIS,-0.0968315244974427,113.0199981689453,110.94549942016602
2025-06-05,110.45278930664062,112.52999877929688,114.33999633789062,111.83999633789062,113.7300033569336,8547200,DIS,-0.845888714902443,113.1219985961914,111.46749954223633
2025-06-06,111.79749298095703,113.9000015258789,114.22000122070312,113.20999908447266,113.36000061035156,5790700,DIS,1.2174555775735785,113.29399871826172,111.90649948120117
2025-06-09,113.52501678466797,115.66000366210938,116.11000061035156,113.9800033569336,113.9800033569336,7960400,DIS,1.5452169557965911,113.83600006103515,112.39249954223632
2025-06-10,116.53834533691406,118.7300033569336,120.5,115.52999877929688,115.52999877929688,18948400,DIS,2.654331313867986,114.86200103759765,112.80449981689453
2025-06-11,117.31375122070312,119.5199966430664,119.55000305175781,117.6500015258789,118.37999725341797,10439200,DIS,0.6653695475421495,116.06800079345703,113.21149978637695
2025-06-12,116.4205551147461,118.61000061035156,119.38999938964844,117.66000366210938,118.87000274658203,7980300,DIS,-0.761375550764487,117.28400115966797,113.49499969482422
2025-06-13,115.76292419433594,117.94000244140625,118.31999969482422,117.30000305175781,117.30999755859375,13204900,DIS,-0.5648749392948238,118.09200134277344,113.78099975585937
2025-06-16,117.27449798583984,119.4800033569336,120.33999633789062,117.87000274658203,118.0199966430664,9592100,DIS,1.30574943500823,118.85600128173829,114.0840000152588
2025-06-17,115.94940948486328,118.12999725341797,119.33000183105469,117.6500015258789,118.98999786376953,9241200,DIS,-1.1299012935935604,118.73600006103516,114.35749969482421
2025-06-18,115.68439483642578,117.86000061035156,118.75,116.83999633789062,117.87999725341797,8181200,DIS,-0.22855891758567504,118.40400085449218,114.63249969482422
2025-06-20,115.4586410522461,117.62999725341797,119.05000305175781,116.9000015258789,118.25,17180400,DIS,-0.19514963154801945,118.20800018310547,114.99099960327149
2025-06-23,115.57643127441406,117.75,117.98999786376953,115.0199966430664,116.66000366210938,8348000,DIS,0.10201712946018571,118.16999969482421,115.32199974060059
2025-06-24,116.95645141601562,118.6500015258789,119.08000183105469,117.75,117.75,8350200,DIS,0.7643325060542772,118.00399932861328,115.76849975585938
2025-06-25,117.71546173095703,119.41999816894531,119.72000122070312,118.62999725341797,118.7699966430664,6976300,DIS,0.6489647140025312,118.26199951171876,116.12149963378906
2025-06-26,119.72633361816406,121.45999908447266,121.66999816894531,119.68000030517578,119.9800033569336,10439600,DIS,1.7082573662757339,118.98199920654297,116.61849975585938
2025-06-27,120.5937728881836,122.33999633789062,122.94000244140625,121.4800033569336,121.8499984741211,13435600,DIS,0.7245161041092629,119.9239990234375,117.13449974060059
2025-06-30,122.23994445800781,124.01000213623047,124.69000244140625,123.18000030517578,124.30999755859375,13456200,DIS,1.3650530066450672,121.17599945068359,117.68299980163575
2025-07-01,121.72736358642578,123.48999786376953,123.76000213623047,122.44999694824219,123.5,9815700,DIS,-0.4193244605299573,122.14399871826171,118.2099998474121
2025-07-02,121.22464752197266,122.9800033569336,123.69999694824219,122.52999877929688,123.31999969482422,7317100,DIS,-0.4129844648621206,122.85599975585937,118.67900009155274
2025-07-03,122.23008728027344,124.0,124.23999786376953,122.9000015258789,123.06999969482422,4252300,DIS,0.8294004026865975,123.36399993896484,119.20450019836426
2025-07-07,121.4020767211914,123.16000366210938,124.61000061035156,122.58000183105469,123.20999908447266,7023500,DIS,-0.6774164015246997,123.52800140380859,119.73600044250489
2025-07-08,120.08120727539062,121.81999969482422,123.70999908447266,121.81999969482422,123.22000122070312,6622900,DIS,-1.0880187783701811,123.09000091552734,120.13200035095215
2025-07-09,118.88847351074219,120.61000061035156,122.3499984741211,120.61000061035156,121.83999633789062,6724900,DIS,-0.9932680081299217,122.51400146484374,120.37950019836425
2025-07-10,119.82491302490234,121.55999755859375,121.94999694824219,120.62000274658203,120.62000274658203,6888700,DIS,0.7876601802791594,122.23000030517578,120.52099990844727
2025-07-11,118.1590347290039,119.87000274658203,121.2300033569336,119.7300033569336,120.63999938964844,6112400,DIS,-1.3902557140124339,121.40400085449218,120.53850021362305
2025-07-14,118.25760650634766,119.97000122070312,120.5,119.5999984741211,119.77999877929688,6853300,DIS,0.08342243416186168,120.76600036621093,120.60650024414062
2025-07-15,117.28173828125,118.9800033569336,120.2300033569336,118.87999725341797,120.2300033569336,7943600,DIS,-0.8252045125416663,120.19800109863282,120.65850028991699
2025-07-16,118.10974884033203,119.81999969482422,120.56999969482422,118.87999725341797,119.36000061035156,6747500,DIS,0.7059979107335135,120.04000091552734,120.67550010681153
2025-07-17,120.46563720703125,122.20999908447266,122.38999938964844,119.75,119.75,9933700,DIS,1.9946581503385463,120.17000122070313,120.87950019836425
2025-07-18,119.68690490722656,121.41999816894531,122.16000366210938,120.29000091552734,121.97000122070312,9486800,DIS,-0.6464290331769762,120.48000030517578,121.05750007629395
2025-07-21,119.11518096923828,120.83999633789062,121.97000122070312,120.77999877929688,121.06999969482422,6392500,DIS,-0.4776822927040958,120.65399932861328,121.21800003051757
2025-07-22,119.33204650878906,121.05999755859375,121.43000030517578,120.55999755859375,120.75,5614500,DIS,0.1820599365858655,121.06999816894532,121.38349990844726
2025-07-23,121.18521881103516,122.94000244140625,123.18000030517578,121.5,121.5199966430664,8258900,DIS,1.5529530156338955,121.69399871826172,121.59799995422364
2025-07-24,120.20934295654297,121.94999694824219,123.4000015258789,121.80999755859375,122.8499984741211,6702200,DIS,-0.8052753160110782,121.64199829101562,121.72449989318848
2025-07-25,119.73619842529297,121.47000122070312,122.44999694824219,120.87000274658203,122.26000213623047,5656600,DIS,-0.3936004424360706,121.6519989013672,121.725
2025-07-28,118.65190124511719,120.37000274658203,121.4000015258789,119.88999938964844,121.02999877929688,6042200,DIS,-0.9055721273291684,121.55800018310546,121.62650032043457
2025-07-29,118.1984634399414,119.91000366210938,120.80999755859375,119.36000061035156,120.58000183105469,6283700,DIS,-0.38215425270123893,121.3280014038086,121.42150039672852
2025-07-30,117.83374786376953,119.54000091552734,120.5,119.18000030517578,119.94999694824219,5281500,DIS,-0.3085670380134853,120.64800109863282,121.2240005493164
2025-07-31,117.4098892211914,119.11000061035156,119.91000366210938,118.58000183105469,119.45999908447266,7235000,DIS,-0.3597124827526499,120.08000183105469,121.0305004119873
2025-08-01,114.92584991455078,116.58999633789062,117.88999938964844,115.56999969482422,117.58999633789062,8637800,DIS,-2.115694953864289,119.10400085449218,120.66000022888184
2025-08-04,117.64645385742188,119.3499984741211,119.5199966430664,117.7300033569336,117.7300033569336,8845000,DIS,2.367271826848394,118.9,120.46949996948243
2025-08-05,116.63115692138672,118.31999969482422,119.56999969482422,117.33000183105469,119.25,15365700,DIS,-0.8630069480228819,118.58199920654297,120.29449996948242
2025-08-06,113.526123046875,115.16999816894531,116.12000274658203,112.19999694824219,115.77999877929688,22153700,DIS,-2.6622731017609147,117.70799865722657,120.0224998474121
2025-08-07,111.26880645751953,112.87999725341797,116.4000015258789,111.81999969482422,115.75,15484400,DIS,-1.988365852162377,116.46199798583984,119.58849983215332
2025-08-08,110.82523345947266,112.43000030517578,114.29000091552734,112.0199966430664,113.30000305175781,9491000,DIS,-0.3986507434368014,115.62999877929687,119.21649971008301
2025-08-11,110.94351959228516,112.55000305175781,113.1500015258789,111.54000091552734,112.91000366210938,8532600,DIS,0.10673552099644823,114.26999969482422,118.84549980163574
2025-08-12,112.09681701660156,113.72000122070312,114.4000015258789,112.48999786376953,113.30999755859375,7274000,DIS,1.0395363280508052,113.35,118.58249969482422
2025-08-13,114.97513580322266,116.63999938964844,117.2300033569336,114.1500015258789,114.2300033569336,9025700,DIS,2.5677085276127443,113.64400024414063,118.42349967956542
2025-08-14,114.64984130859375,116.30999755859375,116.70999908447266,114.62000274658203,115.4800033569336,6800900,DIS,-0.28292338201433287,114.33000030517579,118.12849960327148
2025-08-15,113.74298095703125,115.38999938964844,116.83999633789062,115.19000244140625,116.56999969482422,6768600,DIS,-0.7909880390822299,114.92200012207032,117.82699966430664
2025-08-18,114.88642883300781,116.55000305175781,117.01000213623047,115.16000366210938,115.19000244140625,5798400,DIS,1.0052895989645316,115.72200012207031,117.6125
2025-08-19,114.61041259765625,116.2699966430664,116.98999786376953,115.72000122070312,116.5,5914000,DIS,-0.24024573261234305,116.23199920654297,117.37299995422363
2025-08-20,115.36943054199219,117.04000091552734,117.88999938964844,116.0,116.08000183105469,7046700,DIS,0.6622553493527139,116.31199951171875,117.07799987792968
2025-08-21,114.55127716064453,116.20999908447266,116.66000366210938,115.52999877929688,116.56999969482422,6337100,DIS,-0.7091608207126843,116.29199981689453,116.7909999847412
2025-08-22,117.1634521484375,118.86000061035156,119.77999877929688,117.12999725341797,117.58999633789062,7161700,DIS,2.2803558615920982,116.98600006103516,116.66049995422364
2025-08-25,116.02986145019531,117.70999908447266,119.05000305175781,117.69999694824219,118.48999786376953,5424900,DIS,-0.9675260979081224,117.21799926757812,116.52749977111816
2025-08-26,115.9707260131836,117.6500015258789,118.37999725341797,117.16000366210938,117.43000030517578,5787400,DIS,-0.050970655900428596,117.49400024414062,116.41449966430665
2025-08-27,116.40443420410156,118.08999633789062,118.45999908447266,117.29000091552734,117.52999877929688,4378000,DIS,0.3739862357034829,117.70399932861328,116.34199943542481
2025-08-28,115.96086883544922,117.63999938964844,118.37000274658203,116.61000061035156,118.0999984741211,5687700,DIS,-0.38106271673903347,117.98999938964843,116.26849937438965
2025-08-29,116.69029998779297,118.37999725341797,118.6500015258789,117.25,117.38999938964844,5212600,DIS,0.6290359296233117,117.89399871826171,116.35799942016601
2025-09-02,116.58187103271484,118.2699966430664,118.27999877929688,116.0,117.0199966430664,6015900,DIS,-0.09292161928006193,118.00599822998046,116.30399932861329
2025-09-03,115.70457458496094,117.37999725341797,118.62000274658203,116.3499984741211,117.83000183105469,6288700,DIS,-0.7525149360868011,117.95199737548828,116.25699920654297
2025-09-04,117.11416625976562,118.80999755859375,119.68000030517578,116.76000213623047,117.08000183105469,6949300,DIS,1.2182657510959594,118.0959976196289,116.43899917602539
2025-09-05,116.22702026367188,117.91000366210938,119.77999877929688,117.69999694824219,118.91000366210938,6669100,DIS,-0.7575068722987965,118.14999847412109,116.69049949645996
2025-09-08,117.14373779296875,118.83999633789062,118.87999725341797,116.73999786376953,117.95999908447266,6450700,DIS,0.7887309362200501,118.24199829101562,117.0109992980957
2025-09-09,115.6947250366211,117.37000274658203,119.05000305175781,117.22000122070312,118.52999877929688,5444300,DIS,-1.2369518988616046,118.06199951171875,117.25199928283692
2025-09-10,114.13727569580078,115.79000091552734,117.51000213623047,114.5,116.8499984741211,7484900,DIS,-1.3461717594623668,117.74400024414062,117.35549926757812
2025-09-11,115.40885925292969,117.08000183105469,117.16999816894531,114.62999725341797,115.44999694824219,8399100,DIS,1.1140866269345961,117.39800109863282,117.37749938964843
2025-09-12,114.30484008789062,115.95999908447266,117.01000213623047,115.0999984741211,116.26000213623047,7640900,DIS,-0.9566131953074097,117.00800018310547,117.35999946594238
2025-09-15,113.96969604492188,115.62000274658203,116.75,115.0,116.11000061035156,7150900,DIS,-0.29320139752928576,116.36400146484375,117.37149963378906
2025-09-16,113.58526611328125,115.2300033569336,115.8499984741211,114.70999908447266,115.44999694824219,6844900,DIS,-0.3373113478497669,115.93600158691406,117.30549964904785
2025-09-17,114.4428482055664,116.0999984741211,116.66000366210938,115.22000122070312,115.23999786376953,7333900,DIS,0.7550074562547859,115.99800109863281,117.29699974060058
2025-09-18,113.22055053710938,114.86000061035156,115.77999877929688,114.05000305175781,115.33000183105469,9460500,DIS,-1.0680429630202992,115.55400085449219,117.1879997253418
2025-09-19,112.13624572753906,113.76000213623047,114.5999984741211,111.93000030517578,114.5999984741211,23398400,DIS,-0.9576862861534363,115.11400146484375,117.06549987792968
2025-09-22,110.953369140625,112.55999755859375,113.62999725341797,111.5199966430664,111.76000213623047,15479800,DIS,-1.0548563248088616,114.50200042724609,116.7504997253418
2025-09-23,110.64779663085938,112.25,113.62000274658203,111.5999984741211,112.72000122070312,13145000,DIS,-0.2754065079224821,113.90599975585937,116.47749977111816
2025-09-24,111.81095886230469,113.43000030517578,114.1500015258789,112.19999694824219,112.41000366210938,8755200,DIS,1.0512252161922309,113.37200012207032,116.26649971008301
2025-09-25,111.37723541259766,112.98999786376953,114.05000305175781,112.6500015258789,112.70999908447266,6365500,DIS,-0.3879065857554931,112.99799957275391,116.01149978637696
2025-09-26,111.85038757324219,113.47000122070312,113.56999969482422,112.76000213623047,113.12999725341797,6145700,DIS,0.42481933446207876,112.93999938964843,115.8029998779297
2025-09-29,113.14168548583984,114.77999877929688,115.01000213623047,113.33000183105469,113.47000122070312,9304100,DIS,1.1544880096068466,113.38399963378906,115.62299995422363
2025-09-30,112.86568450927734,114.5,114.87999725341797,113.33999633789062,114.52999877929688,9303700,DIS,-0.24394387722138644,113.83399963378906,115.43450012207032
2025-10-01,111.33780670166016,112.94999694824219,116.05999755859375,112.79000091552734,114.08000183105469,9736300,DIS,-1.3537144556836744,113.73799896240234,115.21300010681152
2025-10-02,110.53937530517578,112.13999938964844,113.16999816894531,110.77999877929688,112.9800033569336,8695100,DIS,-0.7171293319865435,113.56799926757813,114.87950019836425
2025-10-03,110.86466217041016,112.47000122070312,113.56999969482422,111.55999755859375,112.04000091552734,7148400,DIS,0.29427664780703466,113.36799926757813,114.60750007629395
2025-10-06,111.14066314697266,112.75,113.11000061035156,111.44999694824219,112.69000244140625,6141200,DIS,0.24895418890182874,112.96199951171874,114.30300025939941
2025-10-07,110.9238052368164,112.52999877929688,113.4000015258789,111.80000305175781,112.62999725341797,5409800,DIS,-0.19512303388303787,112.56799926757813,114.06100006103516
2025-10-08,110.29293823242188,111.88999938964844,113.19999694824219,111.6500015258789,112.80999755859375,7074400,DIS,-0.568736689408178,112.35599975585937,113.86599998474121
2025-10-09,109.4057846069336,110.98999786376953,113.0,110.87999725341797,111.81999969482422,6502400,DIS,-0.8043627945199305,112.1259994506836,113.56149978637696
2025-10-10,107.63147735595703,109.19000244140625,112.68000030517578,109.11000061035156,111.52999877929688,9635200,DIS,-1.6217636336677943,111.46999969482422,113.22299995422364
2025-10-13,108.69605255126953,110.2699966430664,110.95999908447266,109.37999725341797,110.38999938964844,7435100,DIS,0.9890962336407183,110.9739990234375,112.95549964904785
2025-10-14,109.58321380615234,111.16999816894531,111.83999633789062,109.19999694824219,109.6500015258789,7898000,DIS,0.8161798796386455,110.70199890136719,112.75249938964843
2025-10-15,110.1155014038086,111.70999908447266,112.68000030517578,111.13999938964844,111.47000122070312,7012600,DIS,0.4857433879837725,110.66599884033204,112.53299942016602
2025-10-16,108.3116226196289,109.87999725341797,112.08999633789062,108.51000213623047,111.79000091552734,7531200,DIS,-1.638171914826425,110.44399871826172,112.28399925231933
2025-10-17,109.0903549194336,110.66999816894531,111.45999908447266,109.44000244140625,109.73999786376953,10090500,DIS,0.7189669960633083,110.73999786376953,112.12949905395507
2025-10-20,110.3619384765625,111.95999908447266,112.25,110.5999984741211,111.02999877929688,8047500,DIS,1.1656283878834772,111.07799835205078,112.09949913024903
2025-10-21,112.66854095458984,114.30000305175781,114.54000091552734,112.04000091552734,112.25,8163200,DIS,2.0900357149160387,111.70399932861328,112.20199928283691
2025-10-22,111.46595764160156,113.08000183105469,114.27999877929688,112.9800033569336,114.0,7569200,DIS,-1.067367618661108,111.97799987792969,112.18449935913085
2025-10-23,111.41667175292969,113.02999877929688,113.83000183105469,111.9000015258789,113.16999816894531,6945400,DIS,-0.04421918194917884,112.60800018310547,112.18649940490722
2025-10-24,110.0859375,111.68000030517578,113.6500015258789,111.58999633789062,113.2300033569336,6235200,DIS,-1.194371838185282,112.81000061035157,112.09699935913086
2025-10-27,110.73651123046875,112.33999633789062,112.5999984741211,111.30999755859375,111.94000244140625,6029600,DIS,0.5909706580509821,112.88600006103516,111.97499923706054
2025-10-28,110.05636596679688,111.6500015258789,112.4800033569336,111.45999908447266,111.91000366210938,6839400,DIS,-0.6142022739046404,112.35599975585937,111.83249931335449
2025-10-29,108.6664810180664,110.23999786376953,111.52999877929688,110.01000213623047,111.18000030517578,7097100,DIS,-1.2628783187097037,111.78799896240234,111.69699935913086
2025-10-30,110.24365234375,111.83999633789062,113.58000183105469,109.55000305175781,110.12999725341797,8311300,DIS,1.4513774538514657,111.5499984741211,111.68199920654297
2025-10-31,111.01251983642578,112.62000274658203,113.0999984741211,110.52999877929688,111.58000183105469,8700600,DIS,0.697430645772612,111.73799896240234,111.68949928283692
2025-11-03,110.51966094970703,112.12000274658203,112.80999755859375,111.02999877929688,112.55000305175781,8542300,DIS,-0.4439708646829854,111.69400024414062,111.65799942016602
2025-11-04,109.8789291381836,111.47000122070312,111.79000091552734,110.63999938964844,110.97000122070312,7950100,DIS,-0.5797373438779396,111.65800018310547,111.60499954223633
2025-11-05,109.77050018310547,111.36000061035156,111.97000122070312,110.5999984741211,111.3499984741211,5746000,DIS,-0.09868180599887921,111.88200073242187,111.57849960327148
2025-11-06,108.91291809082031,110.48999786376953,111.70999908447266,109.18000030517578,111.16999816894531,10291800,DIS,-0.7812524621171324,111.61200103759765,111.55349960327149
2025-11-07,109.15934753417969,110.73999786376953,111.43000030517578,110.04000091552734,110.26000213623047,8782100,DIS,0.22626482472036802,111.23600006103516,111.63099937438965
2025-11-10,110.637939453125,112.23999786376953,112.79000091552734,111.02999877929688,111.1500015258789,9158700,DIS,1.3545241366586191,111.25999908447265,111.7294994354248
2025-11-11,113.210693359375,114.8499984741211,114.97000122070312,112.41999816894531,112.6500015258789,9713300,DIS,2.325374786196477,111.93599853515624,111.91349945068359
2025-11-12,114.98499298095703,116.6500015258789,117.08999633789062,114.38999938964844,114.56999969482422,15248700,DIS,1.5672643236154693,112.99399871826172,112.1604995727539
2025-11-13,106.07403564453125,107.61000061035156,109.36000061035156,104.91000366210938,108.88999938964844,44045400,DIS,-7.749679208981242,112.41799926757812,112.04699974060058
2025-11-14,104.28987121582031,105.80000305175781,108.7300033569336,105.30000305175781,107.5199966430664,16691400,DIS,-1.6819975358494998,111.43000030517578,111.80349998474121
2025-11-17,104.18143463134766,105.69000244140625,107.66999816894531,105.12000274658203,105.75,12296400,DIS,-0.10397032814616347,110.12000122070313,111.4900001525879
2025-11-18,104.76300811767578,106.27999877929688,107.08000183105469,105.0,105.0999984741211,11796200,DIS,0.5582328737457676,108.40600128173828,111.08899993896485
2025-11-19,103.17599487304688,104.66999816894531,107.58999633789062,104.08000183105469,106.08000183105469,12790000,DIS,-1.5148669823518923,106.01000061035157,110.66849975585937
2025-11-20,101.2341079711914,102.69999694824219,105.80000305175781,102.5,105.37000274658203,12609900,DIS,-1.882106864589217,105.02799987792969,110.15199966430664
2025-11-21,102.79155731201172,104.27999877929688,104.77999877929688,102.69000244140625,103.4800033569336,10785400,DIS,1.5384633670933345,104.7239990234375,109.7819995880127
2025-11-24,100.4849624633789,101.94000244140625,104.33999633789062,101.88999938964844,104.08999633789062,15024800,DIS,-2.243955087536109,103.9739990234375,109.26199989318847
2025-11-25,101.83539581298828,103.30999755859375,103.91999816894531,102.0,102.48999786376953,10574500,DIS,1.3439229785921825,103.37999877929687,108.84499969482422
2025-11-26,101.95369720458984,103.43000030517578,104.25,102.87999725341797,103.31999969482422,10130200,DIS,0.11615792219332732,103.13199920654297,108.50449981689454
2025-11-28,102.97884368896484,104.47000122070312,104.73999786376953,103.23999786376953,103.30000305175781,6525500,DIS,1.0055118558046638,103.48600006103516,108.13600006103516
2025-12-01,105.24601745605469,106.7699966430664,106.83000183105469,104.47000122070312,104.91999816894531,12628900,DIS,2.2015845654144384,103.98399963378907,107.84349975585937
2025-12-02,103.33370971679688,104.83000183105469,106.56999969482422,104.81999969482422,106.52999877929688,8548200,DIS,-1.8169849892354595,104.56199951171875,107.478999710083
2025-12-03,104.230712890625,105.73999786376953,105.8499984741211,104.47000122070312,104.9000015258789,10177800,DIS,0.8680683171039094,105.04799957275391,107.19249954223633
2025-12-04,103.9645767211914,105.47000122070312,106.22000122070312,104.51000213623047,105.83999633789062,11471400,DIS,-0.2553401253272747,105.45599975585938,106.8979995727539
2025-12-05,103.79700469970703,105.30000305175781,106.16999816894531,104.55999755859375,105.18000030517578,10680100,DIS,-0.16118153690884984,105.62200012207032,106.63849983215331
2025-12-08,106.09374237060547,107.62999725341797,108.05000305175781,104.83000183105469,105.30000305175781,13727700,DIS,2.21271997543524,105.79400024414062,106.48299980163574
2025-12-09,105.49244689941406,107.0199966430664,107.75,106.55000305175781,107.58999633789062,8549400,DIS,-0.5667570620812135,106.23199920654297,106.22199974060058
2025-12-10,107.27661895751953,108.83000183105469,109.66999816894531,106.58000183105469,107.12000274658203,11237900,DIS,1.691277560047988,106.85,105.92099990844727
2025-12-11,109.86907196044922,111.45999908447266,111.55999755859375,109.11000061035156,109.19999694824219,13281400,DIS,2.4166105018547324,108.04799957275391,105.66149978637695
2025-12-12,110.007080078125,111.5999984741211,113.33999633789062,111.1500015258789,111.7300033569336,13059100,DIS,0.12560505185572612,109.30799865722656,105.86099967956542
2025-12-15,109.64981079101562,110.48999786376953,111.55000305175781,108.55000305175781,110.69999694824219,14318000,DIS,-0.9946242164232344,109.87999877929687,106.09549942016602
2025-12-16,110.77122497558594,111.62000274658203,112.8499984741211,110.86000061035156,111.22000122070312,15580200,DIS,1.0227214269709295,110.8,106.39199943542481
2025-12-17,109.78874969482422,110.62999725341797,112.12999725341797,110.45999908447266,111.05999755859375,12142500,DIS,-0.8869427242460648,111.15999908447266,106.60949935913087
2025-12-18,111.01932525634766,111.87000274658203,112.80000305175781,110.41999816894531,110.52999877929688,12913900,DIS,1.1208582879411955,111.24199981689453,106.9694995880127
2025-12-19,110.39411163330078,111.23999786376953,113.4800033569336,110.91999816894531,112.31999969482422,21138400,DIS,-0.563158011392606,111.16999969482421,107.39649963378906
2025-12-22,111.52543640136719,112.37999725341797,112.80000305175781,111.1500015258789,111.41000366210938,8803300,DIS,1.0248106899862996,111.54799957275391,107.80149955749512
2025-12-23,112.35905456542969,113.22000122070312,113.30999755859375,112.04000091552734,112.29000091552734,7634500,DIS,0.7474675100684891,111.86799926757813,108.36549949645996
2025-12-24,113.6094741821289,114.4800033569336,114.52999877929688,112.80000305175781,112.94000244140625,4606700,DIS,1.1128794582631274,112.63800048828125,108.92399978637695
2025-12-26,112.69646453857422,113.55999755859375,114.73999786376953,113.2699966430664,114.1500015258789,5428900,DIS,-0.8036388638733571,112.97599945068359,109.43049964904785
2025-12-29,113.3216781616211,114.19000244140625,114.48999786376953,113.30999755859375,113.31999969482422,7966000,DIS,0.5547771190180129,113.56600036621094,109.916499710083
2025-12-30,113.9171142578125,114.79000091552734,115.27999877929688,114.0999984741211,114.0999984741211,6883900,DIS,0.5254387085497747,114.04800109863281,110.31749992370605
2025-12-31,112.90486907958984,113.7699966430664,114.88999938964844,113.55000305175781,114.7699966430664,6608000,DIS,-0.8885828594178191,114.15800018310547,110.76449966430664
2026-01-02,110.99947357177734,111.8499984741211,113.44000244140625,111.62000274658203,113.44000244140625,8906200,DIS,-1.6876138046913791,113.63199920654297,111.06999969482422
2026-01-05,113.20259094238281,114.06999969482422,116.02999877929688,111.37999725341797,111.41999816894531,12029000,DIS,1.9848021913176694,113.73399963378907,111.49999961853027
2026-01-06,113.69879150390625,114.56999969482422,114.76000213623047,113.11000061035156,113.79000091552734,7388300,DIS,0.43832734403232987,113.80999908447265,111.9634994506836
2026-01-07,112.0514144897461,112.91000366210938,114.97000122070312,112.51000213623047,114.45999908447266,8296300,DIS,-1.4488924126180636,113.43399963378906,112.22749977111816
2026-01-08,113.30182647705078,114.16999816894531,114.98999786376953,112.55000305175781,112.55000305175781,9778200,DIS,1.1159281427415069,113.51399993896484,112.5849998474121
2026-01-09,114.99882507324219,115.87999725341797,115.9800033569336,113.9000015258789,114.30999755859375,8935200,DIS,1.4977657106924447,114.31999969482422,112.93749961853027
2026-01-12,111.96209716796875,112.81999969482422,114.94000244140625,112.55000305175781,114.62999725341797,10833800,DIS,-2.640660710322451,114.06999969482422,113.00549964904785
2026-01-13,112.12088012695312,112.9800033569336,113.22000122070312,111.61000061035156,112.83999633789062,8945700,DIS,0.14182207280817316,113.75200042724609,113.07449989318847
2026-01-14,112.66669464111328,113.52999877929688,113.58999633789062,112.26000213623047,112.80999755859375,8950900,DIS,0.4868077589143871,113.8759994506836,113.22649993896485
2026-01-15,112.54761505126953,113.41000366210938,114.11000061035156,112.16999816894531,113.70999908447266,7958500,DIS,-0.1056946344382248,113.7240005493164,113.31599998474121
2026-01-16,110.35440826416016,111.19999694824219,113.8499984741211,111.12000274658203,113.19999694824219,12049600,DIS,-1.9486876311649026,112.78800048828126,113.34449996948243
2026-01-20,109.5009536743164,110.33999633789062,111.08999633789062,108.80000305175781,109.66000366210938,9818200,DIS,-0.7733818650659252,112.29199981689453,113.26799964904785
2026-01-21,112.32928466796875,113.19000244140625,113.25,110.5,110.56999969482422,10041400,DIS,2.582931120269527,112.33399963378906,113.3654998779297
2026-01-22,112.34912872314453,113.20999908447266,114.29000091552734,112.16999816894531,113.16999816894531,12437700,DIS,0.017666439292418623,112.26999969482422,113.40699996948243
2026-01-23,110.13609313964844,110.9800033569336,112.94999694824219,110.55000305175781,112.69000244140625,10819800,DIS,-1.96978689654006,111.78399963378907,113.29500007629395
2026-01-26,110.46357727050781,111.30999755859375,112.41000366210938,111.12999725341797,111.68000030517578,8859800,DIS,0.2973456403662533,111.80599975585938,113.13649978637696
2026-01-27,109.76890563964844,110.61000061035156,111.80000305175781,110.02999877929688,111.5,8956900,DIS,-0.6288715870950479,111.86000061035156,112.98899993896484
2026-01-28,108.72688293457031,109.55999755859375,111.43000030517578,109.0,110.27999877929688,9016600,DIS,-0.9492840122627633,111.13399963378906,112.75749969482422
2026-01-29,110.73152923583984,111.58000183105469,111.66999816894531,108.76000213623047,109.62999725341797,11079000,DIS,1.8437425314660194,110.80800018310546,112.59699974060058
2026-01-30,111.94225311279297,112.80000305175781,112.94999694824219,110.98999786376953,111.36000061035156,17895200,DIS,1.0933869875269897,111.17200012207032,112.54850006103516
2026-02-02,103.6557388305664,104.44999694824219,108.61000061035156,103.75,104.01000213623047,37778500,DIS,-7.402487480150388,109.8,112.17849998474121
2026-02-03,103.427490234375,104.22000122070312,104.98999786376953,102.33999633789062,104.77999877929688,24827100,DIS,-0.22019696913254672,108.52200012207031,111.68600006103516
2026-02-04,106.23597717285156,107.05000305175781,108.5999984741211,103.62999725341797,104.19999694824219,19070400,DIS,2.715411435336379,108.02000122070312,111.31000022888183
2026-02-05,104.17179107666016,104.97000122070312,108.33000183105469,104.80999755859375,107.05000305175781,11859500,DIS,-1.9430189367197204,106.69800109863282,110.91300010681152
2026-02-06,107.87342071533203,108.69999694824219,108.95999908447266,105.37000274658203,106.12999725341797,12105600,DIS,3.553392096944541,105.87799987792968,110.63950004577637
2026-02-09,106.31536102294922,107.12999725341797,108.91999816894531,106.7699966430664,108.69000244140625,10515400,DIS,-1.4443419861104312,106.41399993896485,110.20200004577637
2026-02-10,109.12384033203125,109.95999908447266,111.11000061035156,107.5999984741211,107.5999984741211,9815500,DIS,2.641652108288839,107.56199951171875,110.05900001525879
2026-02-11,107.29783630371094,108.12000274658203,109.87000274658203,107.80000305175781,108.93000030517578,9374900,DIS,-1.6733324419883955,107.7759994506836,109.81599998474121
2026-02-12,101.60147857666016,102.37999725341797,108.16000366210938,101.0199966430664,107.93000030517578,25319600,DIS,-5.30892096499278,107.25799865722657,109.25849990844726
2026-02-13,104.64813232421875,105.44999694824219,105.5199966430664,101.19999694824219,101.4000015258789,12845300,DIS,2.9986323277828797,106.60799865722656,108.86049957275391
2026-02-17,104.63821411132812,105.44000244140625,107.27999877929688,104.37000274658203,106.56999969482422,10467400,DIS,-0.00947795839277843,106.26999969482422,108.5724998474121
2026-02-18,106.28559112548828,107.0999984741211,107.7300033569336,105.80999755859375,105.95999908447266,8791600,DIS,1.5743512844067942,105.6979995727539,108.41049995422364
2026-02-19,105.19395446777344,106.0,107.7699966430664,105.44999694824219,107.11000061035156,7492900,DIS,-1.027076087575196,105.2739990234375,108.05099983215332
2026-02-20,104.77715301513672,105.58000183105469,106.19999694824219,104.6500015258789,105.61000061035156,9043600,DIS,-0.39622468768425456,105.91399993896485,107.66949996948242
2026-02-23,103.61605072021484,104.41000366210938,105.19000244140625,102.95999908447266,104.9800033569336,10626500,DIS,-1.1081626715800819,105.70600128173828,107.34099998474122
2026-02-24,105.24357604980469,106.05000305175781,107.2300033569336,103.9800033569336,104.44999694824219,13594800,DIS,1.5707301332502421,105.8280014038086,107.07800025939942
2026-02-25,104.25118255615234,105.05000305175781,106.72000122070312,104.51000213623047,106.0,8556500,DIS,-0.9429514108660109,105.41800231933594,106.80000038146973
2026-02-26,104.74738311767578,105.55000305175781,106.7699966430664,105.31999969482422,105.47000122070312,9578500,DIS,0.4759638129221644,105.3280029296875,106.59950065612793
2026-02-27,105.23365020751953,106.04000091552734,106.33999633789062,103.93000030517578,104.77999877929688,13954000,DIS,0.4642329224085806,105.42000274658203,106.32250061035157
2026-03-02,103.53665924072266,104.33000183105469,104.61000061035156,102.86000061035156,104.61000061035156,14178600,DIS,-1.6125981419359503,105.4040023803711,105.89900054931641
2026-03-03,102.51448822021484,103.30000305175781,104.30999755859375,102.1500015258789,102.83999633789062,13608400,DIS,-0.9872508015142056,104.8540023803711,105.84150085449218
2026-03-04,102.2564697265625,103.04000091552734,103.83999633789062,102.63999938964844,103.16999816894531,9672300,DIS,-0.25169615542043333,104.452001953125,105.78250083923339
2026-03-05,101.63125610351562,102.41000366210938,104.55000305175781,101.58999633789062,103.0999984741211,11751500,DIS,-0.6114103724964459,103.82400207519531,105.55050086975098
2026-03-06,100.76787567138672,101.54000091552734,101.80999755859375,99.94999694824219,101.38999938964844,10448600,DIS,-0.8495290650047282,102.92400207519532,105.37900085449219
2026-03-09,100.886962890625,101.66000366210938,101.87000274658203,98.44999694824219,100.55000305175781,11715100,DIS,0.11818273143591185,102.39000244140625,105.02700119018554
2026-03-10,100.54954528808594,101.31999969482422,102.23999786376953,100.23999786376953,101.75,7833100,DIS,-0.33445205099070785,101.99400177001954,104.73650131225585
2026-03-11,100.12281036376953,100.88999938964844,101.88999938964844,100.4000015258789,101.4000015258789,8152800,DIS,-0.4243982495765297,101.56400146484376,104.28300132751465
2026-03-12,98.67391967773438,99.43000030517578,100.87999725341797,99.37000274658203,100.0999984741211,10309400,DIS,-1.4471197277283965,100.96800079345704,103.84850120544434
2026-03-13,98.53498077392578,99.29000091552734,100.7699966430664,99.16000366210938,99.83000183105469,9551500,DIS,-0.14080196039298887,100.51800079345703,103.69400138854981
2026-03-16,97.90977478027344,98.66000366210938,99.69000244140625,98.45999908447266,99.47000122070312,11578500,DIS,-0.634502213323529,99.91800079345703,103.35450172424316
2026-03-17,99.53730010986328,100.30000305175781,100.70999908447266,99.0199966430664,99.16999816894531,11785600,DIS,1.6622737976628388,99.71400146484375,103.09750175476074
2026-03-18,98.66399383544922,99.41999816894531,101.0199966430664,99.0,99.83999633789062,12615100,DIS,-0.8773727378237339,99.42000122070313,102.71350173950195
2026-03-19,98.44566345214844,99.19999694824219,100.77999877929688,98.44000244140625,99.02999877929688,14793800,DIS,-0.2212846758750442,99.3740005493164,102.37350158691406
2026-03-20,98.75331115722656,99.51000213623047,100.02999877929688,98.38999938964844,99.01000213623047,27544200,DIS,0.31250523944070796,99.41800079345703,102.07000160217285
2026-03-23,97.20516967773438,97.94999694824219,100.5999984741211,97.86000061035156,100.22000122070312,11373000,DIS,-1.5676868199164695,99.2759994506836,101.74700126647949
2026-03-24,95.65703582763672,96.38999938964844,98.05000305175781,96.25,97.73999786376953,9155700,DIS,-1.5926468679912986,98.49399871826172,101.26400108337403
2026-03-25,95.22037506103516,95.94999694824219,97.18000030517578,95.05999755859375,96.81999969482422,8467500,DIS,-0.45648142358376553,97.7999984741211,100.80900077819824
2026-03-26,94.02950286865234,94.75,96.4000015258789,94.58999633789062,95.12000274658203,8548800,DIS,-1.2506482401343888,96.90999908447266,100.26900062561035
2026-03-27,91.71721649169922,92.41999816894531,94.19000244140625,92.19000244140625,94.19000244140625,12475900,DIS,-2.4591048348862166,95.49199829101562,99.58800048828125
2026-03-30,93.60277557373047,94.31999969482422,95.19000244140625,92.88999938964844,92.88999938964844,10592600,DIS,2.0558337627378798,94.76599884033203,99.08750038146972
2026-03-31,95.64710998535156,96.37999725341797,96.88999938964844,94.19000244140625,95.33999633789062,11180200,DIS,2.18405170192848,94.76399841308594,98.74150009155274
2026-04-01,95.82573699951172,96.55999755859375,98.36000061035156,96.48999786376953,97.26000213623047,8518600,DIS,0.186761060702767,94.88599853515625,98.41749992370606
2026-04-02,95.87535858154297,96.61000061035156,97.16999816894531,95.08999633789062,96.0,6379100,DIS,0.051784437678215056,95.25799865722657,98.12749977111817
2026-04-06,95.54786682128906,96.27999877929688,97.16000366210938,96.12000274658203,96.5,5882200,DIS,-0.3415814397783268,96.02999877929688,97.86449966430663
2026-04-07,95.05167388916016,95.77999877929688,96.79000091552734,95.33000183105469,95.80000305175781,7913000,DIS,-0.5193186605103262,96.3219985961914,97.57049942016602
2026-04-08,98.42581939697266,99.18000030517578,99.19000244140625,97.69000244140625,98.0999984741211,10821000,DIS,3.549803267082341,96.88199920654297,97.4634994506836
2026-04-09,99.03118133544922,99.79000091552734,100.2300033569336,97.68000030517578,98.66000366210938,8918300,DIS,0.6150439690205678,97.52799987792969,97.40849952697754
2026-04-10,98.4158935546875,99.16999816894531,100.16000366210938,98.81999969482422,99.83999633789062,6359600,DIS,-0.6213074866156854,98.03999938964844,97.39549942016602
2026-04-13,100.41060638427734,101.18000030517578,101.2699966430664,98.52999877929688,98.52999877929688,6790300,DIS,2.026824819343287,99.01999969482422,97.48999938964843
2026-04-14,101.80988311767578,102.58999633789062,103.0999984741211,100.9000015258789,101.33999633789062,9997400,DIS,1.3935521135225004,100.38199920654297,97.6864990234375
2026-04-15,102.2564697265625,103.04000091552734,103.37999725341797,101.79000091552734,102.5999984741211,7035300,DIS,0.4386437213181882,101.15399932861328,97.82349891662598
2026-04-16,103.10992431640625,103.9000015258789,104.52999877929688,102.77999877929688,103.62000274658203,8145900,DIS,0.8346279141210333,101.97599945068359,98.04749908447266
2026-04-17,105.48175048828125,106.29000091552734,106.33000183105469,104.69000244140625,104.69000244140625,10506200,DIS,2.3002881179488233,103.4,98.40199928283691
2026-04-20,105.4916763305664,106.30000305175781,107.11000061035156,105.91000366210938,105.91000366210938,6423400,DIS,0.009410232518880512,104.4240005493164,98.74149932861329
2026-04-21,103.49696350097656,104.29000091552734,106.87999725341797,103.97000122070312,106.19000244140625,7784500,DIS,-1.8908768377474017,104.76400146484374,99.05849952697754
2026-04-22,104.0229263305664,104.81999969482422,106.27999877929688,104.2300033569336,105.02999877929688,6886600,DIS,0.5081971182703926,105.12000122070313,99.47999954223633
2026-04-23,102.86183166503906,103.6500015258789,105.19999694824219,102.55000305175781,104.94000244140625,6147000,DIS,-1.1161974550197296,105.07000122070312,99.86499977111816
2026-04-24,101.81980895996094,102.5999984741211,103.63999938964844,101.97000122070312,103.5999984741211,5974500,DIS,-1.0130275314039983,104.33200073242188,100.25749969482422
2026-04-27,101.57170867919922,102.3499984741211,103.80999755859375,102.05999755859375,102.62000274658203,6524300,DIS,-0.24366472097273606,103.54199981689453,100.75399971008301
2026-04-28,100.69840240478516,101.47000122070312,103.29000091552734,100.61000061035156,102.66000366210938,6409300,DIS,-0.8597921509891138,102.97799987792969,101.11149978637695
2026-04-29,100.52970123291016,101.30000305175781,101.4800033569336,100.5999984741211,100.94000244140625,5533700,DIS,-0.16753539657061722,102.27400054931641,101.35750007629395
2026-04-30,102.96106719970703,103.75,104.12000274658203,100.41999816894531,100.91000366210938,9203500,DIS,2.4185556509711104,102.29400024414062,101.71700019836426
2026-05-01,102.2961654663086,103.08000183105469,104.83000183105469,102.97000122070312,104.4000015258789,5956900,DIS,-0.645781367658127,102.39000091552734,102.04050025939941
2026-05-04,100.53961944580078,101.30999755859375,103.05000305175781,101.2699966430664,102.73999786376953,8400100,DIS,-1.7171170363014965,102.18200073242187,102.29200019836426
2026-05-05,99.71593475341797,100.4800033569336,101.7300033569336,100.05999755859375,101.52999877929688,14314700,DIS,-0.8192618908909988,101.98400115966797,102.5270004272461
2026-05-06,107.23828887939453,108.05999755859375,109.13999938964844,105.30999755859375,106.5199966430664,23219500,DIS,7.543783786246361,103.33600006103515,102.97100028991699
2026-05-07,107.83373260498047,108.66000366210938,110.4800033569336,107.08999633789062,109.05000305175781,14309200,DIS,0.5552527457630907,104.31800079345703,103.4145004272461
2026-05-08,107.19859313964844,108.0199966430664,109.20999908447266,107.54000091552734,109.02999877929688,8370000,DIS,-0.5889996295537991,105.30599975585938,103.85700035095215
2026-05-11,103.92369079589844,104.72000122070312,108.38999938964844,104.37999725341797,108.0,10562300,DIS,-3.0549856738725456,105.98800048828124,104.03400039672852
2026-05-12,105.35274505615234,106.16000366210938,106.2699966430664,104.22000122070312,104.98999786376953,8178500,DIS,1.375097808079051,107.1240005493164,104.21250076293946
2026-05-13,104.10232543945312,104.9000015258789,105.87999725341797,103.86000061035156,105.3499984741211,7605900,DIS,-1.1868896879853708,106.49200134277343,104.30550079345703
2026-05-14,104.61836242675781,105.41999816894531,106.29000091552734,104.8499984741211,105.54000091552734,6144600,DIS,0.4957069928527291,105.84400024414063,104.38150062561036
2026-05-15,101.93889617919922,102.72000122070312,105.41999816894531,102.30000305175781,105.02999877929688,9258600,DIS,-2.561180985713163,104.78400115966797,104.20300064086913
2026-05-18,103.1198501586914,103.91000366210938,104.69999694824219,102.55000305175781,102.69000244140625,9037200,DIS,1.158491459564348,104.62200164794922,104.08350067138672
2026-05-19,101.51216888427734,102.29000091552734,103.93000030517578,101.97000122070312,103.70999908447266,7032600,DIS,-1.5590440664884353,103.8480010986328,103.98350067138672
2026-05-20,103.28855895996094,104.08000183105469,104.86000061035156,101.5999984741211,102.91000366210938,7941400,DIS,1.749927558418496,103.68400115966797,103.94650077819824
2026-05-21,102.7923583984375,103.58000183105469,104.62000274658203,102.58999633789062,103.61000061035156,8611200,DIS,-0.4803996840926361,103.31600189208984,103.94300079345703
2026-05-22,102.21676635742188,103.0,104.5,102.9800033569336,104.04000091552734,5693300,DIS,-0.559955416877389,103.37200164794922,103.96300086975097
2026-05-26,102.49463653564453,103.27999877929688,103.80000305175781,102.3499984741211,103.0999984741211,6714400,DIS,0.271843475045519,103.24600067138672,104.00950088500977
2026-05-27,103.3877944946289,104.18000030517578,105.25,103.26000213623047,103.30000305175781,7360100,DIS,0.8714189935286054,103.6240005493164,104.1450008392334
2026-05-28,102.94122314453125,103.7300033569336,104.41000366210938,103.0999984741211,103.80999755859375,6511100,DIS,-0.43194178049914544,103.55400085449219,104.2665008544922
2026-05-29,101.05567169189453,101.83000183105469,103.76000213623047,101.83000183105469,103.62999725341797,13340300,DIS,-1.8316798075683316,103.2040008544922,104.17050094604492
2026-06-01,102.06790924072266,102.8499984741211,103.01000213623047,100.30000305175781,101.66000366210938,8219000,DIS,1.0016661344646405,103.1740005493164,104.15900077819825
2026-06-02,100.63886260986328,101.41000366210938,102.48999786376953,100.08999633789062,102.3499984741211,8397400,DIS,-1.4000922055181664,102.80000152587891,104.16400108337402
2026-06-03,98.63421630859375,99.38999938964844,101.2699966430664,99.25,100.44000244140625,7471600,DIS,-1.9919181535496655,101.84200134277344,104.10950088500977
2026-06-04,98.5845947265625,99.33999633789062,101.47000122070312,99.01000213623047,100.54000091552734,9568000,DIS,-0.05030994271544298,100.96399993896485,103.6735008239746
2026-06-05,98.95178985595703,99.70999908447266,100.19999694824219,99.08999633789062,99.68000030517578,9501600,DIS,0.37246100284071826,100.53999938964844,103.22600059509277
2026-06-08,98.11817932128906,98.87000274658203,99.83999633789062,98.41000366210938,99.5199966430664,7559200,DIS,-0.8424394199211593,99.74400024414062,102.76850090026855
2026-06-09,98.57467651367188,99.33000183105469,100.08999633789062,98.51000213623047,99.05000305175781,8616300,DIS,0.46525646980277724,99.32799987792968,102.49900093078614
2026-06-10,97.86015319824219,98.61000061035156,99.76000213623047,97.94999694824219,99.48999786376953,7041400,DIS,-0.7248577543849666,99.17200012207032,102.12150077819824
2026-06-11,99.57699584960938,100.33999633789062,100.73999786376953,98.0999984741211,98.83000183105469,9264400,DIS,1.754381621368184,99.37200012207032,101.89350051879883
2026-06-12,99.27928161621094,100.04000091552734,101.7699966430664,99.54000091552734,101.05999755859375,8257200,DIS,-0.2989789050350966,99.43800048828125,101.62450065612794
2026-06-15,100.91673278808594,101.69000244140625,102.4000015258789,100.58999633789062,100.87999725341797,10265100,DIS,1.6493417740691019,100.00200042724609,101.57300071716308
2026-06-16,100.50984954833984,101.27999877929688,101.93000030517578,100.05000305175781,101.43000030517578,10694600,DIS,-0.4031897455658129,100.39199981689453,101.44150047302246
2026-06-17,100.0930404663086,100.86000061035156,102.36000061035156,100.44000244140625,100.66999816894531,11168700,DIS,-0.41469014021272566,100.84199981689453,101.37000045776367
2026-06-18,103.0999984741211,103.88999938964844,104.22000122070312,100.80000305175781,101.80000305175781,22943600,DIS,3.004162959509138,101.5520004272461,101.36050033569336
2026-06-22,101.67095184326172,102.44999694824219,104.30999755859375,101.51000213623047,103.41000366210938,17396300,DIS,-1.386083790418935,102.03399963378907,101.30400009155274
2026-06-23,102.74273681640625,103.52999877929688,104.04000091552734,101.80000305175781,102.0199966430664,14457400,DIS,1.0541745858716922,102.4019989013672,101.33050003051758
2026-06-24,100.35106658935547,101.12000274658203,104.52999877929688,101.04000091552734,103.0999984741211,12215500,DIS,-2.327823878229174,102.36999969482422,101.22250022888184
2026-06-25,97.30441284179688,98.05000305175781,101.58000183105469,97.98999786376953,101.11000061035156,12054400,DIS,-3.035996451184819,101.80800018310546,100.91600036621094
2026-06-26,98.03878021240234,98.79000091552734,99.44999694824219,97.9000015258789,98.05000305175781,13921400,DIS,0.754714778926524,100.78800048828126,100.66900024414062
2026-06-29,97.87999725341797,98.62999725341797,100.04000091552734,98.5,99.70999908447266,10418100,DIS,-0.1619634179841678,100.02400054931641,100.50900001525879
2026-06-30,96.25,96.25,97.5999984741211,95.98999786376953,97.41000366210938,12717800,DIS,-2.413056189490559,98.56800079345703,100.17900009155274
2026-07-01,95.70999908447266,95.70999908447266,97.76000213623047,95.6500015258789,96.55000305175781,11590400,DIS,-0.5610399122362053,97.48600006103516,99.8939998626709
2026-07-02,99.5,99.5,99.5199966430664,95.7699966430664,96.4000015258789,11297800,DIS,3.959879794986021,97.7759994506836,99.89949989318848
2026-07-06,97.41000366210938,97.41000366210938,99.44000244140625,97.0199966430664,98.8499984741211,10171900,DIS,-2.100498832050879,97.5,99.80300025939941
2026-07-07,97.4800033569336,97.4800033569336,99.04000091552734,96.91999816894531,98.13999938964844,9936400,DIS,0.0718608892234851,97.27000122070312,99.69150047302246
2026-07-08,96.69999694824219,96.69999694824219,97.66000366210938,96.63999938964844,97.30000305175781,8720800,DIS,-0.800170683042889,97.36000061035156,99.58300018310547
2026-07-09,96.16999816894531,96.16999816894531,96.55000305175781,94.77999877929688,96.33999633789062,11448100,DIS,-0.5480856215337337,97.45200042724609,99.425
2026-07-10,95.62000274658203,95.62000274658203,97.05000305175781,95.5199966430664,96.88999938964844,10678900,DIS,-0.5718991710877308,96.6760009765625,99.27550010681152
2026-07-13,96.0,96.0,97.54000091552734,95.83000183105469,96.0999984741211,9304200,DIS,0.3974035165268397,96.39400024414063,99.05850028991699
2026-07-14,95.87000274658203,95.87000274658203,96.69000244140625,95.12999725341797,95.51000213623047,7651600,DIS,-0.13541380564371375,96.0720001220703,98.85000038146973
2026-07-15,97.1500015258789,97.1500015258789,97.9000015258789,96.0999984741211,96.0999984741211,10219200,DIS,1.3351400256870427,96.16200103759766,98.62300033569336
2026-07-16,99.70999908447266,99.70999908447266,99.8499984741211,97.27999877929688,97.27999877929688,7480000,DIS,2.635097805852138,96.87000122070313,98.54450035095215
2026-07-17,97.66999816894531,97.66999816894531,99.79000091552734,97.05000305175781,99.01000213623047,10496500,DIS,-2.0459341432739198,97.28000030517578,98.38500022888184
2026-07-20,96.41000366210938,96.41000366210938,98.38999938964844,96.0,97.8499984741211,9861700,DIS,-1.2900527597599187,97.36200103759765,98.01100044250488
2026-07-21,96.13999938964844,96.13999938964844,96.88999938964844,95.83999633789062,96.0,9745400,DIS,-0.28005835722942907,97.41600036621094,97.6955005645752
2026-07-22,95.87000274658203,95.87000274658203,97.30000305175781,95.6500015258789,97.12000274658203,9119200,DIS,-0.2808369510926778,97.16000061035156,97.31250076293945
2026-07-23,92.83000183105469,92.83000183105469,94.81999969482422,92.48999786376953,94.80999755859375,13562500,DIS,-3.170961540037842,95.78400115966797,96.89800071716309
2026-07-24,94.8499984741211,94.8499984741211,96.29000091552734,93.0,93.26000213623047,12153100,DIS,2.176017023831034,95.22000122070312,96.73800048828124
2026-07-27,96.6500015258789,96.6500015258789,97.19000244140625,95.51000213623047,95.51000213623047,10593900,DIS,1.8977365110331768,95.26800079345703,96.63100051879883
2026-07-28,98.88999938964844,98.88999938964844,99.2300033569336,96.97000122070312,97.0,11389300,DIS,2.3176387257166864,95.81800079345703,96.64400062561035
2026-07-29,98.4800033569336,98.4800033569336,99.41000366210938,97.98999786376953,98.33999633789062,11070100,DIS,-0.4145980738652577,96.34000091552734,96.75550079345703
2026-07-30,96.16000366210938,96.16000366210938,97.4800033569336,94.45999908447266,97.41000366210938,21112400,DIS,-2.355807895756812,97.00600128173828,96.77800102233887
2026-07-31,96.19000244140625,96.19000244140625,96.58999633789062,95.5999984741211,96.08000183105469,11193000,DIS,0.031196732689697804,97.27400207519531,96.61250114440918
2026-08-03,98.13999938964844,98.13999938964844,99.05000305175781,97.20999908447266,97.62000274658203,11480300,DIS,2.027234534514144,97.57200164794922,96.64900093078613
2026-08-04,98.18000030517578,98.18000030517578,98.56999969482422,97.37999725341797,97.87000274658203,16796800,DIS,0.04075903380489354,97.43000183105468,96.68400077819824
2026-08-05,101.76000213623047,101.76000213623047,103.20999908447266,99.69000244140625,101.98999786376953,20809000,DIS,3.6463656752157902,98.08600158691407,96.93700103759765
2026-08-06,104.68000030517578,104.68000030517578,104.7300033569336,102.5199966430664,102.54000091552734,14047200,DIS,2.8694949957215776,99.79000091552734,97.36250114440918
2026-08-07,104.91000366210938,104.91000366210938,105.25,103.69999694824219,104.41999816894531,10929700,DIS,0.2197204396857666,101.53400115966797,97.82700119018554
2026-08-10,103.18000030517578,103.18000030517578,104.80000305175781,102.80000305175781,104.61000061035156,8631900,DIS,-1.6490356463102707,102.54200134277343,98.18600120544434
2026-08-11,103.52999877929688,103.52999877929688,104.08999633789062,102.79000091552734,102.94999694824219,6781600,DIS,0.3392115459254663,103.61200103759765,98.56900100708008
2026-08-12,103.22000122070312,103.22000122070312,103.68000030517578,102.02999877929688,103.29000091552734,6717500,DIS,-0.29942776224174406,103.90400085449218,98.87250099182128
2026-08-13,104.80000305175781,104.80000305175781,104.94000244140625,103.45999908447266,103.80000305175781,7100000,DIS,1.5307128583309737,103.9280014038086,99.12700119018555
2026-08-14,106.86499786376953,106.86499786376953,107.11000061035156,104.91000366210938,104.98999786376953,6797643,DIS,1.970414839579604,104.31900024414062,99.58675117492676
