Date,Adj Close,Close,High,Low,Open,Volume,Ticker,Daily_Return,MA5,MA20
2016-08-15,67.70828247070312,87.91000366210938,88.16999816894531,87.18000030517578,87.43000030517578,3164900,MDT,,,
2016-08-16,67.2153549194336,87.2699966430664,87.83000183105469,87.26000213623047,87.48999786376953,2593400,MDT,-0.7280252444339497,,
2016-08-17,67.10753631591797,87.12999725341797,87.72000122070312,86.37000274658203,87.2699966430664,4448200,MDT,-0.16042098663190396,,
2016-08-18,67.06902313232422,87.08000183105469,87.2300033569336,86.37999725341797,87.0,4132000,MDT,-0.05738026390368356,,
2016-08-19,67.0382080078125,87.04000091552734,87.31999969482422,86.44000244140625,86.7699966430664,5405000,MDT,-0.04593582302048205,87.28600006103515,
2016-08-22,67.25386810302734,87.31999969482422,87.7300033569336,87.0,87.16999816894531,4130300,MDT,0.32168977062467796,87.16799926757812,
2016-08-23,67.6235580444336,87.80000305175781,88.6500015258789,87.62000274658203,87.77999877929688,3389800,MDT,0.5497060909426921,87.27400054931641,
2016-08-24,66.73782348632812,86.6500015258789,87.87999725341797,86.55999755859375,87.61000061035156,5287200,MDT,-1.3097966809875627,87.1780014038086,
2016-08-25,65.76736450195312,85.38999938964844,86.31999969482422,84.27999877929688,85.98999786376953,7285300,MDT,-1.454128233170493,86.84000091552734,
2016-08-26,66.69931030273438,86.5999984741211,86.8499984741211,85.5999984741211,85.62000274658203,6181600,MDT,1.4170266929634634,86.75200042724609,
2016-08-29,67.3616714477539,87.45999908447266,87.66000366210938,86.5,86.7699966430664,3740200,MDT,0.9930723158252164,86.78000030517578,
2016-08-30,66.8918685913086,86.8499984741211,87.62999725341797,86.70999908447266,87.45999908447266,3088500,MDT,-0.6974624019403408,86.58999938964844,
2016-08-31,67.03050994873047,87.02999877929688,87.4000015258789,86.04000091552734,86.87999725341797,5500700,MDT,0.20725424103422707,86.66599884033204,
2016-09-01,66.99198913574219,86.9800033569336,87.20999908447266,86.31999969482422,87.08999633789062,3116800,MDT,-0.05744619448986299,86.98399963378907,
2016-09-02,67.25386810302734,87.31999969482422,87.86000061035156,87.18000030517578,87.22000122070312,3325300,MDT,0.3908902331210662,87.12799987792968,
2016-09-06,67.13833618164062,87.16999816894531,87.62000274658203,86.62999725341797,87.5,4149600,MDT,-0.17178369949971684,87.06999969482422,
2016-09-07,66.35272979736328,86.1500015258789,87.0999984741211,85.98999786376953,86.88999938964844,4756500,MDT,-1.1701235109464303,86.93000030517578,
2016-09-08,66.43746185302734,86.26000213623047,86.62999725341797,85.7699966430664,85.7699966430664,4187500,MDT,0.12768497783313126,86.7760009765625,
2016-09-09,65.36685943603516,84.87000274658203,85.91000366210938,84.8499984741211,85.91000366210938,5648000,MDT,-1.6114066255797366,86.35400085449218,
2016-09-12,66.39125061035156,86.19999694824219,86.37999725341797,84.38999938964844,84.44999694824219,4529800,MDT,1.5670957448080447,86.13000030517578,86.82400016784668
2016-09-13,65.34378814697266,84.83999633789062,86.01000213623047,84.66000366210938,85.5999984741211,5105500,MDT,-1.5777269820185236,85.66399993896485,86.67049980163574
2016-09-14,65.22054290771484,84.68000030517578,85.30999755859375,84.37999725341797,84.7699966430664,4111500,MDT,-0.18858561954391284,85.36999969482422,86.5409999847412
2016-09-15,65.97533416748047,85.66000366210938,86.0,84.37999725341797,84.66000366210938,4702900,MDT,1.1573020233842657,85.25,86.46750030517578
2016-09-16,66.2448959350586,86.01000213623047,86.08999633789062,85.55000305175781,85.76000213623047,7782000,MDT,0.40859030954711884,85.47799987792969,86.41400032043457
2016-09-19,66.22948455810547,85.98999786376953,86.7699966430664,85.93000030517578,86.0199966430664,4008500,MDT,-0.02325807692604709,85.43600006103516,86.36150016784669
2016-09-20,66.51448822021484,86.36000061035156,86.88999938964844,86.22000122070312,86.4800033569336,3874800,MDT,0.43028579575987713,85.74000091552735,86.31350021362304
2016-09-21,67.115234375,87.13999938964844,87.36000061035156,86.0999984741211,86.44000244140625,3492500,MDT,0.9031945041503064,86.23200073242188,86.28050003051757
2016-09-22,67.63896942138672,87.81999969482422,88.05000305175781,87.4000015258789,87.5199966430664,4351100,MDT,0.7803538098906104,86.66399993896485,86.33899993896485
2016-09-23,67.55425262451172,87.70999908447266,88.0,87.43000030517578,87.61000061035156,3509100,MDT,-0.1252569013138416,87.00399932861328,86.45499992370605
2016-09-26,66.6684799194336,86.55999755859375,87.45999908447266,86.29000091552734,87.27999877929688,3729600,MDT,-1.3111407341041548,87.11799926757813,86.45299987792968
2016-09-27,67.08650970458984,86.66999816894531,86.77999877929688,85.7300033569336,86.16000366210938,3722700,MDT,0.12708019114384683,87.17999877929688,86.41349983215332
2016-09-28,67.14068603515625,86.73999786376953,86.88999938964844,86.16000366210938,86.55999755859375,3208100,MDT,0.08076577397380102,87.0999984741211,86.40799980163574
2016-09-29,66.10345458984375,85.4000015258789,87.45999908447266,85.05999755859375,86.86000061035156,4126000,MDT,-1.5448424843117592,86.61599884033203,86.32649993896484
2016-09-30,66.87750244140625,86.4000015258789,86.68000030517578,85.4000015258789,85.4000015258789,5001000,MDT,1.1709601664315672,86.35399932861328,86.29749984741211
2016-10-03,66.8697509765625,86.38999938964844,86.44000244140625,85.70999908447266,86.0,3205300,MDT,-0.011576546358593731,86.31999969482422,86.25099983215333
2016-10-04,66.65304565429688,86.11000061035156,86.62000274658203,85.83000183105469,86.51000213623047,4092700,MDT,-0.3241101762647136,86.20800018310547,86.19799995422363
2016-10-05,66.80012512207031,86.30000305175781,86.62000274658203,86.04000091552734,86.12000274658203,2656400,MDT,0.22065084201545737,86.12000122070313,86.20550003051758
2016-10-06,66.5291748046875,85.94999694824219,86.26000213623047,85.62999725341797,86.18000030517578,3057300,MDT,-0.4055690511455823,86.23000030517578,86.18999977111817
2016-10-07,66.53692626953125,85.95999908447266,86.5,85.58999633789062,86.22000122070312,3182400,MDT,0.011637157167654344,86.14199981689453,86.2444995880127
2016-10-10,66.69947052001953,86.16999816894531,86.75,85.95999908447266,86.18000030517578,2815900,MDT,0.2442986118069701,86.0979995727539,86.24299964904785
2016-10-11,64.40058135986328,83.19999694824219,85.98999786376953,82.2699966430664,85.95999908447266,9865200,MDT,-3.446676666837256,85.51599884033203,86.16099967956544
2016-10-12,64.77210998535156,83.68000030517578,84.04000091552734,83.19999694824219,83.41999816894531,3861400,MDT,0.576927132860594,84.99199829101562,86.11099967956542
2016-10-13,64.4856948852539,83.30999755859375,83.8499984741211,82.86000061035156,83.37000274658203,4941300,MDT,-0.44216389248644683,84.46399841308593,85.99349937438964
2016-10-14,64.02129364013672,82.70999908447266,83.77999877929688,82.69999694824219,83.43000030517578,4042200,MDT,-0.7201998460018011,83.81399841308594,85.82849922180176
2016-10-17,63.912925720214844,82.56999969482422,82.77999877929688,82.4000015258789,82.52999877929688,3986800,MDT,-0.16926537443853196,83.09399871826172,85.65749931335449
2016-10-18,64.67147827148438,83.55000305175781,83.86000061035156,82.69999694824219,83.08999633789062,3510300,MDT,1.1868758151333925,83.16399993896485,85.51699943542481
2016-10-19,64.76435089111328,83.66999816894531,84.02999877929688,83.44999694824219,83.7699966430664,3485800,MDT,0.14362072148959015,83.16199951171875,85.34349937438965
2016-10-20,65.0352783203125,84.0199966430664,84.30999755859375,83.30999755859375,83.66000366210938,4438600,MDT,0.4183082129563198,83.30399932861329,85.15349922180175
2016-10-21,64.95014190673828,83.91000366210938,84.02999877929688,83.20999908447266,83.31999969482422,4415000,MDT,-0.13091286045190387,83.54400024414062,84.9634994506836
2016-10-24,64.47799682617188,83.30000305175781,84.63999938964844,83.29000091552734,84.38999938964844,3777300,MDT,-0.7269700676071023,83.69000091552735,84.8004997253418
2016-10-25,63.835506439208984,82.47000122070312,83.43000030517578,82.29000091552734,83.33999633789062,3866600,MDT,-0.9964007210647718,83.4740005493164,84.59049987792969
2016-10-26,62.790550231933594,81.12000274658203,81.9000015258789,80.70999908447266,81.88999938964844,4626400,MDT,-1.6369570196904437,82.96400146484375,84.30950012207032
2016-10-27,62.79829025268555,81.12999725341797,81.69000244140625,80.83000183105469,81.30000305175781,3307400,MDT,0.012320644104457656,82.38600158691406,84.09599990844727
2016-10-28,63.41753387451172,81.93000030517578,82.33000183105469,80.91000366210938,81.04000091552734,5281300,MDT,0.9860755316666969,81.99000091552735,83.87249984741212
2016-10-31,63.48719787597656,82.0199966430664,82.12000274658203,80.87999725341797,80.94999694824219,6285400,MDT,0.10984540162992662,81.73399963378907,83.65399971008301
2016-11-01,62.635738372802734,80.91999816894531,82.4000015258789,80.44999694824219,82.0199966430664,5663700,MDT,-1.3411345027335875,81.4239990234375,83.39449958801269
2016-11-02,62.76731491088867,81.08999633789062,81.77999877929688,80.94000244140625,81.04000091552734,4612500,MDT,0.2100817755709583,81.41799774169922,83.13399925231934
2016-11-03,63.162078857421875,81.5999984741211,81.68000030517578,81.19000244140625,81.38999938964844,5501800,MDT,0.6289334804078228,81.51199798583984,82.91649932861328
2016-11-04,63.580078125,82.13999938964844,83.0199966430664,81.63999938964844,81.69000244140625,5584500,MDT,0.6617658402268356,81.55399780273437,82.72549934387207
2016-11-07,64.9810791015625,83.94999694824219,84.16999816894531,82.97000122070312,83.27999877929688,4519200,MDT,2.203551950381266,81.93999786376953,82.61449928283692
2016-11-08,65.28296661376953,84.33999633789062,85.08999633789062,83.5,83.8499984741211,4793100,MDT,0.4645615292742544,82.62399749755859,82.67149925231934
2016-11-09,64.13739013671875,82.86000061035156,84.06999969482422,81.6500015258789,82.66999816894531,9800300,MDT,-1.7547970023733095,82.97799835205078,82.63049926757813
2016-11-10,64.0290298461914,82.72000122070312,83.58999633789062,82.3499984741211,83.58999633789062,6401700,MDT,-0.1689589531947755,83.20199890136719,82.60099945068359
2016-11-11,63.5258903503418,82.06999969482422,82.61000061035156,81.7300033569336,82.18000030517578,5199200,MDT,-0.7857851986059039,83.18799896240235,82.56899948120117
2016-11-14,60.956058502197266,78.75,82.22000122070312,76.38999938964844,82.22000122070312,12327800,MDT,-4.045326802936,82.1479995727539,82.37799949645996
2016-11-15,62.132598876953125,80.2699966430664,80.58999633789062,79.29000091552734,79.4000015258789,6879000,MDT,1.930154467385914,81.33399963378906,82.2139991760254
2016-11-16,62.61250305175781,80.88999938964844,81.05000305175781,79.75,80.25,4281900,MDT,0.7723966270223981,80.93999938964843,82.07499923706055
2016-11-17,63.316898345947266,81.80000305175781,81.80999755859375,81.01000213623047,81.0999984741211,3792600,MDT,1.1249890826749542,80.75599975585938,81.96399955749511
2016-11-18,62.643489837646484,80.93000030517578,81.91000366210938,80.81999969482422,81.70999908447266,4674200,MDT,-1.0635730001520294,80.52799987792969,81.81499938964843
2016-11-21,62.372581481933594,80.58000183105469,81.69000244140625,80.51000213623047,81.22000122070312,7387500,MDT,-0.43247062004361236,80.89400024414063,81.67899932861329
2016-11-22,56.9697151184082,73.5999984741211,75.36000061035156,72.02999877929688,74.25,31140100,MDT,-8.662203025966642,79.56000061035157,81.23549919128418
2016-11-23,58.65713882446289,75.77999877929688,76.0999984741211,73.19000244140625,73.26000213623047,14394400,MDT,2.961956997787585,78.53800048828126,80.96849899291992
2016-11-25,58.45589828491211,75.5199966430664,76.44000244140625,75.08000183105469,76.41000366210938,3046000,MDT,-0.34310126737756574,77.28199920654296,80.68799896240235
2016-11-28,57.271602630615234,73.98999786376953,75.61000061035156,73.87999725341797,75.44999694824219,7525100,MDT,-2.025951863488784,75.89399871826171,80.29099884033204
2016-11-29,56.83039093017578,73.41999816894531,74.70999908447266,72.7699966430664,74.4000015258789,6761000,MDT,-0.7703739847022328,74.46199798583984,79.86099891662597
2016-11-30,56.513031005859375,73.01000213623047,73.9800033569336,72.3499984741211,73.70999908447266,11613700,MDT,-0.5584255556250639,74.34399871826172,79.46549911499024
2016-12-01,55.638370513916016,71.87999725341797,73.23999786376953,71.04000091552734,73.01000213623047,9619200,MDT,-1.5477398298167522,73.56399841308594,79.0049991607666
2016-12-02,55.73899459838867,72.01000213623047,72.63999938964844,71.79000091552734,72.55000305175781,6521600,MDT,0.18086378377861756,72.86199951171875,78.52549934387207
2016-12-05,55.47581481933594,71.66999816894531,72.66000366210938,71.52999877929688,72.55999755859375,8078200,MDT,-0.4721621402564713,72.3979995727539,78.00199928283692
2016-12-06,55.81640625,72.11000061035156,72.43000030517578,71.58000183105469,72.05999755859375,6504700,MDT,0.6139283558638464,72.13600006103516,77.40999946594238
2016-12-07,55.90154266357422,72.22000122070312,72.30000305175781,71.05000305175781,71.9000015258789,7482100,MDT,0.15254556846553413,71.97799987792969,76.803999710083
2016-12-08,55.78542709350586,72.06999969482422,72.19999694824219,71.41999816894531,72.11000061035156,9466300,MDT,-0.207700807731237,72.01600036621093,76.26449966430664
2016-12-09,56.77622604370117,73.3499984741211,73.41000366210938,72.06999969482422,72.25,7160400,MDT,1.7760493752142947,72.28399963378907,75.79599952697754
2016-12-12,57.05487823486328,73.70999908447266,74.08999633789062,73.30999755859375,73.36000061035156,6144800,MDT,0.4907983883306821,72.69199981689454,75.37799949645996
2016-12-13,56.791709899902344,73.37000274658203,74.30999755859375,73.06999969482422,73.91999816894531,6630700,MDT,-0.4612621653962923,72.94400024414062,75.10899963378907
2016-12-14,56.73750305175781,73.30000305175781,73.80999755859375,72.83999633789062,73.48999786376953,5439400,MDT,-0.09540642252119369,73.16000061035156,74.76049995422363
2016-12-15,56.845890045166016,73.44000244140625,73.9800033569336,72.93000030517578,73.33000183105469,6240300,MDT,0.19099506660262833,73.43400115966797,74.38800010681152
2016-12-16,56.861358642578125,73.45999908447266,74.26000213623047,73.31999969482422,73.62999725341797,9969700,MDT,0.027228543575219533,73.45600128173828,73.97099990844727
2016-12-19,56.582706451416016,73.0999984741211,73.77999877929688,73.01000213623047,73.5199966430664,4585100,MDT,-0.49006345608253454,73.33400115966796,73.57949981689453
2016-12-20,56.07184600830078,72.44000244140625,73.37000274658203,72.31999969482422,73.08000183105469,6851500,MDT,-0.9028673686614308,73.14800109863282,73.17249984741211
2016-12-21,55.73700714111328,71.58000183105469,72.31999969482422,71.22000122070312,72.12000274658203,7624000,MDT,-1.1871902006728718,72.80400085449219,73.07150001525879
2016-12-22,55.8615837097168,71.73999786376953,72.06999969482422,71.12999725341797,71.5,5846700,MDT,0.22352057644881018,72.46399993896485,72.86949996948242
2016-12-23,56.025115966796875,71.94999694824219,72.23999786376953,71.52999877929688,71.76000213623047,3125000,MDT,0.29272245710325606,72.16199951171875,72.69099998474121
2016-12-27,55.884952545166016,71.7699966430664,72.29000091552734,71.69000244140625,72.02999877929688,3256500,MDT,-0.2501741665191015,71.89599914550782,72.57999992370605
2016-12-28,55.916107177734375,71.80999755859375,72.48999786376953,71.72000122070312,71.87000274658203,5581700,MDT,0.055734871671075936,71.7699981689453,72.49949989318847
2016-12-29,55.705867767333984,71.54000091552734,71.9800033569336,71.33000183105469,71.7300033569336,3893500,MDT,-0.3759875396821988,71.76199798583984,72.42599983215332
2016-12-30,55.4644889831543,71.2300033569336,72.0,71.08000183105469,71.79000091552734,5630500,MDT,-0.4333205963469089,71.65999908447266,72.3935001373291
2017-01-03,54.98170852661133,70.61000061035156,71.02999877929688,69.3499984741211,70.25,11125400,MDT,-0.8704235818650652,71.39199981689453,72.32350006103516
2017-01-04,55.49561309814453,71.2699966430664,71.66000366210938,70.81999969482422,70.9000015258789,7806800,MDT,0.9347061705280435,71.29199981689453,72.30349998474121
2017-01-05,55.15300750732422,70.83000183105469,71.51000213623047,70.58999633789062,71.4800033569336,6217200,MDT,-0.6173633123841671,71.09600067138672,72.23950004577637
2017-01-06,56.74148941040039,72.87000274658203,72.87999725341797,71.11000061035156,71.13999938964844,8985600,MDT,2.880136753904372,71.36200103759765,72.27200012207031
2017-01-09,57.48122787475586,73.81999969482422,74.11000061035156,73.19999694824219,73.30000305175781,9672000,MDT,1.3036872683344969,71.88000030517578,72.35950012207032
2017-01-10,58.322200775146484,74.9000015258789,75.2699966430664,74.12000274658203,74.2699966430664,7681700,MDT,1.463020638742174,72.73800048828124,72.4370002746582
2017-01-11,57.96402359008789,74.44000244140625,75.12000274658203,73.37999725341797,75.12000274658203,7475400,MDT,-0.6141509680927304,73.37200164794922,72.47350044250489
2017-01-12,58.48569107055664,75.11000061035156,75.2300033569336,73.73999786376953,74.05999755859375,6462600,MDT,0.9000512452598031,74.22800140380859,72.56050033569336
2017-01-13,58.47012710571289,75.08999633789062,75.30000305175781,74.66000366210938,75.0,5455800,MDT,-0.026633300889866707,74.67200012207032,72.65
2017-01-17,59.0385627746582,75.81999969482422,75.94999694824219,74.37000274658203,75.05999755859375,7084400,MDT,0.9721712512126279,75.0720001220703,72.7689998626709
2017-01-18,58.9217414855957,75.66999816894531,76.2699966430664,75.20999908447266,76.2699966430664,5833000,MDT,-0.19783899562472174,75.22599945068359,72.87949981689454
2017-01-19,58.633663177490234,75.30000305175781,75.72000122070312,74.94000244140625,75.30000305175781,6753700,MDT,-0.48895880288172267,75.3979995727539,72.98950004577637
2017-01-20,58.39227294921875,74.98999786376953,75.68000030517578,74.72000122070312,75.51000213623047,8898600,MDT,-0.41169346005895946,75.3739990234375,73.11699981689453
2017-01-23,58.22096252441406,74.7699966430664,75.13999938964844,74.36000061035156,74.72000122070312,4523400,MDT,-0.29337408583847147,75.30999908447265,73.27649955749511
2017-01-24,57.489017486572266,73.83000183105469,74.7300033569336,73.58999633789062,74.63999938964844,6430300,MDT,-1.2571818298976578,74.91199951171875,73.38099975585938
2017-01-25,58.0029296875,74.48999786376953,74.61000061035156,73.58999633789062,73.98999786376953,6171200,MDT,0.8939401548778481,74.67599945068359,73.50799980163575
2017-01-26,57.65253829956055,74.04000091552734,74.58000183105469,73.88999938964844,74.48999786376953,3699400,MDT,-0.6041038544062793,74.4239990234375,73.62150001525879
2017-01-27,58.361106872558594,74.94999694824219,75.2300033569336,74.47000122070312,74.54000091552734,4903000,MDT,1.2290599965727456,74.41599884033204,73.77849998474122
2017-01-30,58.14308547973633,74.66999816894531,74.94000244140625,74.31999969482422,74.68000030517578,4372100,MDT,-0.3735807747800579,74.39599914550782,73.93499984741212
2017-01-31,59.19428253173828,76.0199966430664,76.2300033569336,74.2699966430664,74.58999633789062,7828200,MDT,1.807953002846796,74.83399810791016,74.17449951171875
2017-02-01,59.1787223815918,76.0,76.04000091552734,75.2300033569336,75.27999877929688,5618300,MDT,-0.026304451393621697,75.13599853515625,74.44399948120117
2017-02-02,59.11640548706055,75.91999816894531,76.29000091552734,75.44000244140625,75.58000183105469,5357300,MDT,-0.10526556717721514,75.51199798583984,74.67649955749512
2017-02-03,59.44345474243164,76.33999633789062,76.5,75.66999816894531,76.12999725341797,4985900,MDT,0.5532115108995317,75.78999786376953,74.95199928283691
2017-02-06,59.16315841674805,75.9800033569336,76.33999633789062,75.5199966430664,76.31999969482422,3817600,MDT,-0.47156536314680864,76.05199890136718,75.1074993133545
2017-02-07,59.27217102050781,76.12000274658203,76.16000366210938,75.5199966430664,75.87000274658203,3898500,MDT,0.18425820408398685,76.0720001220703,75.22249946594238
2017-02-08,58.867252349853516,75.5999984741211,76.13999938964844,75.5199966430664,76.06999969482422,3668200,MDT,-0.6831374851523964,75.99199981689453,75.25749931335449
2017-02-09,58.952919006347656,75.70999908447266,75.87999725341797,75.44000244140625,75.5999984741211,4367500,MDT,0.14550345578276946,75.95,75.32099914550781
2017-02-10,59.295536041259766,76.1500015258789,76.26000213623047,75.70999908447266,75.8499984741211,3427100,MDT,0.581168203311333,75.91200103759766,75.37299919128418
2017-02-13,59.89509963989258,76.91999816894531,76.93000030517578,76.1500015258789,76.2699966430664,4081600,MDT,1.0111577513294279,76.1,75.46449928283691
2017-02-14,59.996334075927734,77.05000305175781,77.30000305175781,76.45999908447266,77.0,3781600,MDT,0.16901311220387516,76.28600006103515,75.5259994506836
2017-02-15,60.50243377685547,77.69999694824219,77.88999938964844,76.56999969482422,76.63999938964844,4244300,MDT,0.8436000918101705,76.70599975585938,75.62749938964843
2017-02-16,60.7282829284668,77.98999786376953,78.0,77.16000366210938,77.72000122070312,4152500,MDT,0.37323156617434794,77.16199951171875,75.76199913024902
2017-02-17,61.4212760925293,78.87999725341797,78.9800033569336,77.80000305175781,77.86000061035156,9954600,MDT,1.1411711937767466,77.70799865722657,75.95649909973145
2017-02-21,62.72945785522461,80.55999755859375,80.9800033569336,79.80000305175781,80.0,7313100,MDT,2.1298179052649413,78.43599853515624,76.24599914550781
2017-02-22,61.99748611450195,79.62000274658203,80.47000122070312,79.23999786376953,80.25,5508000,MDT,-1.1668257702317275,78.94999847412109,76.53549919128417
2017-02-23,62.8696174621582,80.73999786376953,80.93000030517578,79.94999694824219,80.25,4552700,MDT,1.4066755570861567,79.55799865722656,76.84799919128417
2017-02-24,63.09543228149414,81.02999877929688,81.05000305175781,80.44000244140625,80.54000091552734,4489100,MDT,0.3591787505576205,80.16599884033204,77.19749908447265
2017-02-27,62.87739944458008,80.75,81.16000366210938,80.6500015258789,81.02999877929688,3588800,MDT,-0.34554952920524684,80.53999938964844,77.48749923706055
2017-02-28,63.00198745727539,80.91000366210938,81.12999725341797,80.45999908447266,80.51000213623047,3749300,MDT,0.19814694998065985,80.61000061035156,77.79949951171875
2017-03-01,63.90522003173828,82.06999969482422,82.27999877929688,80.95999908447266,81.30999755859375,4996000,MDT,1.4336867880505144,81.1,78.10199966430665
2017-03-02,63.842926025390625,81.98999786376953,82.47000122070312,81.48999786376953,81.9000015258789,4068800,MDT,-0.09747999433675769,81.35,78.40149955749511
2017-03-03,63.74170684814453,81.86000061035156,82.0,81.33999633789062,81.62000274658203,2775500,MDT,-0.15855257568607728,81.51600036621093,78.69849967956543
2017-03-06,63.492530822753906,81.54000091552734,81.86000061035156,81.27999877929688,81.41999816894531,2681800,MDT,-0.390910936279365,81.6740005493164,78.95849990844727
2017-03-07,63.38356399536133,81.4000015258789,81.72000122070312,81.0999984741211,81.18000030517578,2594900,MDT,-0.1716941232236091,81.77200012207031,79.22949981689453
2017-03-08,64.02204132080078,82.22000122070312,82.4000015258789,81.2699966430664,81.4000015258789,4018600,MDT,1.0073706135785843,81.8020004272461,79.53449974060058
2017-03-09,64.46588134765625,82.79000091552734,82.87999725341797,81.88999938964844,82.1500015258789,3478800,MDT,0.693261598591044,81.96200103759766,79.8939998626709
2017-03-10,64.66055297851562,83.04000091552734,83.19000244140625,82.58000183105469,83.0,4033900,MDT,0.301968833476729,82.19800109863282,80.26049995422363
2017-03-13,64.54375457763672,82.88999938964844,83.19000244140625,82.44000244140625,82.98999786376953,3134200,MDT,-0.18063767368150518,82.46800079345704,80.59749984741211
2017-03-14,64.25563049316406,82.5199966430664,84.0,82.13999938964844,82.66000366210938,3591800,MDT,-0.44637803028894085,82.69199981689454,80.87749977111817
2017-03-15,64.86302185058594,83.30000305175781,83.44999694824219,82.56999969482422,82.5999984741211,3267100,MDT,0.94523320458344,82.90800018310547,81.18999977111817
2017-03-16,63.71834945678711,81.83000183105469,83.47000122070312,81.61000061035156,83.23999786376953,6347400,MDT,-1.7647072831314947,82.71600036621093,81.3965000152588
2017-03-17,64.02981567382812,82.2300033569336,82.3499984741211,81.69999694824219,81.80999755859375,11360900,MDT,0.488820135559509,82.55400085449219,81.60850028991699
2017-03-20,63.39910125732422,81.41999816894531,82.23999786376953,81.27999877929688,82.16000366210938,4423800,MDT,-0.9850482243960457,82.26000061035157,81.73550033569336
2017-03-21,63.165496826171875,81.12000274658203,81.9000015258789,80.72000122070312,81.80000305175781,5343900,MDT,-0.3684542239128952,81.9800018310547,81.76350059509278
2017-03-22,63.40815734863281,81.0,81.19000244140625,80.36000061035156,80.69999694824219,4419800,MDT,-0.14793237490008382,81.52000122070312,81.83250045776367
2017-03-23,63.29856872558594,80.86000061035156,81.3499984741211,80.68000030517578,80.73999786376953,4194800,MDT,-0.17283875265239335,81.3260009765625,81.83850059509277
2017-03-24,63.40815734863281,81.0,81.47000122070312,80.8499984741211,80.8499984741211,3010300,MDT,0.17313800221578912,81.08000030517579,81.83700065612793
2017-03-27,63.43164825439453,81.02999877929688,81.16000366210938,80.38999938964844,80.69999694824219,5272200,MDT,0.037035529996143346,81.00200042724609,81.85100059509277
2017-03-28,63.204627990722656,80.73999786376953,81.05000305175781,80.62000274658203,80.91999816894531,7442300,MDT,-0.35789327396785753,80.92599945068359,81.84250030517578
2017-03-29,63.517757415771484,81.13999938964844,81.33000183105469,80.44999694824219,80.83000183105469,5686700,MDT,0.49541929212559843,80.95399932861328,81.79600028991699
2017-03-30,63.40032958984375,80.98999786376953,81.22000122070312,80.5,81.04000091552734,2420700,MDT,-0.1848675462253535,80.97999877929688,81.74600028991699
2017-03-31,63.06373596191406,80.55999755859375,81.11000061035156,80.55000305175781,80.75,3790000,MDT,-0.530930135223695,80.89199829101562,81.68100013732911
2017-04-03,63.43164825439453,81.02999877929688,81.16000366210938,80.20999908447266,80.8499984741211,3250100,MDT,0.5834176203410202,80.89199829101562,81.65550003051757
2017-04-04,63.11070251464844,80.62000274658203,81.06999969482422,80.4800033569336,81.0,3097800,MDT,-0.5059805490452485,80.86799926757813,81.61650009155274
2017-04-05,62.81325149536133,80.23999786376953,81.08999633789062,80.20999908447266,80.91999816894531,3620600,MDT,-0.4713531008017857,80.68799896240235,81.51749992370605
2017-04-06,62.797569274902344,80.22000122070312,80.68000030517578,79.81999969482422,80.68000030517578,3930300,MDT,-0.024921041374348363,80.53399963378907,81.38899993896484
2017-04-07,62.915000915527344,80.37000274658203,80.6500015258789,80.13999938964844,80.25,2515200,MDT,0.18698768835245794,80.49600067138672,81.25550003051758
2017-04-10,62.86018371582031,80.30000305175781,80.61000061035156,80.12000274658203,80.30000305175781,2666900,MDT,-0.08709679287300931,80.35000152587891,81.12600021362304
2017-04-11,62.74277877807617,80.1500015258789,80.3499984741211,79.79000091552734,80.11000061035156,2642700,MDT,-0.18680139499150927,80.25600128173828,81.00750045776367
2017-04-12,62.7036247253418,80.0999984741211,80.16000366210938,79.6500015258789,79.7699966430664,3551400,MDT,-0.062386838185735094,80.22800140380859,80.84750022888184
2017-04-13,62.633174896240234,80.01000213623047,80.5,79.87999725341797,80.0,3440900,MDT,-0.11235498078030481,80.18600158691406,80.75650024414062
2017-04-17,62.907161712646484,80.36000061035156,80.41000366210938,79.91000366210938,80.16999816894531,2695300,MDT,0.43744340054530095,80.18400115966797,80.66300010681152
2017-04-18,62.883705139160156,80.33000183105469,80.68000030517578,80.12000274658203,80.68000030517578,4543000,MDT,-0.037330486646380834,80.19000091552735,80.60850028991699
2017-04-19,62.87586975097656,80.31999969482422,80.75,80.2699966430664,80.75,3781700,MDT,-0.01245130835613173,80.2240005493164,80.5685001373291
2017-04-20,63.42381286621094,81.0199966430664,81.23999786376953,79.91000366210938,80.16000366210938,5323900,MDT,0.8715101480351484,80.40800018310547,80.56949996948242
2017-04-21,63.0011100769043,80.4800033569336,81.06999969482422,80.29000091552734,80.98999786376953,3582300,MDT,-0.6664938391836239,80.50200042724609,80.55050010681153
2017-04-24,63.13419723510742,80.6500015258789,81.54000091552734,80.5999984741211,81.36000061035156,4153900,MDT,0.21123032039569445,80.56000061035157,80.53300018310547
2017-04-25,64.00311279296875,81.76000213623047,82.20999908447266,80.75,80.76000213623047,4351000,MDT,1.3763181517056688,80.84600067138672,80.56950035095215
2017-04-26,64.30057525634766,82.13999938964844,82.97000122070312,82.06999969482422,82.23999786376953,4445200,MDT,0.46477157961029025,81.21000061035156,80.63950042724609
2017-04-27,65.07556915283203,83.12999725341797,83.5,82.12000274658203,82.22000122070312,4878100,MDT,1.2052567216043863,81.63200073242187,80.73900032043457
2017-04-28,65.04425048828125,83.08999633789062,83.11000061035156,82.66000366210938,83.04000091552734,3915400,MDT,-0.04811850938164497,82.15399932861328,80.84400024414063
2017-05-01,65.5530776977539,83.73999786376953,84.05999755859375,83.01000213623047,83.01000213623047,4325900,MDT,0.7822861409641169,82.77199859619141,81.00300025939941
2017-05-02,66.34373474121094,84.75,84.79000091552734,83.6500015258789,83.6500015258789,5266100,MDT,1.2061167446810295,83.36999816894532,81.18900032043457
2017-05-03,65.82707214355469,84.08999633789062,84.70999908447266,83.91000366210938,84.70999908447266,3226100,MDT,-0.7787653830199082,83.75999755859375,81.3625
2017-05-04,65.6861572265625,83.91000366210938,84.41000366210938,83.83999633789062,84.0999984741211,3669600,MDT,-0.2140476675227876,83.91599884033204,81.54600028991699
2017-05-05,65.7566146850586,84.0,84.20999908447266,83.79000091552734,84.1500015258789,4030100,MDT,0.10725340717778753,84.0979995727539,81.73500022888183
2017-05-08,65.20865631103516,83.30000305175781,83.9800033569336,83.0999984741211,83.9800033569336,3913000,MDT,-0.8333297002883211,84.01000061035157,81.88150024414062
2017-05-09,65.23995971679688,83.33999633789062,83.7699966430664,83.19000244140625,83.33000183105469,3819900,MDT,0.0480111460595678,83.72799987792969,82.03349990844727
2017-05-10,64.88768768310547,82.88999938964844,83.23999786376953,82.58000183105469,83.23999786376953,4942600,MDT,-0.539953165365803,83.48800048828124,82.17049980163574
2017-05-11,64.98163604736328,83.01000213623047,83.0199966430664,82.19999694824219,82.44999694824219,3801000,MDT,0.14477349193589006,83.30800018310546,82.31599998474121
2017-05-12,65.30257415771484,83.41999816894531,83.87999725341797,82.80999755859375,82.87000274658203,3013400,MDT,0.49391160361853537,83.19199981689454,82.48649978637695
2017-05-15,65.86621856689453,84.13999938964844,84.25,83.12999725341797,83.41000366210938,3532100,MDT,0.8631038557983972,83.35999908447266,82.6754997253418
2017-05-16,65.70964813232422,83.94000244140625,84.33000183105469,83.45999908447266,84.08999633789062,4635300,MDT,-0.2376954476978388,83.48000030517578,82.85599975585937
2017-05-17,64.7076416015625,82.66000366210938,83.94000244140625,82.58999633789062,83.94000244140625,5861800,MDT,-1.5248972385846327,83.43400115966797,82.97299995422364
2017-05-18,64.50410461425781,82.4000015258789,82.9000015258789,81.5,81.58999633789062,5225600,MDT,-0.3145440657047138,83.31200103759765,83.04200019836426
2017-05-19,65.15385437011719,83.2300033569336,83.51000213623047,82.2300033569336,82.44999694824219,4780400,MDT,1.00728375689898,83.27400207519531,83.17950019836425
2017-05-22,65.74879455566406,83.98999786376953,84.3499984741211,83.26000213623047,83.26000213623047,3912400,MDT,0.9131256472220572,83.24400177001954,83.34650001525878
2017-05-23,66.23413848876953,84.61000061035156,84.91999816894531,83.94000244140625,84.0999984741211,4385600,MDT,0.7381864059428533,83.3780014038086,83.48899993896484
2017-05-24,66.3045883178711,84.69999694824219,85.19999694824219,84.08999633789062,84.80000305175781,6645300,MDT,0.10636607639926687,83.78600006103515,83.61699981689453
2017-05-25,66.99346923828125,85.58000183105469,86.0,83.86000061035156,85.20999908447266,7210600,MDT,1.0389668412269737,84.42200012207032,83.73950004577637
2017-05-26,66.60989379882812,85.08999633789062,85.81999969482422,84.5999984741211,85.58000183105469,4796900,MDT,-0.572570089600366,84.79399871826172,83.83950004577636
2017-05-30,66.42985534667969,84.86000061035156,85.33000183105469,84.5,85.11000061035156,4131600,MDT,-0.27029702366627717,84.96799926757812,83.89550018310547
2017-05-31,65.9758071899414,84.27999877929688,85.4000015258789,83.77999877929688,84.98999786376953,7439900,MDT,-0.6834808235718248,84.9019989013672,83.87200012207032
2017-06-01,67.38487243652344,86.08000183105469,86.08000183105469,84.37000274658203,84.61000061035156,7535300,MDT,2.1357416680456653,85.1779998779297,83.97150039672852
2017-06-02,67.18134307861328,85.81999969482422,86.72000122070312,85.54000091552734,86.12000274658203,6162500,MDT,-0.3020470849207979,85.22599945068359,84.06700019836425
2017-06-05,67.28309631347656,85.94999694824219,86.0199966430664,85.41000366210938,85.58999633789062,3243900,MDT,0.15147664166887953,85.3979995727539,84.16450004577636
2017-06-06,67.32225799560547,86.0,86.55000305175781,85.68000030517578,85.87999725341797,3627100,MDT,0.05817690928822117,85.6259994506836,84.29949989318848
2017-06-07,67.30661010742188,85.9800033569336,86.45999908447266,85.83999633789062,86.37000274658203,3291800,MDT,-0.023251910542332332,85.96600036621093,84.43150024414062
2017-06-08,67.27529907226562,85.94000244140625,86.33999633789062,85.63999938964844,85.9800033569336,4159700,MDT,-0.046523510078599895,85.93800048828125,84.58400039672851
2017-06-09,67.72148132324219,86.51000213623047,86.63999938964844,85.75,85.8499984741211,4715100,MDT,0.6632530586822449,86.0760009765625,84.75900039672851
2017-06-12,68.59822845458984,87.62999725341797,88.16000366210938,86.52999877929688,86.61000061035156,8823600,MDT,1.2946423413836117,86.41200103759766,84.96950035095215
2017-06-13,68.26163482666016,87.19999694824219,88.19999694824219,87.12000274658203,87.58000183105469,4459300,MDT,-0.4906998957585951,86.6520004272461,85.12250022888183
2017-06-14,68.61389923095703,87.6500015258789,88.0,87.3499984741211,87.55999755859375,3509200,MDT,0.5160603135156316,86.98600006103516,85.30800018310546
2017-06-15,68.62173461914062,87.66000366210938,87.9800033569336,87.13999938964844,87.33000183105469,2979900,MDT,0.011411450149845237,87.33000030517579,85.55800018310546
2017-06-16,68.95051574707031,88.08000183105469,88.3499984741211,87.52999877929688,88.0,5436800,MDT,0.4791217789178015,87.64400024414063,85.84200019836426
2017-06-19,69.66287231445312,88.98999786376953,89.06999969482422,88.04000091552734,88.08000183105469,3806600,MDT,1.0331471546291437,87.91600036621094,86.12999992370605
2017-06-20,69.52979278564453,88.81999969482422,89.5199966430664,88.55999755859375,88.7300033569336,3535000,MDT,-0.19103064729314445,88.24000091552735,86.37150001525879
2017-06-21,69.5063247680664,88.79000091552734,89.13999938964844,88.56999969482422,88.97000122070312,3549400,MDT,-0.03377480229671548,88.46800079345704,86.58050003051758
2017-06-22,69.74114990234375,89.08999633789062,89.58999633789062,88.70999908447266,88.97000122070312,3549400,MDT,0.3378707278634874,88.75399932861328,86.8
2017-06-23,69.82726287841797,89.19999694824219,89.5,88.88999938964844,89.44000244140625,6707100,MDT,0.12347133783052744,88.97799835205078,86.98099975585937
2017-06-26,69.78812408447266,89.1500015258789,89.72000122070312,88.9800033569336,89.22000122070312,3491400,MDT,-0.05604868169702959,89.00999908447265,87.18400001525879
2017-06-27,69.5063247680664,88.79000091552734,89.43000030517578,88.79000091552734,89.1500015258789,3149600,MDT,-0.4038144746941641,89.00399932861328,87.38050003051758
2017-06-28,69.90554809570312,89.30000305175781,89.61000061035156,88.94000244140625,89.12999725341797,3339400,MDT,0.5743914077843915,89.10599975585937,87.63150024414062
2017-06-29,69.44367218017578,88.70999908447266,89.38999938964844,88.12000274658203,89.37999725341797,2888000,MDT,-0.6606987089834648,89.03000030517578,87.76300010681152
2017-06-30,69.47500610351562,88.75,89.16999816894531,88.56999969482422,88.75,3827900,MDT,0.04509177763518668,88.94000091552735,87.90950012207031
2017-07-03,69.52196502685547,88.80999755859375,89.19999694824219,88.75,88.80000305175781,2006700,MDT,0.06760288292253502,88.87200012207032,88.0525001525879
2017-07-05,69.95475769042969,88.9000015258789,89.0999984741211,88.27999877929688,88.5199966430664,2892100,MDT,0.10134440914242315,88.89400024414063,88.19750022888184
2017-07-06,68.66426849365234,87.26000213623047,88.9800033569336,87.26000213623047,88.69999694824219,3884900,MDT,-1.844768685601239,88.48600006103516,88.26150016784668
2017-07-07,69.2150650024414,87.95999908447266,88.0999984741211,87.4000015258789,87.6500015258789,2918100,MDT,0.8021968039255256,88.33600006103515,88.3625
2017-07-10,68.61705017089844,87.19999694824219,88.0,87.05000305175781,87.86000061035156,3062100,MDT,-0.8640315417700273,88.0259994506836,88.39699974060059
2017-07-11,68.66426849365234,87.26000213623047,87.41000366210938,86.68000030517578,87.05000305175781,2792900,MDT,0.06881329138566095,87.71600036621093,88.37849998474121
2017-07-12,69.09705352783203,87.80999755859375,88.25,87.4000015258789,87.75,2128400,MDT,0.6302949907159405,87.49799957275391,88.40900001525878
2017-07-13,69.09705352783203,87.80999755859375,88.0,87.30000305175781,87.93000030517578,2306300,MDT,0.0,87.60799865722656,88.41699981689453
2017-07-14,69.6950912475586,88.56999969482422,88.81999969482422,87.66000366210938,87.80999755859375,2257800,MDT,0.8655075246111199,87.72999877929688,88.46249961853027
2017-07-17,67.719970703125,86.05999755859375,88.79000091552734,85.83999633789062,88.56999969482422,9555300,MDT,-2.833919097751947,87.50199890136719,88.36149940490722
2017-07-18,67.55473327636719,85.8499984741211,86.43000030517578,85.77999877929688,86.0,5505700,MDT,-0.24401474602608886,87.21999816894531,88.20449943542481
2017-07-19,67.3973617553711,85.6500015258789,86.13999938964844,85.45999908447266,85.9800033569336,4597000,MDT,-0.23296092230272736,86.78799896240234,88.04599952697754
2017-07-20,67.4130859375,85.66999816894531,86.08999633789062,85.51000213623047,85.91000366210938,4381500,MDT,0.02334692669021532,86.35999908447266,87.88999938964844
2017-07-21,67.01966094970703,85.16999816894531,85.94999694824219,84.94000244140625,85.66999816894531,3523200,MDT,-0.5836348904945443,85.67999877929688,87.69399948120117
2017-07-24,66.95669555664062,85.08999633789062,85.30999755859375,84.70999908447266,85.20999908447266,4096000,MDT,-0.09393193938550537,85.48599853515626,87.48849945068359
2017-07-25,67.61767578125,85.93000030517578,86.01000213623047,85.02999877929688,85.4000015258789,5256300,MDT,0.9871947390261093,85.50199890136719,87.32749938964844
2017-07-26,67.46817016601562,85.73999786376953,86.27999877929688,85.38999938964844,85.81999969482422,3331600,MDT,-0.2211130463533828,85.5199981689453,87.17499923706055
2017-07-27,66.6340560913086,84.68000030517578,85.86000061035156,84.33000183105469,85.86000061035156,5244900,MDT,-1.2362929612827367,85.3219985961914,86.94399909973144
2017-07-28,66.32720184326172,84.29000091552734,84.80999755859375,84.16999816894531,84.56999969482422,4550800,MDT,-0.460556670102652,85.14599914550782,86.72299919128417
2017-07-31,66.07538604736328,83.97000122070312,84.68000030517578,83.91999816894531,84.5,5452200,MDT,-0.3796413469551507,84.92200012207032,86.48399925231934
2017-08-01,65.7212905883789,83.5199966430664,84.37999725341797,83.48999786376953,84.11000061035156,5356100,MDT,-0.5359111243239623,84.43999938964843,86.21949920654296
2017-08-02,65.46944427490234,83.19999694824219,83.61000061035156,82.9800033569336,83.5199966430664,4909500,MDT,-0.3831414124593202,83.93199920654297,85.93449897766114
2017-08-03,65.54029083251953,83.29000091552734,83.48999786376953,82.83000183105469,82.95999908447266,5944300,MDT,0.10817784926260288,83.65399932861328,85.73599891662597
2017-08-04,65.84718322753906,83.68000030517578,83.95999908447266,83.2300033569336,83.54000091552734,3414700,MDT,0.4682427486631724,83.53199920654296,85.52199897766113
2017-08-07,66.39012145996094,84.37000274658203,84.55000305175781,83.69999694824219,83.7699966430664,3647600,MDT,0.8245727042182738,83.61199951171875,85.38049926757813
2017-08-08,65.96522521972656,83.83000183105469,84.52999877929688,83.66999816894531,84.29000091552734,3825300,MDT,-0.6400389924714367,83.6740005493164,85.20899925231933
2017-08-09,66.05961608886719,83.94999694824219,84.0199966430664,83.51000213623047,83.75,3519300,MDT,0.14314101701837778,83.82400054931641,85.01599922180176
2017-08-10,65.34357452392578,83.04000091552734,83.86000061035156,83.0199966430664,83.58000183105469,3495800,MDT,-1.0839738722991044,83.77400054931641,84.77749938964844
2017-08-11,65.87078094482422,83.70999908447266,84.23999786376953,83.08999633789062,83.31999969482422,4302200,MDT,0.8068378631484796,83.78000030517578,84.53449935913086
2017-08-14,66.46883392333984,84.47000122070312,85.06999969482422,84.05000305175781,84.05000305175781,3346800,MDT,0.9078988705561342,83.8,84.45499954223632
2017-08-15,66.563232421875,84.58999633789062,85.01000213623047,84.41999816894531,84.58000183105469,2766000,MDT,0.14205648804712645,83.95199890136719,84.39199943542481
2017-08-16,66.57112884521484,84.5999984741211,84.91999816894531,84.54000091552734,84.83000183105469,4376200,MDT,0.011824254242220889,84.08199920654297,84.33949928283691
2017-08-17,65.83932495117188,83.66999816894531,84.8499984741211,83.63999938964844,84.4800033569336,3789000,MDT,-1.099291160696969,84.20799865722657,84.23949928283692
2017-08-18,65.63472747802734,83.41000366210938,83.80999755859375,83.12000274658203,83.31999969482422,4441000,MDT,-0.31073803337602346,84.1479995727539,84.15149955749511
2017-08-21,65.7212905883789,83.5199966430664,84.0199966430664,82.94000244140625,83.33000183105469,4691500,MDT,0.13187025072269876,83.95799865722657,84.0729995727539
2017-08-22,64.33634948730469,81.76000213623047,82.1500015258789,81.0,81.45999908447266,9382100,MDT,-2.10727320112033,83.39199981689453,83.86449966430663
2017-08-23,62.75468826293945,79.75,81.56999969482422,79.44999694824219,81.31999969482422,8667500,MDT,-2.458417421371095,82.42200012207032,83.56499977111817
2017-08-24,62.35336685180664,79.23999786376953,80.0999984741211,79.11000061035156,79.69000244140625,7365000,MDT,-0.6395011112607762,81.53600006103515,83.29299964904786
2017-08-25,62.21171569824219,79.05999755859375,79.8499984741211,79.02999877929688,79.41999816894531,4231200,MDT,-0.22715839226199463,80.66599884033204,83.03149948120117
2017-08-28,62.6287956237793,79.58999633789062,79.87000274658203,79.4000015258789,79.56999969482422,4900800,MDT,0.6703754055950695,79.87999877929687,82.81249923706055
2017-08-29,62.73110580444336,79.72000122070312,79.9000015258789,79.0199966430664,79.36000061035156,4130900,MDT,0.16334324512414788,79.47199859619141,82.62249946594238
2017-08-30,62.84125518798828,79.86000061035156,79.91999816894531,79.33999633789062,79.69999694824219,3725800,MDT,0.17561388297129277,79.49399871826172,82.45549964904785
2017-08-31,63.439292907714844,80.62000274658203,80.72000122070312,79.80000305175781,80.0,5661900,MDT,0.951668082171242,79.76999969482422,82.32199974060059
2017-09-01,62.990760803222656,80.05000305175781,80.75,79.87999725341797,80.69999694824219,3133400,MDT,-0.7070201878011995,79.96800079345704,82.14049987792968
2017-09-05,62.80977249145508,79.81999969482422,80.4000015258789,79.56999969482422,79.87999725341797,3255800,MDT,-0.2873246073268443,80.01400146484374,81.91299972534179
2017-09-06,62.84913635253906,79.87000274658203,80.08000183105469,79.36000061035156,79.91999816894531,3784000,MDT,0.06264476565895905,80.04400177001953,81.71499977111816
2017-09-07,62.91205978393555,79.94999694824219,80.27999877929688,79.70999908447266,79.91999816894531,3387000,MDT,0.10015550132629336,80.06200103759765,81.51499977111817
2017-09-08,64.54881286621094,82.02999877929688,82.4800033569336,79.9000015258789,79.9000015258789,7881000,MDT,2.6016284058162364,80.34400024414063,81.46449966430664
2017-09-11,64.1789779663086,81.55999755859375,82.5,81.19000244140625,82.25,5854100,MDT,-0.5729626084326478,80.64599914550782,81.3569995880127
2017-09-12,64.76128387451172,82.30000305175781,82.36000061035156,81.08999633789062,81.5,4073500,MDT,0.907314265957937,81.14199981689453,81.24849967956543
2017-09-13,64.4701156616211,81.93000030517578,82.44999694824219,81.69999694824219,82.12999725341797,4795100,MDT,-0.4495780472199229,81.55399932861329,81.1154998779297
2017-09-14,64.36781311035156,81.80000305175781,81.93000030517578,81.06999969482422,81.87999725341797,4461900,MDT,-0.15866868416178903,81.9240005493164,80.97550010681152
2017-09-15,64.61962890625,82.12000274658203,82.13999938964844,81.37999725341797,81.62999725341797,9563400,MDT,0.3911976563396147,81.94200134277344,80.89800033569335
2017-09-18,64.83995819091797,82.4000015258789,82.54000091552734,81.75,82.37000274658203,4162500,MDT,0.3409629443887674,82.11000213623046,80.84750022888184
2017-09-19,63.887813568115234,81.19000244140625,82.73999786376953,81.12999725341797,82.6500015258789,5584800,MDT,-1.4684454636722744,81.88800201416015,80.73100051879882
2017-09-20,63.07732009887695,80.16000366210938,81.51000213623047,79.33999633789062,81.19000244140625,6384400,MDT,-1.2686275998577634,81.53400268554688,80.65100059509277
2017-09-21,62.58155822753906,79.52999877929688,80.55000305175781,79.5,80.13999938964844,4822000,MDT,-0.785934199140137,81.08000183105469,80.64000053405762
2017-09-22,62.715335845947266,79.69999694824219,79.88999938964844,79.11000061035156,79.4800033569336,4593200,MDT,0.21375351635182227,80.59600067138672,80.66300048828126
2017-09-25,61.590084075927734,78.2699966430664,79.58999633789062,77.9000015258789,79.48999786376953,7151300,MDT,-1.7942288079439095,79.76999969482422,80.62350044250488
2017-09-26,61.66879653930664,78.37000274658203,78.87999725341797,78.06999969482422,78.25,4791000,MDT,0.12777067561620115,79.20599975585938,80.56250076293945
2017-09-27,61.251712799072266,77.83999633789062,78.87000274658203,77.44999694824219,78.66999816894531,4801700,MDT,-0.6762873422439974,78.74199829101562,80.46850051879883
2017-09-28,61.512939453125,77.70999908447266,77.91000366210938,77.16999816894531,77.69999694824219,5536500,MDT,-0.16700572910316458,78.37799835205078,80.36100044250489
2017-09-29,61.560428619384766,77.7699966430664,78.01000213623047,77.55000305175781,77.66000366210938,6186200,MDT,0.07720699948603471,77.99199829101562,80.2185001373291
2017-10-02,61.78206253051758,78.05000305175781,78.2300033569336,77.5,78.05999755859375,4312900,MDT,0.3600442597117892,77.9479995727539,80.11850013732911
2017-10-03,61.82957077026367,78.11000061035156,78.19999694824219,77.58000183105469,78.18000030517578,5866600,MDT,0.07687066783836904,77.89599914550782,80.03300018310547
2017-10-04,62.241188049316406,78.62999725341797,78.9000015258789,78.19999694824219,78.25,5735200,MDT,0.6657235168392672,78.05399932861329,79.97099990844727
2017-10-05,62.93776321411133,79.51000213623047,79.86000061035156,79.0,79.37000274658203,6323200,MDT,1.1191719617849039,78.41399993896485,79.94900016784668
2017-10-06,63.17521667480469,79.80999755859375,79.80999755859375,79.26000213623047,79.56999969482422,3248500,MDT,0.37730526261245956,78.8220001220703,79.83800010681152
2017-10-09,60.89552688598633,76.93000030517578,78.26000213623047,76.5199966430664,77.80000305175781,12760100,MDT,-3.6085670235781797,78.5979995727539,79.60650024414062
2017-10-10,61.18047332763672,77.29000091552734,77.37999725341797,76.91000366210938,76.94999694824219,7244100,MDT,0.467958675319724,78.43399963378906,79.3560001373291
2017-10-11,61.93246078491211,78.23999786376953,78.4800033569336,77.08000183105469,77.08000183105469,6442300,MDT,1.229133053421072,78.35599975585937,79.17150001525879
2017-10-12,61.679168701171875,77.91999816894531,77.95999908447266,77.0999984741211,77.72000122070312,8427000,MDT,-0.4089975761264686,78.03799896240234,78.97749977111816
2017-10-13,61.797916412353516,78.06999969482422,78.2300033569336,77.45999908447266,77.88999938964844,5442000,MDT,0.19250709625746598,77.68999938964843,78.77499961853027
2017-10-16,61.5287971496582,77.7300033569336,78.44000244140625,77.70999908447266,78.02999877929688,5392200,MDT,-0.43550190754408913,77.85,78.541499710083
2017-10-17,61.74249267578125,78.0,78.23999786376953,77.38999938964844,77.76000213623047,3809600,MDT,0.3473518994031144,77.99199981689453,78.38199958801269
2017-10-18,62.20952606201172,78.58999633789062,78.88999938964844,77.91000366210938,78.0,4613200,MDT,0.7564055613982434,78.06199951171875,78.30349922180176
2017-10-19,62.12246322631836,78.4800033569336,78.98999786376953,78.44000244140625,78.56999969482422,2765000,MDT,-0.1399579922158667,78.1740005493164,78.2509994506836
2017-10-20,62.01162338256836,78.33999633789062,78.87999725341797,78.16999816894531,78.7699966430664,4173800,MDT,-0.1783983346766771,78.22799987792969,78.18299942016601
2017-10-23,62.54989242553711,79.0199966430664,79.25,78.33999633789062,78.72000122070312,4811600,MDT,0.8680116632158841,78.48599853515626,78.22049942016602
2017-10-24,62.26493835449219,78.66000366210938,79.19999694824219,78.44000244140625,79.11000061035156,4462300,MDT,-0.45557200234153106,78.61799926757813,78.23499946594238
2017-10-25,62.69237518310547,79.19999694824219,79.30999755859375,78.23999786376953,78.58000183105469,4906500,MDT,0.6864902885746149,78.73999938964843,78.30299949645996
2017-10-26,63.673946380615234,80.44000244140625,80.72000122070312,78.86000061035156,78.9000015258789,7331100,MDT,1.5656635617983916,79.13199920654297,78.43949966430664
2017-10-27,64.35469818115234,81.30000305175781,81.69000244140625,80.69999694824219,80.88999938964844,7744000,MDT,1.0691205671929271,79.7240005493164,78.61599998474121
2017-10-30,63.745174407958984,80.52999877929688,81.05999755859375,79.5,81.04000091552734,5993800,MDT,-0.9471146907223726,80.0260009765625,78.73999977111816
2017-10-31,63.737239837646484,80.5199966430664,80.80999755859375,80.13999938964844,80.47000122070312,4612000,MDT,-0.012420385424172231,80.3979995727539,78.86049957275391
2017-11-01,63.57101821899414,80.30999755859375,81.16000366210938,80.01000213623047,80.41999816894531,5136500,MDT,-0.2608036428560112,80.61999969482422,78.94449958801269
2017-11-02,61.639591217041016,77.87000274658203,80.58000183105469,77.16999816894531,80.30000305175781,10276700,MDT,-3.0382205032835508,80.10599975585937,78.86249961853028
2017-11-03,62.08286666870117,78.43000030517578,78.70999908447266,77.05999755859375,77.62000274658203,6936600,MDT,0.7191441361780848,79.53199920654296,78.79349975585937
2017-11-06,61.497127532958984,77.69000244140625,78.48999786376953,77.62999725341797,78.45999908447266,4027000,MDT,-0.9435137841261709,78.96399993896485,78.8314998626709
2017-11-07,61.75040054321289,78.01000213623047,78.19000244140625,77.6500015258789,77.9000015258789,3655100,MDT,0.41189301682100776,78.46200103759766,78.86749992370605
2017-11-08,61.592098236083984,77.80999755859375,78.16000366210938,77.22000122070312,78.16000366210938,4468000,MDT,-0.25638324850632,77.96200103759766,78.84599990844727
2017-11-09,63.96681213378906,80.80999755859375,81.12000274658203,79.45999908447266,80.13999938964844,8803500,MDT,3.855545680670258,78.55,78.9904998779297
2017-11-10,62.795291900634766,79.33000183105469,80.47000122070312,78.30999755859375,80.4000015258789,6416400,MDT,-1.8314512711944397,78.73000030517578,79.05349998474121
2017-11-13,62.69237518310547,79.19999694824219,79.41999816894531,78.26000213623047,79.27999877929688,4013700,MDT,-0.16387858289650392,79.03199920654296,79.12699966430664
2017-11-14,62.66072463989258,79.16000366210938,79.37000274658203,78.62999725341797,78.94000244140625,2701100,MDT,-0.0504965753457598,79.26199951171876,79.18499984741212
2017-11-15,62.280757904052734,78.68000030517578,79.13999938964844,78.62000274658203,79.0,4145400,MDT,-0.6063710645876963,79.43600006103516,79.18950004577637
2017-11-16,62.739864349365234,79.26000213623047,79.68000030517578,78.97000122070312,79.0199966430664,4763500,MDT,0.7371655170374192,79.1260009765625,79.2284999847412
2017-11-17,62.92193603515625,79.48999786376953,80.08999633789062,78.73999786376953,78.83000183105469,7098000,MDT,0.2901788056272725,79.15800018310547,79.28600006103515
2017-11-20,62.45491409301758,78.9000015258789,79.72000122070312,78.88999938964844,79.37999725341797,7446700,MDT,-0.7422271402016678,79.0980010986328,79.28000030517578
2017-11-21,65.43122863769531,82.66000366210938,84.11000061035156,82.5,83.0,11004000,MDT,4.765528597609969,79.79800109863281,79.48000030517578
2017-11-22,65.17790985107422,82.33999633789062,82.97000122070312,82.05000305175781,82.76000213623047,5303300,MDT,-0.38713683769825424,80.53000030517578,79.6370002746582
2017-11-24,65.89825439453125,83.25,83.5,82.61000061035156,82.69000244140625,3165600,MDT,1.1051781668474758,81.32799987792968,79.77750015258789
2017-11-27,64.4417724609375,81.41000366210938,83.54000091552734,81.05999755859375,83.26000213623047,6346500,MDT,-2.2102058112800305,81.71200103759766,79.78300018310547
2017-11-28,65.27291870117188,82.45999908447266,82.58000183105469,81.36000061035156,81.66999816894531,5773700,MDT,1.2897621608288556,82.4240005493164,79.87950019836425
2017-11-29,64.99583435058594,82.11000061035156,82.9800033569336,81.97000122070312,82.30999755859375,3945500,MDT,-0.42444637158260967,82.31399993896484,79.95900039672851
2017-11-30,65.01166534423828,82.12999725341797,82.77999877929688,82.04000091552734,82.66000366210938,5663900,MDT,0.024353480596484012,82.27200012207031,80.05000038146973
2017-12-01,64.33092498779297,81.2699966430664,82.56999969482422,80.61000061035156,82.45999908447266,5992800,MDT,-1.0471211970188743,81.8759994506836,80.22000007629394
2017-12-04,63.22273254394531,79.87000274658203,81.37000274658203,79.73999786376953,81.31999969482422,8687800,MDT,-1.7226454464284946,81.56799926757813,80.29200019836426
2017-12-05,64.05387115478516,80.91999816894531,81.47000122070312,79.56999969482422,79.56999969482422,5392200,MDT,1.3146305073943543,81.25999908447265,80.45349998474121
2017-12-06,64.51301574707031,81.5,81.80000305175781,80.91999816894531,81.56999969482422,5192100,MDT,0.7167595701667695,81.13799896240235,80.62799987792968
2017-12-07,63.776824951171875,80.56999969482422,82.08999633789062,80.29000091552734,81.61000061035156,5497500,MDT,-1.1411046689273396,80.8259994506836,80.76599998474121
2017-12-08,64.172607421875,81.06999969482422,81.12000274658203,80.54000091552734,80.91999816894531,4106400,MDT,0.6205783813998389,80.78600006103515,80.77900009155273
2017-12-11,64.33092498779297,81.2699966430664,81.54000091552734,80.8499984741211,81.19999694824219,3501400,MDT,0.2466966189651476,81.06599884033203,80.87599983215333
2017-12-12,64.90878295898438,82.0,82.69000244140625,81.80000305175781,82.48999786376953,4966500,MDT,0.8982446008207967,81.28199920654296,81.01599998474121
2017-12-13,64.84545135498047,81.91999816894531,82.16000366210938,81.52999877929688,81.80000305175781,4473300,MDT,-0.0975632086032796,81.36599884033203,81.15399971008301
2017-12-14,64.77422332763672,81.83000183105469,82.4800033569336,81.72000122070312,81.94999694824219,5000700,MDT,-0.10985881335717762,81.61799926757813,81.31149978637696
2017-12-15,66.09613037109375,83.5,83.69999694824219,82.44000244140625,82.44000244140625,9813100,MDT,2.0408140432321753,82.10399932861328,81.52349967956543
2017-12-18,66.04071807861328,83.43000030517578,83.77999877929688,83.08000183105469,83.61000061035156,5204200,MDT,-0.08383196984936836,82.53600006103515,81.72049980163574
2017-12-19,64.94046783447266,82.04000091552734,84.11000061035156,82.0,83.72000122070312,5096500,MDT,-1.6660666241927413,82.54400024414062,81.87749977111817
2017-12-20,64.41801452636719,81.37999725341797,82.97000122070312,81.29000091552734,82.38999938964844,3769400,MDT,-0.8044900716041581,82.43600006103516,81.8134994506836
2017-12-21,64.4971694946289,81.4800033569336,82.45999908447266,81.36000061035156,81.54000091552734,4051200,MDT,0.12288781874028043,82.36600036621094,81.77049980163574
2017-12-22,64.54464721679688,81.54000091552734,81.95999908447266,81.2699966430664,81.55999755859375,3187500,MDT,0.07363470314418752,81.9740005493164,81.68499984741212
2017-12-26,64.48925018310547,81.47000122070312,81.87999725341797,81.38999938964844,81.56999969482422,1922500,MDT,-0.085847061611799,81.58200073242188,81.6879997253418
2017-12-27,64.71880340576172,81.76000213623047,81.93000030517578,81.44000244140625,81.62999725341797,2463100,MDT,0.35596036722980173,81.5260009765625,81.65299987792969
2017-12-28,64.7506332397461,81.33999633789062,81.58000183105469,81.08000183105469,81.33000183105469,2859800,MDT,-0.5137057086177954,81.51800079345703,81.61449966430663
2017-12-29,64.28097534179688,80.75,81.80000305175781,80.7300033569336,81.58000183105469,3259900,MDT,-0.7253459115485472,81.37200012207032,81.54549980163574
2018-01-02,65.4432144165039,82.20999908447266,82.69000244140625,81.94999694824219,82.16000366210938,4783500,MDT,1.8080484018237142,81.50599975585938,81.59249992370606
2018-01-03,66.804443359375,83.91999816894531,84.81999969482422,82.16999816894531,82.19999694824219,6879100,MDT,2.080037834224502,81.99599914550781,81.79499969482421
2018-01-04,66.96365356445312,84.12000274658203,84.9000015258789,83.13999938964844,84.44999694824219,5943200,MDT,0.23832767159273072,82.46799926757812,81.95499992370605
2018-01-05,68.09403991699219,85.54000091552734,85.73999786376953,84.01000213623047,84.52999877929688,7428500,MDT,1.6880624376858,83.30800018310546,82.15699996948243
2018-01-08,68.0701904296875,85.51000213623047,85.69000244140625,85.20999908447266,85.5,6117600,MDT,-0.0350698842363828,84.26000061035157,82.40400009155273
2018-01-09,68.36471557617188,85.87999725341797,86.75,85.66000366210938,85.86000061035156,6099900,MDT,0.4326922090331031,84.99400024414062,82.64449996948242
2018-01-10,68.05425262451172,85.48999786376953,85.98999786376953,84.5199966430664,85.55000305175781,3575300,MDT,-0.4541213345613082,85.30800018310546,82.85550003051758
2018-01-11,68.24530792236328,85.7300033569336,85.94000244140625,85.08000183105469,85.94000244140625,3930300,MDT,0.2807410213607975,85.63000030517578,83.04200019836426
2018-01-12,68.02238464355469,85.44999694824219,85.98999786376953,85.30000305175781,85.8499984741211,5085900,MDT,-0.3266142514022907,85.61199951171875,83.2185001373291
2018-01-16,67.91891479492188,85.31999969482422,86.12999725341797,84.87000274658203,85.58000183105469,5428200,MDT,-0.15213254307862023,85.5739990234375,83.39300003051758
2018-01-17,68.54779052734375,86.11000061035156,86.44999694824219,85.44000244140625,85.87999725341797,5449000,MDT,0.9259270022890842,85.61999969482422,83.52350006103515
2018-01-18,69.46324920654297,87.26000213623047,87.93000030517578,85.94999694824219,86.16000366210938,7328600,MDT,1.3355028657852097,85.9740005493164,83.71500015258789
2018-01-19,69.00154876708984,86.68000030517578,87.9000015258789,86.02999877929688,87.58000183105469,7314800,MDT,-0.6646823479893871,86.16399993896485,83.9470001220703
2018-01-22,68.50003814697266,86.05000305175781,86.56999969482422,85.4000015258789,86.41999816894531,5926900,MDT,-0.7268080886016715,86.28400115966797,84.18050041198731
2018-01-23,67.8472671508789,85.2300033569336,86.22000122070312,84.9800033569336,86.22000122070312,4962300,MDT,-0.9529339520546021,86.26600189208985,84.36800041198731
2018-01-24,68.26917266845703,85.76000213623047,86.12999725341797,85.16000366210938,85.83000183105469,5680200,MDT,0.6218453108318034,86.19600219726563,84.57900047302246
2018-01-25,69.11299896240234,86.81999969482422,86.9800033569336,85.66000366210938,85.98999786376953,3947800,MDT,1.2360045851094181,86.10800170898438,84.84650039672852
2018-01-26,69.35179901123047,87.12000274658203,87.18000030517578,86.36000061035156,86.86000061035156,3815100,MDT,0.34554601798242324,86.19600219726563,85.1145004272461
2018-01-29,69.03340148925781,86.72000122070312,87.30000305175781,86.31999969482422,86.8499984741211,3804900,MDT,-0.45913855976617013,86.33000183105469,85.38350067138671
2018-01-30,68.42839813232422,85.95999908447266,86.72000122070312,85.75,85.93000030517578,3881700,MDT,-0.8763862148666868,86.4760009765625,85.64400062561035
2018-01-31,68.3726577758789,85.88999938964844,86.5,85.62000274658203,86.33000183105469,5258300,MDT,-0.08143287060232707,86.50200042724609,85.82800064086913
2018-02-01,67.64826965332031,84.9800033569336,85.68000030517578,84.62999725341797,85.37999725341797,4201600,MDT,-1.0594900910250948,86.13400115966797,85.88100090026856
2018-02-02,67.22637176513672,84.44999694824219,85.25,84.36000061035156,84.66999816894531,5564500,MDT,-0.6236836758705122,85.6,85.89750061035156
2018-02-05,64.81431579589844,81.41999816894531,84.58000183105469,80.91999816894531,84.06999969482422,7237200,MDT,-3.587920531428679,84.53999938964844,85.69150047302246
2018-02-06,65.01335144042969,81.66999816894531,82.05999755859375,79.08999633789062,80.05999755859375,10190000,MDT,0.3070498718032999,83.68199920654297,85.4995002746582
2018-02-07,64.75859832763672,81.3499984741211,82.95999908447266,81.29000091552734,81.4000015258789,5929900,MDT,-0.39182037712582884,82.7739990234375,85.27300033569335
2018-02-08,62.39434814453125,78.37999725341797,81.51000213623047,78.3499984741211,81.33000183105469,7346100,MDT,-3.65089277985412,81.45399780273438,84.91750030517578
2018-02-09,63.27001953125,79.4800033569336,80.08000183105469,77.55999755859375,78.87999725341797,6061800,MDT,1.4034270758636058,80.45999908447266,84.60500030517578
2018-02-12,63.874977111816406,80.23999786376953,80.75,79.25,79.70999908447266,4314100,MDT,0.9562084483349942,80.2239990234375,84.34450035095215
2018-02-13,63.85906219482422,80.22000122070312,80.58999633789062,79.3499984741211,79.8499984741211,4574600,MDT,-0.024921041374348363,79.93399963378906,84.0895004272461
2018-02-14,65.16458892822266,81.86000061035156,82.05999755859375,79.62999725341797,79.72000122070312,5000000,MDT,2.044377168652023,80.03600006103515,83.87700042724609
2018-02-15,66.02433776855469,82.94000244140625,82.9800033569336,81.94999694824219,82.41000366210938,4002000,MDT,1.3193279049623197,80.94800109863282,83.66100044250489
2018-02-16,66.31885528564453,83.30999755859375,83.76000213623047,82.12000274658203,82.80000305175781,6863500,MDT,0.44609971822568983,81.71399993896485,83.49250030517578
2018-02-20,64.965576171875,81.61000061035156,83.37000274658203,80.87000274658203,83.13999938964844,11125900,MDT,-2.04056775664474,81.98800048828124,83.27050018310547
2018-02-21,64.25711059570312,80.72000122070312,81.69999694824219,80.22000122070312,81.43000030517578,6805700,MDT,-1.0905518723100527,82.08800048828125,83.04500007629395
2018-02-22,64.01033782958984,80.41000366210938,81.80999755859375,80.20999908447266,80.91000366210938,4528200,MDT,-0.3840405771875055,81.79800109863281,82.77750015258789
2018-02-23,63.9943733215332,80.38999938964844,81.19999694824219,79.88999938964844,80.94999694824219,5174100,MDT,-0.024877840504766713,81.28800048828126,82.4560001373291
2018-02-26,65.6103744506836,82.41999816894531,82.4800033569336,80.31999969482422,81.4000015258789,6201200,MDT,2.5251882009073245,81.11000061035156,82.22099990844727
2018-02-27,64.67103576660156,81.23999786376953,82.69000244140625,81.06999969482422,82.62000274658203,5179400,MDT,-1.43169173912987,81.03600006103515,81.94699974060059
2018-02-28,63.59638595581055,79.88999938964844,81.61000061035156,79.83999633789062,81.5199966430664,6712100,MDT,-1.6617411492118594,80.86999969482422,81.64349975585938
2018-03-01,62.330650329589844,78.30000305175781,79.83000183105469,77.7699966430664,79.79000091552734,7946100,MDT,-1.9902320065565582,80.4479995727539,81.26399993896484
2018-03-02,62.35453796386719,78.33000183105469,78.5,77.69000244140625,77.9000015258789,5695900,MDT,0.038312615744140466,80.03600006103515,80.9314998626709
2018-03-05,63.47696304321289,79.73999786376953,80.04000091552734,77.75,77.8499984741211,5371700,MDT,1.8000714920905825,79.5,80.69599990844726
2018-03-06,64.01033782958984,80.41000366210938,80.61000061035156,79.83999633789062,80.01000213623047,5338300,MDT,0.8402380440045931,79.33400115966796,80.64550018310547
2018-03-07,64.5834732055664,81.12999725341797,81.31999969482422,79.62999725341797,79.79000091552734,6040200,MDT,0.895403007732809,79.58200073242188,80.61850013732911
2018-03-08,65.4432144165039,82.20999908447266,82.25,81.27999877929688,81.33000183105469,6434600,MDT,1.3311991465760675,80.36399993896484,80.66150016784668
2018-03-09,66.19149017333984,83.1500015258789,83.38999938964844,82.36000061035156,82.44000244140625,4659200,MDT,1.143416192524671,81.32799987792968,80.90000038146972
2018-03-12,66.31090545654297,83.30000305175781,83.72000122070312,83.0,83.26000213623047,4218700,MDT,0.18039870490227372,82.04000091552734,81.09100036621093
2018-03-13,66.44622039794922,83.47000122070312,84.18000030517578,83.25,83.75,4678800,MDT,0.20407942703157822,82.6520004272461,81.25250053405762
2018-03-14,65.51484680175781,82.30000305175781,83.95999908447266,81.91000366210938,83.77999877929688,5182300,MDT,-1.4016989958484882,82.88600158691406,81.35650062561035
2018-03-15,65.2999267578125,82.02999877929688,82.51000213623047,81.66000366210938,82.38999938964844,3453700,MDT,-0.3280732229027139,82.85000152587891,81.36500053405761
2018-03-16,64.71084594726562,81.29000091552734,82.56999969482422,81.29000091552734,82.36000061035156,9386600,MDT,-0.9021063937359131,82.47800140380859,81.28250045776367
2018-03-19,63.78742218017578,80.12999725341797,81.62000274658203,79.38999938964844,81.27999877929688,4601300,MDT,-1.4269942785642198,81.84400024414063,81.12350044250488
2018-03-20,63.60433578491211,79.9000015258789,81.0,79.4000015258789,80.52999877929688,4267000,MDT,-0.28702824837455454,81.13000030517578,81.03800048828126
2018-03-21,63.71579360961914,80.04000091552734,80.7699966430664,79.76000213623047,79.9000015258789,4329400,MDT,0.1752182565391891,80.6779998779297,81.00400047302246
2018-03-22,62.562843322753906,78.13999938964844,79.80999755859375,78.0,79.16000366210938,4455900,MDT,-2.373814972696131,79.9,80.89050025939942
2018-03-23,61.289817810058594,76.55000305175781,78.5999984741211,76.41000366210938,78.20999908447266,6070300,MDT,-2.0348046459048974,78.95200042724609,80.69850044250488
2018-03-26,62.81905746459961,78.45999908447266,78.52999877929688,76.56999969482422,77.44000244140625,6635500,MDT,2.4950959589425947,78.61800079345703,80.50050048828125
2018-03-27,62.57884216308594,78.16000366210938,79.5,77.6500015258789,78.73999786376953,5458700,MDT,-0.3823546085442775,78.27000122070312,80.34650077819825
2018-03-28,62.81905746459961,78.45999908447266,79.25,78.26000213623047,78.38999938964844,5299700,MDT,0.38382217030104027,77.9540008544922,80.27500076293946
2018-03-29,64.22818756103516,80.22000122070312,80.91999816894531,78.77999877929688,79.26000213623047,6162300,MDT,2.243183987722963,78.37000122070313,80.37100067138672
2018-04-02,62.034400939941406,77.4800033569336,79.9000015258789,76.62000274658203,79.79000091552734,6409800,MDT,-3.4156043655885537,78.55600128173828,80.32850074768066
2018-04-03,62.73099899291992,78.3499984741211,78.55000305175781,77.27999877929688,77.76000213623047,4444000,MDT,1.1228640674931567,78.53400115966797,80.25900077819824
2018-04-04,63.027217864990234,78.72000122070312,78.94999694824219,76.91999816894531,77.23999786376953,4134600,MDT,0.47224346367311654,78.64600067138672,80.17450065612793
2018-04-05,63.811859130859375,79.69999694824219,80.08000183105469,78.69000244140625,79.0199966430664,4183500,MDT,1.2449132524674278,78.89400024414063,80.10300064086914
2018-04-06,62.162532806396484,77.63999938964844,79.81999969482422,77.12999725341797,79.19999694824219,5186000,MDT,-2.584689632963888,78.37799987792968,79.87450065612794
2018-04-09,62.81905746459961,78.45999908447266,79.63999938964844,77.87000274658203,78.2699966430664,4708400,MDT,1.0561562355364318,78.5739990234375,79.64000053405762
2018-04-10,63.48356246948242,79.29000091552734,79.69000244140625,78.77999877929688,79.12999725341797,4718300,MDT,1.0578662257707538,78.76199951171876,79.43950042724609
2018-04-11,62.92314147949219,78.58999633789062,79.27999877929688,78.25,78.62999725341797,3751500,MDT,-0.8828409251533165,78.73599853515626,79.19550018310547
2018-04-12,63.9239501953125,79.83999633789062,80.11000061035156,79.1500015258789,79.16000366210938,3571500,MDT,1.590533220825896,78.76399841308594,79.0724998474121
2018-04-13,63.707759857177734,79.56999969482422,80.23999786376953,79.12999725341797,80.16999816894531,3997200,MDT,-0.3381721636405821,79.14999847412109,78.94949989318847
2018-04-16,64.53243255615234,80.5999984741211,81.25,80.02999877929688,80.19000244140625,3628300,MDT,1.2944561810320998,79.57799835205078,78.91499977111816
2018-04-17,64.55646514892578,80.62999725341797,81.23999786376953,79.95999908447266,81.02999877929688,4611200,MDT,0.037219329857074435,79.8459976196289,78.93999977111817
2018-04-18,64.20418548583984,80.19000244140625,81.04000091552734,80.16999816894531,80.88999938964844,6131400,MDT,-0.5456961763607993,80.16599884033204,78.95449981689453
2018-04-19,64.05207061767578,80.0,80.5999984741211,79.63999938964844,80.19999694824219,3791900,MDT,-0.2369403112876589,80.1979995727539,78.95249977111817
2018-04-20,63.97199249267578,79.9000015258789,80.48999786376953,79.4800033569336,80.0999984741211,3690900,MDT,-0.12499809265136275,80.26399993896484,79.04049987792969
2018-04-23,64.06806182861328,80.0199966430664,80.44999694824219,79.81999969482422,80.1500015258789,2735900,MDT,0.15018162064568408,80.1479995727539,79.21399955749511
2018-04-24,63.54763412475586,79.37000274658203,80.56999969482422,78.56999969482422,80.5,4937200,MDT,-0.8122893323573965,79.89600067138672,79.25949974060059
2018-04-25,63.61970901489258,79.45999908447266,79.5,78.5199966430664,79.0199966430664,3935100,MDT,0.11338835174035111,79.75,79.32449951171876
2018-04-26,64.52442932128906,80.58999633789062,80.86000061035156,79.19999694824219,79.69999694824219,5155900,MDT,1.4220957292192749,79.86799926757813,79.43099937438964
2018-04-27,65.08488464355469,81.29000091552734,81.41000366210938,80.1500015258789,80.36000061035156,4191500,MDT,0.8685998380019821,80.14599914550782,79.48449935913087
2018-04-30,64.15613555908203,80.12999725341797,81.45999908447266,80.02999877929688,81.4000015258789,6071800,MDT,-1.4269942785642198,80.16799926757812,79.61699905395508
2018-05-01,64.86072540283203,81.01000213623047,81.02999877929688,79.5,79.5999984741211,2986700,MDT,1.0982215312318244,80.49599914550781,79.74999923706055
2018-05-02,63.98801040649414,79.91999816894531,80.79000091552734,79.7300033569336,80.7300033569336,4145500,MDT,-1.3455177614390745,80.58799896240234,79.80999908447265
2018-05-03,63.71578598022461,79.58000183105469,79.73999786376953,78.29000091552734,79.23999786376953,4534300,MDT,-0.42542085295333987,80.38600006103516,79.80399932861329
2018-05-04,64.916748046875,81.08000183105469,81.19000244140625,79.01000213623047,79.33000183105469,3563900,MDT,1.8848956590682642,80.34400024414063,79.97599945068359
2018-05-07,67.91118621826172,84.81999969482422,85.36000061035156,82.20999908447266,82.37999725341797,10825200,MDT,4.6127254308189425,81.28200073242188,80.29399948120117
2018-05-08,66.6141357421875,83.19999694824219,84.31999969482422,82.76000213623047,84.31999969482422,7132300,MDT,-1.9099301490340448,81.71999969482422,80.48949928283692
2018-05-09,67.30267333984375,84.05999755859375,84.33999633789062,82.43000030517578,83.33000183105469,4934200,MDT,1.033654617663693,82.54799957275391,80.76299934387207
2018-05-10,68.59977722167969,85.68000030517578,85.7699966430664,84.0199966430664,84.31999969482422,4728100,MDT,1.9271981841931574,83.76799926757812,81.05499954223633
2018-05-11,68.50365447998047,85.55999755859375,86.0,85.22000122070312,85.5999984741211,4021100,MDT,-0.14005922753805855,84.66399841308593,81.3544994354248
2018-05-14,69.00005340576172,86.18000030517578,86.33000183105469,85.01000213623047,85.51000213623047,4244500,MDT,0.7246409119605612,84.93599853515624,81.63349952697754
2018-05-15,67.55091094970703,84.37000274658203,85.72000122070312,83.9800033569336,85.58000183105469,4544900,MDT,-2.1002524392948363,85.16999969482421,81.82049980163575
2018-05-16,68.49568939208984,85.55000305175781,86.22000122070312,84.41999816894531,84.45999908447266,4058700,MDT,1.3986017147825436,85.46800079345704,82.08849983215332
2018-05-17,68.14336395263672,85.11000061035156,85.44000244140625,84.58999633789062,85.37000274658203,3542100,MDT,-0.5143219470606586,85.35400085449218,82.3439998626709
2018-05-18,67.76707458496094,84.63999938964844,84.91000366210938,84.0,84.7300033569336,4705500,MDT,-0.5522279606774649,85.17000122070313,82.58099975585938
2018-05-21,68.31151580810547,85.31999969482422,85.80999755859375,85.05000305175781,85.25,3747400,MDT,0.8034030128536873,84.99800109863281,82.84599990844727
2018-05-22,68.03128814697266,84.97000122070312,85.5999984741211,84.91000366210938,85.36000061035156,4593700,MDT,-0.4102185599777042,85.11800079345703,83.12599983215333
2018-05-23,68.26348114013672,85.26000213623047,86.18000030517578,84.51000213623047,84.54000091552734,5237600,MDT,0.3412980008957289,85.06000061035157,83.4159999847412
2018-05-24,69.6485824584961,86.98999786376953,88.6500015258789,86.0,86.3499984741211,8861000,MDT,2.0290824351315795,85.43600006103516,83.73600006103516
2018-05-25,69.09614562988281,86.30000305175781,88.26000213623047,85.7699966430664,86.98999786376953,4685500,MDT,-0.7931886756593398,85.76800079345703,83.98650016784669
2018-05-29,68.3675765991211,85.38999938964844,85.72000122070312,84.61000061035156,85.58000183105469,4539500,MDT,-1.054465388099246,85.78200073242188,84.2495002746582
2018-05-30,68.76789855957031,85.88999938964844,86.55999755859375,85.30999755859375,85.72000122070312,4236800,MDT,0.5855486632789564,85.96600036621093,84.49350013732911
2018-05-31,69.11215209960938,86.31999969482422,86.66999816894531,85.5,85.55999755859375,4816700,MDT,0.5006407128087753,86.1779998779297,84.81350021362304
2018-06-01,70.32117462158203,87.83000183105469,88.08000183105469,86.54000091552734,86.8499984741211,5438300,MDT,1.7493073929204517,86.34600067138672,85.22600021362305
2018-06-04,70.07292938232422,87.5199966430664,88.16999816894531,87.3499984741211,87.91999816894531,4507400,MDT,-0.3529604708247591,86.58999938964844,85.54799995422363
2018-06-05,69.38436126708984,86.66000366210938,87.87000274658203,86.11000061035156,87.22000122070312,5409700,MDT,-0.9826245588929194,86.84400024414063,85.64000015258789
2018-06-06,69.84878540039062,87.23999786376953,87.33999633789062,86.08000183105469,86.80000305175781,5424600,MDT,0.6692755332916578,87.11399993896484,85.84200019836426
2018-06-07,69.36038208007812,86.62999725341797,87.61000061035156,85.95999908447266,87.31999969482422,5350300,MDT,-0.6992212577814572,87.17599945068359,85.97050018310547
2018-06-08,69.80074310302734,87.18000030517578,87.30000305175781,86.51000213623047,86.69999694824219,4566600,MDT,0.6348875322584879,87.0459991455078,86.04550018310547
2018-06-11,69.3283462524414,86.58999633789062,87.05000305175781,86.04000091552734,86.91000366210938,4313000,MDT,-0.6767652732505569,86.85999908447266,86.09700012207031
2018-06-12,69.40840911865234,86.69000244140625,87.19999694824219,86.3499984741211,86.93000030517578,4311900,MDT,0.11549383040205807,86.86599884033203,86.12250022888183
2018-06-13,68.72783660888672,85.83999633789062,86.9000015258789,85.55999755859375,86.7300033569336,3735200,MDT,-0.980512261595734,86.58599853515625,86.19599990844726
2018-06-14,69.31233978271484,86.56999969482422,86.66000366210938,85.91999816894531,86.12000274658203,3756400,MDT,0.8504233318697985,86.5739990234375,86.24699974060059
2018-06-15,69.48046112060547,86.77999877929688,86.98999786376953,85.9000015258789,86.7300033569336,6532200,MDT,0.2425772036651841,86.49399871826172,86.33049964904785
2018-06-18,69.05611419677734,86.25,86.30000305175781,85.58999633789062,86.05999755859375,3002600,MDT,-0.6107384037245644,86.42599945068359,86.41099967956544
2018-06-19,69.34434509277344,86.61000061035156,86.80999755859375,85.3499984741211,85.55999755859375,4510200,MDT,0.41739201200181597,86.40999908447266,86.47549972534179
2018-06-20,68.96004486083984,86.12999725341797,86.66999816894531,85.83000183105469,86.45999908447266,4334200,MDT,-0.5542123929695775,86.46799926757812,86.53349952697754
2018-06-21,69.09614562988281,86.30000305175781,86.80000305175781,85.62999725341797,86.27999877929688,3404300,MDT,0.19738279781855717,86.41399993896485,86.5854995727539
2018-06-22,69.50447845458984,86.80999755859375,87.58000183105469,86.61000061035156,86.66000366210938,5406100,MDT,0.5909553752044161,86.41999969482421,86.57649955749511
2018-06-25,69.44844055175781,86.73999786376953,86.94999694824219,85.66999816894531,86.69999694824219,5242700,MDT,-0.08063552216663883,86.51799926757812,86.5984992980957
2018-06-26,69.54452514648438,86.86000061035156,87.33999633789062,86.36000061035156,86.72000122070312,8009500,MDT,0.138347647610626,86.56799926757813,86.67199935913087
2018-06-27,68.44760131835938,85.48999786376953,86.51000213623047,85.38999938964844,86.43000030517578,6347900,MDT,-1.5772538993267804,86.43999938964843,86.65199928283691
2018-06-28,69.12016296386719,86.33000183105469,86.54000091552734,85.3499984741211,85.5199966430664,3948400,MDT,0.9825757261378465,86.44599914550781,86.65249938964844
2018-06-29,68.54371643066406,85.61000061035156,86.68000030517578,84.58000183105469,84.68000030517578,5082500,MDT,-0.8340104314049968,86.20599975585938,86.54149932861328
2018-07-02,68.87996673583984,86.02999877929688,86.11000061035156,83.61000061035156,84.37999725341797,4677100,MDT,0.4905947505559727,86.06399993896484,86.46699943542481
2018-07-03,68.8399429321289,85.9800033569336,86.87000274658203,85.27999877929688,85.27999877929688,3002500,MDT,-0.05811394057035901,85.88800048828125,86.43299942016601
2018-07-05,69.18624114990234,85.91000366210938,86.0,85.30000305175781,85.38999938964844,3148800,MDT,-0.08141392427448713,85.97200164794921,86.366499710083
2018-07-06,69.76606750488281,86.62999725341797,87.02999877929688,85.58000183105469,85.80999755859375,3618100,MDT,0.8380788739579037,86.03200073242188,86.366499710083
2018-07-09,70.16875457763672,87.12999725341797,87.2300033569336,86.37999725341797,86.52999877929688,3476800,MDT,0.5771672813717821,86.33600006103515,86.36399955749512
2018-07-10,70.37814331054688,87.38999938964844,87.52999877929688,87.11000061035156,87.16999816894531,3489600,MDT,0.2984071438384861,86.60800018310547,86.40399971008301
2018-07-11,70.27342987060547,87.26000213623047,87.58000183105469,86.56999969482422,86.79000091552734,3858300,MDT,-0.1487552973176598,86.86399993896484,86.43249969482422
2018-07-12,70.76469421386719,87.87000274658203,87.97000122070312,86.9800033569336,87.48999786376953,3507200,MDT,0.69906096197343,87.25599975585938,86.53400001525878
2018-07-13,71.15930938720703,88.36000061035156,88.5999984741211,87.88999938964844,87.88999938964844,4441800,MDT,0.5576395225372677,87.6020004272461,86.62350006103516
2018-07-16,70.65193939208984,87.7300033569336,88.30000305175781,87.52999877929688,88.19999694824219,2833200,MDT,-0.7129891908852715,87.72200164794921,86.67100028991699
2018-07-17,71.1029281616211,88.29000091552734,88.83000183105469,87.7300033569336,87.87000274658203,5026700,MDT,0.6383193174122725,87.902001953125,86.77300033569335
2018-07-18,70.87744903564453,88.01000213623047,88.7699966430664,87.9000015258789,88.29000091552734,5015800,MDT,-0.3171353226791407,88.052001953125,86.8430004119873
2018-07-19,71.20761108398438,88.41999816894531,88.93000030517578,87.87999725341797,87.9000015258789,3975000,MDT,0.46585163363614956,88.16200103759766,86.95750045776367
2018-07-20,70.88549041748047,88.0199966430664,88.55000305175781,87.70999908447266,87.77999877929688,4313100,MDT,-0.4523880730178509,88.09400024414063,87.0435001373291
2018-07-23,71.3767318725586,88.62999725341797,88.7300033569336,87.44999694824219,87.58999633789062,2953900,MDT,0.6930250325107412,88.2739990234375,87.1345001220703
2018-07-24,71.60223388671875,88.91000366210938,89.19000244140625,88.52999877929688,88.81999969482422,3202900,MDT,0.3159273579697697,88.3979995727539,87.24300041198731
2018-07-25,72.26261138916016,89.7300033569336,89.94999694824219,88.6500015258789,88.6500015258789,3438100,MDT,0.9222805770433995,88.74199981689453,87.38650054931641
2018-07-26,71.88411712646484,89.26000213623047,90.04000091552734,89.12999725341797,89.94999694824219,3884900,MDT,-0.5237949438534284,88.91000061035156,87.57500076293945
2018-07-27,71.40091705322266,88.66000366210938,89.36000061035156,88.16999816894531,89.29000091552734,4486600,MDT,-0.6721918661903747,89.03800201416016,87.69150085449219
2018-07-30,71.73914337158203,89.08000183105469,89.33000183105469,88.51000213623047,88.70999908447266,4178000,MDT,0.47371774373703435,89.1280029296875,87.86500091552735
2018-07-31,72.66527557373047,90.2300033569336,90.3499984741211,88.87000274658203,89.36000061035156,6244300,MDT,1.2909760914239232,89.39200286865234,88.07500114440919
2018-08-01,72.67333984375,90.23999786376953,90.73999786376953,89.70999908447266,89.95999908447266,4810200,MDT,0.011076700059953204,89.49400177001954,88.28800086975097
2018-08-02,72.39146423339844,89.88999938964844,90.38999938964844,89.4800033569336,89.79000091552734,3395000,MDT,-0.38785292819871753,89.62000122070313,88.48700065612793
2018-08-03,72.86663055419922,90.4800033569336,90.5999984741211,89.56999969482422,89.80000305175781,2611000,MDT,0.6563621885540938,89.98400115966797,88.67950096130372
2018-08-06,72.95519256591797,90.58999633789062,90.8499984741211,90.06999969482422,90.3499984741211,2946100,MDT,0.12156606639714962,90.28600006103515,88.85250091552734
2018-08-07,73.16459655761719,90.8499984741211,91.0199966430664,90.25,90.63999938964844,3521700,MDT,0.2870097656927806,90.40999908447266,89.02550086975097
2018-08-08,73.13237762451172,90.80999755859375,91.2300033569336,90.43000030517578,90.80999755859375,4692300,MDT,-0.04402962707670266,90.5239990234375,89.20300064086913
2018-08-09,73.46256256103516,91.22000122070312,91.47000122070312,90.80999755859375,90.80999755859375,3852100,MDT,0.4514961712721366,90.78999938964844,89.3705005645752
2018-08-10,72.96324920654297,90.5999984741211,91.12999725341797,90.08000183105469,90.87000274658203,3444200,MDT,-0.6796785116040094,90.81399841308594,89.48250045776368
2018-08-13,73.07598876953125,90.73999786376953,91.41999816894531,90.29000091552734,90.5,5030300,MDT,0.15452471523873523,90.84399871826172,89.63300018310547
2018-08-14,73.32565307617188,91.05000305175781,91.5,90.63999938964844,90.69999694824219,3875300,MDT,0.3416411673865083,90.88399963378906,89.771000289917
2018-08-15,73.2773208618164,90.98999786376953,91.16000366210938,90.2300033569336,90.91000366210938,4082600,MDT,-0.06590355406597137,90.91999969482421,89.92000007629395
2018-08-16,73.36591339111328,91.0999984741211,91.37000274658203,90.83999633789062,91.2699966430664,4190300,MDT,0.12089307938687455,90.89599914550782,90.05400009155274
2018-08-17,72.96324920654297,90.5999984741211,91.33999633789062,90.41999816894531,91.29000091552734,8973200,MDT,-0.5488474296100443,90.89599914550782,90.18300018310546
2018-08-20,72.50421905517578,90.02999877929688,90.87999725341797,89.87000274658203,90.6500015258789,6630800,MDT,-0.6291387466049847,90.75399932861328,90.25300025939941
2018-08-21,76.64362335205078,95.16999816894531,95.79000091552734,93.0,94.0,14732400,MDT,5.709207441231712,91.57799835205078,90.56599998474121
2018-08-22,76.97380828857422,95.58000183105469,96.13999938964844,94.22000122070312,94.87000274658203,8582500,MDT,0.4308118839947195,92.49599914550781,90.85849990844727
2018-08-23,76.99797821044922,95.61000061035156,96.5,95.19999694824219,95.36000061035156,6545400,MDT,0.03138604176833315,93.3979995727539,91.17599983215332
2018-08-24,76.94965362548828,95.55000305175781,96.18000030517578,95.38999938964844,95.66000366210938,5332200,MDT,-0.06275238804596128,94.38800048828125,91.52049980163574
2018-08-27,76.86106872558594,95.44000244140625,95.91999816894531,95.05000305175781,95.61000061035156,5593300,MDT,-0.11512360736606331,95.47000122070312,91.83849983215332
2018-08-28,77.12684631347656,95.7699966430664,96.23999786376953,95.44000244140625,95.55000305175781,5151000,MDT,0.34576088979330066,95.59000091552734,92.11549949645996
2018-08-29,77.7872085571289,96.58999633789062,96.73999786376953,95.69999694824219,95.86000061035156,3809900,MDT,0.8562177337025023,95.79199981689453,92.43299942016601
2018-08-30,77.96437072753906,96.80999755859375,97.37999725341797,96.30999755859375,96.44000244140625,4523700,MDT,0.22776812200460128,96.03199920654296,92.77899932861328
2018-08-31,77.64225006103516,96.41000366210938,96.76000213623047,96.0,96.31999969482422,4239500,MDT,-0.41317416235061577,96.20399932861328,93.07549934387207
2018-09-04,76.95769500732422,95.55999755859375,96.69000244140625,95.30000305175781,96.56999969482422,4448600,MDT,-0.8816575782889302,96.22799835205078,93.32399940490723
2018-09-05,77.34428405761719,96.04000091552734,96.12000274658203,95.11000061035156,95.44999694824219,4451800,MDT,0.5023057442412382,96.28199920654296,93.58349952697753
2018-09-06,77.70667266845703,96.48999786376953,96.91000366210938,95.62000274658203,95.80999755859375,4943900,MDT,0.4685515867893342,96.26199951171876,93.86749954223633
2018-09-07,77.56975555419922,96.31999969482422,96.88999938964844,96.12999725341797,96.30000305175781,5664200,MDT,-0.17618216676232867,96.16399993896485,94.12249946594238
2018-09-10,77.61003112792969,96.37000274658203,97.05999755859375,96.30999755859375,96.63999938964844,3188000,MDT,0.05191346752100312,96.15599975585937,94.41099967956544
2018-09-11,77.3764877319336,96.08000183105469,96.62000274658203,95.51000213623047,96.18000030517578,3573700,MDT,-0.3009244653545795,96.26000061035157,94.6779998779297
2018-09-12,77.51339721679688,96.25,96.5199966430664,95.76000213623047,96.02999877929688,3667200,MDT,0.17693397762859053,96.3020004272461,94.9379997253418
2018-09-13,78.07711791992188,96.94999694824219,97.0,96.37999725341797,96.52999877929688,3972800,MDT,0.727269556615262,96.39400024414063,95.23599967956542
2018-09-14,78.12542724609375,97.01000213623047,97.27999877929688,96.6500015258789,96.94999694824219,3303000,MDT,0.06189292406095781,96.53200073242188,95.5314998626709
2018-09-17,77.33622741699219,96.02999877929688,97.1500015258789,95.81999969482422,97.01000213623047,3989000,MDT,-1.0102085716454101,96.46399993896485,95.8029998779297
2018-09-18,78.02074432373047,96.87999725341797,97.04000091552734,95.79000091552734,95.80999755859375,4477200,MDT,0.885138482688741,96.6239990234375,96.14549980163574
2018-09-19,77.68251037597656,96.45999908447266,97.37999725341797,96.25,97.2699966430664,3184900,MDT,-0.43352413382783395,96.66599884033204,96.2099998474121
2018-09-20,78.50395965576172,97.4800033569336,97.76000213623047,96.80999755859375,97.18000030517578,4337400,MDT,1.0574375721978724,96.77200012207031,96.30499992370605
2018-09-21,78.80191802978516,97.8499984741211,98.0,96.95999908447266,97.58999633789062,7973700,MDT,0.3795600168710722,96.93999938964843,96.41699981689453
2018-09-24,79.61531066894531,98.86000061035156,98.95999908447266,97.72000122070312,97.98999786376953,5640100,MDT,1.032194330077174,97.50599975585938,96.58249969482422
2018-09-25,79.72808837890625,99.0,99.6500015258789,98.7300033569336,99.01000213623047,5694300,MDT,0.14161378594386154,97.93000030517578,96.7604995727539
2018-09-26,79.86497497558594,99.16999816894531,100.1500015258789,98.83999633789062,99.3499984741211,5693900,MDT,0.1717153221669765,98.47200012207031,96.93049964904785
2018-09-27,78.68111419677734,97.69999694824219,100.0,97.2699966430664,98.81999969482422,4710700,MDT,-1.4823043741503783,98.51599884033203,96.98599967956542
2018-09-28,79.22069549560547,98.37000274658203,98.87999725341797,97.19999694824219,97.62000274658203,4430800,MDT,0.6857787300595275,98.61999969482422,97.06399993896484
2018-10-01,80.12266540527344,99.48999786376953,99.66000366210938,98.5,98.72000122070312,3633000,MDT,1.1385535080981946,98.74599914550781,97.21799964904785
2018-10-02,79.74417877197266,99.0199966430664,99.47000122070312,98.47000122070312,99.2699966430664,3880000,MDT,-0.4724105244697019,98.7499984741211,97.39099960327148
2018-10-03,78.49588775634766,97.47000122070312,99.7699966430664,97.11000061035156,99.3499984741211,4449700,MDT,-1.5653357654116018,98.40999908447266,97.46249961853027
2018-10-04,78.1012954711914,96.9800033569336,97.62999725341797,96.3499984741211,97.1500015258789,4211200,MDT,-0.5027165872913297,98.26600036621093,97.48699989318848
2018-10-05,78.2542953491211,97.16999816894531,97.70999908447266,96.2300033569336,97.26000213623047,4631000,MDT,0.19591132752641016,98.0259994506836,97.52949981689453
2018-10-08,77.28788757324219,95.97000122070312,97.16999816894531,95.13999938964844,96.75,4650300,MDT,-1.2349459409845887,97.3220001220703,97.50949974060059
2018-10-09,77.46507263183594,96.19000244140625,96.5,95.37000274658203,95.68000030517578,3179100,MDT,0.229239572683948,96.75600128173828,97.51499977111817
2018-10-10,76.5630874633789,95.06999969482422,96.80999755859375,94.91000366210938,96.0999984741211,5841100,MDT,-1.1643650256317195,96.2760009765625,97.45599975585938
2018-10-11,74.98464965820312,93.11000061035156,95.62999725341797,92.6500015258789,95.02999877929688,7177300,MDT,-2.0616378360831744,95.50200042724609,97.26399993896484
2018-10-12,76.25706481933594,94.69000244140625,95.16000366210938,93.5,94.43000030517578,4814700,MDT,1.696919579741718,95.00600128173828,97.14799995422364
2018-10-15,75.55644226074219,93.81999969482422,94.81999969482422,93.2300033569336,93.8499984741211,4107200,MDT,-0.9187904996838303,94.5760009765625,97.0375
2018-10-16,77.75499725341797,96.55000305175781,96.91999816894531,94.83000183105469,94.93000030517578,4982400,MDT,2.9098309164503178,94.64800109863282,97.021000289917
2018-10-17,78.35093688964844,97.29000091552734,97.4000015258789,95.33000183105469,95.62999725341797,5105500,MDT,0.7664400211078615,95.09200134277344,97.06250038146973
2018-10-18,77.24764251708984,95.91999816894531,97.43000030517578,95.02999877929688,97.16999816894531,4298800,MDT,-1.408163977479604,95.65400085449218,96.98450012207032
2018-10-19,75.65306854248047,93.94000244140625,95.80000305175781,93.69000244140625,95.66000366210938,6750100,MDT,-2.064215768698896,95.50400085449219,96.78900032043457
2018-10-22,75.39534759521484,93.62000274658203,94.3499984741211,92.9800033569336,93.94000244140625,3991300,MDT,-0.3406426298783738,95.46400146484375,96.5270004272461
2018-10-23,74.96853637695312,93.08999633789062,93.55000305175781,91.9000015258789,92.5,5530000,MDT,-0.5661251796008515,94.77200012207031,96.23150024414062
2018-10-24,73.66388702392578,91.47000122070312,93.94999694824219,91.26000213623047,93.12000274658203,4918900,MDT,-1.7402461928426427,93.60800018310547,95.84650039672852
2018-10-25,73.8974609375,91.76000213623047,92.41000366210938,90.79000091552734,91.80000305175781,4622300,MDT,0.317044836183622,92.7760009765625,95.54950065612793
2018-10-26,72.27873229980469,89.75,91.7300033569336,89.08000183105469,91.02999877929688,6725600,MDT,-2.1904992256281175,91.93800048828125,95.11850051879883
2018-10-29,72.03712463378906,89.44999694824219,91.4800033569336,88.44000244140625,91.08999633789062,6266400,MDT,-0.33426523872737146,91.10399932861328,94.61650047302246
2018-10-30,72.69749450683594,90.2699966430664,90.62000274658203,89.16000366210938,89.6500015258789,5582200,MDT,0.9167129377306571,90.53999938964844,94.17900047302246
2018-10-31,72.33511352539062,89.81999969482422,91.36000061035156,89.75,91.0,8496800,MDT,-0.49850112437856975,90.20999908447266,93.79650039672852
2018-11-01,73.72831726074219,91.55000305175781,91.94999694824219,90.0,90.12999725341797,5213700,MDT,1.9260781149092798,90.16799926757812,93.52500038146972
2018-11-02,73.62361907958984,91.41999816894531,92.8499984741211,90.68000030517578,91.88999938964844,5054100,MDT,-0.14200423645972515,90.50199890136719,93.23750038146973
2018-11-05,73.77664184570312,91.61000061035156,92.31999969482422,91.19000244140625,91.94999694824219,3955800,MDT,0.20783465894969044,90.93399963378906,93.01950035095214
2018-11-06,74.50146484375,92.51000213623047,92.61000061035156,91.25,91.54000091552734,3927000,MDT,0.9824271584790489,91.38200073242187,92.83550033569335
2018-11-07,75.79804229736328,94.12000274658203,94.19999694824219,92.91000366210938,93.23999786376953,5484100,MDT,1.7403530139159074,92.24200134277343,92.78800048828126
2018-11-08,76.29732513427734,94.73999786376953,94.75,93.5999984741211,94.0,5330100,MDT,0.6587283245803155,92.88000030517578,92.86950035095215
2018-11-09,75.99132537841797,94.36000061035156,94.86000061035156,93.8499984741211,94.69000244140625,4306400,MDT,-0.4010948511571466,93.46800079345704,92.85300025939941
2018-11-12,74.60612487792969,92.63999938964844,94.62999725341797,92.2300033569336,94.4800033569336,4276800,MDT,-1.8228075557202073,93.6740005493164,92.79400024414062
2018-11-13,74.14710998535156,92.06999969482422,93.08999633789062,91.73999786376953,92.5999984741211,4953900,MDT,-0.6152846487258445,93.58600006103515,92.57000007629395
2018-11-14,74.17930603027344,92.11000061035156,93.52999877929688,91.54000091552734,92.86000061035156,4291900,MDT,0.0434461992613544,93.18399963378906,92.31100006103516
2018-11-15,74.71083068847656,92.7699966430664,92.79000091552734,89.86000061035156,91.54000091552734,6575200,MDT,0.7165302663570516,92.78999938964844,92.15349998474122
2018-11-16,75.45978546142578,93.69999694824219,94.5999984741211,92.72000122070312,92.72000122070312,7922000,MDT,1.002479614992291,92.65799865722656,92.14149971008301
2018-11-19,72.77803802490234,90.37000274658203,94.2300033569336,90.04000091552734,94.01000213623047,6780900,MDT,-3.5538893384378323,92.20399932861328,91.978999710083
2018-11-20,74.21957397460938,92.16000366210938,94.88999938964844,91.33999633789062,94.87000274658203,8270800,MDT,1.980746775616371,92.22200012207031,91.93250007629395
2018-11-21,74.87189483642578,92.97000122070312,93.30999755859375,91.6500015258789,92.76000213623047,6829400,MDT,0.8789035659801936,92.39400024414063,92.00750007629395
2018-11-23,74.09879302978516,92.01000213623047,93.0,91.70999908447266,92.5,2560300,MDT,-1.0325901601245469,92.24200134277343,92.02000007629394
2018-11-26,74.13903045654297,92.05999755859375,92.58000183105469,90.51000213623047,90.62000274658203,4957600,MDT,0.05433694294372238,91.91400146484375,92.13549995422363
2018-11-27,75.00074768066406,93.12999725341797,93.16000366210938,91.29000091552734,91.69000244140625,6094800,MDT,1.1622851653273036,92.46600036621093,92.31949996948242
2018-11-28,76.80467987060547,95.37000274658203,95.56999969482422,93.30999755859375,93.38999938964844,6589400,MDT,2.4052459564330775,93.10800018310547,92.5745002746582
2018-11-29,77.79523468017578,96.5999984741211,97.30999755859375,95.30999755859375,95.37999725341797,6013900,MDT,1.2897092294391843,93.83399963378906,92.91350021362305
2018-11-30,78.54422760009766,97.52999877929688,97.58999633789062,96.76000213623047,96.80999755859375,6581400,MDT,0.9627332503788111,94.93799896240235,93.2125
2018-12-03,79.52671813964844,98.75,99.13999938964844,97.91999816894531,98.0,6258400,MDT,1.250898427122804,96.2759994506836,93.57900009155273
2018-12-04,77.70667266845703,96.48999786376953,99.41000366210938,96.0999984741211,98.58000183105469,7123000,MDT,-2.288609758208071,96.9479995727539,93.82299995422363
2018-12-06,77.50535583496094,96.23999786376953,96.23999786376953,93.66000366210938,95.20999908447266,8221600,MDT,-0.2590942123897322,97.1219985961914,94.00949974060059
2018-12-07,75.8946762084961,94.23999786376953,96.22000122070312,93.5,95.91999816894531,5902900,MDT,-2.078138034490662,96.64999847412109,94.01549949645997
2018-12-10,76.89327239990234,95.4800033569336,95.91000366210938,92.91000366210938,94.0,5092500,MDT,1.315795332419878,96.23999938964843,94.05249977111816
2018-12-11,76.88521575927734,95.47000122070312,97.41000366210938,94.98999786376953,96.4800033569336,4765000,MDT,-0.010475634560969116,95.58399963378906,94.10799980163574
2018-12-12,77.0785140991211,95.70999908447266,97.12000274658203,95.68000030517578,96.4000015258789,6047000,MDT,0.25138562972750744,95.4279998779297,94.26149978637696
2018-12-13,76.90938568115234,95.5,96.91000366210938,94.97000122070312,96.58000183105469,4952900,MDT,-0.219411855063667,95.28000030517578,94.43299980163575
2018-12-14,75.47589111328125,93.72000122070312,94.76000213623047,93.12000274658203,94.4000015258789,6337800,MDT,-1.8638730673265713,95.1760009765625,94.51349983215331
2018-12-17,73.9699478149414,91.8499984741211,93.47000122070312,91.16999816894531,93.47000122070312,7224100,MDT,-1.995308068955659,94.45,94.46749992370606
2018-12-18,74.09073638916016,92.0,93.27999877929688,91.19999694824219,92.95999908447266,5655200,MDT,0.16331140813374834,93.75599975585938,94.38250007629395
2018-12-19,73.49475860595703,91.26000213623047,93.94000244140625,90.30000305175781,93.72000122070312,7639700,MDT,-0.8043455040973146,92.86600036621094,94.42700004577637
2018-12-20,72.3995132446289,89.9000015258789,91.87999725341797,89.11000061035156,91.1500015258789,7693800,MDT,-1.4902482780149273,91.74600067138672,94.31399993896484
2018-12-21,71.35259246826172,88.5999984741211,91.23999786376953,88.30999755859375,89.11000061035156,10918500,MDT,-1.446054538034225,90.72200012207031,94.09549980163574
2018-12-24,69.09764099121094,85.80000305175781,88.58999633789062,85.80000305175781,88.2300033569336,3748100,MDT,-3.1602657681547464,89.51200103759766,93.78499984741211
2018-12-26,71.40091705322266,88.66000366210938,88.68000030517578,85.30000305175781,86.38999938964844,5816600,MDT,3.3333339261378603,88.84400177001953,93.6150001525879
2018-12-27,72.60763549804688,89.6500015258789,89.66000366210938,86.37999725341797,87.44999694824219,6015400,MDT,1.1166228545878454,88.52200164794922,93.44100036621094
2018-12-28,72.29180145263672,89.26000213623047,90.63999938964844,88.94999694824219,90.20999908447266,4508100,MDT,-0.43502440938147924,88.39400177001953,93.13550033569337
2018-12-31,73.66863250732422,90.95999908447266,91.20999908447266,89.5999984741211,89.91999816894531,5436400,MDT,1.9045450454366009,88.86600189208984,92.85350036621094
2019-01-02,71.20650482177734,87.91999816894531,90.13999938964844,87.08999633789062,89.52999877929688,7099100,MDT,-3.3421294482469777,89.29000091552734,92.37300033569336
2019-01-03,69.2060775756836,85.44999694824219,87.7300033569336,85.18000030517578,87.62000274658203,6099800,MDT,-2.8093736034398242,88.6479995727539,91.70800018310547
2019-01-04,71.3766098022461,88.12999725341797,88.70999908447266,86.73999786376953,86.83999633789062,6275400,MDT,3.136337508354825,88.34399871826172,91.2900001525879
2019-01-07,66.77637481689453,82.44999694824219,89.08000183105469,82.23999786376953,88.37000274658203,17462700,MDT,-6.445024942918054,86.98199768066407,90.60050010681152
2019-01-08,67.24610900878906,83.02999877929688,83.95999908447266,81.66000366210938,83.27999877929688,14472200,MDT,0.7034588872317116,85.3959976196289,90.0400001525879
2019-01-09,68.27469635009766,84.30000305175781,85.5,83.44999694824219,83.79000091552734,7894300,MDT,1.5295727943303472,84.6719985961914,89.4810001373291
2019-01-10,68.71202087402344,84.83999633789062,84.91000366210938,83.33999633789062,83.86000061035156,5279200,MDT,0.64056140757347,84.5499984741211,88.94949989318847
2019-01-11,68.71202087402344,84.83999633789062,84.87999725341797,83.44999694824219,84.16999816894531,5054300,MDT,0.0,83.89199829101562,88.40599975585937
2019-01-14,68.63912963867188,84.75,84.9800033569336,84.11000061035156,84.3499984741211,5294700,MDT,-0.10607772486481704,84.35199890136718,87.86849975585938
2019-01-15,69.67581939697266,86.02999877929688,86.56999969482422,85.02999877929688,85.2699966430664,6323400,MDT,1.510323043418138,84.95199890136719,87.48399963378907
2019-01-16,70.45331573486328,86.98999786376953,87.31999969482422,86.19999694824219,86.58000183105469,5066800,MDT,1.1158887575198673,85.48999786376953,87.24099960327149
2019-01-17,70.94735717773438,87.5999984741211,88.19000244140625,86.79000091552734,86.97000122070312,7521700,MDT,0.7012307452942457,86.04199829101563,87.02099952697753
2019-01-18,70.70439910888672,87.30000305175781,88.62000274658203,86.30999755859375,88.5199966430664,8549300,MDT,-0.3424605337771891,86.53399963378907,86.8229995727539
2019-01-22,70.46141815185547,87.0,87.0199966430664,86.0,86.81999969482422,6567000,MDT,-0.34364609538438673,86.98399963378907,86.67799949645996
2019-01-23,70.59101867675781,87.16000366210938,87.29000091552734,85.91000366210938,87.08000183105469,4642900,MDT,0.18391225529812427,87.21000061035156,86.60599975585937
2019-01-24,70.6476821899414,87.2300033569336,87.31999969482422,86.43000030517578,87.26000213623047,4515400,MDT,0.08031171624955924,87.25800170898438,86.67749977111816
2019-01-25,70.47760009765625,87.0199966430664,87.91000366210938,86.69999694824219,87.68000030517578,5283500,MDT,-0.24075055116972166,87.14200134277344,86.59549942016602
2019-01-28,69.99166870117188,86.41999816894531,87.0,85.66000366210938,86.5199966430664,5143400,MDT,-0.689494940550428,86.96600036621093,86.43399925231934
2019-01-29,70.03217315673828,86.47000122070312,87.08000183105469,85.95999908447266,85.95999908447266,3670600,MDT,0.05786051008709325,86.86000061035156,86.29449920654297
2019-01-30,71.1336441040039,87.83000183105469,87.97000122070312,86.26000213623047,86.48999786376953,5385700,MDT,1.5728004986149458,86.99400024414062,86.13799934387207
2019-01-31,71.5871810913086,88.38999938964844,89.31999969482422,87.51000213623047,87.73999786376953,9536200,MDT,0.6375925616749267,87.22599945068359,86.16149940490723
2019-02-01,71.52239990234375,88.30999755859375,89.44999694824219,87.7300033569336,88.87000274658203,5727400,MDT,-0.09051004820355146,87.48399963378907,86.3044994354248
2019-02-04,71.117431640625,87.80999755859375,88.45999908447266,86.83999633789062,88.30999755859375,4970900,MDT,-0.566187310409838,87.76199951171876,86.28849945068359
2019-02-05,71.29562377929688,88.02999877929688,88.62000274658203,87.75,88.26000213623047,5640800,MDT,0.250542337797377,88.0739990234375,86.56749954223633
2019-02-06,71.96783447265625,88.86000061035156,89.0999984741211,87.80999755859375,88.27999877929688,3417400,MDT,0.9428624816133491,88.27999877929688,86.85899963378907
2019-02-07,72.000244140625,88.9000015258789,89.36000061035156,88.12999725341797,88.41000366210938,4304900,MDT,0.045015659748592896,88.38199920654297,87.08899955749511
2019-02-08,72.0893325805664,89.01000213623047,89.51000213623047,88.16999816894531,88.43000030517578,3982200,MDT,0.12373521761925854,88.52200012207031,87.29749984741211
2019-02-11,72.5671615600586,89.5999984741211,89.9000015258789,89.13999938964844,89.4800033569336,4020000,MDT,0.6628427409625548,88.88000030517578,87.53549995422364
2019-02-12,73.0936050415039,90.25,90.5199966430664,89.2699966430664,90.0,3713900,MDT,0.7254481439155969,89.32400054931641,87.81049995422363
2019-02-13,73.43376159667969,90.66999816894531,90.94999694824219,90.19999694824219,90.76000213623047,3483500,MDT,0.4653719323493677,89.68600006103516,88.04249992370606
2019-02-14,73.88729095458984,91.2300033569336,91.62999725341797,90.54000091552734,90.83999633789062,4644100,MDT,0.6176300863542705,90.1520004272461,88.25450019836425
2019-02-15,74.7295913696289,92.2699966430664,92.33999633789062,91.52999877929688,91.95999908447266,5622500,MDT,1.139968483903142,90.80399932861329,88.48800010681153
2019-02-19,74.77820587158203,92.33000183105469,94.58999633789062,92.2300033569336,93.22000122070312,6891400,MDT,0.06503217749145307,91.35,88.73950004577637
2019-02-20,75.15885162353516,92.80000305175781,93.0,92.20999908447266,92.44999694824219,4924800,MDT,0.5090449597987989,91.86000061035156,89.02950019836426
2019-02-21,75.00495147705078,92.61000061035156,92.88999938964844,92.12000274658203,92.66999816894531,4222600,MDT,-0.20474400340296794,92.24800109863281,89.30200004577637
2019-02-22,75.94445037841797,93.7699966430664,93.83000183105469,92.94000244140625,93.0,4551300,MDT,1.2525602257529744,92.75599975585938,89.62899971008301
2019-02-25,74.68910217285156,92.22000122070312,94.05999755859375,92.16999816894531,93.91999816894531,7216800,MDT,-1.6529758748561219,92.74600067138672,89.88899993896484
2019-02-26,73.93589782714844,91.29000091552734,92.44999694824219,91.20999908447266,92.25,4541800,MDT,-1.008458352706032,92.53800048828126,90.13250007629395
2019-02-27,73.61195373535156,90.88999938964844,91.38999938964844,90.56999969482422,91.0,7327200,MDT,-0.43816575952172476,92.15599975585937,90.3534999847412
2019-02-28,73.29607391357422,90.5,91.2699966430664,90.38999938964844,90.93000030517578,12189600,MDT,-0.4290894402765866,91.73399963378907,90.48699989318848
2019-03-01,74.58380126953125,92.08999633789062,92.16999816894531,90.94999694824219,91.18000030517578,8021400,MDT,1.7569020308183747,91.3979995727539,90.67199974060058
2019-03-04,74.74578857421875,92.29000091552734,93.16000366210938,91.26000213623047,92.51000213623047,5620100,MDT,0.21718382624631438,91.41199951171875,90.87099990844726
2019-03-05,75.09404754638672,92.72000122070312,93.02999877929688,91.44999694824219,92.01000213623047,6073900,MDT,0.46592296122021093,91.6979995727539,91.11650009155274
2019-03-06,74.5757064819336,92.08000183105469,93.0199966430664,91.9800033569336,92.87999725341797,4070700,MDT,-0.6902495483418258,91.93600006103516,91.31900024414062
2019-03-07,73.76583099365234,91.08000183105469,92.12999725341797,90.86000061035156,91.80999755859375,4876100,MDT,-1.0860121417403557,92.0520004272461,91.43000030517578
2019-03-08,73.31227111816406,90.5199966430664,91.27999877929688,89.5,90.9800033569336,4113900,MDT,-0.6148497768226235,91.73800048828124,91.51100006103516
2019-03-11,74.51092529296875,92.0,92.11000061035156,90.87999725341797,90.97000122070312,4639100,MDT,1.6350015596768852,91.68000030517578,91.66049995422364
2019-03-12,74.86730194091797,92.44000244140625,92.80999755859375,91.9000015258789,92.23999786376953,6149100,MDT,0.4782635232676524,91.6240005493164,91.8025001525879
2019-03-13,75.33702850341797,93.0199966430664,93.63999938964844,92.63999938964844,92.86000061035156,6638200,MDT,0.627427722135554,91.81199951171875,91.94099998474121
2019-03-14,75.58808135986328,93.33000183105469,93.52999877929688,92.44000244140625,93.0999984741211,5578600,MDT,0.3332672534678949,92.26199951171876,92.07400016784668
2019-03-15,75.96066284179688,93.79000091552734,94.19999694824219,93.29000091552734,93.36000061035156,9493800,MDT,0.4928737548996809,92.91600036621094,92.20200004577637
2019-03-18,74.42182922363281,91.88999938964844,93.62000274658203,91.20999908447266,93.26000213623047,8347700,MDT,-2.025803931476833,92.89400024414063,92.18300018310546
2019-03-19,75.04544067382812,92.66000366210938,92.87999725341797,91.41999816894531,92.05999755859375,5909400,MDT,0.8379630836603091,92.93800048828125,92.1995002746582
2019-03-20,74.28414154052734,91.72000122070312,92.55000305175781,91.54000091552734,92.38999938964844,4772600,MDT,-1.014464066755305,92.6780014038086,92.14550018310547
2019-03-21,75.00077056884766,92.0999984741211,92.9000015258789,90.62999725341797,90.97000122070312,4217000,MDT,0.4143014046670057,92.43200073242187,92.12000007629395
2019-03-22,73.60826110839844,90.38999938964844,92.12000274658203,90.37000274658203,91.62999725341797,4291700,MDT,-1.8566765611327862,91.75200042724609,91.95100021362305
2019-03-25,73.7955551147461,90.62000274658203,90.97000122070312,90.01000213623047,90.37999725341797,3336900,MDT,0.25445664175978155,91.49800109863281,91.87100028991699
2019-03-26,74.1619873046875,91.06999969482422,92.16999816894531,90.61000061035156,91.36000061035156,4463300,MDT,0.49657573891339624,91.18000030517578,91.86000022888183
2019-03-27,73.50238800048828,90.26000213623047,91.29000091552734,89.51000213623047,91.06999969482422,4822400,MDT,-0.8894230386604307,90.88800048828125,91.82850036621093
2019-03-28,73.2580795288086,89.95999908447266,90.66000366210938,89.47000122070312,90.30000305175781,6534900,MDT,-0.33237651745787744,90.46000061035156,91.80150032043457
2019-03-29,74.17015838623047,91.08000183105469,91.19000244140625,89.80000305175781,90.22000122070312,4742700,MDT,1.2450008425748615,90.5980010986328,91.75100059509278
2019-04-01,73.85255432128906,90.69000244140625,91.87000274658203,90.4000015258789,91.62999725341797,4467100,MDT,-0.42819431467716607,90.61200103759765,91.67100067138672
2019-04-02,73.61641693115234,90.4000015258789,91.0199966430664,90.16000366210938,90.94999694824219,3684700,MDT,-0.3197716481645352,90.47800140380859,91.55500068664551
2019-04-03,72.0284194946289,88.44999694824219,90.86000061035156,88.30999755859375,90.83999633789062,7633200,MDT,-2.1570846733652838,90.11600036621094,91.37350044250488
2019-04-04,72.66362762451172,89.2300033569336,89.47000122070312,88.08000183105469,88.5,6085300,MDT,0.8818614308690575,89.97000122070312,91.28100051879883
2019-04-05,72.41930389404297,88.93000030517578,90.04000091552734,88.73999786376953,89.72000122070312,6211900,MDT,-0.3362132023661979,89.54000091552734,91.2015007019043
2019-04-08,72.46817016601562,88.98999786376953,89.16999816894531,88.0,89.16999816894531,5464500,MDT,0.067466050138143,89.2,91.05100059509277
2019-04-09,72.24829864501953,88.72000122070312,89.12000274658203,88.47000122070312,88.68000030517578,4938700,MDT,-0.30340111197635355,88.86399993896484,90.86500053405761
2019-04-10,72.17500305175781,88.62999725341797,89.3499984741211,88.48999786376953,88.72000122070312,5031400,MDT,-0.10144721150449065,88.9,90.6455005645752
2019-04-11,71.33623504638672,87.5999984741211,89.19999694824219,87.25,89.19999694824219,7878900,MDT,-1.1621333760756247,88.5739990234375,90.35900039672852
2019-04-12,70.64405822753906,86.75,88.06999969482422,86.62000274658203,88.0,7324200,MDT,-0.9703179097339865,88.13799896240235,90.00700035095215
2019-04-15,70.74179077148438,86.87000274658203,87.29000091552734,86.66999816894531,87.12999725341797,5815900,MDT,0.13833169634815956,87.71399993896485,89.75600051879883
2019-04-16,70.15545654296875,86.1500015258789,87.55000305175781,86.05000305175781,87.51000213623047,8424600,MDT,-0.8288260595588071,87.2,89.43050041198731
2019-04-17,68.99908447265625,84.7300033569336,86.41999816894531,84.55000305175781,86.23999786376953,9388300,MDT,-1.6482857153737318,86.42000122070313,89.08100051879883
2019-04-18,68.58374786376953,84.22000122070312,84.63999938964844,82.7699966430664,84.54000091552734,6798000,MDT,-0.6019144529972875,85.74400177001954,88.68700065612794
2019-04-22,68.52676391601562,84.1500015258789,84.69000244140625,83.6500015258789,83.76000213623047,3878400,MDT,-0.08311528592926942,85.22400207519532,88.37500076293945
2019-04-23,69.30040740966797,85.0999984741211,85.77999877929688,84.4000015258789,84.47000122070312,6415800,MDT,1.128932776014313,84.87000122070313,88.0990005493164
2019-04-24,69.7401351928711,85.63999938964844,86.2699966430664,84.36000061035156,84.88999938964844,4389200,MDT,0.634548678272373,84.76800079345703,87.82750053405762
2019-04-25,70.7336196899414,86.86000061035156,86.94000244140625,85.36000061035156,85.75,5928200,MDT,1.4245693944395121,85.19400024414062,87.65750045776367
2019-04-26,71.1326675415039,87.3499984741211,87.48999786376953,86.73999786376953,87.25,3435200,MDT,0.5641237167008928,85.81999969482422,87.5270004272461
2019-04-29,71.20594024658203,87.44000244140625,87.6500015258789,86.91999816894531,87.2300033569336,4069000,MDT,0.10303831580698031,86.47799987792969,87.34500045776367
2019-04-30,72.32160949707031,88.80999755859375,89.0999984741211,87.4000015258789,87.61000061035156,7380700,MDT,1.5667830271454353,87.21999969482422,87.25100021362304
2019-05-01,71.91443634033203,88.30999755859375,89.08000183105469,87.41000366210938,88.81999969482422,4685200,MDT,-0.5629996776771895,87.75399932861328,87.1465000152588
2019-05-02,72.59032440185547,89.13999938964844,89.16999816894531,88.02999877929688,88.29000091552734,4761900,MDT,0.9398730087202045,88.20999908447266,87.18100013732911
2019-05-03,72.94864654541016,89.58000183105469,89.86000061035156,89.12999725341797,89.55000305175781,3705100,MDT,0.4936083065054886,88.65599975585937,87.19850006103516
2019-05-06,73.41280364990234,90.1500015258789,90.3499984741211,88.23999786376953,88.5,5504700,MDT,0.6363023924683686,89.1979995727539,87.2595001220703
2019-05-07,72.6961898803711,89.2699966430664,90.30000305175781,88.73999786376953,89.75,6455600,MDT,-0.9761562594759132,89.28999938964844,87.27350006103515
2019-05-08,72.476318359375,89.0,89.47000122070312,88.79000091552734,89.0199966430664,4556400,MDT,-0.3024494827147284,89.4279998779297,87.2875
2019-05-09,71.77597045898438,88.13999938964844,88.33999633789062,86.69000244140625,88.33999633789062,6844200,MDT,-0.9662928206197297,89.22799987792969,87.26300010681152
2019-05-10,71.93074035644531,88.33000183105469,88.6500015258789,86.08999633789062,87.52999877929688,4239900,MDT,0.21556891618104146,88.97799987792969,87.2995002746582
2019-05-13,71.11638641357422,87.33000183105469,87.56999969482422,86.62000274658203,87.26000213623047,3823500,MDT,-1.1321181696708926,88.41399993896485,87.32850036621093
2019-05-14,71.38510131835938,87.66000366210938,88.30999755859375,87.30999755859375,87.44999694824219,3194600,MDT,0.377879106991319,88.09200134277344,87.36800041198731
2019-05-15,71.88185119628906,88.2699966430664,88.61000061035156,86.76000213623047,87.2300033569336,3696200,MDT,0.6958623722037371,87.94600067138671,87.47400016784668
2019-05-16,71.75157165527344,88.11000061035156,89.26000213623047,88.06999969482422,88.66999816894531,5013100,MDT,-0.1812575493367441,87.94000091552735,87.64300003051758
2019-05-17,71.44210052490234,87.7300033569336,88.58000183105469,87.1500015258789,87.22000122070312,4735800,MDT,-0.431275962757538,87.82000122070312,87.8185001373291
2019-05-20,71.31181335449219,87.56999969482422,88.0,86.88999938964844,87.51000213623047,4677400,MDT,-0.18238191723120023,87.86800079345703,87.98950004577637
2019-05-21,71.47466278076172,87.7699966430664,88.69000244140625,87.70999908447266,88.0199966430664,6403400,MDT,0.2283852334579839,87.88999938964844,88.12299995422363
2019-05-22,72.28089141845703,88.76000213623047,89.12000274658203,87.41999816894531,87.72000122070312,7391300,MDT,1.127954347759763,87.98800048828124,88.27900009155273
2019-05-23,74.62617492675781,91.63999938964844,91.79000091552734,90.12000274658203,91.08000183105469,12993200,MDT,3.244701649508408,88.69400024414062,88.51800003051758
2019-05-24,75.75810241699219,93.02999877929688,93.91999816894531,92.01000213623047,92.4000015258789,7341200,MDT,1.5168042327654785,89.75399932861328,88.80200004577637
2019-05-28,74.35745239257812,91.30999755859375,93.5,91.25,92.88999938964844,8852200,MDT,-1.848867293638945,90.50199890136719,88.99549980163575
2019-05-29,74.52845764160156,91.5199966430664,91.77999877929688,90.25,91.18000030517578,5830300,MDT,0.2299847662769805,91.25199890136719,89.13099975585938
2019-05-30,75.39165496826172,92.58000183105469,93.37000274658203,91.58000183105469,91.87000274658203,4400700,MDT,1.1582224943936126,92.01599884033203,89.34449996948243
2019-05-31,75.39165496826172,92.58000183105469,92.93000030517578,91.83000183105469,92.12000274658203,5949900,MDT,0.0,92.20399932861328,89.51650009155273
2019-06-03,76.00241088867188,93.33000183105469,94.0,92.36000061035156,92.77999877929688,8489100,MDT,0.8101101589613746,92.26399993896484,89.70400009155273
2019-06-04,76.88191986083984,94.41000366210938,94.72000122070312,93.37999725341797,94.0,6871300,MDT,1.1571861243608428,92.88400115966797,89.91700019836426
2019-06-05,78.62459564208984,96.55000305175781,96.86000061035156,95.0,95.69999694824219,7867800,MDT,2.2667083006451705,93.89000244140625,90.28100051879883
2019-06-06,78.5838623046875,96.5,97.2300033569336,95.69999694824219,96.51000213623047,6495100,MDT,-0.05178979821576224,94.67400207519532,90.65600051879883
2019-06-07,79.08063507080078,97.11000061035156,97.47000122070312,96.88999938964844,96.94000244140625,4848500,MDT,0.6321249848202815,95.58000183105469,91.10450057983398
2019-06-10,79.6017837524414,97.75,97.83000183105469,96.81999969482422,97.02999877929688,3975900,MDT,0.6590458095210971,96.46400146484375,91.57550048828125
2019-06-11,79.44708251953125,97.55999755859375,98.73999786376953,97.13999938964844,98.0,3621500,MDT,-0.19437589913683384,97.09400024414063,92.08700027465821
2019-06-12,79.42266082763672,97.52999877929688,97.9800033569336,97.19000244140625,97.52999877929688,3108800,MDT,-0.030749057039347605,97.28999938964844,92.58050003051758
2019-06-13,79.39823913574219,97.5,97.7699966430664,96.9800033569336,97.5,4281400,MDT,-0.03075851499266813,97.48999938964843,93.04200019836426
2019-06-14,79.39823913574219,97.5,98.16000366210938,97.37000274658203,97.5999984741211,3056900,MDT,0.0,97.56799926757813,93.51150016784668
2019-06-17,79.25162506103516,97.31999969482422,97.73999786376953,97.05000305175781,97.51000213623047,2749500,MDT,-0.18461569761618613,97.48199920654297,93.99099998474121
2019-06-18,79.77281951904297,97.95999908447266,98.38999938964844,97.44999694824219,97.81999969482422,3654000,MDT,0.6576237070030189,97.56199951171875,94.51049995422363
2019-06-19,80.41614532470703,98.75,99.05999755859375,97.58999633789062,97.62999725341797,4307100,MDT,0.8064525550333101,97.80599975585938,95.05950012207032
2019-06-20,80.83145904541016,99.26000213623047,99.9000015258789,98.44999694824219,99.30999755859375,4887200,MDT,0.5164578594738956,98.15800018310547,95.58450012207031
2019-06-21,80.92916870117188,99.37999725341797,99.7699966430664,98.44000244140625,99.20999908447266,7027600,MDT,0.12088969837298347,98.53399963378907,95.97150001525878
2019-06-24,80.75004577636719,99.16000366210938,99.87000274658203,98.9000015258789,99.29000091552734,4037900,MDT,-0.22136606700401407,98.9020004272461,96.27800025939942
2019-06-25,80.53828430175781,98.9000015258789,99.69999694824219,98.83999633789062,99.1500015258789,4416100,MDT,-0.2622046456517202,99.09000091552734,96.65750045776367
2019-06-26,79.17020416259766,97.22000122070312,98.48999786376953,96.8499984741211,98.45999908447266,4315000,MDT,-1.6986858233123292,98.78400115966797,96.9425006866455
2019-06-27,79.38195037841797,97.4800033569336,98.05000305175781,96.5199966430664,97.83999633789062,7428000,MDT,0.2674368781792502,98.4280014038086,97.18750076293945
2019-06-28,79.30862426757812,97.38999938964844,97.9800033569336,96.87999725341797,97.9000015258789,5539400,MDT,-0.09233069776947156,98.03000183105469,97.42800064086914
2019-07-01,79.88679504394531,98.0999984741211,98.55999755859375,97.37999725341797,98.29000091552734,3326900,MDT,0.7290266854115268,97.81800079345703,97.66650047302247
2019-07-02,79.84609985351562,98.05000305175781,98.5999984741211,97.6500015258789,98.0999984741211,3380300,MDT,-0.050963734088604884,97.64800109863282,97.84850044250489
2019-07-03,80.4649887084961,98.80999755859375,98.80999755859375,97.87000274658203,98.05999755859375,2326000,MDT,0.7751091108429309,97.96600036621093,97.96150016784668
2019-07-05,80.33399200439453,98.11000061035156,98.3499984741211,97.44000244140625,97.91000366210938,2319800,MDT,-0.7084272498105171,98.09199981689453,98.04200019836426
2019-07-08,80.26029968261719,98.0199966430664,98.38999938964844,97.5,98.16000366210938,4384800,MDT,-0.09173781135993764,98.21799926757812,98.0875
2019-07-09,80.60420227050781,98.44000244140625,99.11000061035156,98.12000274658203,98.4000015258789,5665300,MDT,0.4284899130013953,98.28600006103515,98.12200012207032
2019-07-10,80.93991088867188,98.8499984741211,98.94999694824219,98.01000213623047,98.5,3482100,MDT,0.4164933183122166,98.44599914550781,98.18650016784667
2019-07-11,81.88153839111328,100.0,100.0,98.94999694824219,99.5999984741211,3981500,MDT,1.163380418442772,98.68399963378906,98.31000022888183
2019-07-12,81.26744842529297,99.25,100.0,98.45999908447266,99.87000274658203,3545600,MDT,-0.7499999999999951,98.91199951171875,98.39750022888184
2019-07-15,81.73416137695312,99.81999969482422,99.87000274658203,98.95999908447266,99.29000091552734,3075700,MDT,0.5743069973040082,99.27200012207031,98.51350021362305
2019-07-16,81.77511596679688,99.87000274658203,100.26000213623047,99.54000091552734,99.9800033569336,3632800,MDT,0.05009321970614877,99.55800018310546,98.64100036621093
2019-07-17,82.63488006591797,100.91999816894531,101.31999969482422,99.8499984741211,100.2699966430664,5579100,MDT,1.0513621643003512,99.97200012207031,98.78900032043457
2019-07-18,82.9787826538086,101.33999633789062,101.83999633789062,100.58999633789062,100.5999984741211,3922900,MDT,0.4161694179207309,100.23999938964843,98.9185001373291
2019-07-19,82.53660583496094,100.80000305175781,102.73999786376953,100.79000091552734,102.08000183105469,5292400,MDT,-0.532853074448858,100.55,98.99550018310546
2019-07-22,82.89688110351562,101.23999786376953,101.86000061035156,100.95999908447266,101.12000274658203,3061400,MDT,0.43650277647888647,100.83399963378906,99.08850021362305
2019-07-23,83.19984436035156,101.61000061035156,101.94999694824219,101.11000061035156,101.55999755859375,3304500,MDT,0.36547091504279816,101.18199920654297,99.21100006103515
2019-07-24,83.78939056396484,102.33000183105469,102.37000274658203,101.27999877929688,101.8499984741211,3429900,MDT,0.7085928711526579,101.46399993896485,99.38250007629395
2019-07-25,83.5928955078125,102.08999633789062,102.26000213623047,101.4800033569336,102.08999633789062,3007500,MDT,-0.23454069077445405,101.61399993896484,99.62599983215333
2019-07-26,83.96952819824219,102.55000305175781,103.29000091552734,101.9000015258789,102.5,3515600,MDT,0.4505894116644704,101.96399993896485,99.87949981689454
2019-07-29,84.55087280273438,103.26000213623047,103.45999908447266,102.19999694824219,102.56999969482422,3131300,MDT,0.6923442840994554,102.36800079345703,100.17299995422363
2019-07-30,84.9521255493164,103.75,103.87000274658203,102.51000213623047,102.97000122070312,3892300,MDT,0.4745282332292433,102.79600067138672,100.45550003051758
2019-07-31,83.47007751464844,101.94000244140625,103.94999694824219,101.23999786376953,103.52999877929688,6937100,MDT,-1.7445759600903665,102.71800079345704,100.65
2019-08-01,83.82213592529297,102.37000274658203,103.70999908447266,101.55000305175781,101.86000061035156,4287800,MDT,0.4218170442196634,102.77400207519531,100.82800025939942
2019-08-02,83.78939056396484,102.33000183105469,102.76000213623047,101.44999694824219,102.0199966430664,3632200,MDT,-0.039074840728847704,102.7300018310547,101.03900032043457
2019-08-05,81.48033905029297,99.51000213623047,101.5199966430664,98.43000030517578,100.30999755859375,4598700,MDT,-2.7557897433442835,101.9800018310547,101.11350059509277
2019-08-06,82.89688110351562,101.23999786376953,101.29000091552734,99.33999633789062,100.0,4786400,MDT,1.738514411014358,101.47800140380859,101.25350036621094
2019-08-07,83.01971435546875,101.38999938964844,101.83999633789062,99.12999725341797,100.36000061035156,3954100,MDT,0.14816429182540336,101.36800079345703,101.3805004119873
2019-08-08,83.7484359741211,102.27999877929688,102.5999984741211,100.93000030517578,101.52999877929688,4951200,MDT,0.8777980027676158,101.35,101.49450035095215
2019-08-09,83.24897003173828,101.66999816894531,102.98999786376953,101.45999908447266,101.87999725341797,6602100,MDT,-0.59640263749694,101.21799926757812,101.61550025939941
2019-08-12,82.70037841796875,101.0,102.01000213623047,100.66000366210938,101.66999816894531,2668900,MDT,-0.6589929979461395,101.51599884033203,101.6745002746582
2019-08-13,83.84671020507812,102.4000015258789,102.69999694824219,101.0,101.2699966430664,3687500,MDT,1.3861401246325844,101.74799957275391,101.80100021362304
2019-08-14,82.64306640625,100.93000030517578,102.26000213623047,100.80999755859375,101.5,4715100,MDT,-1.4355480457015624,101.65599975585937,101.80150032043457
2019-08-15,83.31446838378906,101.75,102.12000274658203,100.62999725341797,100.79000091552734,4366000,MDT,0.8124439634844327,101.55,101.82200050354004
2019-08-16,84.1414794921875,102.76000213623047,103.04000091552734,101.91999816894531,102.51000213623047,4758100,MDT,0.9926310921184012,101.76800079345703,101.92000045776368
2019-08-19,85.30421447753906,104.18000030517578,104.43000030517578,103.0199966430664,103.5,6106800,MDT,1.3818588355640538,102.40400085449218,102.06700057983399
2019-08-20,87.53958892822266,106.91000366210938,109.69999694824219,106.73999786376953,107.9800033569336,11295400,MDT,2.620467795101322,103.30600128173828,102.33200073242188
2019-08-21,88.26012420654297,107.79000091552734,108.01000213623047,106.47000122070312,106.61000061035156,6549300,MDT,0.8231196551065523,104.6780014038086,102.60500068664551
2019-08-22,88.29288482666016,107.83000183105469,108.30999755859375,107.2300033569336,108.0,4402600,MDT,0.037110042849608504,105.89400177001953,102.89200096130371
2019-08-23,86.83536529541016,106.05000305175781,108.02999877929688,105.55000305175781,107.66000366210938,5316000,MDT,-1.6507453853944365,106.552001953125,103.0670009613037
2019-08-26,87.52318572998047,106.88999938964844,106.95999908447266,106.16999816894531,106.61000061035156,3092600,MDT,0.7920757319362481,107.09400177001953,103.24850082397461
2019-08-27,88.055419921875,107.54000091552734,107.83000183105469,106.94999694824219,106.97000122070312,4429500,MDT,0.6081032178786305,107.22000122070312,103.43800086975098
2019-08-28,88.43207550048828,108.0,108.45999908447266,106.97000122070312,106.9800033569336,3924300,MDT,0.42774695978846644,107.26200103759766,103.74100074768066
2019-08-29,88.26832580566406,107.80000305175781,108.69999694824219,107.30000305175781,108.44000244140625,3992900,MDT,-0.18518235948350448,107.25600128173828,104.01250076293945
2019-08-30,88.34201049804688,107.88999938964844,108.44999694824219,107.31999969482422,108.43000030517578,3776500,MDT,0.08348454113440429,107.6240005493164,104.29050064086914
2019-09-03,87.99810791015625,107.47000122070312,107.6500015258789,106.79000091552734,107.23999786376953,4360100,MDT,-0.389283688313391,107.74000091552735,104.68850059509278
2019-09-04,88.15367889404297,107.66000366210938,108.0999984741211,107.16000366210938,107.88999938964844,4320900,MDT,0.17679579347547048,107.76400146484374,105.00950088500977
2019-09-05,88.20278930664062,107.72000122070312,108.76000213623047,107.2300033569336,108.76000213623047,4148200,MDT,0.055728735419746656,107.70800170898437,105.3260009765625
2019-09-06,88.99708557128906,108.69000244140625,108.75,107.41999816894531,107.87000274658203,4484900,MDT,0.9004838560257022,107.88600158691406,105.64650115966796
2019-09-09,88.3747787475586,107.93000030517578,109.25,107.55000305175781,108.80000305175781,4652700,MDT,-0.6992383100186017,107.89400177001953,105.95950126647949
2019-09-10,88.00630187988281,107.4800033569336,107.58000183105469,106.08000183105469,107.22000122070312,5063900,MDT,-0.41693407483536227,107.89600219726563,106.28350143432617
2019-09-11,88.94791412353516,108.62999725341797,109.37000274658203,107.5,108.19999694824219,6209100,MDT,1.0699607932326938,108.09000091552734,106.59500122070312
2019-09-12,90.3808364868164,110.37999725341797,111.23999786376953,109.38999938964844,109.5,5203200,MDT,1.6109730684402912,108.62200012207032,107.06750106811523
2019-09-13,89.79949188232422,109.66999816894531,110.4800033569336,109.30000305175781,110.0,6828600,MDT,-0.6432316562235418,108.81799926757813,107.4635009765625
2019-09-16,89.2918472290039,109.05000305175781,109.79000091552734,108.83000183105469,109.5,3402100,MDT,-0.5653279178799653,109.04199981689453,107.77800102233887
2019-09-17,89.52928161621094,109.33999633789062,110.02999877929688,108.95999908447266,109.05000305175781,4290900,MDT,0.2659268941012094,109.41399841308593,108.0360008239746
2019-09-18,90.0697021484375,110.0,110.31999969482422,108.87000274658203,109.5,5486000,MDT,0.6036250998854742,109.68799896240235,108.19050064086915
2019-09-19,90.89671325683594,111.01000213623047,111.7300033569336,110.12999725341797,110.33000183105469,3646400,MDT,0.9181837602095122,109.81399993896484,108.3515007019043
2019-09-20,91.03590393066406,111.18000030517578,111.5999984741211,110.6500015258789,111.45999908447266,7342900,MDT,0.1531377044175608,110.11600036621094,108.51900062561035
2019-09-23,90.75751495361328,110.83999633789062,111.37999725341797,110.69999694824219,110.79000091552734,3268200,MDT,-0.3058139650583658,110.4739990234375,108.758500289917
2019-09-24,89.8731918334961,109.76000213623047,112.05000305175781,109.4800033569336,111.13999938964844,6023400,MDT,-0.9743722819764877,110.55800018310546,108.9020004272461
2019-09-25,88.12093353271484,107.62000274658203,109.76000213623047,106.7300033569336,109.54000091552734,6715100,MDT,-1.9497078607855212,110.08200073242188,108.90600051879883
2019-09-26,88.38426971435547,107.4000015258789,107.9800033569336,106.27999877929688,107.94000244140625,4042500,MDT,-0.20442409876273437,109.36000061035156,108.87600059509278
2019-09-27,88.31843566894531,107.31999969482422,108.5199966430664,106.5,107.9000015258789,3111800,MDT,-0.0744895995512751,108.58800048828125,108.8520004272461
2019-09-30,89.38827514648438,108.62000274658203,109.05999755859375,107.45999908447266,107.61000061035156,3627500,MDT,1.2113334471249626,108.14400177001953,108.88850059509278
2019-10-01,89.05908966064453,108.22000122070312,109.69999694824219,108.05000305175781,108.83999633789062,3539600,MDT,-0.36825770186375006,107.83600158691407,108.92600059509277
2019-10-02,87.1827621459961,105.94000244140625,108.44999694824219,105.23999786376953,108.12000274658203,4413800,MDT,-2.1068182901301746,107.5000015258789,108.84000053405762
2019-10-03,87.99748229980469,106.93000030517578,107.26000213623047,105.19999694824219,105.87000274658203,2955200,MDT,0.9344891834574875,107.40600128173828,108.80050048828124
2019-10-04,89.33888244628906,108.55999755859375,108.6500015258789,107.37999725341797,107.54000091552734,3421500,MDT,1.5243591590442307,107.65400085449218,108.79400024414062
2019-10-07,88.2690658569336,107.26000213623047,108.36000061035156,107.16999816894531,107.91999816894531,3991000,MDT,-1.1974902833445822,107.38200073242187,108.76050033569337
2019-10-08,86.41741943359375,105.01000213623047,106.73999786376953,105.0,106.5,4633800,MDT,-2.0977064657730304,106.74000091552735,108.6370002746582
2019-10-09,87.84933471679688,106.75,107.0199966430664,105.44999694824219,105.80000305175781,2901200,MDT,1.6569829810232806,106.9020004272461,108.54300041198731
2019-10-10,88.40070343017578,107.41999816894531,107.61000061035156,105.77999877929688,105.87000274658203,2797200,MDT,0.6276329451478269,107.0,108.39500045776367
2019-10-11,88.53240966796875,107.58000183105469,108.73999786376953,107.44000244140625,108.5199966430664,3652800,MDT,0.14895146605544696,106.80400085449219,108.29050064086914
2019-10-14,88.52416229248047,107.56999969482422,108.20999908447266,107.30999755859375,107.94000244140625,1906900,MDT,-0.009297393623564076,106.86600036621094,108.21650047302246
2019-10-15,89.03437805175781,108.19000244140625,108.4800033569336,107.52999877929688,108.11000061035156,2720500,MDT,0.5763714310132784,107.50200042724609,108.15900077819825
2019-10-16,89.28950500488281,108.5,108.73999786376953,107.41999816894531,108.16999816894531,2986200,MDT,0.2865306882321672,107.8520004272461,108.08400077819825
2019-10-17,89.29773712158203,108.51000213623047,108.9800033569336,108.08999633789062,108.62999725341797,2332700,MDT,0.009218558737766891,108.07000122070312,107.95900077819825
2019-10-18,88.97679138183594,108.12000274658203,108.91000366210938,107.95999908447266,108.47000122070312,3155100,MDT,-0.35941330934525784,108.1780014038086,107.80600090026856
2019-10-21,87.74237060546875,106.62000274658203,108.61000061035156,106.45999908447266,108.44999694824219,4169000,MDT,-1.3873473565439998,107.98800201416016,107.59500122070312
2019-10-22,85.989501953125,104.48999786376953,107.41000366210938,104.27999877929688,106.93000030517578,6141000,MDT,-1.9977535433713722,107.24800109863281,107.33150100708008
2019-10-23,86.59025573730469,105.22000122070312,106.06999969482422,104.80999755859375,105.37999725341797,4543500,MDT,0.6986346749526584,106.59200134277344,107.21150093078613
2019-10-24,86.64784240722656,105.29000091552734,106.19000244140625,104.44999694824219,105.7300033569336,3482500,MDT,0.0665269853755257,105.94800109863282,107.10600090026855
2019-10-25,86.77129364013672,105.44000244140625,105.69999694824219,104.63999938964844,105.58999633789062,2671900,MDT,0.1424651197403426,105.41200103759766,107.01200103759766
2019-10-28,87.41319274902344,106.22000122070312,106.33999633789062,105.11000061035156,105.44999694824219,2651100,MDT,0.7397560330391073,105.33200073242188,106.89200096130371
2019-10-29,88.50769805908203,107.55000305175781,107.91999816894531,105.5999984741211,105.91999816894531,3587000,MDT,1.2521199545942663,105.94400177001953,106.85850105285644
2019-10-30,89.33065795898438,108.55000305175781,108.73999786376953,106.91000366210938,107.55000305175781,3065100,MDT,0.9298000665967088,106.61000213623046,106.98900108337402
2019-10-31,89.61868286132812,108.9000015258789,109.25,107.72000122070312,108.38999938964844,3999200,MDT,0.32243064420200973,107.33200225830078,107.08750114440917
2019-11-01,89.34710693359375,108.56999969482422,110.19999694824219,108.41000366210938,109.19999694824219,3844200,MDT,-0.3030319801935577,107.95800170898437,107.0880012512207
2019-11-04,88.17854309082031,107.1500015258789,109.0,106.97000122070312,109.0,3524800,MDT,-1.307910263366252,108.14400177001953,107.08250122070312
2019-11-05,86.8453369140625,105.52999877929688,106.95999908447266,104.86000061035156,106.94000244140625,4135700,MDT,-1.5119017484948594,107.74000091552735,107.10850105285644
2019-11-06,87.94808959960938,106.87000274658203,107.27999877929688,105.52999877929688,105.76000213623047,3654000,MDT,1.2697848789779753,107.40400085449218,107.11450119018555
2019-11-07,87.8905029296875,106.80000305175781,107.4800033569336,106.0199966430664,107.3499984741211,2630200,MDT,-0.06549985311613549,106.98400115966797,107.08350143432617
2019-11-08,88.07979583740234,107.02999877929688,107.58999633789062,106.66000366210938,107.12000274658203,2312800,MDT,0.2153517986582809,106.6760009765625,107.05600128173828
2019-11-11,88.84510803222656,107.95999908447266,108.73999786376953,107.05999755859375,107.72000122070312,3090400,MDT,0.8689155524457259,106.83800048828125,107.0755012512207
2019-11-12,89.396484375,108.62999725341797,108.98999786376953,108.12999725341797,108.5199966430664,2413500,MDT,0.6205985315182128,107.45800018310547,107.09750099182129
2019-11-13,89.70919799804688,109.01000213623047,109.25,108.33999633789062,108.69999694824219,2230800,MDT,0.3498157897638521,107.88600006103516,107.12300109863281
2019-11-14,89.87379455566406,109.20999908447266,109.98999786376953,108.23999786376953,109.94999694824219,3400600,MDT,0.18346660336017173,108.36799926757813,107.15800094604492
2019-11-15,92.21918487548828,112.05999755859375,112.1500015258789,109.9000015258789,109.94000244140625,6223500,MDT,2.609649755528931,109.3739990234375,107.35500068664551
2019-11-18,91.55261993408203,111.25,114.45999908447266,111.12999725341797,113.27999877929688,7547200,MDT,-0.7228248940218118,110.03199920654296,107.58650054931641
2019-11-19,91.40448760986328,111.06999969482422,112.55999755859375,109.48999786376953,112.48999786376953,7542100,MDT,-0.1617980271242936,110.51999969482422,107.91550064086914
2019-11-20,91.99700164794922,111.79000091552734,112.98999786376953,111.23999786376953,111.41000366210938,6029500,MDT,0.6482409495645935,111.0759994506836,108.24400062561035
2019-11-21,90.92716979980469,110.48999786376953,112.2699966430664,109.66999816894531,111.56999969482422,7026200,MDT,-1.1628974336802655,111.33199920654297,108.50400047302246
2019-11-22,91.19873046875,110.81999969482422,111.45999908447266,110.6500015258789,110.8499984741211,5567600,MDT,0.29867122584397165,111.08399963378906,108.77300033569335
2019-11-25,91.98876953125,111.77999877929688,111.86000061035156,110.66999816894531,111.2300033569336,5652600,MDT,0.866268802667669,111.18999938964843,109.05100021362304
2019-11-26,91.61844635009766,111.33000183105469,112.1500015258789,110.83000183105469,112.0,9385400,MDT,-0.40257376378279863,111.24199981689453,109.2400001525879
2019-11-27,92.55659484863281,112.47000122070312,112.70999908447266,111.2300033569336,111.37999725341797,3367200,MDT,1.023982188896766,111.37799987792968,109.43600006103516
2019-11-29,91.66781616210938,111.38999938964844,112.37999725341797,110.9000015258789,112.23999786376953,2786600,MDT,-0.9602576859009448,111.55800018310546,109.56049995422363
2019-12-02,91.27279663085938,110.91000366210938,111.62000274658203,109.69000244140625,111.19999694824219,3429800,MDT,-0.4309145616026133,111.5760009765625,109.6775001525879
2019-12-03,91.33863830566406,110.98999786376953,111.52999877929688,110.01000213623047,110.05000305175781,3573500,MDT,0.07212532595695098,111.41800079345703,109.86949996948242
2019-12-04,92.12045288085938,111.94000244140625,112.13999938964844,110.98999786376953,111.1500015258789,3003400,MDT,0.8559371077768274,111.54000091552734,110.19000015258788
2019-12-05,92.33441925048828,112.19999694824219,112.30999755859375,111.22000122070312,111.94000244140625,3205700,MDT,0.23226237374081027,111.48600006103516,110.4564998626709
2019-12-06,93.06681060791016,113.08999633789062,113.62000274658203,112.08000183105469,112.5,3623000,MDT,0.7932258590514829,111.8259994506836,110.77099952697753
2019-12-09,91.45384216308594,111.12999725341797,112.9800033569336,111.01000213623047,112.83000183105469,3403400,MDT,-1.7331321495639318,111.86999816894532,110.97599945068359
2019-12-10,91.37979125976562,111.04000091552734,111.88999938964844,110.9000015258789,111.36000061035156,3850700,MDT,-0.08098293900377085,111.87999877929687,111.12999954223633
2019-12-11,91.93938446044922,111.72000122070312,111.83999633789062,111.16999816894531,111.54000091552734,2897200,MDT,0.6123922006206373,111.83599853515625,111.28449974060058
2019-12-12,92.48251342773438,112.37999725341797,113.08000183105469,111.22000122070312,111.43000030517578,3741400,MDT,0.5907590632862725,111.8719985961914,111.45299949645997
2019-12-13,93.42068481445312,113.5199966430664,113.88999938964844,111.83999633789062,112.05999755859375,4180300,MDT,1.0144148580798928,111.95799865722657,111.66849937438965
2019-12-16,94.2601089477539,114.54000091552734,114.97000122070312,114.01000213623047,114.06999969482422,4304000,MDT,0.8985238747566848,112.63999938964844,111.79249954223633
2019-12-17,94.10372161865234,114.3499984741211,115.6500015258789,114.13999938964844,114.97000122070312,3864300,MDT,-0.16588304512619167,113.30199890136718,111.94749946594239
2019-12-18,93.65111541748047,113.80000305175781,114.55000305175781,113.69999694824219,114.11000061035156,4895100,MDT,-0.4809754522976717,113.71799926757812,112.08399963378906
2019-12-19,93.3960189819336,113.48999786376953,114.30000305175781,112.7699966430664,113.9000015258789,5116600,MDT,-0.2724122844243615,113.93999938964843,112.16899948120117
2019-12-20,93.60173797607422,113.73999786376953,115.94000244140625,113.36000061035156,115.25,10323900,MDT,0.22028372958478037,113.98399963378907,112.33149948120118
2019-12-23,93.72518920898438,113.88999938964844,114.13999938964844,113.38999938964844,113.77999877929688,3726500,MDT,0.1318810697170658,113.85399932861328,112.48499946594238
2019-12-24,93.62639617919922,113.7699966430664,114.30000305175781,113.4800033569336,114.06999969482422,1281400,MDT,-0.10536723788316937,113.73799896240234,112.58449935913086
2019-12-26,93.08897399902344,112.58000183105469,113.33999633789062,112.1500015258789,113.20999908447266,2942500,MDT,-1.0459654101468652,113.49399871826172,112.64699935913086
2019-12-27,93.72563934326172,113.3499984741211,113.58999633789062,112.4800033569336,112.9000015258789,2458900,MDT,0.6839550813135586,113.46599884033203,112.69099922180176
2019-12-30,93.37837219238281,112.93000030517578,113.88999938964844,112.54000091552734,113.7699966430664,2112800,MDT,-0.37053213462654444,113.30399932861329,112.76799926757812
2019-12-31,93.80834197998047,113.44999694824219,113.45999908447266,112.19999694824219,113.0,2806400,MDT,0.4604592594183998,113.21599884033203,112.89499893188477
2020-01-02,94.7261734008789,114.55999755859375,114.91000366210938,113.0999984741211,114.45999908447266,3917000,MDT,0.9784051478273437,113.3739990234375,113.07349891662598
2020-01-03,94.16390228271484,113.87999725341797,114.41000366210938,113.05000305175781,113.16000366210938,2764600,MDT,-0.593575698033677,113.63399810791016,113.17049865722656
2020-01-06,94.99903106689453,114.88999938964844,114.94999694824219,113.0999984741211,113.2699966430664,3332000,MDT,0.886900386889633,113.94199829101562,113.30499877929688
2020-01-07,94.66830444335938,114.48999786376953,115.30000305175781,114.13999938964844,114.33999633789062,4443800,MDT,-0.3481604386838755,114.25399780273438,113.37499885559082
2020-01-08,96.33028411865234,116.5,116.88999938964844,115.25,115.30999755859375,5482800,MDT,1.7556137424529883,114.86399841308594,113.64349899291992
2020-01-09,97.89308166503906,118.38999938964844,118.66999816894531,116.94999694824219,117.05000305175781,5120900,MDT,1.622317072659607,115.62999877929687,114.01099891662598
2020-01-10,98.09978485107422,118.63999938964844,118.95999908447266,117.91999816894531,118.70999908447266,3180900,MDT,0.21116648474437394,116.58199920654297,114.35699882507325
2020-01-13,97.57887268066406,118.01000213623047,118.7300033569336,117.16000366210938,118.30999755859375,3367100,MDT,-0.531015894014697,117.20599975585938,114.63849906921386
2020-01-14,96.77681732177734,117.04000091552734,117.66999816894531,116.16000366210938,117.37999725341797,5694200,MDT,-0.8219652598458249,117.71600036621093,114.81449928283692
2020-01-15,97.01660919189453,117.33000183105469,118.41000366210938,116.95999908447266,117.16999816894531,3683200,MDT,0.24777931754857985,117.88200073242187,114.95399932861328
2020-01-16,98.2817153930664,118.86000061035156,119.30000305175781,117.77999877929688,118.12000274658203,4019400,MDT,1.3040132578366004,117.9760009765625,115.1794994354248
2020-01-17,98.42227172851562,119.02999877929688,119.83999633789062,118.55999755859375,118.94999694824219,4906100,MDT,0.1430238667948558,118.05400085449219,115.44099922180176
2020-01-21,99.48892974853516,120.31999969482422,120.51000213623047,118.80999755859375,119.0,5596900,MDT,1.0837611768099276,118.51600036621093,115.78249931335449
2020-01-22,100.1256332397461,121.08999633789062,122.1500015258789,120.36000061035156,121.58999633789062,4169400,MDT,0.639957318001505,119.3259994506836,116.14999923706054
2020-01-23,100.02638244628906,120.97000122070312,121.29000091552734,119.63999938964844,120.73999786376953,4125900,MDT,-0.09909581370591836,120.05399932861329,116.50399932861328
2020-01-24,98.6124496459961,119.26000213623047,121.02999877929688,118.87000274658203,120.88999938964844,3382500,MDT,-1.4135728422064342,120.13399963378906,116.77849960327148
2020-01-27,98.58763885498047,119.2300033569336,120.05999755859375,118.20999908447266,118.5,4192100,MDT,-0.0251540992449506,120.1740005493164,117.11099967956542
2020-01-28,98.54629516601562,119.18000030517578,120.05000305175781,119.16000366210938,119.20999908447266,3422700,MDT,-0.04193831279877269,119.94600067138671,117.40249977111816
2020-01-29,97.87654113769531,118.37000274658203,120.1500015258789,118.31999969482422,119.75,3019500,MDT,-0.6796421853663803,119.402001953125,117.67449989318848
2020-01-30,97.69461822509766,118.1500015258789,118.5,116.69000244140625,117.43000030517578,5056200,MDT,-0.18585893013293164,118.83800201416015,117.90950012207031
2020-01-31,95.45381164550781,115.44000244140625,118.1500015258789,115.0,117.76000213623047,6067800,MDT,-2.2936936516916417,118.07400207519531,117.95350036621093
2020-02-03,97.56231689453125,117.98999786376953,118.33000183105469,115.88999938964844,115.94999694824219,5618400,MDT,2.2089356968418183,117.8260009765625,118.15900039672852
2020-02-04,99.216064453125,119.98999786376953,120.47000122070312,119.16999816894531,119.44999694824219,4000300,MDT,1.6950589339862487,117.98800048828124,118.41400032043457
2020-02-05,99.73699951171875,120.62000274658203,121.41000366210938,120.12000274658203,120.62999725341797,3811000,MDT,0.5250478323433061,118.43800048828125,118.72050056457519
2020-02-06,100.29927825927734,121.30000305175781,121.36000061035156,119.80999755859375,120.62999725341797,3763700,MDT,0.5637541781560396,119.06800079345703,118.96050071716309
2020-02-07,98.35610961914062,118.94999694824219,120.91000366210938,118.76000213623047,120.62999725341797,3946900,MDT,-1.93735040757822,119.76999969482422,118.98850059509277
2020-02-10,98.71167755126953,119.37999725341797,119.48999786376953,118.20999908447266,118.31999969482422,4056800,MDT,0.3614966929027297,120.04799957275391,119.02550048828125
2020-02-11,98.35610961914062,118.94999694824219,120.18000030517578,118.43000030517578,119.93000030517578,3959300,MDT,-0.36019460133089876,119.83999938964844,119.07250022888184
2020-02-12,96.3220443725586,116.48999786376953,118.88999938964844,116.29000091552734,118.88999938964844,7629200,MDT,-2.06809512197218,119.01399841308594,119.04500007629395
2020-02-13,96.6031723022461,116.83000183105469,117.51000213623047,114.0,115.0,5639900,MDT,0.29187395786784975,118.11999816894532,119.02000007629394
2020-02-14,97.01660919189453,117.33000183105469,117.52999877929688,116.0,116.8499984741211,3815600,MDT,0.4279722606895353,117.7959991455078,118.9435001373291
2020-02-18,93.1551284790039,112.66000366210938,115.0,111.94999694824219,114.2300033569336,12050300,MDT,-3.980225088268319,116.45200042724609,118.62500038146973
2020-02-19,94.07293701171875,113.7699966430664,114.94000244140625,113.19999694824219,113.9000015258789,5198400,MDT,0.9852591380044018,115.41600036621094,118.29750022888183
2020-02-20,94.1473388671875,113.86000061035156,115.41000366210938,113.22000122070312,115.02999877929688,4914900,MDT,0.07911045964739127,114.89000091552734,117.93600044250488
2020-02-21,93.66776275634766,113.27999877929688,113.86000061035156,112.68000030517578,113.58999633789062,5493800,MDT,-0.5093991111413732,114.18000030517578,117.55150032043457
2020-02-24,92.07189178466797,111.3499984741211,112.87000274658203,110.69999694824219,111.9000015258789,5334300,MDT,-1.703743225612131,112.98399963378907,117.1560001373291
2020-02-25,89.74014282226562,108.52999877929688,111.91000366210938,108.26000213623047,111.5999984741211,7074400,MDT,-2.532554767371298,112.15799865722656,116.62099990844726
2020-02-26,87.7721939086914,106.1500015258789,110.08999633789062,106.02999877929688,109.43000030517578,5426300,MDT,-2.192939537627614,110.63399963378906,115.96949996948243
2020-02-27,83.4972915649414,100.9800033569336,105.55000305175781,100.94000244140625,104.83999633789062,7263500,MDT,-4.870464526262763,108.05800018310546,115.1
2020-02-28,83.24093627929688,100.66999816894531,101.0,96.55999755859375,98.97000122070312,11686600,MDT,-0.30699661089582664,105.53600006103515,114.22599983215332
2020-03-02,84.85334014892578,102.62000274658203,102.87999725341797,99.5,101.62999725341797,8358000,MDT,1.9370265353181093,103.79000091552734,113.5849998474121
2020-03-03,83.0176773071289,100.4000015258789,104.66999816894531,98.79000091552734,103.19000244140625,8371600,MDT,-2.163322121697242,102.16400146484375,112.70550003051758
2020-03-04,85.6554183959961,103.58999633789062,103.9800033569336,100.94999694824219,102.55000305175781,8935200,MDT,3.177285621046,101.6520004272461,111.88549995422363
2020-03-05,82.83576965332031,100.18000030517578,102.83000183105469,99.04000091552734,102.77999877929688,5881600,MDT,-3.2918198216670413,101.49199981689453,110.86349983215332
2020-03-06,81.90968322753906,99.05999755859375,99.43000030517578,96.79000091552734,97.27999877929688,6843100,MDT,-1.1179903605212593,101.16999969482421,109.75149955749512
2020-03-09,76.40274047851562,92.4000015258789,95.47000122070312,91.70999908447266,94.0199966430664,9053800,MDT,-6.723194222547269,99.1259994506836,108.42399978637695
2020-03-10,79.67713165283203,96.36000061035156,96.37000274658203,91.38999938964844,95.19999694824219,9725800,MDT,4.285713224110244,98.31799926757813,107.27299995422364
2020-03-11,76.4358139038086,92.44000244140625,94.58000183105469,90.8499984741211,93.69000244140625,7893800,MDT,-4.068076114690477,96.08800048828125,105.94750022888184
2020-03-12,69.78780364990234,84.4000015258789,90.4000015258789,83.8499984741211,88.30000305175781,11417400,MDT,-8.697534295959752,92.93200073242187,104.3430004119873
2020-03-13,73.44255828857422,88.81999969482422,89.87999725341797,81.45999908447266,88.93000030517578,13456400,MDT,5.236964560468693,90.88400115966797,102.94250030517578
2020-03-16,64.02449798583984,77.43000030517578,83.44000244140625,76.30000305175781,80.52999877929688,10210000,MDT,-12.823687715360531,87.89000091552734,100.94750022888184
2020-03-17,66.32320404052734,80.20999908447266,81.44999694824219,76.58000183105469,79.06999969482422,11584600,MDT,3.5903380709544575,84.66000061035156,99.325
2020-03-18,61.63484573364258,74.54000091552734,78.41000366210938,72.12999725341797,77.0,10468300,MDT,-7.068941819802276,81.08000030517579,97.36350021362304
2020-03-19,65.50460052490234,79.22000122070312,80.5,73.30000305175781,78.04000091552734,11112000,MDT,6.2785085158228116,80.04400024414062,95.63150024414062
2020-03-20,64.0492935180664,77.45999908447266,81.66000366210938,75.79000091552734,80.97000122070312,11355200,MDT,-2.2216638590135673,77.77200012207031,93.84050025939942
2020-03-23,60.295318603515625,72.91999816894531,77.12000274658203,72.16000366210938,75.68000030517578,11494600,MDT,-5.8610908458394455,76.86999969482422,91.91900024414062
2020-03-24,66.43895721435547,80.3499984741211,82.22000122070312,76.55999755859375,77.37000274658203,9955900,MDT,10.189249165861902,76.8979995727539,90.51000022888184
2020-03-25,71.788818359375,86.81999969482422,90.04000091552734,80.62000274658203,82.0,16273700,MDT,8.052272985153785,79.35399932861328,89.5435001373291
2020-03-26,76.4981689453125,91.94000244140625,93.7699966430664,89.04000091552734,89.04000091552734,12537800,MDT,5.89726188041817,81.8979995727539,89.09150009155273
2020-03-27,74.79247283935547,89.88999938964844,92.41000366210938,88.0,88.55999755859375,10665800,MDT,-2.2297182916264258,84.38399963378906,88.5525001525879
2020-03-30,76.58970642089844,92.05000305175781,93.12000274658203,90.5,90.75,8248200,MDT,2.402941013211435,88.21000061035156,88.02400016784668
2020-03-31,75.03376770019531,90.18000030517578,92.51000213623047,89.5199966430664,91.68000030517578,14088100,MDT,-2.0315075334984667,90.1760009765625,87.51300010681152
2020-04-01,69.98326873779297,84.11000061035156,87.69000244140625,82.9800033569336,87.11000061035156,8110000,MDT,-6.730982118299944,89.63400115966797,86.53900032043457
2020-04-02,71.68064880371094,86.1500015258789,86.5,81.33000183105469,82.79000091552734,7152600,MDT,2.4253963865460637,88.4760009765625,85.83750038146972
2020-04-03,71.78046417236328,86.2699966430664,87.48999786376953,84.77999877929688,86.02999877929688,5625700,MDT,0.13928626240529152,87.75200042724609,85.19800033569337
2020-04-06,78.2870864868164,94.08999633789062,95.0,88.05000305175781,89.3499984741211,8952300,MDT,9.064564737586235,88.15999908447266,85.28250007629394
2020-04-07,78.59493255615234,94.45999908447266,101.0,94.31999969482422,97.26000213623047,7688400,MDT,0.39324344880755646,89.01599884033203,85.1875
2020-04-08,82.6053695678711,99.27999877929688,99.83999633789062,94.63999938964844,95.16999816894531,7655400,MDT,5.102688695258029,92.0499984741211,85.52949981689453
2020-04-09,84.06143951416016,101.02999877929688,102.4800033569336,99.2699966430664,99.5,8079400,MDT,1.7626913995943072,95.02599792480468,86.36099967956542
2020-04-13,82.8050765991211,99.5199966430664,100.4800033569336,97.23999786376953,100.2300033569336,5355500,MDT,-1.4946076952144782,97.67599792480469,86.89599952697753
2020-04-14,84.20291137695312,101.19999694824219,101.79000091552734,99.83000183105469,101.22000122070312,5013600,MDT,1.688103257480189,99.097998046875,88.08449935913086
2020-04-15,80.97457885742188,97.31999969482422,98.16000366210938,95.86000061035156,97.36000061035156,7727300,MDT,-3.833989496464474,99.66999816894531,88.93999938964843
2020-04-16,79.62666320800781,95.69999694824219,98.19000244140625,95.47000122070312,98.11000061035156,7944400,MDT,-1.6646144180662015,98.95399780273438,89.99799919128418
2020-04-17,85.97515106201172,103.33000183105469,103.55000305175781,97.83999633789062,97.86000061035156,9559900,MDT,7.972837122386811,99.41399841308593,91.20349922180176
2020-04-20,84.48580932617188,101.54000091552734,103.05999755859375,101.5199966430664,102.05000305175781,4729700,MDT,-1.7323148009365297,99.81799926757813,92.40749931335449
2020-04-21,81.21587371826172,97.61000061035156,100.68000030517578,97.30000305175781,99.5,5472900,MDT,-3.870396168742607,99.1,93.64199943542481
2020-04-22,79.94285583496094,96.08000183105469,98.58999633789062,93.72000122070312,98.56999969482422,7696500,MDT,-1.5674610897754904,98.8520004272461,94.42849960327149
2020-04-23,79.73483276367188,95.83000183105469,97.44000244140625,95.73999786376953,96.5,5854900,MDT,-0.2601998285133189,98.8780014038086,94.87899971008301
2020-04-24,82.62202453613281,99.30000305175781,99.52999877929688,96.5,97.5999984741211,4631500,MDT,3.620996717521341,98.07200164794922,95.24699974060059
2020-04-27,83.8368148803711,100.76000213623047,101.4800033569336,99.25,100.02999877929688,5019000,MDT,1.4702910771429378,97.91600189208984,95.79049987792969
2020-04-28,81.57366180419922,98.04000091552734,102.48999786376953,97.81999969482422,102.36000061035156,4501000,MDT,-2.699485076454844,98.002001953125,96.08999977111816
2020-04-29,82.48889923095703,99.13999938964844,100.79000091552734,98.7300033569336,99.5,5393600,MDT,1.1219894572102929,98.61400146484375,96.53799972534179
2020-04-30,81.23250579833984,97.62999725341797,99.44000244140625,96.8499984741211,98.12999725341797,5497000,MDT,-1.5231008125143664,98.9740005493164,97.21399955749511
2020-05-01,79.16072845458984,95.13999938964844,97.18000030517578,94.5999984741211,97.0,4172000,MDT,-2.550443443428818,98.14199981689453,97.66349945068359
2020-05-04,79.26058197021484,95.26000213623047,95.69999694824219,93.61000061035156,94.52999877929688,4717600,MDT,0.12613280150501893,97.04199981689453,98.1129997253418
2020-05-05,81.45716094970703,97.9000015258789,98.91999816894531,96.68000030517578,96.79000091552734,4200200,MDT,2.771361883734791,97.01399993896484,98.30349998474121
2020-05-06,80.50865173339844,96.76000213623047,98.73999786376953,96.56999969482422,98.30999755859375,3605900,MDT,-1.1644528824109268,96.53800048828126,98.4185001373291
2020-05-07,82.32247161865234,98.94000244140625,99.75,97.83999633789062,98.37999725341797,4403500,MDT,2.252997371895993,96.80000152587891,98.40150032043456
2020-05-08,82.39736938476562,99.02999877929688,100.6500015258789,98.12999725341797,100.41999816894531,4277800,MDT,0.09096051715171694,97.5780014038086,98.30150032043457
2020-05-11,82.15605926513672,98.73999786376953,99.30999755859375,96.95999908447266,97.83999633789062,3490400,MDT,-0.2928414814723501,98.27400054931641,98.26250038146972
2020-05-12,79.21063232421875,95.19999694824219,99.26000213623047,95.16999816894531,99.0999984741211,4411800,MDT,-3.5851741868694775,97.73399963378907,97.96250038146972
2020-05-13,77.61311340332031,93.27999877929688,95.43000030517578,92.9800033569336,95.0,7111000,MDT,-2.0168048639635616,97.03799896240234,97.76050033569337
2020-05-14,78.06241607666016,93.81999969482422,93.87999725341797,89.6500015258789,92.19999694824219,6355800,MDT,0.5789032189044141,96.01399841308594,97.66650047302247
2020-05-15,78.12065887451172,93.88999938964844,94.2300033569336,92.0,92.9800033569336,8591500,MDT,0.07461063211673391,94.98599853515626,97.19450035095215
2020-05-18,82.28919982910156,98.9000015258789,100.1500015258789,96.55000305175781,96.81999969482422,7047500,MDT,5.336033836190257,95.01799926757812,97.06250038146973
2020-05-19,80.7332763671875,97.02999877929688,99.87999725341797,96.94999694824219,99.0,4801700,MDT,-1.8908015346114193,95.38399963378906,97.03350028991699
2020-05-20,81.60692596435547,98.08000183105469,99.19000244140625,96.94999694824219,97.88999938964844,4270900,MDT,1.0821427032542186,96.34400024414063,97.133500289917
2020-05-21,79.3853759765625,95.41000366210938,97.30000305175781,94.06999969482422,95.0999984741211,7021400,MDT,-2.7222656189836214,96.66200103759766,97.11250038146973
2020-05-22,78.81126403808594,94.72000122070312,95.87999725341797,92.79000091552734,95.5199966430664,6518300,MDT,-0.7231971647856383,96.8280014038086,96.883500289917
2020-05-26,80.83312225341797,97.1500015258789,98.08999633789062,94.81999969482422,97.58000183105469,7086300,MDT,2.565456370206065,96.47800140380859,96.70300025939942
2020-05-27,79.87627410888672,96.0,98.13999938964844,94.91000366210938,97.43000030517578,6163700,MDT,-1.1837380420138932,96.27200164794922,96.60100021362305
2020-05-28,81.65685272216797,98.13999938964844,99.7300033569336,97.19999694824219,97.5199966430664,5444200,MDT,2.229166030883789,96.28400115966797,96.55100021362304
2020-05-29,82.02295684814453,98.58000183105469,99.0999984741211,96.22000122070312,99.0999984741211,8956300,MDT,0.4483415978629557,96.91800079345703,96.59850044250489
2020-06-01,80.79985809326172,97.11000061035156,98.5,96.91000366210938,97.7300033569336,4860000,MDT,-1.4911758910518103,97.39600067138672,96.69700050354004
2020-06-02,80.91632843017578,97.25,97.66999816894531,96.47000122070312,97.19999694824219,8363300,MDT,0.14416577980487233,97.41600036621094,96.79650039672852
2020-06-03,80.7915267944336,97.0999984741211,98.04000091552734,96.97000122070312,97.51000213623047,7508900,MDT,-0.15424321427136567,97.63600006103516,96.75650024414062
2020-06-04,80.70000457763672,96.98999786376953,97.66999816894531,96.41999816894531,96.75,8785200,MDT,-0.11328590327515098,97.40599975585937,96.76800003051758
2020-06-05,84.90182495117188,102.04000091552734,103.08000183105469,98.06999969482422,98.75,10060400,MDT,5.206725603655493,98.0979995727539,96.92299995422363
2020-06-08,84.3110580444336,101.33000183105469,103.2300033569336,100.86000061035156,101.72000122070312,6929600,MDT,-0.6958046629776282,98.94199981689454,97.03800010681152
2020-06-09,82.46394348144531,99.11000061035156,103.05999755859375,99.0,102.01000213623047,5622500,MDT,-2.1908627065895914,99.31399993896484,97.05650024414062
2020-06-10,81.16594696044922,97.55000305175781,99.66999816894531,97.1500015258789,99.20999908447266,6098300,MDT,-1.5740062042041925,99.40400085449218,97.1740005493164
2020-06-11,75.60789489746094,90.87000274658203,95.91999816894531,90.79000091552734,95.8499984741211,8829600,MDT,-6.847770472781556,98.18000183105468,97.05350074768066
2020-06-12,77.55487823486328,93.20999908447266,95.30000305175781,91.75,93.8499984741211,7333400,MDT,2.5751031882505826,96.41400146484375,97.02300071716309
2020-06-15,77.89601135253906,93.62000274658203,94.0,90.68000030517578,91.37000274658203,6026000,MDT,0.43987090026447184,94.87200164794922,97.00950088500977
2020-06-16,79.5018539428711,95.55000305175781,96.9000015258789,94.62999725341797,96.5,6500100,MDT,2.061525580596335,94.16000213623047,96.84200096130371
2020-06-17,79.44361877441406,95.4800033569336,96.48999786376953,95.0,95.6500015258789,5360900,MDT,-0.07325975153166242,93.74600219726562,96.76450119018554
2020-06-18,78.56996154785156,94.43000030517578,95.56999969482422,93.94999694824219,94.73999786376953,3692600,MDT,-1.0997099024311674,94.45800170898437,96.58200111389161
2020-06-19,78.13731384277344,93.91000366210938,96.37999725341797,93.33999633789062,96.04000091552734,7084200,MDT,-0.5506688990637443,94.59800262451172,96.5070011138916
2020-06-22,77.65471649169922,93.33000183105469,93.72000122070312,91.69000244140625,93.02999877929688,5370200,MDT,-0.6176145335288763,94.54000244140624,96.43750114440918
2020-06-23,77.7046127319336,93.38999938964844,95.12999725341797,93.29000091552734,94.37999725341797,5160200,MDT,0.0642853931390297,94.10800170898438,96.24950103759765
2020-06-24,73.99370574951172,88.93000030517578,92.61000061035156,88.87000274658203,92.51000213623047,10928600,MDT,-4.775670964365608,92.79800109863281,95.89600105285645
2020-06-25,74.42084503173828,88.86000061035156,89.08000183105469,87.68000030517578,88.19999694824219,5671100,MDT,-0.07871325152817299,91.68400115966797,95.4320011138916
2020-06-26,74.34547424316406,88.7699966430664,89.5999984741211,88.19000244140625,89.0,9108200,MDT,-0.1012873808991066,90.65599975585937,94.94150085449219
2020-06-29,75.59335327148438,90.26000213623047,90.30000305175781,88.45999908447266,89.4800033569336,5241600,MDT,1.6785012386056453,90.04199981689453,94.59900093078613
2020-06-30,76.79936981201172,91.69999694824219,92.16999816894531,89.01000213623047,90.19999694824219,5463800,MDT,1.5953853068143342,89.70399932861328,94.32150077819824
2020-07-01,77.31863403320312,92.31999969482422,92.7300033569336,91.45999908447266,91.77999877929688,4328700,MDT,0.6761207930377378,90.38199920654297,94.0825008392334
2020-07-02,78.02214050292969,93.16000366210938,94.41999816894531,92.97000122070312,93.30999755859375,3937800,MDT,0.9098829831692967,91.24199981689453,93.8910011291504
2020-07-06,78.06401062011719,93.20999908447266,94.81999969482422,92.5,94.12000274658203,4366400,MDT,0.053666187631984386,92.13000030517578,93.44950103759766
2020-07-07,76.77424621582031,91.66999816894531,93.08999633789062,91.44999694824219,92.06999969482422,4045600,MDT,-1.6521842405895715,92.41199951171875,92.96650085449218
2020-07-08,76.7239990234375,91.61000061035156,92.01000213623047,90.63999938964844,91.62000274658203,3956300,MDT,-0.06544950342769473,92.39400024414063,92.59150085449218
2020-07-09,75.48448181152344,90.12999725341797,91.79000091552734,89.22000122070312,91.44000244140625,4061100,MDT,-1.6155478081793184,91.95599975585938,92.22050056457519
2020-07-10,76.05398559570312,90.80999755859375,90.97000122070312,89.37000274658203,89.68000030517578,4933900,MDT,0.7544661332495428,91.48599853515626,92.21750030517578
2020-07-13,77.69549560546875,92.7699966430664,94.66999816894531,91.04000091552734,91.30999755859375,7442300,MDT,2.158351654186541,91.397998046875,92.19550018310547
2020-07-14,79.27002716064453,94.6500015258789,94.66999816894531,91.9800033569336,92.73999786376953,5421900,MDT,2.0265225297418477,91.99399871826172,92.24700012207032
2020-07-15,81.3721694946289,97.16000366210938,98.22000122070312,95.61000061035156,95.61000061035156,5644600,MDT,2.651877544390935,93.10399932861328,92.32750015258789
2020-07-16,80.19127655029297,95.75,96.83000183105469,95.25,96.5999984741211,4123800,MDT,-1.4512182060150036,94.22799987792969,92.34099998474122
2020-07-17,82.5614242553711,98.58000183105469,98.95999908447266,96.11000061035156,96.23999786376953,5557700,MDT,2.955615489352148,95.78200073242188,92.54850006103516
2020-07-20,80.17452239990234,95.7300033569336,98.30999755859375,95.68000030517578,98.22000122070312,4081800,MDT,-2.8910513503594637,96.3740020751953,92.63950004577637
2020-07-21,81.07901763916016,96.80999755859375,98.0,96.20999908447266,96.5199966430664,3664500,MDT,1.1281668899909558,96.80600128173828,92.81349983215333
2020-07-22,81.64854431152344,97.48999786376953,97.55999755859375,96.38999938964844,96.7699966430664,3618000,MDT,0.7024071091048301,96.87200012207032,93.01849975585938
2020-07-23,80.8780288696289,96.56999969482422,97.61000061035156,96.18000030517578,97.61000061035156,3652600,MDT,-0.9436846744328542,97.03600006103515,93.4004997253418
2020-07-24,80.69376373291016,96.3499984741211,96.87999725341797,95.80000305175781,96.43000030517578,4071900,MDT,-0.22781528569779663,96.58999938964844,93.77499961853027
2020-07-27,80.76077270507812,96.43000030517578,97.25,95.66999816894531,96.30999755859375,3701900,MDT,0.08303251927521682,96.72999877929688,94.15799980163574
2020-07-28,80.69376373291016,96.3499984741211,97.20999908447266,95.77999877929688,96.16999816894531,4325500,MDT,-0.08296363248108118,96.63799896240235,94.46249961853027
2020-07-29,82.67867279052734,98.72000122070312,99.4000015258789,96.44999694824219,96.83000183105469,7020200,MDT,2.459784934214193,96.88399963378906,94.81349983215333
2020-07-30,80.79428100585938,96.47000122070312,97.51000213623047,95.37999725341797,97.20999908447266,3830000,MDT,-2.2791733915904167,96.86399993896484,95.02099990844727
2020-07-31,80.80265808105469,96.4800033569336,96.55000305175781,94.63999938964844,96.41999816894531,5155300,MDT,0.01036813113288737,96.89000091552734,95.18699989318847
2020-08-03,81.5145263671875,97.33000183105469,97.6500015258789,95.95999908447266,96.94000244140625,3708100,MDT,0.8810099964201568,97.07000122070312,95.39300003051758
2020-08-04,80.6435317993164,96.29000091552734,97.58000183105469,95.97000122070312,96.9000015258789,4241600,MDT,-1.0685306647097104,97.05800170898438,95.62400016784667
2020-08-05,81.25491333007812,97.0199966430664,97.7699966430664,96.69000244140625,96.80999755859375,3201500,MDT,0.7581220486013507,96.71800079345704,95.89449996948242
2020-08-06,81.01202392578125,96.7300033569336,97.70999908447266,96.30999755859375,96.81999969482422,5009000,MDT,-0.29890053202092925,96.77000122070312,96.2245002746582
2020-08-07,83.79256439208984,100.05000305175781,100.08999633789062,96.5999984741211,96.7300033569336,4476900,MDT,3.432233618945957,97.48400115966797,96.6865005493164
2020-08-10,84.06892395019531,100.37999725341797,100.55000305175781,99.56999969482422,100.18000030517578,5096400,MDT,0.329829276956084,98.09400024414063,97.06700057983399
2020-08-11,84.35368347167969,100.72000122070312,102.48999786376953,100.5199966430664,101.69999694824219,4464800,MDT,0.33871685254860395,98.98000030517578,97.3705005645752
2020-08-12,85.5010757446289,102.08999633789062,102.75,100.97000122070312,102.0999984741211,3471800,MDT,1.3602016487127333,99.99400024414062,97.61700019836425
2020-08-13,84.83106994628906,101.29000091552734,101.87999725341797,100.29000091552734,101.2699966430664,3715000,MDT,-0.7836178382409908,100.90599975585937,97.89400024414063
2020-08-14,84.34530639648438,100.70999908447266,102.04000091552734,100.33000183105469,101.04000091552734,2925700,MDT,-0.5726150911365746,101.03799896240234,98.00050010681153
2020-08-17,85.30844116210938,101.86000061035156,103.19000244140625,101.51000213623047,102.08999633789062,3689600,MDT,1.1418940883062945,101.33399963378906,98.30699996948242
2020-08-18,85.05718231201172,101.55999755859375,102.83000183105469,101.45999908447266,102.41999816894531,4043900,MDT,-0.294524887060843,101.50199890136719,98.54449996948242
2020-08-19,84.43743896484375,100.81999969482422,102.18000030517578,100.5999984741211,101.9000015258789,3353400,MDT,-0.7286312343032453,101.24799957275391,98.71100006103515
2020-08-20,83.98516845703125,100.27999877929688,100.70999908447266,99.87999725341797,100.19000244140625,3350500,MDT,-0.5356089239852091,101.0459991455078,98.8965000152588
2020-08-21,82.68705749511719,98.7300033569336,100.08999633789062,98.44000244140625,99.97000122070312,6734100,MDT,-1.5456675720296076,100.65,99.01550025939942
2020-08-24,83.85955810546875,100.12999725341797,101.29000091552734,99.37999725341797,99.81999969482422,5265400,MDT,1.4180024803838398,100.30399932861329,99.20050010681152
2020-08-25,85.9197998046875,102.58999633789062,105.87999725341797,102.25,104.9000015258789,9155300,MDT,2.456805305054255,100.50999908447265,99.5125
2020-08-26,87.16770935058594,104.08000183105469,104.58999633789062,102.0999984741211,103.5,6126300,MDT,1.4523886795517305,101.16199951171875,99.78050003051757
2020-08-27,89.4959716796875,106.86000061035156,107.19999694824219,104.25,104.44999694824219,6872500,MDT,2.6710210707042936,102.47799987792969,100.3
2020-08-28,90.33346557617188,107.86000061035156,108.19999694824219,106.01000213623047,106.83999633789062,5699400,MDT,0.9358038501668497,104.30399932861329,100.8689998626709
2020-08-31,90.0068588256836,107.47000122070312,108.72000122070312,107.1500015258789,107.69999694824219,4706200,MDT,-0.3615792577800203,105.77200012207031,101.37599983215333
2020-09-01,90.0487289428711,107.5199966430664,107.52999877929688,106.13999938964844,106.3499984741211,3705100,MDT,0.04652035153569489,106.75800018310547,101.93749961853027
2020-09-02,91.10397338867188,108.77999877929688,109.1500015258789,107.13999938964844,107.55999755859375,4452200,MDT,1.171877023409218,107.6979995727539,102.5254997253418
2020-09-03,88.90135192871094,106.1500015258789,109.16000366210938,105.3499984741211,108.83000183105469,5028100,MDT,-2.4177213485302107,107.55599975585938,102.99649963378906
2020-09-04,88.55797576904297,105.73999786376953,107.75,104.2300033569336,106.51000213623047,5813100,MDT,-0.3862493228597996,107.13199920654297,103.28099937438965
2020-09-08,87.58647155761719,104.58000183105469,105.55000305175781,103.81999969482422,105.0,5090900,MDT,-1.097026722290395,106.55399932861329,103.49099960327149
2020-09-09,89.32848358154297,106.66000366210938,107.3499984741211,105.01000213623047,105.05000305175781,5549200,MDT,1.9889097290463509,106.38200073242187,103.78799972534179
2020-09-10,87.75395965576172,104.77999877929688,107.13999938964844,104.43000030517578,106.80000305175781,3636900,MDT,-1.7626146805396758,105.58200073242188,103.92249984741211
2020-09-11,87.74557495117188,104.7699966430664,105.48999786376953,103.97000122070312,105.08999633789062,2836700,MDT,-0.009545844958003258,105.30599975585938,104.09649963378907
2020-09-14,89.58808898925781,106.97000122070312,107.63999938964844,105.51000213623047,105.66999816894531,4393500,MDT,2.099842176316713,105.5520004272461,104.40949974060058
2020-09-15,90.09061431884766,107.56999969482422,108.69000244140625,107.2300033569336,107.77999877929688,3293600,MDT,0.560903493759124,106.15,104.69499969482422
2020-09-16,90.02360534667969,107.48999786376953,108.55999755859375,107.30999755859375,107.94999694824219,3723800,MDT,-0.07437187996807149,106.31599884033203,104.991499710083
2020-09-17,90.29161071777344,107.80999755859375,107.88999938964844,105.91999816894531,107.23999786376953,3541900,MDT,0.2977018338299553,106.9219985961914,105.34099960327148
2020-09-18,90.11572265625,107.5999984741211,109.23999786376953,107.08999633789062,107.81999969482422,6265900,MDT,-0.19478628070510595,107.48799896240234,105.70699958801269
2020-09-21,87.77072143554688,104.80000305175781,105.69999694824219,103.08999633789062,105.2699966430664,4821300,MDT,-2.6022262658644046,107.05399932861329,106.0104995727539
2020-09-22,87.39382934570312,104.3499984741211,105.19000244140625,102.9000015258789,104.44000244140625,3568700,MDT,-0.42939366844719773,106.40999908447266,106.22149963378907
2020-09-23,86.24644470214844,102.9800033569336,104.77999877929688,102.91999816894531,104.33999633789062,5057800,MDT,-1.3128846547393658,105.50800018310547,106.24099998474121
2020-09-24,85.29469299316406,101.2699966430664,102.16999816894531,100.31999969482422,101.7699966430664,5352400,MDT,-1.6605230706200569,104.2,106.10049972534179
2020-09-25,86.88655090332031,103.16000366210938,103.6500015258789,100.30000305175781,100.87999725341797,3661900,MDT,1.8663050080908405,103.31200103759765,105.91549987792969
2020-09-28,87.28241729736328,103.62999725341797,105.38999938964844,103.45999908447266,104.87999725341797,3403200,MDT,0.45559671832506865,103.07799987792968,105.70399971008301
2020-09-29,86.49070739746094,102.69000244140625,105.23999786376953,102.08999633789062,105.12000274658203,4044500,MDT,-0.9070682591190704,102.74600067138672,105.46499977111816
2020-09-30,87.52667236328125,103.91999816894531,104.87000274658203,102.5,102.81999969482422,6474400,MDT,1.1977755363681952,102.93399963378906,105.28499984741211
2020-10-01,86.16221618652344,102.30000305175781,104.94999694824219,102.0199966430664,103.4800033569336,5228200,MDT,-1.558886783806357,103.14000091552734,104.96100006103515
2020-10-02,85.8758544921875,101.95999908447266,103.11000061035156,101.0,101.0,4116000,MDT,-0.33235968440111785,102.9,104.75149993896484
2020-10-05,87.34979248046875,103.70999908447266,104.12000274658203,102.66000366210938,103.19999694824219,2551000,MDT,1.7163593720221026,102.91600036621094,104.65
2020-10-06,87.07184600830078,103.37999725341797,105.33000183105469,103.06999969482422,103.69000244140625,2982500,MDT,-0.31819673509581037,103.05399932861329,104.58999977111816
2020-10-07,88.99217224121094,105.66000366210938,106.30999755859375,103.91999816894531,104.33000183105469,3386000,MDT,2.205461858450586,103.4020004272461,104.53999977111816
2020-10-08,90.79461669921875,107.80000305175781,110.0,107.7300033569336,110.0,5617000,MDT,2.0253637284472825,104.50200042724609,104.69099998474121
2020-10-09,91.5357666015625,108.68000030517578,109.05999755859375,107.97000122070312,108.5,2950900,MDT,0.8163239596528094,105.84600067138672,104.88650016784668
2020-10-12,91.8558120727539,109.05999755859375,109.94000244140625,108.0999984741211,109.62999725341797,2898900,MDT,0.3496478214491505,106.91600036621094,104.99099998474121
2020-10-13,90.07026672363281,106.94000244140625,108.95999908447266,106.55000305175781,108.5999984741211,3822800,MDT,-1.943879666830639,107.6280014038086,104.95950012207031
2020-10-14,90.59246826171875,107.55999755859375,109.55999755859375,107.29000091552734,107.7300033569336,3582000,MDT,0.5797597746710403,108.00800018310547,104.96300010681152
2020-10-15,90.55876922607422,107.5199966430664,108.22000122070312,105.79000091552734,106.0199966430664,3952600,MDT,-0.037189397950254666,107.95199890136719,104.94850006103516
2020-10-16,92.7570571899414,110.12999725341797,111.04000091552734,107.80000305175781,107.87999725341797,6405600,MDT,2.4274560005949075,108.24199829101562,105.075
2020-10-19,91.3673095703125,108.4800033569336,111.58000183105469,108.12999725341797,110.8499984741211,5333600,MDT,-1.4982238605596332,108.1259994506836,105.25900001525879
2020-10-20,91.93163299560547,109.1500015258789,110.43000030517578,108.13999938964844,108.13999938964844,3879400,MDT,0.6176236616999509,108.56799926757813,105.49900016784667
2020-10-21,91.99901580810547,109.2300033569336,110.33000183105469,108.2699966430664,108.86000061035156,3566900,MDT,0.07329530914914617,108.9020004272461,105.81150016784667
2020-10-22,94.1972885131836,111.83999633789062,112.19999694824219,109.06999969482422,109.36000061035156,4306800,MDT,2.389446947491436,109.76600036621093,106.34000015258789
2020-10-23,93.84353637695312,111.41999816894531,112.4800033569336,111.1500015258789,111.80000305175781,3919000,MDT,-0.37553485577415113,110.02400054931641,106.75299987792968
2020-10-26,90.90409851074219,107.93000030517578,110.27999877929688,106.43000030517578,110.0199966430664,5763800,MDT,-3.132290361805312,109.91399993896485,106.96800003051757
2020-10-27,88.61316680908203,105.20999908447266,108.06999969482422,104.9000015258789,107.5999984741211,5023200,MDT,-2.5201530742260947,109.1259994506836,107.0939998626709
2020-10-28,86.40645599365234,102.58999633789062,104.23999786376953,101.45999908447266,103.12000274658203,7089600,MDT,-2.4902602123192175,107.797998046875,107.02749977111816
2020-10-29,85.37894439697266,101.37000274658203,103.05000305175781,100.88999938964844,102.5999984741211,4858200,MDT,-1.189193522622245,105.70399932861328,106.98099975585937
2020-10-30,84.70512390136719,100.56999969482422,101.5,98.94000244140625,101.25,5872300,MDT,-0.7891911118496853,103.53399963378907,106.91149978637695
2020-11-02,86.271728515625,102.43000030517578,102.9800033569336,101.1500015258789,102.79000091552734,5302700,MDT,1.8494587013976993,102.43399963378906,106.84749984741211
2020-11-03,86.86128234863281,103.12999725341797,105.19000244140625,103.06999969482422,103.81999969482422,3859200,MDT,0.6833905556542508,102.01799926757812,106.8349998474121
2020-11-04,86.29698181152344,102.45999908447266,105.1500015258789,102.12000274658203,104.11000061035156,6023200,MDT,-0.6496637125849469,101.99199981689453,106.67499961853028
2020-11-05,87.60247039794922,104.01000213623047,105.0199966430664,103.41999816894531,104.30000305175781,3692600,MDT,1.5127884692639038,102.51999969482422,106.48549957275391
2020-11-06,87.22345733642578,103.55999755859375,104.56999969482422,103.0,104.33000183105469,3924300,MDT,-0.432655098927226,103.11799926757813,106.2294994354248
2020-11-09,95.35960388183594,113.22000122070312,116.20999908447266,111.69000244140625,113.12999725341797,11674900,MDT,9.32792959621671,105.2759994506836,106.43749961853027
2020-11-10,96.48820495605469,114.55999755859375,114.91999816894531,111.94000244140625,112.80999755859375,5441400,MDT,1.1835332303861579,107.56199951171875,106.81849937438965
2020-11-11,92.84969329833984,110.23999786376953,114.9000015258789,109.68000030517578,114.62000274658203,6191700,MDT,-3.770949534644219,109.11799926757813,106.95249938964844
2020-11-12,92.3106460571289,109.5999984741211,111.02999877929688,108.80999755859375,109.5,3904600,MDT,-0.580550981540584,110.23599853515626,107.05649948120117
2020-11-13,94.753173828125,112.5,112.69000244140625,110.12000274658203,110.91999816894531,3627100,MDT,2.6459868305232392,112.0239990234375,107.17499961853028
2020-11-16,94.0119857788086,111.62000274658203,114.30000305175781,111.08000183105469,114.12000274658203,3690500,MDT,-0.7822197808159737,111.70399932861328,107.33199958801269
2020-11-17,92.76545715332031,110.13999938964844,110.8499984741211,109.36000061035156,110.54000091552734,3589000,MDT,-1.3259302280199226,110.81999969482422,107.38149948120117
2020-11-18,92.201171875,109.47000122070312,110.88999938964844,109.44000244140625,110.12999725341797,4393100,MDT,-0.6083150287435779,110.66600036621094,107.39349937438965
2020-11-19,93.48979949951172,111.0,111.30999755859375,108.5999984741211,109.68000030517578,4477800,MDT,1.3976420592270111,110.94600067138671,107.35149955749512
2020-11-20,92.78231048583984,110.16000366210938,111.0199966430664,109.56999969482422,110.73999786376953,4380600,MDT,-0.7567534575591228,110.47800140380859,107.28849983215332
2020-11-23,93.46454620361328,110.97000122070312,112.11000061035156,110.38999938964844,111.76000213623047,3507200,MDT,0.735291876966726,110.3480010986328,107.44049987792968
2020-11-24,96.06709289550781,114.05999755859375,115.23999786376953,111.97000122070312,112.12999725341797,6673800,MDT,2.784533030458447,111.13200073242187,107.88299980163575
2020-11-25,95.43539428710938,113.30999755859375,114.52999877929688,112.69000244140625,113.76000213623047,3266700,MDT,-0.6575486726752899,111.9,108.4189998626709
2020-11-27,96.51347351074219,114.58999633789062,114.73999786376953,112.75,113.73999786376953,2082100,MDT,1.1296432855670835,112.61799926757813,109.07999954223632
2020-11-30,95.76387786865234,113.69999694824219,114.44999694824219,113.05999755859375,114.04000091552734,5797300,MDT,-0.7766815761334867,113.32599792480468,109.73649940490722
2020-12-01,94.44996643066406,112.13999938964844,115.12999725341797,111.91999816894531,114.58000183105469,5035500,MDT,-1.3720295518599546,113.55999755859375,110.22199935913086
2020-12-02,95.67965698242188,113.5999984741211,113.76000213623047,111.11000061035156,112.04000091552734,5116800,MDT,1.3019431892447697,113.46799774169922,110.74549942016601
2020-12-03,94.7279052734375,112.47000122070312,113.54000091552734,112.11000061035156,113.2699966430664,3441400,MDT,-0.9947159054543353,113.2999984741211,111.24599952697754
2020-12-04,95.89019775390625,113.8499984741211,113.86000061035156,111.69999694824219,112.2300033569336,4077900,MDT,1.226991409655942,113.1519989013672,111.73799934387208
2020-12-07,94.8458251953125,112.61000061035156,113.73999786376953,111.91999816894531,113.45999908447266,3047800,MDT,-1.0891505317423333,112.93399963378906,112.19049949645996
2020-12-08,93.64139556884766,111.18000030517578,112.25,110.05999755859375,112.05000305175781,5768100,MDT,-1.2698697250911217,112.74199981689453,112.0884994506836
2020-12-09,95.13217163085938,112.94999694824219,113.44999694824219,111.30000305175781,111.54000091552734,5574900,MDT,1.5920099282316746,112.61199951171875,112.00799942016602
2020-12-10,94.90476989746094,112.68000030517578,113.72000122070312,111.69999694824219,112.87000274658203,3398300,MDT,-0.23904085910699813,112.65399932861328,112.12999954223633
2020-12-11,94.65209197998047,112.37999725341797,112.6500015258789,111.48999786376953,111.58999633789062,3843400,MDT,-0.26624338919533086,112.35999908447266,112.26899948120118
2020-12-14,94.30677032470703,111.97000122070312,113.75,111.9000015258789,113.18000030517578,5414700,MDT,-0.36483007895995456,112.23199920654297,112.24249954223633
2020-12-15,96.76616668701172,114.88999938964844,115.72000122070312,113.3499984741211,114.33000183105469,7534000,MDT,2.607839722346461,112.9739990234375,112.40599937438965
2020-12-16,96.83352661132812,114.97000122070312,116.06999969482422,114.0199966430664,114.7699966430664,3356600,MDT,0.06963341585837224,113.37799987792968,112.64749946594239
2020-12-17,97.1451644897461,115.33999633789062,115.73999786376953,114.55000305175781,115.25,2944600,MDT,0.3218188338340866,113.90999908447266,112.94099922180176
2020-12-18,98.29905700683594,116.70999908447266,117.51000213623047,114.80000305175781,115.27999877929688,10211600,MDT,1.187795032148764,114.7759994506836,113.22649917602538
2020-12-21,96.87699890136719,114.44999694824219,114.95999908447266,112.6500015258789,114.69999694824219,4308600,MDT,-1.9364254596512476,115.27199859619141,113.44099884033203
2020-12-22,97.02938079833984,114.62999725341797,115.94000244140625,114.06999969482422,114.54000091552734,3953300,MDT,0.15727418958095818,115.21999816894531,113.62399864196777
2020-12-23,96.44532012939453,113.94000244140625,115.58999633789062,113.91999816894531,114.87999725341797,2373400,MDT,-0.6019321543612288,115.01399841308594,113.6179988861084
2020-12-24,96.52149200439453,114.02999877929688,114.52999877929688,113.61000061035156,114.08000183105469,1025200,MDT,0.07898572578748375,114.75199890136719,113.65399894714355
2020-12-28,97.45259094238281,115.12999725341797,115.80999755859375,114.76000213623047,114.87999725341797,2286400,MDT,0.9646570954105815,114.43599853515624,113.68099899291992
2020-12-29,97.8250503540039,115.56999969482422,116.58999633789062,115.3499984741211,116.0,2717600,MDT,0.3821787995336612,114.65999908447266,113.77449913024903
2020-12-30,97.88427734375,115.63999938964844,116.62999725341797,115.26000213623047,115.5,2055200,MDT,0.06056908800644578,114.86199951171875,113.94949913024902
2020-12-31,99.15397644042969,117.13999938964844,117.23999786376953,115.4800033569336,115.75,2544100,MDT,1.2971290279462533,115.50199890136719,114.12649917602539
2021-01-04,98.20594787597656,116.0199966430664,117.77999877929688,114.44000244140625,117.19999694824219,4579200,MDT,-0.9561232306793066,115.89999847412109,114.30399894714355
2021-01-05,98.9931411743164,116.94999694824219,117.63999938964844,115.33000183105469,116.0,3395200,MDT,0.8015862196901313,116.26399841308594,114.45899887084961
2021-01-06,100.6098861694336,118.86000061035156,119.55999755859375,116.56999969482422,116.56999969482422,4493900,MDT,1.6331797451475616,116.9219985961914,114.77149887084961
2021-01-07,100.47444915771484,118.69999694824219,119.7300033569336,117.95999908447266,118.87999725341797,3908900,MDT,-0.13461522908274626,117.53399810791015,115.14749870300292
2021-01-08,101.32937622070312,119.70999908447266,119.87000274658203,118.38999938964844,118.91000366210938,3529900,MDT,0.8508864045471354,118.047998046875,115.48549880981446
2021-01-11,100.3051528930664,118.5,119.4800033569336,117.58000183105469,118.55999755859375,3712700,MDT,-1.0107752850443408,118.54399871826172,115.77649879455566
2021-01-12,99.28094482421875,117.29000091552734,118.30000305175781,116.58999633789062,118.12000274658203,3213100,MDT,-1.0210962738165907,118.61199951171875,116.02199897766113
2021-01-13,100.49139404296875,118.72000122070312,119.70999908447266,117.12000274658203,117.69999694824219,4070900,MDT,1.219200523500441,118.58399963378906,116.35949897766113
2021-01-14,99.68724060058594,117.7699966430664,119.2699966430664,117.55000305175781,118.29000091552734,4281600,MDT,-0.8002060039324244,118.3979995727539,116.50349884033203
2021-01-15,98.87464904785156,116.80999755859375,118.30000305175781,116.58999633789062,117.54000091552734,5659500,MDT,-0.8151474160113859,117.81799926757813,116.59549865722656
2021-01-19,100.14432525634766,118.30999755859375,119.0,117.2300033569336,117.6500015258789,4508500,MDT,1.2841366589769754,117.77999877929688,116.74399871826172
2021-01-20,100.97386932373047,119.29000091552734,119.5,117.95999908447266,118.55999755859375,4062500,MDT,0.8283352017214307,118.17999877929688,116.87299880981445
2021-01-21,99.80575561523438,117.91000366210938,119.29000091552734,117.11000061035156,118.9000015258789,3806000,MDT,-1.1568423529438876,118.01799926757812,117.0459991455078
2021-01-22,98.6799545288086,116.58000183105469,117.76000213623047,116.55999755859375,117.69999694824219,3028300,MDT,-1.1279804849010366,117.78000030517578,117.14349937438965
2021-01-25,98.95082092285156,116.9000015258789,116.98999786376953,115.81999969482422,116.7300033569336,3287600,MDT,0.274489354776275,117.79800109863281,117.29149932861328
2021-01-26,98.82386016845703,116.75,117.54000091552734,116.56999969482422,117.02999877929688,3371600,MDT,-0.128316102584225,117.48600158691406,117.42749938964843
2021-01-27,94.37995910644531,111.5,115.44999694824219,111.12999725341797,115.20999908447266,6894600,MDT,-4.496788008565311,115.9280014038086,117.24599952697754
2021-01-28,97.14785766601562,114.7699966430664,115.86000061035156,112.16000366210938,112.16000366210938,4236900,MDT,2.932732415306183,115.3,117.20599937438965
2021-01-29,94.23604583740234,111.33000183105469,114.0199966430664,111.08000183105469,114.0199966430664,7315100,MDT,-2.9972945130512407,114.25,116.99049949645996
2021-02-01,94.10907745361328,111.18000030517578,113.22000122070312,110.44999694824219,112.66000366210938,5905500,MDT,-0.1347359412663396,113.10599975585937,116.69249954223633
2021-02-02,96.45378875732422,113.94999694824219,115.26000213623047,112.27999877929688,112.91000366210938,3865900,MDT,2.491452271508443,112.5459991455078,116.58899955749511
2021-02-03,95.33645629882812,112.62999725341797,113.91000366210938,112.08999633789062,113.66999816894531,4602900,MDT,-1.1584025714575286,112.77199859619141,116.37299957275391
2021-02-04,99.03546905517578,117.0,117.4800033569336,112.51000213623047,113.12999725341797,5903500,MDT,3.879963467236447,113.21799926757812,116.27999954223633
2021-02-05,100.22050476074219,118.4000015258789,118.9000015258789,117.7300033569336,118.0,4147800,MDT,1.1965825007512088,114.63199920654297,116.26499977111817
2021-02-08,99.94117736816406,118.06999969482422,118.7699966430664,117.5999984741211,118.37999725341797,4780300,MDT,-0.2787177591231371,116.00999908447265,116.18299980163575
2021-02-09,99.78034210205078,117.87999725341797,119.52999877929688,117.5199966430664,118.36000061035156,3624000,MDT,-0.1609235554309696,116.7959991455078,116.15199966430664
2021-02-10,99.40791320800781,117.44000244140625,119.0,116.94999694824219,118.58999633789062,3424000,MDT,-0.37325655095310495,117.75800018310547,116.15949974060058
2021-02-11,100.49139404296875,118.72000122070312,119.0,117.20999908447266,117.66000366210938,3892800,MDT,1.089917194045964,118.1020004272461,116.15949974060058
2021-02-12,101.35475158691406,119.73999786376953,119.87999725341797,118.52999877929688,118.93000030517578,3005400,MDT,0.8591615840453093,118.36999969482422,116.25799980163575
2021-02-16,101.30397033691406,119.68000030517578,120.52999877929688,118.5999984741211,119.73999786376953,5417900,MDT,-0.050106530536275784,118.69199981689454,116.40149993896485
2021-02-17,100.01737213134766,118.16000366210938,119.0,117.12000274658203,118.52999877929688,3299400,MDT,-1.2700506677728263,118.74800109863281,116.39400024414063
2021-02-18,97.67268371582031,115.38999938964844,117.73999786376953,115.25,117.22000122070312,6044600,MDT,-2.344282486975924,118.33800048828125,116.19900016784668
2021-02-19,95.9289779663086,113.33000183105469,116.08000183105469,112.62999725341797,115.61000061035156,10331500,MDT,-1.7852479153219858,117.26000061035157,115.97000007629394
2021-02-22,97.97740173339844,115.75,116.58000183105469,112.58000183105469,112.7699966430664,5808400,MDT,2.1353552720778213,116.46200103759766,115.92849998474121
2021-02-23,99.88191986083984,118.0,119.75,116.5,117.48999786376953,5961400,MDT,1.943844492440605,116.1260009765625,115.98349990844727
2021-02-24,100.50830078125,118.73999786376953,119.51000213623047,117.7699966430664,118.04000091552734,6461900,MDT,0.6271168337030009,116.24199981689453,116.08299980163574
2021-02-25,99.78034210205078,117.87999725341797,118.9000015258789,117.0199966430664,118.08000183105469,4207900,MDT,-0.724272044655283,116.73999938964843,116.40199966430664
2021-02-26,99.01007080078125,116.97000122070312,118.93000030517578,116.7699966430664,118.55999755859375,5225200,MDT,-0.7719681488951302,117.46799926757812,116.51199989318847
2021-03-01,99.76342010498047,117.86000061035156,119.20999908447266,117.56999969482422,118.0,4613400,MDT,0.7608783280844467,117.88999938964844,116.83849983215332
2021-03-02,99.77190399169922,117.87000274658203,118.48999786376953,117.12000274658203,118.0999984741211,3688200,MDT,0.008486455267830983,117.86399993896484,117.17299995422363
2021-03-03,99.83960723876953,117.94999694824219,119.05000305175781,116.80000305175781,117.2699966430664,4564100,MDT,0.06786646287957332,117.70599975585938,117.37299995422363
2021-03-04,97.57108306884766,115.2699966430664,118.56999969482422,114.06999969482422,118.08000183105469,5052300,MDT,-2.2721495332906128,117.18399963378906,117.50499992370605
2021-03-05,100.10200500488281,118.26000213623047,118.76000213623047,115.26000213623047,115.70999908447266,4636100,MDT,2.5939147915676752,117.44199981689454,117.56800003051758
2021-03-08,98.75613403320312,116.66999816894531,118.44000244140625,116.61000061035156,118.25,3873900,MDT,-1.3444985105391272,117.20399932861328,117.4814998626709
2021-03-09,99.07780456542969,117.05000305175781,119.13999938964844,116.91000366210938,117.58999633789062,4025400,MDT,0.3257091701177828,117.03999938964844,117.43050003051758
2021-03-10,100.44058227539062,118.66000366210938,119.44000244140625,117.2699966430664,118.0999984741211,4475200,MDT,1.375481049444871,117.18200073242187,117.46950035095215
2021-03-11,99.9665756225586,118.0999984741211,119.3499984741211,117.5999984741211,119.3499984741211,3654700,MDT,-0.4719409832338539,117.74800109863281,117.50250015258788
2021-03-12,100.56756591796875,118.80999755859375,119.23999786376953,117.86000061035156,117.94999694824219,3063400,MDT,0.60118466862491,117.85800018310547,117.50699996948242
2021-03-15,100.85536193847656,119.1500015258789,119.55000305175781,118.16999816894531,119.12000274658203,3886200,MDT,0.28617454277573007,118.35400085449218,117.4775001525879
2021-03-16,100.67758178710938,118.94000244140625,119.66000366210938,118.30000305175781,119.3499984741211,3590500,MDT,-0.17624765571407908,118.73200073242188,117.44050025939941
2021-03-17,100.35592651367188,118.55999755859375,119.63999938964844,118.44000244140625,119.11000061035156,4398400,MDT,-0.3194929166070115,118.71199951171874,117.46049995422364
2021-03-18,100.58448791503906,118.83000183105469,120.25,118.22000122070312,118.41999816894531,4269700,MDT,0.22773640183950672,118.85800018310547,117.63250007629395
2021-03-19,98.71382141113281,116.62000274658203,118.68000030517578,116.37999725341797,118.66000366210938,9590600,MDT,-1.8597989147679184,118.42000122070313,117.79700012207032
2021-03-22,98.90003204345703,116.83999633789062,117.7699966430664,115.51000213623047,116.5,4879100,MDT,0.18864138752134885,117.95800018310547,117.85149993896485
2021-03-23,97.36795043945312,115.02999877929688,117.08000183105469,114.77999877929688,116.81999969482422,6830800,MDT,-1.5491249703221466,117.17599945068359,117.70299987792968
2021-03-24,98.15515899658203,115.95999908447266,117.0999984741211,115.11000061035156,115.1500015258789,4206200,MDT,0.8084850169912006,116.65599975585937,117.56399993896484
2021-03-25,99.17599487304688,116.58000183105469,116.87999725341797,114.77999877929688,115.88999938964844,3944400,MDT,0.5346694993765722,116.20599975585938,117.49900016784667
2021-03-26,100.86039733886719,118.55999755859375,118.80999755859375,116.01000213623047,116.66000366210938,5802900,MDT,1.6984008375711124,116.59399871826172,117.57849998474121
2021-03-29,101.370849609375,119.16000366210938,119.66000366210938,117.0199966430664,117.63999938964844,4285400,MDT,0.5060780329546599,117.05800018310546,117.6435001373291
2021-03-30,101.09011840820312,118.83000183105469,119.33000183105469,118.18000030517578,118.5199966430664,4489600,MDT,-0.27694009811416453,117.81800079345703,117.69150009155274
2021-03-31,100.49462127685547,118.12999725341797,119.44000244140625,118.06999969482422,119.27999877929688,5711800,MDT,-0.5890806756293276,118.25200042724609,117.70050010681152
2021-04-01,100.5456771850586,118.19000244140625,118.77999877929688,117.62000274658203,118.44000244140625,6020900,MDT,0.05079589383174543,118.57400054931641,117.84650039672852
2021-04-05,102.2981185913086,120.25,120.30999755859375,118.48999786376953,118.83000183105469,4984400,MDT,1.742954155208687,118.91200103759766,117.946000289917
2021-04-06,103.06375122070312,121.1500015258789,121.80999755859375,119.6500015258789,119.88999938964844,5128200,MDT,0.7484420173629047,119.31000061035157,118.17000045776368
2021-04-07,102.62139892578125,120.62999725341797,122.05000305175781,119.95999908447266,121.0,4299600,MDT,-0.4292234964189068,119.66999969482421,118.34900016784668
2021-04-08,102.63841247558594,120.6500015258789,121.55999755859375,120.58999633789062,121.29000091552734,3393800,MDT,0.016583165809835876,120.1740005493164,118.44850006103516
2021-04-09,103.78689575195312,122.0,122.0,120.66000366210938,120.9000015258789,3918700,MDT,1.118937801116826,120.93600006103516,118.6435001373291
2021-04-12,103.60821533203125,121.79000091552734,122.26000213623047,121.1500015258789,121.75,4361400,MDT,-0.17213039710873845,121.24400024414062,118.79250030517578
2021-04-13,105.17353057861328,123.62999725341797,123.91000366210938,121.26000213623047,121.44000244140625,6238700,MDT,1.5107942557343712,121.73999938964843,119.01650009155273
2021-04-14,105.40320587158203,123.9000015258789,124.86000061035156,123.52999877929688,123.5999984741211,5845000,MDT,0.21839705448467583,122.39400024414063,119.26450004577637
2021-04-15,107.06212615966797,125.8499984741211,126.13999938964844,124.01000213623047,124.01000213623047,5605300,MDT,1.5738473964706845,123.43399963378906,119.62900009155274
2021-04-16,107.1131591796875,125.91000366210938,126.83000183105469,125.08000183105469,126.83000183105469,4509800,MDT,0.047679927465882344,124.21600036621093,119.98300018310547
2021-04-19,107.30030822753906,126.12999725341797,126.29000091552734,125.0999984741211,125.36000061035156,4172200,MDT,0.1747228853228977,125.08399963378906,120.45849990844727
2021-04-20,109.12934875488281,128.27999877929688,128.4199981689453,125.79000091552734,125.91000366210938,5411000,MDT,1.7045917487488405,126.01399993896484,121.03050003051757
2021-04-21,110.80524444580078,130.25,131.3800048828125,128.36000061035156,128.80999755859375,6046000,MDT,1.535704115567138,127.28399963378907,121.79150009155273
2021-04-22,110.46497344970703,129.85000610351562,130.91000366210938,129.3300018310547,130.07000732421875,3623300,MDT,-0.30709704144673555,128.08400115966796,122.48600044250489
2021-04-23,111.61341094970703,131.1999969482422,131.7899932861328,129.50999450683594,129.88999938964844,3801200,MDT,1.0396540479561844,129.14199981689453,123.21700019836426
2021-04-26,110.69464111328125,130.1199951171875,131.49000549316406,130.02000427246094,131.4199981689453,2793900,MDT,-0.823172146475537,129.93999938964845,123.79500007629395
2021-04-27,110.56706237792969,129.97000122070312,130.38999938964844,128.89999389648438,129.3699951171875,3279100,MDT,-0.11527351837762323,130.2779998779297,124.33549995422364
2021-04-28,111.61341094970703,131.1999969482422,131.6199951171875,130.0,130.25999450683594,3875100,MDT,0.9463689435921463,130.46799926757814,124.95399971008301
2021-04-29,111.86863708496094,131.5,132.3000030517578,130.91000366210938,132.0800018310547,4239100,MDT,0.2286608679390234,130.797998046875,125.62249984741212
2021-04-30,111.37521362304688,130.9199981689453,131.2100067138672,129.77999877929688,130.6699981689453,4866200,MDT,-0.4410660312202941,130.74199829101562,126.25899963378906
2021-05-03,111.61341094970703,131.1999969482422,131.91000366210938,130.89999389648438,131.75999450683594,3109800,MDT,0.2138701368873841,130.95799865722657,126.80649948120117
2021-05-04,109.31651306152344,128.5,130.99000549316406,128.07000732421875,130.8699951171875,6659000,MDT,-2.05792455110142,130.66399841308595,127.17399940490722
2021-05-05,108.0404281616211,127.0,128.4499969482422,126.41000366210938,128.36000061035156,7670900,MDT,-1.1673151750972721,129.8239990234375,127.49249954223633
2021-05-06,108.29564666748047,127.30000305175781,127.5,125.81999969482422,126.73999786376953,4449500,MDT,0.23622287539986075,128.98399963378907,127.82499961853027
2021-05-07,107.78521728515625,126.69999694824219,128.44000244140625,126.5199966430664,127.44999694824219,3871100,MDT,-0.47133235595577805,128.13999938964844,128.05999946594238
2021-05-10,107.95537567138672,126.9000015258789,128.0399932861328,126.83000183105469,127.0,3866400,MDT,0.15785681330238166,127.28000030517578,128.31549949645995
2021-05-11,106.52616882324219,125.22000122070312,126.73999786376953,124.44000244140625,126.30000305175781,3501400,MDT,-1.3238772931245202,126.6240005493164,128.3949996948242
2021-05-12,104.73966979980469,123.12000274658203,124.9000015258789,122.86000061035156,124.38999938964844,4796300,MDT,-1.6770471599180103,125.8480010986328,128.3559997558594
2021-05-13,105.64993286132812,124.19000244140625,124.98999786376953,123.30999755859375,123.37999725341797,3261800,MDT,0.8690705579552427,125.2260009765625,128.27299995422362
2021-05-14,106.5687026977539,125.2699966430664,125.63999938964844,124.56999969482422,124.79000091552734,3687600,MDT,0.8696305503091528,124.94000091552735,128.2409996032715
2021-05-17,106.78988647460938,125.52999877929688,126.12999725341797,125.05999755859375,125.44999694824219,3008000,MDT,0.20755339921600946,124.66600036621094,128.21099967956542
2021-05-18,107.06212615966797,125.8499984741211,127.13999938964844,125.4800033569336,125.4800033569336,4232700,MDT,0.25491890220348257,124.79199981689453,128.08949966430663
2021-05-19,106.90896606445312,125.66999816894531,125.88999938964844,124.4000015258789,125.0999984741211,4608900,MDT,-0.14302765781343263,125.30199890136718,127.86049957275391
2021-05-20,107.78521728515625,126.69999694824219,127.27999877929688,125.30999755859375,125.44999694824219,3385000,MDT,0.8196059475644946,125.80399780273437,127.70299911499023
2021-05-21,108.28714752197266,127.29000091552734,128.57000732421875,127.16000366210938,127.30000305175781,3647600,MDT,0.46567007221489654,126.20799865722657,127.50749931335449
2021-05-24,108.97620391845703,128.10000610351562,128.6699981689453,127.69999694824219,128.08999633789062,3826900,MDT,0.636346281846456,126.72200012207031,127.4064998626709
2021-05-25,109.23143005371094,128.39999389648438,129.14999389648438,128.07000732421875,128.5500030517578,3854900,MDT,0.2341824970143458,127.23199920654297,127.32799949645997
2021-05-26,107.41941833496094,126.2699966430664,128.24000549316406,125.30999755859375,127.5199966430664,6450200,MDT,-1.6588764444452897,127.35199890136718,127.08149948120118
2021-05-27,106.46662139892578,125.1500015258789,127.61000061035156,124.0,124.55999755859375,9866400,MDT,-0.886984356508258,127.04199981689453,126.76399955749511
2021-05-28,107.6916275024414,126.58999633789062,128.0399932861328,126.37000274658203,126.6500015258789,5530000,MDT,1.1506150974468499,126.9019989013672,126.54749946594238
2021-06-01,106.16036987304688,124.79000091552734,128.1199951171875,124.69000244140625,128.07000732421875,5643900,MDT,-1.4219096883127946,126.23999786376953,126.22699966430665
2021-06-02,105.31816864013672,123.80000305175781,124.98999786376953,123.4800033569336,124.63999938964844,6011200,MDT,-0.7933310814218886,125.31999969482422,125.99199981689453
2021-06-03,104.69713592529297,123.06999969482422,123.62999725341797,122.27999877929688,123.37000274658203,4763000,MDT,-0.5896634401764911,124.68000030517578,125.79549980163574
2021-06-04,105.36067962646484,123.8499984741211,124.38999938964844,123.23999786376953,123.62000274658203,4037300,MDT,0.6337846601373487,124.41999969482421,125.62299957275391
2021-06-07,105.4542465209961,123.95999908447266,125.13999938964844,123.87999725341797,124.38999938964844,5765700,MDT,0.08881761139023503,123.89400024414063,125.48599967956542
2021-06-08,103.6167221069336,121.80000305175781,124.75,120.52999877929688,124.62999725341797,6380300,MDT,-1.7424943922780378,123.29600067138672,125.23099975585937
2021-06-09,104.73114776611328,123.11000061035156,123.2300033569336,121.9800033569336,122.18000030517578,3880100,MDT,1.0755316303539653,123.15800018310547,125.1254997253418
2021-06-10,106.11782836914062,124.73999786376953,124.93000030517578,123.66999816894531,124.01000213623047,3514200,MDT,1.32401693228561,123.49199981689453,125.20649948120118
2021-06-11,105.3011245727539,123.77999877929688,124.9000015258789,123.16999816894531,124.87999725341797,6245200,MDT,-0.769600048832042,123.47799987792969,125.18599929809571
2021-06-14,105.61591339111328,124.1500015258789,124.31999969482422,122.95999908447266,124.31999969482422,3434900,MDT,0.2989196560275964,123.51600036621093,125.12999954223633
2021-06-15,106.48363494873047,125.16999816894531,125.36000061035156,123.94999694824219,124.47000122070312,4381800,MDT,0.8215840761417903,124.18999938964843,125.11199951171875
2021-06-16,106.35601806640625,125.0199966430664,125.54000091552734,124.08999633789062,125.26000213623047,4678100,MDT,-0.11983824244883312,124.5719985961914,125.07049942016602
2021-06-17,106.51764678955078,125.20999908447266,125.38999938964844,124.05000305175781,124.37999725341797,3837400,MDT,0.15197764078389575,124.66599884033204,125.04749946594238
2021-06-18,104.83323669433594,123.2300033569336,124.36000061035156,123.19000244140625,123.58999633789062,5820600,MDT,-1.5813399425099184,124.55599975585938,124.87399978637696
2021-06-21,106.79840087890625,125.54000091552734,125.81999969482422,123.31999969482422,123.5,4623500,MDT,1.8745415042332514,124.83399963378906,124.78649978637695
2021-06-22,107.81073760986328,126.7300033569336,127.12000274658203,125.68000030517578,126.33999633789062,3923800,MDT,0.9479069879941848,125.14600067138672,124.71799964904785
2021-06-23,106.755859375,125.48999786376953,126.91999816894531,125.44000244140625,126.73999786376953,3575100,MDT,-0.9784624479742154,125.24000091552735,124.5724998474121
2021-06-24,106.95250701904297,125.08999633789062,125.80000305175781,125.05999755859375,125.61000061035156,3690100,MDT,-0.31875171941044833,125.21600036621093,124.51349983215331
2021-06-25,106.81570434570312,124.93000030517578,125.66000366210938,124.5,125.25,4182600,MDT,-0.12790473850735617,125.55599975585938,124.50249977111817
2021-06-28,105.79822540283203,123.73999786376953,125.41999816894531,122.98999786376953,125.29000091552734,4552600,MDT,-0.9525353706070105,125.19599914550781,124.35999984741211
2021-06-29,106.48223876953125,124.54000091552734,124.68000030517578,123.80000305175781,123.94999694824219,3922500,MDT,0.6465193676813863,124.75799865722657,124.34749984741211
2021-06-30,106.13170623779297,124.12999725341797,124.88999938964844,123.5999984741211,124.37000274658203,3704000,MDT,-0.32921443640222536,124.48599853515626,124.36399955749512
2021-07-01,107.8416976928711,126.12999725341797,126.19000244140625,124.01000213623047,124.45999908447266,3182400,MDT,1.6112140854372958,124.69399871826172,124.51699943542481
2021-07-02,108.4402084350586,126.83000183105469,126.86000061035156,125.63999938964844,125.81999969482422,3478900,MDT,0.5549865954807665,125.0739990234375,124.66599960327149
2021-07-06,108.55992889404297,126.97000122070312,127.05999755859375,125.61000061035156,126.80999755859375,3066300,MDT,0.11038349572440875,125.71999969482422,124.81649971008301
2021-07-07,109.21825408935547,127.73999786376953,127.81999969482422,126.48999786376953,127.0,3216100,MDT,0.6064398170147145,126.35999908447266,125.11349945068359
2021-07-08,108.96176147460938,127.44000244140625,127.6500015258789,125.75,127.56999969482422,3815300,MDT,-0.23484846358242661,127.02200012207031,125.32999954223632
2021-07-09,109.58589935302734,128.1699981689453,128.61000061035156,127.66000366210938,127.88999938964844,3750600,MDT,0.5728152177921553,127.43000030517578,125.50149955749512
2021-07-12,109.61155700683594,128.1999969482422,128.74000549316406,127.75,128.1999969482422,3165000,MDT,0.023405461282233198,127.70399932861328,125.72249946594238
2021-07-13,108.92756652832031,127.4000015258789,128.0500030517578,126.83999633789062,127.56999969482422,3214700,MDT,-0.6240214051535853,127.78999938964844,125.88499946594239
2021-07-14,109.21825408935547,127.73999786376953,128.07000732421875,127.04000091552734,128.0500030517578,3049700,MDT,0.2668731034681793,127.78999938964844,126.0134994506836
2021-07-15,107.183349609375,125.36000061035156,126.88999938964844,124.98999786376953,126.45999908447266,5115400,MDT,-1.8631574238447635,127.3739990234375,126.03049964904785
2021-07-16,107.55955505371094,125.80000305175781,126.16000366210938,125.05000305175781,125.6500015258789,3646400,MDT,0.3509910970516783,126.9,126.05999984741212
2021-07-19,104.9517822265625,122.75,125.13999938964844,121.93000030517578,124.83000183105469,4678700,MDT,-2.424485673901733,125.81000061035157,126.03599967956544
2021-07-20,107.3116226196289,125.51000213623047,126.12000274658203,122.76000213623047,122.76000213623047,5137300,MDT,2.2484742454015993,125.43200073242187,126.03449974060058
2021-07-21,108.62832641601562,127.05000305175781,127.18000030517578,126.0199966430664,126.66000366210938,3386000,MDT,1.226994573592477,125.29400177001953,126.0504997253418
2021-07-22,108.67962646484375,127.11000061035156,127.7300033569336,126.2300033569336,127.3499984741211,2342200,MDT,0.04722357902604557,125.64400177001953,126.13149986267089
2021-07-23,109.90226745605469,128.5399932861328,128.7899932861328,127.56999969482422,127.56999969482422,2985400,MDT,1.1250040664894767,126.19199981689454,126.303999710083
2021-07-26,109.50041961669922,128.07000732421875,128.69000244140625,127.05000305175781,128.2899932861328,2402200,MDT,-0.3656340333454522,127.25600128173828,126.46100006103515
2021-07-27,111.33867645263672,130.22000122070312,130.94000244140625,127.66000366210938,127.80999755859375,4151700,MDT,1.6787645611993307,128.1980010986328,126.78500022888184
2021-07-28,111.5951919555664,130.52000427246094,131.13999938964844,129.72000122070312,130.22000122070312,4317200,MDT,0.23038169938991437,128.89200134277343,127.08400039672851
2021-07-29,111.73196411132812,130.67999267578125,131.24000549316406,129.5,130.94000244140625,3195600,MDT,0.1225776877744611,129.6059997558594,127.41150016784668
2021-07-30,112.27062225341797,131.30999755859375,131.7100067138672,130.35000610351562,130.5399932861328,2740000,MDT,0.4820974273969769,130.16000061035157,127.67050018310547
2021-08-02,112.2278823852539,131.25999450683594,132.38999938964844,131.10000610351562,131.55999755859375,3401100,MDT,-0.03808015588112612,130.797998046875,127.89199981689453
2021-08-03,112.39887237548828,131.4600067138672,131.5399932861328,130.47999572753906,131.14999389648438,3208500,MDT,0.1523786495517765,131.0459991455078,128.11650009155272
2021-08-04,109.7654800415039,128.3800048828125,130.97000122070312,128.2899932861328,130.6300048828125,4045100,MDT,-2.3429192710742397,130.6179992675781,128.14850044250488
2021-08-05,109.4576644897461,128.02000427246094,128.63999938964844,127.12000274658203,128.50999450683594,3711900,MDT,-0.28041797527595946,130.08600158691405,128.17750053405763
2021-08-06,109.98778533935547,128.63999938964844,128.7899932861328,127.62000274658203,128.52000427246094,2414500,MDT,0.48429549796606963,129.552001953125,128.20100059509278
2021-08-09,108.51716613769531,126.91999816894531,129.3300018310547,126.68000030517578,128.6699981689453,3411500,MDT,-1.3370656318904883,128.6840026855469,128.13700065612792
2021-08-10,107.13206481933594,125.30000305175781,127.23999786376953,123.94000244140625,126.81999969482422,4123800,MDT,-1.2763907505191519,127.452001953125,128.03200073242186
2021-08-11,107.76477813720703,126.04000091552734,126.41000366210938,125.5,126.0,3403700,MDT,0.5905808824791858,126.98400115966797,127.94700088500977
2021-08-12,109.0301513671875,127.5199966430664,127.88999938964844,126.08000183105469,126.25,2689300,MDT,1.174227004751427,126.88399963378906,128.0550006866455
2021-08-13,109.73126983642578,128.33999633789062,128.3699951171875,127.23999786376953,127.83999633789062,2552500,MDT,0.6430361640609394,126.8239990234375,128.18200035095214
2021-08-16,110.80001068115234,129.58999633789062,129.66000366210938,128.02999877929688,128.4499969482422,3233800,MDT,0.9739754056942829,127.35799865722656,128.52400016784668
2021-08-17,111.80037689208984,130.75999450683594,130.77999877929688,129.0,129.4499969482422,3410300,MDT,0.902846054486095,128.4499969482422,128.78649978637696
2021-08-18,110.57772827148438,129.3300018310547,131.1699981689453,129.25999450683594,130.8000030517578,4050300,MDT,-1.0936010521983452,129.10799713134764,128.9004997253418
2021-08-19,110.2357177734375,128.92999267578125,129.41000366210938,128.00999450683594,128.5800018310547,4016600,MDT,-0.30929339643556153,129.38999633789064,128.9914993286133
2021-08-20,111.06507110595703,129.89999389648438,130.02999877929688,128.2100067138672,128.8300018310547,4496500,MDT,0.7523472239251427,129.70199584960938,129.05949935913085
2021-08-23,109.85096740722656,128.47999572753906,130.1999969482422,127.58999633789062,130.16000366210938,5028300,MDT,-1.0931472176025636,129.47999572753906,129.0799987792969
2021-08-24,113.34793853759766,132.57000732421875,134.72999572753906,128.58999633789062,128.77999877929688,10319200,MDT,3.1833839762519744,129.8419982910156,129.19749908447267
2021-08-25,115.04084777832031,134.5500030517578,135.1999969482422,132.1999969482422,132.6699981689453,6483800,MDT,1.493547271742024,130.88599853515626,129.3989990234375
2021-08-26,114.03193664550781,133.3699951171875,134.64999389648438,132.7899932861328,134.64999389648438,4448100,MDT,-0.8770032759615742,131.7739990234375,129.53349914550782
2021-08-27,114.40813446044922,133.80999755859375,134.05999755859375,133.07000732421875,133.72999572753906,3801400,MDT,0.32991111757905145,132.55599975585938,129.65849914550782
2021-08-30,114.43380737304688,133.83999633789062,134.5800018310547,133.5,134.17999267578125,3550300,MDT,0.022418937182733245,133.62799987792968,129.78749923706056
2021-08-31,114.1259994506836,133.47999572753906,134.7899932861328,133.02999877929688,133.9600067138672,4769900,MDT,-0.268978347431148,133.80999755859375,129.88849868774415
2021-09-01,114.7159423828125,134.1699981689453,134.27000427246094,132.77000427246094,134.1699981689453,2422400,MDT,0.5169332210758215,133.73399658203124,130.1779983520508
2021-09-02,115.19476318359375,134.72999572753906,135.6699981689453,134.24000549316406,135.0,4963700,MDT,0.4173791206947719,134.00599670410156,130.51349792480468
2021-09-03,115.10926055908203,134.6300048828125,135.1300048828125,134.1999969482422,134.66000366210938,2298400,MDT,-0.07421572619119576,134.1699981689453,130.8129981994629
2021-09-07,115.05794525146484,134.57000732421875,134.66000366210938,132.9499969482422,133.8699951171875,3214000,MDT,-0.04456477487762012,134.31600036621094,131.19549865722655
2021-09-08,115.5709457397461,135.1699981689453,135.67999267578125,133.85000610351562,134.4199981689453,2175400,MDT,0.4458577781607742,134.65400085449218,131.68899841308593
2021-09-09,114.08323669433594,133.42999267578125,135.88999938964844,133.36000061035156,135.17999267578125,3445300,MDT,-1.2872719662164078,134.50599975585936,132.05849800109863
2021-09-10,112.12528228759766,131.13999938964844,133.97000122070312,130.6199951171875,133.77000427246094,4278700,MDT,-1.7162507770627111,133.78800048828126,132.23949813842773
2021-09-13,111.18476104736328,130.0399932861328,132.19000244140625,128.75999450683594,132.14999389648438,4703200,MDT,-0.8388028890005117,132.8699981689453,132.32449798583986
2021-09-14,111.64649200439453,130.5800018310547,131.2100067138672,129.7899932861328,130.8000030517578,3333600,MDT,0.4152634364827046,132.0719970703125,132.37399826049804
2021-09-15,112.56133270263672,131.64999389648438,132.5800018310547,130.00999450683594,130.8300018310547,3303800,MDT,0.8194149566746356,131.3679962158203,132.41849822998046
2021-09-16,111.93717956542969,130.9199981689453,132.33999633789062,130.16000366210938,131.66000366210938,3049500,MDT,-0.5544973500819506,130.86599731445312,132.497998046875
2021-09-17,110.89407348632812,129.6999969482422,130.8300018310547,129.1699981689453,130.36000061035156,6832800,MDT,-0.9318677343157167,130.57799682617187,132.53649826049804
2021-09-20,110.0647201538086,128.72999572753906,129.2899932861328,127.51000213623047,128.2899932861328,3385100,MDT,-0.7478806812078909,130.3159973144531,132.47799835205078
2021-09-21,109.30377197265625,127.83999633789062,130.0500030517578,127.76000213623047,129.7100067138672,2999300,MDT,-0.6913690819443152,129.76799621582032,132.44599838256835
2021-09-22,110.2186279296875,128.91000366210938,129.6999969482422,128.1699981689453,128.7899932861328,3479800,MDT,0.8369894828459179,129.21999816894532,132.26299819946288
2021-09-23,112.24634552001953,130.63999938964844,131.13999938964844,128.47000122070312,128.55999755859375,3890600,MDT,1.34201821301132,129.16399841308595,132.06749801635743
2021-09-24,111.71363830566406,130.02000427246094,131.30999755859375,129.6300048828125,130.27999877929688,2801300,MDT,-0.4745829149449765,129.22799987792968,131.8999984741211
2021-09-27,110.62242126464844,128.75,130.07000732421875,128.3000030517578,129.75,2931400,MDT,-0.9767760580899565,129.23200073242188,131.6469985961914
2021-09-28,108.2596435546875,126.0,127.94000244140625,125.77999877929688,127.80999755859375,6100400,MDT,-2.135922330097084,128.86400146484374,131.25499877929687
2021-09-29,108.75798034667969,126.58000183105469,127.16000366210938,125.37999725341797,126.3499984741211,2693800,MDT,0.4603189135354624,128.39800109863282,130.90999908447264
2021-09-30,107.7011489868164,125.3499984741211,127.9800033569336,125.31999969482422,126.58000183105469,5647000,MDT,-0.9717201288836019,127.34000091552734,130.46899909973143
2021-10-01,109.38517761230469,127.30999755859375,127.94000244140625,125.16999816894531,126.0,4042600,MDT,1.563621147452432,126.79799957275391,130.09799919128417
2021-10-04,107.44338989257812,125.05000305175781,128.55999755859375,124.25,127.01000213623047,5125900,MDT,-1.7751901266008452,126.05800018310546,129.61899909973144
2021-10-05,108.08781433105469,125.80000305175781,127.58999633789062,124.98999786376953,125.69999694824219,3853200,MDT,0.599760081324896,126.01800079345703,129.1804988861084
2021-10-06,108.33695220947266,126.08999633789062,126.1500015258789,123.97000122070312,124.88999938964844,4005500,MDT,0.23051929975987928,125.91999969482421,128.72649879455565
2021-10-07,108.9727554321289,126.83000183105469,128.85000610351562,126.62000274658203,127.08999633789062,3135600,MDT,0.5868867591851012,126.21600036621093,128.39649925231933
2021-10-08,107.63240814208984,125.2699966430664,127.26000213623047,125.05999755859375,127.0,4116300,MDT,-1.2299969766351504,125.80800018310546,128.10299911499024
2021-10-11,106.14600372314453,123.54000091552734,125.5199966430664,123.4800033569336,124.83000183105469,3588300,MDT,-1.3810136296789066,125.50599975585938,127.77799949645996
2021-10-12,105.62187957763672,122.93000030517578,124.0,122.33999633789062,123.79000091552734,4298100,MDT,-0.49376769129916287,124.93199920654297,127.39549942016602
2021-10-13,105.31256866455078,122.56999969482422,123.2300033569336,121.95999908447266,122.83000183105469,4063500,MDT,-0.29285008497343945,124.22799987792969,126.94149971008301
2021-10-14,107.22858428955078,124.80000305175781,125.12999725341797,123.2699966430664,123.44999694824219,4658000,MDT,1.8193712674274831,123.8220001220703,126.63549995422363
2021-10-15,109.76322937011719,127.75,128.32000732421875,125.75,126.0,7229900,MDT,2.3637795481613377,124.31800079345703,126.53800010681152
2021-10-18,103.72303771972656,120.72000122070312,123.26000213623047,119.5,123.05999755859375,10310600,MDT,-5.502934465203035,123.75400085449219,126.13750038146972
2021-10-19,104.99465942382812,122.19999694824219,122.7699966430664,121.16999816894531,121.70999908447266,5031200,MDT,1.2259739169761197,123.60800018310547,125.85550041198731
2021-10-20,104.64239501953125,121.79000091552734,123.25,121.36000061035156,123.0,5138800,MDT,-0.3355123101095425,123.45200042724609,125.4995002746582
2021-10-21,104.5220947265625,121.6500015258789,122.02999877929688,121.33000183105469,121.94000244140625,3737300,MDT,-0.11495146448479154,122.8220001220703,125.05000038146973
2021-10-22,105.75934600830078,123.08999633789062,123.56999969482422,121.51000213623047,121.58999633789062,3747000,MDT,1.1837195182487381,121.88999938964844,124.70349998474121
2021-10-25,106.16317749023438,123.55999755859375,123.61000061035156,122.05000305175781,123.12000274658203,4182100,MDT,0.3818354331678986,122.45799865722657,124.44399986267089
2021-10-26,106.58419036865234,124.05000305175781,124.80000305175781,123.1500015258789,124.22000122070312,3390900,MDT,0.39657292234218655,122.82799987792968,124.34650001525878
2021-10-27,105.25240325927734,122.5,124.69000244140625,122.05000305175781,124.51000213623047,3610800,MDT,-1.2494986002629105,122.96999969482422,124.14249992370605
2021-10-28,104.19559478759766,121.2699966430664,123.0999984741211,120.91000366210938,122.30000305175781,4242900,MDT,-1.0040843730070192,122.89399871826171,123.93849983215333
2021-10-29,102.984130859375,119.86000061035156,120.62000274658203,118.87999725341797,120.58999633789062,8118500,MDT,-1.1626915739635701,122.24799957275391,123.56599998474121
2021-11-01,103.30201721191406,120.2300033569336,121.04000091552734,120.0,120.13999938964844,3600400,MDT,0.3086957656414979,121.58200073242188,123.325
2021-11-02,104.22138977050781,121.30000305175781,123.16999816894531,120.1500015258789,120.76000213623047,6909700,MDT,0.8899606295839968,121.03200073242188,123.1
2021-11-03,104.11829376220703,121.18000030517578,121.80999755859375,119.94999694824219,121.36000061035156,4762800,MDT,-0.09893053879876934,120.76800079345703,122.85450019836426
2021-11-04,103.69725036621094,120.69000244140625,121.7699966430664,119.97000122070312,121.5999984741211,3928400,MDT,-0.4043553907703723,120.652001953125,122.54750022888183
2021-11-05,105.66484832763672,122.9800033569336,124.62999725341797,120.87999725341797,121.2699966430664,6147400,MDT,1.8974238704147162,121.2760025024414,122.4330005645752
2021-11-08,105.69920349121094,123.0199966430664,123.95999908447266,122.33999633789062,123.02999877929688,4183900,MDT,0.03252015371697503,121.83400115966796,122.40700035095215
2021-11-09,105.07198333740234,122.29000091552734,123.87000274658203,122.05000305175781,123.0999984741211,3150700,MDT,-0.5933959904560027,122.03200073242188,122.37500038146973
2021-11-10,105.17510223388672,122.41000366210938,122.93000030517578,121.61000061035156,122.08999633789062,3225700,MDT,0.09812964730038232,122.27800140380859,122.36700057983398
2021-11-11,102.74356079101562,119.58000183105469,122.55000305175781,118.88999938964844,122.38999938964844,4046900,MDT,-2.3119040490076292,122.05600128173828,122.10600051879882
2021-11-12,102.51155853271484,119.30999755859375,120.0999984741211,118.29000091552734,120.01000213623047,5539500,MDT,-0.22579383536254216,121.3220001220703,121.68400039672852
2021-11-15,101.025146484375,117.58000183105469,119.94000244140625,117.45999908447266,119.8499984741211,5775200,MDT,-1.4500006394597809,120.23400115966797,121.5270004272461
2021-11-16,101.37740325927734,117.98999786376953,118.5999984741211,116.70999908447266,117.30000305175781,5283500,MDT,0.348695378746422,119.3740005493164,121.31650047302246
2021-11-17,101.23993682861328,117.83000183105469,118.37000274658203,116.62999725341797,117.19000244140625,3976700,MDT,-0.13560135232782988,118.45800018310547,121.11850051879883
2021-11-18,101.10245513916016,117.66999816894531,118.05000305175781,115.58999633789062,117.94000244140625,7731800,MDT,-0.13579195419074486,118.0759994506836,120.91950035095215
2021-11-19,100.71583557128906,117.22000122070312,118.12999725341797,116.7300033569336,117.94000244140625,7325000,MDT,-0.38242283950417066,117.65800018310547,120.62600059509278
2021-11-22,100.43228149414062,116.88999938964844,118.80000305175781,116.76000213623047,117.79000091552734,6813100,MDT,-0.2815234837213132,117.51999969482422,120.29250068664551
2021-11-23,97.4164810180664,113.37999725341797,115.61000061035156,111.11000061035156,112.68000030517578,11151900,MDT,-3.0028250103159015,116.5979995727539,119.75900039672851
2021-11-24,98.32723236083984,114.44000244140625,115.27999877929688,112.5199966430664,113.05999755859375,5588500,MDT,0.9349137534542695,115.91999969482421,119.35600051879882
2021-11-26,95.4145278930664,111.05000305175781,113.51000213623047,110.77999877929688,113.45999908447266,5561300,MDT,-2.962250364669583,114.59600067138672,118.84500083923339
2021-11-29,94.75294494628906,110.27999877929688,112.47000122070312,110.16999816894531,112.0,7026000,MDT,-0.6933851880238651,113.20800018310547,118.36600074768066
2021-11-30,91.67700958251953,106.69999694824219,109.87999725341797,106.58999633789062,109.56999969482422,14018500,MDT,-3.246283887089385,111.16999969482421,117.68950042724609
2021-12-01,90.62018585205078,105.47000122070312,108.91999816894531,105.37999725341797,108.7699966430664,8205200,MDT,-1.15276078980181,109.58800048828125,116.89800033569335
2021-12-02,92.17534637451172,107.27999877929688,107.91999816894531,105.0199966430664,105.73999786376953,7458800,MDT,1.7161254742058984,108.15599975585937,116.20300025939942
2021-12-03,91.82306671142578,106.87000274658203,108.5,105.91000366210938,107.62000274658203,6922900,MDT,-0.3821737857755858,107.31999969482422,115.5120002746582
2021-12-06,94.71858215332031,110.23999786376953,111.2300033569336,107.70999908447266,108.02999877929688,7624800,MDT,3.153359250096277,107.31199951171875,114.875
2021-12-07,96.4627685546875,112.2699966430664,114.44000244140625,111.63999938964844,111.80000305175781,9550600,MDT,1.8414357933909553,108.42599945068359,114.3375
2021-12-08,96.5916519165039,112.41999816894531,112.9000015258789,111.4800033569336,112.37999725341797,5585200,MDT,0.13360784747842303,109.81599884033203,113.8439998626709
2021-12-09,96.92672729492188,112.80999755859375,113.48999786376953,111.47000122070312,111.95999908447266,6162500,MDT,0.346912823341583,110.9219985961914,113.36399955749512
2021-12-10,96.60023498535156,112.43000030517578,114.1500015258789,111.8499984741211,113.69000244140625,4342700,MDT,-0.33684714266623006,112.03399810791015,113.00649948120117
2021-12-13,96.96968841552734,112.86000061035156,113.41000366210938,112.16000366210938,112.30000305175781,4750000,MDT,0.38246046785430643,112.55799865722656,112.68399963378906
2021-12-14,95.96443176269531,111.69000244140625,113.01000213623047,111.2699966430664,112.2699966430664,8183100,MDT,-1.0366809876111271,112.44199981689454,112.38949966430664
2021-12-15,90.16481018066406,104.94000244140625,105.77999877929688,103.43000030517578,105.61000061035156,18546500,MDT,-6.0435131636254695,110.94600067138671,111.73699989318848
2021-12-16,87.8191909790039,102.20999908447266,104.37000274658203,101.2300033569336,103.33000183105469,18427400,MDT,-2.6014897021351846,108.8260009765625,110.95599975585938
2021-12-17,86.46165466308594,100.62999725341797,103.94000244140625,100.26000213623047,100.51000213623047,22561600,MDT,-1.5458388075601848,106.46600036621093,110.103999710083
2021-12-20,85.51652526855469,99.52999877929688,100.43000030517578,98.37999725341797,99.91999816894531,12699900,MDT,-1.0931118991794775,103.8,109.2194995880127
2021-12-21,87.89437866210938,101.6500015258789,102.75,99.86000061035156,99.9800033569336,9610500,MDT,2.130013837619993,101.79199981689453,108.45749969482422
2021-12-22,87.62633514404297,101.33999633789062,101.81999969482422,100.91000366210938,101.6500015258789,6690600,MDT,-0.30497312674349075,101.0719985961914,107.85549964904786
2021-12-23,88.9752197265625,102.9000015258789,103.4000015258789,101.18000030517578,102.12000274658203,7255200,MDT,1.5393775847266422,101.20999908447266,107.27849960327148
2021-12-27,90.29818725585938,104.43000030517578,105.25,102.58000183105469,103.29000091552734,6591300,MDT,1.4868792581233192,101.96999969482422,106.94749946594239
2021-12-28,90.38465118408203,104.52999877929688,104.7699966430664,103.94999694824219,104.66000366210938,7488200,MDT,0.09575646253840997,102.96999969482422,106.65999946594238
2021-12-29,89.88311767578125,103.94999694824219,104.9800033569336,103.93000030517578,104.70999908447266,3635500,MDT,-0.554866390345321,103.42999877929688,106.52249946594239
2021-12-30,90.33277130126953,104.47000122070312,105.58000183105469,103.83999633789062,103.87999725341797,3519200,MDT,0.5002446250381931,104.05599975585938,106.47249946594238
2021-12-31,89.4508056640625,103.44999694824219,104.87999725341797,103.44000244140625,104.47000122070312,3608900,MDT,-0.9763609271010498,104.16599884033204,106.28099937438965
2022-01-03,91.74217987060547,106.0999984741211,106.33000183105469,102.7699966430664,103.13999938964844,7797800,MDT,2.561625523492994,104.4999984741211,106.2424991607666
2022-01-04,91.99295043945312,106.38999938964844,107.48999786376953,105.38999938964844,105.7300033569336,7680600,MDT,0.273327916774746,104.8719985961914,106.04999923706055
2022-01-05,91.66438293457031,106.01000213623047,108.98999786376953,106.0,107.13999938964844,7206000,MDT,-0.35717384678821684,105.28399963378907,105.73699951171875
2022-01-06,90.76510620117188,104.97000122070312,106.80999755859375,104.62000274658203,106.29000091552734,5207000,MDT,-0.9810403684275659,105.38399963378906,105.36449966430663
2022-01-07,90.92939758300781,105.16000366210938,105.83000183105469,103.86000061035156,104.0,5142200,MDT,0.1810064201168915,105.7260009765625,104.98199996948242
2022-01-10,91.3271484375,105.62000274658203,105.6500015258789,103.62000274658203,104.94000244140625,6500500,MDT,0.4374277942692739,105.63000183105468,104.64150009155273
2022-01-11,93.28996276855469,107.88999938964844,108.06999969482422,106.0,106.08000183105469,7217100,MDT,2.1492109297827744,105.93000183105468,104.39300003051758
2022-01-12,94.20652770996094,108.94999694824219,109.2300033569336,107.5,107.70999908447266,8421600,MDT,0.982479900445199,106.51800079345703,104.25599975585938
2022-01-13,94.05953979492188,108.77999877929688,110.5999984741211,108.44999694824219,108.7300033569336,5165400,MDT,-0.1560332021175448,107.28000030517578,104.4479995727539
2022-01-14,93.86065673828125,108.55000305175781,108.8499984741211,107.23999786376953,108.08999633789062,6291500,MDT,-0.21143200047805122,107.95800018310547,104.76499977111817
2022-01-18,92.94409942626953,107.48999786376953,108.20999908447266,106.31999969482422,107.01000213623047,8019400,MDT,-0.9765132733187132,108.33199920654297,105.10799980163574
2022-01-19,93.17753601074219,107.76000213623047,109.08999633789062,106.94999694824219,107.38999938964844,7278600,MDT,0.2511901365959135,108.30599975585938,105.51949996948242
2022-01-20,91.7508316040039,106.11000061035156,108.94000244140625,105.97000122070312,106.66000366210938,6110400,MDT,-1.5311817865342747,107.73800048828124,105.74249992370605
2022-01-21,91.30986022949219,105.5999984741211,107.41999816894531,104.47000122070312,107.3499984741211,6406200,MDT,-0.4806353155187071,107.1020004272461,105.95550003051758
2022-01-24,90.10795593261719,104.20999908447266,104.83000183105469,100.68000030517578,103.61000061035156,10286900,MDT,-1.3162873198232838,106.23399963378907,106.02099990844727
2022-01-25,90.07337188720703,104.16999816894531,104.66000366210938,101.2699966430664,102.6500015258789,8577400,MDT,-0.0383849111205925,105.56999969482422,106.00799980163575
2022-01-26,90.00421142578125,104.08999633789062,105.83999633789062,103.25,104.62000274658203,6568200,MDT,-0.07679930158484005,104.83599853515625,105.98599967956542
2022-01-27,89.21732330322266,103.18000030517578,105.95999908447266,102.81999969482422,105.08999633789062,5979300,MDT,-0.8742396625328608,104.2499984741211,105.9474998474121
2022-01-28,89.1740951538086,103.12999725341797,103.94000244140625,101.20999908447266,103.44999694824219,8459400,MDT,-0.048461961242407536,103.75599822998046,105.88049964904785
2022-01-31,89.48538208007812,103.48999786376953,103.58999633789062,101.80999755859375,103.0,9255000,MDT,0.34907458541566516,103.61199798583985,105.88249969482422
2022-02-01,89.57185363769531,103.58999633789062,104.19000244140625,102.5,103.69000244140625,8114900,MDT,0.09662622106991758,103.49599761962891,105.75699958801269
2022-02-02,89.38163757324219,103.37000274658203,103.48999786376953,101.4000015258789,102.98999786376953,10230100,MDT,-0.21236953285626026,103.35199890136718,105.60599975585937
2022-02-03,88.3440170288086,102.16999816894531,102.93000030517578,101.30000305175781,102.12000274658203,7134200,MDT,-1.1608827955423395,103.14999847412109,105.41399955749512
2022-02-04,88.82825469970703,102.7300033569336,103.54000091552734,101.56999969482422,101.62000274658203,4526800,MDT,0.5481111853034237,103.06999969482422,105.30199966430663
2022-02-07,88.1883773803711,101.98999786376953,103.23999786376953,101.80999755859375,102.6500015258789,5258400,MDT,-0.7203401820137456,102.76999969482422,105.14349937438965
2022-02-08,90.10795593261719,104.20999908447266,104.5999984741211,102.0199966430664,102.51000213623047,5775500,MDT,2.1766852311031926,102.89400024414063,105.07299919128418
2022-02-09,91.73353576660156,106.08999633789062,106.30000305175781,104.80000305175781,104.80000305175781,7087600,MDT,1.8040468956285416,103.43799896240235,104.98299903869629
2022-02-10,90.68729400634766,104.87999725341797,106.7699966430664,104.54000091552734,105.52999877929688,6516700,MDT,-1.1405402264497044,103.97999877929688,104.77949905395508
2022-02-11,89.05304718017578,102.98999786376953,105.83000183105469,102.62999725341797,104.69000244140625,5859000,MDT,-1.8020589618072735,104.03199768066406,104.48999900817871
2022-02-14,88.4650650024414,102.30999755859375,103.38999938964844,101.69000244140625,103.23999786376953,7079900,MDT,-0.6602585875137623,104.0959976196289,104.17799873352051
2022-02-15,89.84856414794922,103.91000366210938,104.80000305175781,103.01000213623047,103.37000274658203,5325500,MDT,1.5638805020978364,104.03599853515625,103.9989990234375
2022-02-16,89.19139099121094,103.1500015258789,103.5199966430664,101.61000061035156,103.06999969482422,7499400,MDT,-0.731404205029007,103.4479995727539,103.76849899291992
2022-02-17,87.93760681152344,101.69999694824219,103.0,101.38999938964844,102.25,5551600,MDT,-1.4057242425468464,102.81199951171875,103.54799880981446
2022-02-18,86.96916961669922,100.58000183105469,102.0199966430664,100.29000091552734,101.5,8364700,MDT,-1.101273501274036,102.33000030517579,103.29699897766113
2022-02-22,89.68427276611328,103.72000122070312,104.68000030517578,100.30000305175781,100.44999694824219,9609800,MDT,3.121892356815348,102.61200103759765,103.27249908447266
2022-02-23,89.08763122558594,103.02999877929688,104.5,102.55000305175781,104.23999786376953,6454100,MDT,-0.6652549491761084,102.43600006103516,103.21549911499024
2022-02-24,89.34703826904297,103.33000183105469,103.48999786376953,100.06999969482422,100.97000122070312,7617300,MDT,0.29118029245098764,102.47200012207031,103.17749938964843
2022-02-25,91.51737976074219,105.83999633789062,105.91000366210938,103.04000091552734,103.62999725341797,6969200,MDT,2.429105257289943,103.3,103.31049919128418
2022-02-28,90.78241729736328,104.98999786376953,105.44000244140625,103.5999984741211,104.33000183105469,5780600,MDT,-0.8030976034877235,104.18199920654297,103.40349922180175
2022-03-01,89.63237762451172,103.66000366210938,105.12000274658203,102.81999969482422,104.5999984741211,4543400,MDT,-1.266781816098228,104.16999969482421,103.41199951171875
2022-03-02,91.98431396484375,106.37999725341797,106.9800033569336,104.83000183105469,105.08999633789062,5919300,MDT,2.6239566807027215,104.83999938964844,103.55149955749512
2022-03-03,93.08244323730469,107.6500015258789,108.48999786376953,106.3499984741211,107.01000213623047,6480000,MDT,1.1938374743849067,105.70399932861328,103.76549949645997
2022-03-04,93.65312194824219,108.30999755859375,108.54000091552734,105.91999816894531,106.04000091552734,5186200,MDT,0.6130943087410801,106.1979995727539,104.07249946594239
2022-03-07,92.20911407470703,106.63999938964844,108.13999938964844,106.44000244140625,107.75,6556600,MDT,-1.5418689009219833,106.52799987792969,104.26799926757812
2022-03-08,90.00421142578125,104.08999633789062,106.9800033569336,104.04000091552734,106.31999969482422,7482700,MDT,-2.3912256811259303,106.61399841308594,104.37299919128418
2022-03-09,89.56320190429688,103.58000183105469,106.66999816894531,103.3499984741211,106.04000091552734,9962000,MDT,-0.4899553509257748,106.05399932861329,104.34149932861328
2022-03-10,90.3241195678711,104.45999908447266,104.63999938964844,102.4000015258789,102.81999969482422,5146900,MDT,0.8495821952709592,105.41599884033204,104.25999946594239
2022-03-11,89.7707290649414,103.81999969482422,106.05000305175781,103.5999984741211,105.41000366210938,5149800,MDT,-0.6126741290997884,104.51799926757812,104.20699958801269
2022-03-14,89.25192260742188,103.22000122070312,105.06999969482422,102.83999633789062,104.47000122070312,4175500,MDT,-0.577921860802133,103.83399963378906,104.21849975585937
2022-03-15,91.13691711425781,105.4000015258789,105.55000305175781,103.73999786376953,103.97000122070312,5017900,MDT,2.111994070329981,104.09600067138672,104.37299995422363
2022-03-16,92.77982330322266,107.30000305175781,107.37999725341797,105.4000015258789,105.97000122070312,5255000,MDT,1.802657968095378,104.84000091552734,104.54249992370606
2022-03-17,94.88961029052734,109.73999786376953,109.79000091552734,106.66000366210938,107.0,5693400,MDT,2.2739932363606163,105.89600067138672,104.87199974060059
2022-03-18,95.27007293701172,110.18000030517578,110.38999938964844,108.4800033569336,109.7300033569336,16292800,MDT,0.40094992707442323,107.16800079345703,105.29599990844727
2022-03-21,94.03357696533203,108.75,110.5999984741211,108.08999633789062,109.04000091552734,8206100,MDT,-1.2978764759620454,108.27400054931641,105.70449981689453
2022-03-22,94.22382354736328,108.97000122070312,109.55000305175781,108.7699966430664,109.0199966430664,5601800,MDT,0.2022999730603381,108.98800048828124,105.96699981689453
2022-03-23,91.7940673828125,106.16000366210938,108.9000015258789,105.70999908447266,108.33000183105469,7002600,MDT,-2.578689113623578,108.76000061035157,106.12350006103516
2022-03-24,92.50733184814453,106.3499984741211,106.55000305175781,105.18000030517578,106.19999694824219,5660500,MDT,0.1789702387505976,108.08200073242188,106.27449989318848
2022-03-25,94.34269714355469,108.45999908447266,108.4800033569336,106.77999877929688,106.87000274658203,5597200,MDT,1.9840156470382952,107.73800048828124,106.40550003051757
2022-03-28,95.6213607788086,109.93000030517578,110.01000213623047,108.1500015258789,108.94000244140625,5688000,MDT,1.3553395105215138,107.9740005493164,106.65250015258789
2022-03-29,97.7524642944336,112.37999725341797,112.47000122070312,110.69000244140625,111.0,8862200,MDT,2.2286882028934585,108.65599975585937,107.08849983215332
2022-03-30,97.03919982910156,111.55999755859375,112.5199966430664,111.26000213623047,111.93000030517578,4694900,MDT,-0.7296669468456307,109.73599853515626,107.34749984741211
2022-03-31,96.50860595703125,110.94999694824219,112.48999786376953,110.9000015258789,111.2699966430664,6899800,MDT,-0.5467915235756182,110.65599822998047,107.51249961853027
2022-04-01,97.87423706054688,112.5199966430664,112.66000366210938,110.83999633789062,111.3499984741211,4479100,MDT,1.4150515890114068,111.46799774169922,107.7229995727539
2022-04-04,96.44770812988281,110.87999725341797,112.16000366210938,110.41000366210938,112.0,5099200,MDT,-1.4575181643942003,111.65799713134766,107.93499946594238
2022-04-05,96.1171646118164,110.5,111.8499984741211,110.16999816894531,110.55000305175781,5496100,MDT,-0.34271037412589855,111.28199768066406,108.25549964904785
2022-04-06,97.17837524414062,111.72000122070312,112.02999877929688,109.0,109.7300033569336,5560700,MDT,1.1040735028987614,111.31399841308594,108.66249961853028
2022-04-07,97.708984375,112.33000183105469,113.12000274658203,110.88999938964844,111.4800033569336,6668600,MDT,0.546008417191568,111.58999938964844,109.05599975585938
2022-04-08,97.83076477050781,112.47000122070312,113.11000061035156,111.2699966430664,112.05999755859375,5230500,MDT,0.12463223303333937,111.58000030517579,109.48849983215332
2022-04-11,97.0044174194336,111.5199966430664,112.73999786376953,111.3499984741211,112.36000061035156,3407100,MDT,-0.8446737506230595,111.70800018310547,109.90349960327148
2022-04-12,96.186767578125,110.58000183105469,112.22000122070312,110.1500015258789,111.66999816894531,4733900,MDT,-0.8428935081663314,111.7240005493164,110.16249961853028
2022-04-13,96.0823745727539,110.45999908447266,110.68000030517578,109.62000274658203,109.66000366210938,4791500,MDT,-0.10852120147851751,111.47200012207031,110.32049942016602
2022-04-14,94.82979583740234,109.0199966430664,111.11000061035156,108.91000366210938,110.83000183105469,6665800,MDT,-1.3036415474755092,110.80999908447265,110.28449935913086
2022-04-18,94.01216125488281,108.08000183105469,109.25,107.54000091552734,108.52999877929688,3418000,MDT,-0.8622223820913155,109.93199920654297,110.1794994354248
2022-04-19,95.87361907958984,110.22000122070312,111.66000366210938,108.48999786376953,108.6500015258789,9780300,MDT,1.9800142055822478,109.67200012207032,110.25299949645996
2022-04-20,98.29177856445312,113.0,113.48999786376953,110.79000091552734,110.79000091552734,5477700,MDT,2.52222713528214,110.15599975585937,110.45449943542481
2022-04-21,98.37004852294922,113.08999633789062,114.30999755859375,113.02999877929688,114.0,5859300,MDT,0.07964277689436194,110.68199920654297,110.80099906921387
2022-04-22,93.76860046386719,107.80000305175781,111.81999969482422,107.69999694824219,111.75,6351500,MDT,-4.677684549858285,110.43800048828125,110.87349929809571
2022-04-25,95.22994232177734,109.4800033569336,109.66999816894531,106.87999725341797,107.44000244140625,5498200,MDT,1.5584417974173537,110.71800079345704,110.92449951171875
2022-04-26,92.8813705444336,106.77999877929688,109.41999816894531,106.76000213623047,107.8499984741211,5251200,MDT,-2.466207978487167,110.03000030517578,110.76699943542481
2022-04-27,92.75089263916016,106.62999725341797,108.25,106.19000244140625,106.77999877929688,4757700,MDT,-0.1404771751205458,108.75599975585938,110.4794994354248
2022-04-28,93.2032241821289,107.1500015258789,107.63999938964844,105.3499984741211,107.27999877929688,5063200,MDT,0.48767165512073607,107.56800079345703,110.25899963378906
2022-04-29,90.7763671875,104.36000061035156,106.62999725341797,104.12000274658203,106.62999725341797,5206000,MDT,-2.6038272289277575,106.88000030517578,109.92949981689453
2022-05-02,89.71516418457031,103.13999938964844,105.55999755859375,101.26000213623047,105.16999816894531,6104000,MDT,-1.1690314426676118,105.61199951171875,109.46049995422364
2022-05-03,89.68904876708984,103.11000061035156,104.19000244140625,102.66000366210938,103.43000030517578,3841500,MDT,-0.029085494933489553,104.87799987792968,109.0720001220703
2022-05-04,92.05502319335938,105.83000183105469,106.19999694824219,102.4800033569336,103.08999633789062,4258100,MDT,2.637960629039182,104.71800079345704,108.83850021362305
2022-05-05,90.94164276123047,104.55000305175781,105.66999816894531,103.47000122070312,104.5,3945400,MDT,-1.2094857385906876,104.19800109863282,108.48000030517578
2022-05-06,89.98481750488281,103.44999694824219,104.83000183105469,102.72000122070312,103.97000122070312,5496400,MDT,-1.0521339755208414,104.01600036621093,108.03600006103515
2022-05-09,86.61852264404297,99.58000183105469,102.31999969482422,99.20999908447266,102.27999877929688,6593300,MDT,-3.740933041422634,103.30400085449219,107.39150009155273
2022-05-10,87.25350952148438,100.30999755859375,101.33000183105469,98.79000091552734,100.77999877929688,5638900,MDT,0.7330746275517885,102.74400024414062,106.8310001373291
2022-05-11,87.54924774169922,100.6500015258789,102.45999908447266,100.23999786376953,100.45999908447266,4113400,MDT,0.3389532205765988,101.70800018310547,106.33450012207031
2022-05-12,87.94937133789062,101.11000061035156,101.4000015258789,99.48999786376953,99.95999908447266,4434700,MDT,0.4570283929448138,101.01999969482422,105.86700019836425
2022-05-13,89.30632781982422,102.66999816894531,103.02999877929688,101.80000305175781,102.36000061035156,3525900,MDT,1.5428716735998549,100.86399993896484,105.5495002746582
2022-05-16,90.2979507446289,103.80999755859375,104.33000183105469,102.0,102.0,3751200,MDT,1.1103529852728222,101.70999908447266,105.33600006103515
2022-05-17,92.42904663085938,106.26000213623047,106.33000183105469,104.98999786376953,105.2699966430664,3168200,MDT,2.360085382194388,102.9,105.13800010681152
2022-05-18,90.08919525146484,103.56999969482422,105.9000015258789,103.25,105.13999938964844,4133800,MDT,-2.5315286912544366,103.48399963378907,104.66650009155273
2022-05-19,89.37593078613281,102.75,103.25,101.25,102.2300033569336,4230400,MDT,-0.7917347660909568,103.81199951171875,104.14950027465821
2022-05-20,89.18455505371094,102.52999877929688,103.73999786376953,100.41999816894531,103.52999877929688,5335800,MDT,-0.21411311017335288,103.78399963378907,103.88600006103516
2022-05-23,90.68939208984375,104.26000213623047,104.44000244140625,102.5,103.83000183105469,4134300,MDT,1.6873143251055156,103.8740005493164,103.625
2022-05-24,91.84626770019531,105.58999633789062,105.7300033569336,103.76000213623047,104.13999938964844,4381900,MDT,1.2756514237572514,103.73999938964843,103.56549987792968
2022-05-25,91.8027572631836,105.54000091552734,106.05999755859375,104.33999633789062,105.26000213623047,5495100,MDT,-0.04734863537952938,104.13399963378906,103.51100006103516
2022-05-26,86.49674224853516,99.44000244140625,101.38999938964844,98.18000030517578,98.75,12674300,MDT,-5.779797632372052,103.47200012207031,103.12550010681153
2022-05-27,86.18362426757812,99.08000183105469,99.18000030517578,96.86000061035156,99.12999725341797,13358600,MDT,-0.36202795807822596,102.78200073242188,102.86150016784669
2022-05-31,87.11434173583984,100.1500015258789,100.62000274658203,98.22000122070312,98.33999633789062,11330500,MDT,1.0799350777654482,101.96000061035156,102.71200027465821
2022-06-01,85.05281829833984,97.77999877929688,100.31999969482422,96.37999725341797,100.27999877929688,6493700,MDT,-2.36645303092643,100.39800109863282,102.44550018310547
2022-06-02,85.67911529541016,98.5,98.9000015258789,96.12000274658203,97.86000061035156,6794700,MDT,0.7363481588174903,98.99000091552735,102.07900009155273
2022-06-03,83.05220794677734,95.4800033569336,98.7699966430664,95.37999725341797,98.7699966430664,9097000,MDT,-3.065986439661328,98.19800109863282,101.62550010681153
2022-06-06,83.06090545654297,95.48999786376953,96.86000061035156,95.19000244140625,96.25,5432500,MDT,0.010467643993039566,97.48000030517578,101.2275001525879
2022-06-07,83.913330078125,96.47000122070312,96.55000305175781,94.56999969482422,95.11000061035156,5929000,MDT,1.0262890133600377,96.74400024414062,101.0720001220703
2022-06-08,83.539306640625,96.04000091552734,96.79000091552734,95.80999755859375,96.27999877929688,5665500,MDT,-0.4457347359123953,96.39600067138672,100.85850028991699
2022-06-09,81.06895446777344,93.19999694824219,95.47000122070312,93.16999816894531,95.0,5974800,MDT,-2.957105310508168,95.33600006103515,100.48600006103516
2022-06-10,80.66883850097656,92.73999786376953,93.77999877929688,91.01000213623047,91.87000274658203,6723500,MDT,-0.49356126559544355,94.78799896240234,100.06749992370605
2022-06-13,78.43335723876953,90.16999816894531,91.80000305175781,89.73999786376953,90.5,8502400,MDT,-2.7711880030441893,93.7239990234375,99.44249992370605
2022-06-14,76.96332550048828,88.4800033569336,90.30999755859375,87.69000244140625,90.04000091552734,7521900,MDT,-1.8742318357878762,92.1259994506836,98.67600021362304
2022-06-15,77.72007751464844,89.3499984741211,90.33999633789062,88.44000244140625,89.20999908447266,5236200,MDT,0.9832675002032776,90.78799896240234,97.83050003051758
2022-06-16,76.02389526367188,87.4000015258789,88.05999755859375,86.94999694824219,87.5,6729900,MDT,-2.182425273131905,89.62799987792968,97.02200012207031
2022-06-17,76.73717498779297,88.22000122070312,89.51000213623047,87.70999908447266,88.2699966430664,8299300,MDT,0.9382147374235705,88.7240005493164,96.29550018310547
2022-06-21,77.16339111328125,88.70999908447266,89.75,88.11000061035156,89.6500015258789,6520400,MDT,0.5554271786323062,88.43200073242187,95.60450019836426
2022-06-22,77.63311004638672,89.25,89.88999938964844,88.05000305175781,88.18000030517578,7458400,MDT,0.6087260975091935,88.58600006103515,94.85400009155273
2022-06-23,77.72074127197266,88.66999816894531,89.61000061035156,88.16000366210938,88.37000274658203,6823300,MDT,-0.6498619955794815,88.45,94.00800018310547
2022-06-24,79.07935333251953,90.22000122070312,90.51000213623047,88.25,89.3499984741211,7131800,MDT,1.7480580622146302,89.01399993896484,93.24200019836425
2022-06-27,79.29846954345703,90.47000122070312,91.19999694824219,89.87999725341797,90.36000061035156,7237200,MDT,0.27710041744339886,89.46399993896485,92.7935001373291
2022-06-28,78.185302734375,89.19999694824219,91.95999908447266,89.12000274658203,90.86000061035156,4166900,MDT,-1.4037849622249299,89.56199951171875,92.29949989318848
2022-06-29,79.25464630126953,90.41999816894531,90.55000305175781,89.06999969482422,89.88999938964844,4072800,MDT,1.367714419778543,89.7959991455078,91.8129997253418
2022-06-30,78.6673812866211,89.75,90.81999969482422,88.91000366210938,89.41999816894531,5206500,MDT,-0.7409844973602531,90.01199951171876,91.41149978637695
2022-07-01,80.09610748291016,91.37999725341797,91.54000091552734,89.05999755859375,89.76000213623047,3985100,MDT,1.8161529285994016,90.24399871826172,91.05549964904785
2022-07-05,79.3160171508789,90.48999786376953,90.83999633789062,88.80999755859375,90.52999877929688,3590400,MDT,-0.9739542748948282,90.247998046875,90.80599937438964
2022-07-06,78.55345153808594,89.62000274658203,90.4800033569336,89.0999984741211,90.04000091552734,8061900,MDT,-0.9614268291809003,90.33199920654297,90.51249961853027
2022-07-07,78.4482421875,89.5,89.69999694824219,88.69999694824219,89.37000274658203,5581100,MDT,-0.13390174392358123,90.1479995727539,90.16399955749512
2022-07-08,78.43074035644531,89.4800033569336,90.41000366210938,89.2300033569336,89.62000274658203,3997900,MDT,-0.022342617951287558,90.09400024414063,89.83599967956543
2022-07-11,77.96617126464844,88.94999694824219,89.31999969482422,88.16999816894531,88.66000366210938,3345200,MDT,-0.5923182709070995,89.60800018310547,89.62349967956543
2022-07-12,77.73828125,88.69000244140625,89.98999786376953,88.37999725341797,88.80000305175781,6200500,MDT,-0.29229287887128086,89.24800109863281,89.42099990844727
2022-07-13,77.05460357666016,87.91000366210938,88.5999984741211,86.80999755859375,87.66000366210938,4244200,MDT,-0.8794664086430592,88.90600128173828,89.30800018310546
2022-07-14,76.7039794921875,87.51000213623047,87.66999816894531,86.69999694824219,87.08000183105469,3843300,MDT,-0.4550125232804625,88.50800170898438,89.2595001220703
2022-07-15,78.11517333984375,89.12000274658203,89.29000091552734,88.06999969482422,88.80999755859375,5588000,MDT,1.8397903908689228,88.43600158691406,89.24800033569336
2022-07-18,77.04583740234375,87.9000015258789,89.77999877929688,87.70999908447266,89.55999755859375,4264700,MDT,-1.3689420815799047,88.2260025024414,89.27300033569335
2022-07-19,79.17576599121094,90.33000183105469,90.41999816894531,88.76000213623047,88.76000213623047,4654800,MDT,2.7645054186493434,88.55400238037109,89.37850036621094
2022-07-20,78.21159362792969,89.2300033569336,90.31999969482422,88.5,90.02999877929688,6264200,MDT,-1.217755398896636,88.81800231933593,89.40450057983398
2022-07-21,79.11441802978516,90.26000213623047,90.55000305175781,89.16000366210938,89.66999816894531,4607000,MDT,1.1543188843966767,89.36800231933594,89.4550006866455
2022-07-22,79.51763153076172,90.72000122070312,91.62000274658203,89.98999786376953,90.55000305175781,3466500,MDT,0.5096377947990449,89.68800201416016,89.5575008392334
2022-07-25,79.54390716552734,90.75,91.5199966430664,90.45999908447266,90.9800033569336,3723200,MDT,0.033067437051603754,90.25800170898438,89.58400077819825
2022-07-26,80.55189514160156,91.9000015258789,92.22000122070312,90.70999908447266,91.08000183105469,5163000,MDT,1.267219312263257,90.57200164794922,89.65550079345704
2022-07-27,81.70890045166016,93.22000122070312,93.52999877929688,92.5,92.66000366210938,5933200,MDT,1.4363434960906973,91.37000122070313,89.85650100708008
2022-07-28,81.92803955078125,93.47000122070312,94.05000305175781,92.48999786376953,93.45999908447266,4726100,MDT,0.26818278988016697,92.01200103759766,90.00900115966797
2022-07-29,81.0953369140625,92.5199966430664,93.44999694824219,92.26000213623047,93.04000091552734,6870900,MDT,-1.0163737725792377,92.37200012207032,90.14750099182129
2022-08-01,81.58618927001953,93.08000183105469,93.27999877929688,91.3499984741211,91.83000183105469,4711600,MDT,0.6052801646207584,92.83800048828125,90.23250122070313
2022-08-02,81.70013427734375,93.20999908447266,94.13999938964844,92.66999816894531,93.02999877929688,4049200,MDT,0.13966185094616002,93.1,90.36850128173828
2022-08-03,82.19097900390625,93.7699966430664,94.13999938964844,92.80999755859375,93.27999877929688,3489100,MDT,0.6007912928807535,93.20999908447266,90.5760009765625
2022-08-04,81.70013427734375,93.20999908447266,94.1500015258789,92.9800033569336,93.77999877929688,3390400,MDT,-0.5972033471701721,93.15799865722656,90.76150093078613
2022-08-05,81.76148986816406,93.27999877929688,93.37999725341797,92.54000091552734,92.88999938964844,3333000,MDT,0.07509891161010529,93.30999908447265,90.9515007019043
2022-08-08,82.02445983886719,93.58000183105469,94.38999938964844,93.4800033569336,93.6500015258789,3649700,MDT,0.3216156257330516,93.40999908447266,91.18300094604493
2022-08-09,81.60370635986328,93.0999984741211,93.97000122070312,92.91000366210938,93.55000305175781,2945000,MDT,-0.5129336904696524,93.38799896240235,91.40350074768067
2022-08-10,82.54158020019531,94.16999816894531,94.36000061035156,93.63999938964844,94.0,4369500,MDT,1.1493015170366938,93.46799926757812,91.71650047302246
2022-08-11,82.42764282226562,94.04000091552734,94.97000122070312,93.8499984741211,94.73999786376953,5907500,MDT,-0.13804529674593669,93.63399963378906,92.04300041198731
2022-08-12,83.11133575439453,94.81999969482422,94.83999633789062,93.9000015258789,94.05000305175781,8837500,MDT,0.829432977140776,93.94199981689454,92.32800025939942
2022-08-15,83.44441223144531,95.19999694824219,95.48999786376953,94.0999984741211,94.55999755859375,3541500,MDT,0.40075643813644035,94.26599884033203,92.69300003051758
2022-08-16,83.54082489013672,95.30999755859375,95.55999755859375,94.61000061035156,94.61000061035156,3664500,MDT,0.11554686331698427,94.70799865722657,92.94199981689454
2022-08-17,83.1902084350586,94.91000366210938,95.26000213623047,94.27999877929688,94.55000305175781,3505400,MDT,-0.4196767461235873,94.85599975585937,93.22599983215332
2022-08-18,83.47945404052734,95.23999786376953,95.33999633789062,94.13999938964844,95.0,3552300,MDT,0.347691696267316,95.09599914550782,93.47499961853028
2022-08-19,83.26910400390625,95.0,95.5999984741211,94.2699966430664,95.4000015258789,4761700,MDT,-0.25199272275585605,95.13199920654297,93.68899955749512
2022-08-22,81.59495544433594,93.08999633789062,94.97000122070312,92.88999938964844,94.38999938964844,6859300,MDT,-2.0105301706414447,94.70999908447266,93.80599937438964
2022-08-23,79.07935333251953,90.22000122070312,93.16999816894531,89.33000183105469,93.0999984741211,8490600,MDT,-3.0830327963170423,93.69199981689454,93.72199935913086
2022-08-24,78.25542449951172,89.27999877929688,89.95999908447266,88.41999816894531,89.47000122070312,6853300,MDT,-1.0419002756459128,92.56599884033203,93.52499923706054
2022-08-25,80.76226043701172,92.13999938964844,92.18000030517578,89.52999877929688,90.0,6650300,MDT,3.2034057453580234,91.94599914550781,93.45849914550782
2022-08-26,78.38690948486328,89.43000030517578,92.93000030517578,89.37999725341797,92.5199966430664,5407500,MDT,-2.9411754964447256,90.83199920654297,93.30399932861329
2022-08-29,77.93112182617188,88.91000366210938,89.4800033569336,88.66999816894531,89.08999633789062,4585100,MDT,-0.5814566043743086,89.99600067138672,93.09549942016602
2022-08-30,76.47611236572266,87.25,89.04000091552734,87.13999938964844,89.0,5442700,MDT,-1.8670606160562042,89.4020004272461,92.79749946594238
2022-08-31,77.0633544921875,87.91999816894531,89.16999816894531,87.7300033569336,88.29000091552734,6743000,MDT,0.7679062108255641,89.13000030517578,92.50499954223633
2022-09-01,77.59803009033203,88.52999877929688,88.58999633789062,86.41999816894531,87.7300033569336,4861000,MDT,0.6938132655319285,88.40800018310547,92.27099952697753
2022-09-02,76.43225860595703,87.19999694824219,89.33000183105469,86.87999725341797,89.33000183105469,4507200,MDT,-1.5023176882339673,87.96199951171874,91.96699943542481
2022-09-06,75.55574798583984,86.19999694824219,87.51000213623047,85.87999725341797,87.19999694824219,5778100,MDT,-1.1467890309601159,87.41999816894531,91.59799919128417
2022-09-07,76.35338592529297,87.11000061035156,87.33999633789062,85.66000366210938,85.97000122070312,11559800,MDT,1.0556887405179127,87.39199829101562,91.2984992980957
2022-09-08,77.03706359863281,87.88999938964844,88.51000213623047,86.44999694824219,86.80000305175781,7034500,MDT,0.8954181768243252,87.38599853515625,90.98449935913087
2022-09-09,78.64984893798828,89.7300033569336,90.05999755859375,87.8499984741211,88.19000244140625,6756500,MDT,2.093530526866605,87.6259994506836,90.76899948120118
2022-09-12,80.69215393066406,92.05999755859375,92.38999938964844,90.25,90.4800033569336,6874400,MDT,2.5966723665347136,88.5979995727539,90.63099937438965
2022-09-13,79.16700744628906,90.31999969482422,91.75,90.25,90.47000122070312,6810700,MDT,-1.890069422022378,89.42200012207032,90.38699951171876
2022-09-14,79.42994689941406,90.62000274658203,91.18000030517578,89.80000305175781,89.98999786376953,7183000,MDT,0.33215572716061015,90.1240005493164,90.15249977111816
2022-09-15,79.42994689941406,90.62000274658203,91.9000015258789,90.52999877929688,90.83000183105469,5963000,MDT,0.0,90.67000122070313,89.9379997253418
2022-09-16,79.10564422607422,90.25,90.62000274658203,89.41000366210938,90.0,14640700,MDT,-0.4083014073799407,90.77400054931641,89.68849983215333
2022-09-19,78.60601043701172,89.68000030517578,89.94999694824219,87.80999755859375,89.37000274658203,5065500,MDT,-0.6315786092235154,90.29800109863281,89.42249984741211
2022-09-20,77.53667449951172,88.45999908447266,89.0199966430664,87.5999984741211,88.94000244140625,5598600,MDT,-1.3603938632376633,89.9260009765625,89.19099998474121
2022-09-21,75.143798828125,85.7300033569336,89.19999694824219,85.69999694824219,88.77999877929688,5353800,MDT,-3.0861358306505493,88.94800109863282,88.96650009155273
2022-09-22,73.82733917236328,83.55999755859375,84.91999816894531,83.20999908447266,84.5999984741211,6309500,MDT,-2.5312092772294736,87.53600006103515,88.68050003051758
2022-09-23,73.03218078613281,82.66000366210938,83.12000274658203,81.62000274658203,83.05000305175781,5960800,MDT,-1.0770630957154914,86.01800079345703,88.20650024414063
2022-09-26,71.85708618164062,81.33000183105469,82.58999633789062,80.69000244140625,82.22000122070312,7099800,MDT,-1.6090028697450354,84.3480010986328,87.80150032043457
2022-09-27,71.46833038330078,80.88999938964844,82.38999938964844,80.38999938964844,82.05999755859375,5223000,MDT,-0.5410087685971732,82.83400115966796,87.40050010681152
2022-09-28,72.97032165527344,82.58999633789062,82.91999816894531,80.80999755859375,81.41000366210938,6099900,MDT,2.101615726380812,82.20599975585938,87.16749992370606
2022-09-29,72.68759155273438,82.2699966430664,83.13999938964844,81.43000030517578,82.36000061035156,5311200,MDT,-0.38745575616088157,81.9479995727539,86.8849998474121
2022-09-30,71.3446273803711,80.75,83.55000305175781,80.69000244140625,82.5999984741211,5972900,MDT,-1.8475710527387168,81.56599884033203,86.49599990844726
2022-10-03,73.06749725341797,82.69999694824219,83.23999786376953,81.20999908447266,81.5,5871400,MDT,2.414856901847906,81.83999786376953,86.27099990844727
2022-10-04,74.6578369140625,84.5,84.86000061035156,83.37999725341797,83.6500015258789,4872400,MDT,2.176545487522019,82.56199798583984,86.18600006103516
2022-10-05,75.143798828125,85.05000305175781,85.37000274658203,83.58000183105469,83.69000244140625,3890900,MDT,0.6508911855122035,83.05399932861329,86.08300018310547
2022-10-06,74.58716583251953,84.41999816894531,85.05000305175781,83.83000183105469,84.75,5471400,MDT,-0.7407464552695031,83.48399963378907,85.90950012207031
2022-10-07,72.82011413574219,82.41999816894531,84.04000091552734,82.01000213623047,83.91000366210938,4267900,MDT,-2.3691068981042895,83.81799926757813,85.5439998626709
2022-10-10,72.30767822265625,81.83999633789062,83.05999755859375,81.55999755859375,82.88999938964844,3380600,MDT,-0.7037149283427468,83.64599914550782,85.03299980163574
2022-10-11,72.35184478759766,81.88999938964844,82.87999725341797,81.0,82.02999877929688,5410400,MDT,0.06109855082516713,83.1239990234375,84.61149978637695
2022-10-12,70.95587921142578,80.30999755859375,82.0199966430664,80.30000305175781,81.6500015258789,6152500,MDT,-1.9294197616692266,82.17599792480469,84.09599952697754
2022-10-13,73.77433013916016,83.5,84.20999908447266,79.44000244140625,80.0,6324000,MDT,3.972111241914611,81.99199829101562,83.73999938964843
2022-10-14,72.1044921875,81.61000061035156,84.69999694824219,81.33999633789062,84.11000061035156,5500100,MDT,-2.2634723229322584,81.82999877929687,83.30799942016601
2022-10-17,73.12052917480469,82.76000213623047,83.58000183105469,82.33999633789062,82.80000305175781,9022200,MDT,1.4091428958193708,82.01399993896484,82.96199951171874
2022-10-18,74.30443572998047,84.0999984741211,85.12999725341797,83.5,84.87999725341797,6913800,MDT,1.6191352142365556,82.45599975585938,82.74399948120117
2022-10-19,73.91568756103516,83.66000366210938,84.16999816894531,82.06999969482422,83.80000305175781,5470100,MDT,-0.523180523180522,83.1260009765625,82.64049949645997
2022-10-20,72.84661865234375,82.44999694824219,84.01000213623047,82.19999694824219,83.70999908447266,4043000,MDT,-1.4463383467615332,82.91600036621094,82.58499946594239
2022-10-21,73.56227111816406,83.26000213623047,83.52999877929688,80.98999786376953,82.25,5974500,MDT,0.9824199126371891,83.24600067138672,82.61499938964843
2022-10-24,74.11006164550781,83.87999725341797,84.45999908447266,83.06999969482422,84.12999725341797,6044100,MDT,0.7446494130195491,83.46999969482422,82.7424991607666
2022-10-25,74.6578369140625,84.5,84.69999694824219,83.44999694824219,83.5199966430664,5142500,MDT,0.7391544669569816,83.55,82.92299919128418
2022-10-26,75.42652893066406,85.37000274658203,86.6500015258789,84.86000061035156,84.88999938964844,3986500,MDT,1.0295890492095117,83.89199981689453,83.06199951171875
2022-10-27,75.60321807861328,85.56999969482422,86.05999755859375,84.58000183105469,85.55000305175781,5077300,MDT,0.2342707529667809,84.51600036621093,83.22699966430665
2022-10-28,76.7076187133789,86.81999969482422,86.94999694824219,85.30999755859375,85.55000305175781,5430000,MDT,1.4607923389715838,85.22799987792969,83.53049964904785
2022-10-31,77.16705322265625,87.33999633789062,87.68000030517578,86.36000061035156,86.6500015258789,6549100,MDT,0.598936471889222,85.91999969482421,83.76249961853027
2022-11-01,77.52046203613281,87.73999786376953,88.05000305175781,86.36000061035156,87.45999908447266,6683000,MDT,0.45798207310592254,86.56799926757813,83.92449951171875
2022-11-02,75.78876495361328,85.77999877929688,88.73999786376953,85.7699966430664,87.4800033569336,6015700,MDT,-2.2338718169515714,86.64999847412109,83.9609992980957
2022-11-03,74.23374938964844,84.0199966430664,84.83000183105469,83.5199966430664,84.81999969482422,5151400,MDT,-2.051762836647708,86.33999786376953,83.94099922180176
2022-11-04,74.79037475585938,84.6500015258789,84.88999938964844,83.1500015258789,84.81999969482422,5672900,MDT,0.7498273125252419,85.90599822998047,84.05249938964843
2022-11-07,75.57672882080078,85.54000091552734,85.83999633789062,84.91999816894531,85.52999877929688,5217600,MDT,1.05138732853578,85.5459991455078,84.23749961853028
2022-11-08,70.84986114501953,80.19000244140625,82.18000030517578,79.72000122070312,81.75,12753700,MDT,-6.254382063199104,84.03600006103515,84.15249977111816
2022-11-09,70.05469512939453,79.29000091552734,81.48999786376953,79.19000244140625,80.33999633789062,7150100,MDT,-1.1223363243273665,82.73800048828124,84.10149993896485
2022-11-10,72.30767822265625,81.83999633789062,82.19999694824219,81.04000091552734,82.11000061035156,9212300,MDT,3.2160365656698,82.3020004272461,84.01849975585938
2022-11-11,73.81849670410156,83.55000305175781,83.6500015258789,81.94000244140625,82.47000122070312,8502200,MDT,2.0894511123963566,82.08200073242188,84.1154998779297
2022-11-14,73.24420928955078,82.9000015258789,84.69000244140625,82.76000213623047,83.6500015258789,6772100,MDT,-0.7779790570159983,81.55400085449219,84.12249984741212
2022-11-15,73.68598175048828,83.4000015258789,84.26000213623047,82.48999786376953,83.27999877929688,6765800,MDT,0.6031362977042987,82.19600067138671,84.0875
2022-11-16,72.2546615600586,81.77999877929688,83.2699966430664,81.62999725341797,82.16999816894531,8289500,MDT,-1.9424493008904142,82.69400024414062,83.99349975585938
2022-11-17,70.62897491455078,79.94000244140625,81.30000305175781,79.37000274658203,81.30000305175781,8953000,MDT,-2.2499344159398915,82.31400146484376,83.86800003051758
2022-11-18,71.83056640625,81.30000305175781,81.62999725341797,79.51000213623047,79.72000122070312,9028200,MDT,1.7012766685220004,81.86400146484375,83.77000007629394
2022-11-21,72.70526123046875,82.29000091552734,83.44000244140625,81.38999938964844,81.51000213623047,8304200,MDT,1.2177095038228725,81.74200134277343,83.69050025939941
2022-11-22,68.85308837890625,77.93000030517578,78.27999877929688,76.5999984741211,78.0,17129900,MDT,-5.298335838915847,80.64800109863282,83.3620002746582
2022-11-23,69.81614685058594,79.0199966430664,79.2300033569336,77.27999877929688,77.51000213623047,9873800,MDT,1.3986864283615619,80.09600067138672,83.04449996948242
2022-11-25,69.90450286865234,79.12000274658203,79.72000122070312,78.75,79.31999969482422,4879800,MDT,0.12655796983560563,79.93200073242187,82.72200012207031
2022-11-28,67.26275634765625,76.12999725341797,79.0999984741211,75.83999633789062,78.5,11012800,MDT,-3.7790765790806646,78.8979995727539,82.1875
2022-11-29,67.57198333740234,76.4800033569336,77.16000366210938,75.83000183105469,76.4000015258789,8177300,MDT,0.4597479523748671,77.73600006103516,81.64450035095214
2022-11-30,69.83381652832031,79.04000091552734,79.06999969482422,76.05000305175781,76.87000274658203,10610600,MDT,3.3472769955908532,77.95800018310547,81.20950050354004
2022-12-01,70.01935577392578,79.25,80.16000366210938,78.91999816894531,79.30999755859375,7876700,MDT,0.2656870977229442,78.00400085449219,80.8830005645752
2022-12-02,70.34626007080078,79.62000274658203,79.69999694824219,78.55000305175781,78.5999984741211,6339500,MDT,0.4668804373274771,78.10400085449218,80.66300086975097
2022-12-05,69.61293029785156,78.79000091552734,79.41999816894531,78.3499984741211,79.04000091552734,8515000,MDT,-1.0424539090967522,78.63600158691406,80.3700008392334
2022-12-06,68.10208892822266,77.08000183105469,78.75,76.76000213623047,78.38999938964844,7228400,MDT,-2.1703249963228033,78.75600128173828,79.94700088500977
2022-12-07,67.951904296875,76.91000366210938,77.66000366210938,76.55000305175781,77.33000183105469,6089300,MDT,-0.2205476970770115,78.33000183105469,79.78300094604492
2022-12-08,68.7293930053711,77.79000091552734,78.16999816894531,76.47000122070312,76.5,5938700,MDT,1.1441908874222362,78.03800201416016,79.70800094604492
2022-12-09,69.43621826171875,78.58999633789062,78.91999816894531,77.30000305175781,77.7699966430664,6370200,MDT,1.0284039246020837,77.83200073242188,79.54550094604492
2022-12-12,70.4257583618164,79.70999908447266,79.7300033569336,78.7699966430664,79.0999984741211,5997100,MDT,1.4251212606839703,78.01600036621093,79.35350074768067
2022-12-13,70.8056869506836,80.13999938964844,81.23999786376953,79.81999969482422,80.76000213623047,11389600,MDT,0.5394559153363954,78.62799987792968,79.21550064086914
2022-12-14,69.61293029785156,78.79000091552734,81.19000244140625,78.11000061035156,79.73999786376953,9302900,MDT,-1.6845501427536491,79.00399932861328,78.98500061035156
2022-12-15,68.66754150390625,77.72000122070312,78.68000030517578,77.1500015258789,77.68000030517578,9887600,MDT,-1.3580399573435598,78.98999938964843,78.78200073242188
2022-12-16,67.78402709960938,76.72000122070312,77.58000183105469,75.7699966430664,77.13999938964844,17064400,MDT,-1.286670077577945,78.61600036621094,78.62100067138672
2022-12-19,68.13743591308594,77.12000274658203,77.20999908447266,76.29000091552734,76.70999908447266,9357600,MDT,0.5213784143827116,78.0980010986328,78.41200065612793
2022-12-20,68.36920166015625,76.69999694824219,77.08999633789062,76.45999908447266,76.5,8063300,MDT,-0.5446133083267579,77.41000061035156,78.13250045776367
2022-12-21,68.77925109863281,77.16000366210938,77.97000122070312,76.91000366210938,77.33999633789062,6804400,MDT,0.5997480210822026,77.08400115966796,78.09400062561035
2022-12-22,68.76140594482422,77.13999938964844,77.20999908447266,75.79000091552734,76.68000030517578,7458600,MDT,-0.025925701803408696,76.96800079345704,78.00000076293945
2022-12-23,69.0822982788086,77.5,77.75,76.45999908447266,76.94999694824219,3856600,MDT,0.4666847461757495,77.1240005493164,77.91900062561035
2022-12-27,69.20709228515625,77.63999938964844,77.9000015258789,76.5,77.51000213623047,5336000,MDT,0.18064437373992437,77.22799987792969,77.99450073242187
2022-12-28,68.01265716552734,76.30000305175781,78.37999725341797,76.23999786376953,78.05000305175781,6053000,MDT,-1.7259097738597906,77.14800109863282,77.98550071716309
2022-12-29,69.35863494873047,77.80999755859375,78.2300033569336,76.2699966430664,76.56999969482422,4931600,MDT,1.9790228655844677,77.27799987792969,77.9240005493164
2022-12-30,69.27840423583984,77.72000122070312,77.91000366210938,76.86000061035156,77.55999755859375,4991300,MDT,-0.1156616639434449,77.39400024414063,77.84750061035156
2023-01-03,69.75975799560547,78.26000213623047,78.33000183105469,77.37999725341797,77.97000122070312,6544500,MDT,0.6948030198737243,77.54600067138672,77.77950057983398
2023-01-04,72.1754150390625,80.97000122070312,81.77999877929688,78.80000305175781,79.13999938964844,9769500,MDT,3.4628149891374305,78.21200103759766,77.88850059509278
2023-01-05,71.3375244140625,80.02999877929688,81.16000366210938,80.0,80.87999725341797,7048100,MDT,-1.1609267966342873,78.95800018310547,78.03600044250489
2023-01-06,72.07735443115234,80.86000061035156,81.2300033569336,79.3499984741211,80.48999786376953,5994400,MDT,1.0371133871232896,79.56800079345703,78.23350028991699
2023-01-09,69.11798095703125,77.54000091552734,81.26000213623047,77.47000122070312,80.75,11108700,MDT,-4.105861575270875,79.53200073242188,78.22100028991699
2023-01-10,70.32132720947266,78.88999938964844,79.41000366210938,77.75,77.87000274658203,6494500,MDT,1.7410348957717758,79.65800018310547,78.23600044250489
2023-01-11,71.59600830078125,80.31999969482422,80.44000244140625,78.13999938964844,79.45999908447266,8366300,MDT,1.812650926910031,79.52799987792969,78.26650047302246
2023-01-12,71.17705535888672,79.8499984741211,80.68000030517578,78.88999938964844,80.58000183105469,5738000,MDT,-0.5851608845728218,79.49199981689453,78.25200042724609
2023-01-13,71.836669921875,80.58999633789062,80.69000244140625,78.91000366210938,79.16999816894531,6024000,MDT,0.9267349754669807,79.43799896240235,78.34200019836426
2023-01-17,71.62275695800781,80.3499984741211,80.94999694824219,79.37999725341797,80.58000183105469,8383000,MDT,-0.2978010605228065,79.9999984741211,78.47350006103515
2023-01-18,70.1787109375,78.7300033569336,80.38999938964844,78.66000366210938,80.2699966430664,5792200,MDT,-2.016173177289182,79.96799926757812,78.57400016784668
2023-01-19,70.88290405273438,79.5199966430664,80.05999755859375,77.87000274658203,78.37999725341797,7831400,MDT,1.0034208719022386,79.80799865722656,78.69399986267089
2023-01-20,72.12193298339844,80.91000366210938,80.98999786376953,79.33999633789062,80.05000305175781,6806400,MDT,1.747996828121301,80.01999969482422,78.90450019836426
2023-01-23,73.42334747314453,82.37000274658203,82.94999694824219,80.75,81.0199966430664,9491500,MDT,1.804472893821396,80.3760009765625,79.1650001525879
2023-01-24,72.02388763427734,80.80000305175781,82.3499984741211,80.5,81.7300033569336,7180300,MDT,-1.9060333161022847,80.46600189208985,79.34800033569336
2023-01-25,72.38041687011719,81.19999694824219,81.36000061035156,80.11000061035156,80.3499984741211,4200600,MDT,0.49504193239715555,80.96000061035156,79.53300018310547
2023-01-26,72.95092010498047,81.83999633789062,81.87999725341797,81.0199966430664,81.73999786376953,4162700,MDT,0.7881766178592153,81.4240005493164,79.74300003051758
2023-01-27,73.61052703857422,82.58000183105469,83.16999816894531,80.80999755859375,82.18000030517578,4858500,MDT,0.9042100760963123,81.75800018310547,80.05699996948242
2023-01-30,73.61052703857422,82.58000183105469,82.9800033569336,82.22000122070312,82.76000213623047,6559100,MDT,0.0,81.8,80.29550018310547
2023-01-31,74.59998321533203,83.69000244140625,83.70999908447266,82.58000183105469,82.75,7396100,MDT,1.344151835480023,82.37799987792968,80.59400024414063
2023-02-01,76.45406341552734,85.7699966430664,86.08999633789062,83.5999984741211,84.0,8395800,MDT,2.4853556470098237,83.29199981689453,80.96949996948243
2023-02-02,78.06746673583984,87.58000183105469,87.8499984741211,85.70999908447266,85.80000305175781,6940400,MDT,2.110301106248902,84.44000091552735,81.3
2023-02-03,77.63961029052734,87.0999984741211,87.54000091552734,86.5,86.69999694824219,4949900,MDT,-0.5480741572254533,85.34400024414063,81.65349998474122
2023-02-06,75.98162078857422,85.23999786376953,86.9000015258789,85.22000122070312,86.83000183105469,4731300,MDT,-2.1354772019935186,85.8759994506836,81.87249984741212
2023-02-07,77.17609405517578,86.58000183105469,86.93000030517578,85.0999984741211,85.5,5129500,MDT,1.5720366035517186,86.45399932861328,82.32449989318847
2023-02-08,76.80170440673828,86.16000366210938,87.01000213623047,86.0,86.5,5454500,MDT,-0.4850983599710035,86.53200073242188,82.68800010681153
2023-02-09,74.5286636352539,83.61000061035156,86.51000213623047,83.4000015258789,86.05999755859375,6188000,MDT,-2.959613444026843,85.73800048828124,82.8525001525879
2023-02-10,74.59998321533203,83.69000244140625,83.94999694824219,82.80000305175781,83.4800033569336,4544000,MDT,0.09568452394530524,85.05600128173828,83.04450035095215
2023-02-13,75.22394561767578,84.38999938964844,84.41000366210938,83.55999755859375,83.68000030517578,4279500,MDT,0.8364164509760519,84.88600158691406,83.23450050354003
2023-02-14,74.34148406982422,83.4000015258789,84.5,82.88999938964844,84.0999984741211,4527700,MDT,-1.17312225492322,84.2500015258789,83.38700065612792
2023-02-15,75.31307983398438,84.48999786376953,84.5,82.51000213623047,82.83999633789062,4584800,MDT,1.3069500215205698,83.91600036621094,83.67500038146973
2023-02-16,75.05458068847656,84.19999694824219,85.12999725341797,83.68000030517578,83.7699966430664,4784800,MDT,-0.3432369781745548,84.03399963378907,83.90900039672852
2023-02-17,75.58940124511719,84.80000305175781,84.93000030517578,83.37999725341797,84.19999694824219,6825100,MDT,0.7125963482925712,84.25599975585938,84.10350036621094
2023-02-21,76.20446014404297,85.48999786376953,86.58999633789062,84.2300033569336,84.2300033569336,8135900,MDT,0.8136730980900841,84.47599945068359,84.2595001220703
2023-02-22,75.8568344116211,85.0999984741211,86.44000244140625,84.7300033569336,86.22000122070312,6083600,MDT,-0.4561930043207041,84.81599884033203,84.47449989318848
2023-02-23,74.86737823486328,83.98999786376953,85.08999633789062,83.43000030517578,84.80999755859375,6695000,MDT,-1.304348566691349,84.71599884033203,84.61399993896484
2023-02-24,74.42170715332031,83.48999786376953,83.66999816894531,82.3499984741211,83.3499984741211,7401500,MDT,-0.5953089804943135,84.5739990234375,84.69650001525879
2023-02-27,74.33255004882812,83.38999938964844,84.12999725341797,83.25,83.62999725341797,6379400,MDT,-0.11977299877796721,84.29199829101563,84.73699989318848
2023-02-28,73.8066635131836,82.80000305175781,83.69000244140625,82.7699966430664,83.31999969482422,6657400,MDT,-0.7075145007902073,83.75399932861328,84.74799995422363
2023-03-01,73.16484069824219,82.08000183105469,82.52999877929688,81.66999816894531,82.4000015258789,5249100,MDT,-0.8695666596208462,83.15,84.66749992370606
2023-03-02,73.3252944946289,82.26000213623047,82.55999755859375,81.19999694824219,81.48999786376953,4985100,MDT,0.21929861252474314,82.80400085449219,84.49200019836425
2023-03-03,74.35039520263672,83.41000366210938,83.62999725341797,82.44000244140625,82.79000091552734,4771600,MDT,1.3980081400610578,82.78800201416016,84.28350028991699
2023-03-06,73.03113555908203,81.93000030517578,83.83000183105469,81.44999694824219,83.48999786376953,6845500,MDT,-1.774371528538743,82.49600219726562,84.02500038146972
2023-03-07,71.07899475097656,79.73999786376953,82.1500015258789,79.51000213623047,82.08999633789062,6876300,MDT,-2.6730165180627985,81.88400115966797,83.75000038146973
2023-03-08,69.88455200195312,78.4000015258789,79.69000244140625,78.04000091552734,79.52999877929688,6810100,MDT,-1.6804569523313995,81.14800109863282,83.34100036621093
2023-03-09,69.52800750732422,78.0,79.33000183105469,77.9800033569336,78.79000091552734,5634400,MDT,-0.5102060179767554,80.29600067138672,82.93300018310546
2023-03-10,68.38702392578125,76.72000122070312,78.11000061035156,76.1500015258789,77.87000274658203,5901600,MDT,-1.6410240760216355,78.95800018310547,82.58850021362305
2023-03-13,69.51016998291016,77.9800033569336,78.5,76.0199966430664,76.22000122070312,7576000,MDT,1.642338524742426,78.16800079345703,82.30300025939941
2023-03-14,69.40321350097656,77.86000061035156,79.31999969482422,77.02999877929688,79.0199966430664,6808200,MDT,-0.1538891272327203,77.79200134277343,81.97650032043457
2023-03-15,69.89347076416016,78.41000366210938,78.45999908447266,76.80000305175781,77.12999725341797,5367900,MDT,0.7064000095636791,77.79400177001953,81.7270004272461
2023-03-16,70.66006469726562,79.2699966430664,79.4000015258789,77.56999969482422,77.66000366210938,5774300,MDT,1.0967898747498817,78.04800109863281,81.46600036621093
2023-03-17,69.78649139404297,78.29000091552734,79.52999877929688,77.87999725341797,79.06999969482422,8838600,MDT,-1.236275727311742,78.36200103759765,81.17050056457519
2023-03-20,70.96312713623047,79.61000061035156,79.7699966430664,78.51000213623047,78.75,7224100,MDT,1.6860386759331547,78.68800048828125,80.91100044250489
2023-03-21,72.40718078613281,81.2300033569336,81.41000366210938,79.94999694824219,79.95999908447266,5829900,MDT,2.0349236705964557,79.36200103759765,80.69800071716308
2023-03-22,71.25727844238281,79.94000244140625,81.9800033569336,79.91999816894531,81.44999694824219,5537800,MDT,-1.5880842819357532,79.66800079345703,80.44000091552735
2023-03-23,69.7379150390625,77.56999969482422,79.80999755859375,77.30000305175781,79.5,6712400,MDT,-2.9647268879171906,79.3280014038086,80.11900100708007
2023-03-24,71.35618591308594,79.37000274658203,79.52999877929688,77.30000305175781,77.4000015258789,6217000,MDT,2.3204886668033886,79.54400177001953,79.9130012512207
2023-03-27,71.59892272949219,79.63999938964844,81.30999755859375,79.58000183105469,80.5,5641600,MDT,0.34017466766187443,79.55000152587891,79.7255012512207
2023-03-28,71.48204803466797,79.51000213623047,80.30000305175781,78.5999984741211,78.87999725341797,5146800,MDT,-0.16323110800383622,79.20600128173828,79.56100120544434
2023-03-29,71.08646392822266,79.06999969482422,79.3499984741211,78.44000244140625,78.63999938964844,7074700,MDT,-0.5533925664501393,79.03200073242188,79.4105010986328
2023-03-30,71.18536376953125,79.18000030517578,79.8499984741211,78.94999694824219,79.69999694824219,4142000,MDT,0.13911801034034443,79.35400085449218,79.25650100708008
2023-03-31,72.47997283935547,80.62000274658203,80.62999725341797,79.23999786376953,79.6500015258789,5561400,MDT,1.8186441473303727,79.60400085449218,79.11700096130372
2023-04-03,71.62589263916016,79.66999816894531,80.3499984741211,79.05000305175781,80.3499984741211,6071900,MDT,-1.1783732886029852,79.61000061035156,79.00400085449219
2023-04-04,71.44607543945312,79.47000122070312,80.3499984741211,79.4000015258789,79.8499984741211,4508900,MDT,-0.2510316967976878,79.6020004272461,78.99050102233886
2023-04-05,72.1653060913086,80.2699966430664,80.45999908447266,79.06999969482422,79.7300033569336,4518700,MDT,1.0066634076694392,79.84199981689453,79.08400077819825
2023-04-06,72.19229125976562,80.30000305175781,81.33000183105469,80.08000183105469,80.8499984741211,4313000,MDT,0.03738184869352956,80.06600036621094,79.19900093078613
2023-04-10,72.13833618164062,80.23999786376953,80.25,79.20999908447266,79.93000030517578,3648200,MDT,-0.07472625866478122,79.98999938964843,79.37500076293945
2023-04-11,72.82158660888672,81.0,81.11000061035156,80.51000213623047,80.75,4421700,MDT,0.9471612119441808,80.25599975585938,79.52600059509277
2023-04-12,72.65078735351562,80.80999755859375,82.04000091552734,80.7699966430664,81.66999816894531,4298300,MDT,-0.23457091531635665,80.5239990234375,79.67350044250489
2023-04-13,73.3520278930664,81.58999633789062,81.58999633789062,80.55000305175781,80.6500015258789,5224500,MDT,0.965225594433794,80.78799896240234,79.83250007629394
2023-04-14,72.56086730957031,80.70999908447266,81.80000305175781,80.3499984741211,81.62999725341797,4312400,MDT,-1.078560231543113,80.86999816894532,79.90450019836426
2023-04-17,73.8285140991211,82.12000274658203,82.16999816894531,80.80999755859375,80.95999908447266,5048900,MDT,1.7469999728703334,81.24599914550781,80.09600028991699
2023-04-18,73.40597534179688,81.6500015258789,82.75,81.5999984741211,82.72000122070312,4157400,MDT,-0.5723346383140315,81.3759994506836,80.19800033569337
2023-04-19,76.30084991455078,84.87000274658203,85.33000183105469,81.6500015258789,81.8499984741211,8988800,MDT,3.9436633931752674,82.18800048828125,80.38000030517578
2023-04-20,75.06019592285156,83.48999786376953,84.97000122070312,83.05999755859375,84.63999938964844,5798600,MDT,-1.6260219608253523,82.56800079345703,80.55750007629395
2023-04-21,77.07402801513672,85.7300033569336,88.12999725341797,83.5999984741211,84.2300033569336,12750100,MDT,2.6829626907154402,83.57200164794922,80.96550025939942
2023-04-24,80.63420104980469,89.69000244140625,89.77999877929688,87.98999786376953,88.2699966430664,14462000,MDT,4.61915190646307,85.08600158691407,81.48150024414062
2023-04-25,80.63420104980469,89.69000244140625,91.0,89.43000030517578,89.5999984741211,8189900,MDT,0.0,86.69400177001953,81.98400039672852
2023-04-26,80.88591766357422,89.97000122070312,90.27999877929688,88.70999908447266,89.81999969482422,8977700,MDT,0.31218505036811894,87.71400146484375,82.50700035095215
2023-04-27,82.15355682373047,91.37999725341797,91.4800033569336,89.83999633789062,89.91999816894531,6385900,MDT,1.5671846321931415,89.29200134277343,83.12250022888183
2023-04-28,81.76695251464844,90.94999694824219,91.86000061035156,90.66999816894531,91.3499984741211,7281700,MDT,-0.47056283442785674,90.33600006103515,83.71100006103515
2023-05-01,81.52423858642578,90.68000030517578,91.47000122070312,90.58999633789062,90.83000183105469,5502300,MDT,-0.29686272911043643,90.53399963378907,84.21399993896485
2023-05-02,81.11967468261719,90.2300033569336,91.0,89.43000030517578,90.19999694824219,5135000,MDT,-0.4962471843049876,90.64199981689453,84.74200019836425
2023-05-03,81.53321838378906,90.69000244140625,92.0199966430664,90.3499984741211,90.45999908447266,6964300,MDT,0.5098072341336302,90.78600006103515,85.30300025939941
2023-05-04,80.256591796875,89.2699966430664,90.13999938964844,88.77999877929688,90.0,4780900,MDT,-1.5657798656001698,90.36399993896484,85.75300025939941
2023-05-05,80.9668197631836,90.05999755859375,90.26000213623047,89.54000091552734,89.63999938964844,4332700,MDT,0.8849568110616657,90.18600006103516,86.24099998474121
2023-05-08,81.0837173461914,90.19000244140625,90.31999969482422,89.25,89.56999969482422,3287600,MDT,0.14435363794886857,90.08800048828125,86.73850021362304
2023-05-09,80.55325317382812,89.5999984741211,90.19000244140625,89.30999755859375,90.19000244140625,3245400,MDT,-0.6541789015567012,89.96199951171874,87.1685001373291
2023-05-10,80.38246154785156,89.41000366210938,90.4000015258789,89.0,90.16999816894531,3599300,MDT,-0.21204778487423637,89.70599975585938,87.59850044250489
2023-05-11,80.03184509277344,89.0199966430664,89.41999816894531,88.54000091552734,89.30000305175781,3995700,MDT,-0.4362006521293149,89.65599975585937,87.97000045776367
2023-05-12,79.90597534179688,88.87999725341797,88.97000122070312,87.87000274658203,88.58000183105469,4450100,MDT,-0.1572673499525945,89.41999969482421,88.37850036621094
2023-05-15,80.29254913330078,89.30999755859375,89.91000366210938,88.93000030517578,89.11000061035156,4053200,MDT,0.48379873814548,89.24399871826172,88.73800010681153
2023-05-16,79.92395782470703,88.9000015258789,89.41000366210938,88.81999969482422,88.83999633789062,3888900,MDT,-0.4590707019624052,89.10399932861328,89.10050010681152
2023-05-17,79.63626861572266,88.58000183105469,89.08999633789062,87.79000091552734,89.04000091552734,6632000,MDT,-0.3599546561661948,88.93799896240235,89.28600006103515
2023-05-18,80.03184509277344,89.0199966430664,89.25,88.11000061035156,88.36000061035156,4536100,MDT,0.4967202561712458,88.93799896240235,89.5625
2023-05-19,80.31053924560547,89.33000183105469,89.87000274658203,89.0,89.19000244140625,6819500,MDT,0.34824219240456866,89.02799987792969,89.74249992370605
2023-05-22,80.46337127685547,89.5,89.91000366210938,89.0199966430664,89.12000274658203,4699200,MDT,0.19030355475289085,89.06600036621094,89.73299980163574
2023-05-23,78.3326644897461,87.12999725341797,89.19999694824219,87.08999633789062,88.97000122070312,5459700,MDT,-2.64804776154417,88.71199951171874,89.60499954223633
2023-05-24,78.65630340576172,87.48999786376953,87.94999694824219,86.66000366210938,87.13999938964844,6787500,MDT,0.41317642798093246,88.49399871826172,89.48099937438965
2023-05-25,75.10515594482422,83.54000091552734,85.4000015258789,82.30999755859375,85.2699966430664,12202000,MDT,-4.514798313737211,87.3979995727539,89.08899955749511
2023-05-26,73.23516082763672,81.45999908447266,83.5,81.0199966430664,82.7699966430664,9655500,MDT,-2.489827397964617,85.8239990234375,88.61449966430663
2023-05-30,74.17013549804688,82.5,83.3499984741211,82.01000213623047,82.37000274658203,8654900,MDT,1.2767013592142051,84.4239990234375,88.20549964904785
2023-05-31,74.4039077758789,82.76000213623047,82.95999908447266,81.83000183105469,82.5999984741211,8238800,MDT,0.3151541045217865,83.55,87.83199958801269
2023-06-01,74.39490509033203,82.75,83.25,82.44000244140625,82.83999633789062,6588200,MDT,-0.012085712871301446,82.6020004272461,87.43499946594238
2023-06-02,75.30294036865234,83.76000213623047,84.02999877929688,82.91000366210938,83.1500015258789,6062300,MDT,1.2205463881939105,82.64600067138672,87.15949974060058
2023-06-05,75.27595520019531,83.7300033569336,84.51000213623047,83.47000122070312,83.83000183105469,3596100,MDT,-0.03581516061578194,83.10000152587891,86.84300003051757
2023-06-06,75.1590805053711,83.5999984741211,84.0199966430664,83.2300033569336,83.54000091552734,5046800,MDT,-0.15526678323216636,83.32000122070312,86.51349983215331
2023-06-07,74.52075958251953,82.88999938964844,83.79000091552734,82.2300033569336,83.79000091552734,5381800,MDT,-0.849281217023512,83.34600067138672,86.1779998779297
2023-06-08,74.70956420898438,83.0999984741211,83.45999908447266,82.26000213623047,82.52999877929688,5700800,MDT,0.2533467077077578,83.41600036621094,85.86249961853028
2023-06-09,75.27595520019531,83.7300033569336,83.86000061035156,82.61000061035156,83.13999938964844,3302200,MDT,0.7581286334303439,83.41000061035156,85.59799995422364
2023-06-12,75.77042388916016,84.27999877929688,84.44999694824219,83.2300033569336,83.83999633789062,4428900,MDT,0.6568677896962472,83.51999969482422,85.36800003051758
2023-06-13,77.09199523925781,85.75,86.05000305175781,84.9000015258789,85.16999816894531,8454300,MDT,1.7441875201642976,83.95,85.19000015258788
2023-06-14,79.0339126586914,87.91000366210938,89.87000274658203,87.66000366210938,88.52999877929688,8387900,MDT,2.518954707999277,84.9540008544922,85.14050025939942
2023-06-15,79.3395767211914,88.25,88.55999755859375,87.30000305175781,87.94999694824219,5552900,MDT,0.38675500367106874,85.98400115966797,85.12400016784667
2023-06-16,80.1487045288086,89.1500015258789,89.72000122070312,88.27999877929688,88.27999877929688,9108400,MDT,1.01983175736986,87.06800079345703,85.1305004119873
2023-06-20,79.95991516113281,88.94000244140625,89.37999725341797,88.16000366210938,88.5199966430664,5066300,MDT,-0.23555701724996547,88.0000015258789,85.11100044250489
2023-06-21,79.40251922607422,88.31999969482422,89.11000061035156,88.0199966430664,88.88999938964844,5587900,MDT,-0.697102236972047,88.51400146484374,85.0520004272461
2023-06-22,79.20318603515625,87.41000366210938,88.26000213623047,87.22000122070312,88.01000213623047,5162000,MDT,-1.0303397145144833,88.41400146484375,85.06600074768066
2023-06-23,79.2666015625,87.4800033569336,87.79000091552734,87.01000213623047,87.23999786376953,5496500,MDT,0.08008201795164371,88.26000213623047,85.06550102233886
2023-06-26,78.83167266845703,87.0,87.62000274658203,86.27999877929688,87.3499984741211,4171200,MDT,-0.5487006613100975,87.83000183105469,85.2385009765625
2023-06-27,78.96757507324219,87.1500015258789,87.2300033569336,86.05999755859375,86.87999725341797,4998900,MDT,0.17241554698725903,87.47200164794921,85.52300109863282
2023-06-28,78.25174713134766,86.36000061035156,87.44000244140625,86.20999908447266,87.1500015258789,4952400,MDT,-0.9064841098055054,87.08000183105469,85.71600112915038
2023-06-29,78.62326049804688,86.7699966430664,86.98999786376953,85.81999969482422,85.94000244140625,3842200,MDT,0.47475223461925786,86.95200042724609,85.91650085449218
2023-06-30,79.82840728759766,88.0999984741211,88.7699966430664,87.56999969482422,87.69999694824219,5484500,MDT,1.532789999434625,87.0759994506836,86.18400077819824
2023-07-03,78.95852661132812,87.13999938964844,87.61000061035156,86.38999938964844,87.55000305175781,2584100,MDT,-1.0896698082856981,87.10399932861328,86.35300064086914
2023-07-05,78.71387481689453,86.87000274658203,87.36000061035156,86.62999725341797,86.75,3464000,MDT,-0.3098423742914136,87.04799957275391,86.51000061035157
2023-07-06,77.98897552490234,86.06999969482422,86.4000015258789,85.43000030517578,86.27999877929688,3909900,MDT,-0.9209197956302484,86.98999938964843,86.63350067138671
2023-07-07,77.82588958740234,85.88999938964844,86.66999816894531,85.62999725341797,85.69999694824219,5094700,MDT,-0.20913245708609196,86.81399993896484,86.78350067138672
2023-07-10,78.33330535888672,86.44999694824219,86.83000183105469,86.08000183105469,86.1500015258789,3234800,MDT,0.6519939021693011,86.48399963378907,86.95100059509278
2023-07-11,79.09444427490234,87.29000091552734,87.33000183105469,86.12000274658203,86.31999969482422,2888200,MDT,0.9716645424383996,86.51399993896484,87.12900047302246
2023-07-12,79.34815216064453,87.56999969482422,88.01000213623047,87.2699966430664,87.80999755859375,3847400,MDT,0.32076844582444863,86.65399932861328,87.29350051879882
2023-07-13,79.7830810546875,88.05000305175781,88.33999633789062,87.08000183105469,87.5,4492600,MDT,0.5481367575726592,87.05,87.40850067138672
2023-07-14,79.42064666748047,87.6500015258789,88.16999816894531,87.22000122070312,87.97000122070312,4394400,MDT,-0.4542890539637745,87.4020004272461,87.3955005645752
2023-07-17,78.56889343261719,86.70999908447266,87.8499984741211,86.69000244140625,87.55999755859375,4465200,MDT,-1.0724500000478754,87.4540008544922,87.31850051879883
2023-07-18,78.46922302246094,86.5999984741211,86.62999725341797,84.0999984741211,86.12999725341797,5697000,MDT,-0.1268603523388312,87.31600036621094,87.19100036621094
2023-07-19,78.03428649902344,86.12000274658203,87.01000213623047,85.97000122070312,86.3499984741211,4796800,MDT,-0.5542675935294672,87.0260009765625,87.05000038146973
2023-07-20,80.96101379394531,89.3499984741211,89.48999786376953,87.12999725341797,87.25,5982100,MDT,3.7505755045592615,87.28600006103515,87.10150032043457
2023-07-21,80.60765075683594,88.95999908447266,89.9800033569336,88.91999816894531,89.69999694824219,4673800,MDT,-0.43648505462637877,87.54799957275391,87.17900009155274
2023-07-24,80.42642974853516,88.76000213623047,89.55999755859375,88.75,89.08999633789062,3930200,MDT,-0.22481671571542572,87.95800018310547,87.24300003051758
2023-07-25,80.60765075683594,88.95999908447266,89.18000030517578,88.06999969482422,88.44999694824219,3116200,MDT,0.22532328011353187,88.43000030517578,87.34099998474122
2023-07-26,81.91246032714844,90.4000015258789,90.54000091552734,88.51000213623047,88.55999755859375,5472600,MDT,1.6187077970166053,89.28600006103515,87.50349998474121
2023-07-27,80.19988250732422,88.51000213623047,91.0,88.48999786376953,91.0,4654800,MDT,-2.0907072541446636,89.11800079345703,87.61100006103516
2023-07-28,79.96429443359375,88.25,89.26000213623047,88.19999694824219,88.94999694824219,3446300,MDT,-0.2937545248618223,88.9760009765625,87.68500022888183
2023-07-31,79.52030944824219,87.76000213623047,88.63999938964844,87.38999938964844,88.63999938964844,5786800,MDT,-0.5552383725433763,88.7760009765625,87.66800041198731
2023-08-01,79.44781494140625,87.68000030517578,87.83000183105469,87.19999694824219,87.30000305175781,3514200,MDT,-0.09115978704113958,88.52000122070312,87.69500045776367
2023-08-02,77.43624877929688,85.45999908447266,87.33999633789062,85.26000213623047,87.08000183105469,5507200,MDT,-2.5319356899820566,87.53200073242188,87.6245002746582
2023-08-03,76.55731964111328,84.48999786376953,85.30999755859375,84.43000030517578,85.0,4413900,MDT,-1.1350353745549824,86.72799987792969,87.54550018310547
2023-08-04,76.14957427978516,84.04000091552734,85.0,83.69000244140625,84.11000061035156,5346600,MDT,-0.5326038106519548,85.88600006103516,87.45300025939942
2023-08-07,76.76573944091797,84.72000122070312,84.80000305175781,84.23999786376953,84.37999725341797,3361600,MDT,0.8091388597904592,85.27799987792969,87.36650047302246
2023-08-08,74.5185775756836,82.23999786376953,84.06999969482422,81.55000305175781,83.87000274658203,8227600,MDT,-2.927293816336196,84.18999938964843,87.11400032043457
2023-08-09,75.15284729003906,82.94000244140625,83.66999816894531,82.13999938964844,82.2699966430664,4535800,MDT,0.851172903477293,83.68600006103516,86.88250045776367
2023-08-10,75.31595611572266,83.12000274658203,83.87000274658203,83.0199966430664,83.4000015258789,4128700,MDT,0.21702471651474653,83.41200103759766,86.63600044250488
2023-08-11,75.6149673461914,83.44999694824219,83.69999694824219,82.75,82.86000061035156,3596200,MDT,0.39700937290179095,83.29400024414062,86.42600021362304
2023-08-14,75.35220336914062,83.16000366210938,83.66000366210938,83.04000091552734,83.37999725341797,3296000,MDT,-0.3475054484575635,82.98200073242188,86.24850044250488
2023-08-15,75.0622329711914,82.83999633789062,83.31999969482422,82.61000061035156,82.97000122070312,3842400,MDT,-0.38480917523643354,83.1020004272461,86.06050033569336
2023-08-16,73.9114761352539,81.56999969482422,82.93000030517578,81.55999755859375,82.4800033569336,4222200,MDT,-1.5330718242505759,82.82799987792968,85.83300018310547
2023-08-17,73.90242767333984,81.55999755859375,82.3499984741211,81.41000366210938,82.29000091552734,4848300,MDT,-0.012262028034681904,82.51599884033203,85.4435001373291
2023-08-18,73.86616516113281,81.5199966430664,81.87999725341797,81.29000091552734,81.37999725341797,5205700,MDT,-0.04904477283561581,82.12999877929687,85.07150001525879
2023-08-21,73.94773864746094,81.61000061035156,82.29000091552734,81.2300033569336,81.7300033569336,4722000,MDT,0.11040722643700374,81.81999816894532,84.71399993896485
2023-08-22,75.85961151123047,83.72000122070312,84.77999877929688,82.5,82.61000061035156,10015700,MDT,2.5854681957739434,81.99599914550781,84.45200004577637
2023-08-23,75.82337188720703,83.68000030517578,84.94000244140625,83.30999755859375,84.66999816894531,5268300,MDT,-0.04777940150991755,82.41799926757812,84.11599998474121
2023-08-24,73.44935607910156,81.05999755859375,83.37999725341797,81.0,82.80999755859375,6765100,MDT,-3.1309784142292574,82.31799926757813,83.74349975585938
2023-08-25,74.4732666015625,82.19000244140625,82.48999786376953,81.2300033569336,81.5199966430664,4441400,MDT,1.3940351799242023,82.45200042724609,83.44049987792968
2023-08-28,73.7483901977539,81.38999938964844,83.30999755859375,81.04000091552734,82.79000091552734,4308500,MDT,-0.9733581068185782,82.40800018310547,83.12199974060059
2023-08-29,74.37358093261719,82.08000183105469,82.0999984741211,81.27999877929688,81.69000244140625,3757900,MDT,0.84777300231067,82.08000030517579,82.84199981689453
2023-08-30,74.58199310302734,82.30999755859375,82.66999816894531,81.88999938964844,82.37000274658203,3881200,MDT,0.28020921346036953,81.80599975585938,82.68449974060059
2023-08-31,73.84805297851562,81.5,82.72000122070312,81.5,82.4000015258789,4423200,MDT,-0.9840816214544801,81.89400024414063,82.53499984741211
2023-09-01,74.41889190673828,82.12999725341797,82.33999633789062,81.5199966430664,82.11000061035156,4238700,MDT,0.7730027649300197,81.88199920654297,82.43949966430664
2023-09-05,72.67010498046875,80.19999694824219,82.0199966430664,80.16999816894531,81.87999725341797,5612100,MDT,-2.3499334831591723,81.64399871826171,82.2134994506836
2023-09-06,73.1322250366211,80.70999908447266,81.0999984741211,78.91999816894531,79.63999938964844,6795400,MDT,0.6359129122655682,81.36999816894532,82.13699951171876
2023-09-07,72.42545318603516,79.93000030517578,81.19999694824219,79.80000305175781,80.9000015258789,4276600,MDT,-0.9664214944179461,80.89399871826171,81.98649940490722
2023-09-08,72.45265197753906,79.95999908447266,80.08999633789062,79.41999816894531,79.56999969482422,4208600,MDT,0.037531313877559036,80.58599853515625,81.82849922180176
2023-09-11,73.75745391845703,81.4000015258789,81.52999877929688,80.11000061035156,80.33000183105469,4763700,MDT,1.8009035241295823,80.43999938964843,81.72599945068359
2023-09-12,73.37688446044922,80.9800033569336,81.7699966430664,80.79000091552734,81.58000183105469,3328600,MDT,-0.5159682568455337,80.59600067138672,81.6169994354248
2023-09-13,73.68494415283203,81.31999969482422,81.4000015258789,80.58999633789062,81.25,3520900,MDT,0.4198522151104722,80.71800079345704,81.54099960327149
2023-09-14,74.26486206054688,81.95999908447266,82.37999725341797,81.69999694824219,81.76000213623047,5924200,MDT,0.7870135170317427,81.1240005493164,81.56049957275391
2023-09-15,74.09271240234375,81.7699966430664,82.38999938964844,81.56999969482422,82.0,9072500,MDT,-0.2318233815625348,81.48600006103516,81.57099952697754
2023-09-18,75.02600860595703,82.80000305175781,83.63999938964844,82.11000061035156,82.25,5829600,MDT,1.2596385605682325,81.76600036621093,81.6349998474121
2023-09-19,74.87196350097656,82.62999725341797,82.98999786376953,81.77999877929688,82.83999633789062,4655500,MDT,-0.20532100492022254,82.09599914550782,81.68599967956543
2023-09-20,73.82994842529297,81.4800033569336,83.0999984741211,81.27999877929688,83.0,5845100,MDT,-1.3917389988014395,82.12799987792968,81.57399978637696
2023-09-21,73.52835845947266,80.45999908447266,81.16999816894531,80.19000244140625,80.61000061035156,5620800,MDT,-1.2518461345573106,81.82799987792968,81.41299972534179
2023-09-22,73.35472869873047,80.2699966430664,80.7699966430664,80.19999694824219,80.55000305175781,5067900,MDT,-0.23614521944844702,81.52799987792969,81.37349967956543
2023-09-25,73.08057403564453,79.97000122070312,80.26000213623047,79.51000213623047,80.0,3799700,MDT,-0.3737329449473581,80.96199951171874,81.26249961853027
2023-09-26,72.1484375,78.94999694824219,79.48999786376953,78.62000274658203,78.91999816894531,5167000,MDT,-1.2754836274741388,80.22599945068359,81.14049949645997
2023-09-27,71.4813461303711,78.22000122070312,79.1500015258789,77.44000244140625,79.05000305175781,7418600,MDT,-0.9246304696093,79.5739990234375,80.94749946594239
2023-09-28,71.91085052490234,78.69000244140625,79.11000061035156,78.29000091552734,78.33999633789062,5354100,MDT,0.6008708941041663,79.21999969482422,80.76649971008301
2023-09-29,71.6092758178711,78.36000061035156,80.30999755859375,77.83999633789062,79.18000030517578,6308800,MDT,-0.4193694507766854,78.83800048828125,80.60949974060058
2023-10-02,71.0700912475586,77.7699966430664,77.94999694824219,77.11000061035156,77.9000015258789,4517100,MDT,-0.7529402280367248,78.3979995727539,80.39149971008301
2023-10-03,69.94608306884766,76.54000091552734,77.38999938964844,76.0,77.27999877929688,5741000,MDT,-1.5815813046569316,77.91600036621094,80.20849990844727
2023-10-04,69.6993179321289,76.2699966430664,77.04000091552734,75.81999969482422,76.91999816894531,7115500,MDT,-0.3527623062859919,77.5259994506836,79.98649978637695
2023-10-05,69.58966064453125,76.1500015258789,76.77999877929688,75.5,76.37999725341797,7235900,MDT,-0.15732938569417154,77.01799926757812,79.79749984741211
2023-10-06,69.562255859375,76.12000274658203,76.51000213623047,74.94999694824219,75.5999984741211,6762000,MDT,-0.03939432527348963,76.56999969482422,79.60550003051758
2023-10-09,68.65754699707031,75.12999725341797,75.87000274658203,74.3499984741211,75.66000366210938,7825500,MDT,-1.300585204207072,76.04199981689453,79.29199981689453
2023-10-10,69.6170883178711,76.18000030517578,76.55999755859375,74.87000274658203,74.87999725341797,6319500,MDT,1.397581645339474,75.96999969482422,79.05199966430663
2023-10-11,66.61051940917969,72.88999938964844,75.88999938964844,72.41000366210938,75.69000244140625,8881200,MDT,-4.318720008332444,75.29400024414062,78.63049964904785
2023-10-12,65.14836120605469,71.29000091552734,73.41000366210938,70.94999694824219,73.19999694824219,10503300,MDT,-2.1950864144859916,74.3220001220703,78.09699974060058
2023-10-13,65.76063537597656,71.95999908447266,72.31999969482422,70.97000122070312,71.26000213623047,8168800,MDT,0.9398206765899753,73.48999938964843,77.6064998626709
2023-10-16,65.5687255859375,71.75,72.73999786376953,71.30000305175781,72.1500015258789,9083700,MDT,-0.291827525214583,72.81399993896484,77.053999710083
2023-10-17,66.53740692138672,72.80999755859375,73.23999786376953,71.33000183105469,71.5,7936400,MDT,1.477348513719523,72.13999938964844,76.5629997253418
2023-10-18,66.43688201904297,72.69999694824219,73.94000244140625,72.2300033569336,73.75,7900700,MDT,-0.15107899195166974,72.10199890136718,76.12399940490722
2023-10-19,66.11705017089844,72.3499984741211,72.86000061035156,71.69999694824219,72.63999938964844,7048400,MDT,-0.4814284577897121,72.31399841308594,75.71849937438965
2023-10-20,66.43688201904297,72.69999694824219,73.20999908447266,72.01000213623047,72.45999908447266,8399300,MDT,0.4837574035972958,72.46199798583984,75.33999938964844
2023-10-23,66.1535873413086,72.38999938964844,73.77999877929688,72.11000061035156,72.68000030517578,7133300,MDT,-0.4264065634204228,72.58999786376953,74.9609992980957
2023-10-24,65.76063537597656,71.95999908447266,73.04000091552734,71.33999633789062,72.45999908447266,13129200,MDT,-0.5940051233613741,72.41999816894531,74.61149940490722
2023-10-25,65.24887084960938,71.4000015258789,72.44000244140625,70.94999694824219,71.75,7462700,MDT,-0.778206733905562,72.15999908447266,74.27049942016602
2023-10-26,64.30760955810547,70.37000274658203,71.52999877929688,70.30999755859375,71.25,7894000,MDT,-1.442575290315018,71.76399993896484,73.8544994354248
2023-10-27,63.4485969543457,69.43000030517578,71.41999816894531,69.04000091552734,71.08000183105469,10009100,MDT,-1.3357999214401173,71.11000061035156,73.40799942016602
2023-10-30,63.94207000732422,69.97000122070312,70.16000366210938,68.83999633789062,69.81999969482422,8934700,MDT,0.7777630896641297,70.6260009765625,73.01799964904785
2023-10-31,64.48123931884766,70.55999755859375,70.94999694824219,69.91000366210938,69.91000366210938,10770200,MDT,0.8432132736851505,70.34600067138672,72.71899948120117
2023-11-01,64.74625396728516,70.8499984741211,71.06999969482422,70.04000091552734,70.5199966430664,5380300,MDT,0.4109990441631295,70.23600006103516,72.4479995727539
2023-11-02,65.87942504882812,72.08999633789062,72.1500015258789,70.94999694824219,70.9800033569336,6330200,MDT,1.750173451623227,70.57999877929687,72.2449993133545
2023-11-03,66.30895233154297,72.55999755859375,72.98999786376953,72.23999786376953,72.58000183105469,5198300,MDT,0.6519645506710692,71.20599822998047,72.06699905395507
2023-11-06,67.09486389160156,73.41999816894531,73.52999877929688,72.54000091552734,72.6500015258789,5916500,MDT,1.185226900892733,71.8959976196289,71.98149909973145
2023-11-07,66.23583221435547,72.4800033569336,73.62000274658203,72.30000305175781,73.27999877929688,5653400,MDT,-1.280298059731244,72.27999877929688,71.79649925231934
2023-11-08,65.53217315673828,71.70999908447266,72.95999908447266,71.13999938964844,72.79000091552734,6767100,MDT,-1.0623678763768685,72.45199890136719,71.73749923706055
2023-11-09,64.0517349243164,70.08999633789062,71.86000061035156,70.01000213623047,71.80000305175781,8321000,MDT,-2.2591030083178643,72.05199890136718,71.67749900817871
2023-11-10,64.59089660644531,70.68000030517578,70.83000183105469,69.31999969482422,70.43000030517578,7557500,MDT,0.8417805651477872,71.67599945068359,71.61349906921387
2023-11-13,65.87031555175781,72.08000183105469,73.0199966430664,71.63999938964844,72.29000091552734,8452100,MDT,1.9807604977845283,71.40800018310547,71.6299991607666
2023-11-14,66.33636474609375,72.58999633789062,73.33999633789062,72.08000183105469,72.37000274658203,6478100,MDT,0.7075395309108057,71.42999877929688,71.61899909973144
2023-11-15,67.6431655883789,74.0199966430664,74.26000213623047,72.79000091552734,72.81999969482422,8385800,MDT,1.969968834988567,71.89199829101562,71.68499908447265
2023-11-16,68.4290771484375,74.87999725341797,75.1500015258789,74.19999694824219,74.30000305175781,9048600,MDT,1.161849026417272,72.8499984741211,71.8114990234375
2023-11-17,68.31941986083984,74.76000213623047,75.37999725341797,74.41000366210938,75.13999938964844,6262600,MDT,-0.16024989528431455,73.66599884033204,71.91449928283691
2023-11-20,68.6849594116211,75.16000366210938,75.63999938964844,74.66000366210938,75.30999755859375,8670100,MDT,0.5350475046135061,74.28199920654296,72.05299949645996
2023-11-21,71.84688568115234,78.62000274658203,78.81999969482422,77.11000061035156,77.55000305175781,10745300,MDT,4.60351106424568,75.48800048828124,72.38599967956543
2023-11-22,71.6184310913086,78.37000274658203,79.33999633789062,78.01000213623047,78.9000015258789,6004700,MDT,-0.31798523437582826,76.35800170898438,72.73449974060058
2023-11-24,72.16671752929688,78.97000122070312,79.04000091552734,78.2300033569336,78.23999786376953,3310900,MDT,0.7655971074305823,77.1760025024414,73.16449966430665
2023-11-27,72.19414520263672,79.0,79.30999755859375,78.23999786376953,78.7699966430664,7252900,MDT,0.03798756342048293,78.02400207519531,73.64299964904785
2023-11-28,71.85600280761719,78.62999725341797,79.05000305175781,78.4000015258789,78.9000015258789,4972200,MDT,-0.4683579070658639,78.71800079345704,74.0759994506836
2023-11-29,72.06620025634766,78.86000061035156,79.7699966430664,78.61000061035156,78.75,4260400,MDT,0.2925134998953638,78.76600036621093,74.49099960327149
2023-11-30,72.44087982177734,79.2699966430664,79.30999755859375,78.19999694824219,78.93000030517578,6219300,MDT,0.5199036641410082,78.94599914550781,74.91199951171875
2023-12-01,73.0988540649414,79.98999786376953,80.08000183105469,78.76000213623047,79.08999633789062,5102000,MDT,0.9082897075738616,79.14999847412109,75.3069995880127
2023-12-04,72.88865661621094,79.76000213623047,80.2300033569336,79.41000366210938,79.55999755859375,6206400,MDT,-0.28753060842777733,79.30199890136718,75.66699981689453
2023-12-05,72.02963256835938,78.81999969482422,79.62999725341797,78.66000366210938,79.55000305175781,4818800,MDT,-1.1785386361960248,79.33999938964844,75.93699989318847
2023-12-06,72.23070526123047,79.04000091552734,79.13999938964844,78.4800033569336,78.86000061035156,5319600,MDT,0.27911852519022506,79.3759994506836,76.26499977111817
2023-12-07,72.6967544555664,79.55000305175781,79.72000122070312,78.73999786376953,79.20999908447266,5251000,MDT,0.6452456102265636,79.43200073242187,76.65699996948243
2023-12-08,72.51399993896484,79.3499984741211,79.8499984741211,79.27999877929688,79.5999984741211,6240900,MDT,-0.25141994967189385,79.30400085449219,77.12000007629395
2023-12-11,72.85211944580078,79.72000122070312,80.06999969482422,79.33000183105469,79.33000183105469,5598900,MDT,0.46629206515069743,79.29600067138672,77.5720001220703
2023-12-12,73.18109130859375,80.08000183105469,80.22000122070312,79.22000122070312,80.05000305175781,5263300,MDT,0.45158129056583896,79.54800109863281,77.97200012207031
2023-12-13,74.84431457519531,81.9000015258789,81.91999816894531,79.5,79.72000122070312,6304700,MDT,2.2727268396720124,80.12000122070313,78.43750038146973
2023-12-14,76.24246978759766,83.43000030517578,84.7300033569336,82.66000366210938,82.76000213623047,9680600,MDT,1.8681303428467189,80.89600067138672,78.90800056457519
2023-12-15,75.49314880371094,82.61000061035156,83.29000091552734,82.30000305175781,83.08000183105469,12388900,MDT,-0.982859513154466,81.54800109863281,79.29450073242188
2023-12-18,75.90435791015625,83.05999755859375,83.4800033569336,82.58000183105469,82.95999908447266,6447200,MDT,0.5447245429336167,82.21600036621093,79.70950050354004
2023-12-19,75.62791442871094,82.06999969482422,82.77999877929688,81.77999877929688,82.16999816894531,5060900,MDT,-1.191906926160391,82.61399993896484,80.05500030517578
2023-12-20,74.28251647949219,80.61000061035156,81.87999725341797,80.56999969482422,81.80999755859375,7257600,MDT,-1.7789680637280814,82.35599975585937,80.15450019836426
2023-12-21,75.52655792236328,81.95999908447266,82.0999984741211,80.80999755859375,80.87000274658203,7440600,MDT,1.6747282767638705,82.06199951171875,80.3340000152588
2023-12-22,75.48968505859375,81.91999816894531,82.73999786376953,81.54000091552734,82.25,3426700,MDT,-0.04880541236477187,81.9239990234375,80.4814998626709
2023-12-26,75.8398666381836,82.30000305175781,82.5199966430664,81.63999938964844,81.95999908447266,2954800,MDT,0.46387315833285037,81.77200012207031,80.6465000152588
2023-12-27,75.95044708251953,82.41999816894531,82.48999786376953,82.04000091552734,82.08000183105469,4041700,MDT,0.14580208109109538,81.84199981689453,80.83600006103515
2023-12-28,76.2361068725586,82.7300033569336,83.04000091552734,82.22000122070312,82.27999877929688,3297000,MDT,0.3761286033431288,82.26600036621093,81.02950019836426
2023-12-29,75.91358184814453,82.37999725341797,82.9000015258789,82.13999938964844,82.52999877929688,3847600,MDT,-0.4230703364117461,82.35,81.18500022888183
2024-01-02,76.33746337890625,82.83999633789062,83.79000091552734,81.97000122070312,82.11000061035156,5425800,MDT,0.5583868655125057,82.53399963378907,81.32750015258789
2024-01-03,76.66921997070312,83.19999694824219,83.77999877929688,82.13999938964844,82.94000244140625,6182600,MDT,0.43457342620245587,82.71399841308593,81.49949989318847
2024-01-04,77.34191131591797,83.93000030517578,84.22000122070312,82.9800033569336,83.1500015258789,5622000,MDT,0.8774079131129264,83.01599884033203,81.75499992370605
2024-01-05,77.93168640136719,84.56999969482422,85.01000213623047,83.5199966430664,83.70999908447266,5107600,MDT,0.762539482093838,83.38399810791016,82.0314998626709
2024-01-08,79.7746810913086,86.56999969482422,86.72000122070312,84.30999755859375,84.80000305175781,7867100,MDT,2.364904821115199,84.22199859619141,82.38249969482422
2024-01-09,79.85762786865234,86.66000366210938,88.04000091552734,86.30000305175781,86.43000030517578,7223200,MDT,0.10396669470074116,84.98600006103516,82.74799995422363
2024-01-10,80.2446517944336,87.08000183105469,87.52999877929688,86.36000061035156,86.5,4980800,MDT,0.4846505321911776,85.76200103759766,83.11599998474121
2024-01-11,80.25386810302734,87.08999633789062,87.27999877929688,86.36000061035156,87.08999633789062,5099500,MDT,0.011477384733327156,86.39400024414063,83.46649971008301
2024-01-12,80.55796813964844,87.41999816894531,88.7300033569336,87.26000213623047,87.5999984741211,5969000,MDT,0.3789204787359779,86.96399993896485,83.74249954223633
2024-01-16,79.7470474243164,86.54000091552734,87.18000030517578,86.25,86.95999908447266,5398300,MDT,-1.006631516643719,86.95800018310547,83.8979995727539
2024-01-17,79.29550170898438,86.05000305175781,86.81999969482422,85.66999816894531,86.19999694824219,6956000,MDT,-0.5662096817491635,86.83600006103515,84.06999969482422
2024-01-18,79.51667785644531,86.29000091552734,87.13999938964844,86.08000183105469,86.8499984741211,7203600,MDT,0.2789051194166392,86.6779998779297,84.2314998626709
2024-01-19,79.70096588134766,86.48999786376953,86.70999908447266,85.72000122070312,86.26000213623047,4819300,MDT,0.2317730283001973,86.55800018310546,84.45249977111817
2024-01-22,79.68253326416016,86.47000122070312,87.37000274658203,86.27999877929688,86.58999633789062,6015700,MDT,-0.023120179859292822,86.36800079345703,84.74549980163575
2024-01-23,79.562744140625,86.33999633789062,87.36000061035156,85.61000061035156,86.86000061035156,5060300,MDT,-0.15034680348932072,86.32799987792968,84.96449966430664
2024-01-24,78.06991577148438,84.72000122070312,86.31999969482422,84.66999816894531,86.18000030517578,6035200,MDT,-1.8762974124386878,86.06199951171875,85.10449981689453
2024-01-25,79.05592346191406,85.79000091552734,85.83000183105469,84.5999984741211,85.26000213623047,5557800,MDT,1.2629835687050672,85.96199951171874,85.27899971008301
2024-01-26,79.7470474243164,86.54000091552734,86.5999984741211,85.62999725341797,86.19000244140625,6784400,MDT,0.874227756144319,85.97200012207031,85.48499984741211
2024-01-29,80.57640075683594,87.44000244140625,87.4800033569336,86.12999725341797,86.30000305175781,7144700,MDT,1.0399832636440731,86.16600036621094,85.72049980163574
2024-01-30,80.1432876586914,86.97000122070312,87.55999755859375,86.51000213623047,87.45999908447266,5760100,MDT,-0.537512817452257,86.29200134277343,85.95
2024-01-31,80.66854858398438,87.54000091552734,89.18000030517578,87.5199966430664,88.29000091552734,10357900,MDT,0.65539805314907,86.85600128173829,86.18500022888183
2024-02-01,81.17537689208984,88.08999633789062,88.54000091552734,86.69999694824219,87.36000061035156,4320000,MDT,0.6282789771661079,87.31600036621094,86.42950019836425
2024-02-02,80.7514877319336,87.62999725341797,88.13999938964844,87.05999755859375,87.45999908447266,5051900,MDT,-0.5221921938879603,87.53399963378907,86.61450004577637
2024-02-05,79.94056701660156,86.75,87.77999877929688,86.73999786376953,87.58000183105469,4083400,MDT,-1.0042191954806268,87.39599914550782,86.72350006103515
2024-02-06,80.85284423828125,87.73999786376953,87.83999633789062,86.87000274658203,87.08000183105469,4667100,MDT,1.141207912126263,87.5499984741211,86.78199996948243
2024-02-07,80.31837463378906,87.16000366210938,88.25,87.04000091552734,88.05000305175781,4740100,MDT,-0.6610374011641662,87.4739990234375,86.80699996948242
2024-02-08,79.41529846191406,86.18000030517578,86.76000213623047,85.38999938964844,86.55000305175781,5938100,MDT,-1.1243727808143977,87.09199981689453,86.76199989318847
2024-02-09,78.31871032714844,84.98999786376953,86.16000366210938,84.45999908447266,86.08000183105469,8843400,MDT,-1.3808336472409866,86.56399993896484,86.65699996948243
2024-02-12,78.39244079589844,85.06999969482422,85.33000183105469,84.37999725341797,84.62999725341797,5892300,MDT,0.09413087782743634,86.22799987792969,86.53950004577636
2024-02-13,77.02859497070312,83.58999633789062,85.0,83.12999725341797,84.56999969482422,7579400,MDT,-1.7397476927740518,85.3979995727539,86.39199981689453
2024-02-14,77.11154174804688,83.68000030517578,84.3499984741211,83.23999786376953,83.66999816894531,4934500,MDT,0.10767313222665997,84.70199890136719,86.27349967956543
2024-02-15,78.06991577148438,84.72000122070312,85.01000213623047,83.76000213623047,83.83000183105469,4867900,MDT,1.2428309174647767,84.40999908447266,86.19499969482422
2024-02-16,77.79345703125,84.41999816894531,85.73999786376953,84.11000061035156,84.48999786376953,10848600,MDT,-0.3541112457922213,84.2959991455078,86.09149971008301
2024-02-20,79.11119842529297,85.8499984741211,87.22000122070312,82.58999633789062,86.95999908447266,11771400,MDT,1.6939117936416004,84.45199890136719,86.06049957275391
2024-02-21,79.15727233886719,85.9000015258789,86.52999877929688,84.83999633789062,86.52999877929688,6877000,MDT,0.05824467402044675,84.91399993896485,86.03849983215332
2024-02-22,78.38321685791016,85.05999755859375,85.87000274658203,84.4800033569336,85.7699966430664,9824900,MDT,-0.9778858583979089,85.18999938964843,86.05549964904785
2024-02-23,78.94532775878906,85.66999816894531,85.94999694824219,84.86000061035156,85.33000183105469,4707700,MDT,0.7171415798964187,85.37999877929687,86.04949951171875
2024-02-26,77.10231018066406,83.66999816894531,85.55999755859375,83.4800033569336,85.55999755859375,5974100,MDT,-2.334539561978166,85.22999877929688,85.90599937438965
2024-02-27,77.25898742675781,83.83999633789062,84.18000030517578,83.13999938964844,83.45999908447266,4546200,MDT,0.2031769722308896,84.82799835205078,85.72599906921387
2024-02-28,76.816650390625,83.36000061035156,83.83000183105469,83.2300033569336,83.62999725341797,4755300,MDT,-0.5725140130070971,84.31999816894532,85.54549903869629
2024-02-29,76.816650390625,83.36000061035156,83.7699966430664,82.79000091552734,83.52999877929688,8893100,MDT,0.0,83.97999877929688,85.3364990234375
2024-03-01,77.03781127929688,83.5999984741211,83.8499984741211,82.6500015258789,83.41999816894531,4266600,MDT,0.28790530471725084,83.56599884033203,85.11199913024902
2024-03-04,78.38321685791016,85.05999755859375,85.11000061035156,83.23999786376953,83.5999984741211,5553000,MDT,1.7464104200009212,83.84399871826172,84.9834991455078
2024-03-05,77.9593276977539,84.5999984741211,85.83999633789062,84.30000305175781,85.44000244140625,5073700,MDT,-0.5407936723202722,83.99599914550781,84.87599906921386
2024-03-06,78.83475494384766,85.55000305175781,85.80000305175781,84.5999984741211,84.7300033569336,6048400,MDT,1.1229368732522227,84.43399963378906,84.76649932861328
2024-03-07,78.46615600585938,85.1500015258789,86.43000030517578,84.68000030517578,86.0,6177600,MDT,-0.46756459568669806,84.79199981689453,84.66599922180175
2024-03-08,78.44772338867188,85.12999725341797,86.2699966430664,84.91999816894531,85.4800033569336,6561200,MDT,-0.023492979568362493,85.0979995727539,84.61349906921387
2024-03-11,78.78868103027344,85.5,85.62999725341797,84.54000091552734,84.54000091552734,5539000,MDT,0.4346326307054671,85.18600006103516,84.6389991760254
2024-03-12,79.00983428955078,85.73999786376953,86.08999633789062,84.9000015258789,85.1500015258789,4562200,MDT,0.2806992558707977,85.41399993896485,84.67249908447266
2024-03-13,78.40165710449219,85.08000183105469,86.3499984741211,84.79000091552734,86.01000213623047,5908200,MDT,-0.7697644613468446,85.31999969482422,84.74699935913085
2024-03-14,77.76581573486328,84.38999938964844,84.70999908447266,83.98999786376953,84.5199966430664,7836100,MDT,-0.8110042625250613,85.16799926757812,84.78249931335449
2024-03-15,77.01016998291016,83.56999969482422,84.01000213623047,82.81999969482422,83.44000244140625,17082100,MDT,-0.9716787543013083,84.85599975585937,84.72499923706054
2024-03-18,77.09310913085938,83.66000366210938,84.05999755859375,83.33999633789062,83.80000305175781,4783800,MDT,0.10769889627118001,84.48800048828124,84.68699951171875
2024-03-19,77.50778198242188,84.11000061035156,84.1500015258789,83.30000305175781,83.69000244140625,4903000,MDT,0.5378877941001114,84.16200103759766,84.59999961853028
2024-03-20,77.44327545166016,84.04000091552734,84.18000030517578,83.54000091552734,83.75,4191700,MDT,-0.08322398563340716,83.9540008544922,84.50699958801269
2024-03-21,77.49903106689453,83.41000366210938,83.98999786376953,83.08999633789062,83.56999969482422,6233800,MDT,-0.749639750779163,83.75800170898438,84.42449989318848
2024-03-22,77.1924057006836,83.08000183105469,83.86000061035156,82.93000030517578,83.69999694824219,5181300,MDT,-0.39563819274185397,83.66000213623047,84.29500007629395
2024-03-25,77.34107208251953,83.23999786376953,83.4000015258789,82.72000122070312,82.80999755859375,5481300,MDT,0.19258068029439634,83.5760009765625,84.27350006103515
2024-03-26,77.76847839355469,83.69999694824219,83.87000274658203,83.05000305175781,83.5,4806700,MDT,0.5526178475226518,83.49400024414062,84.26650009155273
2024-03-27,80.7602767944336,86.91999816894531,87.02999877929688,84.0999984741211,84.19000244140625,8220100,MDT,3.847074478024526,84.06999969482422,84.44449996948242
2024-03-28,80.97398376464844,87.1500015258789,87.7300033569336,86.93000030517578,87.0999984741211,7579500,MDT,0.2646150043474904,84.81799926757813,84.63400001525879
2024-04-01,80.85320281982422,87.0199966430664,87.18000030517578,86.43000030517578,86.83999633789062,4727300,MDT,-0.1491737011317107,85.60599822998047,84.80499992370605
2024-04-02,79.16217803955078,85.19999694824219,86.91000366210938,84.94999694824219,86.86000061035156,6007200,MDT,-2.0914729545318034,85.997998046875,84.81199989318847
2024-04-03,78.97634887695312,85.0,85.7300033569336,84.7300033569336,85.47000122070312,5887400,MDT,-0.23473821057021782,86.25799865722657,84.83199996948242
2024-04-04,77.97289276123047,83.91999816894531,85.4000015258789,83.75,85.33999633789062,6797100,MDT,-1.2705903894761006,85.65799865722656,84.7504997253418
2024-04-05,78.5675277709961,84.55999755859375,84.68000030517578,83.0999984741211,83.44000244140625,4935800,MDT,0.7626303665545953,85.13999786376954,84.72099952697754
2024-04-08,77.03445434570312,82.91000366210938,84.3499984741211,82.4800033569336,84.26000213623047,8725300,MDT,-1.9512700379881731,84.31799926757813,84.60999984741211
2024-04-09,77.86139678955078,83.80000305175781,83.83000183105469,83.0,83.37999725341797,5679600,MDT,1.0734523583855182,84.03800048828126,84.525
2024-04-10,76.49556732177734,82.33000183105469,83.29000091552734,81.83000183105469,82.8499984741211,6509400,MDT,-1.754178003782647,83.50400085449219,84.35450019836426
2024-04-11,76.34690856933594,82.16999816894531,83.05999755859375,82.12000274658203,82.91999816894531,5241200,MDT,-0.19434429557977362,83.15400085449218,84.2090000152588
2024-04-12,74.45146942138672,80.12999725341797,81.79000091552734,79.55999755859375,81.73999786376953,6562700,MDT,-2.482659073854432,82.26800079345703,83.99599990844726
2024-04-15,74.54438781738281,80.2300033569336,81.5,79.87000274658203,80.95999908447266,7500200,MDT,0.12480482583738794,81.73200073242188,83.82900009155273
2024-04-16,73.63381958007812,79.25,80.48999786376953,78.79000091552734,80.33999633789062,7674500,MDT,-1.2214923543922507,80.8220001220703,83.60849990844727
2024-04-17,73.47588348388672,79.08000183105469,79.8499984741211,78.94999694824219,79.41000366210938,5640100,MDT,-0.21450873053036057,80.17200012207032,83.35699996948242
2024-04-18,73.57808685302734,79.19000244140625,79.30000305175781,78.43000030517578,79.25,6065600,MDT,0.13910041452271926,79.5760009765625,83.11450004577637
2024-04-19,73.84752655029297,79.4800033569336,79.63999938964844,79.08999633789062,79.52999877929688,6756900,MDT,0.3662089993518025,79.44600219726563,82.91800003051758
2024-04-22,74.86029052734375,80.56999969482422,80.9000015258789,79.4000015258789,79.87000274658203,4962600,MDT,1.3714095267404636,79.51400146484374,82.79249992370606
2024-04-23,75.5292739868164,81.29000091552734,81.33999633789062,80.62000274658203,80.95999908447266,5296200,MDT,0.8936343842997241,79.92200164794922,82.69500007629395
2024-04-24,74.68375396728516,80.37999725341797,80.83000183105469,80.01000213623047,80.7699966430664,5028900,MDT,-1.119453379087798,80.18200073242187,82.52900009155273
2024-04-25,73.63381958007812,79.25,80.3499984741211,78.77999877929688,80.04000091552734,5624100,MDT,-1.4058189749066141,80.19400024414062,82.14550018310547
2024-04-26,74.089111328125,79.73999786376953,79.8499984741211,78.94999694824219,79.4000015258789,5024900,MDT,0.6182938344095001,80.24599914550781,81.775
2024-04-29,75.1297378540039,80.86000061035156,81.12000274658203,79.5199966430664,79.62000274658203,6029700,MDT,1.404568317766297,80.30399932861329,81.46700019836426
2024-04-30,74.55366516113281,80.23999786376953,80.68000030517578,79.76000213623047,80.0199966430664,6487200,MDT,-0.7667607493224038,80.09399871826172,81.21900024414063
2024-05-01,75.15760040283203,80.88999938964844,81.7300033569336,79.98999786376953,79.98999786376953,5366100,MDT,0.8100717138383562,80.19599914550781,81.01350021362305
2024-05-02,75.18548583984375,80.91999816894531,81.7300033569336,80.12999725341797,81.44000244140625,6338700,MDT,0.0370858938351315,80.52999877929688,80.86350021362304
2024-05-03,75.90090942382812,81.69000244140625,81.91999816894531,81.01000213623047,81.06999969482422,4987200,MDT,0.9515623948153307,80.91999969482421,80.72000045776367
2024-05-06,75.96595001220703,81.76000213623047,82.55999755859375,81.26000213623047,82.5199966430664,3676100,MDT,0.08568942677462665,81.1,80.66250038146973
2024-05-07,76.09603118896484,81.9000015258789,82.27999877929688,81.66999816894531,82.18000030517578,4939700,MDT,0.17123212572227597,81.43200073242187,80.56750030517578
2024-05-08,75.77083587646484,81.55000305175781,82.0199966430664,81.37000274658203,81.4800033569336,4175600,MDT,-0.4273485562884871,81.56400146484376,80.52850036621093
2024-05-09,76.89509582519531,82.76000213623047,82.77999877929688,81.56999969482422,81.66000366210938,5545600,MDT,1.483751121020438,81.93200225830078,80.5580005645752
2024-05-10,76.96942138671875,82.83999633789062,83.05999755859375,82.27999877929688,83.0,4217700,MDT,0.09665804687688517,82.16200103759766,80.69350051879883
2024-05-13,77.60122680664062,83.5199966430664,83.8499984741211,83.06999969482422,83.0999984741211,4950800,MDT,0.8208598928495459,82.51399993896484,80.85800018310547
2024-05-14,78.32596588134766,84.30000305175781,84.61000061035156,83.62000274658203,83.7300033569336,4053700,MDT,0.9339157567556766,82.99400024414062,81.11050033569336
2024-05-15,78.7161865234375,84.72000122070312,84.88999938964844,83.69000244140625,84.69000244140625,6227200,MDT,0.4982184504636944,83.62799987792968,81.39250030517579
2024-05-16,79.57099151611328,85.63999938964844,85.72000122070312,84.61000061035156,84.73999786376953,5506800,MDT,1.0859279458089732,84.20399932861328,81.71500015258789
2024-05-17,79.83116149902344,85.91999816894531,86.16999816894531,85.0999984741211,85.83000183105469,8236300,MDT,0.3269486002947408,84.81999969482422,82.03699989318848
2024-05-20,78.52107238769531,84.51000213623047,85.8499984741211,84.44999694824219,85.41999816894531,5513000,MDT,-1.6410568700692463,85.01800079345703,82.23400001525879
2024-05-21,79.1343002319336,85.16999816894531,85.29000091552734,84.5,84.54000091552734,4131600,MDT,0.7809679517590373,85.19199981689454,82.4279998779297
2024-05-22,79.6824951171875,85.76000213623047,85.9000015258789,84.87999725341797,84.87999725341797,8527900,MDT,0.6927368556645996,85.4,82.6970001220703
2024-05-23,75.61287689208984,81.37999725341797,84.11000061035156,81.22000122070312,83.56999969482422,10712300,MDT,-5.107281685761656,84.54799957275391,82.80349998474121
2024-05-24,76.4583969116211,82.29000091552734,82.3499984741211,80.87999725341797,80.98999786376953,8732300,MDT,1.118215400371203,83.8220001220703,82.93100013732911
2024-05-28,76.18895721435547,82.0,82.73999786376953,81.87000274658203,82.12999725341797,7479000,MDT,-0.3524133093947057,83.31999969482422,82.98800010681153
2024-05-29,75.715087890625,81.48999786376953,81.94000244140625,80.75,81.33999633789062,7910500,MDT,-0.6219538246713063,82.58399963378906,83.05050010681153
2024-05-30,74.8881607055664,80.5999984741211,81.4000015258789,80.45999908447266,80.97000122070312,8870600,MDT,-1.0921578267019783,81.55199890136718,83.03600006103515
2024-05-31,75.60359191894531,81.37000274658203,81.4800033569336,80.62000274658203,80.72000122070312,11406000,MDT,0.9553403064991084,81.55,83.05850028991699
2024-06-03,76.30044555664062,82.12000274658203,82.47000122070312,81.12000274658203,81.51000213623047,6151100,MDT,0.9217155888955775,81.51600036621093,83.08000030517579
2024-06-04,77.36894226074219,83.2699966430664,83.37999725341797,81.51000213623047,81.77999877929688,6331200,MDT,1.400382194376193,81.76999969482422,83.15550003051757
2024-06-05,76.47698211669922,82.30999755859375,83.18000030517578,81.72000122070312,83.0999984741211,7058300,MDT,-1.1528751329097031,81.93399963378906,83.17599983215332
2024-06-06,76.5048599243164,82.33999633789062,82.97000122070312,81.86000061035156,82.43000030517578,7366600,MDT,0.036446094261544104,82.28199920654296,83.21549949645996
2024-06-07,78.11225891113281,84.06999969482422,84.22000122070312,82.16000366210938,82.25,7038900,MDT,2.101048620204393,82.8219985961914,83.28099937438965
2024-06-10,77.24815368652344,83.13999938964844,83.94999694824219,82.61000061035156,83.72000122070312,4966100,MDT,-1.1062213733218806,83.02599792480468,83.29599952697754
2024-06-11,76.14249420166016,81.94999694824219,83.04000091552734,81.87000274658203,83.04000091552734,5340400,MDT,-1.431323610948232,82.76199798583984,83.21749954223633
2024-06-12,76.40265655517578,82.2300033569336,82.93000030517578,81.91999816894531,82.2699966430664,5549100,MDT,0.34167958403739096,82.74599914550781,83.11399955749512
2024-06-13,75.873046875,81.66000366210938,82.0,80.8499984741211,82.0,5934400,MDT,-0.6931772729596442,82.61000061035156,82.96099967956543
2024-06-14,75.29698181152344,81.04000091552734,81.54000091552734,80.5199966430664,81.1500015258789,3689000,MDT,-0.7592489820934412,82.00400085449219,82.73099975585937
2024-06-17,74.28421783447266,79.94999694824219,80.5,79.26000213623047,80.26000213623047,5435400,MDT,-1.3450196877728637,81.36600036621094,82.43249969482422
2024-06-18,74.09840393066406,79.75,80.3499984741211,79.16999816894531,79.91999816894531,7011900,MDT,-0.250152540182913,80.9260009765625,82.19449958801269
2024-06-20,74.48863220214844,80.16999816894531,80.3499984741211,78.94999694824219,79.16000366210938,7139700,MDT,0.5266434720317292,80.51399993896484,81.94449958801269
2024-06-21,75.85446166992188,81.63999938964844,81.70999908447266,79.93000030517578,80.16999816894531,11094400,MDT,1.8336051568884182,80.50999908447265,81.73849945068359
2024-06-24,75.29698181152344,81.04000091552734,81.9800033569336,80.73999786376953,81.76000213623047,6798700,MDT,-0.7349319924139674,80.50999908447265,81.72149963378907
2024-06-25,74.71163177490234,80.41000366210938,81.23999786376953,79.70999908447266,81.19000244140625,5318100,MDT,-0.7773904816149368,80.6020004272461,81.62749977111817
2024-06-26,74.37713623046875,80.05000305175781,80.2300033569336,79.16999816894531,79.5,5737600,MDT,-0.4477062479244731,80.66200103759766,81.52999992370606
2024-06-27,73.70816802978516,79.33000183105469,80.06999969482422,78.70999908447266,80.0,8044800,MDT,-0.8994393419792801,80.49400177001954,81.42200012207032
2024-06-28,73.78315734863281,78.70999908447266,79.2699966430664,78.26000213623047,78.73999786376953,8917200,MDT,-0.7815488872701892,79.90800170898437,81.32750015258789
2024-07-01,72.29267883300781,77.12000274658203,79.37999725341797,76.93000030517578,78.4000015258789,7111800,MDT,-2.020069059058449,79.1240020751953,81.1150001525879
2024-07-02,72.52704620361328,77.37000274658203,77.5,76.5199966430664,76.8499984741211,7111800,MDT,0.32417011293619513,78.51600189208985,80.87750015258788
2024-07-03,72.33954620361328,77.16999816894531,77.75,77.08000183105469,77.31999969482422,2838400,MDT,-0.2585040332644395,77.94000091552735,80.57250022888184
2024-07-05,72.75201416015625,77.61000061035156,77.93000030517578,76.69999694824219,77.06999969482422,4370000,MDT,0.5701729322877158,77.59600067138672,80.33750038146972
2024-07-08,72.03021240234375,76.83999633789062,77.5999984741211,76.58000183105469,77.43000030517578,5606500,MDT,-0.9921456853567379,77.22200012207031,80.06250038146973
2024-07-09,72.06769561767578,76.87999725341797,76.98999786376953,75.95999908447266,76.83999633789062,6142600,MDT,0.05205741467171343,77.1739990234375,79.70300025939942
2024-07-10,72.23644256591797,77.05999755859375,77.08999633789062,76.33000183105469,76.83999633789062,6736300,MDT,0.23413151873881155,77.11199798583985,79.39900016784668
2024-07-11,73.18321990966797,78.06999969482422,78.20999908447266,77.19000244140625,77.43000030517578,6224600,MDT,1.3106698264070182,77.29199829101563,79.20500030517579
2024-07-12,73.07072448730469,77.94999694824219,78.66000366210938,77.81999969482422,78.19999694824219,5661400,MDT,-0.15371172928284604,77.35999755859375,78.99099998474121
2024-07-15,72.25518798828125,77.08000183105469,78.01000213623047,76.95999908447266,77.81999969482422,4497800,MDT,-1.1160938438075418,77.40799865722656,78.76199989318847
2024-07-16,73.21133422851562,78.0999984741211,78.19999694824219,76.68000030517578,77.04000091552734,6811000,MDT,1.3232960804827831,77.6519989013672,78.61499977111816
2024-07-17,76.17353820800781,81.26000213623047,81.55999755859375,77.94000244140625,77.94999694824219,9848100,MDT,4.046099518371249,78.49199981689453,78.68050003051758
2024-07-18,76.12667083740234,81.20999908447266,83.62999725341797,80.08000183105469,80.44999694824219,8427800,MDT,-0.06153464243574547,79.11999969482422,78.75349998474121
2024-07-19,74.50494384765625,79.4800033569336,81.66999816894531,79.41000366210938,81.58000183105469,9292800,MDT,-2.1302742852386536,79.4260009765625,78.71900024414063
2024-07-22,74.33622741699219,79.30000305175781,80.08000183105469,79.08000183105469,79.55000305175781,5904400,MDT,-0.2264724428450604,79.87000122070313,78.6020004272461
2024-07-23,74.42996978759766,79.4000015258789,79.66000366210938,78.80999755859375,79.44999694824219,5022800,MDT,0.1261014757538259,80.13000183105468,78.52000045776367
2024-07-24,74.96427917480469,79.97000122070312,80.36000061035156,78.93000030517578,79.58000183105469,5658500,MDT,0.7178837328339904,79.87200164794922,78.49800033569336
2024-07-25,73.54879760742188,78.45999908447266,81.45999908447266,78.4000015258789,79.62999725341797,6357000,MDT,-1.8882107204964638,79.32200164794922,78.4185001373291
2024-07-26,73.77377319335938,78.69999694824219,79.44999694824219,78.31999969482422,78.62000274658203,4574700,MDT,0.3058856316211944,79.16600036621094,78.38699989318847
2024-07-29,74.99240112304688,80.0,80.38999938964844,78.5999984741211,79.0,6551400,MDT,1.6518463814080953,79.30599975585938,78.45149993896484
2024-07-30,75.751708984375,80.80999755859375,81.0,79.69999694824219,79.72000122070312,6568400,MDT,1.012496948242192,79.58799896240234,78.63599967956543
2024-07-31,75.2923812866211,80.31999969482422,80.98999786376953,78.97000122070312,80.36000061035156,7573200,MDT,-0.606357973732452,79.65799865722656,78.78349952697754
2024-08-01,75.45173645019531,80.48999786376953,81.08999633789062,79.37999725341797,80.69000244140625,4873100,MDT,0.2116511075587857,80.06399841308594,78.94949951171876
2024-08-02,76.40788269042969,81.51000213623047,81.88999938964844,80.31999969482422,81.04000091552734,5057900,MDT,1.26724350792915,80.6259994506836,79.14449958801269
2024-08-05,75.30175018310547,80.33000183105469,81.80999755859375,80.20999908447266,80.81999969482422,7503200,MDT,-1.4476754683475646,80.69199981689454,79.31899986267089
2024-08-06,75.72357940673828,80.77999877929688,81.68000030517578,79.91999816894531,80.45999908447266,5514000,MDT,0.5601854076744406,80.68600006103516,79.51399993896484
2024-08-07,76.0141830444336,81.08999633789062,82.73999786376953,80.55000305175781,80.80999755859375,5596600,MDT,0.3837553395373394,80.83999938964844,79.71549987792969
2024-08-08,77.0640640258789,82.20999908447266,82.62000274658203,80.91000366210938,81.2300033569336,4088200,MDT,1.381184852833317,81.18399963378906,79.92249984741211
2024-08-09,76.90471649169922,82.04000091552734,82.4000015258789,81.5,82.27999877929688,3094300,MDT,-0.20678527045188133,81.28999938964844,80.12700004577637
2024-08-12,76.10792541503906,81.19000244140625,82.05999755859375,80.80999755859375,82.02999877929688,4502200,MDT,-1.0360780895118382,81.46199951171874,80.33250007629394
2024-08-13,77.12030029296875,82.2699966430664,82.37000274658203,81.11000061035156,81.41000366210938,3704800,MDT,1.3302058987368248,81.75999908447265,80.5409999847412
2024-08-14,76.62348937988281,81.73999786376953,81.86000061035156,80.77999877929688,81.41999816894531,5612900,MDT,-0.6442187929049159,81.88999938964844,80.56499977111817
2024-08-15,78.4139404296875,83.6500015258789,84.02999877929688,82.16999816894531,82.55999755859375,6743500,MDT,2.3366818106511866,82.1779998779297,80.68699989318847
2024-08-16,79.30447387695312,84.5999984741211,84.73999786376953,83.80000305175781,84.02999877929688,5374800,MDT,1.1356807303204652,82.68999938964843,80.94299964904785
2024-08-19,79.51069641113281,84.81999969482422,85.29000091552734,84.48999786376953,84.68000030517578,7492800,MDT,0.2600487289257103,83.41599884033204,81.21899948120117
2024-08-20,80.03564453125,85.37999725341797,87.69999694824219,83.27999877929688,84.0,10841600,MDT,0.66021876987572,84.03799896240234,81.51799926757812
2024-08-21,82.06044006347656,87.54000091552734,87.56999969482422,85.87000274658203,85.93000030517578,10608300,MDT,2.5298708498411315,85.1979995727539,81.89649925231933
2024-08-22,82.332275390625,87.83000183105469,89.23999786376953,87.55000305175781,87.91000366210938,8429600,MDT,0.33127817282887495,86.03399963378907,82.36499938964843
2024-08-23,82.81973266601562,88.3499984741211,88.5,87.70999908447266,88.26000213623047,4843500,MDT,0.5920489949056806,86.78399963378907,82.84749946594238
2024-08-26,83.74776458740234,89.33999633789062,90.12999725341797,88.12000274658203,88.5999984741211,5948200,MDT,1.1205408951529439,87.68799896240235,83.31449928283692
2024-08-27,83.24156951904297,88.80000305175781,89.72000122070312,88.08000183105469,89.55999755859375,4174700,MDT,-0.6044250148505959,88.37200012207032,83.71399955749511
2024-08-28,82.80099487304688,88.33000183105469,89.13999938964844,87.94999694824219,88.97000122070312,5230600,MDT,-0.5292806357553581,88.53000030517578,84.11449966430663
2024-08-29,82.66975402832031,88.19000244140625,88.94000244140625,88.0199966430664,88.88999938964844,5024400,MDT,-0.15849585276382916,88.6020004272461,84.49949989318847
2024-08-30,83.03533935546875,88.58000183105469,88.5999984741211,87.2300033569336,88.33000183105469,7940100,MDT,0.44222630553565345,88.64800109863282,84.85299987792969
2024-09-03,83.39155578613281,88.95999908447266,89.36000061035156,88.06999969482422,88.2699966430664,4745300,MDT,0.4289876332840059,88.57200164794922,85.28449974060058
2024-09-04,85.33197021484375,91.02999877929688,91.48999786376953,88.80000305175781,88.80000305175781,8953500,MDT,2.3268881701073774,89.01800079345703,85.79699974060058
2024-09-05,83.79463195800781,89.38999938964844,91.18000030517578,89.0999984741211,91.16000366210938,7007400,MDT,-1.8016032205214416,89.23000030517578,86.21199989318848
2024-09-06,84.26335144042969,89.88999938964844,90.54000091552734,89.30000305175781,89.72000122070312,7116500,MDT,0.5593466868933694,89.56999969482422,86.59599990844727
2024-09-09,84.94764709472656,90.62000274658203,91.1500015258789,89.87999725341797,90.0,8643000,MDT,0.8121074222831259,89.97799987792969,87.025
2024-09-10,85.29448699951172,90.98999786376953,91.12000274658203,90.19999694824219,90.76000213623047,5628100,MDT,0.40829298827345095,90.38399963378906,87.51499977111817
2024-09-11,84.69454193115234,90.3499984741211,90.66999816894531,88.81999969482422,90.66999816894531,5805800,MDT,-0.7033733428663758,90.24799957275391,87.9189998626709
2024-09-12,84.366455078125,90.0,90.55999755859375,89.19999694824219,90.26000213623047,4856500,MDT,-0.3873807194599399,90.36999969482422,88.33199996948242
2024-09-13,84.366455078125,90.0,90.5199966430664,89.88999938964844,90.05999755859375,5209400,MDT,0.0,90.39199981689453,88.64949989318848
2024-09-16,84.46956634521484,90.11000061035156,90.23999786376953,89.44000244140625,90.0,5620300,MDT,0.12222290039063388,90.28999938964844,88.925
2024-09-17,83.08221435546875,88.62999725341797,90.23999786376953,88.04000091552734,90.0,7012300,MDT,-1.6424407356663284,89.81799926757813,89.1154998779297
2024-09-18,82.6135025024414,88.12999725341797,88.51000213623047,87.66999816894531,88.02999877929688,7691400,MDT,-0.5641430841641148,89.3739990234375,89.25299987792968
2024-09-19,83.86963653564453,89.47000122070312,89.94999694824219,88.55000305175781,88.69000244140625,9374600,MDT,1.5204856564694724,89.26799926757812,89.34949989318848
2024-09-20,83.74776458740234,89.33999633789062,89.58999633789062,88.73999786376953,89.4800033569336,25452900,MDT,-0.14530555609562068,89.13599853515625,89.42499961853028
2024-09-23,84.23522186279297,89.86000061035156,90.05000305175781,89.01000213623047,89.54000091552734,6324400,MDT,0.5820509220688219,89.08599853515625,89.5004997253418
2024-09-24,84.14149475097656,89.76000213623047,90.29000091552734,89.1500015258789,89.7300033569336,7657600,MDT,-0.11128252107932557,89.31199951171875,89.5215000152588
2024-09-25,83.79463195800781,89.38999938964844,90.4000015258789,89.19000244140625,90.16999816894531,3944400,MDT,-0.4122133887881074,89.56399993896484,89.55099983215332
2024-09-26,83.85088348388672,89.44999694824219,89.56999969482422,88.51000213623047,89.08000183105469,6321000,MDT,0.06711887124219995,89.55999908447265,89.6069995880127
2024-09-27,84.3894271850586,89.31999969482422,90.0199966430664,89.11000061035156,89.36000061035156,5232500,MDT,-0.14532952247409137,89.55599975585938,89.66349945068359
2024-09-30,85.06022644042969,90.02999877929688,90.0999984741211,89.0199966430664,89.4800033569336,4784900,MDT,0.7948937381308641,89.58999938964844,89.7359992980957
2024-10-01,85.0318832397461,90.0,90.3499984741211,89.20999908447266,90.25,4907100,MDT,-0.03332087049163768,89.63799896240235,89.78799934387207
2024-10-02,84.20045471191406,89.12000274658203,89.69000244140625,88.98999786376953,89.54000091552734,4438900,MDT,-0.9777747260199643,89.58399963378906,89.69249954223633
2024-10-03,82.92497253417969,87.7699966430664,89.23999786376953,87.66000366210938,89.0199966430664,3435000,MDT,-1.514818292089204,89.24799957275391,89.61149940490722
2024-10-04,83.387939453125,88.26000213623047,88.29000091552734,87.20999908447266,87.95999908447266,3598500,MDT,0.5582835956537302,89.03600006103515,89.52999954223633
2024-10-07,82.23527526855469,87.04000091552734,87.9800033569336,86.87999725341797,87.86000061035156,3794500,MDT,-1.382280977990502,88.43800048828125,89.35099945068359
2024-10-08,83.27454376220703,88.13999938964844,88.55999755859375,87.2300033569336,87.31999969482422,4608700,MDT,1.2637849983350158,88.06600036621094,89.20849952697753
2024-10-09,83.47296142578125,88.3499984741211,88.44000244140625,87.66999816894531,87.95999908447266,2773500,MDT,0.2382562808337374,87.91199951171875,89.10849952697754
2024-10-10,83.94536590576172,88.8499984741211,89.44000244140625,88.79000091552734,89.26000213623047,3219800,MDT,0.5659309661974143,88.12799987792968,89.05099945068359
2024-10-11,84.42720794677734,89.36000061035156,89.58999633789062,88.91000366210938,88.9800033569336,4482700,MDT,0.5740035396613052,88.3479995727539,89.01899948120118
2024-10-14,85.04134368896484,90.01000213623047,90.05999755859375,89.1500015258789,89.52999877929688,3849200,MDT,0.72739651011553,88.94199981689454,89.01399955749511
2024-10-15,84.88070678710938,89.83999633789062,90.5,89.44000244140625,90.05000305175781,4173700,MDT,-0.18887434096772626,89.28199920654296,89.07449951171876
2024-10-16,85.02243041992188,89.98999786376953,90.23999786376953,89.48999786376953,89.81999969482422,3773300,MDT,0.1669651958964291,89.60999908447266,89.16749954223633
2024-10-17,84.83348083496094,89.79000091552734,90.1500015258789,89.62999725341797,90.1500015258789,5392700,MDT,-0.22224353038095002,89.79799957275391,89.18349952697754
2024-10-18,87.14823913574219,92.23999786376953,92.25,89.83999633789062,89.97000122070312,7355500,MDT,2.728585503130909,90.3739990234375,89.32849960327148
2024-10-21,86.00501251220703,91.02999877929688,92.05000305175781,90.77999877929688,92.0,4411500,MDT,-1.3117943543968003,90.57799835205078,89.38699951171876
2024-10-22,86.09005737304688,91.12000274658203,91.33999633789062,89.9800033569336,90.69999694824219,4400200,MDT,0.09887286443162058,90.83399963378906,89.45499954223632
2024-10-23,87.17656707763672,92.2699966430664,92.38999938964844,90.68000030517578,90.73999786376953,6842200,MDT,1.2620652566074586,91.28999938964844,89.59899940490723
2024-10-24,85.96723175048828,90.98999786376953,92.68000030517578,90.94000244140625,92.48999786376953,3813800,MDT,-1.3872318476919165,91.52999877929688,89.67599945068359
2024-10-25,85.58930969238281,90.58999633789062,91.5999984741211,90.12999725341797,91.13999938964844,3446900,MDT,-0.4396104355093966,91.19999847412109,89.73949928283692
2024-10-28,85.59876251220703,90.5999984741211,91.3499984741211,90.55000305175781,90.68000030517578,4241900,MDT,0.011041104575348903,91.11399841308594,89.76799926757812
2024-10-29,85.334228515625,90.31999969482422,91.43000030517578,90.30999755859375,90.37000274658203,7279700,MDT,-0.30904943047748157,90.95399780273438,89.78399925231933
2024-10-30,85.50428009033203,90.5,91.80000305175781,89.94999694824219,89.9800033569336,5325700,MDT,0.19929174688215756,90.5999984741211,89.85299911499024
2024-10-31,84.32329559326172,89.25,89.93000030517578,88.98999786376953,89.83000183105469,6955600,MDT,-1.3812154696132617,90.25199890136719,89.92699928283692
2024-11-01,85.09803009033203,90.06999969482422,91.0,89.26000213623047,89.83000183105469,5052400,MDT,0.9187671650691565,90.1479995727539,90.0174991607666
2024-11-04,84.37997436523438,89.30999755859375,90.5199966430664,89.22000122070312,90.02999877929688,4513600,MDT,-0.8437905393643974,89.88999938964844,90.13099899291993
2024-11-05,84.72954559326172,89.68000030517578,89.69000244140625,88.61000061035156,89.05000305175781,4578200,MDT,0.4142904005111969,89.76199951171876,90.20799903869629
2024-11-06,85.13580322265625,90.11000061035156,92.02999877929688,88.9000015258789,91.87000274658203,6281700,MDT,0.4794829434796144,89.68399963378906,90.2959991455078
2024-11-07,83.25566101074219,88.12000274658203,89.5,87.69999694824219,89.48999786376953,7077400,MDT,-2.2084095553106975,89.45800018310547,90.25949935913086
2024-11-08,82.87773895263672,87.72000122070312,88.69000244140625,87.56999969482422,88.36000061035156,8137700,MDT,-0.45392818135655544,88.98800048828124,90.17749938964843
2024-11-11,83.39738464355469,88.2699966430664,88.81999969482422,87.75,88.20999908447266,4544500,MDT,0.6269897568508931,88.78000030517578,90.09049911499024
2024-11-12,83.42572021484375,88.30000305175781,88.81999969482422,87.80000305175781,88.2300033569336,7202700,MDT,0.03399389354543647,88.50400085449219,90.0134994506836
2024-11-13,83.11394500732422,87.97000122070312,88.26000213623047,87.5,87.98999786376953,8338900,MDT,-0.37372799507294774,88.0760009765625,89.91249961853028
2024-11-14,81.252685546875,86.0,88.1500015258789,85.9000015258789,87.69999694824219,7956100,MDT,-2.2394011519457635,87.6520004272461,89.7229995727539
2024-11-15,82.69822692871094,87.52999877929688,87.56999969482422,85.01000213623047,85.47000122070312,7952300,MDT,1.779068348019619,87.61399993896484,89.48749961853028
2024-11-18,82.75491333007812,87.58999633789062,88.72000122070312,87.0,87.5,10339800,MDT,0.06854513815890417,87.47799987792969,89.31549949645996
2024-11-19,80.30789184570312,85.0,86.4800033569336,84.5,86.0,12000800,MDT,-2.95695449957476,86.81799926757813,89.00949935913086
2024-11-20,79.46702575683594,84.11000061035156,84.9800033569336,83.55000305175781,84.7300033569336,7389100,MDT,-1.0470581054687456,86.0459991455078,88.60149955749512
2024-11-21,80.06224822998047,84.73999786376953,85.12999725341797,83.91999816894531,84.19999694824219,5699700,MDT,0.7490158707006866,85.79399871826172,88.28899955749512
2024-11-22,81.45109558105469,86.20999908447266,86.30000305175781,84.62000274658203,84.79000091552734,6532100,MDT,1.7347194450799241,85.52999877929688,88.06999969482422
2024-11-25,81.0164794921875,85.75,86.83000183105469,84.7699966430664,86.5,10636000,MDT,-0.5335797347845062,85.16199951171875,87.82749977111817
2024-11-26,80.95036315917969,85.68000030517578,86.55999755859375,85.0199966430664,86.33999633789062,5702500,MDT,-0.08163229717109699,85.29799957275391,87.59549980163574
2024-11-27,81.50778198242188,86.2699966430664,86.9000015258789,85.91999816894531,86.12999725341797,5106500,MDT,0.6886045002207908,85.72999877929688,87.38399963378906
2024-11-29,81.76287841796875,86.54000091552734,86.75,85.52999877929688,85.6500015258789,3543200,MDT,0.3129758699053298,86.08999938964844,87.24849967956543
2024-12-02,81.76287841796875,86.54000091552734,86.8499984741211,85.94000244140625,86.16999816894531,7058700,MDT,0.0,86.15599975585937,87.07199974060059
2024-12-03,80.97869873046875,85.70999908447266,86.52999877929688,85.4800033569336,86.51000213623047,4979100,MDT,-0.9590961662513275,86.1479995727539,86.89199981689453
2024-12-04,80.61022186279297,85.31999969482422,86.12000274658203,85.01000213623047,85.3499984741211,5352500,MDT,-0.45502204388553347,86.0759994506836,86.67399978637695
2024-12-05,79.495361328125,84.13999938964844,85.33999633789062,84.0,84.56999969482422,6967700,MDT,-1.3830289608490975,85.65,86.3754997253418
2024-12-06,79.37254333496094,84.01000213623047,84.55000305175781,83.56999969482422,84.0,4309800,MDT,-0.1545011342535929,85.14400024414063,86.16999969482421
2024-12-09,79.3252944946289,83.95999908447266,84.41000366210938,83.66000366210938,84.12999725341797,5015000,MDT,-0.059520355298559036,84.62799987792968,85.9819995880127
2024-12-10,78.9662857055664,83.58000183105469,84.0999984741211,82.87999725341797,84.0,5095400,MDT,-0.4525932081486217,84.20200042724609,85.74749984741212
2024-12-11,78.34271240234375,82.91999816894531,83.97000122070312,82.88999938964844,83.4000015258789,6125600,MDT,-0.7896669629697817,83.72200012207031,85.47849960327149
2024-12-12,78.1632080078125,82.7300033569336,83.25,82.52999877929688,82.91000366210938,5482500,MDT,-0.2291302655658689,83.44000091552735,85.21649971008301
2024-12-13,77.92700958251953,82.4800033569336,82.94000244140625,81.87999725341797,82.83999633789062,4301500,MDT,-0.3021878276994516,83.13400115966797,85.04049987792969
2024-12-16,76.859375,81.3499984741211,82.51000213623047,81.12000274658203,82.0,6351900,MDT,-1.3700349621985186,82.61200103759765,84.7314998626709
2024-12-17,76.87826538085938,81.37000274658203,82.29000091552734,80.69000244140625,80.95999908447266,8021400,MDT,0.02459037840953915,82.17000122070313,84.42050018310547
2024-12-18,75.61225128173828,80.02999877929688,81.66000366210938,80.0,81.37000274658203,7048600,MDT,-1.6468033944381788,81.59200134277344,84.17200012207032
2024-12-19,75.57444763183594,79.98999786376953,80.58999633789062,79.5199966430664,79.79000091552734,7190300,MDT,-0.04998240177118696,81.04400024414062,83.96599998474122
2024-12-20,76.55704498291016,81.02999877929688,81.2699966430664,79.80000305175781,79.87000274658203,10707300,MDT,1.3001636995897403,80.75399932861328,83.78050003051757
2024-12-23,76.90662384033203,81.4000015258789,81.5999984741211,80.41999816894531,80.69000244140625,7421300,MDT,0.4566244010317799,80.76399993896484,83.5400001525879
2024-12-24,77.03887939453125,81.54000091552734,81.77999877929688,81.08999633789062,81.30000305175781,2465900,MDT,0.17198941894851494,80.79799957275391,83.32950019836426
2024-12-26,77.09557342529297,81.5999984741211,81.7699966430664,81.22000122070312,81.30999755859375,3319500,MDT,0.0735805223449848,81.11199951171875,83.12550010681153
2024-12-27,76.9430923461914,80.73999786376953,81.2699966430664,80.44999694824219,80.54000091552734,3880700,MDT,-1.0539223363151273,81.26199951171876,82.84900016784668
2024-12-30,75.8662338256836,79.61000061035156,80.37000274658203,79.29000091552734,80.19999694824219,5136200,MDT,-1.399550759618029,80.97799987792969,82.50250015258788
2024-12-31,76.12353515625,79.87999725341797,80.2300033569336,79.37999725341797,79.81999969482422,4803700,MDT,0.33914915336816787,80.6739990234375,82.16949996948242
2025-01-02,76.44755554199219,80.22000122070312,80.66999816894531,79.86000061035156,80.37000274658203,5574900,MDT,0.4256434388780761,80.40999908447266,81.89500007629394
2025-01-03,77.14321899414062,80.94999694824219,81.0,79.9800033569336,80.5,5394700,MDT,0.9099921670789879,80.27999877929688,81.67649993896484
2025-01-06,76.08541870117188,79.83999633789062,81.13999938964844,79.66000366210938,80.5199966430664,7886200,MDT,-1.3712176061739356,80.0999984741211,81.46149978637695
2025-01-07,76.11402130126953,79.87000274658203,81.06999969482422,79.73999786376953,80.37000274658203,7363100,MDT,0.03758317894255736,80.1519989013672,81.25449981689454
2025-01-08,78.79185485839844,82.68000030517578,83.22000122070312,80.3499984741211,80.41000366210938,11153800,MDT,3.5182139250821587,80.71199951171874,81.19049987792968
2025-01-10,76.86685943603516,80.66000366210938,82.48999786376953,80.51000213623047,82.0,7068200,MDT,-2.443150260777094,80.8,81.04449996948242
2025-01-13,77.94371795654297,81.79000091552734,82.12000274658203,80.01000213623047,80.91000366210938,6487700,MDT,1.4009387578899801,80.96800079345704,80.98800010681153
2025-01-14,81.24099731445312,85.25,85.30999755859375,83.11000061035156,83.38999938964844,13399700,MDT,4.230344841353095,82.05000152587891,81.11399993896484
2025-01-15,81.38394927978516,85.4000015258789,85.88999938964844,83.91999816894531,83.91999816894531,12261100,MDT,0.17595486906616387,83.15600128173828,81.2599998474121
2025-01-16,83.06118774414062,87.16000366210938,87.22000122070312,85.02999877929688,85.43000030517578,7267500,MDT,2.0608923943603585,84.052001953125,81.55050010681153
2025-01-17,83.93791961669922,88.08000183105469,88.62999725341797,87.05000305175781,87.25,9578900,MDT,1.0555279145143759,85.53600158691407,81.88600006103516
2025-01-21,84.22380828857422,88.37999725341797,88.69999694824219,87.7699966430664,88.44999694824219,8376600,MDT,0.3405942508251769,86.85400085449218,82.30349998474121
2025-01-22,83.7092056274414,87.83999633789062,88.45999908447266,87.41999816894531,88.23999786376953,5222900,MDT,-0.6109990182268987,87.37200012207032,82.69599990844726
2025-01-23,85.05290985107422,89.25,89.33000183105469,87.80000305175781,87.87000274658203,5694300,MDT,1.6051954928203438,88.14199981689453,83.10699996948242
2025-01-24,85.94869232177734,90.19000244140625,90.30000305175781,88.81999969482422,89.11000061035156,7349500,MDT,1.0532240239846002,88.74799957275391,83.54650001525879
2025-01-27,88.11194610595703,92.45999908447266,92.4800033569336,90.3499984741211,90.66000366210938,9164300,MDT,2.516904957998145,89.6239990234375,84.09249992370606
2025-01-28,87.65452575683594,91.9800033569336,93.08000183105469,91.66999816894531,92.45999908447266,7961100,MDT,-0.5191387976334894,90.34400024414063,84.61150016784669
2025-01-29,87.11132049560547,91.41000366210938,92.9800033569336,91.36000061035156,92.52999877929688,5514700,MDT,-0.6196995803667282,91.05800170898438,85.14500045776367
2025-01-30,87.66405487060547,91.98999786376953,92.81999969482422,91.45999908447266,91.72000122070312,5101600,MDT,0.6344975149591647,91.60600128173829,85.76400032043458
2025-01-31,86.54906463623047,90.81999969482422,92.0999984741211,90.6500015258789,91.72000122070312,7215400,MDT,-1.2718754170186974,91.73200073242188,86.31100044250488
2025-02-03,86.27271270751953,90.52999877929688,91.20999908447266,89.25,90.2699966430664,5800300,MDT,-0.3193139358090846,91.34600067138672,86.82650032043458
2025-02-04,86.6920166015625,90.97000122070312,91.11000061035156,89.69999694824219,89.86000061035156,5196300,MDT,0.4860294348163263,91.14400024414063,87.32750053405762
2025-02-05,87.37815856933594,91.69000244140625,92.06999969482422,90.68000030517578,91.2699966430664,5181100,MDT,0.7914710465446007,91.2,87.9200008392334
2025-02-06,86.54906463623047,90.81999969482422,91.94000244140625,90.76000213623047,91.26000213623047,4509300,MDT,-0.9488523540371774,90.96600036621093,88.46750068664551
2025-02-07,85.77716064453125,90.01000213623047,91.16999816894531,89.55000305175781,91.12000274658203,6349400,MDT,-0.8918713513714205,90.80400085449219,88.83400077819825
2025-02-10,86.56812286376953,90.83999633789062,90.94000244140625,90.01000213623047,90.29000091552734,5029300,MDT,0.922113300701799,90.86600036621094,89.3430004119873
2025-02-11,86.91119384765625,91.19999694824219,91.47000122070312,90.5,90.83999633789062,6534800,MDT,0.39630187677737183,90.91199951171875,89.81350021362304
2025-02-12,87.05414581298828,91.3499984741211,91.63999938964844,89.91000366210938,90.5999984741211,7053200,MDT,0.16447536282708786,90.84399871826172,90.11850013732911
2025-02-13,87.86416625976562,92.19999694824219,92.4800033569336,90.87000274658203,91.2699966430664,5991000,MDT,0.9304854825606723,91.11999816894532,90.45849990844727
2025-02-14,88.44548797607422,92.80999755859375,93.05000305175781,91.86000061035156,92.41999816894531,10855400,MDT,0.6616058899589827,91.67999725341797,90.74099960327149
2025-02-18,82.02245330810547,86.06999969482422,88.44000244140625,85.05999755859375,87.95999908447266,14516700,MDT,-7.2621463646891815,90.72599792480469,90.64049949645997
2025-02-19,82.9087142944336,87.0,87.16999816894531,85.69999694824219,86.0,8972100,MDT,1.0805162175824945,89.88599853515625,90.57149963378906
2025-02-20,83.80451202392578,87.94000244140625,88.2699966430664,86.3499984741211,86.7699966430664,5804300,MDT,1.0804625763290332,89.20399932861328,90.57649993896484
2025-02-21,85.71045684814453,89.94000244140625,91.1500015258789,87.58000183105469,87.63999938964844,11763000,MDT,2.2742778536225083,88.75200042724609,90.61100006103516
2025-02-24,85.92963409423828,90.16999816894531,91.06999969482422,89.12000274658203,89.54000091552734,7158500,MDT,0.2557212822947186,88.2240005493164,90.60999984741211
2025-02-25,86.22505950927734,90.4800033569336,90.8499984741211,89.22000122070312,90.36000061035156,6290300,MDT,0.3438008143323401,89.10600128173829,90.51100006103516
2025-02-26,86.32035827636719,90.58000183105469,91.19000244140625,90.0,90.45999908447266,5108500,MDT,0.1105199717186256,89.82200164794922,90.44099998474121
2025-02-27,86.47282409667969,90.73999786376953,91.27999877929688,90.0999984741211,90.30000305175781,4735900,MDT,0.17663505131437773,90.38200073242187,90.40749969482422
2025-02-28,87.69263458251953,92.0199966430664,92.4000015258789,90.30000305175781,91.55000305175781,7685300,MDT,1.4106224481276408,90.79799957275391,90.40899963378907
2025-03-03,89.86542510986328,94.30000305175781,94.93000030517578,92.30000305175781,92.66999816894531,9306100,MDT,2.47772928914054,91.6240005493164,90.58299980163574
2025-03-04,88.65514373779297,93.02999877929688,95.56999969482422,92.94999694824219,94.75,7644300,MDT,-1.3467701286964728,92.13399963378906,90.70799980163574
2025-03-05,89.6366958618164,94.05999755859375,94.7300033569336,93.2699966430664,93.58999633789062,5820600,MDT,1.107168432561667,92.82999877929687,90.86249961853028
2025-03-06,88.75044250488281,93.12999725341797,93.9800033569336,92.08999633789062,93.73999786376953,5339800,MDT,-0.988730947602301,93.30799865722656,90.93449935913085
2025-03-07,90.05601501464844,94.5,95.02999877929688,92.44000244140625,92.5999984741211,7795900,MDT,1.471064948981038,93.80399932861329,91.11849937438964
2025-03-10,89.38894653320312,93.80000305175781,96.25,93.55000305175781,94.58000183105469,10771700,MDT,-0.7407375113673953,93.70399932861328,91.30799942016601
2025-03-11,88.89338684082031,93.27999877929688,93.94000244140625,92.66999816894531,93.4000015258789,7457600,MDT,-0.5543755389581406,93.75399932861328,91.42999954223633
2025-03-12,87.20661926269531,91.51000213623047,93.0,90.3499984741211,92.88999938964844,6301000,MDT,-1.8975092905546331,93.24400024414062,91.44549980163575
2025-03-13,87.98806762695312,92.33000183105469,92.73999786376953,91.55999755859375,91.7699966430664,6737600,MDT,0.8960765770756884,93.08400115966796,91.49449996948242
2025-03-14,88.69326782226562,93.06999969482422,93.30000305175781,92.12000274658203,92.30999755859375,7788600,MDT,0.8014706477788014,92.79800109863281,91.53800010681152
2025-03-17,88.96009826660156,93.3499984741211,93.68000030517578,92.81999969482422,93.06999969482422,8099200,MDT,0.3008475128559063,92.70800018310547,91.56500015258788
2025-03-18,87.87370300292969,92.20999908447266,93.72000122070312,91.73999786376953,93.66999816894531,12259300,MDT,-1.2212098642556235,92.49400024414062,91.87200012207032
2025-03-19,87.54969024658203,91.87000274658203,92.81999969482422,91.13999938964844,92.26000213623047,11665200,MDT,-0.36871959794637643,92.56600036621094,92.11550025939941
2025-03-20,86.93026733398438,91.22000122070312,92.0,90.29000091552734,92.0,10469600,MDT,-0.7075231375271662,92.34400024414063,92.27950019836426
2025-03-21,86.08211517333984,90.33000183105469,90.83999633789062,89.62999725341797,90.55999755859375,14027600,MDT,-0.9756625495927373,91.79600067138672,92.29900016784669
2025-03-24,85.8915023803711,90.12999725341797,90.83999633789062,89.69999694824219,90.69000244140625,5420400,MDT,-0.22141544734028962,91.1520004272461,92.29700012207032
2025-03-25,84.42394256591797,88.58999633789062,90.5,87.5199966430664,90.27999877929688,8819800,MDT,-1.7086441389733253,90.4279998779297,92.20249977111817
2025-03-26,84.08087158203125,88.2300033569336,89.16000366210938,88.0199966430664,88.62999725341797,7460400,MDT,-0.4063585007769821,89.7,92.0849998474121
2025-03-27,84.79559326171875,88.9800033569336,89.44999694824219,88.0,88.66000366210938,7340100,MDT,0.8500509707178416,89.25200042724609,91.99700012207032
2025-03-28,84.17124938964844,87.62999725341797,88.37999725341797,87.2300033569336,87.8499984741211,6320200,MDT,-1.5172016774378183,88.71199951171874,91.77750015258789
2025-03-31,86.31324005126953,89.86000061035156,90.30999755859375,86.93000030517578,87.0,8241100,MDT,2.544794507392978,88.65800018310547,91.55550003051758
2025-04-01,84.99730682373047,88.48999786376953,89.58999633789062,88.20999908447266,88.79000091552734,7059400,MDT,-1.5245968587543235,88.63800048828125,91.32849998474121
2025-04-02,85.35270690917969,88.86000061035156,88.98999786376953,87.45999908447266,88.43000030517578,5577200,MDT,0.4181294558868176,88.76399993896484,91.0685001373291
2025-04-03,84.42098999023438,87.88999938964844,89.54000091552734,87.69000244140625,88.5999984741211,7663100,MDT,-1.0916061377903352,88.5459991455078,90.80650024414062
2025-04-04,79.60873413085938,82.87999725341797,88.0999984741211,82.68000030517578,87.98999786376953,12034000,MDT,-5.700309672343151,87.59599914550782,90.22550010681152
2025-04-07,79.86808013916016,83.1500015258789,85.37000274658203,80.58000183105469,81.22000122070312,12129100,MDT,0.32577736656451695,86.25399932861328,89.69300003051758
2025-04-08,78.64820861816406,81.87999725341797,85.30999755859375,80.61000061035156,84.5,10183900,MDT,-1.5273653026520617,84.93199920654297,89.12299995422363
2025-04-09,81.91401672363281,85.27999877929688,85.5,79.55000305175781,80.5,11981100,MDT,4.152420175779836,84.21599884033203,88.81149978637696
2025-04-10,79.28215789794922,82.54000091552734,85.30000305175781,80.98999786376953,84.83000183105469,8838400,MDT,-3.21294313202396,83.14599914550782,88.32199974060059
2025-04-11,79.62794494628906,82.9000015258789,83.44000244140625,81.18000030517578,83.16000366210938,8014000,MDT,0.43615290326928235,83.15,87.81349983215333
2025-04-14,80.8958511352539,84.22000122070312,84.26000213623047,83.12000274658203,83.97000122070312,5596000,MDT,1.592279457814194,83.36399993896484,87.35699996948242
2025-04-15,79.11886596679688,82.37000274658203,84.7300033569336,82.22000122070312,84.62999725341797,5829400,MDT,-2.1966260357478173,83.46200103759766,86.8650001525879
2025-04-16,79.43583679199219,82.69999694824219,84.48999786376953,82.19999694824219,83.19999694824219,7111600,MDT,0.4006242450609321,82.94600067138671,86.4064998626709
2025-04-17,79.33977508544922,82.5999984741211,83.31999969482422,82.12000274658203,82.51000213623047,5940500,MDT,-0.12091714366528894,82.95800018310547,85.97549972534179
2025-04-21,78.57136535644531,81.80000305175781,82.88999938964844,81.16000366210938,82.5999984741211,5220000,MDT,-0.9685174783797601,82.73800048828124,85.54899978637695
2025-04-22,80.07939910888672,83.37000274658203,83.62000274658203,82.5,82.80999755859375,5284900,MDT,1.919314958742513,82.56800079345703,85.21100006103515
2025-04-23,80.44440460205078,83.75,85.3499984741211,83.36000061035156,84.16000366210938,6468200,MDT,0.4557961387779308,82.84400024414063,84.96900024414063
2025-04-24,80.97268676757812,84.30000305175781,84.54000091552734,83.26000213623047,84.02999877929688,5959000,MDT,0.6567200618003755,83.16400146484375,84.77250022888184
2025-04-25,80.83821868896484,84.16000366210938,84.66000366210938,83.5,84.41000366210938,5879600,MDT,-0.16607281682122776,83.4760025024414,84.53150024414063
2025-04-28,80.72295379638672,84.04000091552734,84.87999725341797,83.37999725341797,84.5999984741211,4513400,MDT,-0.14258880865051227,83.92400207519532,84.3520004272461
2025-04-29,81.26084899902344,84.5999984741211,85.08000183105469,83.80999755859375,84.0,4495500,MDT,0.6663464451370338,84.17000122070313,84.08900032043456
2025-04-30,81.41453552246094,84.76000213623047,85.0,83.68000030517578,84.9800033569336,7469800,MDT,0.18912962765398333,84.37200164794922,83.90250053405762
2025-05-01,80.26189422607422,83.55999755859375,84.4800033569336,82.94999694824219,84.19999694824219,6015000,MDT,-1.4157675169804929,84.2240005493164,83.63750038146972
2025-05-02,81.5009765625,84.8499984741211,85.06999969482422,83.87999725341797,84.4800033569336,5727500,MDT,1.543802002414818,84.36199951171875,83.48550033569336
2025-05-05,80.15623474121094,83.44999694824219,84.80000305175781,83.2300033569336,84.62999725341797,7168400,MDT,-1.649972364237462,84.24399871826172,83.51400032043458
2025-05-06,79.07084655761719,82.31999969482422,83.45999908447266,82.04000091552734,83.33999633789062,7415800,MDT,-1.3541010122730457,83.78799896240234,83.47250022888184
2025-05-07,79.87769317626953,83.16000366210938,83.56999969482422,81.87000274658203,82.31999969482422,7557000,MDT,1.020412986393593,83.46799926757812,83.5365005493164
2025-05-08,80.31953430175781,83.62000274658203,84.58000183105469,83.16000366210938,83.47000122070312,6252400,MDT,0.5531494278688376,83.48000030517578,83.45350074768066
2025-05-09,80.18505859375,83.4800033569336,84.23999786376953,83.3499984741211,83.5,6588600,MDT,-0.16742332581920483,83.20600128173828,83.50050086975098
2025-05-12,82.42308807373047,85.80999755859375,86.25,84.05999755859375,84.44999694824219,7720300,MDT,2.7910806276538525,83.6780014038086,83.64600067138672
2025-05-13,81.75071716308594,85.11000061035156,85.80000305175781,84.80999755859375,85.48999786376953,5532400,MDT,-0.8157522062207323,84.23600158691406,83.69050064086915
2025-05-14,80.92466735839844,84.25,85.11000061035156,84.08999633789062,84.9000015258789,5684900,MDT,-1.0104577654614255,84.4540008544922,83.78450050354004
2025-05-15,82.71125793457031,86.11000061035156,86.12000274658203,84.69999694824219,84.80000305175781,6567700,MDT,2.2077158579840495,84.95200042724609,83.9550006866455
2025-05-16,83.02822875976562,86.44000244140625,86.44999694824219,85.83999633789062,86.12999725341797,6506800,MDT,0.3832328750616787,85.54400024414062,84.14700088500976
2025-05-19,83.53730773925781,86.97000122070312,87.06999969482422,85.69000244140625,85.79000091552734,7296500,MDT,0.6131406343447665,85.7760009765625,84.40550079345704
2025-05-20,82.96099090576172,86.37000274658203,86.87000274658203,85.38999938964844,85.41999816894531,9253500,MDT,-0.6898913024026343,86.02800140380859,84.55550079345703
2025-05-21,81.0783462524414,84.41000366210938,88.27999877929688,84.20999908447266,86.58999633789062,12936800,MDT,-2.2693053399841623,86.06000213623047,84.5885009765625
2025-05-22,77.71649169921875,80.91000366210938,83.62999725341797,80.87000274658203,83.27999877929688,14683400,MDT,-4.146427968431787,85.02000274658204,84.41900100708008
2025-05-23,77.49555969238281,80.68000030517578,80.81999969482422,79.93000030517578,80.62000274658203,10571900,MDT,-0.28427060502199675,83.86800231933594,84.2450008392334
2025-05-27,77.97583770751953,81.18000030517578,81.5999984741211,80.70999908447266,81.1500015258789,8294300,MDT,0.6197322733127564,82.71000213623047,84.10200080871581
2025-05-28,78.0334701538086,81.23999786376953,82.30000305175781,81.13999938964844,81.5,7515900,MDT,0.07390682233088253,81.68400115966797,83.93400077819824
2025-05-29,79.15729522705078,82.41000366210938,82.41999816894531,81.25,81.27999877929688,8093300,MDT,1.440184427751734,81.28400115966797,83.81650085449219
2025-05-30,79.70479583740234,82.9800033569336,83.2699966430664,81.51000213623047,82.19999694824219,11025900,MDT,0.6916632320043137,81.69800109863282,83.78750114440918
2025-06-02,80.43478393554688,83.73999786376953,83.7699966430664,82.20999908447266,82.4000015258789,7904400,MDT,0.915876688467776,82.31000061035157,83.7320011138916
2025-06-03,82.16375732421875,85.54000091552734,85.62000274658203,83.13999938964844,83.13999938964844,11977600,MDT,2.1495140884599806,83.18200073242187,83.83650131225586
2025-06-04,82.22137451171875,85.5999984741211,86.3499984741211,85.54000091552734,85.54000091552734,9070700,MDT,0.0701397684727656,84.05400085449219,84.0005012512207
2025-06-05,83.56611633300781,87.0,87.20999908447266,85.48999786376953,85.8499984741211,10361500,MDT,1.6355158304145911,84.97200012207031,84.19250106811523
2025-06-06,83.98876190185547,87.44000244140625,87.44999694824219,86.79000091552734,87.29000091552734,7577400,MDT,0.5057499326508674,85.86399993896484,84.38350105285645
2025-06-09,83.99835205078125,87.44999694824219,87.80999755859375,86.37999725341797,87.4000015258789,8624700,MDT,0.011430131011991307,86.60599975585937,84.58200073242188
2025-06-10,84.48822784423828,87.95999908447266,88.5,87.45999908447266,87.72000122070312,6628000,MDT,0.5831928576650602,87.08999938964844,84.68950080871582
2025-06-11,84.58428192138672,88.05999755859375,88.47000122070312,87.76000213623047,87.93000030517578,4643300,MDT,0.11368630645967048,87.58199920654297,84.83700065612793
2025-06-12,84.99730682373047,88.48999786376953,88.52999877929688,87.6500015258789,88.02999877929688,5855300,MDT,0.48830378957218645,87.87999877929687,85.0490005493164
2025-06-13,83.82545471191406,87.2699966430664,88.62999725341797,87.08000183105469,88.20999908447266,6011700,MDT,-1.3786882700362546,87.8459976196289,85.10700035095215
2025-06-16,84.44979858398438,87.91999816894531,88.7699966430664,87.58000183105469,88.20999908447266,8414700,MDT,0.7448167192413369,87.93999786376953,85.18100013732911
2025-06-17,82.76887512207031,86.16999816894531,88.13999938964844,85.95999908447266,88.11000061035156,6939100,MDT,-1.9904459013263764,87.58199768066406,85.14099998474121
2025-06-18,82.34624481201172,85.7300033569336,86.4000015258789,85.41000366210938,86.30999755859375,8514400,MDT,-0.5106125349440771,87.11599884033203,85.10900001525879
2025-06-20,82.93216705322266,86.33999633789062,86.43000030517578,85.7300033569336,86.13999938964844,13089200,MDT,0.7115280031161797,86.68599853515624,85.20549964904785
2025-06-23,82.56717681884766,85.95999908447266,86.33999633789062,84.58000183105469,86.23999786376953,6746800,MDT,-0.440117291563058,86.4239990234375,85.45799942016602
2025-06-24,82.68243408203125,86.08000183105469,86.38999938964844,84.94000244140625,85.81999969482422,11144100,MDT,0.13960301053994595,86.05599975585938,85.72799949645996
2025-06-25,82.57677459716797,85.97000122070312,86.43000030517578,85.44000244140625,85.86000061035156,8461700,MDT,-0.12778881042249113,86.01600036621093,85.96749954223633
2025-06-26,82.77848815917969,86.18000030517578,86.68000030517578,85.5,85.88999938964844,11117300,MDT,0.24427018900876618,86.10599975585937,86.21449966430664
2025-06-27,83.3111572265625,86.0199966430664,86.5199966430664,85.22000122070312,85.5,10134000,MDT,-0.18566217398791052,86.04199981689453,86.39499931335449
2025-06-30,84.42494201660156,87.16999816894531,87.41000366210938,86.18000030517578,86.6500015258789,8205600,MDT,1.3369002217597847,86.28399963378907,86.60449905395508
2025-07-01,85.95519256591797,88.75,88.75,86.70999908447266,86.83000183105469,10089300,MDT,1.812552327915018,86.81799926757813,86.8549991607666
2025-07-02,85.49999237060547,88.27999877929688,89.16999816894531,88.02999877929688,88.81999969482422,8663000,MDT,-0.5295788402288726,87.27999877929688,86.99199905395508
2025-07-03,85.60653686523438,88.38999938964844,88.69999694824219,88.05999755859375,88.37000274658203,2989500,MDT,0.12460422731379595,87.72199859619141,87.13149909973144
2025-07-07,84.9092025756836,87.66999816894531,88.6500015258789,87.31999969482422,88.48999786376953,7218300,MDT,-0.8145731708053883,88.05199890136718,87.16499900817871
2025-07-08,85.79054260253906,88.58000183105469,89.04000091552734,87.30999755859375,87.55999755859375,5403000,MDT,1.0379875454722187,88.33399963378906,87.22199897766113
2025-07-09,86.19731903076172,89.0,89.1500015258789,87.9800033569336,88.83000183105469,4673100,MDT,0.47414558620846314,88.38399963378906,87.29949913024902
2025-07-10,86.58473205566406,89.4000015258789,90.48999786376953,88.5,89.2300033569336,7962900,MDT,0.4494399167178642,88.60800018310547,87.37149925231934
2025-07-11,87.0883560180664,89.91999816894531,91.8499984741211,89.06999969482422,91.7699966430664,12259500,MDT,0.581651716097431,88.91399993896485,87.46449928283691
2025-07-14,86.90433502197266,89.7300033569336,90.23999786376953,88.9800033569336,89.75,8911800,MDT,-0.21129316712701351,89.3260009765625,87.52649955749511
2025-07-15,86.41039276123047,89.22000122070312,90.12000274658203,88.41000366210938,89.69999694824219,8617300,MDT,-0.5683741414805765,89.4540008544922,87.62399978637696
2025-07-16,86.95276641845703,89.77999877929688,89.91999816894531,89.0199966430664,89.58999633789062,5173500,MDT,0.6276592142253845,89.61000061035156,87.71699981689453
2025-07-17,86.71062469482422,89.52999877929688,89.69000244140625,88.3499984741211,89.54000091552734,6951700,MDT,-0.2784584577847582,89.63600006103516,87.8849998474121
2025-07-18,86.78811645507812,89.61000061035156,90.5199966430664,89.30999755859375,89.9800033569336,6413500,MDT,0.08935756969226105,89.57400054931641,88.07899971008301
2025-07-21,86.87528228759766,89.69999694824219,90.45999908447266,89.18000030517578,89.43000030517578,6015900,MDT,0.10043113187996333,89.56799926757813,88.24699974060059
2025-07-22,88.76387023925781,91.6500015258789,91.91999816894531,89.80999755859375,89.97000122070312,7457100,MDT,2.173918220712867,90.05399932861329,88.5314998626709
2025-07-23,89.11253356933594,92.01000213623047,92.7699966430664,90.88999938964844,91.8499984741211,7818800,MDT,0.39279935009046696,90.5,88.82799987792968
2025-07-24,89.41277313232422,92.31999969482422,92.5,91.31999969482422,92.04000091552734,6684900,MDT,0.3369172387745145,91.05800018310546,89.14549980163574
2025-07-25,90.01325225830078,92.94000244140625,93.0999984741211,91.93000030517578,91.97000122070312,5376500,MDT,0.6715801003374544,91.7240005493164,89.48349990844727
2025-07-28,89.07379913330078,91.97000122070312,92.75,91.87000274658203,92.72000122070312,4311500,MDT,-1.0436853832822557,92.1780014038086,89.7810001373291
2025-07-29,89.52899932861328,92.44000244140625,92.70999908447266,91.75,91.81999969482422,4676800,MDT,0.5110375279600676,92.33600158691407,90.04450035095215
2025-07-30,88.75418853759766,91.63999938964844,92.37999725341797,91.22000122070312,92.26000213623047,5424000,MDT,-0.8654295008969748,92.26200103759766,90.18900032043457
2025-07-31,87.39826965332031,90.23999786376953,91.69000244140625,90.1500015258789,91.43000030517578,8310000,MDT,-1.5277188293358335,91.84600067138672,90.2870002746582
2025-08-01,86.52661895751953,89.33999633789062,89.95999908447266,88.69000244140625,89.61000061035156,6658000,MDT,-0.9973421400536697,91.1259994506836,90.33450012207031
2025-08-04,86.81716918945312,89.63999938964844,90.12000274658203,88.25,89.44999694824219,8078800,MDT,0.33579926578817254,90.65999908447266,90.43300018310546
2025-08-05,86.84622192382812,89.66999816894531,90.19999694824219,89.29000091552734,90.13999938964844,5597000,MDT,0.03346584058583346,90.10599822998047,90.4875
2025-08-06,86.54598999023438,89.36000061035156,90.0,88.95999908447266,89.68000030517578,5545000,MDT,-0.34570933971660445,89.64999847412109,90.50550003051758
2025-08-07,88.36678314208984,91.23999786376953,91.7300033569336,89.7300033569336,89.98999786376953,8207000,MDT,2.103846509150742,89.8499984741211,90.59749984741211
2025-08-08,89.95513916015625,92.87999725341797,92.95999908447266,91.19999694824219,91.20999908447266,6636900,MDT,1.797456628722327,90.55799865722656,90.74549980163575
2025-08-11,89.81954956054688,92.73999786376953,93.27999877929688,92.3499984741211,92.8499984741211,6782900,MDT,-0.1507314747937083,91.17799835205078,90.89599952697753
2025-08-12,89.18033599853516,92.08000183105469,93.12000274658203,91.44999694824219,92.83999633789062,5445200,MDT,-0.7116627646297169,91.65999908447266,91.03899955749512
2025-08-13,89.98419952392578,92.91000366210938,93.16000366210938,91.66000366210938,92.0,6596900,MDT,0.9013920661921304,92.36999969482422,91.19549980163575
2025-08-14,89.08348846435547,91.9800033569336,92.91000366210938,91.72000122070312,92.8499984741211,6873500,MDT,-1.0009689683771472,92.51800079345703,91.31800003051758
2025-08-15,90.0907211303711,93.0199966430664,93.18000030517578,92.0199966430664,92.5199966430664,6641200,MDT,1.1306732422014187,92.54600067138672,91.48849983215332
2025-08-18,89.88734436035156,92.80999755859375,93.31999969482422,92.51000213623047,92.7699966430664,11581800,MDT,-0.22575692544739567,92.56000061035157,91.6439998626709
2025-08-19,87.06897735595703,89.9000015258789,90.1500015258789,87.5,87.83999633789062,19583900,MDT,-3.13543379944351,92.1240005493164,91.5564998626709
2025-08-20,90.284423828125,93.22000122070312,94.44000244140625,90.29000091552734,90.36000061035156,13227300,MDT,3.6929918114278593,92.18600006103516,91.61699981689453
2025-08-21,88.23118591308594,91.0999984741211,93.79000091552734,91.02999877929688,93.31999969482422,6808600,MDT,-2.27419300452788,92.00999908447265,91.55599975585938
2025-08-22,89.79048919677734,92.70999908447266,92.95999908447266,91.68000030517578,91.68000030517578,4876000,MDT,1.7672893933241118,91.9479995727539,91.5444995880127
2025-08-25,89.14158630371094,92.04000091552734,93.05000305175781,91.91999816894531,92.73999786376953,5106500,MDT,-0.7226816692499805,91.79400024414062,91.54799957275391
2025-08-26,89.27717590332031,92.18000030517578,92.5,91.86000061035156,92.43000030517578,6251600,MDT,0.1521071145761166,92.25,91.53499946594238
2025-08-27,89.15127563476562,92.05000305175781,92.18000030517578,91.33000183105469,92.04000091552734,4223300,MDT,-0.14102544259881888,92.01600036621093,91.55549964904785
2025-08-28,89.06410217285156,91.95999908447266,92.0999984741211,91.33000183105469,92.0999984741211,5626500,MDT,-0.09777725616646471,92.18800048828125,91.64149971008301
2025-08-29,89.88734436035156,92.80999755859375,92.81999969482422,91.95999908447266,92.05000305175781,5174500,MDT,0.9243132694469747,92.20800018310547,91.81499977111817
2025-09-02,90.39096069335938,93.33000183105469,93.83000183105469,92.41000366210938,92.54000091552734,7150300,MDT,0.5602890702940178,92.46600036621093,91.99949989318847
2025-09-03,89.344970703125,92.25,93.55999755859375,91.41999816894531,93.1500015258789,5365400,MDT,-1.1571861243608428,92.48000030517578,92.12849998474121
2025-09-04,89.92608642578125,92.8499984741211,94.3499984741211,91.79000091552734,92.26000213623047,6641400,MDT,0.6504048499957671,92.63999938964844,92.3029998779297
2025-09-05,89.9745101928711,92.9000015258789,93.94000244140625,92.5199966430664,93.13999938964844,4856900,MDT,0.053853583822882634,92.82799987792968,92.38600006103516
2025-09-08,90.06167602539062,92.98999786376953,93.0,91.38999938964844,92.16000366210938,5024100,MDT,0.09687442025019255,92.86399993896484,92.39150009155273
2025-09-09,91.10765838623047,94.06999969482422,94.30999755859375,92.7300033569336,92.83999633789062,7038300,MDT,1.1614172017047286,93.01199951171876,92.45800018310547
2025-09-10,89.41277313232422,92.31999969482422,94.30000305175781,91.58999633789062,94.25,5625500,MDT,-1.8603167914077123,93.0259994506836,92.47000007629394
2025-09-11,91.28199768066406,94.25,94.2699966430664,92.25,92.30999755859375,6957800,MDT,2.090554930194588,93.30599975585938,92.53699989318848
2025-09-12,91.06892395019531,94.02999877929688,95.29000091552734,93.51000213623047,93.95999908447266,7334200,MDT,-0.2334230458388542,93.53199920654296,92.63949966430664
2025-09-15,90.48782348632812,93.43000030517578,94.93000030517578,93.22000122070312,94.5999984741211,5716300,MDT,-0.6380926107734886,93.61999969482422,92.65999984741211
2025-09-16,91.22388458251953,94.19000244140625,95.54000091552734,93.2699966430664,93.2699966430664,7722300,MDT,0.8134455033158794,93.64400024414063,92.72900009155273
2025-09-17,91.60160827636719,94.58000183105469,95.12000274658203,93.80999755859375,94.41999816894531,8145800,MDT,0.4140560351838296,94.09600067138672,92.96300010681152
2025-09-18,92.57979583740234,95.58999633789062,95.63999938964844,93.81999969482422,94.48999786376953,9364500,MDT,1.067873215566295,94.36399993896484,93.0814998626709
2025-09-19,92.08585357666016,95.08000183105469,95.91000366210938,94.08000183105469,95.91000366210938,15677000,MDT,-0.533522885630433,94.57400054931641,93.28050003051757
2025-09-22,91.64034271240234,94.62000274658203,95.5,94.30000305175781,95.38999938964844,7581600,MDT,-0.4838021409486526,94.81200103759765,93.37600021362304
2025-09-23,91.96963500976562,94.95999908447266,95.66000366210938,94.16999816894531,94.5199966430664,7101000,MDT,0.3593281843388141,94.96600036621093,93.52200012207031
2025-09-24,92.72506713867188,95.73999786376953,95.98999786376953,94.80000305175781,94.8499984741211,11265300,MDT,0.8213972059993635,95.1979995727539,93.7
2025-09-25,91.3304214477539,94.30000305175781,95.62999725341797,92.72000122070312,95.2699966430664,7560800,MDT,-1.5040681472133666,94.94000091552735,93.8125
2025-09-26,91.94520568847656,94.22000122070312,94.7300033569336,93.4800033569336,93.8499984741211,5042800,MDT,-0.08483756995296687,94.76800079345703,93.92550010681153
2025-09-29,91.70124053955078,93.97000122070312,94.33000183105469,93.29000091552734,94.20999908447266,5452000,MDT,-0.26533644317664473,94.63800048828125,93.98350028991699
2025-09-30,92.94058227539062,95.23999786376953,95.38999938964844,93.80999755859375,93.9000015258789,7119000,MDT,1.3514915681267503,94.69400024414062,94.07900009155273
2025-10-01,92.52096557617188,94.80999755859375,95.7300033569336,91.87000274658203,95.1500015258789,10343500,MDT,-0.45149130073569577,94.50800018310547,94.20699996948242
2025-10-02,93.17478942871094,95.4800033569336,95.73999786376953,93.9800033569336,94.41000366210938,6212500,MDT,0.7066826448611341,94.74400024414062,94.33850021362305
2025-10-03,95.3411865234375,97.69999694824219,97.94000244140625,95.37999725341797,95.66999816894531,8573200,MDT,2.3250874667542387,95.43999938964843,94.57849998474121
2025-10-06,96.05355834960938,98.43000030517578,98.66000366210938,97.62999725341797,97.63999938964844,8134500,MDT,0.7471887203029492,96.33199920654297,94.85050010681152
2025-10-07,95.95597839355469,98.33000183105469,99.37000274658203,97.9000015258789,98.33000183105469,5894000,MDT,-0.10159349162963682,96.95,95.06350021362304
2025-10-08,95.50708770751953,97.87000274658203,98.68000030517578,96.7699966430664,98.56999969482422,7470100,MDT,-0.46781152843158313,97.56200103759765,95.34100036621093
2025-10-09,94.170166015625,96.5,98.23999786376953,95.95999908447266,98.19000244140625,6207200,MDT,-1.3998188496320174,97.76600036621093,95.45350036621093
2025-10-10,93.1455078125,95.44999694824219,97.05000305175781,95.30000305175781,96.68000030517578,6829800,MDT,-1.0880860639977286,97.31600036621094,95.52450027465821
2025-10-13,93.27237701416016,95.58000183105469,96.41000366210938,95.05999755859375,95.69999694824219,4619500,MDT,0.13620208168576564,96.74600067138672,95.63200035095215
2025-10-14,94.20919799804688,96.54000091552734,96.5999984741211,95.26000213623047,95.26000213623047,4862700,MDT,1.004393247626778,96.38800048828125,95.7495002746582
2025-10-15,93.03816223144531,95.33999633789062,96.86000061035156,94.05999755859375,96.06999969482422,7246800,MDT,-1.2430128094640502,95.88199920654297,95.7875
2025-10-16,92.74541473388672,95.04000091552734,95.97000122070312,94.69999694824219,95.19999694824219,4802600,MDT,-0.3146585209633068,95.58999938964844,95.76000022888184
2025-10-17,93.46754455566406,95.77999877929688,95.80999755859375,94.9000015258789,95.27999877929688,6136000,MDT,0.7786172734018049,95.65599975585937,95.79500007629395
2025-10-20,93.60416412353516,95.91999816894531,96.5999984741211,94.93000030517578,96.08999633789062,5137800,MDT,0.14616766697923556,95.7239990234375,95.85999984741211
2025-10-21,93.51634216308594,95.83000183105469,96.16000366210938,95.23999786376953,95.62000274658203,4405000,MDT,-0.09382437407068345,95.58199920654297,95.90349998474122
2025-10-22,93.58465576171875,95.9000015258789,97.23999786376953,95.55000305175781,96.58999633789062,6651700,MDT,0.07304569914088344,95.69400024414062,95.91150016784668
2025-10-23,91.9354476928711,94.20999908447266,96.23999786376953,91.87000274658203,96.1500015258789,9122200,MDT,-1.7622548639378288,95.52799987792969,95.90699996948243
2025-10-24,91.40847778320312,93.66999816894531,94.95999908447266,93.29000091552734,94.41999816894531,4309300,MDT,-0.5731885370714784,95.10599975585937,95.87949981689454
2025-10-27,91.85737609863281,94.12999725341797,94.23999786376953,93.11000061035156,93.73999786376953,5562600,MDT,0.49108475868975265,94.74799957275391,95.88749961853027
2025-10-28,90.97911071777344,93.2300033569336,94.5999984741211,93.20999908447266,93.80999755859375,4279800,MDT,-0.9561180524221169,94.22799987792969,95.78699989318848
2025-10-29,89.51531982421875,91.7300033569336,92.80999755859375,91.37999725341797,92.77999877929688,6963600,MDT,-1.6089241081084227,93.39400024414063,95.63300018310547
2025-10-30,88.773681640625,90.97000122070312,91.94999694824219,90.70999908447266,91.7699966430664,5617400,MDT,-0.8285207766462133,92.74600067138672,95.40750007629394
2025-10-31,88.51019287109375,90.69999694824219,91.31999969482422,90.08999633789062,90.5999984741211,5959700,MDT,-0.2968058358116088,92.1520004272461,95.05750007629395
2025-11-03,88.02225494384766,90.19999694824219,90.6500015258789,89.04000091552734,90.6500015258789,7307700,MDT,-0.5512679347556393,91.36600036621094,94.64599990844727
2025-11-04,88.23694610595703,90.41999816894531,90.47000122070312,89.66000366210938,90.18000030517578,4729200,MDT,0.24390380060586025,90.80399932861329,94.2504997253418
2025-11-05,88.21743774414062,90.4000015258789,90.48999786376953,89.36000061035156,89.80000305175781,5675100,MDT,-0.022115288068291772,90.53799896240234,93.87699966430664
2025-11-06,87.88563537597656,90.05999755859375,90.81999969482422,89.62000274658203,90.08999633789062,5462000,MDT,-0.37611057693159866,90.35599822998047,93.55499954223633
2025-11-07,89.9739761352539,92.19999694824219,92.23999786376953,90.19999694824219,90.69999694824219,7520500,MDT,2.376193035377483,90.65599822998047,93.39249954223632
2025-11-10,90.4228744506836,92.66000366210938,92.79000091552734,91.5199966430664,91.94999694824219,5375000,MDT,0.498922699667137,91.1479995727539,93.24649963378906
2025-11-11,93.09671783447266,95.4000015258789,95.4000015258789,92.80000305175781,92.97000122070312,8555500,MDT,2.9570448472688415,92.14400024414063,93.18949966430664
2025-11-12,93.49681854248047,95.80999755859375,96.29000091552734,94.81999969482422,95.0,6322000,MDT,0.42976522657982574,93.22599945068359,93.2129997253418
2025-11-13,93.81884765625,96.13999938964844,96.70999908447266,94.63999938964844,95.0,5284400,MDT,0.34443360762312913,94.44199981689454,93.26799964904785
2025-11-14,93.55538177490234,95.87000274658203,96.56999969482422,95.13999938964844,95.80999755859375,6324500,MDT,-0.2808369510926778,95.1760009765625,93.2724998474121
2025-11-17,93.95547485351562,96.27999877929688,97.25,95.80000305175781,95.81999969482422,11087600,MDT,0.42765830913618075,95.9,93.29049987792969
2025-11-18,98.36634826660156,100.80000305175781,102.4800033569336,99.41000366210938,99.97000122070312,21965400,MDT,4.694645128550712,96.98000030517578,93.53899993896485
2025-11-19,97.91744995117188,100.33999633789062,102.58999633789062,99.97000122070312,100.98999786376953,12429800,MDT,-0.4563558531153866,97.88600006103516,93.76099967956543
2025-11-20,96.95135498046875,99.3499984741211,101.19000244140625,99.08000183105469,100.37000274658203,6726200,MDT,-0.9866433126385132,98.52799987792969,94.01799964904785
2025-11-21,98.75668334960938,101.19999694824219,102.02999877929688,99.26000213623047,99.6500015258789,11381000,MDT,1.8621021666175297,99.59399871826172,94.39449958801269
2025-11-24,100.7083969116211,103.19999694824219,103.69999694824219,100.97000122070312,101.52999877929688,13926400,MDT,1.9762846445765092,100.97799835205078,94.8479995727539
2025-11-25,102.8064956665039,105.3499984741211,105.5999984741211,103.80000305175781,103.80000305175781,9482900,MDT,2.0833348735050716,101.88799743652343,95.45399932861328
2025-11-26,102.48445892333984,105.0199966430664,106.33000183105469,104.69999694824219,105.05999755859375,5249600,MDT,-0.3132433183050787,102.8239974975586,96.11849899291992
2025-11-28,102.78697967529297,105.33000183105469,105.33000183105469,104.62000274658203,105.04000091552734,2618200,MDT,0.29518681955580384,104.0199981689453,96.8364990234375
2025-12-01,100.84501647949219,103.33999633789062,105.7300033569336,103.30999755859375,105.0,6666300,MDT,-1.8893054766636719,104.447998046875,97.46849899291992
2025-12-02,99.566650390625,102.02999877929688,103.47000122070312,101.70999908447266,103.41999816894531,5797400,MDT,-1.267657833381819,104.21399841308593,98.05999908447265
2025-12-03,99.50810241699219,101.97000122070312,102.91000366210938,101.58000183105469,102.54000091552734,4167800,MDT,-0.05880384133252203,103.53799896240234,98.63749923706055
2025-12-04,99.5276107788086,101.98999786376953,102.75,101.73999786376953,102.04000091552734,4480500,MDT,0.01961031953223724,102.93199920654297,99.21699905395508
2025-12-05,98.91282653808594,101.36000061035156,102.45999908447266,101.30999755859375,102.11000061035156,5158000,MDT,-0.6177049383405908,102.13799896240235,99.78199920654296
2025-12-08,98.81523895263672,101.26000213623047,102.48999786376953,101.05000305175781,101.80999755859375,5528800,MDT,-0.09865674183004991,101.72200012207031,100.23499946594238
2025-12-09,97.21483612060547,99.62000274658203,102.0,99.58000183105469,101.43000030517578,4666100,MDT,-1.6195924896802327,101.24000091552735,100.58299942016602
2025-12-10,98.33706665039062,100.7699966430664,101.06999969482422,99.48999786376953,99.5,6158600,MDT,1.1543805107190996,101.0,100.85149917602538
2025-12-11,97.3416976928711,99.75,101.38999938964844,99.62000274658203,101.38999938964844,8338900,MDT,-1.012202716131172,100.5520004272461,101.0484992980957
2025-12-12,97.45880889892578,99.87000274658203,100.11000061035156,99.0,99.8499984741211,6546500,MDT,0.12030350534539824,100.25400085449219,101.23499946594238
2025-12-15,96.19017791748047,98.56999969482422,100.66999816894531,98.3499984741211,99.9000015258789,9569100,MDT,-1.30169521979141,99.71600036621093,101.3699993133545
2025-12-16,95.36071014404297,97.72000122070312,98.62000274658203,97.16999816894531,98.55000305175781,5639000,MDT,-0.8623297927896068,99.33600006103515,101.4419994354248
2025-12-17,95.92670440673828,98.30000305175781,98.58999633789062,97.76000213623047,97.80999755859375,5574300,MDT,0.593534408319063,98.84200134277344,101.3169994354248
2025-12-18,96.10236358642578,98.4800033569336,99.26000213623047,98.08999633789062,98.69000244140625,6306000,MDT,0.1831132244024536,98.58800201416015,101.22399978637695
2025-12-19,96.24873352050781,98.62999725341797,99.23999786376953,98.22000122070312,98.54000091552734,12760100,MDT,0.1523089879889028,98.34000091552734,101.1879997253418
2025-12-22,95.35094451904297,97.70999908447266,98.4800033569336,96.88999938964844,98.4000015258789,6546800,MDT,-0.9327772427910386,98.16800079345703,101.01349983215331
2025-12-23,95.11674499511719,97.47000122070312,97.88999938964844,97.2699966430664,97.51000213623047,3579700,MDT,-0.2456226241103976,98.11800079345703,100.72700004577636
2025-12-24,94.92156982421875,97.2699966430664,97.5999984741211,97.0,97.41000366210938,1979000,MDT,-0.20519603481264914,97.91199951171875,100.32299995422363
2025-12-26,94.88224792480469,96.5199966430664,96.75,96.01000213623047,96.70999908447266,4340500,MDT,-0.7710496822079027,97.5199981689453,99.89799995422364
2025-12-29,94.51852416992188,96.1500015258789,96.91000366210938,95.95999908447266,96.73999786376953,4790600,MDT,-0.38333519483610967,97.0239990234375,99.43899993896484
2025-12-30,95.0198745727539,96.66000366210938,96.87999725341797,96.08000183105469,96.31999969482422,3741200,MDT,0.5304234301995336,96.81399993896484,99.10500030517578
2025-12-31,94.4300537109375,96.05999755859375,96.98999786376953,95.94000244140625,96.55000305175781,4731500,MDT,-0.6207387552074173,96.53199920654296,98.80650024414062
2026-01-02,94.42021942138672,96.05000305175781,96.44000244140625,95.29000091552734,96.04000091552734,6221800,MDT,-0.010404442109046563,96.28800048828126,98.51050033569337
2026-01-05,95.70799255371094,97.36000061035156,97.55999755859375,95.16999816894531,95.62999725341797,6597700,MDT,1.3638703976800892,96.45600128173828,98.27900047302246
2026-01-06,98.60794067382812,100.30999755859375,100.54000091552734,97.70999908447266,98.05999755859375,7107600,MDT,3.0299886295692247,97.28800048828126,98.22650032043457
2026-01-07,98.07709503173828,99.7699966430664,101.31999969482422,99.37000274658203,100.68000030517578,7117900,MDT,-0.5383320991628082,97.90999908447266,98.15200004577636
2026-01-08,97.01542663574219,98.69000244140625,100.4000015258789,98.66999816894531,99.62000274658203,5385900,MDT,-1.0824839510859219,98.43600006103516,98.10550003051758
2026-01-09,95.87510681152344,97.52999877929688,99.19999694824219,97.0999984741211,98.94999694824219,5982800,MDT,-1.1754013916435824,98.73199920654297,97.9435001373291
2026-01-12,95.3049545288086,96.94999694824219,98.0,95.87000274658203,97.87000274658203,7837000,MDT,-0.594690698568745,98.64999847412109,97.80349998474121
2026-01-13,94.78394317626953,96.41999816894531,97.31999969482422,95.93000030517578,97.31999969482422,5823400,MDT,-0.5466723011655406,97.8719985961914,97.63099975585938
2026-01-14,97.0645751953125,98.73999786376953,98.7699966430664,95.83000183105469,96.33000183105469,9909300,MDT,2.4061395342065417,97.66599884033204,97.63949966430664
2026-01-15,97.3201675415039,99.0,99.45999908447266,97.63999938964844,98.37999725341797,6703700,MDT,0.26331997352195824,97.72799835205078,97.70349960327148
2026-01-16,95.11817169189453,96.76000213623047,98.94999694824219,96.66999816894531,98.68000030517578,9035600,MDT,-2.262624104817712,97.5739990234375,97.62649955749512
2026-01-20,96.92695617675781,98.5999984741211,98.66999816894531,95.69000244140625,96.26000213623047,10113200,MDT,1.9016084097435826,97.90399932861328,97.63249931335449
2026-01-21,98.5882797241211,100.29000091552734,101.02999877929688,98.73999786376953,99.29000091552734,11294700,MDT,1.7139984458010016,98.6779998779297,97.71549949645996
2026-01-22,99.62045288085938,101.33999633789062,102.08000183105469,100.12000274658203,100.41999816894531,9978700,MDT,1.0469592310081488,99.1979995727539,97.89699935913086
2026-01-23,99.16825866699219,100.87999725341797,101.72000122070312,100.2300033569336,101.01000213623047,8482200,MDT,-0.4539166184089005,99.5739990234375,98.0674991607666
2026-01-26,98.96183013916016,100.66999816894531,102.0999984741211,100.58000183105469,100.94999694824219,8402000,MDT,-0.20816721866587784,100.35599822998047,98.23749923706055
2026-01-27,98.98149108886719,100.69000244140625,102.02999877929688,99.68000030517578,100.2300033569336,7131900,MDT,0.019871136212157303,100.7739990234375,98.44599952697754
2026-01-28,99.07979583740234,100.79000091552734,101.25,100.26000213623047,100.45999908447266,6643000,MDT,0.09931321054370557,100.8739990234375,98.67799949645996
2026-01-29,99.2862319946289,101.0,101.58999633789062,99.69000244140625,101.13999938964844,10126000,MDT,0.20835309312940975,100.80599975585938,98.89499931335449
2026-01-30,101.21297454833984,102.95999908447266,103.0199966430664,101.27999877929688,101.66000366210938,8579900,MDT,1.9405931529432152,101.22200012207031,99.23999938964843
2026-02-02,100.96721649169922,102.70999908447266,103.31999969482422,102.11000061035156,102.8499984741211,7284100,MDT,-0.24281274497185423,101.63000030517578,99.57299919128418
2026-02-03,101.42924499511719,103.18000030517578,105.02999877929688,102.55999755859375,102.70999908447266,10725500,MDT,0.4576002579034011,102.12799987792968,99.86399917602539
2026-02-04,100.11196899414062,101.83999633789062,105.5,101.19000244140625,103.31999969482422,12572000,MDT,-1.2987051398738347,102.33799896240234,99.94049911499023
2026-02-05,101.20314025878906,102.94999694824219,104.5,101.91999816894531,101.91999816894531,9835000,MDT,1.0899456503010274,102.72799835205078,100.09949913024903
2026-02-06,101.15399169921875,102.9000015258789,103.75,101.88999938964844,102.98999786376953,6617800,MDT,-0.04856282063652184,102.71599884033203,100.30999908447265
2026-02-09,99.92520141601562,101.6500015258789,103.62999725341797,101.43000030517578,103.58999633789062,8888500,MDT,-1.2147716049213386,102.50399932861328,100.51599922180176
2026-02-10,99.69910430908203,101.41999816894531,103.11000061035156,100.87999725341797,101.5999984741211,9032200,MDT,-0.2262699001288615,102.1519989013672,100.73949928283692
2026-02-11,99.36487579345703,101.08000183105469,101.22000122070312,98.62000274658203,101.22000122070312,10406000,MDT,-0.33523599292938355,102.0,100.97249946594238
2026-02-12,99.16825866699219,100.87999725341797,102.05000305175781,100.55999755859375,101.12999725341797,9379100,MDT,-0.1978676038916216,101.58600006103515,101.07949943542481
2026-02-13,97.80184936523438,99.48999786376953,102.51000213623047,99.12000274658203,100.91999816894531,10354800,MDT,-1.3778741351039625,100.90399932861328,101.10399932861328
2026-02-17,94.77411651611328,96.41000366210938,98.12000274658203,95.5,95.87999725341797,17374800,MDT,-3.0957827598685372,99.85599975585937,101.08649940490723
2026-02-18,96.81881713867188,98.48999786376953,98.55000305175781,95.94999694824219,96.0,10367800,MDT,2.1574464502148283,99.26999969482422,101.08099937438965
2026-02-19,95.92426300048828,97.58000183105469,98.72000122070312,96.87999725341797,98.36000061035156,9888200,MDT,-0.9239476621509701,98.56999969482422,100.94549942016602
2026-02-20,95.21647644042969,96.86000061035156,97.87000274658203,96.47000122070312,97.18000030517578,7188500,MDT,-0.7378573551881096,97.76600036621093,100.72149963378907
2026-02-23,96.93678283691406,98.61000061035156,98.9800033569336,96.54000091552734,96.6500015258789,5959900,MDT,1.8067313534716023,97.59000091552734,100.60799980163574
2026-02-24,95.10834503173828,96.75,98.7300033569336,96.56999969482422,98.54000091552734,7614100,MDT,-1.8862190435442572,97.65800018310547,100.41199989318848
2026-02-25,95.01004028320312,96.6500015258789,97.38999938964844,95.9000015258789,96.31999969482422,6830600,MDT,-0.10335759599079397,97.29000091552734,100.2099998474121
2026-02-26,95.38359069824219,97.02999877929688,97.5999984741211,95.98999786376953,97.0999984741211,7910700,MDT,0.393168388431131,97.18000030517578,100.02199974060059
2026-02-27,96.0029067993164,97.66000366210938,98.05999755859375,96.30000305175781,96.69000244140625,8290500,MDT,0.6492887671219139,97.34000091552734,99.85499992370606
2026-03-02,96.43544006347656,98.0999984741211,98.7699966430664,96.70999908447266,97.11000061035156,6393800,MDT,0.45053736996985005,97.23800048828124,99.61199989318848
2026-03-03,95.06902313232422,96.70999908447266,97.7300033569336,95.98999786376953,97.2699966430664,6727700,MDT,-1.4169209085310275,97.23000030517578,99.31199989318847
2026-03-04,93.97785949707031,95.5999984741211,96.9000015258789,95.41999816894531,96.68000030517578,7235800,MDT,-1.147761990341889,97.01999969482422,98.93299980163575
2026-03-05,91.43180084228516,93.01000213623047,94.9000015258789,92.31999969482422,94.75,8367800,MDT,-2.709201233503933,96.21600036621093,98.49150009155274
2026-03-06,89.35760498046875,90.9000015258789,92.66999816894531,90.16999816894531,92.48999786376953,10786900,MDT,-2.2685738758086216,94.86399993896484,97.88900032043458
2026-03-09,89.7901382446289,91.33999633789062,91.54000091552734,89.01000213623047,90.0,11112400,MDT,0.4840426893573335,93.51199951171876,97.31100006103516
2026-03-10,88.36474609375,89.88999938964844,91.41000366210938,89.1500015258789,91.20999908447266,8834400,MDT,-1.5874720893115257,92.1479995727539,96.72299995422364
2026-03-11,87.46035766601562,88.97000122070312,90.3499984741211,87.98999786376953,90.0,7971900,MDT,-1.0234711037847233,90.8220001220703,96.10050010681152
2026-03-12,85.89733123779297,87.37999725341797,90.16999816894531,87.30999755859375,89.37999725341797,11033900,MDT,-1.7871236882878283,89.69599914550781,95.41549987792969
2026-03-13,85.66140747070312,87.13999938964844,88.55999755859375,86.72000122070312,87.66000366210938,7923400,MDT,-0.27465995801475573,88.94399871826172,94.7284999847412
2026-03-16,86.74273681640625,88.23999786376953,88.75,87.25,87.41000366210938,8109900,MDT,1.2623347278239327,88.3239990234375,94.1659999847412
2026-03-17,86.9393539428711,88.44000244140625,89.37000274658203,88.16000366210938,88.45999908447266,6283000,MDT,0.22665977162137363,88.03399963378907,93.76749992370605
2026-03-18,85.73021697998047,87.20999908447266,88.7300033569336,87.05999755859375,88.05000305175781,7081800,MDT,-1.3907771630247368,87.68199920654297,93.20349998474121
2026-03-19,85.39599609375,86.87000274658203,87.72000122070312,86.51000213623047,87.25,5755300,MDT,-0.3898593526658556,87.58000030517579,92.66800003051758
2026-03-20,84.69804382324219,86.16000366210938,87.27999877929688,85.77999877929688,86.83000183105469,11113900,MDT,-0.8173121469143618,87.38400115966797,92.13300018310547
2026-03-23,85.6908950805664,87.16999816894531,87.68000030517578,86.36000061035156,87.23999786376953,6903300,MDT,1.1722312719447014,87.17000122070313,91.56100006103516
2026-03-24,85.11091613769531,86.58000183105469,87.30000305175781,86.16000366210938,86.48999786376953,6696400,MDT,-0.6768341749269546,86.79800109863281,91.0525001525879
2026-03-25,86.398681640625,87.88999938964844,88.06999969482422,86.33999633789062,86.9000015258789,9380100,MDT,1.513048661225458,86.93400115966797,90.61450004577637
2026-03-26,86.18241119384766,87.66999816894531,89.18000030517578,87.30000305175781,87.30000305175781,10770100,MDT,-0.25031428175096293,87.09400024414063,90.1465000152588
2026-03-27,86.36080169677734,87.13999938964844,87.52999877929688,86.3499984741211,87.31999969482422,10312100,MDT,-0.6045383715824193,87.28999938964844,89.62049980163575
2026-03-30,84.97332000732422,85.73999786376953,87.52999877929688,85.6500015258789,87.44999694824219,8716200,MDT,-1.606611815107739,87.00399932861328,89.00249977111817
2026-03-31,85.87518310546875,86.6500015258789,86.77999877929688,84.91999816894531,86.72000122070312,7342200,MDT,1.0613525598114126,87.01799926757812,88.49949989318847
2026-04-01,85.29045867919922,86.05999755859375,86.95999908447266,85.4000015258789,86.58000183105469,7408400,MDT,-0.6809047396369006,86.6519989013672,88.0224998474121
2026-04-02,85.85536193847656,86.62999725341797,86.97000122070312,85.20999908447266,85.86000061035156,4687400,MDT,0.6623282721291535,86.44399871826172,87.70349960327148
2026-04-06,85.50849151611328,86.27999877929688,87.30000305175781,86.06999969482422,86.43000030517578,4532300,MDT,-0.40401533558548364,86.27199859619141,87.47249946594238
2026-04-07,85.6472396850586,86.41999816894531,86.97000122070312,85.30999755859375,85.98999786376953,6995400,MDT,0.16226169637132415,86.40799865722656,87.22649955749512
2026-04-08,87.8572998046875,88.6500015258789,88.83999633789062,86.91000366210938,87.87000274658203,12720600,MDT,2.58042513791088,86.80799865722656,87.16449966430665
2026-04-09,87.1239242553711,87.91000366210938,88.55000305175781,87.30000305175781,87.91000366210938,7896600,MDT,-0.8347409487111102,87.1779998779297,87.11149978637695
2026-04-10,86.43017578125,87.20999908447266,88.3499984741211,87.06999969482422,88.3499984741211,8279800,MDT,-0.7962740854013051,87.29400024414062,87.10299987792969
2026-04-13,87.2131118774414,88.0,88.16000366210938,86.41000366210938,87.0,8276900,MDT,0.9058604790972868,87.63800048828125,87.14599990844727
2026-04-14,87.33204650878906,88.12000274658203,88.66999816894531,87.43000030517578,88.0,5640200,MDT,0.13636675747958904,87.97800140380859,87.14000015258789
2026-04-15,86.32115936279297,87.0999984741211,87.91000366210938,86.44999694824219,87.86000061035156,8543000,MDT,-1.1575172953572133,87.66800079345703,87.07299995422363
2026-04-16,84.8841323852539,85.6500015258789,87.58000183105469,85.51000213623047,86.81999969482422,8816900,MDT,-1.664749682714406,87.21600036621093,86.99500007629395
2026-04-17,85.41930389404297,86.19000244140625,87.05000305175781,85.55000305175781,85.72000122070312,10460700,MDT,0.6304739123258241,87.01200103759766,86.96100006103515
2026-04-20,84.23993682861328,85.0,87.05000305175781,84.98999786376953,85.98999786376953,8500600,MDT,-1.3806734049175096,86.41200103759766,86.90299987792969
2026-04-21,81.26676177978516,82.0,85.3499984741211,81.95999908447266,85.25,10786400,MDT,-3.529411764705881,85.18800048828125,86.64449996948242
2026-04-22,82.47586059570312,83.22000122070312,84.2699966430664,82.66000366210938,82.9000015258789,10668800,MDT,1.4878063667111308,84.41200103759766,86.47649993896485
2026-04-23,83.04076385498047,83.79000091552734,84.25,82.87000274658203,83.8499984741211,7864600,MDT,0.6849311300928251,84.04000091552734,86.2715000152588
2026-04-24,82.57495880126953,83.31999969482422,83.7699966430664,82.77999877929688,83.51000213623047,6570000,MDT,-0.560927575567105,83.46600036621093,86.05400009155274
2026-04-27,82.17853546142578,82.91999816894531,84.05000305175781,82.86000061035156,83.12000274658203,6635000,MDT,-0.4800786453960537,83.05,85.84300003051757
2026-04-28,81.16766357421875,81.9000015258789,84.0,81.25,83.7300033569336,9889200,MDT,-1.2300972812230637,83.03000030517578,85.65100021362305
2026-04-29,78.66028594970703,79.37000274658203,81.44999694824219,78.91000366210938,81.44000244140625,10814100,MDT,-3.089131541099477,82.26000061035157,85.2870002746582
2026-04-30,80.24597930908203,80.97000122070312,81.11000061035156,78.9800033569336,79.5,15781700,MDT,2.015873023501946,81.69600067138671,85.03250045776367
2026-05-01,79.28465270996094,80.0,81.16999816894531,79.97000122070312,80.94999694824219,8268200,MDT,-1.1979760480170354,81.03200073242188,84.70100059509278
2026-05-04,77.599853515625,78.30000305175781,79.58999633789062,78.29000091552734,79.47000122070312,11134100,MDT,-2.12499618530273,80.10800170898438,84.30200080871582
2026-05-05,77.09441375732422,77.79000091552734,78.55000305175781,77.38999938964844,78.5,9327200,MDT,-0.6513436990460253,79.28600158691407,83.87050094604493
2026-05-06,76.9061050415039,77.5999984741211,78.45999908447266,77.16000366210938,78.18000030517578,11477400,MDT,-0.24425046814509077,78.93200073242187,83.31800079345703
2026-05-07,77.26288604736328,77.95999908447266,79.12000274658203,77.63999938964844,77.98999786376953,10008300,MDT,0.4639183214309117,78.33000030517579,82.8205005645752
2026-05-08,75.46907806396484,76.1500015258789,78.33999633789062,75.91000366210938,78.33999633789062,10199500,MDT,-2.321700333311383,77.56000061035157,82.2675006866455
2026-05-11,73.87347412109375,74.54000091552734,76.5,74.4000015258789,76.25,10495700,MDT,-2.114248953500575,76.80800018310546,81.59450073242188
2026-05-12,76.13308715820312,76.81999969482422,77.12999725341797,74.5999984741211,74.97000122070312,10255200,MDT,3.0587587218850354,76.61399993896484,81.02950057983398
2026-05-13,75.52853393554688,76.20999908447266,76.4800033569336,75.4000015258789,75.93000030517578,10975200,MDT,-0.7940648434975994,76.33600006103515,80.48500061035156
2026-05-14,76.28174591064453,76.97000122070312,77.0999984741211,75.94000244140625,76.36000061035156,7444000,MDT,0.9972472711724745,76.13800048828125,80.05100059509277
2026-05-15,75.46907806396484,76.1500015258789,77.37999725341797,75.8499984741211,77.0,9127300,MDT,-1.065349723034248,76.13800048828125,79.5490005493164
2026-05-18,76.62861633300781,77.31999969482422,77.55000305175781,76.02999877929688,76.30000305175781,10973300,MDT,1.5364387990822292,76.69400024414062,79.16500053405761
2026-05-19,77.87734985351562,78.58000183105469,78.98999786376953,76.73999786376953,77.3499984741211,11931700,MDT,1.6295940781215768,77.04600067138672,78.99400062561035
2026-05-20,77.4511947631836,78.1500015258789,78.5999984741211,77.3499984741211,78.16999816894531,9665700,MDT,-0.5472134069178014,77.43400115966797,78.74050064086914
2026-05-21,77.4511947631836,78.1500015258789,78.16999816894531,76.9800033569336,77.48999786376953,9226500,MDT,0.0,77.67000122070313,78.45850067138672
2026-05-22,77.89716339111328,78.5999984741211,79.25,78.20999908447266,78.4000015258789,7051500,MDT,0.5758118227203957,78.16000061035156,78.22250061035156
2026-05-26,76.9061050415039,77.5999984741211,78.55000305175781,77.47000122070312,78.55000305175781,6703900,MDT,-1.2722646557420059,78.21600036621093,77.95650062561035
2026-05-27,75.30059814453125,75.9800033569336,78.22000122070312,75.83999633789062,77.68000030517578,10474000,MDT,-2.087622614744966,77.69600067138671,77.66050071716309
2026-05-28,74.8942642211914,75.56999969482422,76.26000213623047,75.30000305175781,75.55000305175781,13097900,MDT,-0.5396204843309715,77.18000030517578,77.47050056457519
2026-05-29,73.14999389648438,73.80999755859375,75.8499984741211,73.66999816894531,75.8499984741211,22243500,MDT,-2.328969357334809,76.31199951171875,77.11250038146973
2026-06-01,73.3184814453125,73.9800033569336,75.02999877929688,73.7699966430664,74.0,14209800,MDT,0.23032895808576814,75.38800048828125,76.8115005493164
2026-06-02,73.09053802490234,73.75,74.4800033569336,73.30999755859375,73.80999755859375,14441700,MDT,-0.31089935995797235,74.61800079345703,76.58400039672851
2026-06-03,77.25297546386719,77.94999694824219,78.36000061035156,76.2699966430664,77.12000274658203,20289700,MDT,5.6949111162605925,75.01199951171876,76.59200019836426
2026-06-04,81.1973876953125,81.93000030517578,82.83000183105469,79.87000274658203,80.0,19849600,MDT,5.10584158146441,76.28399963378907,76.80850028991699
2026-06-05,80.93971252441406,81.66999816894531,82.68000030517578,81.11000061035156,82.0999984741211,15286800,MDT,-0.31734668041255576,77.85599975585937,76.99400024414062
2026-06-08,79.9684829711914,80.69000244140625,81.05999755859375,79.95999908447266,80.98999786376953,10254500,MDT,-1.19994581793893,79.1979995727539,77.22100028991699
2026-06-09,81.2469482421875,81.9800033569336,82.33999633789062,80.5999984741211,80.76000213623047,9825500,MDT,1.5987122028706002,80.84400024414063,77.5930004119873
2026-06-10,79.53240966796875,80.25,82.25,80.16000366210938,82.20999908447266,7004400,MDT,-2.110274806163781,81.30400085449219,77.76450042724609
2026-06-11,79.61170196533203,80.33000183105469,80.91999816894531,79.80000305175781,80.08999633789062,8411600,MDT,0.09969075520832593,80.98400115966797,77.97050056457519
2026-06-12,79.48285675048828,80.19999694824219,80.73999786376953,79.26000213623047,80.58000183105469,7692400,MDT,-0.1618385159332103,80.69000091552735,78.13200035095215
2026-06-15,79.66124725341797,80.37999725341797,80.79000091552734,79.9800033569336,80.25,6492200,MDT,0.22443929180189226,80.62799987792968,78.3435001373291
2026-06-16,80.59284210205078,81.31999969482422,81.62999725341797,80.5999984741211,81.30000305175781,8459400,MDT,1.1694482128963735,80.49599914550781,78.5435001373291
2026-06-17,77.44127655029297,78.13999938964844,81.75,77.62000274658203,81.0,11874700,MDT,-3.91047751735073,80.0739990234375,78.5215000152588
2026-06-18,78.63054656982422,79.33999633789062,79.51000213623047,78.44999694824219,78.58999633789062,22656900,MDT,1.5357012511074464,79.8759979248047,78.58099975585938
2026-06-22,78.56117248535156,79.2699966430664,79.87000274658203,78.30000305175781,79.16999816894531,10018900,MDT,-0.08822749943938613,79.68999786376953,78.63699951171876
2026-06-23,79.90901184082031,80.62999725341797,80.75,79.58000183105469,79.75,8482600,MDT,1.7156561977355933,79.73999786376953,78.73849945068359
2026-06-24,79.41348266601562,80.12999725341797,82.08999633789062,80.06999969482422,80.12000274658203,8817800,MDT,-0.6201166030410654,79.50199737548829,78.86499938964843
2026-06-25,79.79999542236328,80.5199966430664,82.4800033569336,80.16999816894531,80.16999816894531,9053500,MDT,0.48670835269721824,79.97799682617188,79.09199905395508
2026-06-26,80.9800033569336,80.9800033569336,81.87000274658203,79.70999908447266,79.83999633789062,12400900,MDT,0.5712949988141869,80.30599822998047,79.36249923706055
2026-06-29,80.93000030517578,80.93000030517578,81.77999877929688,80.55999755859375,81.1500015258789,8597300,MDT,-0.061747406378109826,80.63799896240235,79.71849937438965
2026-06-30,78.2300033569336,78.2300033569336,81.19999694824219,78.13999938964844,81.11000061035156,9876700,MDT,-3.3362126999393005,80.15800018310547,79.93099937438964
2026-07-01,79.19999694824219,79.19999694824219,80.27999877929688,78.5999984741211,78.5999984741211,7640300,MDT,1.239925284015242,79.97200012207031,80.20349922180176
2026-07-02,83.19000244140625,83.19000244140625,83.30999755859375,79.9000015258789,80.0,9722200,MDT,5.037885917813312,80.50600128173828,80.46549949645996
2026-07-06,83.05999755859375,83.05999755859375,83.7699966430664,81.41000366210938,83.25,10711100,MDT,-0.15627464718980244,80.92200012207032,80.52199935913086
2026-07-07,83.83000183105469,83.83000183105469,85.98999786376953,83.7300033569336,84.56999969482422,9080700,MDT,0.9270458645483926,81.50200042724609,80.62999954223633
2026-07-08,82.01000213623047,82.01000213623047,83.5,81.87000274658203,83.1500015258789,5746800,MDT,-2.1710600680793557,82.25800018310547,80.69599952697754
2026-07-09,82.38999938964844,82.38999938964844,83.0,81.0999984741211,81.69000244140625,5532600,MDT,0.4633547659061543,82.89600067138672,80.71649932861328
2026-07-10,83.87000274658203,83.87000274658203,84.19000244140625,82.55999755859375,82.83000183105469,7191900,MDT,1.7963385943652987,83.03200073242188,80.89749946594239
2026-07-13,83.56999969482422,83.56999969482422,84.69000244140625,83.52999877929688,84.0,4885200,MDT,-0.35770006192117343,83.13400115966797,81.05949935913085
2026-07-14,79.30000305175781,79.30000305175781,82.0,78.97000122070312,81.58999633789062,8499400,MDT,-5.109485052841112,82.22800140380859,81.01449966430664
2026-07-15,80.47000122070312,80.47000122070312,81.87999725341797,79.45999908447266,79.61000061035156,8785200,MDT,1.475407470264134,81.92000122070313,81.0189998626709
2026-07-16,83.55999755859375,83.55999755859375,84.79000091552734,81.19000244140625,81.44999694824219,9698400,MDT,3.8399357412904234,82.15400085449218,81.13099975585938
2026-07-17,83.19999694824219,83.19999694824219,84.69000244140625,82.70999908447266,83.5199966430664,9207400,MDT,-0.4308288904617541,82.01999969482422,81.38399963378906
2026-07-20,83.29000091552734,83.29000091552734,84.02999877929688,82.80000305175781,82.9800033569336,7232500,MDT,0.10817784926260288,81.96399993896485,81.5814998626709
2026-07-21,82.3499984741211,82.3499984741211,83.29000091552734,81.48999786376953,82.48999786376953,5840200,MDT,-1.1285897839761083,82.5739990234375,81.73549995422363
2026-07-22,81.88999938964844,81.88999938964844,83.0999984741211,81.5199966430664,82.95999908447266,4667000,MDT,-0.5585902768622586,82.85799865722656,81.79850006103516
2026-07-23,82.01000213623047,82.01000213623047,82.86000061035156,81.5,81.73999786376953,5543800,MDT,0.14654139391434562,82.54799957275391,81.89250030517579
2026-07-24,83.20999908447266,83.20999908447266,83.5999984741211,82.41000366210938,82.87000274658203,4336100,MDT,1.4632324313915035,82.55,82.0270004272461
2026-07-27,84.22000122070312,84.22000122070312,85.13999938964844,83.20999908447266,83.51000213623047,5420600,MDT,1.2137989993307619,82.73600006103516,82.18900032043457
2026-07-28,86.87999725341797,86.87999725341797,88.9800033569336,86.1500015258789,86.22000122070312,14504600,MDT,3.1583899241988567,83.64199981689453,82.48650016784669
2026-07-29,87.54000091552734,87.54000091552734,88.69000244140625,86.31999969482422,86.54000091552734,8294700,MDT,0.7596727474383114,84.77200012207031,82.95200004577637
2026-07-30,85.70999908447266,85.70999908447266,86.98999786376953,85.08000183105469,86.4000015258789,7375800,MDT,-2.090474996476832,85.51199951171876,83.27750015258789
2026-07-31,85.38999938964844,85.38999938964844,85.97000122070312,83.83999633789062,85.33000183105469,9605300,MDT,-0.37335164886519445,85.9479995727539,83.3875
2026-08-03,86.68000030517578,86.68000030517578,87.88999938964844,85.80999755859375,86.80999755859375,6785300,MDT,1.5107166234313407,86.43999938964843,83.5685001373291
2026-08-04,86.19999694824219,86.19999694824219,86.23999786376953,84.94999694824219,85.48999786376953,6361100,MDT,-0.5537648306917831,86.30399932861329,83.68699989318847
2026-08-05,85.98999786376953,85.98999786376953,86.83000183105469,85.01000213623047,86.5,4733900,MDT,-0.24361843608735612,85.99399871826172,83.88599967956543
2026-08-06,85.91999816894531,85.91999816894531,87.30000305175781,85.68000030517578,87.01000213623047,4976000,MDT,-0.081404461638801,86.03599853515625,84.06249961853027
2026-08-07,87.16000366210938,87.16000366210938,87.19000244140625,84.95999908447266,85.45999908447266,5056700,MDT,1.4432094036196608,86.38999938964844,84.22699966430665
2026-08-10,89.41000366210938,89.41000366210938,89.44999694824219,86.72000122070312,87.16000366210938,6572300,MDT,2.5814592765765587,86.93600006103516,84.5189998626709
2026-08-11,90.68000030517578,90.68000030517578,90.7300033569336,88.69999694824219,89.26000213623047,8392200,MDT,1.4204189587843752,87.83200073242188,85.0879997253418
2026-08-12,90.76000213623047,90.76000213623047,91.02999877929688,88.5,88.95999908447266,6231800,MDT,0.08822433919877248,88.78600158691407,85.60249977111816
2026-08-13,90.58000183105469,90.58000183105469,91.61000061035156,90.41000366210938,91.44000244140625,6475300,MDT,-0.19832558499238706,89.71800231933594,85.95349998474121
2026-08-14,91.68000030517578,91.68000030517578,91.98999786376953,90.43499755859375,90.98999786376953,4258840,MDT,1.2143944048188082,90.62200164794922,86.37750015258788
