Date,Adj Close,Close,High,Low,Open,Volume,Ticker,Daily_Return,MA5,MA20
2019-05-10,41.56999969482422,41.56999969482422,45.0,41.060001373291016,42.0,186322500,UBER,,,
2019-05-13,37.099998474121094,37.099998474121094,39.2400016784668,36.08000183105469,38.790000915527344,79442400,UBER,-10.752949852101334,,
2019-05-14,39.959999084472656,39.959999084472656,39.959999084472656,36.849998474121094,38.310001373291016,46661100,UBER,7.708896840916424,,
2019-05-15,41.290000915527344,41.290000915527344,41.880001068115234,38.95000076293945,39.369998931884766,36086100,UBER,3.3283329868030176,,
2019-05-16,43.0,43.0,44.060001373291016,41.25,41.47999954223633,38115500,UBER,4.141436295850509,40.58399963378906,
2019-05-17,41.90999984741211,41.90999984741211,43.290000915527344,41.27000045776367,41.97999954223633,20225700,UBER,-2.5348840757857927,40.65199966430664,
2019-05-20,41.59000015258789,41.59000015258789,41.68000030517578,39.459999084472656,41.189998626708984,29222300,UBER,-0.7635401956318066,41.55,
2019-05-21,41.5,41.5,42.2400016784668,41.25,42.0,10802900,UBER,-0.21639853872972292,41.85800018310547,
2019-05-22,41.25,41.25,41.279998779296875,40.5,41.04999923706055,9089500,UBER,-0.6024096385542133,41.85,
2019-05-23,40.470001220703125,40.470001220703125,41.09000015258789,40.02000045776367,40.79999923706055,11119900,UBER,-1.890906131628789,41.344000244140624,
2019-05-24,41.5099983215332,41.5099983215332,41.5099983215332,40.5,41.279998779296875,8786800,UBER,2.56979755241038,41.263999938964844,
2019-05-28,40.95000076293945,40.95000076293945,41.79999923706055,40.599998474121094,41.70000076293945,13391600,UBER,-1.3490666857079892,41.136000061035155,
2019-05-29,39.939998626708984,39.939998626708984,40.709999084472656,39.14699935913086,40.52000045776367,14060400,UBER,-2.46642763715047,40.82399978637695,
2019-05-30,39.79999923706055,39.79999923706055,40.380001068115234,39.5,40.06999969482422,26451900,UBER,-0.35052427256423435,40.533999633789065,
2019-05-31,40.40999984741211,40.40999984741211,41.56999969482422,39.40999984741211,41.150001525878906,23209800,UBER,1.5326648795097153,40.52199935913086,
2019-06-03,41.25,41.25,41.849998474121094,40.2400016784668,40.74399948120117,16605300,UBER,2.0786937781730463,40.46999969482422,
2019-06-04,42.75,42.75,42.880001068115234,40.70000076293945,42.560001373291016,23432100,UBER,3.6363636363636376,40.82999954223633,
2019-06-05,45.0,45.0,45.65999984741211,42.5,42.869998931884766,28609600,UBER,5.263157894736836,41.84199981689453,
2019-06-06,44.91999816894531,44.91999816894531,45.75,44.279998779296875,45.0,16403700,UBER,-0.1777818467881942,42.86599960327148,
2019-06-07,44.15999984741211,44.15999984741211,45.66999816894531,44.130001068115234,44.91999816894531,12654700,UBER,-1.6918930376506935,43.61599960327148,41.51649971008301
2019-06-10,42.61000061035156,42.61000061035156,44.59000015258789,42.529998779296875,44.02000045776367,11618700,UBER,-3.509962052573201,43.8879997253418,41.56849975585938
2019-06-11,42.45000076293945,42.45000076293945,43.650001525878906,41.79999923706055,43.220001220703125,9095000,UBER,-0.37549834574102103,43.827999877929685,41.83599987030029
2019-06-12,42.16999816894531,42.16999816894531,42.650001525878906,41.709999084472656,42.52000045776367,5965300,UBER,-0.6596056277073048,43.26199951171875,41.946499824523926
2019-06-13,44.310001373291016,44.310001373291016,44.349998474121094,42.79999923706055,43.04999923706055,10178900,UBER,5.074705471345364,43.14000015258789,42.09749984741211
2019-06-14,43.22999954223633,43.22999954223633,44.79999923706055,43.11000061035156,44.75,7902200,UBER,-2.4373771103191277,42.954000091552736,42.10899982452393
2019-06-17,43.779998779296875,43.779998779296875,44.07899856567383,42.93000030517578,43.279998779296875,6557600,UBER,1.2722628796773217,43.1879997253418,42.20249977111816
2019-06-18,43.86000061035156,43.86000061035156,44.88999938964844,43.75,44.29999923706055,7313600,UBER,0.1827360285183932,43.46999969482422,42.315999794006345
2019-06-19,44.86000061035156,44.86000061035156,45.5,43.95000076293945,44.459999084472656,10331500,UBER,2.2799817284179014,44.008000183105466,42.48399982452393
2019-06-20,43.86000061035156,43.86000061035156,45.290000915527344,43.5099983215332,45.029998779296875,9567400,UBER,-2.2291573481816873,43.918000030517575,42.6144998550415
2019-06-21,44.0,44.0,44.13999938964844,43.380001068115234,43.849998474121094,4974000,UBER,0.31919605038810417,44.072000122070314,42.790999794006346
2019-06-24,43.09000015258789,43.09000015258789,44.06999969482422,42.81999969482422,44.0,5985100,UBER,-2.0681814713911617,43.934000396728514,42.86999988555908
2019-06-25,43.09000015258789,43.09000015258789,43.790000915527344,42.44300079345703,43.279998779296875,5753300,UBER,0.0,43.78000030517578,42.976999855041505
2019-06-26,42.5,42.5,43.400001525878906,42.36000061035156,43.25,8109100,UBER,-1.369227548151808,43.30800018310547,43.10499992370605
2019-06-27,45.130001068115234,45.130001068115234,45.29999923706055,43.20000076293945,43.349998474121094,20155100,UBER,6.188237807329955,43.5620002746582,43.37150001525879
2019-06-28,46.380001068115234,46.380001068115234,47.08000183105469,45.08000183105469,45.099998474121094,28657000,UBER,2.769776136529134,44.03800048828125,43.670000076293945
2019-07-01,44.27000045776367,44.27000045776367,47.040000915527344,44.060001373291016,46.97999954223633,17660500,UBER,-4.5493759416968205,44.274000549316405,43.82100009918213
2019-07-02,44.0,44.0,44.68000030517578,43.75,44.54999923706055,11881300,UBER,-0.6098948610160249,44.45600051879883,43.88350009918213
2019-07-03,44.22999954223633,44.22999954223633,44.459999084472656,43.790000915527344,44.0,3380000,UBER,0.5227262323552972,44.80200042724609,43.84500007629394
2019-07-05,43.529998779296875,43.529998779296875,44.54999923706055,43.0099983215332,44.310001373291016,8239500,UBER,-1.5826379610766383,44.48199996948242,43.77550010681152
2019-07-08,42.95000076293945,42.95000076293945,43.849998474121094,42.75,43.59000015258789,9304100,UBER,-1.3324099072414275,43.795999908447264,43.71500015258789
2019-07-09,44.20000076293945,44.20000076293945,44.22999954223633,42.97999954223633,43.18000030517578,5251600,UBER,2.910360833051717,43.78199996948242,43.79450016021728
2019-07-10,43.70000076293945,43.70000076293945,44.79999923706055,43.560001373291016,44.47999954223633,9746500,UBER,-1.1312216999309177,43.72200012207031,43.85700016021728
2019-07-11,43.9900016784668,43.9900016784668,44.290000915527344,43.310001373291016,44.099998474121094,8050900,UBER,0.6636176440831587,43.6740005493164,43.94800033569336
2019-07-12,43.9900016784668,43.9900016784668,44.2400016784668,43.38999938964844,44.15999984741211,8760500,UBER,0.0,43.76600112915039,43.93200035095215
2019-07-15,44.529998779296875,44.529998779296875,44.70000076293945,43.970001220703125,44.20000076293945,5811200,UBER,1.2275450789409836,44.082000732421875,43.99700031280518
2019-07-16,44.130001068115234,44.130001068115234,44.97999954223633,44.02000045776367,44.599998474121094,5613300,UBER,-0.8982657133321359,44.06800079345703,44.01450042724609
2019-07-17,43.619998931884766,43.619998931884766,44.349998474121094,43.52000045776367,44.060001373291016,5854100,UBER,-1.1556812234000957,44.05200042724609,44.00250034332275
2019-07-18,43.709999084472656,43.709999084472656,43.849998474121094,43.189998626708984,43.5,4078700,UBER,0.2063277276288522,43.99599990844727,43.94500026702881
2019-07-19,43.18000030517578,43.18000030517578,44.08599853515625,43.15999984741211,43.900001525878906,4021000,UBER,-1.2125344095126,43.83399963378906,43.91100025177002
2019-07-22,43.689998626708984,43.689998626708984,43.720001220703125,43.0099983215332,43.25,3815300,UBER,1.181098466717878,43.66599960327149,43.89550018310547
2019-07-23,43.36000061035156,43.36000061035156,44.310001373291016,43.11000061035156,43.75,5110100,UBER,-0.7553170673612386,43.51199951171875,43.90900020599365
2019-07-24,43.7599983215332,43.7599983215332,43.869998931884766,43.36000061035156,43.36000061035156,3775700,UBER,0.922503933466623,43.539999389648436,43.94250011444092
2019-07-25,43.400001525878906,43.400001525878906,43.959999084472656,43.209999084472656,43.720001220703125,4412000,UBER,-0.8226618132138985,43.47799987792969,43.98750019073486
2019-07-26,44.52000045776367,44.52000045776367,44.959999084472656,43.38999938964844,43.41999816894531,7598800,UBER,2.580642609463779,43.74599990844727,43.957000160217284
2019-07-29,43.880001068115234,43.880001068115234,45.62699890136719,43.119998931884766,45.0,8652200,UBER,-1.4375547687956791,43.784000396728516,43.832000160217284
2019-07-30,42.59000015258789,42.59000015258789,43.7400016784668,42.4900016784668,43.709999084472656,7686300,UBER,-2.9398379310084044,43.630000305175784,43.748000144958496
2019-07-31,42.13999938964844,42.13999938964844,42.97999954223633,41.84000015258789,42.599998474121094,5970800,UBER,-1.0565878406368356,43.306000518798825,43.65500011444092
2019-08-01,41.310001373291016,41.310001373291016,42.5359992980957,41.0,42.13999938964844,7349700,UBER,-1.9696203805862122,42.88800048828125,43.50900020599365
2019-08-02,40.400001525878906,40.400001525878906,41.060001373291016,39.95000076293945,41.029998779296875,8225700,UBER,-2.2028560086189475,42.0640007019043,43.35250034332275
2019-08-05,39.04999923706055,39.04999923706055,39.41999816894531,38.43299865722656,39.349998474121094,9799300,UBER,-3.3415896975983794,41.09800033569336,43.15750026702881
2019-08-06,39.150001525878906,39.150001525878906,40.80799865722656,38.36000061035156,39.68000030517578,8570300,UBER,0.25608781247670187,40.41000061035156,42.90500030517578
2019-08-07,39.70000076293945,39.70000076293945,39.9900016784668,38.31999969482422,39.060001373291016,8896000,UBER,1.4048511254769247,39.922000885009766,42.70500030517578
2019-08-08,42.970001220703125,42.970001220703125,43.0,41.25,41.97999954223633,29610500,UBER,8.236776813405665,40.25400085449219,42.6540002822876
2019-08-09,40.04999923706055,40.04999923706055,40.68000030517578,38.709999084472656,39.560001373291016,35138800,UBER,-6.795443101443777,40.184000396728514,42.457000160217284
2019-08-12,37.0,37.0,39.95000076293945,37.0,39.83000183105469,21231300,UBER,-7.615478889293481,39.774000549316405,42.08050022125244
2019-08-13,36.45000076293945,36.45000076293945,37.459999084472656,36.119998931884766,37.0,18990600,UBER,-1.486484424487966,39.23400039672852,41.69650020599365
2019-08-14,33.959999084472656,33.959999084472656,36.29999923706055,33.36000061035156,36.0,24481600,UBER,-6.831280182025424,38.08600006103516,41.21350021362305
2019-08-15,33.220001220703125,33.220001220703125,34.54999923706055,32.91999816894531,34.52000045776367,13265800,UBER,-2.179027926145838,36.136000061035155,40.68900032043457
2019-08-16,35.22999954223633,35.22999954223633,35.47999954223633,33.400001525878906,33.459999084472656,13883200,UBER,6.05056666969821,35.172000122070315,40.2915002822876
2019-08-19,34.61000061035156,34.61000061035156,35.79999923706055,34.369998931884766,35.529998779296875,10853100,UBER,-1.7598607435162283,34.694000244140625,39.837500381469724
2019-08-20,35.290000915527344,35.290000915527344,36.06999969482422,34.38999938964844,34.47999954223633,10760700,UBER,1.9647509193409185,34.4620002746582,39.434000396728514
2019-08-21,34.90999984741211,34.90999984741211,35.83000183105469,34.75,35.5,7923000,UBER,-1.0767952911784562,34.652000427246094,38.99150047302246
2019-08-22,34.0,34.0,34.90999984741211,33.52000045776367,34.79999923706055,8513300,UBER,-2.6067025247482722,34.80800018310547,38.52150039672851
2019-08-23,33.43000030517578,33.43000030517578,34.22999954223633,33.119998931884766,33.650001525878906,8160600,UBER,-1.6764696906594656,34.44800033569336,37.96700038909912
2019-08-26,33.310001373291016,33.310001373291016,33.83000183105469,33.060001373291016,33.66999816894531,5662500,UBER,-0.3589558204885379,34.18800048828125,37.43850040435791
2019-08-27,33.11000061035156,33.11000061035156,34.2400016784668,32.97999954223633,33.689998626708984,6574800,UBER,-0.6004225598736257,33.752000427246095,36.964500427246094
2019-08-28,32.59000015258789,32.59000015258789,33.04999923706055,32.2599983215332,32.560001373291016,6245500,UBER,-1.5705238543580635,33.28800048828125,36.487000465393066
2019-08-29,32.7599983215332,32.7599983215332,33.29999923706055,32.599998474121094,32.900001525878906,5772200,UBER,0.5216267816795739,33.04000015258789,36.05950031280518
2019-08-30,32.56999969482422,32.56999969482422,33.130001068115234,32.040000915527344,33.0,6628700,UBER,-0.5799714177155413,32.86800003051758,35.66800022125244
2019-09-03,30.700000762939453,30.700000762939453,32.529998779296875,30.665000915527344,32.099998474121094,12154000,UBER,-5.741476663820578,32.34599990844727,35.25050029754639
2019-09-04,31.989999771118164,31.989999771118164,32.36000061035156,30.850000381469727,30.90999984741211,10357600,UBER,4.201951062281339,32.121999740600586,34.89250020980835
2019-09-05,32.5099983215332,32.5099983215332,33.029998779296875,32.25,32.33000183105469,7933300,UBER,1.6255034515020972,32.10599937438965,34.53300008773804
2019-09-06,31.860000610351562,31.860000610351562,32.7400016784668,31.40999984741211,32.709999084472656,7036000,UBER,-1.9993778675500895,31.92599983215332,33.97750005722046
2019-09-09,32.2400016784668,32.2400016784668,32.38999938964844,31.459999084472656,32.04999923706055,7448400,UBER,1.1927214715487855,31.860000228881837,33.58700017929077
2019-09-10,33.5099983215332,33.5099983215332,33.7400016784668,31.649999618530273,32.0,10817100,UBER,3.9391953379290356,32.42199974060058,33.412500095367434
2019-09-11,34.0,34.0,35.13999938964844,33.02000045776367,33.380001068115234,14715800,UBER,1.4622551567002873,32.82399978637695,33.29000005722046
2019-09-12,34.06999969482422,34.06999969482422,34.486000061035156,33.33000183105469,34.13999938964844,7734800,UBER,0.20588145536535318,33.136000061035155,33.295500087738034
2019-09-13,33.25,33.25,34.435001373291016,32.939998626708984,34.25,9428600,UBER,-2.406808635659574,33.41399993896484,33.29700002670288
2019-09-16,34.43000030517578,34.43000030517578,34.79999923706055,33.470001220703125,33.599998474121094,7942600,UBER,3.548873098273031,33.85199966430664,33.257000064849855
2019-09-17,34.290000915527344,34.290000915527344,34.75,33.54999923706055,34.75,5561300,UBER,-0.40662035552578857,34.008000183105466,33.24100008010864
2019-09-18,34.2599983215332,34.2599983215332,34.88999938964844,33.75,34.349998474121094,6608300,UBER,-0.08749662640152867,34.05999984741211,33.18949995040894
2019-09-19,33.81999969482422,33.81999969482422,34.63999938964844,33.68000030517578,34.20000076293945,6869600,UBER,-1.2842926102317853,34.00999984741211,33.134999942779544
2019-09-20,32.599998474121094,32.599998474121094,34.21699905395508,32.5,33.97999954223633,11935400,UBER,-3.6073365810521674,33.87999954223633,33.06499986648559
2019-09-23,33.0,33.0,33.0099983215332,32.060001373291016,32.52000045776367,5513000,UBER,1.2269986030718272,33.59399948120117,33.043499851226805
2019-09-24,31.299999237060547,31.299999237060547,33.14500045776367,31.010000228881836,33.0,10579900,UBER,-5.151517463452892,32.99599914550781,32.94299974441528
2019-09-25,31.68000030517578,31.68000030517578,31.719999313354492,30.760000228881836,31.270000457763672,7875000,UBER,1.2140609500887578,32.47999954223633,32.8714997291565
2019-09-26,31.56999969482422,31.56999969482422,32.130001068115234,31.1299991607666,31.719999313354492,6058700,UBER,-0.3472241454921643,32.029999542236325,32.82049970626831
2019-09-27,30.290000915527344,30.290000915527344,31.899999618530273,30.1299991607666,31.709999084472656,11846700,UBER,-4.054478275800322,31.568000030517577,32.696999835968015
2019-09-30,30.469999313354492,30.469999313354492,30.735000610351562,30.170000076293945,30.399999618530273,4986600,UBER,0.5942502224715263,31.061999893188478,32.59199981689453
2019-10-01,29.149999618530273,29.149999618530273,30.510000228881836,28.649999618530273,30.3700008392334,13380200,UBER,-4.332129059962552,30.631999969482422,32.514499759674074
2019-10-02,29.0,29.0,29.549999237060547,28.309999465942383,28.670000076293945,8782400,UBER,-0.5145784579527746,30.095999908447265,32.364999771118164
2019-10-03,29.719999313354492,29.719999313354492,29.8799991607666,28.520000457763672,28.969999313354492,9412000,UBER,2.4827562529465164,29.72599983215332,32.22549982070923
2019-10-04,29.670000076293945,29.670000076293945,30.18000030517578,28.899999618530273,29.899999618530273,8597700,UBER,-0.16823431431938207,29.60199966430664,32.11599979400635
2019-10-07,30.3700008392334,30.3700008392334,30.75,29.829999923706055,30.600000381469727,10083800,UBER,2.359288038892693,29.58199996948242,32.02249975204468
2019-10-08,29.280000686645508,29.280000686645508,30.149999618530273,29.170000076293945,30.010000228881836,7769100,UBER,-3.5890685626184693,29.608000183105467,31.810999870300293
2019-10-09,29.06999969482422,29.06999969482422,29.6200008392334,28.809999465942383,29.6200008392334,7112900,UBER,-0.717216485302441,29.62200012207031,31.564499855041504
2019-10-10,28.8700008392334,28.8700008392334,29.280000686645508,28.579999923706055,29.209999084472656,7716300,UBER,-0.6879905665304498,29.452000427246094,31.304499912261964
2019-10-11,30.1299991607666,30.1299991607666,30.399999618530273,28.940000534057617,28.950000762939453,10216900,UBER,4.364386161779765,29.544000244140626,31.14849987030029
2019-10-14,31.1200008392334,31.1200008392334,31.540000915527344,29.819000244140625,30.219999313354492,7945400,UBER,3.285767361573355,29.694000244140625,30.982999897003175
2019-10-15,32.0,32.0,32.16999816894531,31.19499969482422,31.200000762939453,7843800,UBER,2.827760723120476,30.238000106811523,30.868499851226808
2019-10-16,31.8700008392334,31.8700008392334,32.380001068115234,31.437999725341797,31.799999237060547,7781600,UBER,-0.4062473773956299,30.79800033569336,30.748999977111815
2019-10-17,32.619998931884766,32.619998931884766,32.93000030517578,31.450000762939453,31.799999237060547,7200800,UBER,2.353304276440693,31.547999954223634,30.688999938964844
2019-10-18,32.060001373291016,32.060001373291016,32.65999984741211,31.270000457763672,32.54999923706055,7844500,UBER,-1.7167307692532607,31.934000396728514,30.66200008392334
2019-10-21,31.40999984741211,31.40999984741211,32.28300094604492,31.184999465942383,31.950000762939453,7203400,UBER,-2.0274532066003492,31.99200019836426,30.582500076293947
2019-10-22,32.529998779296875,32.529998779296875,33.88999938964844,30.219999313354492,31.40999984741211,19214800,UBER,3.56574001058787,32.09799995422363,30.64400005340576
2019-10-23,33.04999923706055,33.04999923706055,33.27000045776367,32.16999816894531,32.869998931884766,6709800,UBER,1.5985259061694679,32.33399963378906,30.7125
2019-10-24,33.279998779296875,33.279998779296875,33.41999816894531,32.5099983215332,33.0,6729300,UBER,0.6959139108796641,32.465999603271484,30.797999954223634
2019-10-25,32.709999084472656,32.709999084472656,33.47999954223633,32.61000061035156,33.20000076293945,8077300,UBER,-1.7127395304437631,32.59599914550781,30.918999862670898
2019-10-28,33.220001220703125,33.220001220703125,33.35499954223633,32.5,32.900001525878906,7532800,UBER,1.559162795796487,32.95799942016602,31.05649995803833
2019-10-29,32.41999816894531,32.41999816894531,32.91999816894531,31.815000534057617,32.369998931884766,9319200,UBER,-2.408196936667295,32.9359992980957,31.219999885559083
2019-10-30,33.75,33.75,33.79999923706055,32.11000061035156,32.5099983215332,10732700,UBER,4.102411801887995,33.0759994506836,31.45749988555908
2019-10-31,31.5,31.5,33.36000061035156,31.260000228881836,33.22999954223633,15912400,UBER,-6.666666666666665,32.71999969482422,31.546499919891357
2019-11-01,31.3700008392334,31.3700008392334,31.700000762939453,30.740999221801758,31.450000762939453,10434300,UBER,-0.412695748465397,32.452000045776366,31.63149995803833
2019-11-04,31.079999923706055,31.079999923706055,31.75,30.1200008392334,31.450000762939453,28787400,UBER,-0.9244530053204469,32.023999786376955,31.666999912261964
2019-11-05,28.020000457763672,28.020000457763672,29.299999237060547,27.969999313354492,29.1299991607666,51963500,UBER,-9.845558151396228,31.144000244140624,31.603999900817872
2019-11-06,26.940000534057617,26.940000534057617,27.549999237060547,25.579999923706055,26.059999465942383,130965700,UBER,-3.854389386374235,29.78200035095215,31.49749994277954
2019-11-07,27.3799991607666,27.3799991607666,27.420000076293945,26.450000762939453,26.799999237060547,65861400,UBER,1.633253964315018,28.95800018310547,31.4229998588562
2019-11-08,27.010000228881836,27.010000228881836,27.6200008392334,26.915000915527344,27.479999542236328,44923600,UBER,-1.3513474916936663,28.086000061035158,31.266999912261962
2019-11-11,27.139999389648438,27.139999389648438,27.209999084472656,26.229999542236328,27.030000686645508,41138100,UBER,0.4813001098296743,27.297999954223634,31.067999839782715
2019-11-12,26.700000762939453,26.700000762939453,27.65999984741211,26.65999984741211,27.3799991607666,37095400,UBER,-1.6212182630954919,27.03400001525879,30.802999877929686
2019-11-13,26.709999084472656,26.709999084472656,26.81999969482422,26.139999389648438,26.469999313354492,32678300,UBER,0.037446896058068724,26.987999725341798,30.54499979019165
2019-11-14,25.989999771118164,25.989999771118164,26.860000610351562,25.665000915527344,26.799999237060547,27893900,UBER,-2.695617139773887,26.70999984741211,30.21349983215332
2019-11-15,26.790000915527344,26.790000915527344,26.799999237060547,25.954999923706055,26.18000030517578,41236200,UBER,3.0781113945918426,26.665999984741212,29.949999809265137
2019-11-18,26.75,26.75,27.0,26.299999237060547,26.799999237060547,35916100,UBER,-0.1493128561416368,26.588000106811524,29.716999816894532
2019-11-19,27.049999237060547,27.049999237060547,27.219999313354492,26.610000610351562,26.770000457763672,31793500,UBER,1.1214924749926913,26.657999801635743,29.442999839782715
2019-11-20,28.030000686645508,28.030000686645508,28.399999618530273,26.94499969482422,27.059999465942383,52746600,UBER,3.622925978653213,26.922000122070312,29.191999912261963
2019-11-21,29.459999084472656,29.459999084472656,29.600000381469727,28.5,28.670000076293945,54551400,UBER,5.101670933987701,27.61599998474121,29.000999927520752
2019-11-22,29.559999465942383,29.559999465942383,30.1299991607666,29.209999084472656,29.84000015258789,42302900,UBER,0.33944461838912865,28.16999969482422,28.84349994659424
2019-11-25,29.110000610351562,29.110000610351562,29.600000381469727,28.3799991607666,28.690000534057617,36967500,UBER,-1.5223236255781702,28.641999816894533,28.63799991607666
2019-11-26,29.530000686645508,29.530000686645508,30.149999618530273,29.360000610351562,29.489999771118164,28746600,UBER,1.4428033922630368,29.138000106811525,28.49350004196167
2019-11-27,29.489999771118164,29.489999771118164,29.59000015258789,28.8799991607666,29.420000076293945,22421400,UBER,-0.1354585661944574,29.429999923706056,28.28050003051758
2019-11-29,29.600000381469727,29.600000381469727,29.850000381469727,29.25,29.40999984741211,8115100,UBER,0.3730098718389696,29.45800018310547,28.185500049591063
2019-12-02,28.979999542236328,28.979999542236328,29.524999618530273,28.700000762939453,29.31999969482422,16927100,UBER,-2.0945974028484526,29.342000198364257,28.06599998474121
2019-12-03,29.020000457763672,29.020000457763672,29.329999923706055,28.149999618530273,28.200000762939453,25252400,UBER,0.13802938633260542,29.32400016784668,27.96300001144409
2019-12-04,29.059999465942383,29.059999465942383,29.200000762939453,28.700000762939453,29.100000381469727,22517600,UBER,0.13783255529897787,29.229999923706053,28.01499996185303
2019-12-05,28.649999618530273,28.649999618530273,28.989999771118164,28.18000030517578,28.940000534057617,22504300,UBER,-1.410873554531955,29.061999893188478,28.10049991607666
2019-12-06,27.860000610351562,27.860000610351562,28.924999237060547,27.799999237060547,28.399999618530273,32816100,UBER,-2.7574136778269143,28.713999938964843,28.124499988555907
2019-12-09,27.68000030517578,27.68000030517578,28.360000610351562,27.68000030517578,27.959999084472656,20977300,UBER,-0.646088661997013,28.454000091552736,28.157999992370605
2019-12-10,27.889999389648438,27.889999389648438,27.993000030517578,27.604999542236328,27.729999542236328,23602700,UBER,0.7586672043258247,28.227999877929687,28.195499992370607
2019-12-11,28.420000076293945,28.420000076293945,28.545000076293945,27.850000381469727,27.989999771118164,23281700,UBER,1.9003251998715331,28.1,28.28149995803833
2019-12-12,28.690000534057617,28.690000534057617,28.75,28.190000534057617,28.290000915527344,23569900,UBER,0.9500367946476018,28.108000183105467,28.380500030517577
2019-12-13,28.489999771118164,28.489999771118164,28.84000015258789,28.270000457763672,28.579999923706055,25431600,UBER,-0.6971096522010667,28.23400001525879,28.505500030517577
2019-12-16,30.049999237060547,30.049999237060547,30.1299991607666,29.100000381469727,29.110000610351562,57382500,UBER,5.475603645051064,28.707999801635744,28.66849994659424
2019-12-17,29.75,29.75,30.420000076293945,29.530000686645508,30.3700008392334,38250700,UBER,-0.9983335929358628,29.079999923706055,28.818499946594237
2019-12-18,30.1299991607666,30.1299991607666,30.139999389648438,29.34000015258789,29.6200008392334,35375100,UBER,1.2773081034171518,29.421999740600587,28.972499942779542
2019-12-19,29.989999771118164,29.989999771118164,30.170000076293945,29.530000686645508,29.84000015258789,33799700,UBER,-0.46465115681362246,29.681999588012694,29.070499897003174
2019-12-20,30.450000762939453,30.450000762939453,31.030000686645508,29.850000381469727,30.100000381469727,95455100,UBER,1.53384793375122,30.07399978637695,29.119999980926515
2019-12-23,30.329999923706055,30.329999923706055,30.940000534057617,29.829999923706055,30.489999771118164,31209100,UBER,-0.39409141617969823,30.129999923706055,29.158500003814698
2019-12-24,30.440000534057617,30.440000534057617,30.84000015258789,30.110000610351562,30.329999923706055,12938600,UBER,0.3626792305580828,30.268000030517577,29.225
2019-12-26,30.670000076293945,30.670000076293945,30.790000915527344,30.030000686645508,30.469999313354492,22200800,UBER,0.7555832398195683,30.376000213623048,29.28199996948242
2019-12-27,30.170000076293945,30.170000076293945,31.059999465942383,30.170000076293945,30.799999237060547,18462200,UBER,-1.6302575766423577,30.412000274658205,29.31599998474121
2019-12-30,29.739999771118164,29.739999771118164,30.200000762939453,29.350000381469727,30.1299991607666,18805900,UBER,-1.4252578856095321,30.270000076293947,29.322999954223633
2019-12-31,29.739999771118164,29.739999771118164,29.950000762939453,28.899999618530273,29.110000610351562,16228400,UBER,0.0,30.15200004577637,29.360999965667723
2020-01-02,30.989999771118164,30.989999771118164,31.0,29.790000915527344,29.940000534057617,20578900,UBER,4.203093509146316,30.261999893188477,29.45949993133545
2020-01-03,31.3700008392334,31.3700008392334,31.43000030517578,30.479999542236328,30.6200008392334,18822700,UBER,1.2262054563465519,30.40200004577637,29.575
2020-01-06,31.579999923706055,31.579999923706055,32.060001373291016,31.0,31.010000228881836,21204700,UBER,0.6694264547485007,30.68400001525879,29.72150001525879
2020-01-07,32.810001373291016,32.810001373291016,32.84000015258789,31.360000610351562,31.790000915527344,30119600,UBER,3.894874770603285,31.29800033569336,29.96900005340576
2020-01-08,33.93000030517578,33.93000030517578,34.52000045776367,32.459999084472656,32.72999954223633,43944400,UBER,3.413590018306123,32.13600044250488,30.28150005340576
2020-01-09,33.970001220703125,33.970001220703125,34.470001220703125,33.220001220703125,34.45000076293945,29385500,UBER,0.11789247028459737,32.732000732421874,30.585500144958495
2020-01-10,34.0099983215332,34.0099983215332,34.9900016784668,33.834999084472656,34.08000183105469,34266400,UBER,0.11774241799467067,33.260000228881836,30.86500005722046
2020-01-13,34.13999938964844,34.13999938964844,34.34000015258789,33.54999923706055,34.290000915527344,16915800,UBER,0.3822436769510995,33.77200012207031,31.1375
2020-01-14,34.84000015258789,34.84000015258789,35.02000045776367,33.91999816894531,34.20000076293945,26019000,UBER,2.050383056397176,34.177999877929686,31.455000019073488
2020-01-15,35.0099983215332,35.0099983215332,35.14899826049805,34.5099983215332,34.900001525878906,20762200,UBER,0.487939633182477,34.39399948120117,31.702999973297118
2020-01-16,34.68000030517578,34.68000030517578,35.060001373291016,34.18000030517578,35.029998779296875,21947800,UBER,-0.942582211306342,34.5359992980957,31.949499988555907
2020-01-17,35.130001068115234,35.130001068115234,35.25,34.650001525878906,34.970001220703125,17251200,UBER,1.2975800431936468,34.75999984741211,32.19950008392334
2020-01-21,37.599998474121094,37.599998474121094,37.79999923706055,35.40999984741211,35.5,48746700,UBER,7.031020013966582,35.45199966430664,32.58000001907349
2020-01-22,37.040000915527344,37.040000915527344,37.939998626708984,36.91999816894531,37.939998626708984,29765200,UBER,-1.4893552694667744,35.89199981689453,32.90950002670288
2020-01-23,37.400001525878906,37.400001525878906,37.95000076293945,36.724998474121094,36.970001220703125,21366000,UBER,0.9719238700143906,36.37000045776367,33.263000106811525
2020-01-24,36.79999923706055,36.79999923706055,37.665000915527344,36.25,37.5,21598000,UBER,-1.6042841292484677,36.794000244140626,33.58100004196167
2020-01-27,36.29999923706055,36.29999923706055,36.650001525878906,34.189998626708984,35.22999954223633,18818000,UBER,-1.3586956803424588,37.02799987792969,33.8625
2020-01-28,37.0099983215332,37.0099983215332,37.33000183105469,36.040000915527344,37.13999938964844,28974000,UBER,1.9559203840086692,36.90999984741211,34.204499912261966
2020-01-29,36.9900016784668,36.9900016784668,37.564998626708984,36.79999923706055,36.97999954223633,16863000,UBER,-0.05403038090594503,36.9,34.567000007629396
2020-01-30,36.68000030517578,36.68000030517578,37.13199996948242,35.95000076293945,36.81999969482422,22847000,UBER,-0.838068016286353,36.75599975585938,34.914000034332275
2020-01-31,36.290000915527344,36.290000915527344,37.040000915527344,35.689998626708984,37.0,21553700,UBER,-1.0632480545356149,36.65400009155273,35.17900009155274
2020-02-03,37.59000015258789,37.59000015258789,37.63999938964844,36.529998779296875,36.75,23494600,UBER,3.582251871766462,36.912000274658205,35.490000057220456
2020-02-04,38.529998779296875,38.529998779296875,38.9900016784668,37.2599983215332,37.869998931884766,32425900,UBER,2.500661407005267,37.216000366210935,35.8375
2020-02-05,36.810001373291016,36.810001373291016,38.970001220703125,36.73500061035156,38.88999938964844,38413300,UBER,-4.464047392936998,37.18000030517578,36.0375
2020-02-06,37.09000015258789,37.09000015258789,37.38999938964844,36.72999954223633,37.29999923706055,52699300,UBER,0.7606595187470866,37.262000274658206,36.19549999237061
2020-02-07,40.630001068115234,40.630001068115234,41.0,38.86000061035156,39.97999954223633,112325800,UBER,9.54435400637319,38.130000305175784,36.52849998474121
2020-02-10,40.0099983215332,40.0099983215332,41.34000015258789,39.959999084472656,40.650001525878906,60840800,UBER,-1.5259727548188162,38.613999938964845,36.828499984741214
2020-02-11,41.27000045776367,41.27000045776367,41.46500015258789,40.04999923706055,40.25,33896000,UBER,3.1492181681805897,39.162000274658205,37.185000038146974
2020-02-12,41.25,41.25,41.86000061035156,41.064998626708984,41.5,26444900,UBER,-0.04846246072650606,40.05,37.50550003051758
2020-02-13,40.09000015258789,40.09000015258789,41.54999923706055,40.0,40.93000030517578,23850900,UBER,-2.8121208422111743,40.65,37.759500122070314
2020-02-14,39.65999984741211,39.65999984741211,40.310001373291016,38.70000076293945,40.02000045776367,32014200,UBER,-1.0725874371143473,40.455999755859374,38.00850009918213
2020-02-18,40.18000030517578,40.18000030517578,40.27000045776367,39.45000076293945,39.4900016784668,22149300,UBER,1.3111458894713213,40.49000015258789,38.261000061035155
2020-02-19,41.04999923706055,41.04999923706055,41.22999954223633,40.1150016784668,40.41999816894531,23287300,UBER,2.16525367166982,40.44599990844726,38.433500099182126
2020-02-20,40.91999816894531,40.91999816894531,41.189998626708984,39.849998474121094,41.0,25446400,UBER,-0.3166895749850962,40.37999954223633,38.627499961853026
2020-02-21,40.720001220703125,40.720001220703125,40.88999938964844,40.04999923706055,40.88999938964844,20595500,UBER,-0.48875111728124976,40.50599975585938,38.79349994659424
2020-02-24,38.310001373291016,38.310001373291016,39.13999938964844,37.75,38.209999084472656,37123200,UBER,-5.918467031348717,40.236000061035156,38.86900005340576
2020-02-25,35.88999938964844,35.88999938964844,39.150001525878906,35.5,38.900001525878906,49281600,UBER,-6.316893492282039,39.37799987792969,38.84850006103515
2020-02-26,34.45000076293945,34.45000076293945,36.165000915527344,33.88999938964844,35.529998779296875,44051400,UBER,-4.012255924206887,38.05800018310547,38.72050018310547
2020-02-27,32.45000076293945,32.45000076293945,34.15999984741211,30.670000076293945,32.029998779296875,66557200,UBER,-5.8055151109069225,36.364000701904295,38.4935001373291
2020-02-28,33.869998931884766,33.869998931884766,34.290000915527344,31.0,31.809999465942383,52049300,UBER,4.37595727445117,34.99400024414062,38.35300006866455
2020-03-02,32.849998474121094,32.849998474121094,34.08000183105469,31.739999771118164,34.04999923706055,46662000,UBER,-3.0115160612049996,33.90199966430664,38.18099994659424
2020-03-03,33.040000915527344,33.040000915527344,34.18000030517578,31.899999618530273,34.02000045776367,35182400,UBER,0.5783940646326924,33.331999969482425,37.953499984741214
2020-03-04,34.529998779296875,34.529998779296875,35.34000015258789,32.279998779296875,33.93000030517578,44738600,UBER,4.509678639473935,33.347999572753906,37.75349998474121
2020-03-05,32.209999084472656,32.209999084472656,33.56999969482422,31.969999313354492,33.470001220703125,32764500,UBER,-6.718794604230394,33.29999923706055,37.52349987030029
2020-03-06,31.68000030517578,31.68000030517578,32.40999984741211,30.450000762939453,31.229999542236328,34808700,UBER,-1.6454479800105615,32.86199951171875,37.25299987792969
2020-03-09,28.170000076293945,28.170000076293945,30.31999969482422,28.149999618530273,28.5,37439200,UBER,-11.079546070295908,31.92599983215332,36.629999828338626
2020-03-10,28.969999313354492,28.969999313354492,29.860000610351562,27.0,29.469999313354492,36308300,UBER,2.839897887447207,31.11199951171875,36.077999877929685
2020-03-11,26.239999771118164,26.239999771118164,28.139999389648438,25.610000610351562,27.90999984741211,43067800,UBER,-9.423540237979445,29.453999710083007,35.32649984359741
2020-03-12,22.610000610351562,22.610000610351562,24.690000534057617,22.110000610351562,23.260000228881836,54042000,UBER,-13.833838385784091,27.53400001525879,34.39449987411499
2020-03-13,22.600000381469727,22.600000381469727,24.809999465942383,21.1299991607666,24.010000228881836,53844400,UBER,-0.04422922871243351,25.71800003051758,33.51999988555908
2020-03-16,20.290000915527344,20.290000915527344,21.489999771118164,19.100000381469727,20.149999618530273,56914000,UBER,-10.221236402440093,24.142000198364258,32.551499938964845
2020-03-17,18.90999984741211,18.90999984741211,20.309999465942383,18.010000228881836,20.18000030517578,60003900,UBER,-6.801384947494804,22.13000030517578,31.48799991607666
2020-03-18,14.819999694824219,14.819999694824219,17.799999237060547,13.710000038146973,17.760000228881836,78286200,UBER,-21.62876882914211,19.846000289916994,30.176499938964845
2020-03-19,20.489999771118164,20.489999771118164,21.260000228881836,15.699999809265137,15.960000038146973,83988700,UBER,38.25911061438249,19.422000122070312,29.155000019073487
2020-03-20,21.329999923706055,21.329999923706055,23.889999389648438,20.610000610351562,22.530000686645508,76529700,UBER,4.09956155183524,19.16800003051758,28.185499954223634
2020-03-23,22.399999618530273,22.399999618530273,22.729999542236328,19.729999542236328,21.06999969482422,47787100,UBER,5.016407401085021,19.589999771118165,27.389999866485596
2020-03-24,26.389999389648438,26.389999389648438,26.84000015258789,23.59000015258789,24.40999984741211,58505000,UBER,17.812499281551155,21.08599967956543,26.914999866485594
2020-03-25,26.190000534057617,26.190000534057617,28.450000762939453,25.309999465942383,26.18000030517578,52473900,UBER,-0.7578585078303224,23.35999984741211,26.501999855041504
2020-03-26,28.1200008392334,28.1200008392334,28.440000534057617,25.780000686645508,26.600000381469727,41336400,UBER,7.369225909965138,24.886000061035155,26.285499858856202
2020-03-27,27.280000686645508,27.280000686645508,28.030000686645508,25.06999969482422,25.81999969482422,40292200,UBER,-2.987198177518935,26.076000213623047,25.95599994659424
2020-03-30,27.829999923706055,27.829999923706055,28.389999389648438,25.309999465942383,26.329999923706055,37725700,UBER,2.0161261848127054,27.162000274658205,25.705000019073488
2020-03-31,27.920000076293945,27.920000076293945,28.25,26.920000076293945,27.75,43126400,UBER,0.3233925721689568,27.468000411987305,25.448999977111818
2020-04-01,25.420000076293945,25.420000076293945,26.767000198364258,24.809999465942383,26.5,38538400,UBER,-8.954154703325656,27.31400032043457,24.99350004196167
2020-04-02,23.68000030517578,23.68000030517578,25.200000762939453,23.0,25.010000228881836,35838200,UBER,-6.845003012965545,26.42600021362305,24.567000102996825
2020-04-03,22.81999969482422,22.81999969482422,23.790000915527344,21.670000076293945,23.729999542236328,40572000,UBER,-3.631759287450642,25.53400001525879,24.124000072479248
2020-04-06,25.989999771118164,25.989999771118164,26.09000015258789,23.93000030517578,24.1299991607666,34692600,UBER,13.89132392062622,25.165999984741212,24.01500005722046
2020-04-07,25.739999771118164,25.739999771118164,28.110000610351562,25.5,27.950000762939453,36433800,UBER,-0.961908434788894,24.729999923706053,23.853500080108642
2020-04-08,26.940000534057617,26.940000534057617,27.878000259399414,25.790000915527344,26.0,36166900,UBER,4.662007667482282,25.03400001525879,23.888500118255614
2020-04-09,27.110000610351562,27.110000610351562,28.889999389648438,26.459999084472656,27.8799991607666,36190200,UBER,0.631032193481329,25.720000076293946,24.113500118255615
2020-04-13,27.989999771118164,27.989999771118164,28.079999923706055,26.469999313354492,27.040000915527344,24671600,UBER,3.2460315048115085,26.754000091552733,24.383000087738036
2020-04-14,27.75,27.75,28.770000457763672,27.01300048828125,28.0,32625300,UBER,-0.8574482782447546,27.1060001373291,24.75600004196167
2020-04-15,27.40999984741211,27.40999984741211,27.790000915527344,26.440000534057617,26.81999969482422,18720900,UBER,-1.2252257750914985,27.440000152587892,25.18100004196167
2020-04-16,27.030000686645508,27.030000686645508,28.049999237060547,26.459999084472656,27.209999084472656,24088700,UBER,-1.3863522907041514,27.45800018310547,25.791500091552734
2020-04-17,28.0,28.0,28.790000915527344,27.260000228881836,28.690000534057617,34129800,UBER,3.5886026219515754,27.636000061035155,26.167000102996827
2020-04-20,28.190000534057617,28.190000534057617,28.760000228881836,26.899999618530273,27.06999969482422,32224000,UBER,0.6785733359200519,27.67600021362305,26.510000133514403
2020-04-21,27.190000534057617,27.190000534057617,28.149999618530273,26.600000381469727,27.5,20969100,UBER,-3.5473571516675073,27.56400032043457,26.74950017929077
2020-04-22,28.239999771118164,28.239999771118164,28.559999465942383,27.510000228881836,27.969999313354492,21199400,UBER,3.8617109835850982,27.730000305175782,26.842000198364257
2020-04-23,28.329999923706055,28.329999923706055,29.25,28.240999221801758,28.75,26992400,UBER,0.31869742676109425,27.99000015258789,26.94900016784668
2020-04-24,29.489999771118164,29.489999771118164,29.59000015258789,28.139999389648438,28.510000228881836,20634900,UBER,4.094598837049213,28.288000106811523,27.017500114440917
2020-04-27,30.079999923706055,30.079999923706055,30.489999771118164,29.410999298095703,29.739999771118164,31705800,UBER,2.000678728949068,28.665999984741212,27.157500076293946
2020-04-28,30.1200008392334,30.1200008392334,31.829999923706055,29.360000610351562,31.0,27383200,UBER,0.13298176738298917,29.252000045776366,27.272000122070313
2020-04-29,31.3700008392334,31.3700008392334,32.0,30.329999923706055,31.0,28288100,UBER,4.150066285429133,29.878000259399414,27.444500160217284
2020-04-30,30.270000457763672,30.270000457763672,31.049999237060547,29.75,30.5,20095400,UBER,-3.5065360281852254,30.26600036621094,27.68700017929077
2020-05-01,28.389999389648438,28.389999389648438,29.719999313354492,28.325000762939453,29.1299991607666,19290200,UBER,-6.210773173718442,30.046000289916993,27.922500133514404
2020-05-04,27.420000076293945,27.420000076293945,28.06999969482422,26.579999923706055,27.559999465942383,23428300,UBER,-3.416693674562643,29.51400032043457,28.15250015258789
2020-05-05,28.06999969482422,28.06999969482422,28.909000396728516,27.440000534057617,28.25,30725400,UBER,2.3705310602541996,29.104000091552734,28.256500148773192
2020-05-06,27.81999969482422,27.81999969482422,28.059999465942383,26.809999465942383,27.5,31076500,UBER,-0.8906305761239408,28.3939998626709,28.360500144958497
2020-05-07,30.93000030517578,30.93000030517578,31.649999618530273,29.579999923706055,29.600000381469727,62229500,UBER,11.179010224540598,28.52599983215332,28.560000133514404
2020-05-08,32.790000915527344,32.790000915527344,33.29999923706055,31.639999389648438,32.59000015258789,69458100,UBER,6.013580963464493,29.4060001373291,28.844000148773194
2020-05-11,31.639999389648438,31.639999389648438,32.3849983215332,31.40999984741211,31.979999542236328,26439200,UBER,-3.507171374717266,30.25,29.026500129699706
2020-05-12,32.400001525878906,32.400001525878906,34.45000076293945,30.40999984741211,31.420000076293945,89586000,UBER,2.4020295540180037,31.116000366210937,29.25900020599365
2020-05-13,33.02000045776367,33.02000045776367,33.060001373291016,30.829999923706055,32.29999923706055,47279500,UBER,1.9135768601416636,32.15600051879883,29.53950023651123
2020-05-14,32.790000915527344,32.790000915527344,33.040000915527344,31.239999771118164,32.529998779296875,32912600,UBER,-0.6965461509624293,32.52800064086914,29.82750024795532
2020-05-15,32.470001220703125,32.470001220703125,32.88999938964844,31.59000015258789,32.2599983215332,25950000,UBER,-0.9759063308616311,32.4640007019043,30.051000308990478
2020-05-18,33.619998931884766,33.619998931884766,36.0,32.9900016784668,33.70000076293945,47534600,UBER,3.5417236462818247,32.86000061035156,30.322500228881836
2020-05-19,33.400001525878906,33.400001525878906,34.0,32.86000061035156,33.68000030517578,20223600,UBER,-0.6543647025438082,33.060000610351565,30.6330002784729
2020-05-20,34.47999954223633,34.47999954223633,34.77000045776367,33.81999969482422,34.119998931884766,21386700,UBER,3.2335268473584255,33.3520004272461,30.94500026702881
2020-05-21,34.2599983215332,34.2599983215332,35.0099983215332,33.470001220703125,34.45000076293945,24075300,UBER,-0.6380545928767578,33.645999908447266,31.241500186920167
2020-05-22,34.83000183105469,34.83000183105469,34.93000030517578,33.56999969482422,34.150001525878906,18675700,UBER,1.6637581361562015,34.11800003051758,31.50850028991699
2020-05-26,34.560001373291016,34.560001373291016,36.0,34.5,35.970001220703125,23483200,UBER,-0.775195071976531,34.306000518798825,31.73250036239624
2020-05-27,34.880001068115234,34.880001068115234,35.0,33.099998474121094,34.41999816894531,27514600,UBER,0.9259250061012025,34.6020004272461,31.97050037384033
2020-05-28,34.150001525878906,34.150001525878906,35.099998474121094,33.81999969482422,34.900001525878906,21951900,UBER,-2.0928885317714085,34.53600082397461,32.10950040817261
2020-05-29,36.31999969482422,36.31999969482422,36.45000076293945,34.0,34.18000030517578,72393800,UBER,6.3543135343665735,34.948001098632815,32.41200037002564
2020-06-01,35.81999969482422,35.81999969482422,36.38999938964844,35.15999984741211,35.63999938964844,21893800,UBER,-1.3766519939460542,35.146000671386716,32.78350038528443
2020-06-02,35.810001373291016,35.810001373291016,36.41999816894531,35.2599983215332,36.15999984741211,19328400,UBER,-0.027912679001640406,35.396000671386716,33.203000450134276
2020-06-03,36.75,36.75,37.36800003051758,36.13999938964844,36.20000076293945,23051800,UBER,2.6249611579464593,35.77000045776367,33.637000465393065
2020-06-04,36.43000030517578,36.43000030517578,37.29999923706055,36.279998779296875,36.41999816894531,17423600,UBER,-0.8707474689094385,36.226000213623045,34.06750049591064
2020-06-05,37.209999084472656,37.209999084472656,38.78300094604492,36.91999816894531,37.529998779296875,30393400,UBER,2.141089137421881,36.40400009155273,34.38150043487549
2020-06-08,37.08000183105469,37.08000183105469,37.900001525878906,36.09000015258789,37.869998931884766,30099500,UBER,-0.34936107663656735,36.65600051879883,34.59600048065185
2020-06-09,36.59000015258789,36.59000015258789,37.33000183105469,36.25,36.70000076293945,15127300,UBER,-1.3214715595197712,36.8120002746582,34.84350051879883
2020-06-10,34.83000183105469,34.83000183105469,36.79999923706055,34.26499938964844,36.689998626708984,43473700,UBER,-4.810052785443142,36.42800064086914,34.965000534057616
2020-06-11,31.100000381469727,31.100000381469727,33.244998931884766,30.889999389648438,32.630001068115234,45298700,UBER,-10.709162370067016,35.36200065612793,34.86900053024292
2020-06-12,32.2400016784668,32.2400016784668,32.7400016784668,31.040000915527344,32.72999954223633,27685200,UBER,3.6655989807521605,34.36800117492676,34.84150056838989
2020-06-15,32.66999816894531,32.66999816894531,32.68000030517578,31.020000457763672,31.15999984741211,21350300,UBER,1.3337359432140206,33.48600044250488,34.851500415802
2020-06-16,33.4900016784668,33.4900016784668,34.16999816894531,32.43000030517578,34.0,21377100,UBER,2.5099588475059775,32.866000747680665,34.8450005531311
2020-06-17,33.290000915527344,33.290000915527344,33.595001220703125,33.01100158691406,33.5,14827700,UBER,-0.5971954401783441,32.558000564575195,34.83950052261353
2020-06-18,33.400001525878906,33.400001525878906,33.439998626708984,32.79999923706055,33.0,15495800,UBER,0.33043138277673023,33.018000793457034,34.785500621795656
2020-06-19,32.29999923706055,32.29999923706055,34.02000045776367,32.27000045776367,33.97999954223633,29426300,UBER,-3.293419875942394,33.03000030517578,34.687500667572024
2020-06-22,32.68000030517578,32.68000030517578,32.849998474121094,31.43000030517578,32.43000030517578,17790300,UBER,1.176473922882404,33.03200073242188,34.58000059127808
2020-06-23,33.04999923706055,33.04999923706055,33.209999084472656,32.59000015258789,32.880001068115234,13622100,UBER,1.1321876634932782,32.944000244140625,34.504500484466554
2020-06-24,30.459999084472656,30.459999084472656,32.93000030517578,30.454999923706055,32.75,29477200,UBER,-7.836611837750363,32.37799987792969,34.28350038528443
2020-06-25,30.579999923706055,30.579999923706055,30.854999542236328,29.559999465942383,30.0,19142800,UBER,0.39396205791277783,31.813999557495116,34.10500030517578
2020-06-26,29.610000610351562,29.610000610351562,30.440000534057617,29.209999084472656,30.440000534057617,46482300,UBER,-3.1720056107735095,31.27599983215332,33.76950035095215
2020-06-29,29.6299991607666,29.6299991607666,29.75,28.389999389648438,29.510000228881836,20795400,UBER,0.06753985141103591,30.665999603271484,33.460000324249265
2020-06-30,31.079999923706055,31.079999923706055,31.25,30.1299991607666,30.829999923706055,21282800,UBER,4.893691542385925,30.271999740600585,33.22350025177002
2020-07-01,30.43000030517578,30.43000030517578,31.264999389648438,30.16200065612793,30.959999084472656,13611500,UBER,-2.0913758691308404,30.26599998474121,32.90750026702881
2020-07-02,30.68000030517578,30.68000030517578,31.56999969482422,30.510000228881836,31.020000457763672,14981100,UBER,0.8215576651094514,30.286000061035157,32.62000026702881
2020-07-06,32.52000045776367,32.52000045776367,33.20000076293945,31.760000228881836,33.099998474121094,42392200,UBER,5.997392875766949,30.868000030517578,32.38550033569336
2020-07-07,32.81999969482422,32.81999969482422,33.560001373291016,32.38999938964844,32.459999084472656,34874700,UBER,0.9225068660444258,31.506000137329103,32.17250022888184
2020-07-08,33.93000030517578,33.93000030517578,33.970001220703125,32.68000030517578,33.209999084472656,24602400,UBER,3.382085986206196,32.07600021362305,32.03950023651123
2020-07-09,33.150001525878906,33.150001525878906,34.459999084472656,32.2599983215332,34.2400016784668,25061800,UBER,-2.2988469563258174,32.62000045776367,31.955500221252443
2020-07-10,33.13999938964844,33.13999938964844,33.54999923706055,32.650001525878906,33.13999938964844,13586300,UBER,-0.030172355264179718,33.1120002746582,32.057500171661374
2020-07-13,31.719999313354492,31.719999313354492,33.599998474121094,31.65999984741211,33.209999084472656,19604800,UBER,-4.284852451558874,32.952000045776366,32.031500053405765
2020-07-14,30.93000030517578,30.93000030517578,31.3799991607666,30.479999542236328,31.350000381469727,21781800,UBER,-2.4905391717524816,32.57400016784668,31.944500160217284
2020-07-15,32.810001373291016,32.810001373291016,32.970001220703125,31.68000030517578,32.099998474121094,20976500,UBER,6.078244583142278,32.35000038146973,31.910500144958498
2020-07-16,32.349998474121094,32.349998474121094,32.59000015258789,31.549999237060547,32.04999923706055,11090800,UBER,-1.4020203593907432,32.18999977111817,31.863500022888182
2020-07-17,32.54999923706055,32.54999923706055,32.816001892089844,31.850000381469727,32.58000183105469,13658700,UBER,0.6182404091902738,32.07199974060059,31.820999908447266
2020-07-20,33.65999984741211,33.65999984741211,33.92499923706055,32.349998474121094,32.47999954223633,16213600,UBER,3.4101402038982043,32.45999984741211,31.888999938964844
2020-07-21,32.54999923706055,32.54999923706055,34.22999954223633,32.529998779296875,34.15999984741211,16725100,UBER,-3.2976845376810116,32.783999633789065,31.88249988555908
2020-07-22,32.65999984741211,32.65999984741211,32.880001068115234,32.33000183105469,32.439998626708984,12128400,UBER,0.337943511305272,32.75399932861328,31.86299991607666
2020-07-23,32.16999816894531,32.16999816894531,33.02000045776367,31.982999801635742,32.33000183105469,12749800,UBER,-1.5003113311576555,32.71799926757812,31.948499870300292
2020-07-24,31.18000030517578,31.18000030517578,31.799999237060547,30.469999313354492,31.739999771118164,16896100,UBER,-3.077394840280734,32.443999481201175,31.97849988937378
2020-07-27,30.989999771118164,30.989999771118164,31.600000381469727,30.75,31.209999084472656,10182300,UBER,-0.6093666844065981,31.909999465942384,32.04749984741211
2020-07-28,30.809999465942383,30.809999465942383,31.239999771118164,30.350000381469727,30.790000915527344,12977100,UBER,-0.5808335156670008,31.56199951171875,32.1064998626709
2020-07-29,31.020000457763672,31.020000457763672,31.260000228881836,30.770000457763672,30.920000076293945,8215900,UBER,0.6816001150971251,31.23399963378906,32.10349988937378
2020-07-30,30.239999771118164,30.239999771118164,30.68000030517578,29.969999313354492,30.649999618530273,13062900,UBER,-2.5145089462765946,30.84799995422363,32.0939998626709
2020-07-31,30.260000228881836,30.260000228881836,30.420000076293945,29.78499984741211,30.399999618530273,16346800,UBER,0.06613908040691285,30.663999938964842,32.0729998588562
2020-08-03,31.190000534057617,31.190000534057617,31.295000076293945,30.059999465942383,30.239999771118164,17078900,UBER,3.0733651623972458,30.704000091552736,32.0064998626709
2020-08-04,32.68000030517578,32.68000030517578,32.845001220703125,31.170000076293945,31.170000076293945,21958100,UBER,4.777171354938492,31.078000259399413,31.999499893188478
2020-08-05,33.20000076293945,33.20000076293945,33.31999969482422,32.5,33.099998474121094,16987800,UBER,1.5911886563884536,31.51400032043457,31.96299991607666
2020-08-06,34.709999084472656,34.709999084472656,34.79499816894531,33.209999084472656,33.27000045776367,38601500,UBER,4.5481876109436215,32.40800018310547,32.040999794006346
2020-08-07,32.900001525878906,32.900001525878906,33.70000076293945,32.45000076293945,33.09000015258789,39071200,UBER,-5.214628655531839,32.936000442504884,32.02899990081787
2020-08-10,32.27000045776367,32.27000045776367,33.18000030517578,31.510000228881836,33.040000915527344,21347600,UBER,-1.9148967747605772,33.152000427246094,32.05649995803833
2020-08-11,31.209999084472656,31.209999084472656,32.209999084472656,30.649999618530273,31.65999984741211,31569900,UBER,-3.2847888387184554,32.85800018310547,32.070499897003174
2020-08-12,30.84000015258789,30.84000015258789,32.220001220703125,30.690000534057617,31.459999084472656,23375900,UBER,-1.1855140747788262,32.386000061035155,31.971999835968017
2020-08-13,30.459999084472656,30.459999084472656,31.329999923706055,30.31999969482422,30.520000457763672,21976800,UBER,-1.2321694754704682,31.536000061035157,31.877499866485596
2020-08-14,29.989999771118164,29.989999771118164,30.489999771118164,29.815000534057617,30.399999618530273,17631600,UBER,-1.543005014711507,30.953999710083007,31.749499893188478
2020-08-17,29.479999542236328,29.479999542236328,30.1200008392334,29.139999389648438,30.049999237060547,18544700,UBER,-1.7005676317910168,30.39599952697754,31.540499877929687
2020-08-18,30.079999923706055,30.079999923706055,30.459999084472656,29.40999984741211,29.5,29398200,UBER,2.035279480279839,30.16999969482422,31.416999912261964
2020-08-19,29.420000076293945,29.420000076293945,30.349000930786133,29.389999389648438,30.149999618530273,14050300,UBER,-2.1941484344618067,29.88599967956543,31.254999923706055
2020-08-20,31.40999984741211,31.40999984741211,31.700000762939453,28.479999542236328,29.1299991607666,56663300,UBER,6.764105254784369,30.07599983215332,31.217000007629395
2020-08-21,30.829999923706055,30.829999923706055,31.81999969482422,30.714000701904297,31.389999389648438,20217000,UBER,-1.8465454521606528,30.243999862670897,31.199499988555907
2020-08-24,31.040000915527344,31.040000915527344,31.299999237060547,30.3700008392334,30.969999313354492,17406200,UBER,0.6811579381802435,30.5560001373291,31.202000045776366
2020-08-25,31.190000534057617,31.190000534057617,31.190000534057617,30.600000381469727,31.040000915527344,10056800,UBER,0.4832461794652687,30.778000259399413,31.221000099182127
2020-08-26,32.29999923706055,32.29999923706055,32.709999084472656,30.950000762939453,31.010000228881836,20599800,UBER,3.558828739970288,31.354000091552734,31.285000038146972
2020-08-27,32.79999923706055,32.79999923706055,33.06999969482422,32.27000045776367,32.400001525878906,21306500,UBER,1.5479876526631742,31.631999969482422,31.41300001144409
2020-08-28,33.79999923706055,33.79999923706055,33.939998626708984,32.81999969482422,33.0,17825600,UBER,3.0487805587205763,32.22599983215332,31.589999961853028
2020-08-31,33.630001068115234,33.630001068115234,33.91999816894531,33.13999938964844,33.619998931884766,14980600,UBER,-0.5029531739128457,32.7439998626709,31.71199998855591
2020-09-01,34.29999923706055,34.29999923706055,34.5099983215332,33.14500045776367,33.45000076293945,16013900,UBER,1.9922632996302259,33.36599960327148,31.792999935150146
2020-09-02,34.369998931884766,34.369998931884766,34.505001068115234,33.290000915527344,34.209999084472656,16552700,UBER,0.2040807474671391,33.779999542236325,31.851499843597413
2020-09-03,33.40999984741211,33.40999984741211,34.7400016784668,32.95000076293945,34.08000183105469,17288800,UBER,-2.793130969760005,33.90199966430664,31.786499881744383
2020-09-04,33.2400016784668,33.2400016784668,33.650001525878906,31.549999237060547,33.33000183105469,17480600,UBER,-0.5088242134741572,33.79000015258789,31.80349988937378
2020-09-08,34.31999969482422,34.31999969482422,35.099998474121094,32.15999984741211,32.36000061035156,33683500,UBER,3.2490913412229316,33.927999877929686,31.905999851226806
2020-09-09,35.0099983215332,35.0099983215332,35.5,34.11000061035156,34.11000061035156,22803500,UBER,2.01048552693619,34.06999969482422,32.095999813079835
2020-09-10,35.97999954223633,35.97999954223633,36.779998779296875,35.189998626708984,35.20000076293945,35468300,UBER,2.770640580426753,34.39199981689453,32.35299978256226
2020-09-11,36.97999954223633,36.97999954223633,37.14500045776367,36.25400161743164,36.29999923706055,27130900,UBER,2.7793218808302544,35.10599975585937,32.67899980545044
2020-09-14,37.95000076293945,37.95000076293945,38.0,37.08000183105469,37.099998474121094,28016000,UBER,2.6230428142521856,36.04799957275391,33.07699985504151
2020-09-15,37.470001220703125,37.470001220703125,38.47999954223633,37.27000045776367,37.95000076293945,23532600,UBER,-1.2648209027312562,36.677999877929686,33.47649993896484
2020-09-16,37.65999984741211,37.65999984741211,38.52000045776367,37.38999938964844,37.38999938964844,21787100,UBER,0.5070686429655247,37.20800018310547,33.85549993515015
2020-09-17,37.060001373291016,37.060001373291016,37.44499969482422,36.13999938964844,36.68000030517578,23534800,UBER,-1.593198291428899,37.4240005493164,34.2375
2020-09-18,37.119998931884766,37.119998931884766,37.564998626708984,36.38999938964844,37.150001525878906,68428600,UBER,0.16189302852263054,37.45200042724609,34.522999954223636
2020-09-21,36.4900016784668,36.4900016784668,36.58000183105469,35.119998931884766,35.86000061035156,19100800,UBER,-1.6971909255008688,37.16000061035156,34.80600004196167
2020-09-22,34.400001525878906,34.400001525878906,36.54999923706055,34.099998474121094,36.529998779296875,28242800,UBER,-5.72759675651433,36.54600067138672,34.97400007247925
2020-09-23,33.54999923706055,33.54999923706055,34.80500030517578,33.400001525878906,34.45000076293945,15796900,UBER,-2.4709367764966794,35.72400054931641,35.092000007629395
2020-09-24,33.349998474121094,33.349998474121094,34.0,32.88999938964844,33.65999984741211,16404100,UBER,-0.5961274738824018,34.98199996948242,35.144499969482425
2020-09-25,34.459999084472656,34.459999084472656,34.5,33.20000076293945,33.20000076293945,10736300,UBER,3.3283378145066544,34.45,35.22749996185303
2020-09-28,35.560001373291016,35.560001373291016,36.625,35.2599983215332,35.79999923706055,22878400,UBER,3.1921135172461756,34.263999938964844,35.31550006866455
2020-09-29,35.43000030517578,35.43000030517578,35.650001525878906,34.595001220703125,35.560001373291016,16488700,UBER,-0.365582292167399,34.46999969482422,35.40550003051758
2020-09-30,36.47999954223633,36.47999954223633,36.5,35.279998779296875,35.279998779296875,21386300,UBER,2.963587998917294,35.055999755859375,35.514500045776366
2020-10-01,37.13999938964844,37.13999938964844,37.827999114990234,36.58000183105469,36.86000061035156,19187500,UBER,1.8092101307401798,35.81399993896484,35.653000068664554
2020-10-02,37.720001220703125,37.720001220703125,37.9900016784668,35.939998626708984,36.0,20123400,UBER,1.5616635449281713,36.466000366210935,35.8685001373291
2020-10-05,37.13999938964844,37.13999938964844,38.0,36.880001068115234,37.70000076293945,13093100,UBER,-1.537650615812669,36.78199996948242,36.063500022888185
2020-10-06,36.2599983215332,36.2599983215332,37.369998931884766,36.040000915527344,37.16999816894531,13074700,UBER,-2.3694159466262854,36.94799957275391,36.16049995422363
2020-10-07,36.779998779296875,36.779998779296875,37.11000061035156,36.3650016784668,36.59000015258789,13782100,UBER,1.4340884772045426,37.007999420166016,36.248999977111815
2020-10-08,37.34000015258789,37.34000015258789,37.83000183105469,36.959999084472656,37.0,12212400,UBER,1.5225703966206705,37.04799957275391,36.317000007629396
2020-10-09,37.27000045776367,37.27000045776367,38.349998474121094,37.189998626708984,37.90999984741211,13172000,UBER,-0.18746570577977684,36.95799942016602,36.33150005340576
2020-10-12,36.2599983215332,36.2599983215332,37.560001373291016,36.17499923706055,37.560001373291016,16569400,UBER,-2.7099600853910832,36.78199920654297,36.24699993133545
2020-10-13,35.560001373291016,35.560001373291016,36.22999954223633,35.02000045776367,36.220001220703125,15463100,UBER,-1.930493603543526,36.64199981689453,36.15149993896485
2020-10-14,35.11000061035156,35.11000061035156,36.09000015258789,35.07500076293945,35.689998626708984,15397200,UBER,-1.2654689132758246,36.30800018310547,36.023999977111814
2020-10-15,34.2599983215332,34.2599983215332,34.810001373291016,34.02000045776367,34.68000030517578,15443800,UBER,-2.4209691655993626,35.69199981689453,35.883999824523926
2020-10-16,33.720001220703125,33.720001220703125,34.79999923706055,33.61000061035156,34.779998779296875,14899700,UBER,-1.5761737515634255,34.98199996948242,35.71399993896485
2020-10-19,34.220001220703125,34.220001220703125,34.59000015258789,34.0,34.15999984741211,19278600,UBER,1.4827994718250803,34.57400054931641,35.60049991607666
2020-10-20,36.310001373291016,36.310001373291016,36.7599983215332,34.529998779296875,34.529998779296875,29820700,UBER,6.107539678646878,34.72400054931641,35.69599990844726
2020-10-21,35.20000076293945,35.20000076293945,36.25,34.875,36.25,19058700,UBER,-3.0570106537315067,34.742000579833984,35.77849998474121
2020-10-22,36.70000076293945,36.70000076293945,36.88999938964844,34.915000915527344,35.41999816894531,14243600,UBER,4.261363544001062,35.230001068115236,35.94600009918213
2020-10-23,36.75,36.75,36.9900016784668,35.92399978637695,36.5,15960600,UBER,0.13623770033006632,35.83600082397461,36.060500144958496
2020-10-26,35.4900016784668,35.4900016784668,36.7400016784668,35.119998931884766,36.5,12511700,UBER,-3.4285668613148412,36.09000091552734,36.057000160217285
2020-10-27,34.15999984741211,34.15999984741211,35.70000076293945,34.02000045776367,35.5099983215332,13692100,UBER,-3.747539498882735,35.66000061035156,35.9935001373291
2020-10-28,33.650001525878906,33.650001525878906,33.65999984741211,32.900001525878906,33.619998931884766,15787900,UBER,-1.4929693320002713,35.35000076293945,35.85200023651123
2020-10-29,34.060001373291016,34.060001373291016,34.935001373291016,33.33000183105469,33.709999084472656,13735300,UBER,1.2184244541468825,34.822000885009764,35.69800033569336
2020-10-30,33.40999984741211,33.40999984741211,34.38999938964844,33.154998779296875,33.90999984741211,13506200,UBER,-1.9084013495919039,34.15400085449219,35.48250026702881
2020-11-02,34.810001373291016,34.810001373291016,35.04999923706055,34.060001373291016,34.150001525878906,18350500,UBER,4.1903667532861455,34.018000793457034,35.36600036621094
2020-11-03,35.77000045776367,35.77000045776367,36.150001525878906,35.150001525878906,35.27000045776367,16208800,UBER,2.757825471415365,34.34000091552734,35.341500473022464
2020-11-04,40.9900016784668,40.9900016784668,42.150001525878906,39.0,40.65999984741211,101818200,UBER,14.593237779984868,35.80800094604492,35.55200061798096
2020-11-05,41.959999084472656,41.959999084472656,42.04999923706055,40.0099983215332,40.33000183105469,34177600,UBER,2.366424411530166,37.38800048828125,35.7830005645752
2020-11-06,44.869998931884766,44.869998931884766,45.380001068115234,41.619998931884766,42.09000015258789,57670700,UBER,6.935176146104727,39.68000030517578,36.16300048828125
2020-11-09,48.18000030517578,48.18000030517578,49.619998931884766,47.29999923706055,48.0099983215332,61632300,UBER,7.37686973943501,42.354000091552734,36.759000587463376
2020-11-10,47.0,47.0,49.36000061035156,46.04499816894531,46.7400016784668,33079800,UBER,-2.449149642385995,44.6,37.33100051879883
2020-11-11,46.22999954223633,46.22999954223633,47.52000045776367,45.90999984741211,46.720001220703125,19213700,UBER,-1.6382988463056858,45.6479995727539,37.887000465393065
2020-11-12,46.400001525878906,46.400001525878906,47.470001220703125,45.04999923706055,45.38999938964844,16251600,UBER,0.3677308789225897,46.53600006103515,38.494000625610354
2020-11-13,47.61000061035156,47.61000061035156,47.790000915527344,45.93000030517578,47.11000061035156,15552400,UBER,2.607756561813468,47.08400039672851,39.188500595092776
2020-11-16,49.209999084472656,49.209999084472656,50.09000015258789,48.47999954223633,48.7400016784668,29301700,UBER,3.3606352732816758,47.29000015258789,39.93800048828125
2020-11-17,48.88999938964844,48.88999938964844,49.619998931884766,48.5,48.720001220703125,16638300,UBER,-0.6502737264329483,47.668000030517575,40.56700038909912
2020-11-18,49.11000061035156,49.11000061035156,49.95000076293945,48.33000183105469,48.77000045776367,17783500,UBER,0.44999227541349107,48.24400024414062,41.26250038146973
2020-11-19,49.2599983215332,49.2599983215332,49.90999984741211,48.650001525878906,49.099998474121094,13480300,UBER,0.3054321101963575,48.815999603271486,41.89050025939942
2020-11-20,48.43000030517578,48.43000030517578,50.75,48.27000045776367,49.97999954223633,17330400,UBER,-1.684933099144259,48.97999954223633,42.474500274658205
2020-11-23,50.040000915527344,50.040000915527344,50.880001068115234,48.5099983215332,48.65999984741211,17147100,UBER,3.324386950663505,49.145999908447266,43.20200023651123
2020-11-24,51.2599983215332,51.2599983215332,52.150001525878906,50.48400115966797,50.619998931884766,16216200,UBER,2.4380443319042655,49.619999694824216,44.057000160217285
2020-11-25,50.79999923706055,50.79999923706055,51.45000076293945,49.91999816894531,51.27000045776367,11641600,UBER,-0.8973841192644327,49.95799942016602,44.914500045776364
2020-11-27,50.720001220703125,50.720001220703125,51.189998626708984,50.20000076293945,50.93000030517578,8339200,UBER,-0.15747641251746547,50.25,45.747500038146974
2020-11-30,49.65999984741211,49.65999984741211,51.005001068115234,48.529998779296875,50.220001220703125,17221500,UBER,-2.089908020069875,50.49599990844727,46.560000038146974
2020-12-01,49.630001068115234,49.630001068115234,51.40999984741211,49.06999969482422,50.0,20605500,UBER,-0.06040833545922775,50.41399993896484,47.30100002288818
2020-12-02,53.09000015258789,53.09000015258789,53.45000076293945,48.529998779296875,49.2599983215332,30381500,UBER,6.971587769510501,50.78000030517578,48.1670000076294
2020-12-03,52.52000045776367,52.52000045776367,53.4900016784668,52.119998931884766,53.29999923706055,13122400,UBER,-1.0736479434657387,51.124000549316406,48.74349994659424
2020-12-04,54.86000061035156,54.86000061035156,54.86000061035156,52.709999084472656,52.709999084472656,22207900,UBER,4.455445796253765,51.95200042724609,49.38850002288818
2020-12-07,53.79999923706055,53.79999923706055,54.869998931884766,53.650001525878906,54.59000015258789,13764400,UBER,-1.9321935134849477,52.78000030517578,49.83500003814697
2020-12-08,53.0099983215332,53.0099983215332,54.220001220703125,52.349998474121094,52.400001525878906,26167300,UBER,-1.4684032095360067,53.455999755859374,50.076499938964844
2020-12-09,53.790000915527344,53.790000915527344,56.02000045776367,53.060001373291016,53.97999954223633,46777900,UBER,1.4714254266959603,53.59599990844727,50.41599998474121
2020-12-10,54.349998474121094,54.349998474121094,54.619998931884766,51.29999923706055,52.33000183105469,20207700,UBER,1.0410811471692982,53.96199951171875,50.82199993133545
2020-12-11,52.630001068115234,52.630001068115234,55.025001525878906,52.33000183105469,54.470001220703125,16817900,UBER,-3.164668729153397,53.51599960327148,51.13349990844726
2020-12-14,51.459999084472656,51.459999084472656,53.439998626708984,51.2400016784668,53.27000045776367,19048500,UBER,-2.2230704159179604,53.04799957275391,51.32599983215332
2020-12-15,51.0,51.0,52.82500076293945,50.869998931884766,52.119998931884766,17504700,UBER,-0.8938964101370406,52.645999908447266,51.41549987792969
2020-12-16,50.4900016784668,50.4900016784668,51.68000030517578,50.290000915527344,51.18000030517578,19577800,UBER,-0.9999967088886286,51.986000061035156,51.495499992370604
2020-12-17,50.630001068115234,50.630001068115234,51.29999923706055,50.16999816894531,50.59000015258789,19688300,UBER,0.27728141214966584,51.242000579833984,51.57150001525879
2020-12-18,50.619998931884766,50.619998931884766,50.95000076293945,49.52000045776367,50.810001373291016,24355200,UBER,-0.01975535457131583,50.84000015258789,51.639500045776366
2020-12-21,51.79999923706055,51.79999923706055,52.349998474121094,48.790000915527344,49.0,23562900,UBER,2.331095081142953,50.90800018310547,51.807999992370604
2020-12-22,53.779998779296875,53.779998779296875,54.36000061035156,51.91999816894531,52.11000061035156,23871800,UBER,3.8223929949785074,51.46399993896485,51.99499988555908
2020-12-23,53.709999084472656,53.709999084472656,54.09000015258789,52.9900016784668,53.79999923706055,12671100,UBER,-0.13015934624968084,52.10799942016602,52.117499923706056
2020-12-24,52.880001068115234,52.880001068115234,53.625,52.290000915527344,53.599998474121094,6316800,UBER,-1.545332397142729,52.55799942016601,52.22150001525879
2020-12-28,51.970001220703125,51.970001220703125,53.130001068115234,51.560001373291016,53.02000045776367,12059000,UBER,-1.720877135081611,52.827999877929685,52.28400001525879
2020-12-29,52.27000045776367,52.27000045776367,52.9900016784668,51.470001220703125,52.33000183105469,10140600,UBER,0.5772546276967105,52.922000122070315,52.414500045776364
2020-12-30,53.150001525878906,53.150001525878906,53.849998474121094,52.220001220703125,52.720001220703125,9518600,UBER,1.6835681278141834,52.79600067138672,52.590500068664554
2020-12-31,51.0,51.0,53.279998779296875,51.0,53.279998779296875,13282800,UBER,-4.04515797583197,52.25400085449219,52.486000061035156
2021-01-04,51.13999938964844,51.13999938964844,52.31999969482422,49.6349983215332,52.220001220703125,17291800,UBER,0.27450860715378944,51.90600051879883,52.4170000076294
2021-01-05,54.0099983215332,54.0099983215332,54.189998626708984,50.7599983215332,51.0,21403200,UBER,5.612043344031981,52.31399993896484,52.37449989318848
2021-01-06,52.47999954223633,52.47999954223633,54.06999969482422,52.0,53.310001373291016,17738100,UBER,-2.832806567014612,52.35599975585937,52.30849990844727
2021-01-07,56.130001068115234,56.130001068115234,56.25,53.20000076293945,53.369998931884766,23737500,UBER,6.955033456014714,52.95199966430664,52.46450004577637
2021-01-08,53.279998779296875,53.279998779296875,54.790000915527344,52.58000183105469,54.39500045776367,37999400,UBER,-5.077502644904297,53.407999420166014,52.43899993896484
2021-01-11,54.59000015258789,54.59000015258789,55.0,52.9900016784668,53.11000061035156,23213800,UBER,2.458711342538633,54.097999572753906,52.45100002288818
2021-01-12,58.540000915527344,58.540000915527344,59.38999938964844,55.0,55.5,52128200,UBER,7.235758842092976,55.00400009155273,52.74650001525879
2021-01-13,59.400001525878906,59.400001525878906,59.880001068115234,57.529998779296875,58.540000915527344,24178500,UBER,1.469081989924348,56.38800048828125,53.1435001373291
2021-01-14,56.90999984741211,56.90999984741211,60.029998779296875,56.70000076293945,60.0,26561000,UBER,-4.191921909937957,56.544000244140626,53.43900012969971
2021-01-15,55.52000045776367,55.52000045776367,57.900001525878906,55.0,57.4900016784668,23708800,UBER,-2.4424519300216496,56.992000579833984,53.69050006866455
2021-01-19,56.29999923706055,56.29999923706055,56.84199905395508,55.0,56.38999938964844,16953700,UBER,1.404896925190502,57.33400039672851,53.973999977111816
2021-01-20,56.380001068115234,56.380001068115234,57.97999954223633,55.470001220703125,57.0,16904300,UBER,0.1420991689854656,56.902000427246094,54.26200008392334
2021-01-21,55.790000915527344,55.790000915527344,57.0,55.31399917602539,56.56999969482422,13432000,UBER,-1.046470630383789,56.18000030517578,54.46150016784668
2021-01-22,54.310001373291016,54.310001373291016,55.470001220703125,54.0099983215332,55.25,19570500,UBER,-2.6528042981702415,55.66000061035156,54.488000297546385
2021-01-25,54.290000915527344,54.290000915527344,54.52000045776367,49.650001525878906,54.5,40890100,UBER,-0.036826472579520875,55.4140007019043,54.517000389099124
2021-01-26,51.91999816894531,51.91999816894531,55.52000045776367,51.529998779296875,54.619998931884766,25677000,UBER,-4.365449818779044,54.53800048828125,54.469000244140624
2021-01-27,48.11000061035156,48.11000061035156,50.86000061035156,47.150001525878906,49.970001220703125,33283400,UBER,-7.33820819137202,52.88400039672852,54.27600021362305
2021-01-28,51.58000183105469,51.58000183105469,52.52000045776367,49.880001068115234,50.119998931884766,28114700,UBER,7.212640151071836,52.04200057983398,54.241500282287596
2021-01-29,50.93000030517578,50.93000030517578,51.4900016784668,49.6349983215332,50.630001068115234,18743200,UBER,-1.260181277247574,51.36600036621094,54.13050022125244
2021-02-01,52.7599983215332,52.7599983215332,52.900001525878906,51.349998474121094,52.119998931884766,15570900,UBER,3.593163175715608,51.05999984741211,54.2185001373291
2021-02-02,56.459999084472656,56.459999084472656,58.029998779296875,54.88999938964844,55.11000061035156,30286800,UBER,7.01289022109266,51.96800003051758,54.484500122070315
2021-02-03,57.119998931884766,57.119998931884766,58.130001068115234,56.7400016784668,57.869998931884766,13519000,UBER,1.1689689304186013,53.76999969482422,54.64000015258789
2021-02-04,57.849998474121094,57.849998474121094,57.849998474121094,56.11000061035156,56.45000076293945,13841600,UBER,1.278010426972953,55.0239990234375,54.90850009918213
2021-02-05,58.58000183105469,58.58000183105469,58.70800018310547,57.369998931884766,58.15999984741211,15729200,UBER,1.2618900193405391,56.55399932861328,55.0310001373291
2021-02-08,59.290000915527344,59.290000915527344,60.11000061035156,58.689998626708984,59.70000076293945,18403700,UBER,1.2120161527483297,57.85999984741211,55.33150024414063
2021-02-09,59.61000061035156,59.61000061035156,61.060001373291016,58.619998931884766,58.90999984741211,23510700,UBER,0.5397194971882957,58.49000015258789,55.582500267028806
2021-02-10,63.18000030517578,63.18000030517578,63.5,60.79999923706055,62.0,36972900,UBER,5.988927458934246,59.70200042724609,55.81450023651123
2021-02-11,60.709999084472656,60.709999084472656,64.05000305175781,60.39500045776367,63.25,41363400,UBER,-3.909466933796102,60.274000549316405,55.88000011444092
2021-02-12,60.630001068115234,60.630001068115234,60.93000030517578,59.314998626708984,60.119998931884766,14607800,UBER,-0.13177074215749984,60.684000396728514,56.06600017547608
2021-02-16,60.52000045776367,60.52000045776367,61.310001373291016,59.84000015258789,61.02000045776367,15413100,UBER,-0.18142933929355953,60.93000030517578,56.31600017547608
2021-02-17,60.810001373291016,60.810001373291016,60.95000076293945,58.95000076293945,60.33000183105469,12670000,UBER,0.47918194536322734,61.17000045776367,56.5415002822876
2021-02-18,59.0,59.0,60.290000915527344,58.22999954223633,60.0,15135600,UBER,-2.9764863220115068,60.33400039672851,56.67250022888184
2021-02-19,58.38999938964844,58.38999938964844,60.457000732421875,58.112998962402344,58.36000061035156,28097000,UBER,-1.0338993395789142,59.87000045776367,56.80250015258789
2021-02-22,55.310001373291016,55.310001373291016,58.099998474121094,54.816001892089844,57.7599983215332,25565400,UBER,-5.274872492811589,58.806000518798825,56.85250015258789
2021-02-23,56.0,56.0,56.369998931884766,51.88999938964844,53.5,23947500,UBER,1.247511498060061,57.902000427246094,56.93800010681152
2021-02-24,53.90999984741211,53.90999984741211,55.150001525878906,53.65999984741211,54.95000076293945,24627000,UBER,-3.732143129621235,56.52200012207031,57.03750019073486
2021-02-25,51.45000076293945,51.45000076293945,54.599998474121094,50.86000061035156,54.58000183105469,27049100,UBER,-4.56315913825911,55.012000274658206,57.20450019836426
2021-02-26,51.75,51.75,52.75,50.61000061035156,52.06999969482422,16349800,UBER,0.583088887486749,53.684000396728514,57.21300010681152
2021-03-01,54.400001525878906,54.400001525878906,54.7599983215332,53.29999923706055,53.66999816894531,18481100,UBER,5.120775895418173,53.502000427246095,57.38650016784668
2021-03-02,54.650001525878906,54.650001525878906,55.619998931884766,54.18899917602539,55.540000915527344,15199500,UBER,0.45955881063912685,53.232000732421874,57.48100032806396
2021-03-03,56.11000061035156,56.11000061035156,57.79999923706055,54.650001525878906,55.93000030517578,28485400,UBER,2.6715444532628085,53.672000885009766,57.46350040435791
2021-03-04,53.06999969482422,53.06999969482422,57.15999984741211,51.61000061035156,55.75,27409600,UBER,-5.41793064063254,53.99600067138672,57.26100044250488
2021-03-05,55.540000915527344,55.540000915527344,55.83000183105469,50.810001373291016,54.279998779296875,31576200,UBER,4.654232588857576,54.75400085449219,57.145500564575194
2021-03-08,53.20000076293945,53.20000076293945,56.45000076293945,52.88999938964844,55.5,19912100,UBER,-4.213179895597907,54.514000701904294,56.87650051116943
2021-03-09,55.25,55.25,56.150001525878906,54.720001220703125,56.0,17192900,UBER,3.853381969288683,54.63400039672852,56.674500465393066
2021-03-10,57.68000030517578,57.68000030517578,58.900001525878906,56.27000045776367,57.209999084472656,27997000,UBER,4.398190597603224,54.94800033569336,56.578000450134276
2021-03-11,58.95000076293945,58.95000076293945,59.47999954223633,58.220001220703125,58.79999923706055,17293800,UBER,2.2018038332945578,56.124000549316406,56.36650047302246
2021-03-12,60.349998474121094,60.349998474121094,60.59000015258789,57.619998931884766,58.970001220703125,14839300,UBER,2.374890064567703,57.08600006103516,56.348500442504886
2021-03-15,60.189998626708984,60.189998626708984,60.529998779296875,59.119998931884766,60.349998474121094,14985000,UBER,-0.265119886425047,58.48399963378906,56.32650032043457
2021-03-16,58.849998474121094,58.849998474121094,61.02000045776367,58.380001068115234,59.9900016784668,12885700,UBER,-2.2262837400917834,59.20399932861328,56.243000221252444
2021-03-17,56.36000061035156,56.36000061035156,57.56999969482422,55.540000915527344,57.06999969482422,25509900,UBER,-4.231092486543552,58.939999389648435,56.02050018310547
2021-03-18,55.689998626708984,55.689998626708984,57.47999954223633,55.209999084472656,56.630001068115234,15737000,UBER,-1.1887898800333252,58.28799896240234,55.85500011444092
2021-03-19,57.08000183105469,57.08000183105469,57.18000030517578,54.34000015258789,55.47999954223633,17396300,UBER,2.495965592786087,57.63399963378906,55.78950023651123
2021-03-22,55.689998626708984,55.689998626708984,57.61000061035156,55.470001220703125,57.25,14149400,UBER,-2.4351842322287154,56.73399963378906,55.808500099182126
2021-03-23,53.4900016784668,53.4900016784668,55.630001068115234,53.11000061035156,55.630001068115234,14513500,UBER,-3.9504345528697304,55.662000274658205,55.68300018310547
2021-03-24,52.56999969482422,52.56999969482422,54.959999084472656,52.540000915527344,54.459999084472656,13700800,UBER,-1.719951308232881,54.90400009155273,55.616000175476074
2021-03-25,53.88999938964844,53.88999938964844,54.279998779296875,51.79999923706055,52.0,13210700,UBER,2.5109372312858813,54.544000244140626,55.738000106811526
2021-03-26,54.709999084472656,54.709999084472656,55.25,53.52000045776367,54.40999984741211,13528200,UBER,1.5216175619065408,54.06999969482422,55.886000061035155
2021-03-29,53.349998474121094,53.349998474121094,54.79999923706055,52.849998474121094,54.79999923706055,9724800,UBER,-2.485835556772198,53.60199966430664,55.833499908447266
2021-03-30,53.459999084472656,53.459999084472656,54.119998931884766,52.63999938964844,52.9900016784668,9497200,UBER,0.206186716959178,53.59599914550781,55.773999786376955
2021-03-31,54.5099983215332,54.5099983215332,55.18000030517578,53.58000183105469,53.959999084472656,14760500,UBER,1.964083903932412,53.98399887084961,55.693999671936034
2021-04-01,57.599998474121094,57.599998474121094,57.630001068115234,54.810001373291016,55.61000061035156,18703400,UBER,5.668685099495296,54.72599868774414,55.920499610900876
2021-04-05,57.400001525878906,57.400001525878906,58.41999816894531,56.63999938964844,58.099998474121094,13490200,UBER,-0.34721693322968816,55.26399917602539,56.013499641418456
2021-04-06,58.04999923706055,58.04999923706055,58.9900016784668,57.15999984741211,57.34000015258789,13579200,UBER,1.13240016359335,56.20399932861328,56.25599956512451
2021-04-07,56.88999938964844,56.88999938964844,58.130001068115234,55.95000076293945,58.02000045776367,12921900,UBER,-1.9982771105215402,56.88999938964844,56.337999534606936
2021-04-08,57.83000183105469,57.83000183105469,57.939998626708984,56.540000915527344,56.650001525878906,9498500,UBER,1.6523157874691163,57.55400009155274,56.34549961090088
2021-04-09,57.68000030517578,57.68000030517578,57.880001068115234,56.400001525878906,57.31999969482422,10228500,UBER,-0.2593835744932549,57.57000045776367,56.281999588012695
2021-04-12,59.439998626708984,59.439998626708984,60.77000045776367,58.75,59.04999923706055,36041300,UBER,3.0513146883171416,57.97799987792969,56.23649959564209
2021-04-13,60.63999938964844,60.63999938964844,61.0099983215332,58.529998779296875,59.650001525878906,21006100,UBER,2.0188438604711534,58.49599990844727,56.25899963378906
2021-04-14,59.22999954223633,59.22999954223633,61.5,59.18000030517578,60.11000061035156,18959800,UBER,-2.325197660956446,58.96399993896485,56.27799968719482
2021-04-15,60.7400016784668,60.7400016784668,61.09000015258789,59.54999923706055,59.880001068115234,17500200,UBER,2.5493873846034854,59.545999908447264,56.496999740600586
2021-04-16,60.349998474121094,60.349998474121094,60.849998474121094,59.540000915527344,60.7400016784668,11856100,UBER,-0.6420862587561693,60.07999954223633,56.729999732971194
2021-04-19,57.849998474121094,57.849998474121094,60.220001220703125,57.52000045776367,60.0,16956900,UBER,-4.142502175989337,59.76199951171875,56.768499565124515
2021-04-20,55.47999954223633,55.47999954223633,58.119998931884766,55.24399948120117,58.0,19081100,UBER,-4.0968003360362655,58.72999954223633,56.75799961090088
2021-04-21,55.77000045776367,55.77000045776367,56.20000076293945,54.61000061035156,55.0,11523900,UBER,0.5227125413124201,58.0379997253418,56.87199954986572
2021-04-22,56.279998779296875,56.279998779296875,57.21900177001953,55.189998626708984,55.849998474121094,16936200,UBER,0.9144671281102745,57.145999145507815,57.05749950408936
2021-04-23,57.93000030517578,57.93000030517578,57.95000076293945,56.38999938964844,56.560001373291016,8758800,UBER,2.931772497631746,56.66199951171875,57.25949954986572
2021-04-26,57.61000061035156,57.61000061035156,58.36000061035156,57.33000183105469,58.04999923706055,8361600,UBER,-0.5523902867917485,56.613999938964845,57.40449962615967
2021-04-27,57.15999984741211,57.15999984741211,58.400001525878906,57.04999923706055,58.31999969482422,12926800,UBER,-0.7811157059050555,56.95,57.59499969482422
2021-04-28,58.439998626708984,58.439998626708984,58.47999954223633,56.65999984741211,56.880001068115234,9269700,UBER,2.2393260719276054,57.48399963378906,57.84399967193603
2021-04-29,54.93000030517578,54.93000030517578,59.220001220703125,53.11000061035156,59.0,43408000,UBER,-6.006157433290937,57.21399993896485,57.864999771118164
2021-04-30,54.77000045776367,54.77000045776367,55.650001525878906,54.11000061035156,54.29999923706055,16736600,UBER,-0.29127953126377726,56.581999969482425,57.723499870300294
2021-05-03,54.849998474121094,54.849998474121094,56.130001068115234,54.84000015258789,55.119998931884766,13903300,UBER,0.14606174126128302,56.029999542236325,57.5959997177124
2021-05-04,52.9900016784668,52.9900016784668,54.720001220703125,52.0099983215332,54.52000045776367,19336600,UBER,-3.3910607974435347,55.19599990844726,57.34299983978271
2021-05-05,51.18000030517578,51.18000030517578,54.06999969482422,50.630001068115234,53.869998931884766,43970500,UBER,-3.4157413020549754,53.74400024414062,57.05749988555908
2021-05-06,46.650001525878906,46.650001525878906,49.810001373291016,45.720001220703125,48.38999938964844,79242400,UBER,-8.851111278400603,52.08800048828125,56.49849987030029
2021-05-07,47.029998779296875,47.029998779296875,48.599998474121094,46.53499984741211,47.220001220703125,27933900,UBER,0.8145707202328101,50.54000015258789,55.96599979400635
2021-05-10,45.790000915527344,45.790000915527344,47.849998474121094,45.599998474121094,47.709999084472656,28309800,UBER,-2.6366104528061207,48.72800064086914,55.28349990844727
2021-05-11,46.209999084472656,46.209999084472656,46.790000915527344,44.18199920654297,44.5,29106900,UBER,0.9172268192789934,47.37200012207031,54.56199989318848
2021-05-12,43.810001373291016,43.810001373291016,46.10499954223633,43.16999816894531,45.900001525878906,32117400,UBER,-5.193676171242512,45.89800033569336,53.79099998474121
2021-05-13,44.47999954223633,44.47999954223633,46.099998474121094,43.560001373291016,44.9900016784668,36205100,UBER,1.5293269754466987,45.46399993896485,52.97799987792969
2021-05-14,47.41999816894531,47.41999816894531,47.709999084472656,44.849998474121094,45.029998779296875,25323300,UBER,6.609709210804482,45.54199981689453,52.331499862670896
2021-05-17,47.5099983215332,47.5099983215332,47.939998626708984,46.5099983215332,47.2400016784668,17475300,UBER,0.18979366525331276,45.885999298095705,51.814499855041504
2021-05-18,49.16999816894531,49.16999816894531,50.290000915527344,48.525001525878906,49.66999816894531,28244400,UBER,3.4940010651605125,46.47799911499023,51.498999786376956
2021-05-19,49.470001220703125,49.470001220703125,49.83000183105469,47.369998931884766,47.529998779296875,16517500,UBER,0.6101343561718764,47.609999084472655,51.18399982452392
2021-05-20,49.33000183105469,49.33000183105469,49.95000076293945,48.7599983215332,49.56999969482422,18822300,UBER,-0.2829985570929172,48.57999954223633,50.836499977111814
2021-05-21,48.81999969482422,48.81999969482422,49.95000076293945,48.7599983215332,49.56999969482422,20013200,UBER,-1.0338579308736384,48.85999984741211,50.38099994659424
2021-05-24,50.029998779296875,50.029998779296875,50.400001525878906,48.849998474121094,49.33000183105469,16768400,UBER,2.478490561319968,49.363999938964845,50.001999855041504
2021-05-25,50.459999084472656,50.459999084472656,51.59000015258789,50.439998626708984,50.7400016784668,16930900,UBER,0.8594849403708693,49.62200012207031,49.66699981689453
2021-05-26,51.119998931884766,51.119998931884766,51.36000061035156,49.7599983215332,50.31999969482422,16393700,UBER,1.3079664276395064,49.95199966430664,49.30099983215332
2021-05-27,50.709999084472656,50.709999084472656,51.689998626708984,48.720001220703125,51.439998626708984,51346000,UBER,-0.8020341470633019,50.22799911499023,49.089999771118165
2021-05-28,50.83000183105469,50.83000183105469,51.7400016784668,50.470001220703125,50.67499923706055,14226800,UBER,0.23664513655803354,50.62999954223633,48.89299983978272
2021-06-01,50.97999954223633,50.97999954223633,51.65999984741211,49.84000015258789,51.619998931884766,16583800,UBER,0.29509680460015897,50.81999969482422,48.699499893188474
2021-06-02,50.790000915527344,50.790000915527344,51.40999984741211,50.54999923706055,51.189998626708984,13484200,UBER,-0.37269248414091294,50.886000061035155,48.5894998550415
2021-06-03,48.70000076293945,48.70000076293945,50.5,48.529998779296875,50.43000030517578,14712900,UBER,-4.114983490675506,50.402000427246094,48.46549987792969
2021-06-04,50.18000030517578,50.18000030517578,50.220001220703125,49.06999969482422,49.560001373291016,10409800,UBER,3.0390133861406543,50.29600067138672,48.64199981689453
2021-06-07,50.7599983215332,50.7599983215332,51.220001220703125,49.75,50.4900016784668,16466200,UBER,1.1558350195896683,50.28199996948242,48.82849979400635
2021-06-08,49.880001068115234,49.880001068115234,51.400001525878906,48.65999984741211,50.70000076293945,19672700,UBER,-1.733643188566969,50.0620002746582,49.03299980163574
2021-06-09,49.13999938964844,49.13999938964844,50.16999816894531,49.11000061035156,50.0,12615200,UBER,-1.4835638785497651,49.73199996948242,49.179499816894534
2021-06-10,49.54999923706055,49.54999923706055,49.89500045776367,48.42499923706055,49.689998626708984,14926500,UBER,0.8343505341973589,49.90199966430664,49.466499710083006
2021-06-11,50.0099983215332,50.0099983215332,50.36000061035156,49.53499984741211,50.029998779296875,12127100,UBER,0.9283533633812846,49.86799926757813,49.74299964904785
2021-06-14,50.77000045776367,50.77000045776367,51.4900016784668,49.560001373291016,50.060001373291016,15437300,UBER,1.5197003833995915,49.869999694824216,49.91049976348877
2021-06-15,49.29999923706055,49.29999923706055,49.95500183105469,49.09000015258789,49.54999923706055,20358600,UBER,-2.8954130538683787,49.75399932861328,49.999999809265134
2021-06-16,48.88999938964844,48.88999938964844,49.65999984741211,48.290000915527344,49.349998474121094,18975800,UBER,-0.8316427053895348,49.70399932861328,49.98599987030029
2021-06-17,49.70000076293945,49.70000076293945,49.834999084472656,48.310001373291016,48.959999084472656,18911400,UBER,1.6567833573393642,49.73399963378906,49.99749984741211
2021-06-18,49.70000076293945,49.70000076293945,50.38999938964844,48.775001525878906,49.310001373291016,20633500,UBER,0.0,49.672000122070315,50.01599979400635
2021-06-21,48.119998931884766,48.119998931884766,49.86000061035156,47.900001525878906,49.720001220703125,30752200,UBER,-3.1790780820930564,49.14199981689453,49.98099975585937
2021-06-22,49.04999923706055,49.04999923706055,49.34000015258789,47.75,48.29999923706055,19472500,UBER,1.9326690062737129,49.09199981689453,49.93199977874756
2021-06-23,50.5099983215332,50.5099983215332,50.77000045776367,49.0099983215332,49.060001373291016,19843300,UBER,2.9765527159672844,49.41599960327149,49.934499740600586
2021-06-24,50.81999969482422,50.81999969482422,51.54999923706055,50.220001220703125,51.29999923706055,12403300,UBER,0.6137425927390305,49.63999938964844,49.91949977874756
2021-06-25,51.72999954223633,51.72999954223633,51.83000183105469,50.529998779296875,51.18000030517578,25727800,UBER,1.7906333193165924,50.045999145507814,49.97049980163574
2021-06-28,51.11000061035156,51.11000061035156,52.36000061035156,50.3650016784668,51.75,22518000,UBER,-1.1985287789893606,50.64399948120117,49.98449974060058
2021-06-29,50.7599983215332,50.7599983215332,51.29999923706055,50.2400016784668,51.0,14104200,UBER,-0.6848019656401139,50.985999298095706,49.97349967956543
2021-06-30,50.119998931884766,50.119998931884766,51.130001068115234,49.709999084472656,51.02000045776367,18069400,UBER,-1.2608341426538994,50.907999420166014,49.9399995803833
2021-07-01,50.59000015258789,50.59000015258789,51.599998474121094,50.02000045776367,50.880001068115234,17727600,UBER,0.9377518569820387,50.86199951171875,50.03449954986572
2021-07-02,51.709999084472656,51.709999084472656,51.82500076293945,50.38999938964844,50.56999969482422,13690400,UBER,2.2138741421361186,50.85799942016602,50.110999488830565
2021-07-06,50.79999923706055,50.79999923706055,52.029998779296875,50.400001525878906,50.599998474121094,21357800,UBER,-1.7598140853291255,50.795999145507814,50.112999534606935
2021-07-07,48.68000030517578,48.68000030517578,51.029998779296875,48.540000915527344,50.79999923706055,24559500,UBER,-4.173226306543221,50.37999954223633,50.05299949645996
2021-07-08,47.54999923706055,47.54999923706055,48.209999084472656,46.56999969482422,47.15999984741211,24930200,UBER,-2.3212840201956353,49.86599960327148,49.97349948883057
2021-07-09,49.06999969482422,49.06999969482422,49.25,47.709999084472656,47.84000015258789,15401000,UBER,3.1966361349149652,49.56199951171875,49.94949951171875
2021-07-12,48.40999984741211,48.40999984741211,49.290000915527344,48.09000015258789,48.869998931884766,14142300,UBER,-1.3450170195980715,48.90199966430664,49.869499588012694
2021-07-13,48.08000183105469,48.08000183105469,48.59000015258789,47.75,48.4900016784668,11283600,UBER,-0.6816732439528406,48.35800018310547,49.734999656677246
2021-07-14,47.150001525878906,47.150001525878906,48.59000015258789,47.11000061035156,48.279998779296875,15837000,UBER,-1.934276767383769,48.05200042724609,49.62749977111817
2021-07-15,46.41999816894531,46.41999816894531,47.459999084472656,46.150001525878906,46.86000061035156,17225300,UBER,-1.5482573346957795,47.82600021362305,49.50399971008301
2021-07-16,46.189998626708984,46.189998626708984,47.09000015258789,46.0099983215332,46.400001525878906,18224500,UBER,-0.4954751213027797,47.25,49.32849960327148
2021-07-19,45.560001373291016,45.560001373291016,45.74700164794922,44.435001373291016,45.0,20890600,UBER,-1.3639256812051026,46.68000030517578,49.121499633789064
2021-07-20,46.31999969482422,46.31999969482422,46.65999984741211,45.06999969482422,45.459999084472656,13851400,UBER,1.6681262041812417,46.327999877929685,49.03149967193603
2021-07-21,47.52000045776367,47.52000045776367,47.939998626708984,46.349998474121094,46.529998779296875,14953700,UBER,2.5906752393038968,46.40199966430664,48.95499973297119
2021-07-22,47.56999969482422,47.56999969482422,48.16999816894531,47.2400016784668,47.70000076293945,11560800,UBER,0.10521724869296811,46.63199996948242,48.807999801635745
2021-07-23,47.459999084472656,47.459999084472656,47.689998626708984,46.779998779296875,47.61000061035156,9540700,UBER,-0.2312394598638856,46.886000061035155,48.63999977111816
2021-07-26,46.810001373291016,46.810001373291016,47.599998474121094,46.369998931884766,47.040000915527344,12498000,UBER,-1.3695695822175002,47.136000061035155,48.393999862670896
2021-07-27,45.81999969482422,45.81999969482422,46.65999984741211,44.76499938964844,46.540000915527344,16874200,UBER,-2.1149362303408803,47.03600006103515,48.12949981689453
2021-07-28,46.13999938964844,46.13999938964844,46.9630012512207,45.810001373291016,45.880001068115234,19510300,UBER,0.6983843233424603,46.75999984741211,47.89849987030029
2021-07-29,44.689998626708984,44.689998626708984,45.209999084472656,44.0,44.119998931884766,51033700,UBER,-3.1426111446043126,46.183999633789064,47.626999855041504
2021-07-30,43.459999084472656,43.459999084472656,44.72999954223633,43.34000015258789,44.380001068115234,22194900,UBER,-2.7522926382486324,45.38399963378906,47.270499801635744
2021-08-02,43.4900016784668,43.4900016784668,44.290000915527344,43.44499969482422,44.099998474121094,26579900,UBER,0.06903496232437689,44.71999969482422,46.85949993133545
2021-08-03,42.790000915527344,42.790000915527344,43.68000030517578,41.619998931884766,43.560001373291016,37622200,UBER,-1.6095671095042619,44.113999938964845,46.45900001525879
2021-08-04,41.810001373291016,41.810001373291016,42.81999969482422,41.369998931884766,42.70000076293945,42969100,UBER,-2.290253613621007,43.24800033569336,46.11550006866455
2021-08-05,43.06999969482422,43.06999969482422,44.650001525878906,40.150001525878906,40.5,60871500,UBER,3.013628988632644,42.9240005493164,45.891500091552736
2021-08-06,44.279998779296875,44.279998779296875,44.935001373291016,43.650001525878906,43.7400016784668,25514900,UBER,2.809377973174354,43.08800048828125,45.65200004577637
2021-08-09,43.25,43.25,44.27000045776367,43.209999084472656,44.189998626708984,19238400,UBER,-2.326103901742771,43.04000015258789,45.39400005340576
2021-08-10,43.5,43.5,44.2400016784668,43.25,43.70000076293945,26675200,UBER,0.5780346820809301,43.18199996948242,45.16499996185303
2021-08-11,43.08000183105469,43.08000183105469,43.5,42.0,43.40999984741211,21766100,UBER,-0.9655130320581851,43.43600006103516,44.961499977111814
2021-08-12,42.72999954223633,42.72999954223633,42.96500015258789,42.18000030517578,42.86000061035156,16549100,UBER,-0.8124472468477362,43.36800003051758,44.77700004577637
2021-08-13,42.220001220703125,42.220001220703125,43.029998779296875,42.20000076293945,42.79999923706055,8598800,UBER,-1.1935369225293258,42.95600051879883,44.57850017547607
2021-08-16,41.5,41.5,41.790000915527344,40.86000061035156,41.7599983215332,19223500,UBER,-1.705355755295579,42.60600051879883,44.37550010681152
2021-08-17,41.0,41.0,41.47999954223633,40.58000183105469,41.0,20364400,UBER,-1.2048192771084376,42.10600051879883,44.109500122070315
2021-08-18,40.880001068115234,40.880001068115234,41.529998779296875,40.79999923706055,40.970001220703125,13682300,UBER,-0.2926803216701579,41.66600036621094,43.77750015258789
2021-08-19,39.86000061035156,39.86000061035156,40.599998474121094,39.5099983215332,40.279998779296875,22471400,UBER,-2.495108686675729,41.092000579833986,43.39200019836426
2021-08-20,39.95000076293945,39.95000076293945,40.08000183105469,39.2400016784668,39.689998626708984,18080700,UBER,0.22579064528291948,40.63800048828125,43.016500282287595
2021-08-23,41.0,41.0,41.08000183105469,38.84000015258789,39.0,33901300,UBER,2.628283396766795,40.53800048828125,42.726000213623045
2021-08-24,40.16999816894531,40.16999816894531,41.209999084472656,39.970001220703125,41.099998474121094,44872800,UBER,-2.0243947098894766,40.37200012207031,42.4435001373291
2021-08-25,41.54999923706055,41.54999923706055,42.11000061035156,40.040000915527344,40.439998626708984,26498400,UBER,3.4354023674865175,40.50599975585938,42.214000129699706
2021-08-26,40.619998931884766,40.619998931884766,41.939998626708984,40.540000915527344,41.4900016784668,17473400,UBER,-2.2382679235918412,40.657999420166014,42.0105001449585
2021-08-27,40.689998626708984,40.689998626708984,41.310001373291016,40.5,40.529998779296875,13612500,UBER,0.17232815525574097,40.805998992919925,41.87200012207031
2021-08-30,39.59000015258789,39.59000015258789,40.7400016784668,39.11000061035156,40.58000183105469,29516300,UBER,-2.703363261848457,40.5239990234375,41.67700004577637
2021-08-31,39.13999938964844,39.13999938964844,40.275001525878906,39.125,39.810001373291016,26396000,UBER,-1.1366525920814774,40.317999267578124,41.49449996948242
2021-09-01,40.619998931884766,40.619998931884766,41.665000915527344,39.869998931884766,39.97999954223633,27788600,UBER,3.781296794367739,40.13199920654297,41.43499984741211
2021-09-02,41.400001525878906,41.400001525878906,41.86000061035156,40.5369987487793,40.75,20645400,UBER,1.9202427732756044,40.2879997253418,41.35149993896484
2021-09-03,40.31999969482422,40.31999969482422,41.57500076293945,40.22999954223633,41.220001220703125,15444900,UBER,-2.6086999788625276,40.21399993896485,41.15349998474121
2021-09-07,40.95000076293945,40.95000076293945,41.08000183105469,40.310001373291016,40.4900016784668,15708600,UBER,1.5625026609216608,40.486000061035156,41.038500022888186
2021-09-08,40.06999969482422,40.06999969482422,41.34000015258789,39.83000183105469,40.849998474121094,16219900,UBER,-2.1489647172648008,40.672000122070315,40.86700000762939
2021-09-09,40.349998474121094,40.349998474121094,40.95000076293945,39.84000015258789,40.099998474121094,14260300,UBER,0.6987740989003344,40.61800003051758,40.730499839782716
2021-09-10,39.88999938964844,39.88999938964844,40.83000183105469,39.8650016784668,40.619998931884766,14230600,UBER,-1.1400225572937295,40.315999603271486,40.58849983215332
2021-09-13,40.06999969482422,40.06999969482422,41.189998626708984,39.2599983215332,40.2599983215332,28868800,UBER,0.45124168445711543,40.26599960327148,40.48099975585937
2021-09-14,39.0099983215332,39.0099983215332,40.099998474121094,38.54999923706055,39.900001525878906,36717300,UBER,-2.6453740488247,39.87799911499023,40.356499671936035
2021-09-15,38.47999954223633,38.47999954223633,39.0,38.08000183105469,39.0,30368800,UBER,-1.3586229225862834,39.55999908447266,40.23049964904785
2021-09-16,39.52000045776367,39.52000045776367,39.66999816894531,38.09000015258789,38.29999923706055,25374000,UBER,2.702705114083548,39.39399948120117,40.162499618530276
2021-09-17,39.75,39.75,40.224998474121094,39.290000915527344,39.900001525878906,32165000,UBER,0.5819826406179729,39.36599960327148,40.156999588012695
2021-09-20,39.790000915527344,39.790000915527344,40.220001220703125,38.72999954223633,38.880001068115234,35417600,UBER,0.10063123403105667,39.30999984741211,40.14899959564209
2021-09-21,44.36000061035156,44.36000061035156,45.0,42.18000030517578,42.34000015258789,106631700,UBER,11.485296782289979,40.380000305175784,40.31699962615967
2021-09-22,44.869998931884766,44.869998931884766,46.619998931884766,44.61000061035156,44.900001525878906,56455100,UBER,1.1496806008027827,41.65800018310547,40.55199966430664
2021-09-23,45.47999954223633,45.47999954223633,45.84000015258789,44.709999084472656,45.349998474121094,26232800,UBER,1.3594843433751391,42.85,40.74849967956543
2021-09-24,46.630001068115234,46.630001068115234,47.04499816894531,45.29100036621094,45.459999084472656,29458300,UBER,2.5285873734693487,44.226000213623045,41.04899978637695
2021-09-27,47.25,47.25,47.43000030517578,46.189998626708984,46.77000045776367,23034800,UBER,1.3296138058823903,45.71800003051758,41.376999855041504
2021-09-28,45.97999954223633,45.97999954223633,47.0,45.7599983215332,46.70000076293945,23707900,UBER,-2.687831656642692,46.04199981689453,41.696499824523926
2021-09-29,44.52000045776367,44.52000045776367,46.529998779296875,44.29999923706055,46.0,24599500,UBER,-3.1752916463853587,45.97200012207031,41.96549987792969
2021-09-30,44.79999923706055,44.79999923706055,45.3650016784668,43.86000061035156,44.709999084472656,16650600,UBER,0.628928069222523,45.83600006103516,42.174499893188475
2021-10-01,47.04999923706055,47.04999923706055,47.25,45.790000915527344,45.915000915527344,25428300,UBER,5.022321514101047,45.91999969482422,42.45699977874756
2021-10-04,45.720001220703125,45.720001220703125,46.83000183105469,45.20000076293945,46.470001220703125,21588200,UBER,-2.8267758510605923,45.613999938964845,42.726999855041505
2021-10-05,45.61000061035156,45.61000061035156,46.08000183105469,45.345001220703125,45.90999984741211,12433900,UBER,-0.24059625418765274,45.54000015258789,42.95999984741211
2021-10-06,47.0099983215332,47.0099983215332,47.18000030517578,45.0,45.33000183105469,24868700,UBER,3.069497242812802,46.0379997253418,43.30699977874756
2021-10-07,47.90999984741211,47.90999984741211,48.237998962402344,46.88999938964844,47.63999938964844,25961600,UBER,1.9144895937310835,46.65999984741211,43.68499984741211
2021-10-08,47.77000045776367,47.77000045776367,48.880001068115234,47.60499954223633,48.08000183105469,17980400,UBER,-0.2922132959597534,46.80400009155274,44.07899990081787
2021-10-11,46.290000915527344,46.290000915527344,47.869998931884766,46.279998779296875,47.70000076293945,16336800,UBER,-3.0981777853338777,46.918000030517575,44.38999996185303
2021-10-12,46.720001220703125,46.720001220703125,47.04999923706055,46.154998779296875,46.33000183105469,12404200,UBER,0.9289269748783857,47.14000015258789,44.77550010681152
2021-10-13,46.40999984741211,46.40999984741211,47.0,45.939998626708984,46.2599983215332,13754400,UBER,-0.6635303193306519,47.02000045776367,45.172000122070315
2021-10-14,47.279998779296875,47.279998779296875,47.939998626708984,46.84000015258789,46.97999954223633,18514000,UBER,1.8745936969299049,46.89400024414063,45.560000038146974
2021-10-15,48.36000061035156,48.36000061035156,48.84000015258789,47.34000015258789,47.90999984741211,20581700,UBER,2.284267891156544,47.012000274658206,45.99050006866455
2021-10-18,47.06999969482422,47.06999969482422,47.95000076293945,46.75,47.68000030517578,19806700,UBER,-2.6674956560095997,47.168000030517575,46.3545000076294
2021-10-19,47.04999923706055,47.04999923706055,47.689998626708984,46.7400016784668,47.20000076293945,16500200,UBER,-0.0424908814390168,47.23399963378906,46.488999938964845
2021-10-20,46.0,46.0,47.540000915527344,45.93000030517578,47.150001525878906,15570900,UBER,-2.231666852469316,47.15199966430664,46.54549999237061
2021-10-21,46.470001220703125,46.470001220703125,47.540000915527344,45.52000045776367,45.970001220703125,15741000,UBER,1.0217417841372312,46.99000015258789,46.59500007629394
2021-10-22,45.5099983215332,45.5099983215332,46.5,45.22999954223633,46.0,19259200,UBER,-2.065855119328519,46.41999969482422,46.53899993896484
2021-10-25,45.720001220703125,45.720001220703125,46.06999969482422,45.016998291015625,45.66999816894531,12955500,UBER,0.4614434342234519,46.15,46.4625
2021-10-26,46.02000045776367,46.02000045776367,47.689998626708984,45.86000061035156,46.279998779296875,19491800,UBER,0.6561662927618173,45.944000244140625,46.46450004577637
2021-10-27,44.72999954223633,44.72999954223633,46.54999923706055,44.165000915527344,46.470001220703125,26999800,UBER,-2.803131035844475,45.69000015258789,46.475
2021-10-28,44.619998931884766,44.619998931884766,45.4119987487793,44.382999420166016,45.0,14768800,UBER,-0.24592133127051552,45.31999969482422,46.46599998474121
2021-10-29,43.81999969482422,43.81999969482422,44.79999923706055,43.56999969482422,44.4900016784668,18283200,UBER,-1.7929163070617649,44.98199996948242,46.30450000762939
2021-11-01,44.36000061035156,44.36000061035156,45.025001525878906,43.650001525878906,44.06999969482422,20983900,UBER,1.232316109740017,44.70999984741211,46.23649997711182
2021-11-02,42.88999938964844,42.88999938964844,44.349998474121094,42.33100128173828,44.34000015258789,28002600,UBER,-3.313798919020061,44.08399963378906,46.10049991607666
2021-11-03,45.720001220703125,45.720001220703125,46.2599983215332,44.709999084472656,45.33000183105469,38499600,UBER,6.598279019182529,44.28199996948242,46.03600006103515
2021-11-04,45.27000045776367,45.27000045776367,46.529998779296875,44.9900016784668,45.540000915527344,31903000,UBER,-0.984253610946284,44.412000274658205,45.90400009155273
2021-11-05,47.189998626708984,47.189998626708984,48.7400016784668,46.61000061035156,47.5,45641500,UBER,4.241215262934772,45.08600006103516,45.875
2021-11-08,45.88999938964844,45.88999938964844,47.64500045776367,45.81999969482422,47.08000183105469,25257900,UBER,-2.754819400068309,45.39199981689453,45.85499992370605
2021-11-09,45.5099983215332,45.5099983215332,45.97999954223633,43.68000030517578,45.90999984741211,33588900,UBER,-0.8280694555880763,45.91599960327149,45.79449977874756
2021-11-10,43.380001068115234,43.380001068115234,45.25,42.599998474121094,44.900001525878906,33712200,UBER,-4.680284183640926,45.44799957275391,45.64299983978272
2021-11-11,43.279998779296875,43.279998779296875,43.720001220703125,42.439998626708984,43.31999969482422,27307800,UBER,-0.2305262479393111,45.04999923706055,45.442999839782715
2021-11-12,45.119998931884766,45.119998931884766,45.130001068115234,43.56999969482422,43.56999969482422,29804600,UBER,4.2513867940958905,44.635999298095705,45.280999755859376
2021-11-15,43.61000061035156,43.61000061035156,45.2599983215332,43.560001373291016,45.11000061035156,19690000,UBER,-3.346627564891491,44.17999954223633,45.10799980163574
2021-11-16,45.7599983215332,45.7599983215332,46.65999984741211,44.861000061035156,45.540000915527344,46219700,UBER,4.930056595026278,44.22999954223633,45.04349975585937
2021-11-17,44.11000061035156,44.11000061035156,45.63999938964844,43.900001525878906,45.36000061035156,25036400,UBER,-3.605764361239505,44.375999450683594,44.94899978637695
2021-11-18,45.0,45.0,45.32500076293945,43.57500076293945,44.529998779296875,27839900,UBER,2.0176816534424935,44.71999969482422,44.8754997253418
2021-11-19,44.22999954223633,44.22999954223633,44.720001220703125,43.5,43.93000030517578,21465500,UBER,-1.711112128363712,44.54199981689453,44.811499786376956
2021-11-22,42.599998474121094,42.599998474121094,44.400001525878906,41.80500030517578,43.959999084472656,31355200,UBER,-3.6852839362087386,44.33999938964844,44.655499649047854
2021-11-23,42.68000030517578,42.68000030517578,43.13999938964844,41.599998474121094,42.380001068115234,18099400,UBER,0.18779773220716223,43.72399978637695,44.48849964141846
2021-11-24,42.08000183105469,42.08000183105469,42.369998931884766,41.2400016784668,42.0,17118200,UBER,-1.4058070989477756,43.31800003051758,44.35599975585937
2021-11-26,40.52000045776367,40.52000045776367,40.619998931884766,38.77000045776367,39.61000061035156,35453600,UBER,-3.707227436810012,42.422000122070315,44.15099983215332
2021-11-29,39.70000076293945,39.70000076293945,41.25,38.779998779296875,41.060001373291016,27724400,UBER,-2.0236912279380403,41.51600036621094,43.944999885559085
2021-11-30,38.0,38.0,39.95000076293945,37.03499984741211,39.25,55268500,UBER,-4.282117708487377,40.59600067138672,43.626999855041504
2021-12-01,36.02000045776367,36.02000045776367,39.5,35.79999923706055,39.45000076293945,47316400,UBER,-5.210525111148234,39.264000701904294,43.28349990844727
2021-12-02,38.119998931884766,38.119998931884766,38.39500045776367,36.45000076293945,36.54999923706055,32267000,UBER,5.830090081713113,38.47200012207031,42.90349979400635
2021-12-03,35.849998474121094,35.849998474121094,37.84000015258789,35.2599983215332,37.41999816894531,47392700,UBER,-5.954880696140242,37.5379997253418,42.432499694824216
2021-12-06,38.4900016784668,38.4900016784668,38.689998626708984,35.439998626708984,35.95000076293945,36689200,UBER,7.364025988038558,37.295999908447264,41.99749984741211
2021-12-07,38.08000183105469,38.08000183105469,40.220001220703125,37.7599983215332,39.400001525878906,40443300,UBER,-1.0652113004232078,37.3120002746582,41.60699996948242
2021-12-08,38.810001373291016,38.810001373291016,39.40999984741211,38.0099983215332,38.29999923706055,29688600,UBER,1.9170155124336175,37.87000045776367,41.27200012207031
2021-12-09,37.540000915527344,37.540000915527344,38.70000076293945,37.474998474121094,38.439998626708984,22994800,UBER,-3.272353550179685,37.75400085449219,40.98000011444092
2021-12-10,36.66999816894531,36.66999816894531,37.869998931884766,36.61000061035156,37.40999984741211,25760600,UBER,-2.3175352300595753,37.91800079345703,40.64950008392334
2021-12-13,35.72999954223633,35.72999954223633,36.30799865722656,34.880001068115234,36.18000030517578,38394700,UBER,-2.5633997099706485,37.36600036621094,40.180000114440915
2021-12-14,37.2599983215332,37.2599983215332,38.45000076293945,35.209999084472656,35.25,45491700,UBER,4.28211250741346,37.20199966430664,39.8625
2021-12-15,37.83000183105469,37.83000183105469,38.375,36.2400016784668,36.90999984741211,37612600,UBER,1.5298001481445889,37.00599975585938,39.466000175476076
2021-12-16,37.70000076293945,37.70000076293945,38.57699966430664,37.125,38.25,31478400,UBER,-0.34364541851149566,37.0379997253418,39.14550018310547
2021-12-17,39.68000030517578,39.68000030517578,40.0,36.7400016784668,37.20000076293945,51048100,UBER,5.251988069408053,37.64000015258789,38.879500198364255
2021-12-20,39.70000076293945,39.70000076293945,40.14899826049805,38.08000183105469,38.45000076293945,28153700,UBER,0.05040437905707851,38.434000396728514,38.65300025939941
2021-12-21,41.970001220703125,41.970001220703125,42.08000183105469,39.81999969482422,39.81999969482422,28385200,UBER,5.717885174155346,39.3760009765625,38.621500396728514
2021-12-22,43.02000045776367,43.02000045776367,43.22999954223633,41.45000076293945,41.95000076293945,27675700,UBER,2.501785100121934,40.4140007019043,38.63850040435791
2021-12-23,43.90999984741211,43.90999984741211,44.349998474121094,42.7599983215332,43.029998779296875,21763400,UBER,2.06880376610461,41.65600051879883,38.73000030517578
2021-12-27,42.959999084472656,42.959999084472656,44.2400016784668,42.81999969482422,43.439998626708984,28285000,UBER,-2.163518028332312,42.3120002746582,38.85200023651123
2021-12-28,42.540000915527344,42.540000915527344,43.7400016784668,42.29999923706055,42.599998474121094,21481000,UBER,-0.97764938988818,42.880000305175784,38.99400024414062
2021-12-29,42.459999084472656,42.459999084472656,42.93000030517578,41.814998626708984,42.720001220703125,15908600,UBER,-0.188062598337857,42.97799987792969,39.21700019836426
2021-12-30,42.65999984741211,42.65999984741211,43.34000015258789,42.20000076293945,42.290000915527344,13516300,UBER,0.4710333661137378,42.905999755859376,39.54900016784668
2021-12-31,41.93000030517578,41.93000030517578,43.119998931884766,41.93000030517578,42.529998779296875,13746900,UBER,-1.711203808831263,42.50999984741211,39.73950023651123
2022-01-03,43.95000076293945,43.95000076293945,44.404998779296875,41.88999938964844,42.47999954223633,26089000,UBER,4.8175541213013595,42.70800018310547,40.14450035095215
2022-01-04,44.41999816894531,44.41999816894531,44.79999923706055,42.58000183105469,44.22999954223633,30845300,UBER,1.0693911213812246,43.08399963378906,40.44100017547608
2022-01-05,43.2400016784668,43.2400016784668,45.900001525878906,42.86000061035156,44.290000915527344,28498700,UBER,-2.6564532623134296,43.24000015258789,40.69900016784668
2022-01-06,42.029998779296875,42.029998779296875,44.08000183105469,40.970001220703125,43.11000061035156,32434300,UBER,-2.7983414713244392,43.113999938964845,40.86000003814697
2022-01-07,41.5099983215332,41.5099983215332,42.650001525878906,41.20000076293945,42.0,24875800,UBER,-1.237212640652785,43.029999542236325,41.05849990844727
2022-01-10,42.599998474121094,42.599998474121094,42.810001373291016,40.15999984741211,41.47999954223633,29783800,UBER,2.6258737573170654,42.75999908447265,41.35499992370605
2022-01-11,43.619998931884766,43.619998931884766,44.16999816894531,42.189998626708984,42.36000061035156,22161000,UBER,2.394367357508953,42.599999237060544,41.74949989318848
2022-01-12,43.040000915527344,43.040000915527344,44.099998474121094,42.53499984741211,43.9900016784668,18993900,UBER,-1.3296607761571044,42.55999908447266,42.038500022888186
2022-01-13,42.869998931884766,42.869998931884766,43.91999816894531,42.724998474121094,43.34000015258789,17190100,UBER,-0.3949860130724292,42.72799911499023,42.29049987792969
2022-01-14,41.5099983215332,41.5099983215332,42.720001220703125,40.35499954223633,42.400001525878906,25817800,UBER,-3.172383121614808,42.72799911499023,42.48099975585937
2022-01-18,38.40999984741211,38.40999984741211,40.959999084472656,38.369998931884766,40.959999084472656,36873700,UBER,-7.468076606770124,41.88999938964844,42.417499732971194
2022-01-19,37.86000061035156,37.86000061035156,38.88999938964844,37.1150016784668,38.209999084472656,35552500,UBER,-1.4319167905375685,40.737999725341794,42.3254997253418
2022-01-20,37.81999969482422,37.81999969482422,39.63999938964844,37.75,38.290000915527344,21720100,UBER,-0.10565482008050298,39.693999481201175,42.11799964904785
2022-01-21,35.939998626708984,35.939998626708984,37.599998474121094,35.845001220703125,37.40999984741211,41836800,UBER,-4.970917724181046,38.30799942016601,41.76399955749512
2022-01-24,36.279998779296875,36.279998779296875,36.41999816894531,33.5099983215332,34.90999984741211,49261600,UBER,0.9460216070660055,37.26199951171875,41.38249950408935
2022-01-25,34.81999969482422,34.81999969482422,36.09000015258789,34.51499938964844,35.470001220703125,29577000,UBER,-4.024253400211808,36.54399948120117,40.97549953460693
2022-01-26,34.79999923706055,34.79999923706055,36.68000030517578,34.45000076293945,36.06999969482422,29495900,UBER,-0.057439569037809335,35.93199920654297,40.58849945068359
2022-01-27,34.09000015258789,34.09000015258789,35.790000915527344,33.939998626708984,35.369998931884766,26086700,UBER,-2.040227298960795,35.1859992980957,40.169999504089354
2022-01-28,35.209999084472656,35.209999084472656,35.220001220703125,32.810001373291016,34.16999816894531,28007100,UBER,3.285417796631318,35.039999389648436,39.79749946594238
2022-01-31,37.400001525878906,37.400001525878906,37.540000915527344,35.29999923706055,35.34000015258789,22899300,UBER,6.219831009231758,35.263999938964844,39.57099952697754
2022-02-01,38.61000061035156,38.61000061035156,38.70500183105469,37.20000076293945,37.630001068115234,19669900,UBER,3.2352915377166447,36.02200012207031,39.303999519348146
2022-02-02,37.16999816894531,37.16999816894531,38.619998931884766,37.029998779296875,38.529998779296875,19591100,UBER,-3.729609993894112,36.49599990844727,38.94149951934814
2022-02-03,34.540000915527344,34.540000915527344,36.7400016784668,34.29999923706055,36.08000183105469,32192100,UBER,-7.0755915603333825,36.58600006103516,38.506499481201175
2022-02-04,37.04999923706055,37.04999923706055,37.35499954223633,34.36000061035156,35.0,33082100,UBER,7.266931832664891,36.954000091552736,38.25749950408935
2022-02-07,37.540000915527344,37.540000915527344,39.04999923706055,36.98500061035156,36.98500061035156,30303200,UBER,1.322541669519528,36.98199996948242,38.058999633789064
2022-02-08,38.34000015258789,38.34000015258789,38.56999969482422,36.95000076293945,37.25,25857600,UBER,2.1310581181409827,36.927999877929686,37.8459997177124
2022-02-09,40.189998626708984,40.189998626708984,40.400001525878906,38.15999984741211,38.810001373291016,52614100,UBER,4.825243783928945,37.53199996948242,37.674499702453616
2022-02-10,37.75,37.75,42.560001373291016,37.349998474121094,41.0,113915000,UBER,-6.071158771046681,38.17399978637695,37.40999965667724
2022-02-11,35.290000915527344,35.290000915527344,38.650001525878906,34.47999954223633,37.959999084472656,72568400,UBER,-6.51655386615273,37.822000122070314,37.030999755859376
2022-02-14,34.59000015258789,34.59000015258789,35.9900016784668,34.31999969482422,35.20000076293945,44556700,UBER,-1.9835668596751344,37.23199996948242,36.68499984741211
2022-02-15,37.09000015258789,37.09000015258789,37.209999084472656,35.11000061035156,35.439998626708984,38183500,UBER,7.227522373436468,36.98199996948242,36.6189998626709
2022-02-16,36.58000183105469,36.58000183105469,37.38999938964844,36.27000045776367,36.630001068115234,33165900,UBER,-1.3750291707605111,36.26000061035156,36.554999923706056
2022-02-17,35.709999084472656,35.709999084472656,37.43000030517578,35.40999984741211,36.130001068115234,28432100,UBER,-2.3783562138683156,35.8520004272461,36.449499893188474
2022-02-18,34.68000030517578,34.68000030517578,36.32500076293945,34.66999816894531,35.52000045776367,28199900,UBER,-2.8843427771039543,35.73000030517578,36.38649997711182
2022-02-22,33.68000030517578,33.68000030517578,35.099998474121094,33.279998779296875,34.209999084472656,28731300,UBER,-2.883506318339779,35.54800033569336,36.25650005340576
2022-02-23,32.38999938964844,32.38999938964844,34.209999084472656,32.29999923706055,33.88999938964844,27254800,UBER,-3.830168954390134,34.60800018310547,36.13500003814697
2022-02-24,34.869998931884766,34.869998931884766,34.95000076293945,29.709999084472656,29.969999313354492,42978100,UBER,7.656682892772504,34.26599960327148,36.13850002288818
2022-02-25,34.97999954223633,34.97999954223633,35.27199935913086,34.0099983215332,34.84000015258789,23691500,UBER,0.3154591732751122,34.119999694824216,36.182999992370604
2022-02-28,36.029998779296875,36.029998779296875,36.310001373291016,34.98500061035156,35.2599983215332,44865200,UBER,3.001713124074601,34.38999938964844,36.223999977111816
2022-03-01,33.88999938964844,33.88999938964844,35.599998474121094,33.650001525878906,35.45000076293945,31436200,UBER,-5.939493372611759,34.43199920654297,36.04849987030029
2022-03-02,34.040000915527344,34.040000915527344,34.220001220703125,32.970001220703125,34.0,26112500,UBER,0.4426129494847997,34.76199951171875,35.819999885559085
2022-03-03,31.719999313354492,31.719999313354492,34.29100036621094,31.415000915527344,34.220001220703125,38337600,UBER,-6.815515686765394,34.1319995880127,35.54749994277954
2022-03-04,29.829999923706055,29.829999923706055,31.729999542236328,29.270000457763672,31.5,52098700,UBER,-5.958384081215051,33.10199966430664,35.31199989318848
2022-03-07,28.56999969482422,28.56999969482422,31.937999725341797,28.549999237060547,31.479999542236328,60265800,UBER,-4.2239364133571655,31.60999984741211,34.88799991607666
2022-03-08,30.739999771118164,30.739999771118164,31.56999969482422,28.277999877929688,28.510000228881836,55014700,UBER,7.595380117162076,30.979999923706053,34.5479998588562
2022-03-09,31.5,31.5,32.72999954223633,31.200000762939453,31.75,33734500,UBER,2.4723494942765045,30.471999740600587,34.20599985122681
2022-03-10,30.40999984741211,30.40999984741211,31.145000457763672,29.84000015258789,30.860000610351562,30785900,UBER,-3.4603179447234678,30.20999984741211,33.71699991226196
2022-03-11,30.760000228881836,30.760000228881836,31.389999389648438,30.420000076293945,31.299999237060547,29454700,UBER,1.1509384519102994,30.395999908447266,33.367499923706056
2022-03-14,29.270000457763672,29.270000457763672,30.549999237060547,28.799999237060547,30.510000228881836,41897400,UBER,-4.843952405823271,30.536000061035157,33.066499900817874
2022-03-15,29.799999237060547,29.799999237060547,30.40999984741211,29.059999465942383,29.520000457763672,33060500,UBER,1.8107235087394535,30.34799995422363,32.82699985504151
2022-03-16,32.61000061035156,32.61000061035156,32.6349983215332,30.270000457763672,30.530000686645508,34688800,UBER,9.4295350511163,30.570000076293944,32.60299987792969
2022-03-17,32.849998474121094,32.849998474121094,32.91999816894531,31.56999969482422,32.34000015258789,27278600,UBER,0.7359639965579978,31.05799980163574,32.41649971008301
2022-03-18,33.36000061035156,33.36000061035156,33.41999816894531,32.33000183105469,32.52000045776367,35827800,UBER,1.5525179906240805,31.577999877929688,32.29899978637695
2022-03-21,31.979999542236328,31.979999542236328,32.81999969482422,31.25,32.81999969482422,35200600,UBER,-4.136693773581712,32.119999694824216,32.16399974822998
2022-03-22,33.349998474121094,33.349998474121094,33.599998474121094,31.84000015258789,31.93000030517578,21852800,UBER,4.283924176031939,32.82999954223633,32.14749965667725
2022-03-23,33.060001373291016,33.060001373291016,33.68000030517578,32.56999969482422,32.709999084472656,19024700,UBER,-0.8695565640133629,32.91999969482422,32.180999755859375
2022-03-24,34.70000076293945,34.70000076293945,34.95000076293945,33.439998626708984,34.7400016784668,52533600,UBER,4.960675503702139,33.29000015258789,32.17249984741211
2022-03-25,34.060001373291016,34.060001373291016,34.91999816894531,33.54999923706055,34.54999923706055,28078800,UBER,-1.8443786039681442,33.43000030517578,32.12649993896484
2022-03-28,34.77000045776367,34.77000045776367,34.90999984741211,33.72999954223633,34.13999938964844,22175200,UBER,2.084553892676655,33.98800048828125,32.063500022888185
2022-03-29,37.189998626708984,37.189998626708984,37.45000076293945,35.56999969482422,35.56999969482422,37969000,UBER,6.960017650517347,34.75600051879883,32.22849998474121
2022-03-30,36.58000183105469,36.58000183105469,37.0890007019043,36.20500183105469,36.65999984741211,22306500,UBER,-1.6402173115871332,35.460000610351564,32.355500030517575
2022-03-31,35.68000030517578,35.68000030517578,36.72999954223633,35.369998931884766,36.5,20608700,UBER,-2.46036490111613,35.65600051879883,32.55350008010864
2022-04-01,35.97999954223633,35.97999954223633,36.47999954223633,35.400001525878906,35.68000030517578,16793300,UBER,0.8408050294131497,36.04000015258789,32.861000061035156
2022-04-04,36.5099983215332,36.5099983215332,36.93000030517578,36.21500015258789,36.400001525878906,20217800,UBER,1.4730372041131368,36.3879997253418,33.25799999237061
2022-04-05,34.959999084472656,34.959999084472656,36.61000061035156,34.720001220703125,36.349998474121094,20984200,UBER,-4.245410321332099,35.94199981689453,33.46899995803833
2022-04-06,33.40999984741211,33.40999984741211,34.0,32.54999923706055,33.85499954223633,28854800,UBER,-4.43363637772225,35.30799942016601,33.56449995040894
2022-04-07,32.27000045776367,32.27000045776367,33.34000015258789,31.020000457763672,33.34000015258789,34581000,UBER,-3.412150239015166,34.625999450683594,33.65749998092652
2022-04-08,32.04999923706055,32.04999923706055,32.55099868774414,31.579999923706055,31.920000076293945,17991000,UBER,-0.6817515264403884,33.83999938964844,33.721999931335446
2022-04-11,32.040000915527344,32.040000915527344,32.689998626708984,31.110000610351562,31.360000610351562,19680300,UBER,-0.031196011766643217,32.94599990844726,33.860499954223634
2022-04-12,31.989999771118164,31.989999771118164,33.095001220703125,31.709999084472656,32.400001525878906,32619800,UBER,-0.15605849869045896,32.352000045776364,33.96999998092652
2022-04-13,32.630001068115234,32.630001068115234,33.11000061035156,31.93000030517578,32.0,20186400,UBER,2.000629264070475,32.196000289916995,33.971000003814694
2022-04-14,32.68000030517578,32.68000030517578,33.46500015258789,32.63999938964844,32.86000061035156,18763000,UBER,0.15323087779302025,32.27800025939941,33.96250009536743
2022-04-18,31.790000915527344,31.790000915527344,32.60499954223633,31.420000076293945,32.54999923706055,24413800,UBER,-2.723376319881743,32.22600059509277,33.88400011062622
2022-04-19,33.79999923706055,33.79999923706055,33.9900016784668,31.969999313354492,32.15999984741211,23319600,UBER,6.322737538995948,32.57800025939942,33.975000095367434
2022-04-20,33.209999084472656,33.209999084472656,34.31999969482422,33.18000030517578,33.9900016784668,21330500,UBER,-1.7455626210221231,32.822000122070314,33.96800012588501
2022-04-21,31.68000030517578,31.68000030517578,34.40999984741211,31.3700008392334,34.25,32937100,UBER,-4.607042521757332,32.63199996948242,33.89900007247925
2022-04-22,30.829999923706055,30.829999923706055,32.224998474121094,30.799999237060547,31.6200008392334,22748900,UBER,-2.6830819863687183,32.261999893188474,33.70550003051758
2022-04-25,32.439998626708984,32.439998626708984,32.5,30.459999084472656,30.59000015258789,29416300,UBER,5.222181988281349,32.39199943542481,33.62449989318848
2022-04-26,31.329999923706055,31.329999923706055,32.20000076293945,31.0,32.040000915527344,26981900,UBER,-3.421697749669539,31.897999572753907,33.452499866485596
2022-04-27,30.68000030517578,30.68000030517578,31.979999542236328,30.15999984741211,31.100000381469727,30762600,UBER,-2.0746875841466172,31.391999816894533,33.12699995040894
2022-04-28,32.81999969482422,32.81999969482422,32.869998931884766,30.979999542236328,31.0,30251600,UBER,6.975226102873977,31.61999969482422,32.938999843597415
2022-04-29,31.479999542236328,31.479999542236328,33.150001525878906,31.40999984741211,32.52000045776367,24948600,UBER,-4.082876797830104,31.749999618530275,32.72899980545044
2022-05-02,30.389999389648438,30.389999389648438,31.350000381469727,29.510000228881836,31.239999771118164,45651000,UBER,-3.462516418164019,31.339999771118165,32.44949979782105
2022-05-03,29.469999313354492,29.469999313354492,30.59000015258789,28.850000381469727,30.149999618530273,58340700,UBER,-3.0273119275129656,30.96799964904785,32.09749984741211
2022-05-04,28.100000381469727,28.100000381469727,28.399999618530273,25.899999618530273,27.40999984741211,115601800,UBER,-4.648791869037961,30.45199966430664,31.754499912261963
2022-05-05,26.829999923706055,26.829999923706055,28.829999923706055,26.200000762939453,27.8700008392334,52804200,UBER,-4.519574521433678,29.253999710083008,31.42549991607666
2022-05-06,26.06999969482422,26.06999969482422,26.84000015258789,24.75,26.84000015258789,56575100,UBER,-2.832650879772558,28.171999740600587,31.115499877929686
2022-05-09,23.049999237060547,23.049999237060547,26.065000534057617,22.799999237060547,25.40999984741211,58095900,UBER,-11.584198285829839,26.703999710083007,30.665499877929687
2022-05-10,23.670000076293945,23.670000076293945,24.549999237060547,22.799999237060547,23.850000381469727,47982500,UBER,2.689808502190938,25.543999862670898,30.24699983596802
2022-05-11,22.56999969482422,22.56999969482422,24.149999618530273,22.5,23.280000686645508,51137700,UBER,-4.647234380752718,24.437999725341797,29.77599983215332
2022-05-12,23.290000915527344,23.290000915527344,24.059999465942383,21.690000534057617,22.149999618530273,63999300,UBER,3.1900807728776126,23.729999923706053,29.308999824523926
2022-05-13,24.389999389648438,24.389999389648438,24.871000289916992,23.68000030517578,23.8799991607666,53577600,UBER,4.723050368743142,23.3939998626709,28.89449977874756
2022-05-16,23.59000015258789,23.59000015258789,24.459999084472656,23.399999618530273,24.309999465942383,27285200,UBER,-3.2800297543266077,23.502000045776366,28.484499740600587
2022-05-17,24.200000762939453,24.200000762939453,24.899999618530273,23.59000015258789,24.31999969482422,33859400,UBER,2.5858440288506923,23.608000183105467,28.00449981689453
2022-05-18,22.459999084472656,22.459999084472656,24.187999725341797,22.34000015258789,23.979999542236328,35747300,UBER,-7.190089353763507,23.586000061035158,27.466999816894532
2022-05-19,23.239999771118164,23.239999771118164,23.809999465942383,22.200000762939453,22.290000915527344,36461200,UBER,3.4728438042757936,23.57599983215332,27.04499979019165
2022-05-20,23.350000381469727,23.350000381469727,24.100000381469727,22.40999984741211,23.809999465942383,32104700,UBER,0.4733244898232236,23.368000030517578,26.670999813079835
2022-05-23,23.780000686645508,23.780000686645508,23.829999923706055,22.709999084472656,23.31999969482422,35204800,UBER,1.8415430327659577,23.4060001373291,26.23799991607666
2022-05-24,21.549999237060547,21.549999237060547,23.739999771118164,21.40999984741211,23.690000534057617,40726100,UBER,-9.377634084078457,22.87599983215332,25.748999881744385
2022-05-25,22.040000915527344,22.040000915527344,22.354999542236328,21.274999618530273,21.709999084472656,31270800,UBER,2.2737897717607147,22.792000198364256,25.316999912261963
2022-05-26,23.100000381469727,23.100000381469727,23.280000686645508,21.924999237060547,22.149999618530273,30199400,UBER,4.8094347636601364,22.76400032043457,24.83099994659424
2022-05-27,23.670000076293945,23.670000076293945,24.1299991607666,23.329999923706055,23.489999771118164,29710200,UBER,2.467531105676768,22.828000259399413,24.44049997329712
2022-05-31,23.200000762939453,23.200000762939453,23.899999618530273,23.034000396728516,23.5,33194800,UBER,-1.9856329186293764,22.7120002746582,24.08100004196167
2022-06-01,22.940000534057617,22.940000534057617,23.8700008392334,22.565000534057617,23.530000686645508,26383600,UBER,-1.1206906048777832,22.990000534057618,23.754500102996825
2022-06-02,24.739999771118164,24.739999771118164,24.829999923706055,22.940000534057617,23.06999969482422,30691100,UBER,7.84655272517627,23.530000305175783,23.586500072479247
2022-06-03,24.149999618530273,24.149999618530273,24.4950008392334,23.725000381469727,24.170000076293945,24283600,UBER,-2.3848025790067506,23.74000015258789,23.45250005722046
2022-06-06,24.729999542236328,24.729999542236328,25.434999465942383,24.280000686645508,24.860000610351562,29834700,UBER,2.4016560367190243,23.952000045776366,23.385500049591066
2022-06-07,25.299999237060547,25.299999237060547,25.700000762939453,24.06999969482422,24.200000762939453,27453700,UBER,2.304891651335117,24.371999740600586,23.498000049591063
2022-06-08,25.829999923706055,25.829999923706055,26.549999237060547,25.299999237060547,25.700000762939453,31225300,UBER,2.0948644372650316,24.949999618530274,23.60600004196167
2022-06-09,25.440000534057617,25.440000534057617,26.690000534057617,25.354999542236328,25.940000534057617,42063600,UBER,-1.509869883083148,25.089999771118165,23.74950008392334
2022-06-10,23.719999313354492,23.719999313354492,24.97100067138672,23.649999618530273,24.799999237060547,29868000,UBER,-6.761010945736756,25.003999710083008,23.7710000038147
2022-06-13,21.56999969482422,21.56999969482422,22.584999084472656,21.343000411987305,22.219999313354492,33130300,UBER,-9.064079598517571,24.371999740600586,23.630000019073485
2022-06-14,21.09000015258789,21.09000015258789,21.95199966430664,20.893999099731445,21.719999313354492,43006300,UBER,-2.2253108438916924,23.529999923706054,23.505000019073485
2022-06-15,22.030000686645508,22.030000686645508,22.389999389648438,21.239999771118164,21.34000015258789,36073700,UBER,4.457091167646454,22.770000076293947,23.396500015258788
2022-06-16,20.469999313354492,20.469999313354492,21.399999618530273,20.155000686645508,21.040000915527344,55312400,UBER,-7.0812588500584255,21.77599983215332,23.297000026702882
2022-06-17,21.809999465942383,21.809999465942383,21.959999084472656,20.3700008392334,20.3700008392334,46728400,UBER,6.546166084693916,21.3939998626709,23.22550001144409
2022-06-21,21.760000228881836,21.760000228881836,22.459999084472656,21.690000534057617,22.0,35257700,UBER,-0.22924914390127782,21.431999969482423,23.1460000038147
2022-06-22,21.5,21.5,22.209999084472656,21.299999237060547,21.40999984741211,32314400,UBER,-1.1948539804551128,21.513999938964844,23.03199996948242
2022-06-23,22.3700008392334,22.3700008392334,22.440000534057617,21.389999389648438,21.6299991607666,27010500,UBER,4.04651553131814,21.58199996948242,23.073000049591066
2022-06-24,23.030000686645508,23.030000686645508,23.190000534057617,22.299999237060547,22.479999542236328,38140100,UBER,2.9503791803823898,22.094000244140624,23.122500038146974
2022-06-27,22.860000610351562,22.860000610351562,23.639999389648438,22.344999313354492,23.450000762939453,27153400,UBER,-0.7381679167405508,22.304000473022462,23.110500049591064
2022-06-28,22.079999923706055,22.079999923706055,23.459999084472656,22.040000915527344,22.969999313354492,24350100,UBER,-3.4120764034114015,22.368000411987303,23.03100004196167
2022-06-29,21.469999313354492,21.469999313354492,22.149999618530273,21.079999923706055,22.110000610351562,30704800,UBER,-2.7626839332396846,22.362000274658204,22.944499969482422
2022-06-30,20.459999084472656,20.459999084472656,21.125999450683594,19.895000457763672,21.110000610351562,30882500,UBER,-4.704239688790346,21.979999923706053,22.820499897003174
2022-07-01,21.34000015258789,21.34000015258789,21.3700008392334,20.43000030517578,20.700000762939453,20693300,UBER,4.301080681783009,21.641999816894533,22.65049991607666
2022-07-05,22.520000457763672,22.520000457763672,22.549999237060547,20.829999923706055,21.170000076293945,24500300,UBER,5.5295234148940775,21.57399978637695,22.56899995803833
2022-07-06,21.5,21.5,22.079999923706055,21.31999969482422,21.5,32689400,UBER,-4.529309223046807,21.457999801635744,22.407499980926513
2022-07-07,22.739999771118164,22.739999771118164,22.759000778198242,21.610000610351562,21.639999389648438,23121900,UBER,5.7674407958984375,21.711999893188477,22.279500007629395
2022-07-08,22.34000015258789,22.34000015258789,22.959999084472656,21.832000732421875,22.43000030517578,20231300,UBER,-1.7590132918044676,22.088000106811524,22.105000019073486
2022-07-11,21.190000534057617,21.190000534057617,22.25,21.139999389648438,21.950000762939453,17546900,UBER,-5.14771535664943,22.05800018310547,21.892500019073488
2022-07-12,21.56999969482422,21.56999969482422,21.780000686645508,20.975000381469727,21.280000686645508,17373500,UBER,1.7932947201008798,21.868000030517578,21.785000038146972
2022-07-13,21.5,21.5,21.610000610351562,20.719999313354492,20.93000030517578,18994900,UBER,-0.3245233927426261,21.868000030517578,21.78150005340576
2022-07-14,20.649999618530273,20.649999618530273,21.46500015258789,20.590999603271484,21.25,31561700,UBER,-3.9534901463708194,21.45,21.75950002670288
2022-07-15,21.670000076293945,21.670000076293945,21.780000686645508,20.764999389648438,21.0,24503600,UBER,4.939469620369263,21.31599998474121,21.741499996185304
2022-07-18,22.579999923706055,22.579999923706055,23.200000762939453,22.110000610351562,22.170000076293945,30935900,UBER,4.199353226618641,21.5939998626709,21.84700002670288
2022-07-19,22.670000076293945,22.670000076293945,23.079999923706055,22.190000534057617,22.75,23148900,UBER,0.3985834937643373,21.813999938964844,21.89000005722046
2022-07-20,24.1200008392334,24.1200008392334,24.219999313354492,22.80500030517578,22.889999389648438,27844600,UBER,6.396121561797963,22.338000106811524,22.008000087738036
2022-07-21,24.229999542236328,24.229999542236328,24.25,23.600000381469727,24.020000457763672,18425400,UBER,0.4560476748574738,23.054000091552734,22.144500064849854
2022-07-22,23.299999237060547,23.299999237060547,24.809999465942383,23.084999084472656,24.329999923706055,20209400,UBER,-3.838218418265582,23.379999923706055,22.19099998474121
2022-07-25,23.350000381469727,23.350000381469727,23.540000915527344,22.6299991607666,23.270000457763672,12923000,UBER,0.21459719333229987,23.53400001525879,22.20699996948242
2022-07-26,22.549999237060547,22.549999237060547,23.149999618530273,22.450000762939453,23.149999618530273,24402800,UBER,-3.4261290421393364,23.50999984741211,22.19149990081787
2022-07-27,23.09000015258789,23.09000015258789,23.31999969482422,22.489999771118164,23.0,28384300,UBER,2.394682633247558,23.30399971008301,22.241999912261964
2022-07-28,23.309999465942383,23.309999465942383,23.420000076293945,22.139999389648438,22.889999389648438,22886100,UBER,0.9527904369885265,23.11999969482422,22.333999919891358
2022-07-29,23.450000762939453,23.450000762939453,23.485000610351562,22.389999389648438,23.18000030517578,29406600,UBER,0.6006061784841421,23.15,22.483500003814697
2022-08-01,24.600000381469727,24.600000381469727,24.6200008392334,22.885000228881836,23.43000030517578,46960700,UBER,4.904049386419396,23.4,22.646500015258788
2022-08-02,29.25,29.25,29.43000030517578,27.100000381469727,28.489999771118164,107926300,UBER,18.902437180582112,24.74000015258789,22.982999992370605
2022-08-03,30.190000534057617,30.190000534057617,31.43000030517578,29.360000610351562,29.719999313354492,62061200,UBER,3.2136770395132297,26.160000228881835,23.417500019073486
2022-08-04,31.850000381469727,31.850000381469727,32.22999954223633,29.600000381469727,29.780000686645508,55573600,UBER,5.498508837518723,27.868000411987303,23.873000049591063
2022-08-05,32.0099983215332,32.0099983215332,32.630001068115234,31.040000915527344,31.200000762939453,39963600,UBER,0.5023483144338092,29.579999923706055,24.35649995803833
2022-08-08,31.850000381469727,31.850000381469727,32.95500183105469,31.65999984741211,32.33000183105469,28064900,UBER,-0.4998373897315833,31.029999923706054,24.889499950408936
2022-08-09,31.059999465942383,31.059999465942383,31.549999237060547,30.719999313354492,31.3700008392334,27042900,UBER,-2.480379610880523,31.391999816894533,25.363999938964845
2022-08-10,32.79999923706055,32.79999923706055,33.189998626708984,32.22999954223633,32.439998626708984,31318100,UBER,5.6020598874320315,31.913999557495117,25.92899990081787
2022-08-11,32.2400016784668,32.2400016784668,33.36000061035156,32.04199981689453,33.15999984741211,24624600,UBER,-1.7073096695716106,31.99199981689453,26.508500003814696
2022-08-12,32.470001220703125,32.470001220703125,32.7599983215332,31.700000762939453,32.59000015258789,21950700,UBER,0.7133980467189271,32.08400039672851,27.048500061035156
2022-08-15,32.4900016784668,32.4900016784668,32.90999984741211,31.93000030517578,32.099998474121094,14149200,UBER,0.061596726245016775,32.21200065612793,27.544000148773193
2022-08-16,32.380001068115234,32.380001068115234,32.724998474121094,31.329999923706055,32.08000183105469,28072300,UBER,-0.3385675736190197,32.4760009765625,28.029500198364257
2022-08-17,30.719999313354492,30.719999313354492,31.709999084472656,30.440000534057617,31.649999618530273,24239400,UBER,-5.126626621378816,32.06000099182129,28.359500122070312
2022-08-18,30.149999618530273,30.149999618530273,30.6200008392334,29.860000610351562,30.559999465942383,20831600,UBER,-1.8554677980621936,31.642000579833983,28.65550012588501
2022-08-19,29.010000228881836,29.010000228881836,29.56999969482422,28.6299991607666,29.5,24180900,UBER,-3.7810925508197757,30.950000381469728,28.941000175476074
2022-08-22,28.0,28.0,28.80500030517578,27.8700008392334,28.34000015258789,20233100,UBER,-3.4815588449265134,30.052000045776367,29.17350015640259
2022-08-23,27.809999465942383,27.809999465942383,28.674999237060547,27.75,28.059999465942383,24298300,UBER,-0.678573335920063,29.137999725341796,29.43650016784668
2022-08-24,28.709999084472656,28.709999084472656,29.219999313354492,27.850000381469727,27.93000030517578,20022500,UBER,3.2362446451408955,28.73599967956543,29.717500114440917
2022-08-25,29.6200008392334,29.6200008392334,29.639999389648438,28.809999465942383,28.889999389648438,15470900,UBER,3.1696335206534476,28.629999923706055,30.033000183105468
2022-08-26,28.579999923706055,28.579999923706055,29.709999084472656,28.360000610351562,29.510000228881836,16490800,UBER,-3.511144112291187,28.543999862670898,30.289500141143797
2022-08-29,28.739999771118164,28.739999771118164,29.190000534057617,28.059999465942383,28.100000381469727,17245100,UBER,0.5598315179818902,28.69199981689453,30.496500110626222
2022-08-30,28.709999084472656,28.709999084472656,29.290000915527344,28.1200008392334,29.18000030517578,24409300,UBER,-0.1043865236062258,28.871999740600586,30.469500064849854
2022-08-31,28.760000228881836,28.760000228881836,29.8799991607666,28.75,29.110000610351562,20740700,UBER,0.1741593382224238,28.881999969482422,30.398000049591065
2022-09-01,28.920000076293945,28.920000076293945,28.950000762939453,27.690000534057617,28.170000076293945,17828100,UBER,0.5563276986744636,28.74199981689453,30.251500034332274
2022-09-02,29.049999237060547,29.049999237060547,29.635000228881836,28.649999618530273,29.5,14604400,UBER,0.4495130028480343,28.83599967956543,30.103500080108642
2022-09-06,28.889999389648438,28.889999389648438,29.3700008392334,28.280000686645508,29.34000015258789,20422800,UBER,-0.5507740158835817,28.865999603271483,29.955500030517577
2022-09-07,30.030000686645508,30.030000686645508,30.149999618530273,28.81999969482422,28.90999984741211,20632200,UBER,3.946006649642042,29.129999923706055,29.904000091552735
2022-09-08,30.68000030517578,30.68000030517578,30.899999618530273,29.290000915527344,29.420000076293945,29393500,UBER,2.164500844714712,29.513999938964844,29.798000144958497
2022-09-09,31.780000686645508,31.780000686645508,32.04999923706055,30.889999389648438,31.0,28055900,UBER,3.5853988609125143,30.086000061035158,29.77500009536743
2022-09-12,32.5,32.5,32.619998931884766,31.850000381469727,31.950000762939453,29349900,UBER,2.2655736242858104,30.776000213623046,29.776500034332276
2022-09-13,31.31999969482422,31.31999969482422,31.780000686645508,30.219999313354492,30.690000534057617,29364700,UBER,-3.6307701697716355,31.262000274658202,29.717999935150146
2022-09-14,33.04999923706055,33.04999923706055,33.13999938964844,31.100000381469727,31.25,34493400,UBER,5.523625667602472,31.86599998474121,29.75149984359741
2022-09-15,33.130001068115234,33.130001068115234,34.32500076293945,32.7400016784668,32.95000076293945,41849100,UBER,0.24206303449767486,32.356000137329104,29.87199993133545
2022-09-16,31.93000030517578,31.93000030517578,32.14500045776367,30.8799991607666,30.959999084472656,50970700,UBER,-3.622096964235688,32.386000061035155,29.960999965667725
2022-09-19,31.489999771118164,31.489999771118164,31.979999542236328,31.059999465942383,31.440000534057617,22867600,UBER,-1.378016065932497,32.18400001525879,30.08499994277954
2022-09-20,31.489999771118164,31.489999771118164,32.560001373291016,31.190000534057617,31.489999771118164,23652400,UBER,0.0,32.21800003051758,30.259499931335448
2022-09-21,30.469999313354492,30.469999313354492,31.674999237060547,30.350000381469727,31.450000762939453,22328400,UBER,-3.239125008502508,31.702000045776366,30.392499923706055
2022-09-22,28.579999923706055,28.579999923706055,30.190000534057617,28.530000686645508,30.190000534057617,29038100,UBER,-6.202820584968249,30.79199981689453,30.385999965667725
2022-09-23,27.81999969482422,27.81999969482422,28.34000015258789,27.360000610351562,28.010000228881836,26472600,UBER,-2.6592030472730843,29.969999694824217,30.295999908447264
2022-09-26,26.889999389648438,26.889999389648438,28.15999984741211,26.81999969482422,27.709999084472656,24953800,UBER,-3.342919897115615,29.049999618530272,30.211499881744384
2022-09-27,27.56999969482422,27.56999969482422,28.489999771118164,27.15999984741211,27.670000076293945,22392800,UBER,2.528822315397883,28.265999603271485,30.152999877929688
2022-09-28,28.040000915527344,28.040000915527344,28.15999984741211,27.190000534057617,27.43000030517578,21290400,UBER,1.7047559880508878,27.779999923706054,30.119499969482423
2022-09-29,26.420000076293945,26.420000076293945,27.719999313354492,26.0,27.65999984741211,26160700,UBER,-5.777463574675956,27.34799995422363,30.002499961853026
2022-09-30,26.5,26.5,27.309999465942383,26.15999984741211,26.15999984741211,23894900,UBER,0.30280061875487263,27.084000015258788,29.88149995803833
2022-10-03,26.719999313354492,26.719999313354492,26.899999618530273,25.959999084472656,26.760000228881836,19940800,UBER,0.8301860881301693,27.05,29.76499996185303
2022-10-04,29.190000534057617,29.190000534057617,29.25,27.600000381469727,27.625,25462200,UBER,9.24401678209863,27.37400016784668,29.780000019073487
2022-10-05,29.18000030517578,29.18000030517578,29.649999618530273,28.309999465942383,28.479999542236328,21458500,UBER,-0.03425909112323433,27.602000045776368,29.7375
2022-10-06,29.729999542236328,29.729999542236328,30.239999771118164,28.959999084472656,29.200000762939453,25399500,UBER,1.88485000448404,28.263999938964844,29.689999961853026
2022-10-07,28.06999969482422,28.06999969482422,28.860000610351562,27.920000076293945,28.829999923706055,19690200,UBER,-5.583585176494232,28.577999877929688,29.504499912261963
2022-10-10,27.530000686645508,27.530000686645508,28.450000762939453,27.229999542236328,28.239999771118164,13413500,UBER,-1.9237585110422395,28.74000015258789,29.255999946594237
2022-10-11,24.65999984741211,24.65999984741211,26.049999237060547,22.940000534057617,25.545000076293945,92468800,UBER,-10.424993707412444,27.834000015258788,28.922999954223634
2022-10-12,25.979999542236328,25.979999542236328,26.114999771118164,24.559999465942383,25.049999237060547,30945900,UBER,5.352796849115737,27.1939998626709,28.569499969482422
2022-10-13,25.0,25.0,26.024999618530273,24.190000534057617,24.469999313354492,32838500,UBER,-3.7721307140253013,26.247999954223634,28.16299991607666
2022-10-14,24.709999084472656,24.709999084472656,26.06999969482422,24.65999984741211,25.649999618530273,22540000,UBER,-1.1600036621093768,25.57599983215332,27.801999855041505
2022-10-17,25.940000534057617,25.940000534057617,26.264999389648438,25.079999923706055,25.260000228881836,25074900,UBER,4.9777478557571975,25.25799980163574,27.524499893188477
2022-10-18,27.610000610351562,27.610000610351562,27.709999084472656,26.4950008392334,27.06999969482422,25643300,UBER,6.437933854709588,25.84799995422363,27.330499935150147
2022-10-19,27.530000686645508,27.530000686645508,27.729999542236328,26.850000381469727,27.059999465942383,15428500,UBER,-0.28974980781442117,26.158000183105468,27.183500003814697
2022-10-20,27.8700008392334,27.8700008392334,28.68000030517578,27.239999771118164,27.31999969482422,20835300,UBER,1.2350168692615515,26.73200035095215,27.148000049591065
2022-10-21,28.020000457763672,28.020000457763672,28.434999465942383,27.15999984741211,27.5,20651600,UBER,0.5382117474467929,27.394000625610353,27.15800008773804
2022-10-24,27.649999618530273,27.649999618530273,27.979999542236328,26.510000228881836,27.709999084472656,19194200,UBER,-1.3204883411444768,27.73600044250488,27.19600009918213
2022-10-25,28.360000610351562,28.360000610351562,28.545000076293945,27.329999923706055,28.0,17366400,UBER,2.56781555738419,27.886000442504884,27.235500144958497
2022-10-26,28.200000762939453,28.200000762939453,28.979999542236328,27.864999771118164,28.170000076293945,17315900,UBER,-0.5641743440361835,28.020000457763672,27.2435001373291
2022-10-27,27.81999969482422,27.81999969482422,28.760000228881836,27.65999984741211,28.399999618530273,16768600,UBER,-1.3475214816824899,28.010000228881836,27.313500118255615
2022-10-28,27.5,27.5,27.8799991607666,26.489999771118164,27.809999465942383,27116700,UBER,-1.150250533193764,27.9060001373291,27.363500118255615
2022-10-31,26.56999969482422,26.56999969482422,27.729999542236328,26.299999237060547,27.610000610351562,37327000,UBER,-3.3818192915482936,27.690000152587892,27.3560001373291
2022-11-01,29.75,29.75,31.0,29.1200008392334,30.06999969482422,87994000,UBER,11.96838668310274,27.96800003051758,27.38400011062622
2022-11-02,28.809999465942383,28.809999465942383,30.15999984741211,28.6299991607666,29.56999969482422,37083500,UBER,-3.1596656606978746,28.089999771118165,27.365500068664552
2022-11-03,28.729999542236328,28.729999542236328,29.520000457763672,27.709999084472656,28.030000686645508,28033200,UBER,-0.2776811009685187,28.271999740600585,27.31550006866455
2022-11-04,28.389999389648438,28.389999389648438,29.725000381469727,28.040000915527344,29.440000534057617,22304200,UBER,-1.1834325026286674,28.449999618530274,27.33150005340576
2022-11-07,27.690000534057617,27.690000534057617,28.825000762939453,27.614999771118164,28.704999923706055,19204100,UBER,-2.465652943430685,28.673999786376953,27.33950004577637
2022-11-08,27.440000534057617,27.440000534057617,28.329999923706055,26.81999969482422,27.56999969482422,27033900,UBER,-0.9028529981157218,28.211999893188477,27.478500080108642
2022-11-09,26.549999237060547,26.549999237060547,28.0049991607666,26.440000534057617,27.309999465942383,21186300,UBER,-3.243444896775527,27.75999984741211,27.507000064849855
2022-11-10,28.850000381469727,28.850000381469727,29.31999969482422,28.100000381469727,28.3799991607666,35196900,UBER,8.6629047476531,27.78400001525879,27.69950008392334
2022-11-11,29.149999618530273,29.149999618530273,30.434999465942383,28.700000762939453,28.950000762939453,35861100,UBER,1.0398586935660425,27.936000061035156,27.92150011062622
2022-11-14,29.06999969482422,29.06999969482422,29.700000762939453,28.790000915527344,28.850000381469727,24426200,UBER,-0.27444228045615526,28.211999893188477,28.07800006866455
2022-11-15,31.56999969482422,31.56999969482422,31.815000534057617,30.0,30.25,43066500,UBER,8.599931290832163,29.0379997253418,28.276000022888184
2022-11-16,30.040000915527344,30.040000915527344,31.15999984741211,29.829999923706055,30.950000762939453,26540200,UBER,-4.846369319248723,29.736000061035156,28.401500034332276
2022-11-17,28.8799991607666,28.8799991607666,29.5,28.399999618530273,29.100000381469727,22684100,UBER,-3.86152369975844,29.74199981689453,28.451999950408936
2022-11-18,28.959999084472656,28.959999084472656,29.405000686645508,28.700000762939453,29.209999084472656,15676300,UBER,0.27700805412327334,29.703999710083007,28.498999881744385
2022-11-21,28.25,28.25,28.709999084472656,28.010000228881836,28.520000457763672,16159400,UBER,-2.4516543747176156,29.539999771118165,28.528999900817873
2022-11-22,28.079999923706055,28.079999923706055,28.329999923706055,27.312000274658203,28.270000457763672,20368600,UBER,-0.6017701815714926,28.841999816894532,28.514999866485596
2022-11-23,28.790000915527344,28.790000915527344,28.940000534057617,28.139999389648438,28.360000610351562,12964900,UBER,2.5284935674871,28.591999816894532,28.54449987411499
2022-11-25,28.5,28.5,28.8799991607666,28.239999771118164,28.709999084472656,5200400,UBER,-1.0072973473611024,28.51599998474121,28.57849988937378
2022-11-28,27.760000228881836,27.760000228881836,28.655000686645508,27.729999542236328,28.110000610351562,11120000,UBER,-2.596490424976017,28.276000213623046,28.591499900817873
2022-11-29,27.760000228881836,27.760000228881836,28.229999542236328,27.579999923706055,28.049999237060547,15007800,UBER,0.0,28.178000259399415,28.65099992752075
2022-11-30,29.139999389648438,29.139999389648438,29.139999389648438,27.639999389648438,27.799999237060547,18177000,UBER,4.971178492033412,28.39000015258789,28.620499897003175
2022-12-01,28.34000015258789,28.34000015258789,29.600000381469727,28.299999237060547,29.219999313354492,18066600,UBER,-2.7453646321788705,28.3,28.59699993133545
2022-12-02,28.75,28.75,28.780000686645508,27.190000534057617,27.3799991607666,15980500,UBER,1.4467178729872687,28.35,28.59799995422363
2022-12-05,27.700000762939453,27.700000762939453,28.860000610351562,27.649999618530273,28.40999984741211,17486300,UBER,-3.6521712593410305,28.338000106811524,28.563500022888185
2022-12-06,26.920000076293945,26.920000076293945,27.860000610351562,26.700000762939453,27.700000762939453,19772900,UBER,-2.815886877841145,28.170000076293945,28.525
2022-12-07,26.399999618530273,26.399999618530273,26.8700008392334,26.020000457763672,26.610000610351562,21193900,UBER,-1.9316510263370668,27.62200012207031,28.47299995422363
2022-12-08,26.450000762939453,26.450000762939453,27.030000686645508,26.275999069213867,26.520000457763672,14909600,UBER,0.1893982770139191,27.244000244140626,28.46800003051758
2022-12-09,26.549999237060547,26.549999237060547,26.959999084472656,26.239999771118164,26.399999618530273,14253500,UBER,0.3780660538248659,26.804000091552734,28.35299997329712
2022-12-12,27.030000686645508,27.030000686645508,27.229999542236328,26.110000610351562,26.420000076293945,16483600,UBER,1.8079151163022944,26.670000076293945,28.24700002670288
2022-12-13,26.979999542236328,26.979999542236328,28.454999923706055,26.90999984741211,28.030000686645508,27635400,UBER,-0.18498388138733501,26.681999969482423,28.142500019073488
2022-12-14,27.469999313354492,27.469999313354492,27.81999969482422,26.770000457763672,27.06999969482422,19427300,UBER,1.8161593010818544,26.895999908447266,27.9375
2022-12-15,26.239999771118164,26.239999771118164,27.110000610351562,25.8799991607666,26.979999542236328,19377800,UBER,-4.477610385808662,26.85399971008301,27.74749994277954
2022-12-16,25.969999313354492,25.969999313354492,26.450000762939453,25.65999984741211,26.059999465942383,22684200,UBER,-1.0289651681356204,26.737999725341798,27.601999950408935
2022-12-19,24.950000762939453,24.950000762939453,26.020000457763672,24.690000534057617,26.020000457763672,35616100,UBER,-3.9276033014391643,26.321999740600585,27.401500034332276
2022-12-20,24.959999084472656,24.959999084472656,25.280000686645508,24.610000610351562,24.719999313354492,28536500,UBER,0.04007343177341305,25.91799964904785,27.236999988555908
2022-12-21,25.360000610351562,25.360000610351562,25.670000076293945,24.871000289916992,25.149999618530273,20444500,UBER,1.6025702746429227,25.495999908447267,27.101000022888183
2022-12-22,24.639999389648438,24.639999389648438,25.100000381469727,24.04199981689453,24.93000030517578,23752700,UBER,-2.839121464410499,25.17599983215332,26.89349994659424
2022-12-23,24.639999389648438,24.639999389648438,24.725000381469727,24.16200065612793,24.459999084472656,11610000,UBER,0.0,24.90999984741211,26.70049991607666
2022-12-27,24.399999618530273,24.399999618530273,24.700000762939453,23.899999618530273,24.290000915527344,15258600,UBER,-0.9740250692497621,24.799999618530272,26.532499885559083
2022-12-28,24.59000015258789,24.59000015258789,24.719999313354492,24.020000457763672,24.209999084472656,15669200,UBER,0.7786907255249442,24.72599983215332,26.373999881744385
2022-12-29,24.90999984741211,24.90999984741211,25.375,24.290000915527344,24.75,17828300,UBER,1.301340759815095,24.63599967956543,26.16249990463257
2022-12-30,24.729999542236328,24.729999542236328,24.850000381469727,24.239999771118164,24.420000076293945,20474100,UBER,-0.7226025944535697,24.653999710083006,25.98199987411499
2023-01-03,25.360000610351562,25.360000610351562,25.75,25.020000457763672,25.3700008392334,22155300,UBER,2.5475175081958845,24.797999954223634,25.812499904632567
2023-01-04,25.90999984741211,25.90999984741211,25.969999313354492,25.31999969482422,25.729999542236328,14816000,UBER,2.168766655455223,25.1,25.722999858856202
2023-01-05,25.549999237060547,25.549999237060547,26.010000228881836,25.549999237060547,25.729999542236328,9942000,UBER,-1.389427296301271,25.29199981689453,25.654499816894532
2023-01-06,26.399999618530273,26.399999618530273,26.540000915527344,25.399999618530273,25.860000610351562,19443800,UBER,3.3268117684981835,25.589999771118165,25.654499816894532
2023-01-09,27.399999618530273,27.399999618530273,28.049999237060547,27.149999618530273,27.299999237060547,24962100,UBER,3.787878842612158,26.123999786376952,25.701999759674074
2023-01-10,28.040000915527344,28.040000915527344,28.25,27.149999618530273,27.399999618530273,15413700,UBER,2.3357711894428146,26.65999984741211,25.776499843597414
2023-01-11,28.350000381469727,28.350000381469727,28.520000457763672,27.920000076293945,28.239999771118164,15421700,UBER,1.1055615400166419,27.147999954223632,25.842499828338624
2023-01-12,29.030000686645508,29.030000686645508,29.184999465942383,28.200000762939453,28.850000381469727,17513400,UBER,2.3985901094387474,27.844000244140624,25.94499988555908
2023-01-13,29.440000534057617,29.440000534057617,29.5,28.65999984741211,28.68000030517578,16940700,UBER,1.412331511244913,28.452000427246094,26.04349994659424
2023-01-17,29.200000762939453,29.200000762939453,29.780000686645508,28.954999923706055,29.440000534057617,20816500,UBER,-0.8152165990639837,28.81200065612793,26.191499996185303
2023-01-18,28.959999084472656,28.959999084472656,30.09000015258789,28.885000228881836,29.950000762939453,25257200,UBER,-0.8219235349178677,28.996000289916992,26.34099998474121
2023-01-19,29.030000686645508,29.030000686645508,29.28499984741211,28.34000015258789,28.469999313354492,15651500,UBER,0.24171824718870472,29.132000350952147,26.544999980926512
2023-01-20,30.360000610351562,30.360000610351562,30.389999389648438,29.1200008392334,29.299999237060547,23008700,UBER,4.581467076292167,29.39800033569336,26.81500005722046
2023-01-23,30.530000686645508,30.530000686645508,31.110000610351562,30.264999389648438,30.6299991607666,22041100,UBER,0.5599475391182329,29.616000366210937,27.073500061035155
2023-01-24,29.93000030517578,29.93000030517578,31.200000762939453,28.510000228881836,28.510000228881836,14464400,UBER,-1.9652812576980372,29.762000274658202,27.338000106811524
2023-01-25,30.290000915527344,30.290000915527344,30.399999618530273,28.799999237060547,29.219999313354492,14488100,UBER,1.2028085756127016,30.02800064086914,27.62050018310547
2023-01-26,30.020000457763672,30.020000457763672,30.64699935913086,29.309999465942383,30.530000686645508,25383600,UBER,-0.8913847791442775,30.226000595092774,27.90150022506714
2023-01-27,30.360000610351562,30.360000610351562,30.597000122070312,29.5,29.700000762939453,18224000,UBER,1.1325787721630842,30.226000595092774,28.19000024795532
2023-01-30,29.6299991607666,29.6299991607666,30.540000915527344,29.59000015258789,30.200000762939453,17969700,UBER,-2.404484304707355,30.046000289916993,28.42600021362305
2023-01-31,30.93000030517578,30.93000030517578,30.959999084472656,29.739999771118164,29.75,15611500,UBER,4.3874491435373475,30.246000289916992,28.73600025177002
2023-02-01,31.489999771118164,31.489999771118164,31.850000381469727,30.639999389648438,30.8799991607666,21206400,UBER,1.8105381843422474,30.486000061035156,29.04250020980835
2023-02-02,33.04999923706055,33.04999923706055,33.470001220703125,32.41999816894531,32.41999816894531,32045500,UBER,4.953951976122828,31.091999816894532,29.399500179290772
2023-02-03,33.09000015258789,33.09000015258789,33.95000076293945,32.150001525878906,32.16999816894531,25804900,UBER,0.12103151724884853,31.637999725341796,29.77650022506714
2023-02-06,33.900001525878906,33.900001525878906,34.209999084472656,32.900001525878906,33.529998779296875,33594900,UBER,2.44787358584424,32.49200019836426,30.15150032043457
2023-02-07,34.900001525878906,34.900001525878906,35.060001373291016,33.40999984741211,33.65999984741211,59374000,UBER,2.949852374598305,33.286000442504886,30.526500415802
2023-02-08,36.83000183105469,36.83000183105469,37.58000183105469,34.5,37.43000030517578,109597800,UBER,5.530086592531114,34.354000854492185,30.966000461578368
2023-02-09,35.88999938964844,35.88999938964844,37.36000061035156,35.650001525878906,36.88999938964844,44068500,UBER,-2.552273675462191,34.922000885009766,31.343000411987305
2023-02-10,34.29999923706055,34.29999923706055,35.39899826049805,34.04999923706055,34.400001525878906,41936400,UBER,-4.430203899770713,35.1640007019043,31.606500339508056
2023-02-13,33.439998626708984,33.439998626708984,34.52000045776367,33.349998474121094,34.5,35043700,UBER,-2.507290464958223,35.072000122070314,31.806500244140626
2023-02-14,35.22999954223633,35.22999954223633,35.36000061035156,32.7239990234375,33.11000061035156,38856500,UBER,5.352873771046296,35.1379997253418,32.10800018310547
2023-02-15,36.22999954223633,36.22999954223633,36.2400016784668,34.71500015258789,35.0099983215332,31443800,UBER,2.838489960242896,35.017999267578126,32.47150020599365
2023-02-16,36.220001220703125,36.220001220703125,36.72999954223633,35.45199966430664,35.599998474121094,28202700,UBER,-0.027596802814056076,35.08399963378906,32.83100023269653
2023-02-17,34.77000045776367,34.77000045776367,36.22999954223633,34.56999969482422,35.959999084472656,27946700,UBER,-4.003315058174661,35.177999877929686,33.05150022506714
2023-02-21,34.20000076293945,34.20000076293945,34.38999938964844,33.4900016784668,33.779998779296875,24696800,UBER,-1.639343363013801,35.33000030517578,33.23500022888184
2023-02-22,34.540000915527344,34.540000915527344,35.16999816894531,34.220001220703125,34.349998474121094,23294000,UBER,0.9941524707693272,35.19200057983399,33.46550025939941
2023-02-23,34.470001220703125,34.470001220703125,34.79999923706055,33.70000076293945,34.790000915527344,23661700,UBER,-0.20266268954484135,34.84000091552734,33.6745002746582
2023-02-24,33.400001525878906,33.400001525878906,33.91999816894531,33.02000045776367,33.70000076293945,19101000,UBER,-3.1041475396918816,34.2760009765625,33.84350032806397
2023-02-27,33.54999923706055,33.54999923706055,33.849998474121094,33.060001373291016,33.67499923706055,19079100,UBER,0.44909492314071375,34.03200073242188,34.003000259399414
2023-02-28,33.2599983215332,33.2599983215332,34.0,33.165000915527344,33.75,17144000,UBER,-0.8643842686201886,33.844000244140624,34.184500217437744
2023-03-01,32.9900016784668,32.9900016784668,33.58000183105469,32.88999938964844,33.43000030517578,14404700,UBER,-0.8117758770047945,33.534000396728516,34.28750028610229
2023-03-02,33.689998626708984,33.689998626708984,33.79999923706055,32.22999954223633,32.540000915527344,17967400,UBER,2.1218457490988607,33.37799987792969,34.39750022888184
2023-03-03,34.56999969482422,34.56999969482422,34.59000015258789,33.79999923706055,34.0,14990400,UBER,2.6120543306213717,33.61199951171875,34.47350025177002
2023-03-06,33.880001068115234,33.880001068115234,35.11000061035156,33.849998474121094,34.584999084472656,18903000,UBER,-1.995946291004136,33.677999877929686,34.513000297546384
2023-03-07,34.13999938964844,34.13999938964844,35.0,33.599998474121094,33.849998474121094,25538400,UBER,0.7674094254320751,33.854000091552734,34.525000190734865
2023-03-08,34.0099983215332,34.0099983215332,34.630001068115234,33.52000045776367,34.0099983215332,16174300,UBER,-0.38078813836960324,34.05799942016601,34.480500030517575
2023-03-09,32.31999969482422,32.31999969482422,34.52000045776367,32.279998779296875,34.40999984741211,27629700,UBER,-4.9691229347664345,33.783999633789065,34.25499992370605
2023-03-10,31.110000610351562,31.110000610351562,32.03499984741211,30.770000457763672,32.0,32553600,UBER,-3.7438090838423754,33.09199981689453,34.015999984741214
2023-03-13,30.81999969482422,30.81999969482422,31.084999084472656,29.969999313354492,30.584999084472656,24302600,UBER,-0.9321790737311986,32.47999954223633,33.842000007629395
2023-03-14,32.36000061035156,32.36000061035156,33.41999816894531,32.15999984741211,32.939998626708984,34241800,UBER,4.996758373706167,32.123999786376956,33.78800010681152
2023-03-15,31.969999313354492,31.969999313354492,32.23500061035156,31.385000228881836,31.829999923706055,28434900,UBER,-1.2051955798551894,31.71599998474121,33.62500009536743
2023-03-16,32.72999954223633,32.72999954223633,32.900001525878906,31.549999237060547,31.59000015258789,20044700,UBER,2.3772294188457055,31.797999954223634,33.45000009536743
2023-03-17,31.780000686645508,31.780000686645508,32.470001220703125,31.510000228881836,32.380001068115234,27102500,UBER,-2.9025324438666678,31.931999969482423,33.22800006866455
2023-03-20,31.93000030517578,31.93000030517578,32.36000061035156,31.459999084472656,31.600000381469727,14157800,UBER,0.47199375484376915,32.15400009155273,33.08600006103516
2023-03-21,32.86000061035156,32.86000061035156,33.13999938964844,32.22999954223633,32.33000183105469,19780200,UBER,2.9126222871505236,32.25400009155273,33.01900005340576
2023-03-22,31.520000457763672,31.520000457763672,32.720001220703125,31.5,32.58000183105469,24636400,UBER,-4.077906657633368,32.16400032043457,32.86800003051758
2023-03-23,31.18000030517578,31.18000030517578,32.20000076293945,30.75,31.8799991607666,16806900,UBER,-1.0786806714786823,31.85400047302246,32.703499984741214
2023-03-24,30.75,30.75,31.149999618530273,30.290000915527344,30.940000534057617,14775300,UBER,-1.379090124974769,31.64800033569336,32.57099990844726
2023-03-27,30.6200008392334,30.6200008392334,31.040000915527344,30.139999389648438,31.030000686645508,17918000,UBER,-0.4227614984279704,31.386000442504884,32.42449998855591
2023-03-28,30.06999969482422,30.06999969482422,30.860000610351562,29.979999542236328,30.530000686645508,23087300,UBER,-1.7962153146137805,30.828000259399413,32.26500005722046
2023-03-29,30.8700008392334,30.8700008392334,30.899999618530273,30.200000762939453,30.6200008392334,18917500,UBER,2.660462761982929,30.698000335693358,32.15900001525879
2023-03-30,31.190000534057617,31.190000534057617,31.850000381469727,30.8799991607666,31.5,16261300,UBER,1.0366041014729266,30.700000381469728,32.03400011062622
2023-03-31,31.700000762939453,31.700000762939453,31.844999313354492,31.209999084472656,31.420000076293945,14824600,UBER,1.6351401736109272,30.890000534057616,31.890500164031984
2023-04-03,31.459999084472656,31.459999084472656,31.7549991607666,31.16699981689453,31.5,23529100,UBER,-0.7571030684244806,31.05800018310547,31.769500064849854
2023-04-04,31.389999389648438,31.389999389648438,32.130001068115234,31.28499984741211,31.940000534057617,15146900,UBER,-0.2225038043906613,31.322000122070314,31.632000064849855
2023-04-05,31.1200008392334,31.1200008392334,31.235000610351562,30.469999313354492,30.950000762939453,17243300,UBER,-0.8601419422265999,31.37200012207031,31.487500190734863
2023-04-06,31.18000030517578,31.18000030517578,31.489999771118164,30.5,30.93000030517578,14486900,UBER,0.192800335232457,31.370000076293945,31.43050022125244
2023-04-10,31.739999771118164,31.739999771118164,31.78499984741211,30.610000610351562,30.959999084472656,16463100,UBER,1.796021361325728,31.37799987792969,31.462000179290772
2023-04-11,31.1200008392334,31.1200008392334,31.799999237060547,30.8799991607666,31.75,16906500,UBER,-1.953367789400351,31.310000228881837,31.47700023651123
2023-04-12,30.59000015258789,30.59000015258789,31.450000762939453,30.399999618530273,31.190000534057617,15964900,UBER,-1.7030869934210546,31.150000381469727,31.388500213623047
2023-04-13,31.440000534057617,31.440000534057617,31.59000015258789,30.690000534057617,30.834999084472656,15079600,UBER,2.778687078227482,31.21400032043457,31.362000274658204
2023-04-14,31.479999542236328,31.479999542236328,31.6200008392334,30.93000030517578,31.309999465942383,11851900,UBER,0.12722330629537648,31.27400016784668,31.299500274658204
2023-04-17,32.08000183105469,32.08000183105469,32.189998626708984,31.6299991607666,32.189998626708984,25206200,UBER,1.9059793441653206,31.342000579833986,31.314500331878662
2023-04-18,31.729999542236328,31.729999542236328,32.93000030517578,31.610000610351562,32.369998931884766,18698600,UBER,-1.0910295163373163,31.46400032043457,31.30450029373169
2023-04-19,32.040000915527344,32.040000915527344,32.369998931884766,31.15999984741211,31.350000381469727,13822000,UBER,0.9769977238050842,31.75400047302246,31.26350030899048
2023-04-20,31.5,31.5,32.040000915527344,31.399999618530273,31.520000457763672,12747100,UBER,-1.6853960677187363,31.76600036621094,31.262500286102295
2023-04-21,30.829999923706055,30.829999923706055,31.459999084472656,29.709999084472656,31.360000610351562,40543100,UBER,-2.1269843691871237,31.636000442504884,31.245000267028807
2023-04-24,30.68000030517578,30.68000030517578,31.059999465942383,30.229999542236328,30.68000030517578,14596200,UBER,-0.4865378491776595,31.3560001373291,31.241500282287596
2023-04-25,29.59000015258789,29.59000015258789,30.469999313354492,29.554000854492188,30.34000015258789,20399200,UBER,-3.552803591087339,30.928000259399415,31.19000024795532
2023-04-26,29.68000030517578,29.68000030517578,30.1200008392334,29.46500015258789,29.700000762939453,14277100,UBER,0.30415732383839433,30.456000137329102,31.1705002784729
2023-04-27,29.700000762939453,29.700000762939453,30.170000076293945,29.219999313354492,30.06999969482422,27293700,UBER,0.06738698638149021,30.096000289916994,31.112000274658204
2023-04-28,31.049999237060547,31.049999237060547,31.270000457763672,29.415000915527344,29.6200008392334,28516100,UBER,4.5454492910507405,30.14000015258789,31.10500020980835
2023-05-01,32.7400016784668,32.7400016784668,33.0,31.760000228881836,32.0,49867100,UBER,5.4428421350461775,30.552000427246092,31.157000255584716
2023-05-02,36.52000045776367,36.52000045776367,36.625,34.22999954223633,35.02000045776367,102993500,UBER,11.545505759039077,31.93800048828125,31.410000324249268
2023-05-03,37.84000015258789,37.84000015258789,38.349998474121094,36.349998474121094,36.75,68580800,UBER,3.6144569503793855,33.57000045776367,31.73250036239624
2023-05-04,37.4900016784668,37.4900016784668,37.79999923706055,36.685001373291016,37.47999954223633,44819400,UBER,-0.9249431096980509,35.12800064086914,32.05100040435791
2023-05-05,37.75,37.75,37.95000076293945,36.869998931884766,37.47999954223633,24682900,UBER,0.6935137633843791,36.46800079345703,32.37950038909912
2023-05-08,38.83000183105469,38.83000183105469,38.93000030517578,37.47999954223633,37.81999969482422,30992100,UBER,2.86093200279387,37.68600082397461,32.734000492095944
2023-05-09,38.189998626708984,38.189998626708984,38.58000183105469,37.904998779296875,38.4900016784668,19387000,UBER,-1.6482183213132218,38.02000045776367,33.087500381469724
2023-05-10,38.790000915527344,38.790000915527344,38.95000076293945,38.16999816894531,38.599998474121094,19531500,UBER,1.5710979586124774,38.210000610351564,33.4975004196167
2023-05-11,38.41999816894531,38.41999816894531,39.18000030517578,38.34000015258789,38.63999938964844,16515600,UBER,-0.9538611442360678,38.395999908447266,33.84650030136108
2023-05-12,38.45000076293945,38.45000076293945,39.22999954223633,38.20000076293945,38.63999938964844,21626000,UBER,0.07809108647587326,38.53600006103515,34.19500036239624
2023-05-15,38.13999938964844,38.13999938964844,38.47999954223633,37.9900016784668,38.34000015258789,17826600,UBER,-0.8062454281920761,38.3979995727539,34.49800024032593
2023-05-16,37.439998626708984,37.439998626708984,38.150001525878906,37.439998626708984,37.93000030517578,21829100,UBER,-1.8353455011576147,38.247999572753905,34.78350019454956
2023-05-17,37.84000015258789,37.84000015258789,37.95500183105469,37.36000061035156,37.72999954223633,19534400,UBER,1.0683801830952966,38.05799942016601,35.07350015640259
2023-05-18,39.25,39.25,39.4900016784668,37.7599983215332,37.97999954223633,27828100,UBER,3.7262152265495674,38.22399978637695,35.46100015640259
2023-05-19,39.18000030517578,39.18000030517578,39.4900016784668,38.915000915527344,39.25,19785500,UBER,-0.17834317152667367,38.369999694824216,35.87850017547608
2023-05-22,39.16999816894531,39.16999816894531,40.5,39.07600021362305,39.130001068115234,27581600,UBER,-0.02552867828626848,38.5759994506836,36.30300006866455
2023-05-23,38.65999984741211,38.65999984741211,39.650001525878906,38.5099983215332,38.9900016784668,18679400,UBER,-1.3020126254117081,38.81999969482422,36.75650005340576
2023-05-24,37.959999084472656,37.959999084472656,38.65999984741211,37.77000045776367,38.04999923706055,22074700,UBER,-1.810658990435332,38.84399948120117,37.17049999237061
2023-05-25,37.95000076293945,37.95000076293945,38.584999084472656,37.525001525878906,38.47999954223633,18634200,UBER,-0.026339098457173193,38.58399963378906,37.5829999923706
2023-05-26,38.45000076293945,38.45000076293945,38.7599983215332,38.220001220703125,38.2400016784668,14427900,UBER,1.3175230301662566,38.4379997253418,37.95300006866455
2023-05-30,37.560001373291016,37.560001373291016,39.060001373291016,37.560001373291016,38.72999954223633,18143200,UBER,-2.314692775003202,38.11600036621094,38.19400005340576
2023-05-31,37.93000030517578,37.93000030517578,38.04999923706055,37.06999969482422,37.25,34506300,UBER,0.985087642057092,37.970000457763675,38.264500045776366
2023-06-01,38.47999954223633,38.47999954223633,38.5,37.26499938964844,37.5,17115300,UBER,1.45003752342574,38.07400054931641,38.296500015258786
2023-06-02,39.72999954223633,39.72999954223633,39.88999938964844,39.0,39.0,21219000,UBER,3.248440787084683,38.43000030517578,38.40849990844727
2023-06-05,40.41999816894531,40.41999816894531,40.790000915527344,39.5,39.5,24218600,UBER,1.7367194428871358,38.82399978637695,38.54199981689453
2023-06-06,40.25,40.25,40.72999954223633,39.93000030517578,40.249000549316406,14570100,UBER,-0.42057935835316806,39.36199951171875,38.612999725341794
2023-06-07,38.9900016784668,38.9900016784668,40.25,38.61000061035156,40.2400016784668,23653900,UBER,-3.130430612504853,39.57399978637695,38.65299987792969
2023-06-08,40.2599983215332,40.2599983215332,40.630001068115234,39.040000915527344,39.18000030517578,20301800,UBER,3.2572366976013623,39.92999954223633,38.72649974822998
2023-06-09,40.9900016784668,40.9900016784668,41.0,40.02000045776367,40.04999923706055,21980700,UBER,1.8132225220266474,40.18199996948242,38.85499992370605
2023-06-12,41.7400016784668,41.7400016784668,41.744998931884766,41.060001373291016,41.2599983215332,15987700,UBER,1.829714489604406,40.44600067138672,39.019499969482425
2023-06-13,41.40999984741211,41.40999984741211,41.83000183105469,40.88999938964844,41.75,16659600,UBER,-0.7906128840069804,40.67800064086914,39.182999992370604
2023-06-14,41.27000045776367,41.27000045776367,41.59000015258789,40.56999969482422,41.29999923706055,15077600,UBER,-0.338081116069322,41.13400039672852,39.37450008392334
2023-06-15,43.36000061035156,43.36000061035156,43.75,40.939998626708984,41.02000045776367,41477800,UBER,5.06421160505397,41.75400085449219,39.65050010681152
2023-06-16,43.52000045776367,43.52000045776367,43.665000915527344,42.529998779296875,43.06999969482422,27986400,UBER,0.36900333293332643,42.26000061035156,39.864000129699704
2023-06-20,42.16999816894531,42.16999816894531,43.470001220703125,42.02000045776367,42.77000045776367,19931300,UBER,-3.1020272854283215,42.34599990844727,40.01350002288818
2023-06-21,42.65999984741211,42.65999984741211,43.21799850463867,41.77000045776367,42.5,21916500,UBER,1.1619675118403006,42.59599990844727,40.18800010681152
2023-06-22,42.810001373291016,42.810001373291016,43.869998931884766,42.209999084472656,42.29999923706055,19542100,UBER,0.3516210183202917,42.90400009155273,40.39550018310547
2023-06-23,43.34000015258789,43.34000015258789,43.755001068115234,42.33000183105469,42.59000015258789,23186600,UBER,1.2380256068562856,42.9,40.66450023651123
2023-06-26,44.41999816894531,44.41999816894531,45.040000915527344,43.68000030517578,43.75,33693000,UBER,2.491919733629566,43.07999954223633,40.988000106811526
2023-06-27,43.83000183105469,43.83000183105469,44.83000183105469,43.75,44.689998626708984,29652100,UBER,-1.3282223372604762,43.412000274658205,41.25700016021729
2023-06-28,44.2400016784668,44.2400016784668,45.2400016784668,43.31999969482422,43.5,28187400,UBER,0.9354319650555221,43.72800064086914,41.591000175476076
2023-06-29,42.58000183105469,42.58000183105469,44.279998779296875,42.11000061035156,44.09000015258789,28595300,UBER,-3.752259910559841,43.682000732421876,41.82350025177002
2023-06-30,43.16999816894531,43.16999816894531,43.43000030517578,42.91999816894531,43.11000061035156,17589200,UBER,1.385618394831356,43.64800033569336,42.05800018310547
2023-07-03,43.09000015258789,43.09000015258789,43.400001525878906,42.58000183105469,43.16999816894531,7578100,UBER,-0.18530928828014437,43.38200073242187,42.226000213623045
2023-07-05,43.65999984741211,43.65999984741211,43.880001068115234,42.88999938964844,42.88999938964844,15730400,UBER,1.3228120046548275,43.34800033569336,42.388000297546384
2023-07-06,42.11000061035156,42.11000061035156,43.0,41.869998931884766,42.9900016784668,17983600,UBER,-3.550158594772468,42.922000122070315,42.48100032806396
2023-07-07,42.90999984741211,42.90999984741211,43.119998931884766,41.941001892089844,42.06999969482422,14937600,UBER,1.8997844347309112,42.987999725341794,42.67700023651123
2023-07-10,42.779998779296875,42.779998779296875,43.20000076293945,42.439998626708984,42.58000183105469,15821800,UBER,-0.3029621733337651,42.90999984741211,42.80300025939941
2023-07-11,44.36000061035156,44.36000061035156,44.66999816894531,41.74599838256836,42.099998474121094,32165000,UBER,3.6933190185580944,43.16399993896484,42.97150020599365
2023-07-12,44.52000045776367,44.52000045776367,45.220001220703125,43.970001220703125,45.0,21830100,UBER,0.36068495313494875,43.33600006103516,43.11050014495849
2023-07-13,45.63999938964844,45.63999938964844,45.935001373291016,44.62200164794922,45.209999084472656,21193200,UBER,2.515720845392422,44.04199981689453,43.322000122070314
2023-07-14,44.75,44.75,46.400001525878906,44.560001373291016,45.904998779296875,22054800,UBER,-1.9500425099705399,44.40999984741211,43.496000099182126
2023-07-17,45.5099983215332,45.5099983215332,45.650001525878906,44.5,44.68000030517578,21937900,UBER,1.6983202715825874,44.955999755859374,43.60349998474121
2023-07-18,47.40999984741211,47.40999984741211,47.75,45.34000015258789,45.34000015258789,42599100,UBER,4.1749101207501305,45.565999603271486,43.797999954223634
2023-07-19,47.119998931884766,47.119998931884766,47.900001525878906,46.54999923706055,47.099998474121094,21990900,UBER,-0.6116872315138244,46.0859992980957,44.04549999237061
2023-07-20,46.56999969482422,46.56999969482422,47.5,45.86000061035156,46.06999969482422,23085300,UBER,-1.1672310049404055,46.27199935913086,44.24099998474121
2023-07-21,47.22999954223633,47.22999954223633,47.34000015258789,46.279998779296875,46.54999923706055,20181200,UBER,1.4172210687934728,46.767999267578126,44.46199989318848
2023-07-24,47.31999969482422,47.31999969482422,47.54999923706055,46.84000015258789,47.060001373291016,16669800,UBER,0.19055717438110076,47.12999954223633,44.660999870300294
2023-07-25,47.16999816894531,47.16999816894531,47.72999954223633,46.93000030517578,47.20000076293945,14188200,UBER,-0.31699392824661166,47.08199920654297,44.79849987030029
2023-07-26,47.310001373291016,47.310001373291016,47.55500030517578,46.619998931884766,47.04999923706055,16666200,UBER,0.29680561751193046,47.119999694824216,44.97249984741211
2023-07-27,46.61000061035156,46.61000061035156,48.09000015258789,46.35499954223633,48.0,17992000,UBER,-1.4796041907000235,47.12799987792969,45.09099979400635
2023-07-28,48.13999938964844,48.13999938964844,48.43000030517578,46.709999084472656,47.13999938964844,17154600,UBER,3.2825547291605917,47.30999984741211,45.36899967193604
2023-07-31,49.459999084472656,49.459999084472656,49.4900016784668,48.150001525878906,48.849998474121094,38736800,UBER,2.742001893560597,47.737999725341794,45.6834997177124
2023-08-01,46.650001525878906,46.650001525878906,49.029998779296875,46.0099983215332,48.66999816894531,82097500,UBER,-5.68135384271754,47.63400039672852,45.86149978637695
2023-08-02,46.959999084472656,46.959999084472656,47.70500183105469,45.66999816894531,46.05500030517578,36303800,UBER,0.6645177887545817,47.56399993896484,46.02649974822998
2023-08-03,45.90999984741211,45.90999984741211,47.849998474121094,45.790000915527344,46.220001220703125,25248800,UBER,-2.235943904453208,47.42399978637695,46.216499710083006
2023-08-04,45.20000076293945,45.20000076293945,46.380001068115234,45.02000045776367,46.0,25657600,UBER,-1.5465020405846852,46.83600006103516,46.330999755859374
2023-08-07,44.95000076293945,44.95000076293945,45.529998779296875,44.380001068115234,45.0099983215332,22122500,UBER,-0.5530973357969038,45.934000396728514,46.439499855041504
2023-08-08,45.15999984741211,45.15999984741211,45.2400016784668,44.084999084472656,44.5,14742200,UBER,0.46718371725991137,45.636000061035155,46.47949981689453
2023-08-09,44.11000061035156,44.11000061035156,45.459999084472656,43.84000015258789,45.25,20113000,UBER,-2.325064748911232,45.066000366210936,46.45899982452393
2023-08-10,44.599998474121094,44.599998474121094,45.18000030517578,44.09000015258789,44.130001068115234,16908200,UBER,1.1108543572645901,44.80400009155274,46.40699977874756
2023-08-11,43.709999084472656,43.709999084472656,44.29999923706055,43.310001373291016,44.0,16181100,UBER,-1.9955143948376053,44.50599975585938,46.354999732971194
2023-08-14,44.849998474121094,44.849998474121094,44.8849983215332,42.95000076293945,43.5,15828800,UBER,2.608097491480854,44.485999298095706,46.32199974060059
2023-08-15,44.08000183105469,44.08000183105469,44.880001068115234,44.0099983215332,44.70000076293945,13404700,UBER,-1.716826464354737,44.26999969482422,46.15549983978271
2023-08-16,43.650001525878906,43.650001525878906,44.33000183105469,43.400001525878906,43.97999954223633,14980800,UBER,-0.9754997443599089,44.177999877929686,45.98199996948242
2023-08-17,43.970001220703125,43.970001220703125,44.86000061035156,43.90999984741211,44.18000030517578,21326600,UBER,0.7331035134889863,44.05200042724609,45.852000045776364
2023-08-18,44.689998626708984,44.689998626708984,44.84000015258789,43.189998626708984,43.27000045776367,17138000,UBER,1.6374741551447913,44.24800033569336,45.725
2023-08-21,44.630001068115234,44.630001068115234,45.29999923706055,44.0099983215332,44.97999954223633,15362100,UBER,-0.134252764460574,44.204000854492186,45.590500068664554
2023-08-22,44.349998474121094,44.349998474121094,45.18000030517578,44.02000045776367,44.939998626708984,13593100,UBER,-0.6273864828432174,44.258000183105466,45.44950008392334
2023-08-23,45.13999938964844,45.13999938964844,45.6150016784668,44.0,44.0,14625800,UBER,1.781287356725203,44.555999755859375,45.34099998474121
2023-08-24,44.68000030517578,44.68000030517578,45.720001220703125,44.63999938964844,45.2400016784668,18129600,UBER,-1.019049824307583,44.69799957275391,45.24449996948242
2023-08-25,43.959999084472656,43.959999084472656,44.84000015258789,43.08000183105469,44.709999084472656,19132500,UBER,-1.6114619869859736,44.55199966430664,45.03549995422363
2023-08-28,44.150001525878906,44.150001525878906,44.52000045776367,43.709999084472656,44.11000061035156,10424100,UBER,0.4322166637018121,44.455999755859374,44.77000007629395
2023-08-29,45.349998474121094,45.349998474121094,45.584999084472656,44.119998931884766,44.209999084472656,11335400,UBER,2.717999788830805,44.655999755859376,44.704999923706055
2023-08-30,46.5099983215332,46.5099983215332,46.75,45.29999923706055,45.349998474121094,19869400,UBER,2.5578828807989007,44.92999954223633,44.68249988555908
2023-08-31,47.22999954223633,47.22999954223633,47.56999969482422,46.52000045776367,46.689998626708984,19263800,UBER,1.5480568623666757,45.439999389648435,44.74849987030029
2023-09-01,47.040000915527344,47.040000915527344,47.70000076293945,46.83000183105469,47.5099983215332,14614500,UBER,-0.40228377842577157,46.055999755859375,44.84049987792969
2023-09-05,46.54999923706055,46.54999923706055,47.13999938964844,46.29999923706055,46.869998931884766,16461700,UBER,-1.0416702145621182,46.5359992980957,44.92049980163574
2023-09-06,45.900001525878906,45.900001525878906,46.849998474121094,45.61000061035156,46.34000015258789,14262700,UBER,-1.3963431188719455,46.645999908447266,44.95749988555908
2023-09-07,46.27000045776367,46.27000045776367,46.68000030517578,45.25,45.5,14972200,UBER,0.8060978640189287,46.59800033569336,45.06549987792969
2023-09-08,47.2400016784668,47.2400016784668,47.25,46.27000045776367,46.34000015258789,15956900,UBER,2.096393367422955,46.60000076293945,45.19750003814697
2023-09-11,48.939998626708984,48.939998626708984,48.970001220703125,47.650001525878906,47.7400016784668,19007300,UBER,3.5986386279429183,46.98000030517578,45.45900001525879
2023-09-12,47.91999816894531,47.91999816894531,49.1879997253418,47.900001525878906,48.34000015258789,18809000,UBER,-2.084185709819386,47.25400009155273,45.6125
2023-09-13,48.15999984741211,48.15999984741211,48.36000061035156,47.279998779296875,47.5099983215332,12691800,UBER,0.500838246321833,47.705999755859374,45.816499900817874
2023-09-14,48.31999969482422,48.31999969482422,48.69499969482422,47.80500030517578,48.630001068115234,13068200,UBER,0.33222559783854244,48.11599960327148,46.04999980926514
2023-09-15,47.52000045776367,47.52000045776367,48.4900016784668,47.27000045776367,48.189998626708984,16130100,UBER,-1.6556275705983503,48.17199935913086,46.22749977111816
2023-09-18,46.5099983215332,46.5099983215332,47.347999572753906,46.47999954223633,47.29999923706055,15025500,UBER,-2.125425350380983,47.6859992980957,46.31849975585938
2023-09-19,47.59000015258789,47.59000015258789,47.755001068115234,46.209999084472656,46.400001525878906,19180200,UBER,2.3220852935500247,47.619999694824216,46.466499710083006
2023-09-20,46.54999923706055,46.54999923706055,47.540000915527344,46.400001525878906,46.8650016784668,22582000,UBER,-2.1853349699365143,47.29799957275391,46.57649974822998
2023-09-21,44.599998474121094,44.599998474121094,45.790000915527344,43.93000030517578,45.790000915527344,27865700,UBER,-4.189045746292885,46.55399932861328,46.549499702453616
2023-09-22,44.40999984741211,44.40999984741211,45.345001220703125,44.029998779296875,45.15999984741211,16158700,UBER,-0.42600590405676986,45.93199920654297,46.53599967956543
2023-09-25,44.90999984741211,44.90999984741211,45.11000061035156,44.11000061035156,44.13999938964844,9175400,UBER,1.125872555095575,45.61199951171875,46.5834997177124
2023-09-26,44.27000045776367,44.27000045776367,45.388999938964844,44.04499816894531,44.5,11283600,UBER,-1.4250710127430954,44.94799957275391,46.58949966430664
2023-09-27,45.13999938964844,45.13999938964844,45.472999572753906,44.439998626708984,44.5099983215332,16835100,UBER,1.9652110297916137,44.66599960327149,46.57899971008301
2023-09-28,46.13999938964844,46.13999938964844,46.58000183105469,44.91999816894531,44.91999816894531,22199200,UBER,2.215330114136682,44.97399978637695,46.56049976348877
2023-09-29,45.9900016784668,45.9900016784668,46.91999816894531,45.849998474121094,46.75,14247000,UBER,-0.3250925729645582,45.29000015258789,46.49849987030029
2023-10-02,45.68000030517578,45.68000030517578,46.290000915527344,45.10200119018555,45.56999969482422,14976700,UBER,-0.6740625396327471,45.444000244140625,46.43049983978271
2023-10-03,44.5099983215332,44.5099983215332,45.60499954223633,44.32500076293945,45.36000061035156,11033400,UBER,-2.561300297342628,45.491999816894534,46.32849979400635
2023-10-04,44.939998626708984,44.939998626708984,45.48500061035156,44.18000030517578,44.790000915527344,12476100,UBER,0.9660757613818127,45.45199966430664,46.280499649047854
2023-10-05,44.61000061035156,44.61000061035156,44.93000030517578,43.650001525878906,44.84000015258789,14518800,UBER,-0.7343080250147072,45.145999908447266,46.197499656677245
2023-10-06,45.779998779296875,45.779998779296875,45.94499969482422,44.060001373291016,44.060001373291016,14754800,UBER,2.622726189055058,45.103999328613284,46.12449951171875
2023-10-09,45.45000076293945,45.45000076293945,45.599998474121094,44.58000183105469,45.150001525878906,11422300,UBER,-0.7208344804645495,45.05799942016601,45.94999961853027
2023-10-10,46.630001068115234,46.630001068115234,47.275001525878906,45.54999923706055,45.75,14538600,UBER,2.5962602538347257,45.48199996948242,45.88549976348877
2023-10-11,46.63999938964844,46.63999938964844,47.209999084472656,46.26499938964844,46.900001525878906,12985500,UBER,0.021441821368606284,45.822000122070314,45.809499740600586
2023-10-12,45.95000076293945,45.95000076293945,47.040000915527344,45.599998474121094,46.540000915527344,15983600,UBER,-1.4794138845167448,46.09000015258789,45.690999794006345
2023-10-13,43.47999954223633,43.47999954223633,46.290000915527344,42.70000076293945,45.81999969482422,28195100,UBER,-5.375410619569088,45.630000305175784,45.48899974822998
2023-10-16,44.709999084472656,44.709999084472656,45.0,43.46500015258789,43.76499938964844,20447100,UBER,2.8288858214948087,45.48199996948242,45.398999786376955
2023-10-17,44.380001068115234,44.380001068115234,45.2599983215332,44.04999923706055,44.40999984741211,17337800,UBER,-0.7380854911983814,45.03199996948242,45.23849983215332
2023-10-18,43.0,43.0,44.20000076293945,42.90999984741211,43.900001525878906,15388000,UBER,-3.1095111196531633,44.30400009155274,45.06099987030029
2023-10-19,42.720001220703125,42.720001220703125,43.27000045776367,42.185001373291016,43.02000045776367,16090000,UBER,-0.6511599518531974,43.65800018310547,44.967000007629395
2023-10-20,42.959999084472656,42.959999084472656,43.349998474121094,42.2599983215332,42.720001220703125,13966100,UBER,0.5617927362165487,43.55400009155274,44.894499969482425
2023-10-23,43.040000915527344,43.040000915527344,43.970001220703125,42.25,42.529998779296875,11277100,UBER,0.18622400549259677,43.220000457763675,44.80100002288818
2023-10-24,44.189998626708984,44.189998626708984,44.32500076293945,43.3849983215332,43.5,17566500,UBER,2.6719277107793094,43.18199996948242,44.79699993133545
2023-10-25,42.349998474121094,42.349998474121094,43.4900016784668,42.064998626708984,43.29999923706055,16495900,UBER,-4.1638384470909955,43.05199966430664,44.65749988555908
2023-10-26,40.619998931884766,40.619998931884766,42.29999923706055,40.09000015258789,42.13999938964844,23465500,UBER,-4.085004969465311,42.63199920654297,44.3814998626709
2023-10-27,41.22999954223633,41.22999954223633,42.14500045776367,40.79999923706055,41.209999084472656,17098600,UBER,1.501724831097273,42.2859992980957,44.143499755859374
2023-10-30,42.72999954223633,42.72999954223633,43.0,42.0099983215332,42.0099983215332,21292700,UBER,3.638127617400011,42.2239990234375,43.9959997177124
2023-10-31,43.279998779296875,43.279998779296875,43.529998779296875,42.20000076293945,42.81999969482422,18414000,UBER,1.287150112222446,42.04199905395508,43.934499740600586
2023-11-01,43.83000183105469,43.83000183105469,44.0,42.90999984741211,43.25,18989300,UBER,1.2708019114383795,42.337999725341795,43.878999900817874
2023-11-02,46.47999954223633,46.47999954223633,46.86000061035156,45.25,45.349998474121094,25816900,UBER,6.046081680297921,43.50999984741211,43.97249984741211
2023-11-03,47.75,47.75,48.150001525878906,46.630001068115234,46.91999816894531,21960700,UBER,2.732359015213892,44.81399993896484,44.07099990844726
2023-11-06,48.13999938964844,48.13999938964844,48.29999923706055,47.43000030517578,47.939998626708984,27843100,UBER,0.8167526484784027,45.895999908447266,44.20549983978272
2023-11-07,49.91999816894531,49.91999816894531,50.040000915527344,46.68000030517578,47.0,81365400,UBER,3.697546327097845,47.22399978637695,44.369999694824216
2023-11-08,49.5,49.5,50.29999923706055,48.900001525878906,50.040000915527344,37726700,UBER,-0.8413425167282718,48.35799942016602,44.5129997253418
2023-11-09,50.04999923706055,50.04999923706055,50.68000030517578,49.02000045776367,49.29999923706055,29962300,UBER,1.1111095698192797,49.07199935913086,44.717999649047854
2023-11-10,51.58000183105469,51.58000183105469,52.099998474121094,49.900001525878906,50.0099983215332,27228600,UBER,3.056948286347261,49.837999725341795,45.12299976348877
2023-11-13,52.2400016784668,52.2400016784668,52.41999816894531,50.720001220703125,51.16999816894531,21026900,UBER,1.2795653818971742,50.65800018310547,45.49949989318848
2023-11-14,53.880001068115234,53.880001068115234,54.310001373291016,52.38999938964844,52.900001525878906,30621900,UBER,3.1393555454735766,51.45000076293945,45.97449989318848
2023-11-15,53.7599983215332,53.7599983215332,54.2599983215332,53.15999984741211,53.91999816894531,22419700,UBER,-0.22272224239625604,52.30200042724609,46.51249980926514
2023-11-16,54.41999816894531,54.41999816894531,54.5099983215332,53.150001525878906,53.5,20810800,UBER,1.227678325926873,53.17600021362305,47.09749965667724
2023-11-17,54.439998626708984,54.439998626708984,54.5099983215332,54.0099983215332,54.130001068115234,16119500,UBER,0.036752036818499256,53.747999572753905,47.67149963378906
2023-11-20,54.75,54.75,55.35499954223633,53.7599983215332,53.83000183105469,28511600,UBER,0.5694367764714103,54.24999923706055,48.2569995880127
2023-11-21,54.849998474121094,54.849998474121094,55.08000183105469,53.88999938964844,54.22999954223633,34115500,UBER,0.18264561483305464,54.44399871826172,48.7899995803833
2023-11-22,55.369998931884766,55.369998931884766,55.81999969482422,54.959999084472656,55.099998474121094,18459700,UBER,0.9480409703366055,54.76599884033203,49.440999603271486
2023-11-24,55.31999969482422,55.31999969482422,55.93600082397461,55.06999969482422,55.150001525878906,10696800,UBER,-0.09030023121736619,54.94599914550781,50.17599964141846
2023-11-27,56.060001373291016,56.060001373291016,56.45500183105469,55.290000915527344,55.470001220703125,19101900,UBER,1.3376747696114633,55.26999969482422,50.917499732971194
2023-11-28,56.209999084472656,56.209999084472656,56.45000076293945,55.689998626708984,55.97999954223633,20457500,UBER,0.26756637086546853,55.56199951171875,51.591499710083006
2023-11-29,56.400001525878906,56.400001525878906,57.130001068115234,56.14500045776367,56.4900016784668,23496200,UBER,0.3380224951093025,55.87200012207031,52.24749984741211
2023-11-30,56.380001068115234,56.380001068115234,56.77000045776367,55.529998779296875,56.61000061035156,32769800,UBER,-0.03546180358611206,56.07400054931641,52.874999809265134
2023-12-01,57.349998474121094,57.349998474121094,57.8650016784668,56.25,56.66999816894531,28539900,UBER,1.7204636176469057,56.48000030517578,53.41849975585937
2023-12-04,58.630001068115234,58.630001068115234,60.91999816894531,58.56999969482422,60.0099983215332,85417300,UBER,2.2319139111603103,56.99400024414062,53.96249980926514
2023-12-05,57.970001220703125,57.970001220703125,58.65999984741211,57.70100021362305,58.0099983215332,39170600,UBER,-1.1257032839643522,57.34600067138672,54.45399990081787
2023-12-06,59.75,59.75,59.97999954223633,58.36000061035156,58.369998931884766,33835000,UBER,3.0705515642824865,58.01600036621094,54.94549999237061
2023-12-07,60.97999954223633,60.97999954223633,60.994998931884766,59.525001525878906,59.66999816894531,34410200,UBER,2.058576639726062,58.93600006103516,55.519499969482425
2023-12-08,61.70000076293945,61.70000076293945,62.25,60.5099983215332,60.5099983215332,28852100,UBER,1.1807169991931987,59.806000518798825,56.102000045776364
2023-12-11,62.459999084472656,62.459999084472656,62.9900016784668,60.939998626708984,61.529998779296875,30389700,UBER,1.2317638770430905,60.572000122070314,56.645999908447266
2023-12-12,62.720001220703125,62.720001220703125,63.025001525878906,61.83000183105469,62.064998626708984,27144300,UBER,0.41626983676197327,61.52200012207031,57.16999988555908
2023-12-13,61.970001220703125,61.970001220703125,62.880001068115234,61.45000076293945,62.709999084472656,41661700,UBER,-1.1957907930531642,61.966000366210935,57.574499893188474
2023-12-14,62.5,62.5,62.810001373291016,60.61000061035156,62.0099983215332,44818100,UBER,0.8552505548762301,62.27000045776367,58.01149997711182
2023-12-15,61.86000061035156,61.86000061035156,63.529998779296875,61.40999984741211,62.15999984741211,364261200,UBER,-1.0239990234375052,62.30200042724609,58.38350009918213
2023-12-18,61.72999954223633,61.72999954223633,62.4900016784668,61.33000183105469,62.0099983215332,28614000,UBER,-0.21015368062166084,62.15600051879883,58.748000144958496
2023-12-19,62.119998931884766,62.119998931884766,62.70000076293945,61.689998626708984,61.880001068115234,26813800,UBER,0.631782589568286,62.03600006103515,59.11650009155274
2023-12-20,60.68000030517578,60.68000030517578,62.279998779296875,60.619998931884766,61.4900016784668,28286100,UBER,-2.3180918407419093,61.77799987792969,59.40800018310547
2023-12-21,61.459999084472656,61.459999084472656,61.7599983215332,60.82500076293945,61.2400016784668,19999600,UBER,1.2854297550660032,61.56999969482422,59.712500190734865
2023-12-22,61.709999084472656,61.709999084472656,62.23500061035156,61.279998779296875,61.70000076293945,14715600,UBER,0.4067686360626155,61.539999389648436,60.03200016021729
2023-12-26,61.97999954223633,61.97999954223633,62.20000076293945,61.31399917602539,61.709999084472656,16077200,UBER,0.437531132343838,61.58999938964844,60.32800006866455
2023-12-27,63.279998779296875,63.279998779296875,63.43000030517578,62.0,62.0,20806000,UBER,2.0974495751240774,61.82199935913086,60.68150005340576
2023-12-28,63.13999938964844,63.13999938964844,63.529998779296875,62.834999084472656,63.45000076293945,13795600,UBER,-0.221237977795663,62.31399917602539,61.01849994659424
2023-12-29,61.56999969482422,61.56999969482422,63.13999938964844,61.29999923706055,62.36000061035156,21615400,UBER,-2.4865373930960333,62.3359992980957,61.27799987792969
2024-01-02,58.380001068115234,58.380001068115234,60.90999984741211,57.93000030517578,60.72999954223633,41978600,UBER,-5.181092484197536,61.66999969482422,61.32950000762939
2024-01-03,58.25,58.25,58.89500045776367,57.33000183105469,57.47999954223633,31800600,UBER,-0.22268082517428178,60.92399978637695,61.31049995422363
2024-01-04,57.79999923706055,57.79999923706055,58.98500061035156,57.72999954223633,58.25,20370700,UBER,-0.7725334986085075,59.827999877929685,61.3019998550415
2024-01-05,57.58000183105469,57.58000183105469,58.5099983215332,57.220001220703125,58.11000061035156,17886300,UBER,-0.3806183545151387,58.716000366210935,61.19349994659424
2024-01-08,59.0099983215332,59.0099983215332,59.15999984741211,57.849998474121094,58.09000015258789,21213000,UBER,2.4834950416887214,58.204000091552736,61.09499988555908
2024-01-09,60.29999923706055,60.29999923706055,60.540000915527344,58.45000076293945,58.5,22319900,UBER,2.186071771258824,58.587999725341795,61.02499980926514
2024-01-10,62.40999984741211,62.40999984741211,62.61000061035156,60.279998779296875,60.279998779296875,30788900,UBER,3.499171869068207,59.41999969482422,61.02249984741211
2024-01-11,63.470001220703125,63.470001220703125,63.61000061035156,61.86000061035156,62.9900016784668,28888900,UBER,1.6984479664839736,60.55400009155274,61.05999984741211
2024-01-12,63.20000076293945,63.20000076293945,64.91999816894531,63.0,63.20000076293945,26374700,UBER,-0.4253985387912662,61.677999877929686,61.12149982452392
2024-01-16,63.650001525878906,63.650001525878906,64.0,62.91999816894531,63.0,19511800,UBER,0.7120265150429184,62.60600051879883,61.17899990081787
2024-01-17,63.119998931884766,63.119998931884766,63.41999816894531,61.68000030517578,62.95000076293945,19971600,UBER,-0.8326827671459647,63.17000045776367,61.241999816894534
2024-01-18,64.87999725341797,64.87999725341797,65.0,63.3849983215332,64.0,24149900,UBER,2.788337058485202,63.66399993896484,61.39949970245361
2024-01-19,65.11000061035156,65.11000061035156,65.38500213623047,64.41000366210938,64.9000015258789,20339400,UBER,0.3545058055955508,63.991999816894534,61.54899978637695
2024-01-22,64.55000305175781,64.55000305175781,65.61000061035156,64.1500015258789,65.44000244140625,17851700,UBER,-0.8600791788423323,64.2620002746582,61.742499923706056
2024-01-23,64.31999969482422,64.31999969482422,64.80999755859375,63.689998626708984,64.5,13619600,UBER,-0.35631811937975044,64.39599990844727,61.88549995422363
2024-01-24,63.7599983215332,63.7599983215332,64.39700317382812,63.220001220703125,64.0,17238100,UBER,-0.8706489053918354,64.52399978637695,61.98799991607666
2024-01-25,66.0,66.0,66.02999877929688,63.709999084472656,64.27999877929688,21963000,UBER,3.513177128974765,64.74800033569336,62.18899993896484
2024-01-26,65.5199966430664,65.5199966430664,66.04499816894531,65.29000091552734,65.6500015258789,13099600,UBER,-0.7272778135357427,64.82999954223632,62.30099983215332
2024-01-29,66.9800033569336,66.9800033569336,67.0999984741211,65.55999755859375,65.5999984741211,15902000,UBER,2.228337589546703,65.31599960327148,62.49300003051758
2024-01-30,66.83999633789062,66.83999633789062,67.69000244140625,66.22000122070312,66.9000015258789,17562100,UBER,-0.20902808603469047,65.81999893188477,62.7564998626709
2024-01-31,65.2699966430664,65.2699966430664,66.25,64.84500122070312,65.69999694824219,17026400,UBER,-2.348892550633208,66.1219985961914,63.100999641418454
2024-02-01,66.7300033569336,66.7300033569336,66.8499984741211,65.58999633789062,66.12000274658203,12504200,UBER,2.2368726657844507,66.26799926757812,63.52499980926514
2024-02-02,68.06999969482422,68.06999969482422,68.25,66.51000213623047,66.9800033569336,18671800,UBER,2.0080867233335686,66.77799987792969,64.03849983215332
2024-02-05,68.98999786376953,68.98999786376953,69.98999786376953,67.8550033569336,68.23999786376953,26079500,UBER,1.351547191229474,67.17999877929688,64.60899963378907
2024-02-06,70.47000122070312,70.47000122070312,70.68000030517578,68.44000244140625,69.05999755859375,34464000,UBER,2.145243372606087,67.90599975585937,65.18199977874755
2024-02-07,70.6500015258789,70.6500015258789,71.9000015258789,67.23999786376953,67.59500122070312,43367000,UBER,0.25542827026785453,68.98200073242188,65.69949989318847
2024-02-08,71.61000061035156,71.61000061035156,73.05000305175781,71.19499969482422,71.93000030517578,21618200,UBER,1.3588097151293166,69.95800018310547,66.15949993133545
2024-02-09,70.91000366210938,70.91000366210938,72.04000091552734,69.69000244140625,71.43000030517578,20858700,UBER,-0.9775128365813734,70.5260009765625,66.53150005340576
2024-02-12,69.12000274658203,69.12000274658203,71.37999725341797,68.73500061035156,71.0,19554900,UBER,-2.5243277719414703,70.552001953125,66.82750015258789
2024-02-13,68.98999786376953,68.98999786376953,69.55000305175781,66.70999908447266,67.8949966430664,22857100,UBER,-0.1880857604840469,70.25600128173828,67.09449996948243
2024-02-14,79.1500015258789,79.1500015258789,79.19999694824219,74.30999755859375,74.5999984741211,69846700,UBER,14.726777760120724,71.95600128173828,67.89600009918213
2024-02-15,81.38999938964844,81.38999938964844,81.86499786376953,78.27999877929688,79.0,40330200,UBER,2.8300667347898267,73.91200103759766,68.72150020599365
2024-02-16,78.41000366210938,78.41000366210938,80.87999725341797,78.11000061035156,80.55000305175781,24457500,UBER,-3.6613782404304462,75.41200103759766,69.38650035858154
2024-02-20,76.5999984741211,76.5999984741211,78.41999816894531,75.81999969482422,78.2300033569336,24203100,UBER,-2.3083855419623545,76.90800018310547,69.9890001296997
2024-02-21,76.44000244140625,76.44000244140625,77.48999786376953,75.875,76.31999969482422,15073500,UBER,-0.2088721095326096,78.39800109863282,70.59500026702881
2024-02-22,78.02999877929688,78.02999877929688,79.72000122070312,77.51000213623047,79.58999633789062,16766400,UBER,2.0800579370852335,78.1740005493164,71.30850028991699
2024-02-23,78.19999694824219,78.19999694824219,78.97000122070312,77.72000122070312,78.5,15648800,UBER,0.21786258055205288,77.53600006103515,71.9185001373291
2024-02-26,78.36000061035156,78.36000061035156,78.5,77.30000305175781,78.27999877929688,16617300,UBER,0.2046082715518205,77.5259994506836,72.56050033569336
2024-02-27,78.75,78.75,79.75,77.81300354003906,78.63999938964844,13707300,UBER,0.49770212686408577,77.95599975585938,73.14900016784668
2024-02-28,77.7300033569336,77.7300033569336,78.66000366210938,77.41999816894531,78.5999984741211,11853100,UBER,-1.2952338324652812,78.21399993896485,73.69350051879883
2024-02-29,79.5,79.5,79.68000030517578,77.93000030517578,78.3499984741211,19405500,UBER,2.2771086666993234,78.50800018310547,74.40500068664551
2024-03-01,81.02999877929688,81.02999877929688,81.47000122070312,79.31999969482422,79.5,18528700,UBER,1.924526766411172,79.07400054931641,75.12000045776367
2024-03-04,81.30000305175781,81.30000305175781,82.13999938964844,80.79000091552734,81.94000244140625,15989200,UBER,0.33321519996112325,79.66200103759766,75.78150062561035
2024-03-05,79.08999633789062,79.08999633789062,80.8499984741211,77.43000030517578,80.83000183105469,19761600,UBER,-2.7183353393729126,79.73000030517578,76.2865005493164
2024-03-06,78.63999938964844,78.63999938964844,80.98999786376953,78.52999877929688,80.16999816894531,13734700,UBER,-0.568968224906341,79.91199951171875,76.69500045776367
2024-03-07,79.41000366210938,79.41000366210938,80.07499694824219,78.26000213623047,79.4000015258789,13873300,UBER,0.9791509135773202,79.89400024414063,77.1330005645752
2024-03-08,78.69999694824219,78.69999694824219,81.9800033569336,78.20999908447266,79.94000244140625,16414900,UBER,-0.894102356282811,79.4279998779297,77.48750038146973
2024-03-11,77.47000122070312,77.47000122070312,78.88999938964844,76.52999877929688,78.69999694824219,13781400,UBER,-1.562891709319858,78.66199951171875,77.81550025939941
2024-03-12,78.31999969482422,78.31999969482422,78.4800033569336,77.4800033569336,78.01000213623047,11303800,UBER,1.097196928782207,78.50800018310547,78.27550010681152
2024-03-13,78.25,78.25,79.69100189208984,77.93000030517578,78.0,12065100,UBER,-0.0893765259154411,78.43000030517578,78.73850021362304
2024-03-14,77.6500015258789,77.6500015258789,78.4800033569336,76.9000015258789,78.33999633789062,12737200,UBER,-0.766771212934303,78.07799987792968,78.66350021362305
2024-03-15,76.06999969482422,76.06999969482422,77.83999633789062,75.7699966430664,77.0,24554900,UBER,-2.03477372827624,77.5520004272461,78.39750022888184
2024-03-18,75.69999694824219,75.69999694824219,77.0,73.66000366210938,77.0,18936700,UBER,-0.4863977232370198,77.1979995727539,78.26199989318847
2024-03-19,77.08000183105469,77.08000183105469,77.18000030517578,74.19000244140625,75.37999725341797,13035200,UBER,1.8229919926628702,76.95,78.28600006103515
2024-03-20,78.63999938964844,78.63999938964844,78.94999694824219,76.75,77.08999633789062,11490400,UBER,2.0238680870986236,77.02799987792969,78.39599990844727
2024-03-21,80.25,80.25,81.2300033569336,79.08999633789062,79.5999984741211,16191100,UBER,2.047304962928953,77.54799957275391,78.50699996948242
2024-03-22,80.2300033569336,80.2300033569336,80.44999694824219,79.19999694824219,79.80000305175781,8872400,UBER,-0.024917935285240222,78.38000030517578,78.60850028991699
2024-03-25,79.41000366210938,79.41000366210938,81.04000091552734,79.38999938964844,79.98999786376953,10254300,UBER,-1.0220611498370946,79.12200164794922,78.66100044250489
2024-03-26,77.91000366210938,77.91000366210938,80.18000030517578,77.77999877929688,79.80000305175781,12438300,UBER,-1.8889307780195042,79.28800201416016,78.61900062561035
2024-03-27,78.11000061035156,78.11000061035156,79.0,76.8499984741211,78.95999908447266,13157000,UBER,0.2567025270715728,79.18200225830078,78.63800048828125
2024-03-28,76.98999786376953,76.98999786376953,78.05000305175781,76.8949966430664,77.9000015258789,13421900,UBER,-1.4338788091541765,78.53000183105469,78.51250038146972
2024-04-01,76.4000015258789,76.4000015258789,77.77999877929688,76.0,77.0,12201800,UBER,-0.7663285546969378,77.76400146484374,78.28100051879883
2024-04-02,76.9800033569336,76.9800033569336,77.33000183105469,74.97000122070312,75.66000366210938,15838800,UBER,0.7591646851711431,77.27800140380859,78.06500053405762
2024-04-03,76.80999755859375,76.80999755859375,78.8499984741211,76.54000091552734,76.83999633789062,19883100,UBER,-0.22084410356748574,77.05800018310546,77.95100059509278
2024-04-04,74.91999816894531,74.91999816894531,77.66999816894531,74.4800033569336,77.23999786376953,17191300,UBER,-2.4606163907330836,76.41999969482421,77.76500053405762
2024-04-05,77.16000366210938,77.16000366210938,78.3949966430664,74.91999816894531,75.33999633789062,21572000,UBER,2.9898632513482237,76.4540008544922,77.65250053405762
2024-04-08,75.02999877929688,75.02999877929688,76.86000061035156,73.94999694824219,76.69999694824219,22867600,UBER,-2.76050386433363,76.18000030517578,77.46900062561035
2024-04-09,75.13999938964844,75.13999938964844,75.5,73.33000183105469,74.7699966430664,13756300,UBER,0.14660883931922886,75.81199951171875,77.35250053405761
2024-04-10,74.3499984741211,74.3499984741211,75.30500030517578,73.53500366210938,74.4000015258789,12533900,UBER,-1.0513720015230321,75.31999969482422,77.15400047302246
2024-04-11,76.18000030517578,76.18000030517578,76.55999755859375,74.70500183105469,74.80000305175781,13653600,UBER,2.4613340532772865,75.5720001220703,77.05050048828124
2024-04-12,75.27999877929688,75.27999877929688,75.81999969482422,74.48999786376953,75.05000305175781,11590800,UBER,-1.1814144424698303,75.19599914550781,76.93200035095215
2024-04-15,73.4000015258789,73.4000015258789,76.68000030517578,72.87999725341797,76.37999725341797,16093400,UBER,-2.4973396438669915,74.86999969482422,76.79850044250489
2024-04-16,74.12999725341797,74.12999725341797,74.69999694824219,72.69999694824219,73.38999938964844,14513100,UBER,0.994544567252742,74.66799926757812,76.72000045776367
2024-04-17,71.94000244140625,71.94000244140625,75.61499786376953,71.04000091552734,75.0,15363100,UBER,-2.9542626374652214,74.18600006103516,76.46300048828125
2024-04-18,71.30000305175781,71.30000305175781,72.8550033569336,70.63999938964844,72.26000213623047,20426000,UBER,-0.8896293688198109,73.21000061035156,76.09600067138672
2024-04-19,69.19999694824219,69.19999694824219,71.1500015258789,68.37999725341797,71.1500015258789,23186000,UBER,-2.945309977043331,71.99400024414062,75.54350051879882
2024-04-22,68.9800033569336,68.9800033569336,70.88999938964844,68.4800033569336,70.4800033569336,26804900,UBER,-0.3179098280497561,71.11000061035156,74.98100051879882
2024-04-23,70.80000305175781,70.80000305175781,71.13999938964844,69.62000274658203,70.0199966430664,16814200,UBER,2.638445355542718,70.44400177001953,74.55050048828124
2024-04-24,69.36000061035156,69.36000061035156,70.22000122070312,67.36499786376953,70.1500015258789,27515600,UBER,-2.0339016657295206,69.9280014038086,74.12300033569336
2024-04-25,69.30999755859375,69.30999755859375,70.29000091552734,67.37999725341797,67.86000061035156,20545200,UBER,-0.07209205783995642,69.53000030517578,73.68300018310546
2024-04-26,69.05000305175781,69.05000305175781,70.1500015258789,68.69999694824219,69.9749984741211,16187600,UBER,-0.3751183321224927,69.5000015258789,73.28600044250489
2024-04-29,67.4000015258789,67.4000015258789,68.66000366210938,67.19999694824219,68.5,20102600,UBER,-2.3895748775595527,69.18400115966797,72.83600044250488
2024-04-30,66.2699966430664,66.2699966430664,68.5989990234375,66.06999969482422,67.2249984741211,22707300,UBER,-1.6765650700743984,68.27799987792969,72.30050010681153
2024-05-01,67.79000091552734,67.79000091552734,69.41000366210938,65.86000061035156,66.04000091552734,21266700,UBER,2.2936537640823484,67.96399993896485,71.8495002746582
2024-05-02,68.56999969482422,68.56999969482422,69.03600311279297,67.625,68.4000015258789,18229300,UBER,1.1506103684359337,67.81600036621094,71.53200035095215
2024-05-03,69.2300033569336,69.2300033569336,70.33899688720703,69.02999877929688,69.84500122070312,15557700,UBER,0.9625253974723247,67.8520004272461,71.13550033569337
2024-05-06,71.51000213623047,71.51000213623047,73.81999969482422,70.83200073242188,71.0,25001900,UBER,3.2933680033810475,68.6740005493164,70.95950050354004
2024-05-07,70.43000030517578,70.43000030517578,72.63999938964844,69.80000305175781,72.63999938964844,24427300,UBER,-1.5102807981983046,69.50600128173828,70.7240005493164
2024-05-08,66.4000015258789,66.4000015258789,67.19999694824219,63.834999084472656,64.5,84220000,UBER,-5.721991710684005,69.22800140380859,70.3265007019043
2024-05-09,67.93000030517578,67.93000030517578,68.56999969482422,66.75,66.80999755859375,27965500,UBER,2.3042149761104636,69.10000152587891,69.9140007019043
2024-05-10,66.98999786376953,66.98999786376953,67.9000015258789,66.4000015258789,67.81999969482422,18924400,UBER,-1.3837810057166,68.6520004272461,69.49950065612794
2024-05-13,66.0199966430664,66.0199966430664,67.06400299072266,64.72000122070312,67.0,18983100,UBER,-1.4479791784375196,67.55399932861329,69.1305004119873
2024-05-14,65.31999969482422,65.31999969482422,66.0999984741211,64.75,65.8499984741211,19462300,UBER,-1.0602801936308581,66.53199920654296,68.69000053405762
2024-05-15,66.62000274658203,66.62000274658203,66.66000366210938,65.22000122070312,66.0,16308700,UBER,1.990206763367186,66.5759994506836,68.4240005493164
2024-05-16,66.05000305175781,66.05000305175781,67.33000183105469,66.0,66.97000122070312,19923500,UBER,-0.8555984258848737,66.2,68.1615005493164
2024-05-17,65.66999816894531,65.66999816894531,66.63999938964844,65.5199966430664,66.5,15703300,UBER,-0.5753290919831233,65.93600006103516,67.98500061035156
2024-05-20,64.6500015258789,64.6500015258789,65.87000274658203,64.30500030517578,65.63999938964844,15864400,UBER,-1.5532155801836978,65.66200103759766,67.76850051879883
2024-05-21,63.970001220703125,63.970001220703125,64.6500015258789,63.810001373291016,64.12999725341797,16592500,UBER,-1.0518179259494387,65.39200134277344,67.4270004272461
2024-05-22,65.4800033569336,65.4800033569336,66.08999633789062,64.5199966430664,64.81999969482422,22562100,UBER,2.360484770073401,65.16400146484375,67.23300056457519
2024-05-23,63.599998474121094,63.599998474121094,65.80000305175781,63.25,65.55999755859375,20115000,UBER,-2.8711129908844613,64.6740005493164,66.94750061035157
2024-05-24,64.26000213623047,64.26000213623047,64.76000213623047,63.619998931884766,63.779998779296875,10385900,UBER,1.03774163198751,64.39200134277344,66.7080005645752
2024-05-28,63.52000045776367,63.52000045776367,64.61000061035156,63.099998474121094,64.61000061035156,14213300,UBER,-1.151574313517767,64.16600112915039,66.51400051116943
2024-05-29,64.93000030517578,64.93000030517578,65.36499786376953,62.90999984741211,63.0099983215332,16987900,UBER,2.2197730435308483,64.35800094604492,66.4470006942749
2024-05-30,64.12000274658203,64.12000274658203,65.41000366210938,63.720001220703125,64.79000091552734,12689100,UBER,-1.24749353886755,64.08600082397462,66.26350078582763
2024-05-31,64.55999755859375,64.55999755859375,64.62999725341797,63.13999938964844,64.19999694824219,17322400,UBER,0.6862052295142362,64.27800064086914,66.06300067901611
2024-06-03,63.790000915527344,63.790000915527344,64.95999908447266,62.935001373291016,64.77999877929688,14922200,UBER,-1.1926838168907383,64.18400039672852,65.7910005569458
2024-06-04,64.55000305175781,64.55000305175781,65.19000244140625,63.70000076293945,64.05999755859375,12689200,UBER,1.1914126435534689,64.39000091552734,65.44300060272217
2024-06-05,65.81999969482422,65.81999969482422,66.27999877929688,64.20999908447266,64.94000244140625,19513500,UBER,1.96746178624978,64.56800079345703,65.21250057220459
2024-06-06,68.9000015258789,68.9000015258789,69.69000244140625,67.33000183105469,67.44999694824219,25871500,UBER,4.679431548670898,65.52400054931641,65.33750057220459
2024-06-07,69.30999755859375,69.30999755859375,69.70999908447266,68.11000061035156,68.9000015258789,13932600,UBER,0.595059540834475,66.4740005493164,65.40650043487548
2024-06-10,68.5999984741211,68.5999984741211,69.69100189208984,66.55999755859375,69.27999877929688,19152300,UBER,-1.024381921053208,67.43600006103516,65.48700046539307
2024-06-11,69.58999633789062,69.58999633789062,69.5999984741211,67.76000213623047,68.5999984741211,12741200,UBER,1.4431456061081427,68.44399871826172,65.66550045013427
2024-06-12,73.1500015258789,73.1500015258789,73.5999984741211,71.0,71.30999755859375,24435500,UBER,5.115685264161907,69.90999908447266,66.05700054168702
2024-06-13,70.86000061035156,70.86000061035156,73.16000366210938,70.23999786376953,73.16000366210938,17109400,UBER,-3.1305548431426744,70.30199890136718,66.2690004348755
2024-06-14,70.05999755859375,70.05999755859375,71.0,69.31999969482422,70.91000366210938,11601100,UBER,-1.1289910314239315,70.45199890136719,66.46950016021728
2024-06-17,70.48999786376953,70.48999786376953,70.83000183105469,69.83000183105469,69.91000366210938,14760500,UBER,0.6137600915788743,70.82999877929687,66.7105001449585
2024-06-18,70.33000183105469,70.33000183105469,71.20999908447266,69.88999938964844,70.5999984741211,9511600,UBER,-0.22697692944190218,70.97799987792969,66.99450016021729
2024-06-20,70.30000305175781,70.30000305175781,71.12000274658203,69.7300033569336,70.51000213623047,10662400,UBER,-0.04265431326013758,70.40800018310547,67.31100025177003
2024-06-21,70.20999908447266,70.20999908447266,70.25,69.2300033569336,70.04000091552734,20757700,UBER,-0.12802839740830851,70.27799987792969,67.54750003814698
2024-06-24,70.54000091552734,70.54000091552734,71.2300033569336,69.75,69.83000183105469,12479300,UBER,0.47002112997842627,70.3740005493164,67.89450016021729
2024-06-25,71.37999725341797,71.37999725341797,72.94000244140625,70.22000122070312,71.86000061035156,18888700,UBER,1.190808515719377,70.5520004272461,68.25049991607666
2024-06-26,70.8499984741211,70.8499984741211,71.5999984741211,70.55000305175781,70.94000244140625,10232600,UBER,-0.7425032217572625,70.65599975585937,68.61699981689453
2024-06-27,70.33999633789062,70.33999633789062,71.31999969482422,70.06999969482422,70.9800033569336,9650500,UBER,-0.7198336587357246,70.66399841308593,68.88749961853027
2024-06-28,72.68000030517578,72.68000030517578,73.26000213623047,70.7699966430664,70.80999755859375,21375900,UBER,3.326704704453687,71.15799865722656,69.31549949645996
2024-07-01,71.0999984741211,71.0999984741211,72.58000183105469,69.4000015258789,72.19999694824219,13438700,UBER,-2.1739155536879773,71.2699981689453,69.64249954223632
2024-07-02,70.66999816894531,70.66999816894531,71.26000213623047,68.87999725341797,71.25,14319000,UBER,-0.6047824393868195,71.12799835205078,69.98649940490722
2024-07-03,71.30000305175781,71.30000305175781,72.13999938964844,70.5,70.66000366210938,7869800,UBER,0.8914743160264305,71.21799926757812,70.32399940490723
2024-07-05,71.05999755859375,71.05999755859375,71.41799926757812,70.38500213623047,70.98999786376953,6599200,UBER,-0.3366135804928949,71.36199951171875,70.5859992980957
2024-07-08,71.25,71.25,71.77999877929688,70.75,71.30999755859375,7231100,UBER,0.26738312402780906,71.0759994506836,70.70349922180176
2024-07-09,71.31999969482422,71.31999969482422,72.27999877929688,71.12999725341797,71.4000015258789,8757900,UBER,0.09824518571819318,71.11999969482422,70.80399932861329
2024-07-10,69.2699966430664,69.2699966430664,71.5,68.37999725341797,71.5,14638800,UBER,-2.874373332206537,70.83999938964844,70.83749923706054
2024-07-11,73.52999877929688,73.52999877929688,73.6449966430664,68.8499984741211,69.51000213623047,26702500,UBER,6.149851801179307,71.28599853515625,71.03449935913086
2024-07-12,72.43000030517578,72.43000030517578,73.80000305175781,72.11000061035156,72.11000061035156,14683700,UBER,-1.4959859817525345,71.55999908447265,70.99849929809571
2024-07-15,72.29000091552734,72.29000091552734,73.25,70.76100158691406,73.05999755859375,13472600,UBER,-0.1932892296818478,71.76799926757812,71.06999931335449
2024-07-16,74.30000305175781,74.30000305175781,75.4000015258789,73.11000061035156,73.11000061035156,17529000,UBER,2.780470481082453,72.36399993896484,71.2819995880127
2024-07-17,68.62000274658203,68.62000274658203,73.41000366210938,68.55500030517578,73.37999725341797,27884400,UBER,-7.644683811411235,72.23400115966797,71.18849983215333
2024-07-18,66.26000213623047,66.26000213623047,69.34100341796875,65.80999755859375,69.0,21988900,UBER,-3.43923129683803,70.78000183105469,70.98499984741211
2024-07-19,67.30999755859375,67.30999755859375,67.44000244140625,66.0999984741211,66.77999877929688,12809600,UBER,1.5846595057520396,69.75600128173828,70.8354995727539
2024-07-22,67.7300033569336,67.7300033569336,68.77999877929688,67.08499908447266,67.52999877929688,13408000,UBER,0.6239872434614657,68.84400177001953,70.71149978637695
2024-07-23,67.5199966430664,67.5199966430664,69.0999984741211,67.27999877929688,68.05000305175781,9539800,UBER,-0.3100645259981216,67.48800048828124,70.56049957275391
2024-07-24,66.13999938964844,66.13999938964844,67.79000091552734,65.77999877929688,67.2699966430664,15187100,UBER,-2.0438348963687014,66.99199981689453,70.29849967956542
2024-07-25,65.73999786376953,65.73999786376953,69.37000274658203,64.4000015258789,66.0,22596900,UBER,-0.6047800568040329,66.88799896240235,70.04299964904786
2024-07-26,64.4000015258789,64.4000015258789,66.26000213623047,64.18000030517578,66.0999984741211,17379400,UBER,-2.038327321925759,66.30599975585938,69.74599990844726
2024-07-29,63.7599983215332,63.7599983215332,65.25499725341797,63.720001220703125,64.83499908447266,16907000,UBER,-0.9937937720211343,65.51199874877929,69.29999980926513
2024-07-30,63.09000015258789,63.09000015258789,64.7699966430664,62.61000061035156,64.1500015258789,16506200,UBER,-1.0508127142140111,64.6259994506836,68.89949989318848
2024-07-31,64.47000122070312,64.47000122070312,65.18199920654297,63.65999984741211,63.880001068115234,18209700,UBER,2.187353090470112,64.29199981689453,68.58950004577636
2024-08-01,61.02000045776367,61.02000045776367,65.0,60.7599983215332,64.86000061035156,18967900,UBER,-5.351327280309659,63.34800033569336,68.07549991607667
2024-08-02,58.9900016784668,58.9900016784668,59.58000183105469,56.86000061035156,59.380001068115234,27654600,UBER,-3.3267760800853807,62.26600036621094,67.47200012207031
2024-08-05,58.47999954223633,58.47999954223633,58.650001525878906,54.84000015258789,55.529998779296875,32063700,UBER,-0.8645569108648332,61.210000610351564,66.83350009918213
2024-08-06,64.87000274658203,64.87000274658203,65.81999969482422,60.5,62.54999923706055,53336900,UBER,10.926818150418448,61.56600112915039,66.51100025177001
2024-08-07,65.54000091552734,65.54000091552734,68.4000015258789,65.48999786376953,65.55999755859375,31493600,UBER,1.0328320341879582,61.78000106811523,66.32450046539307
2024-08-08,69.01000213623047,69.01000213623047,69.16500091552734,65.94999694824219,66.5250015258789,21779100,UBER,5.294478444050554,63.3780014038086,66.09850063323975
2024-08-09,68.54000091552734,68.54000091552734,69.37999725341797,67.75,69.13999938964844,12770300,UBER,-0.681062463634341,65.2880012512207,65.90400066375733
2024-08-12,69.26000213623047,69.26000213623047,69.30999755859375,68.0199966430664,68.61000061035156,10826100,UBER,1.0504832376505124,67.44400177001953,65.75250072479248
2024-08-13,71.05999755859375,71.05999755859375,71.19000244140625,69.37999725341797,69.7699966430664,15472500,UBER,2.598895996022055,68.68200073242187,65.59050045013427
2024-08-14,71.93000030517578,71.93000030517578,72.0,70.61000061035156,71.5999984741211,12337000,UBER,1.2243213854104873,69.96000061035156,65.75600032806396
2024-08-15,72.7300033569336,72.7300033569336,73.41999816894531,72.29000091552734,72.51000213623047,13711300,UBER,1.112196647245467,70.7040008544922,66.07950038909912
2024-08-16,72.04000091552734,72.04000091552734,73.3499984741211,71.75499725341797,72.5,11548300,UBER,-0.9487177362277222,71.40400085449218,66.3160005569458
2024-08-19,74.18000030517578,74.18000030517578,74.22000122070312,71.79499816894531,72.0,13821300,UBER,2.9705710195058854,72.38800048828125,66.63850040435791
2024-08-20,73.30999755859375,73.30999755859375,74.4800033569336,73.27999877929688,74.2699966430664,10246500,UBER,-1.172826561071516,72.83800048828125,66.92800045013428
2024-08-21,73.4800033569336,73.4800033569336,74.29000091552734,73.05999755859375,73.72000122070312,9290200,UBER,0.23189988269194384,73.14800109863282,67.29500064849853
2024-08-22,73.30999755859375,73.30999755859375,74.12000274658203,72.66999816894531,73.55000305175781,9571900,UBER,-0.2313633513515656,73.26399993896484,67.67350063323974
2024-08-23,74.30000305175781,74.30000305175781,74.45500183105469,72.3499984741211,72.8499984741211,13065600,UBER,1.350437220206957,73.71600036621093,68.16850070953369
2024-08-26,72.61000061035156,72.61000061035156,74.30000305175781,72.11000061035156,74.30000305175781,10999900,UBER,-2.2745657765706695,73.4020004272461,68.6110008239746
2024-08-27,72.55999755859375,72.55999755859375,73.08999633789062,71.80000305175781,72.48999786376953,7294100,UBER,-0.06886524078982825,73.25200042724609,69.08450069427491
2024-08-28,71.8499984741211,71.8499984741211,72.55000305175781,71.0199966430664,72.5,9529400,UBER,-0.9784993224390859,72.92599945068359,69.4535005569458
2024-08-29,72.23999786376953,72.23999786376953,73.27999877929688,72.12999725341797,72.5,9300800,UBER,0.5427966568279263,72.71199951171874,70.01450042724609
2024-08-30,73.12999725341797,73.12999725341797,73.41899871826172,72.05999755859375,72.88999938964844,12676900,UBER,1.2320036212166041,72.47799835205078,70.72150020599365
2024-09-03,71.88999938964844,71.88999938964844,73.61000061035156,71.20999908447266,72.56999969482422,13053300,UBER,-1.6956076990849,72.33399810791016,71.39200019836426
2024-09-04,71.55999755859375,71.55999755859375,72.69000244140625,71.30000305175781,71.5199966430664,7995800,UBER,-0.4590371871698862,72.13399810791016,71.72649993896485
2024-09-05,71.25,71.25,72.62000274658203,70.91999816894531,71.08000183105469,8890900,UBER,-0.4331995097399566,72.01399841308594,72.01199989318847
2024-09-06,69.58000183105469,69.58000183105469,72.0199966430664,68.72899627685547,71.12999725341797,11449800,UBER,-2.3438570792214897,71.48199920654297,72.04049987792969
2024-09-09,69.80000305175781,69.80000305175781,71.19000244140625,69.63300323486328,70.94999694824219,8804600,UBER,0.3161845572199118,70.81600036621094,72.1034999847412
2024-09-10,68.98999786376953,68.98999786376953,70.45999908447266,67.63999938964844,70.0,20227200,UBER,-1.1604658346327734,70.23600006103516,72.08999977111816
2024-09-11,70.11000061035156,70.11000061035156,70.22000122070312,67.12000274658203,68.83000183105469,14671900,UBER,1.6234277159909993,69.94600067138671,72.04249992370606
2024-09-12,68.08999633789062,68.08999633789062,70.48999786376953,67.8499984741211,70.05999755859375,16357900,UBER,-2.8811927754607503,69.31399993896484,71.85049972534179
2024-09-13,72.4800033569336,72.4800033569336,72.75499725341797,70.94000244140625,72.4000015258789,30376500,UBER,6.447359752022819,69.89400024414063,71.8379997253418
2024-09-16,71.5199966430664,71.5199966430664,72.5,71.04000091552734,72.36000061035156,12016700,UBER,-1.3245125129748625,70.23799896240234,71.81199951171875
2024-09-17,72.77999877929688,72.77999877929688,73.7300033569336,71.30999755859375,71.97000122070312,14639800,UBER,1.761748036033528,70.99599914550781,71.7419994354248
2024-09-18,73.5,73.5,74.73999786376953,72.19200134277344,72.7699966430664,11720900,UBER,0.9892844638353271,71.6739990234375,71.75149955749512
2024-09-19,75.27999877929688,75.27999877929688,76.45999908447266,74.55999755859375,74.9800033569336,17698400,UBER,2.4217670466624153,73.11199951171875,71.84149932861328
2024-09-20,73.94000244140625,73.94000244140625,75.05000305175781,73.45099639892578,74.81999969482422,17472700,UBER,-1.7800164181978495,73.40399932861328,71.87299957275391
2024-09-23,74.70999908447266,74.70999908447266,75.2699966430664,73.77999877929688,75.11000061035156,8285300,UBER,1.0413803322181225,74.04199981689453,71.89349937438965
2024-09-24,77.44000244140625,77.44000244140625,77.51000213623047,75.97000122070312,76.0,16099200,UBER,3.65413383802462,74.9740005493164,72.13499946594239
2024-09-25,77.13999938964844,77.13999938964844,78.27999877929688,77.08000183105469,77.51000213623047,12552600,UBER,-0.38740062280447907,75.70200042724609,72.36399955749512
2024-09-26,76.69000244140625,76.69000244140625,78.44999694824219,75.12999725341797,78.36000061035156,14788600,UBER,-0.583350987558573,75.98400115966797,72.60599975585937
2024-09-27,75.75,75.75,77.08000183105469,75.69999694824219,77.02999877929688,7580100,UBER,-1.2257170576105314,76.34600067138672,72.7814998626709
2024-09-30,75.16000366210938,75.16000366210938,75.72000122070312,74.25499725341797,75.31999969482422,12991100,UBER,-0.7788730533209609,76.43600158691406,72.88300018310547
2024-10-01,74.23999786376953,74.23999786376953,75.7699966430664,73.83999633789062,75.7699966430664,8980500,UBER,-1.2240630036100542,75.79600067138672,73.00050010681153
2024-10-02,72.87000274658203,72.87000274658203,74.30999755859375,72.79000091552734,74.08999633789062,11323400,UBER,-1.8453598553456851,74.94200134277344,73.06600036621094
2024-10-03,72.94000244140625,72.94000244140625,73.20999908447266,71.9000015258789,72.55999755859375,11096300,UBER,0.09606105693127365,74.19200134277344,73.15050048828125
2024-10-04,74.27999877929688,74.27999877929688,74.31999969482422,73.22000122070312,74.11000061035156,10750300,UBER,1.8371213230587102,73.89800109863282,73.38550033569337
2024-10-07,74.58999633789062,74.58999633789062,75.73999786376953,73.7300033569336,74.25499725341797,15328800,UBER,0.4173365154660713,73.78399963378907,73.625
2024-10-08,76.16999816894531,76.16999816894531,77.0199966430664,75.05999755859375,75.25,17800300,UBER,2.118248972552994,74.16999969482421,73.98400001525879
2024-10-09,77.87000274658203,77.87000274658203,77.95999908447266,75.95500183105469,76.0,17251100,UBER,2.2318558730513693,75.16999969482421,74.37200012207032
2024-10-10,77.91999816894531,77.91999816894531,78.23999786376953,76.9000015258789,77.6500015258789,15033600,UBER,0.06420369924216018,76.16599884033204,74.86350021362304
2024-10-11,86.33999633789062,86.33999633789062,87.0,81.86000061035156,82.0,57290500,UBER,10.805952729476665,78.57799835205078,75.5564998626709
2024-10-14,84.94000244140625,84.94000244140625,86.18000030517578,84.18000030517578,85.63999938964844,14752400,UBER,-1.621489409155774,80.6479995727539,76.2275001525879
2024-10-15,83.19999694824219,83.19999694824219,84.7699966430664,82.6500015258789,84.7699966430664,14858500,UBER,-2.0485112351678603,82.05399932861329,76.74850006103516
2024-10-16,81.9000015258789,81.9000015258789,83.4800033569336,81.62000274658203,82.93000030517578,12398500,UBER,-1.5624945553447511,82.85999908447266,77.1685001373291
2024-10-17,79.9000015258789,79.9000015258789,80.87999725341797,79.41000366210938,79.91999816894531,27373200,UBER,-2.4420023965054938,83.25599975585938,77.39950027465821
2024-10-18,79.16000366210938,79.16000366210938,80.55000305175781,78.80000305175781,80.52999877929688,14186700,UBER,-0.9261550058041634,81.82000122070312,77.66050033569336
2024-10-21,80.45999908447266,80.45999908447266,80.56999969482422,79.55000305175781,79.94000244140625,11238700,UBER,1.6422376986138687,80.9240005493164,77.94800033569337
2024-10-22,80.41000366210938,80.41000366210938,81.25,79.9800033569336,80.47000122070312,10754000,UBER,-0.0621369909671432,80.36600189208984,78.09650039672852
2024-10-23,79.83000183105469,79.83000183105469,80.31999969482422,79.36000061035156,80.05500030517578,8689900,UBER,-0.721305564780117,79.952001953125,78.23100051879882
2024-10-24,78.37999725341797,78.37999725341797,78.5999984741211,77.13999938964844,78.00499725341797,15220900,UBER,-1.8163654570688692,79.64800109863282,78.31550025939941
2024-10-25,77.62000274658203,77.62000274658203,78.83999633789062,76.95999908447266,78.26000213623047,11727400,UBER,-0.9696281366006199,79.34000091552734,78.40900039672852
2024-10-28,77.69000244140625,77.69000244140625,78.37999725341797,77.47000122070312,78.19999694824219,9311900,UBER,0.09018254618304855,78.78600158691407,78.53550033569336
2024-10-29,79.20999908447266,79.20999908447266,79.98999786376953,77.7699966430664,77.8499984741211,14469600,UBER,1.9564893748237333,78.54600067138672,78.78400039672852
2024-10-30,79.43000030517578,79.43000030517578,80.07499694824219,78.81999969482422,79.2300033569336,14997700,UBER,0.2777442535613517,78.46600036621093,79.1120002746582
2024-10-31,72.05000305175781,72.05000305175781,74.98999786376953,69.87000274658203,74.5,64047100,UBER,-9.291196305002503,77.2000015258789,79.06750030517578
2024-11-01,73.25,73.25,74.1500015258789,72.25,73.94000244140625,33542200,UBER,1.6655057563011555,76.3260009765625,79.01600036621093
2024-11-04,73.25,73.25,74.22000122070312,72.66000366210938,72.75,14949100,UBER,0.0,75.43800048828125,78.94900054931641
2024-11-05,74.1500015258789,74.1500015258789,74.33999633789062,73.23999786376953,73.55000305175781,12274600,UBER,1.2286710250906552,74.4260009765625,78.84800071716309
2024-11-06,74.36000061035156,74.36000061035156,74.62000274658203,70.74099731445312,73.45500183105469,26410700,UBER,0.2832084695228998,73.41200103759766,78.67250061035156
2024-11-07,73.12999725341797,73.12999725341797,76.4000015258789,72.73999786376953,76.0999984741211,24305900,UBER,-1.654119616511096,73.62799987792968,78.4330005645752
2024-11-08,72.04000091552734,72.04000091552734,73.55999755859375,71.55500030517578,73.44000244140625,20152600,UBER,-1.4904914246249068,73.38600006103516,77.71800079345704
2024-11-11,71.6500015258789,71.6500015258789,73.0,71.33999633789062,72.6500015258789,22682200,UBER,-0.5413650537091752,73.06600036621094,77.05350074768066
2024-11-12,71.37000274658203,71.37000274658203,72.68000030517578,71.19999694824219,71.97000122070312,19439700,UBER,-0.3907868434528172,72.51000061035157,76.46200103759766
2024-11-13,71.16000366210938,71.16000366210938,72.08000183105469,70.55000305175781,71.52999877929688,15006000,UBER,-0.29423998373422355,71.87000122070313,75.92500114440918
2024-11-14,71.44000244140625,71.44000244140625,72.75,70.76000213623047,71.16000366210938,17372200,UBER,0.3934777471715778,71.53200225830078,75.50200119018555
2024-11-15,73.25,73.25,73.62999725341797,71.76000213623047,72.0999984741211,23980900,UBER,2.5335911208545614,71.77400207519531,75.20650100708008
2024-11-18,69.33000183105469,69.33000183105469,72.04000091552734,67.80000305175781,72.04000091552734,45212500,UBER,-5.351533336444114,71.31000213623047,74.65000114440917
2024-11-19,69.12999725341797,69.12999725341797,69.5999984741211,68.19999694824219,68.51000213623047,22289100,UBER,-0.28848200253058787,70.86200103759765,74.08600082397462
2024-11-20,69.5999984741211,69.5999984741211,70.33000183105469,68.94999694824219,69.29000091552734,16656600,UBER,0.679880282622003,70.55,73.57450065612792
2024-11-21,69.63999938964844,69.63999938964844,70.87000274658203,68.80000305175781,70.25,25657700,UBER,0.05747258104067399,70.18999938964843,73.13750076293945
2024-11-22,71.51000213623047,71.51000213623047,71.54000091552734,69.3499984741211,70.0,14874100,UBER,2.685242336259974,69.84199981689453,72.83200073242188
2024-11-25,73.41999816894531,73.41999816894531,73.55000305175781,71.83000183105469,72.5999984741211,17446600,UBER,2.6709494835089,70.65999908447266,72.61850051879883
2024-11-26,71.55999755859375,71.55999755859375,73.5,71.33999633789062,73.48999786376953,13704900,UBER,-2.533370548541214,71.14599914550782,72.23600044250489
2024-11-27,71.62000274658203,71.62000274658203,72.69999694824219,71.01000213623047,72.05999755859375,12967800,UBER,0.08385297657276247,71.55,71.84550056457519
2024-11-29,71.95999908447266,71.95999908447266,72.44000244140625,71.5199966430664,71.69999694824219,7348700,UBER,0.47472259822951557,72.01399993896484,71.84100036621093
2024-12-02,73.06999969482422,73.06999969482422,73.44000244140625,71.47000122070312,71.93000030517578,11574600,UBER,1.5425244920425074,72.3259994506836,71.83200035095214
2024-12-03,71.2699966430664,71.2699966430664,73.25,71.25,73.05999755859375,12760500,UBER,-2.4633954554201476,71.89599914550782,71.73300018310547
2024-12-04,72.16000366210938,72.16000366210938,72.4000015258789,70.6500015258789,71.4000015258789,17263100,UBER,1.2487821817928513,72.01600036621093,71.633500289917
2024-12-05,65.2300033569336,65.2300033569336,72.02999877929688,64.27999877929688,71.93000030517578,77320400,UBER,-9.60365847211655,70.73800048828124,71.1770004272461
2024-12-06,66.08999633789062,66.08999633789062,67.0999984741211,65.19999694824219,66.44999694824219,36413200,UBER,1.3184009454226375,69.56399993896484,70.82500038146972
2024-12-09,65.73999786376953,65.73999786376953,66.16999816894531,65.05999755859375,65.5,27602900,UBER,-0.5295785951200505,68.0979995727539,70.51000022888184
2024-12-10,64.95999908447266,64.95999908447266,65.76000213623047,64.63999938964844,65.66999816894531,23672900,UBER,-1.186490423856168,66.83600006103515,70.17550010681153
2024-12-11,61.18000030517578,61.18000030517578,64.69499969482422,60.22999954223633,64.5,71089500,UBER,-5.818963720090942,64.63999938964844,69.6659999847412
2024-12-12,61.40999984741211,61.40999984741211,63.540000915527344,61.25,63.165000915527344,45673200,UBER,0.37593909952444715,63.87599868774414,69.17849979400634
2024-12-13,59.93000030517578,59.93000030517578,62.2599983215332,59.7400016784668,61.86000061035156,47325300,UBER,-2.4100302001526464,62.64399948120117,68.60299968719482
2024-12-16,60.25,60.25,61.29999923706055,60.119998931884766,60.310001373291016,38612400,UBER,0.5339557703899711,61.545999908447264,67.95299968719482
2024-12-17,61.029998779296875,61.029998779296875,61.040000915527344,59.33000183105469,59.41999816894531,35025500,UBER,1.2946037830653623,60.75999984741211,67.53799953460694
2024-12-18,61.22999954223633,61.22999954223633,63.939998626708984,60.849998474121094,61.38999938964844,46736700,UBER,0.32770894140554674,60.76999969482422,67.14299964904785
2024-12-19,60.209999084472656,60.209999084472656,62.310001373291016,59.97999954223633,61.849998474121094,27811400,UBER,-1.665850833560889,60.529999542236325,66.67349967956542
2024-12-20,60.72999954223633,60.72999954223633,61.38999938964844,59.75,60.084999084472656,26377700,UBER,0.8636446863819591,60.689999389648435,66.22799968719482
2024-12-23,61.869998931884766,61.869998931884766,62.220001220703125,60.7599983215332,60.880001068115234,16093600,UBER,1.8771602144597388,61.01399917602539,65.74599952697754
2024-12-24,61.709999084472656,61.709999084472656,61.97999954223633,60.880001068115234,61.970001220703125,7882500,UBER,-0.25860651393943,61.14999923706055,65.1604995727539
2024-12-26,61.560001373291016,61.560001373291016,61.970001220703125,61.15999984741211,61.599998474121094,12659000,UBER,-0.243068730200946,61.215999603271484,64.66049976348877
2024-12-27,61.130001068115234,61.130001068115234,61.2599983215332,60.02000045776367,61.18600082397461,13483600,UBER,-0.6985060032216661,61.4,64.13599967956543
2024-12-30,60.77000045776367,60.77000045776367,61.369998931884766,60.119998931884766,60.5099983215332,17709200,UBER,-0.5889098708675378,61.40800018310547,63.57649974822998
2024-12-31,60.31999969482422,60.31999969482422,61.099998474121094,60.16999816894531,61.0,14487300,UBER,-0.7404982056108622,61.09800033569336,62.93899974822998
2025-01-02,63.16999816894531,63.16999816894531,63.38999938964844,61.310001373291016,62.189998626708984,25899100,UBER,4.724798555271947,61.39000015258789,62.533999824523924
2025-01-03,64.58999633789062,64.58999633789062,65.22000122070312,63.439998626708984,63.689998626708984,28553800,UBER,2.2478996519005534,61.99599914550781,62.15549945831299
2025-01-06,66.30999755859375,66.30999755859375,67.3499984741211,66.04000091552734,66.97000122070312,32980700,UBER,2.6629529621046144,63.03199844360351,62.20949916839599
2025-01-07,66.1500015258789,66.1500015258789,68.83999633789062,65.94999694824219,68.48999786376953,35347800,UBER,-0.24128493229617076,64.10799865722656,62.21249942779541
2025-01-08,64.91000366210938,64.91000366210938,66.68000030517578,64.12000274658203,66.4000015258789,24523300,UBER,-1.8745243162003877,65.0259994506836,62.170999717712405
2025-01-10,65.97000122070312,65.97000122070312,66.5999984741211,63.959999084472656,64.5,30728800,UBER,1.6330264963650087,65.58600006103515,62.221499824523924
2025-01-13,65.69999694824219,65.69999694824219,67.19499969482422,65.0199966430664,65.15499877929688,23960100,UBER,-0.4092834128616052,65.80800018310546,62.447499656677245
2025-01-14,64.83999633789062,64.83999633789062,66.80999755859375,64.62000274658203,66.16000366210938,25735800,UBER,-1.3089812028896475,65.51399993896484,62.61899948120117
2025-01-15,67.0199966430664,67.0199966430664,67.24500274658203,66.01000213623047,66.01000213623047,22704800,UBER,3.362122807372603,65.68799896240235,62.9734992980957
2025-01-16,68.58000183105469,68.58000183105469,69.58000183105469,67.63999938964844,67.75,29013100,UBER,2.3276712416094636,66.4219985961914,63.38999938964844
2025-01-17,67.33999633789062,67.33999633789062,69.0199966430664,67.2300033569336,68.80000305175781,27139200,UBER,-1.808115281505518,66.69599761962891,63.705499267578126
2025-01-21,67.73999786376953,67.73999786376953,68.18000030517578,66.8499984741211,68.0,21423600,UBER,0.5940028922363227,67.10399780273437,64.03099918365479
2025-01-22,67.81999969482422,67.81999969482422,68.43000030517578,67.5,68.38999938964844,18130000,UBER,0.11810131912843858,67.69999847412109,64.41149921417237
2025-01-23,68.30000305175781,68.30000305175781,68.37000274658203,67.23999786376953,67.5999984741211,15355400,UBER,0.707760777194788,67.95599975585938,64.78999938964844
2025-01-24,68.55999755859375,68.55999755859375,69.30999755859375,68.4000015258789,68.69000244140625,14360300,UBER,0.3806654395592135,67.95199890136719,65.12449932098389
2025-01-27,68.7699966430664,68.7699966430664,69.41000366210938,67.37000274658203,67.63999938964844,20904600,UBER,0.3062997257156974,68.23799896240234,65.47749919891358
2025-01-28,68.06999969482422,68.06999969482422,69.67500305175781,67.16200256347656,68.33000183105469,24988500,UBER,-1.0178813180337198,68.30399932861329,65.80299911499023
2025-01-29,66.75,66.75,68.05999755859375,65.81999969482422,67.80000305175781,29592600,UBER,-1.939179815986669,68.08999938964844,66.08399906158448
2025-01-30,66.58999633789062,66.58999633789062,67.22200012207031,63.41999816894531,63.41999816894531,33246500,UBER,-0.23970586083801315,67.747998046875,66.37499885559082
2025-01-31,66.8499984741211,66.8499984741211,67.87000274658203,66.33300018310547,67.08999633789062,19776000,UBER,0.39045224587663796,67.40599822998047,66.70149879455566
2025-02-03,67.29000091552734,67.29000091552734,68.8499984741211,65.1780014038086,65.30000305175781,25290000,UBER,0.6581936446514502,67.10999908447266,66.90749893188476
2025-02-04,69.75,69.75,70.19000244140625,67.69000244140625,67.69000244140625,33786200,UBER,3.655816690448299,67.44599914550781,67.16549911499024
2025-02-05,64.4800033569336,64.4800033569336,66.75,63.5,66.5,78975900,UBER,-7.555550742747541,66.99199981689453,67.07399940490723
2025-02-06,69.98999786376953,69.98999786376953,70.05000305175781,65.54000091552734,65.66999816894531,45940200,UBER,8.545276395745471,67.67200012207032,67.26599922180176
2025-02-07,74.5999984741211,74.5999984741211,76.7750015258789,70.12999725341797,70.36000061035156,81813200,UBER,6.586656309555261,69.22200012207031,67.75049896240235
2025-02-10,78.62999725341797,78.62999725341797,78.98999786376953,76.80000305175781,77.0999984741211,42551700,UBER,5.402143246282898,71.48999938964843,68.38349876403808
2025-02-11,76.94999694824219,76.94999694824219,79.19999694824219,76.5999984741211,78.91000366210938,27329600,UBER,-2.1365895508825727,72.92999877929688,68.94599876403808
2025-02-12,79.3499984741211,79.3499984741211,80.0999984741211,74.1500015258789,74.97000122070312,33142400,UBER,3.1189104887076047,75.90399780273438,69.6714988708496
2025-02-13,80.29000091552734,80.29000091552734,80.52999877929688,78.51000213623047,79.12000274658203,21754700,UBER,1.1846281783014945,77.96399841308593,70.33499908447266
2025-02-14,79.41999816894531,79.41999816894531,80.3499984741211,78.87000274658203,80.3499984741211,15405700,UBER,-1.0835754597852798,78.92799835205078,70.87699890136719
2025-02-18,81.48999786376953,81.48999786376953,81.51000213623047,79.75,79.8499984741211,18943200,UBER,2.6063960495451566,79.4999984741211,71.58449897766113
2025-02-19,81.16000366210938,81.16000366210938,81.9000015258789,79.26000213623047,80.79000091552734,14973400,UBER,-0.40495055873215335,80.34199981689453,72.25549926757813
2025-02-20,81.26000213623047,81.26000213623047,81.83999633789062,80.05999755859375,81.2300033569336,14770300,UBER,0.12321151997161106,80.7240005493164,72.92749938964843
2025-02-21,78.88999938964844,78.88999938964844,82.0999984741211,78.36000061035156,81.26000213623047,21774300,UBER,-2.9165674185053225,80.44400024414062,73.45699920654297
2025-02-24,76.41999816894531,76.41999816894531,78.87999725341797,74.8499984741211,78.6500015258789,24368400,UBER,-3.13094338929254,79.84400024414063,73.84999923706054
2025-02-25,74.94999694824219,74.94999694824219,76.37000274658203,73.52999877929688,76.36000061035156,19559200,UBER,-1.9235818580541242,78.53600006103515,74.15899925231933
2025-02-26,75.87000274658203,75.87000274658203,76.48999786376953,75.30999755859375,75.33000183105469,10328900,UBER,1.2274927762507604,77.47799987792969,74.54899940490722
2025-02-27,74.20999908447266,74.20999908447266,77.69000244140625,73.70999908447266,75.94999694824219,22535900,UBER,-2.187957825247555,76.06799926757813,74.92199935913087
2025-02-28,76.01000213623047,76.01000213623047,76.11000061035156,73.58000183105469,74.27999877929688,17752000,UBER,2.42555325962055,75.49199981689453,75.39299964904785
2025-03-03,74.44000244140625,74.44000244140625,77.73999786376953,73.68000030517578,77.05999755859375,16999500,UBER,-2.06551723549534,75.09600067138672,75.7724998474121
2025-03-04,75.26000213623047,75.26000213623047,76.68000030517578,71.5999984741211,72.93000030517578,24241200,UBER,1.1015578558983385,75.15800170898437,76.17099990844727
2025-03-05,76.4800033569336,76.4800033569336,76.94000244140625,74.93000030517578,75.6500015258789,13122300,UBER,1.6210486129069723,75.28000183105469,76.50750007629395
2025-03-06,74.95999908447266,74.95999908447266,77.22000122070312,74.7249984741211,75.31500244140625,16504900,UBER,-1.987453197886313,75.43000183105468,77.0314998626709
2025-03-07,76.2699966430664,76.2699966430664,76.69999694824219,73.77999877929688,73.98999786376953,18610400,UBER,1.7475954837159247,75.48200073242188,77.34549980163574
2025-03-10,73.05999755859375,73.05999755859375,75.48999786376953,71.97000122070312,74.94000244140625,22120100,UBER,-4.208731120698783,75.20599975585938,77.26849975585938
2025-03-11,70.6500015258789,70.6500015258789,74.25,69.56999969482422,71.44000244140625,26668200,UBER,-3.2986533167921883,74.28399963378907,76.86949996948242
2025-03-12,71.19999694824219,71.19999694824219,72.41999816894531,69.55000305175781,72.30999755859375,17315000,UBER,0.7784789957319571,73.22799835205078,76.58199996948242
2025-03-13,69.51000213623047,69.51000213623047,72.0,69.36000061035156,71.68000030517578,15272200,UBER,-2.37358832085377,72.13799896240235,76.09000015258789
2025-03-14,71.55000305175781,71.55000305175781,71.79000091552734,70.33000183105469,70.55000305175781,13537300,UBER,2.934830747852968,71.19400024414062,75.65300025939942
2025-03-17,72.7300033569336,72.7300033569336,73.80999755859375,71.7750015258789,72.0199966430664,20577800,UBER,1.6491967223567938,71.1280014038086,75.31850051879883
2025-03-18,71.55000305175781,71.55000305175781,72.67500305175781,70.4800033569336,72.19999694824219,16137500,UBER,-1.6224395032470307,71.30800170898438,74.82150077819824
2025-03-19,73.0199966430664,73.0199966430664,73.78500366210938,70.7300033569336,71.91999816894531,15042100,UBER,2.0544982929563638,71.67200164794922,74.4145004272461
2025-03-20,74.3499984741211,74.3499984741211,75.54000091552734,72.45999908447266,72.55999755859375,17851400,UBER,1.821421380715682,72.64000091552734,74.06900024414062
2025-03-21,75.83999633789062,75.83999633789062,76.0,72.7699966430664,73.72000122070312,26551400,UBER,2.004032137657874,73.49799957275391,73.91650009155273
2025-03-24,76.51000213623047,76.51000213623047,77.58399963378906,75.44000244140625,76.97000122070312,18126300,UBER,0.8834465067149466,74.25399932861328,73.92100028991699
2025-03-25,75.61000061035156,75.61000061035156,76.70999908447266,75.05000305175781,76.5999984741211,16065900,UBER,-1.176318782838881,75.06599884033203,73.95400047302246
2025-03-26,74.18000030517578,74.18000030517578,75.63999938964844,73.2249984741211,75.55000305175781,11828600,UBER,-1.8912846100149427,75.29799957275391,73.86950035095215
2025-03-27,74.86000061035156,74.86000061035156,75.62000274658203,73.52999877929688,73.8949966430664,11866800,UBER,0.916689542165372,75.4,73.9020004272461
2025-03-28,72.75,72.75,74.91999816894531,72.38099670410156,74.5,11277900,UBER,-2.8185955024689013,74.78200073242188,73.73900032043457
2025-03-31,72.86000061035156,72.86000061035156,73.30000305175781,70.5,71.4000015258789,16033100,UBER,0.15120358811211432,74.0520004272461,73.66000022888184
2025-04-01,72.98999786376953,72.98999786376953,73.06999969482422,70.83000183105469,72.5999984741211,16889200,UBER,0.1784206043494052,73.52799987792969,73.54650001525879
2025-04-02,74.5,74.5,75.41000366210938,72.0,72.0,14806900,UBER,2.0687795320240676,73.59199981689453,73.4474998474121
2025-04-03,69.8499984741211,69.8499984741211,72.43599700927734,69.76699829101562,71.72000122070312,23290800,UBER,-6.241612786414641,72.58999938964844,73.19199981689454
2025-04-04,64.62000274658203,64.62000274658203,67.55899810791016,63.939998626708984,66.69499969482422,34938700,UBER,-7.487467203706144,70.96399993896485,72.60950012207032
2025-04-07,65.63999938964844,65.63999938964844,67.58699798583984,60.630001068115234,62.52000045776367,32841700,UBER,1.578453419549497,69.51999969482422,72.23850021362304
2025-04-08,65.06999969482422,65.06999969482422,70.06999969482422,63.5,69.30999755859375,24045200,UBER,-0.868372486478286,67.93600006103516,71.95950012207031
2025-04-09,72.68000030517578,72.68000030517578,73.4000015258789,64.94999694824219,65.0,30148800,UBER,11.695098580055596,67.5720001220703,72.03350028991699
2025-04-10,70.94000244140625,70.94000244140625,72.87000274658203,68.33999633789062,71.75,22373900,UBER,-2.3940531872089443,67.79000091552734,72.10500030517578
2025-04-11,72.27999877929688,72.27999877929688,72.4000015258789,69.33000183105469,70.45999908447266,16274600,UBER,1.8889149869953936,69.3220001220703,72.14150009155273
2025-04-14,73.0999984741211,73.0999984741211,73.6500015258789,72.2300033569336,73.5199966430664,12483200,UBER,1.13447663070394,70.81399993896484,72.15999984741211
2025-04-15,74.0199966430664,74.0199966430664,74.72000122070312,73.0999984741211,73.0999984741211,13790200,UBER,1.2585474530085072,72.60399932861328,72.28349952697754
2025-04-16,73.05999755859375,73.05999755859375,74.80000305175781,72.052001953125,73.57499694824219,15990800,UBER,-1.29694559309681,72.67999877929688,72.2854995727539
2025-04-17,75.23999786376953,75.23999786376953,75.91000366210938,73.76000213623047,73.9800033569336,21893400,UBER,2.983849408737571,73.53999786376953,72.32999954223632
2025-04-21,72.91999816894531,72.91999816894531,75.44000244140625,71.27100372314453,74.44000244140625,20634600,UBER,-3.083465923304307,73.66799774169922,72.18399963378906
2025-04-22,74.44000244140625,74.44000244140625,75.55999755859375,73.3499984741211,73.8499984741211,16599300,UBER,2.084482049683145,73.93599853515624,72.08049964904785
2025-04-23,73.7699966430664,73.7699966430664,77.58000183105469,73.2300033569336,76.92500305175781,22750200,UBER,-0.9000614943117768,73.88599853515625,71.98849945068359
2025-04-24,78.0999984741211,78.0999984741211,78.37999725341797,73.86000061035156,74.15499877929688,22188500,UBER,5.8695974353980995,74.89399871826171,72.18449935913085
2025-04-25,77.75,77.75,80.5510025024414,77.47000122070312,78.56500244140625,20047800,UBER,-0.4481414608952461,75.39599914550782,72.32899932861328
2025-04-28,78.33000183105469,78.33000183105469,78.77999877929688,77.04000091552734,78.1050033569336,13324200,UBER,0.745983062449751,76.47799987792969,72.60799942016601
2025-04-29,79.41999816894531,79.41999816894531,79.7300033569336,78.02999877929688,78.33000183105469,12172200,UBER,1.3915438687740256,77.4739990234375,72.93599929809571
2025-04-30,81.01000213623047,81.01000213623047,81.21900177001953,77.30000305175781,77.7699966430664,17762800,UBER,2.0020196473724994,78.92200012207032,73.33699951171874
2025-05-01,80.88999938964844,80.88999938964844,81.91999816894531,80.66999816894531,81.0,18698500,UBER,-0.14813324702822595,79.48000030517578,73.65649948120117
2025-05-02,84.27999877929688,84.27999877929688,84.91999816894531,81.80000305175781,82.08999633789062,22401800,UBER,4.190875776026104,80.78600006103515,74.37799949645996
2025-05-05,85.43000030517578,85.43000030517578,86.56999969482422,82.97000122070312,83.05000305175781,25339000,UBER,1.3645011183381683,82.20599975585938,75.41849937438965
2025-05-06,85.83000183105469,85.83000183105469,86.52999877929688,83.10099792480469,83.5,30378900,UBER,0.4682213794334533,83.48800048828124,76.42799949645996
2025-05-07,83.6500015258789,83.6500015258789,85.16999816894531,80.12000274658203,83.12999725341797,49238800,UBER,-2.5399047636825545,84.01600036621093,77.3569995880127
2025-05-08,82.30000305175781,82.30000305175781,84.0,82.0,83.87000274658203,24293100,UBER,-1.6138654506819616,84.29800109863281,77.8379997253418
2025-05-09,82.80999755859375,82.80999755859375,84.12200164794922,82.31999969482422,82.8499984741211,19105400,UBER,0.6196773850849047,84.00400085449219,78.43149948120117
2025-05-12,88.0999984741211,88.0999984741211,88.30999755859375,82.22000122070312,84.61499786376953,39104600,UBER,6.388118671038856,84.53800048828126,79.22249946594238
2025-05-13,91.72000122070312,91.72000122070312,92.16999816894531,86.93000030517578,87.41000366210938,36770800,UBER,4.108970271600398,85.71600036621093,80.15349960327148
2025-05-14,90.41000366210938,90.41000366210938,91.6500015258789,89.68000030517578,90.58000183105469,30640100,UBER,-1.4282572406879246,87.06800079345703,80.97299995422364
2025-05-15,90.16000366210938,90.16000366210938,91.11299896240234,89.24199676513672,89.66000366210938,20481600,UBER,-0.2765180730821881,88.64000091552734,81.82800025939942
2025-05-16,91.79000091552734,91.79000091552734,92.9000015258789,89.70999908447266,90.55000305175781,21909600,UBER,1.8078939520972837,90.43600158691406,82.6555004119873
2025-05-19,92.45999908447266,92.45999908447266,92.54499816894531,90.55999755859375,90.87999725341797,19252100,UBER,0.7299250051886474,91.30800170898438,83.63250045776367
2025-05-20,91.87000274658203,91.87000274658203,93.5999984741211,90.61000061035156,93.3499984741211,20851300,UBER,-0.6381098244999994,91.33800201416015,84.50400047302246
2025-05-21,88.66999816894531,88.66999816894531,91.04000091552734,88.0,90.63999938964844,25035100,UBER,-3.4831876368434878,90.99000091552735,85.2490005493164
2025-05-22,88.0,88.0,89.26000213623047,87.87999725341797,88.44999694824219,16496000,UBER,-0.7556086419092334,90.55800018310546,85.74400062561035
2025-05-23,87.75,87.75,88.48999786376953,86.69999694824219,87.20500183105469,17929700,UBER,-0.28409090909090606,89.75,86.24400062561035
2025-05-27,89.0,89.0,89.71499633789062,87.88999938964844,89.16999816894531,17446900,UBER,1.4245014245014342,89.05800018310546,86.77750053405762
2025-05-28,88.26000213623047,88.26000213623047,89.87999725341797,88.12000274658203,89.29000091552734,13810300,UBER,-0.8314582738983445,88.33600006103515,87.21950073242188
2025-05-29,84.30000305175781,84.30000305175781,87.87000274658203,82.95999908447266,87.58000183105469,38116300,UBER,-4.486742565857115,87.46200103759766,87.38400077819824
2025-05-30,84.16000366210938,84.16000366210938,84.6500015258789,82.54000091552734,84.52999877929688,29050900,UBER,-0.16607281682122776,86.69400177001953,87.5475009918213
2025-06-02,83.63999938964844,83.63999938964844,84.76000213623047,82.63999938964844,84.4800033569336,17047000,UBER,-0.6178757721407413,85.87200164794922,87.51550102233887
2025-06-03,82.52999877929688,82.52999877929688,83.79000091552734,81.86000061035156,83.57499694824219,25668400,UBER,-1.3271169517594994,84.5780014038086,87.37050094604493
2025-06-04,83.44999694824219,83.44999694824219,84.70999908447266,82.98999786376953,83.19000244140625,20080500,UBER,1.1147439507488421,83.61600036621094,87.25150070190429
2025-06-05,84.66999816894531,84.66999816894531,85.75,83.08000183105469,83.4000015258789,33304500,UBER,1.4619547816877798,83.68999938964843,87.30250053405761
2025-06-06,85.5999984741211,85.5999984741211,86.69000244140625,85.02999877929688,85.4000015258789,28172700,UBER,1.0983823376494284,83.97799835205078,87.46750030517578
2025-06-09,87.12000274658203,87.12000274658203,87.86000061035156,86.19999694824219,86.31999969482422,22780800,UBER,1.775705957425311,84.6739990234375,87.6830005645752
2025-06-10,86.38999938964844,86.38999938964844,88.37999725341797,85.5999984741211,88.29000091552734,24494800,UBER,-0.8379285283737326,85.44599914550781,87.59750061035156
2025-06-11,86.58000183105469,86.58000183105469,87.5999984741211,85.94000244140625,87.58999633789062,15364200,UBER,0.21993569018246006,86.0720001220703,87.34050064086914
2025-06-12,85.62000274658203,85.62000274658203,86.79000091552734,84.87000274658203,86.11000061035156,18776100,UBER,-1.1088000279162902,86.26200103759766,87.10100059509277
2025-06-13,83.93000030517578,83.93000030517578,85.56999969482422,83.375,84.80999755859375,18003000,UBER,-1.973840676469396,85.9280014038086,86.7895004272461
2025-06-16,85.12000274658203,85.12000274658203,86.0199966430664,84.70999908447266,84.8499984741211,12254200,UBER,1.4178511105436886,85.52800140380859,86.45600051879883
2025-06-17,84.76000213623047,84.76000213623047,85.4800033569336,84.23999786376953,84.56999969482422,13677800,UBER,-0.42293303422856754,85.202001953125,86.07100067138671
2025-06-18,83.44000244140625,83.44000244140625,86.4800033569336,82.30999755859375,85.16999816894531,25976700,UBER,-1.557337967857353,84.57400207519531,85.64950065612793
2025-06-20,83.77999877929688,83.77999877929688,85.37000274658203,83.62000274658203,84.47000122070312,27472100,UBER,0.40747402677676625,84.20600128173828,85.40500068664551
2025-06-23,85.23999786376953,85.23999786376953,85.24500274658203,82.47000122070312,83.02999877929688,18407500,UBER,1.742658278521536,84.46800079345704,85.26700057983399
2025-06-24,91.6500015258789,91.6500015258789,92.4800033569336,87.91000366210938,87.98999786376953,38925100,UBER,7.519948173102775,85.77400054931641,85.46200065612793
2025-06-25,90.9000015258789,90.9000015258789,92.88999938964844,90.5999984741211,91.56500244140625,17400800,UBER,-0.818330591940275,87.00200042724609,85.55700073242187
2025-06-26,93.12000274658203,93.12000274658203,94.37999725341797,90.87999725341797,91.30000305175781,23657800,UBER,2.442245526333786,88.93800048828125,85.80000076293945
2025-06-27,91.52999877929688,91.52999877929688,92.51000213623047,89.97000122070312,92.0999984741211,24731200,UBER,-1.7074784368426354,90.48800048828124,86.1615005493164
2025-06-30,93.30000305175781,93.30000305175781,93.38500213623047,91.5199966430664,91.68499755859375,16155300,UBER,1.9337968928950788,92.10000152587891,86.61850051879883
2025-07-01,92.12999725341797,92.12999725341797,93.23999786376953,90.30999755859375,92.8499984741211,17124000,UBER,-1.2540254663129913,92.19600067138671,87.04300041198731
2025-07-02,92.05000305175781,92.05000305175781,94.0999984741211,91.55000305175781,91.87999725341797,13604000,UBER,-0.0868275307119748,92.4260009765625,87.51900062561035
2025-07-03,93.62999725341797,93.62999725341797,94.11000061035156,92.61000061035156,92.62999725341797,8112600,UBER,1.7164520904705993,92.52799987792969,88.02800064086914
2025-07-07,96.68000030517578,96.68000030517578,97.12000274658203,93.54000091552734,93.54000091552734,29817200,UBER,3.25750629203021,93.55800018310546,88.62850074768066
2025-07-08,97.4800033569336,97.4800033569336,97.5999984741211,95.11000061035156,96.88999938964844,20586800,UBER,0.8274752267610319,94.39400024414063,89.22250099182129
2025-07-09,96.63999938964844,96.63999938964844,97.71499633789062,96.0999984741211,97.5,14858900,UBER,-0.8617192638057158,95.29600067138672,89.69850082397461
2025-07-10,96.4000015258789,96.4000015258789,97.44999694824219,95.12000274658203,96.06999969482422,15644400,UBER,-0.24834216192600733,96.16600036621094,90.19900093078613
2025-07-11,95.38999938964844,95.38999938964844,96.83499908447266,95.2699966430664,96.125,12453500,UBER,-1.0477200417464028,96.51800079345703,90.63950080871582
2025-07-14,93.88999938964844,93.88999938964844,95.4800033569336,93.55999755859375,95.19000244140625,14300200,UBER,-1.5724918855202108,95.96000061035156,91.05300064086914
2025-07-15,92.20999908447266,92.20999908447266,95.16000366210938,91.8499984741211,95.0,18488400,UBER,-1.789328273614843,94.90599975585937,91.46700057983398
2025-07-16,90.75,90.75,92.75,89.80999755859375,92.6500015258789,17636000,UBER,-1.583341393524107,93.72799987792969,91.74850044250488
2025-07-17,90.5,90.5,91.4000015258789,89.9000015258789,91.20500183105469,16903600,UBER,-0.27548209366391463,92.54799957275391,92.03550033569336
2025-07-18,90.58999633789062,90.58999633789062,91.16999816894531,89.40499877929688,90.80000305175781,14223500,UBER,0.09944346728245623,91.58799896240234,92.39300003051758
2025-07-21,91.16000366210938,91.16000366210938,91.93000030517578,90.52999877929688,90.8499984741211,12150600,UBER,0.6292166323671022,91.04199981689453,92.7620002746582
2025-07-22,91.79000091552734,91.79000091552734,92.26000213623047,89.87999725341797,91.4800033569336,11561800,UBER,0.6910895437796327,90.95800018310547,93.0895004272461
2025-07-23,89.94000244140625,89.94000244140625,92.69999694824219,89.86499786376953,92.69999694824219,18617900,UBER,-2.0154684123204425,90.79600067138672,93.00400047302246
2025-07-24,90.87000274658203,90.87000274658203,93.61000061035156,90.87000274658203,91.05000305175781,23446200,UBER,1.0340229930298817,90.87000122070313,93.00250053405762
2025-07-25,91.29000091552734,91.29000091552734,91.37999725341797,89.5,90.48999786376953,13864100,UBER,0.4621967164638585,91.01000213623047,92.91100044250489
2025-07-28,90.5999984741211,90.5999984741211,92.3499984741211,90.23999786376953,91.30999755859375,11606100,UBER,-0.755835726242049,90.89800109863282,92.8645004272461
2025-07-29,87.11000061035156,87.11000061035156,89.16000366210938,86.36000061035156,88.88500213623047,24966200,UBER,-3.8520948372492647,89.96200103759766,92.55500030517578
2025-07-30,87.63999938964844,87.63999938964844,87.80500030517578,86.4749984741211,87.23999786376953,16862800,UBER,0.6084247222860162,89.50200042724609,92.3305004119873
2025-07-31,87.75,87.75,88.83999633789062,86.61000061035156,87.5250015258789,16922400,UBER,0.1255141614760813,88.87799987792968,92.11550025939941
2025-08-01,86.91000366210938,86.91000366210938,87.05500030517578,85.41999816894531,86.50499725341797,15732500,UBER,-0.9572607839209435,88.00200042724609,91.77950057983398
2025-08-04,88.43000030517578,88.43000030517578,88.58999633789062,87.41000366210938,87.69999694824219,15138900,UBER,1.7489317443546426,87.56800079345703,91.36700057983398
2025-08-05,89.38999938964844,89.38999938964844,90.95500183105469,89.05000305175781,89.37000274658203,25856000,UBER,1.0856033938252407,88.02400054931641,90.96250038146972
2025-08-06,89.22000122070312,89.22000122070312,90.95999908447266,86.30000305175781,90.94999694824219,40169800,UBER,-0.19017582515500342,88.34000091552734,90.59150047302246
2025-08-07,92.66999816894531,92.66999816894531,92.73999786376953,89.16000366210938,90.72000122070312,28522200,UBER,3.866842525262859,89.32400054931641,90.40500030517578
2025-08-08,89.55999755859375,89.55999755859375,94.30999755859375,88.91000366210938,92.95999908447266,26212500,UBER,-3.3559951136308053,89.85399932861328,90.11350021362304
2025-08-11,90.58000183105469,90.58000183105469,91.43000030517578,88.91999816894531,89.80999755859375,16668900,UBER,1.1389060967689435,90.28399963378907,89.94800033569337
2025-08-12,91.7300033569336,91.7300033569336,92.55500030517578,91.13999938964844,91.19000244140625,12509000,UBER,1.2695975961932948,90.75200042724609,89.9240005493164
2025-08-13,90.83000183105469,90.83000183105469,92.19999694824219,89.91000366210938,92.05000305175781,16867300,UBER,-0.9811419306035352,91.07400054931641,89.92800064086914
2025-08-14,91.4000015258789,91.4000015258789,92.31999969482422,90.1050033569336,90.3499984741211,14525100,UBER,0.6275456163530979,90.82000122070312,89.97300071716309
2025-08-15,92.5999984741211,92.5999984741211,93.9000015258789,90.86000061035156,91.6500015258789,15841800,UBER,1.312906923642032,91.4280014038086,90.07350082397461
2025-08-18,93.9800033569336,93.9800033569336,94.4000015258789,91.88999938964844,92.22000122070312,16471300,UBER,1.4902860751106584,92.10800170898438,90.21450080871583
2025-08-19,95.31999969482422,95.31999969482422,96.59500122070312,93.8499984741211,94.0,21177300,UBER,1.4258313364826636,92.8260009765625,90.39100074768066
2025-08-20,93.7300033569336,93.7300033569336,94.95999908447266,91.44000244140625,94.83000183105469,15194800,UBER,-1.668061627130868,93.40600128173828,90.58050079345703
2025-08-21,94.2300033569336,94.2300033569336,95.0,92.80999755859375,93.62000274658203,12864100,UBER,0.5334471162835142,93.97200164794921,90.74850082397461
2025-08-22,96.79000091552734,96.79000091552734,97.54000091552734,94.29000091552734,94.45999908447266,15584900,UBER,2.7167541837993303,94.81000213623047,91.02350082397462
2025-08-25,95.16000366210938,95.16000366210938,97.5,95.125,95.66000366210938,10938100,UBER,-1.684055416881891,95.04600219726562,91.25150108337402
2025-08-26,96.52999877929688,96.52999877929688,96.81999969482422,94.36000061035156,94.87999725341797,17163400,UBER,1.439675351476466,95.28800201416016,91.72250099182129
2025-08-27,95.33000183105469,95.33000183105469,96.94999694824219,95.33000183105469,96.5,11364300,UBER,-1.2431337029080725,95.60800170898438,92.1070011138916
2025-08-28,95.95999908447266,95.95999908447266,96.11000061035156,94.08000183105469,96.0250015258789,12024300,UBER,0.6608593740871527,95.9540008544922,92.51750106811524
2025-08-29,93.75,93.75,96.1500015258789,91.61000061035156,95.99500274658203,19310000,UBER,-2.30304200245689,95.34600067138672,92.85950088500977
2025-09-02,92.80999755859375,92.80999755859375,93.53700256347656,91.91999816894531,92.26000213623047,12883300,UBER,-1.002669270833334,94.8759994506836,93.07850074768066
2025-09-03,92.94000244140625,92.94000244140625,94.76499938964844,92.18000030517578,92.75,12052200,UBER,0.14007637779585025,94.15800018310547,93.25600090026856
2025-09-04,91.9800033569336,91.9800033569336,93.125,90.93000030517578,93.11000061035156,15960100,UBER,-1.0329234551913036,93.48800048828124,93.39400100708008
2025-09-05,90.98999786376953,90.98999786376953,92.52999877929688,88.83999633789062,92.52999877929688,20384500,UBER,-1.0763268721814323,92.49400024414062,93.31000099182128
2025-09-08,94.36000061035156,94.36000061035156,94.55999755859375,91.37999725341797,91.37999725341797,18906600,UBER,3.7037068092117265,92.61600036621094,93.55000114440918
2025-09-09,95.44999694824219,95.44999694824219,95.4800033569336,92.7699966430664,94.5,11850200,UBER,1.1551465990251808,93.14400024414063,93.79350090026855
2025-09-10,94.20999908447266,94.20999908447266,96.0999984741211,93.70999908447266,95.51000213623047,15944200,UBER,-1.2991072848770435,93.3979995727539,93.91750068664551
2025-09-11,94.68000030517578,94.68000030517578,96.31999969482422,94.0,94.55000305175781,16190100,UBER,0.4988867692076848,93.93799896240235,94.11000061035156
2025-09-12,95.88999938964844,95.88999938964844,96.2699966430664,93.70999908447266,94.48999786376953,13659200,UBER,1.2779880445421998,94.91799926757812,94.33450050354004
2025-09-15,98.8499984741211,98.8499984741211,98.86000061035156,95.5199966430664,95.80000305175781,18652400,UBER,3.086869437181572,95.81599884033203,94.64700050354004
2025-09-16,97.83000183105469,97.83000183105469,99.69999694824219,97.0199966430664,99.41999816894531,17257900,UBER,-1.0318630842806154,96.29199981689453,94.8395004272461
2025-09-17,92.94999694824219,92.94999694824219,97.23999786376953,92.12000274658203,96.06999969482422,44094000,UBER,-4.988249812404089,96.03999938964844,94.72100028991699
2025-09-18,94.69999694824219,94.69999694824219,95.05000305175781,93.20999908447266,93.93000030517578,23075200,UBER,1.8827327137777683,96.04399871826172,94.76949996948242
2025-09-19,98.51000213623047,98.51000213623047,98.83000183105469,94.9000015258789,95.0,38735000,UBER,4.023236864591051,96.56799926757813,94.98349990844727
2025-09-22,99.38999938964844,99.38999938964844,101.98999786376953,98.5,99.0,29820100,UBER,0.8933075163281456,96.67599945068359,95.11349983215332
2025-09-23,97.80000305175781,97.80000305175781,100.18000030517578,97.6449966430664,99.86000061035156,15101100,UBER,-1.5997548522534988,96.66999969482421,95.24549980163575
2025-09-24,97.77999877929688,97.77999877929688,99.86000061035156,96.93000030517578,98.88999938964844,12523400,UBER,-0.02045426568172415,97.63600006103516,95.30799980163575
2025-09-25,97.5999984741211,97.5999984741211,97.87000274658203,95.9000015258789,97.30000305175781,11255800,UBER,-0.18408703970437257,98.21600036621093,95.42149963378907
2025-09-26,98.44999694824219,98.44999694824219,98.52999877929688,97.02999877929688,97.79499816894531,10356100,UBER,0.8709000895593899,98.20399932861328,95.54599952697754
2025-09-29,99.56999969482422,99.56999969482422,100.26000213623047,98.58499908447266,99.31999969482422,16320900,UBER,1.1376361414930702,98.23999938964843,95.83699951171874
2025-09-30,97.97000122070312,97.97000122070312,99.75,96.6500015258789,99.58999633789062,16793400,UBER,-1.6069081842171262,98.2739990234375,96.09499969482422
2025-10-01,96.61000061035156,96.61000061035156,99.08499908447266,96.56999969482422,97.4749984741211,16608500,UBER,-1.3881806608206593,98.03999938964844,96.27849960327148
2025-10-02,96.61000061035156,96.61000061035156,97.20999908447266,94.76000213623047,97.08000183105469,16046400,UBER,0.0,97.84199981689453,96.50999946594239
2025-10-03,96.5999984741211,96.5999984741211,98.30000305175781,96.45999908447266,96.94999694824219,10556400,UBER,-0.010353106476845841,97.47200012207031,96.79049949645996
2025-10-06,100.0999984741211,100.0999984741211,101.29499816894531,96.88999938964844,96.95999908447266,22760900,UBER,3.623188463028426,97.57799987792968,97.07749938964844
2025-10-07,97.80000305175781,97.80000305175781,100.69000244140625,97.0,100.12999725341797,12583600,UBER,-2.2976977596637083,97.54400024414062,97.19499969482422
2025-10-08,99.27999877929688,99.27999877929688,99.61000061035156,97.19999694824219,97.94000244140625,10071200,UBER,1.513288017747616,98.07799987792968,97.44849967956543
2025-10-09,96.0,96.0,100.16999816894531,95.83000183105469,99.96499633789062,13435700,UBER,-3.3037860793979634,97.95599975585938,97.51449966430664
2025-10-10,93.4000015258789,93.4000015258789,96.44999694824219,93.33000183105469,96.30000305175781,17021100,UBER,-2.7083317438761356,97.31600036621094,97.38999977111817
2025-10-13,94.08000183105469,94.08000183105469,95.25,93.43000030517578,95.0,11031400,UBER,0.7280517067094205,96.11200103759765,97.15149993896485
2025-10-14,94.25,94.25,95.18000030517578,92.45999908447266,93.77999877929688,11178000,UBER,0.18069532912061703,95.4020004272461,96.97249984741211
2025-10-15,94.5199966430664,94.5199966430664,96.98999786376953,93.79000091552734,95.86000061035156,14347100,UBER,0.28646858680785314,94.45,97.05099983215332
2025-10-16,92.5199966430664,92.5199966430664,95.45999908447266,91.18000030517578,94.44000244140625,17214800,UBER,-2.115954370536588,93.75399932861328,96.94199981689454
2025-10-17,92.30000305175781,92.30000305175781,92.83000183105469,91.45999908447266,92.0,14282100,UBER,-0.2377795063669419,93.53399963378907,96.63149986267089
2025-10-20,93.69999694824219,93.69999694824219,94.5,92.8499984741211,93.0,11274900,UBER,1.5167864032456402,93.45799865722657,96.34699974060058
2025-10-21,93.02999877929688,93.02999877929688,94.55000305175781,92.97000122070312,93.58999633789062,10503300,UBER,-0.7150460947350945,93.21399841308593,96.10849952697754
2025-10-22,92.20999908447266,92.20999908447266,93.41500091552734,91.4209976196289,92.7699966430664,11351400,UBER,-0.8814357794087235,92.75199890136719,95.82999954223632
2025-10-23,94.61000061035156,94.61000061035156,95.69999694824219,92.4000015258789,92.5,17121600,UBER,2.60275626256139,93.16999969482421,95.68049964904785
2025-10-24,94.06999969482422,94.06999969482422,95.26000213623047,93.9000015258789,95.1500015258789,12014600,UBER,-0.5707651538353953,93.5239990234375,95.46149978637695
2025-10-27,96.41999816894531,96.41999816894531,96.66000366210938,94.52999877929688,94.91000366210938,11748300,UBER,2.49813806925141,94.06799926757813,95.303999710083
2025-10-28,95.43000030517578,95.43000030517578,97.7300033569336,95.41000366210938,96.7699966430664,17138300,UBER,-1.0267557379900372,94.54799957275391,95.17699966430663
2025-10-29,95.76000213623047,95.76000213623047,96.88999938964844,94.52999877929688,96.23999786376953,14532900,UBER,0.34580512417412557,95.25800018310547,95.13449974060059
2025-10-30,96.48999786376953,96.48999786376953,97.62000274658203,94.55999755859375,95.41000366210938,13556600,UBER,0.76231799420865,95.63399963378906,95.12849960327148
2025-10-31,96.5,96.5,98.44999694824219,96.1500015258789,97.45999908447266,15333400,UBER,0.010365982435400767,96.11999969482422,95.12349967956543
2025-11-03,99.72000122070312,99.72000122070312,100.3499984741211,96.77999877929688,97.66000366210938,28836500,UBER,3.336788829744175,96.78000030517578,95.10449981689453
2025-11-04,94.66999816894531,94.66999816894531,95.02999877929688,90.08000183105469,91.97000122070312,48787300,UBER,-5.064182701503384,96.62799987792968,94.9479995727539
2025-11-05,92.75,92.75,95.44000244140625,92.5199966430664,95.01000213623047,20150800,UBER,-2.0280957072788097,96.0259994506836,94.62149963378906
2025-11-06,92.12000274658203,92.12000274658203,92.7699966430664,90.81999969482422,92.0,18316200,UBER,-0.6792423217444443,95.1520004272461,94.42749977111816
2025-11-07,91.98999786376953,91.98999786376953,93.16999816894531,90.2979965209961,91.61000061035156,16489900,UBER,-0.14112557418189953,94.25,94.3569995880127
2025-11-10,94.0999984741211,94.0999984741211,94.30999755859375,92.25,92.98999786376953,13310200,UBER,2.2937282958483296,93.1259994506836,94.35799942016601
2025-11-11,93.5999984741211,93.5999984741211,94.16000366210938,92.97000122070312,93.6500015258789,13276300,UBER,-0.5313496366713633,92.91199951171875,94.32549934387207
2025-11-12,93.56999969482422,93.56999969482422,95.18000030517578,92.76000213623047,94.11000061035156,16004600,UBER,-0.03204997840375867,93.0759994506836,94.27799949645996
2025-11-13,91.77999877929688,91.77999877929688,94.05999755859375,91.3499984741211,93.69999694824219,16367500,UBER,-1.9130072901201056,93.00799865722657,94.24099960327149
2025-11-14,91.62000274658203,91.62000274658203,92.62000274658203,89.62000274658203,90.05999755859375,12475600,UBER,-0.1743255990878656,92.93399963378906,94.20699958801269
2025-11-17,92.11000061035156,92.11000061035156,92.58000183105469,90.73999786376953,91.30999755859375,16922500,UBER,0.5348153777345432,92.53600006103515,94.12749977111817
2025-11-18,90.86000061035156,90.86000061035156,92.9229965209961,89.33000183105469,92.0999984741211,17439400,UBER,-1.3570730558213895,91.98800048828124,94.0189998626709
2025-11-19,89.52999877929688,89.52999877929688,91.08000183105469,88.88999938964844,90.5999984741211,18256200,UBER,-1.4637924522566625,91.18000030517578,93.8849998474121
2025-11-20,83.36000061035156,83.36000061035156,90.54000091552734,82.94000244140625,90.19999694824219,41734000,UBER,-6.89154278238645,89.49600067138672,93.3224998474121
2025-11-21,83.87000274658203,83.87000274658203,84.0,81.51000213623047,83.97000122070312,33783100,UBER,0.6118067808256855,87.94600067138671,92.8125
2025-11-24,83.69000244140625,83.69000244140625,84.5199966430664,83.02999877929688,84.1500015258789,24883200,UBER,-0.21461821781461055,86.26200103759766,92.17600021362304
2025-11-25,83.69000244140625,83.69000244140625,84.26499938964844,82.38999938964844,83.80000305175781,18482200,UBER,0.0,84.8280014038086,91.58900032043456
2025-11-26,85.66000366210938,85.66000366210938,86.3550033569336,83.6500015258789,84.11000061035156,20448700,UBER,2.353926590075539,84.05400238037109,91.08400039672851
2025-11-28,87.54000091552734,87.54000091552734,87.62000274658203,86.23999786376953,86.51000213623047,9069400,UBER,2.1947200245679754,84.89000244140625,90.63650054931641
2025-12-01,86.56999969482422,86.56999969482422,87.61000061035156,85.4749984741211,86.98999786376953,17517200,UBER,-1.1080662674874064,85.43000183105468,90.14000053405762
2025-12-02,87.56999969482422,87.56999969482422,88.44000244140625,85.62999725341797,86.02999877929688,18930400,UBER,1.15513457724985,86.20600128173828,89.53250045776367
2025-12-03,90.68000030517578,90.68000030517578,91.37999725341797,88.9520034790039,89.84500122070312,21335800,UBER,3.5514452680024178,87.60400085449218,89.3330005645752
2025-12-04,90.98999786376953,90.98999786376953,91.0,89.44999694824219,90.18000030517578,13145300,UBER,0.3418587974751697,88.66999969482421,89.24500045776367
2025-12-05,91.31999969482422,91.31999969482422,92.75,90.45999908447266,90.72000122070312,11154600,UBER,0.36267923816062364,89.42599945068359,89.20500030517579
2025-12-08,92.56999969482422,92.56999969482422,92.77999877929688,90.7699966430664,90.7699966430664,12646900,UBER,1.3688129699707563,90.6259994506836,89.23400039672852
2025-12-09,89.06999969482422,89.06999969482422,92.01000213623047,88.90499877929688,91.80999755859375,17117500,UBER,-3.7809225575655803,90.92599945068359,88.98250045776368
2025-12-10,84.16000366210938,84.16000366210938,88.75,82.72000122070312,88.63999938964844,51202000,UBER,-5.512513808844388,89.62200012207032,88.51050071716308
2025-12-11,85.44000244140625,85.44000244140625,85.74500274658203,83.33999633789062,84.05500030517578,23346300,UBER,1.5209110308928908,88.51200103759766,88.10400085449218
2025-12-12,85.11000061035156,85.11000061035156,86.44999694824219,84.51799774169922,85.5,16211600,UBER,-0.3862380871079707,87.27000122070312,87.77050094604492
2025-12-15,81.86000061035156,81.86000061035156,83.62000274658203,81.16500091552734,83.45999908447266,32070900,UBER,-3.818587682637986,85.1280014038086,87.28250083923339
2025-12-16,80.91999816894531,80.91999816894531,82.05000305175781,80.26000213623047,81.74500274658203,24465100,UBER,-1.1483049528433376,83.49800109863281,86.72300071716309
2025-12-17,79.13999938964844,79.13999938964844,81.30000305175781,78.77999877929688,80.80999755859375,28007500,UBER,-2.19970195202005,82.49400024414062,86.13700065612792
2025-12-18,79.69000244140625,79.69000244140625,80.70999908447266,79.55000305175781,80.36000061035156,18681800,UBER,0.6949747990897093,81.34400024414063,85.6450008392334
2025-12-19,79.30999755859375,79.30999755859375,79.98999786376953,78.30999755859375,79.7699966430664,34353300,UBER,-0.4768538978172421,80.18399963378906,85.4425006866455
2025-12-22,81.26000213623047,81.26000213623047,82.25,80.9000015258789,81.31999969482422,20570400,UBER,2.458712189716139,80.06399993896484,85.31200065612794
2025-12-23,80.97000122070312,80.97000122070312,81.41999816894531,80.3499984741211,81.01000213623047,10445500,UBER,-0.3568802706172325,80.07400054931641,85.17600059509277
2025-12-24,81.1500015258789,81.1500015258789,81.41000366210938,80.58000183105469,81.01000213623047,4310700,UBER,0.22230493079176128,80.4760009765625,85.0490005493164
2025-12-26,81.26000213623047,81.26000213623047,81.5,80.68000030517578,81.19999694824219,6741600,UBER,0.13555219751473224,80.79000091552734,84.82900047302246
2025-12-29,81.5,81.5,82.19999694824219,80.78500366210938,80.91000366210938,12072600,UBER,0.2953456281814759,81.22800140380859,84.5270004272461
2025-12-30,82.12000274658203,82.12000274658203,82.5,81.52999877929688,81.73999786376953,9500700,UBER,0.760739566358315,81.4000015258789,84.30450057983398
2025-12-31,81.70999908447266,81.70999908447266,82.54499816894531,81.41999816894531,82.0,8428400,UBER,-0.4992738046717071,81.54800109863281,84.01150054931641
2026-01-02,82.86000061035156,82.86000061035156,83.66000366210938,81.47000122070312,82.04000091552734,13095100,UBER,1.407418356093748,81.89000091552734,83.6205005645752
2026-01-05,80.73999786376953,80.73999786376953,82.83999633789062,79.57499694824219,81.61000061035156,24036800,UBER,-2.558535760277536,81.78600006103515,83.10800056457519
2026-01-06,85.54000091552734,85.54000091552734,85.6500015258789,81.08999633789062,81.18000030517578,27508700,UBER,5.945012606833022,82.59400024414063,82.81900062561036
2026-01-07,86.19000244140625,86.19000244140625,87.73999786376953,85.65499877929688,86.23999786376953,25293400,UBER,0.7598801951391065,83.40800018310547,82.50000076293945
2026-01-08,87.58999633789062,87.58999633789062,88.23999786376953,85.3499984741211,85.76000213623047,15499200,UBER,1.6243112389237035,84.58399963378906,82.42600059509277
2026-01-09,85.44000244140625,85.44000244140625,87.27999877929688,84.88400268554688,87.2699966430664,15881500,UBER,-2.454611241437288,85.1,82.49000053405761
2026-01-12,84.66999816894531,84.66999816894531,85.4800033569336,83.7699966430664,84.63999938964844,12687800,UBER,-0.9012222032519168,85.88600006103516,82.45150032043458
2026-01-13,85.41000366210938,85.41000366210938,85.94000244140625,83.69999694824219,84.20999908447266,14809300,UBER,0.8739878459516515,85.86000061035156,82.46650047302246
2026-01-14,84.6500015258789,84.6500015258789,85.98999786376953,83.5,85.37000274658203,15510800,UBER,-0.889828010354754,85.5520004272461,82.60600051879882
2026-01-15,84.37999725341797,84.37999725341797,86.3499984741211,82.7300033569336,85.80999755859375,18892900,UBER,-0.31896546673823023,84.91000061035156,82.77900047302246
2026-01-16,84.8499984741211,84.8499984741211,85.0,83.0,84.1500015258789,20738900,UBER,0.5570054941949953,84.79199981689453,83.06450042724609
2026-01-20,83.72000122070312,83.72000122070312,83.80999755859375,82.3499984741211,83.05999755859375,19429300,UBER,-1.3317587197866798,84.6020004272461,83.26600036621093
2026-01-21,84.26000213623047,84.26000213623047,85.61000061035156,82.94999694824219,84.38999938964844,21171900,UBER,0.6450082509002808,84.37200012207032,83.51350059509278
2026-01-22,82.55999755859375,82.55999755859375,85.43000030517578,81.51000213623047,83.5,19457200,UBER,-2.017570062350782,83.95399932861328,83.57850036621093
2026-01-23,82.30999755859375,82.30999755859375,83.55999755859375,81.47000122070312,82.6500015258789,14703800,UBER,-0.3028100864738703,83.53999938964844,83.64550018310547
2026-01-26,81.9800033569336,81.9800033569336,83.33000183105469,81.91000366210938,82.3499984741211,16556400,UBER,-0.40091630597515193,82.96600036621093,83.6870002746582
2026-01-27,81.23999786376953,81.23999786376953,82.08499908447266,79.86000061035156,81.94999694824219,19993700,UBER,-0.9026658488194284,82.46999969482422,83.68600006103516
2026-01-28,79.77999877929688,79.77999877929688,81.84700012207031,79.73500061035156,81.16000366210938,19317300,UBER,-1.797143184224248,81.5739990234375,83.6
2026-01-29,81.69999694824219,81.69999694824219,82.08000183105469,79.95999908447266,80.44000244140625,26857800,UBER,2.406615941743473,81.4019989013672,83.57899971008301
2026-01-30,80.05000305175781,80.05000305175781,82.0999984741211,79.41999816894531,80.91000366210938,24344100,UBER,-2.0195764481235723,80.95,83.49599990844726
2026-02-02,80.83999633789062,80.83999633789062,81.88999938964844,79.19000244140625,79.80000305175781,18434500,UBER,0.986874773286428,80.72199859619141,83.39499969482422
2026-02-03,77.93000030517578,77.93000030517578,80.68000030517578,77.30000305175781,80.4800033569336,29490800,UBER,-3.5996983727606846,80.05999908447265,83.25449981689454
2026-02-04,73.91999816894531,73.91999816894531,77.71299743652344,71.87999725341797,75.625,63045000,UBER,-5.1456462473081,78.88799896240235,82.67349967956542
2026-02-05,75.20999908447266,75.20999908447266,77.22000122070312,73.22000122070312,73.26000213623047,33111500,UBER,1.745131151896162,77.58999938964844,82.12449951171875
2026-02-06,74.7699966430664,74.7699966430664,75.86000061035156,72.66999816894531,75.48999786376953,24470200,UBER,-0.5850318398648802,76.53399810791015,81.48349952697754
2026-02-09,73.91000366210938,73.91000366210938,74.81500244140625,73.51000213623047,74.76000213623047,17959100,UBER,-1.1501845921732867,75.1479995727539,80.9069995880127
2026-02-10,73.5,73.5,75.05000305175781,73.47000122070312,74.37999725341797,18958700,UBER,-0.5547336514604595,74.26199951171876,80.34849967956544
2026-02-11,71.01000213623047,71.01000213623047,74.08599853515625,70.6500015258789,73.76000213623047,28045000,UBER,-3.3877521956048096,73.68000030517578,79.62849960327148
2026-02-12,71.22000122070312,71.22000122070312,72.62999725341797,69.44999694824219,72.19000244140625,33541400,UBER,0.2957316971625712,72.88200073242187,78.95699958801269
2026-02-13,69.98999786376953,69.98999786376953,71.41999816894531,69.0199966430664,71.05999755859375,26526700,UBER,-1.727047649328095,71.9260009765625,78.23749961853028
2026-02-17,70.52999877929688,70.52999877929688,70.9800033569336,69.69999694824219,70.66000366210938,20286100,UBER,0.7715401228878704,71.25,77.52149963378906
2026-02-18,72.7699966430664,72.7699966430664,73.2699966430664,70.11499786376953,70.26000213623047,18235600,UBER,3.175950521109394,71.10399932861328,76.97399940490723
2026-02-19,72.94000244140625,72.94000244140625,74.1050033569336,71.76000213623047,71.87000274658203,15897800,UBER,0.23362073132107142,71.48999938964843,76.40799942016602
2026-02-20,73.86000061035156,73.86000061035156,74.58499908447266,72.55999755859375,72.6500015258789,20242200,UBER,1.2613081137258897,72.01799926757812,75.9729995727539
2026-02-23,70.72000122070312,70.72000122070312,73.11000061035156,70.1500015258789,72.98999786376953,22921600,UBER,-4.251285355673772,72.16399993896485,75.39349975585938
2026-02-24,71.37999725341797,71.37999725341797,72.13999938964844,69.94999694824219,70.62000274658203,19581100,UBER,0.9332522925941777,72.33399963378906,74.86349945068359
2026-02-25,72.83000183105469,72.83000183105469,73.16000366210938,71.91999816894531,72.31999969482422,19820800,UBER,2.031387830527387,72.34600067138672,74.44299964904785
2026-02-26,74.80000305175781,74.80000305175781,76.0999984741211,72.83000183105469,73.1500015258789,22449200,UBER,2.7049308954748774,72.71800079345704,74.19399986267089
2026-02-27,75.41999816894531,75.41999816894531,75.77999877929688,73.65799713134766,73.9000015258789,20427900,UBER,0.8288704437063865,73.03000030517578,73.87999992370605
2026-03-02,75.94999694824219,75.94999694824219,76.49500274658203,73.1500015258789,73.5,25779100,UBER,0.7027297695097356,74.0759994506836,73.67499961853028
2026-03-03,76.36000061035156,76.36000061035156,77.30500030517578,74.0199966430664,74.5,21892500,UBER,0.5398336781880175,75.0720001220703,73.45099983215331
2026-03-04,76.6500015258789,76.6500015258789,77.04000091552734,75.01300048828125,76.29499816894531,19818600,UBER,0.3797811854496347,75.83600006103515,73.38699989318847
2026-03-05,75.44000244140625,75.44000244140625,78.25,75.13500213623047,76.58999633789062,17894000,UBER,-1.578602818506314,75.96399993896485,73.46300010681152
2026-03-06,75.12999725341797,75.12999725341797,75.56999969482422,74.19000244140625,74.7300033569336,14771200,UBER,-0.41092945116095736,75.90599975585937,73.4590000152588
2026-03-09,73.83999633789062,73.83999633789062,74.54000091552734,71.94000244140625,74.12000274658203,21208900,UBER,-1.7170251067307962,75.48399963378907,73.4125
2026-03-10,72.36000061035156,72.36000061035156,74.12000274658203,72.18000030517578,73.97000122070312,17581500,UBER,-2.004328007773226,74.68399963378906,73.3349998474121
2026-03-11,74.97000122070312,74.97000122070312,75.5999984741211,73.55000305175781,74.54000091552734,21010800,UBER,3.6069659871978743,74.3479995727539,73.40849990844727
2026-03-12,72.97000122070312,72.97000122070312,75.8499984741211,72.58999633789062,74.87000274658203,17082700,UBER,-2.6677337167332116,73.85399932861328,73.50649986267089
2026-03-13,73.33000183105469,73.33000183105469,74.87000274658203,72.69000244140625,73.29499816894531,16400700,UBER,0.4933542611061714,73.49400024414062,73.61199989318848
2026-03-16,74.66000366210938,74.66000366210938,75.37999725341797,74.0,74.0,15997300,UBER,1.8137212571177619,73.65800170898437,73.84550018310547
2026-03-17,77.79000091552734,77.79000091552734,79.2300033569336,77.30999755859375,77.38999938964844,33146100,UBER,4.192334717238255,74.74400177001954,74.208500289917
2026-03-18,76.66000366210938,76.66000366210938,77.68000030517578,76.4800033569336,77.43000030517578,13692700,UBER,-1.4526253247445498,75.08200225830078,74.40300064086914
2026-03-19,75.33999633789062,75.33999633789062,77.84500122070312,75.31999969482422,76.4800033569336,13791600,UBER,-1.721898331804006,75.55600128173828,74.52300033569335
2026-03-20,73.88999938964844,73.88999938964844,74.9800033569336,73.04000091552734,74.9800033569336,26161200,UBER,-1.9246044846340737,75.66800079345703,74.52450027465821
2026-03-23,75.12000274658203,75.12000274658203,75.81999969482422,74.44000244140625,75.2699966430664,14154700,UBER,1.6646411789061455,75.76000061035157,74.74450035095215
2026-03-24,72.33999633789062,72.33999633789062,75.01000213623047,72.1449966430664,74.62999725341797,14404200,UBER,-3.7007538698710984,74.66999969482421,74.79250030517578
2026-03-25,73.08000183105469,73.08000183105469,73.83999633789062,72.19000244140625,73.0,11569300,UBER,1.0229548391288201,73.95399932861328,74.80500030517578
2026-03-26,70.55000305175781,70.55000305175781,72.76499938964844,70.19999694824219,72.73999786376953,15412900,UBER,-3.461957739335708,72.99600067138672,74.59250030517578
2026-03-27,69.18000030517578,69.18000030517578,70.37999725341797,68.45999908447266,70.11000061035156,13869700,UBER,-1.9418889969103903,72.05400085449219,74.2805004119873
2026-03-30,69.91000366210938,69.91000366210938,70.5,68.83999633789062,69.70999908447266,13873500,UBER,1.0552231189842498,71.01200103759766,73.97850074768067
2026-03-31,71.93000030517578,71.93000030517578,72.05000305175781,70.20999908447266,70.70999908447266,15886600,UBER,2.8894243130489494,70.93000183105468,73.75700073242187
2026-04-01,71.70999908447266,71.70999908447266,72.69999694824219,70.80999755859375,72.43000030517578,13035000,UBER,-0.3058546083271718,70.65600128173828,73.51000061035157
2026-04-02,71.83999633789062,71.83999633789062,71.97000122070312,69.77999877929688,70.91000366210938,12758500,UBER,0.1812819063975013,70.91399993896485,73.33000030517579
2026-04-06,72.16999816894531,72.16999816894531,72.77999877929688,71.40499877929688,71.62000274658203,7751400,UBER,0.4593566924788961,71.51199951171876,73.18200035095215
2026-04-07,71.7300033569336,71.7300033569336,72.55999755859375,71.11000061035156,71.77999877929688,9686300,UBER,-0.609664435603452,71.8759994506836,73.0765007019043
2026-04-08,72.37999725341797,72.37999725341797,75.43000030517578,72.06999969482422,75.0,13559900,UBER,0.9061673861214814,71.96599884033203,73.07750053405762
2026-04-09,71.80999755859375,71.80999755859375,72.3499984741211,70.01499938964844,72.1500015258789,16500000,UBER,-0.78750997023187,71.98599853515626,72.91950035095215
2026-04-10,70.4800033569336,70.4800033569336,72.87999725341797,70.04000091552734,72.31999969482422,11818200,UBER,-1.852101722430699,71.71399993896485,72.79500045776368
2026-04-13,72.33999633789062,72.33999633789062,72.80999755859375,69.81999969482422,70.06999969482422,12690600,UBER,2.639036453414212,71.74799957275391,72.74550018310546
2026-04-14,72.91000366210938,72.91000366210938,73.94999694824219,72.23999786376953,73.16500091552734,16750300,UBER,0.7879559760499921,71.98399963378907,72.65800018310547
2026-04-15,77.27999877929688,77.27999877929688,77.93000030517578,73.79399871826172,73.86000061035156,19696000,UBER,5.99368385364456,72.96399993896485,72.63250007629395
2026-04-16,76.4800033569336,76.4800033569336,78.05000305175781,76.36499786376953,77.51000213623047,12771700,UBER,-1.0351907802793603,73.89800109863282,72.62350006103516
2026-04-17,77.12000274658203,77.12000274658203,78.72000122070312,76.61000061035156,77.41500091552734,16966600,UBER,0.8368192488977133,75.2260009765625,72.71250038146972
2026-04-20,77.48999786376953,77.48999786376953,77.70500183105469,75.69999694824219,76.66999816894531,11507400,UBER,0.4797654356980763,76.25600128173828,72.89250030517579
2026-04-21,77.26000213623047,77.26000213623047,78.76000213623047,77.03800201416016,78.0,11698100,UBER,-0.29680698655251136,77.1260009765625,72.9995002746582
2026-04-22,75.58000183105469,75.58000183105469,77.97000122070312,75.0999984741211,77.69999694824219,14133000,UBER,-2.174476130887859,76.78600158691407,73.1615005493164
2026-04-23,74.69999694824219,74.69999694824219,77.177001953125,73.75,76.66000366210938,18671000,UBER,-1.1643356198635546,76.43000030517578,73.24250030517578
2026-04-24,74.63999938964844,74.63999938964844,74.7699966430664,73.52999877929688,74.7699966430664,13007200,UBER,-0.0803180201403797,75.93399963378906,73.4470001220703
2026-04-27,76.2699966430664,76.2699966430664,76.94999694824219,74.66999816894531,74.67500305175781,14670000,UBER,2.1838119865312144,75.68999938964843,73.80149993896484
2026-04-28,74.11000061035156,74.11000061035156,76.66000366210938,74.08999633789062,75.69999694824219,14039000,UBER,-2.8320389770348897,75.05999908447265,74.01149978637696
2026-04-29,74.47000122070312,74.47000122070312,74.7300033569336,72.77999877929688,73.66999816894531,11751800,UBER,0.48576522383847465,74.83799896240234,74.13849983215331
2026-04-30,74.61000061035156,74.61000061035156,75.0199966430664,73.04000091552734,74.31999969482422,16067000,UBER,0.18799434316312258,74.81999969482422,74.28349990844727
2026-05-01,75.12000274658203,75.12000274658203,75.66000366210938,74.58100128173828,75.11000061035156,10867400,UBER,0.6835573409172513,74.91600036621094,74.44750022888184
2026-05-04,73.93000030517578,73.93000030517578,75.32099914550781,73.5199966430664,74.92500305175781,13868400,UBER,-1.5841352474662895,74.44800109863282,74.53550033569336
2026-05-05,72.94999694824219,72.94999694824219,74.80000305175781,72.66999816894531,74.25,27424000,UBER,-1.3255827849157797,74.21600036621093,74.59650001525878
2026-05-06,79.16999816894531,79.16999816894531,80.11000061035156,76.69999694824219,77.45999908447266,35783000,UBER,8.526389966974502,75.15599975585937,74.93600006103516
2026-05-07,76.7300033569336,76.7300033569336,80.83000183105469,76.30000305175781,79.82499694824219,26972300,UBER,-3.081969014076358,75.58000030517579,75.18200035095215
2026-05-08,75.44999694824219,75.44999694824219,77.05000305175781,74.4020004272461,77.05000305175781,16230600,UBER,-1.6681954290254097,75.64599914550782,75.43050003051758
2026-05-11,76.1500015258789,76.1500015258789,77.01599884033203,75.0999984741211,75.5,18996400,UBER,0.9277728375746808,76.08999938964844,75.62100028991699
2026-05-12,76.36000061035156,76.36000061035156,76.83000183105469,74.41000366210938,76.19999694824219,17241000,UBER,0.27577029581711265,76.77200012207031,75.7935001373291
2026-05-13,74.69999694824219,74.69999694824219,76.05000305175781,74.0199966430664,75.5999984741211,14055200,UBER,-2.1739178219497557,75.87799987792968,75.66450004577636
2026-05-14,74.69000244140625,74.69000244140625,75.29000091552734,72.875,74.66500091552734,17329500,UBER,-0.01337952777007434,75.46999969482422,75.575
2026-05-15,75.08999633789062,75.08999633789062,75.56500244140625,73.62999725341797,74.30999755859375,16394100,UBER,0.5355387379966547,75.3979995727539,75.47349967956544
2026-05-18,75.08000183105469,75.08000183105469,75.97000122070312,74.2300033569336,74.88999938964844,17776200,UBER,-0.013310037719227452,75.18399963378906,75.35299987792969
2026-05-19,74.08999633789062,74.08999633789062,76.01000213623047,73.95999908447266,75.48999786376953,17419900,UBER,-1.318600784522861,74.72999877929688,75.19449958801269
2026-05-20,74.5999984741211,74.5999984741211,74.89399719238281,72.52999877929688,73.80000305175781,12764800,UBER,0.6883549216341933,74.70999908447266,75.14549942016602
2026-05-21,73.61000061035156,73.61000061035156,74.61000061035156,72.9000015258789,74.24500274658203,13238700,UBER,-1.3270749115537384,74.49399871826172,75.09099960327148
2026-05-22,71.81999969482422,71.81999969482422,74.97000122070312,71.31999969482422,73.8499984741211,19689000,UBER,-2.431736042229593,73.83999938964844,74.94999961853027
2026-05-26,70.12000274658203,70.12000274658203,71.83000183105469,69.9000015258789,71.73999786376953,23281200,UBER,-2.367024443700605,72.8479995727539,74.64249992370605
2026-05-27,70.7300033569336,70.7300033569336,70.94000244140625,69.5999984741211,69.8499984741211,23148200,UBER,0.869938086791211,72.1760009765625,74.47350006103515
2026-05-28,70.91999816894531,70.91999816894531,71.13999938964844,69.58000183105469,70.16999816894531,19139100,UBER,0.26861982609123203,71.44000091552735,74.29599990844727
2026-05-29,70.4000015258789,70.4000015258789,72.23999786376953,69.95999908447266,70.6500015258789,50294700,UBER,-0.7332158156965418,70.79800109863281,74.08549995422364
2026-06-01,73.7699966430664,73.7699966430664,74.55500030517578,71.33000183105469,71.33000183105469,24119800,UBER,4.786924778614798,71.18800048828125,74.01799964904785
2026-06-02,71.62000274658203,71.62000274658203,73.12999725341797,71.31500244140625,72.5999984741211,16657700,UBER,-2.914455733117416,71.48800048828124,73.90249977111816
2026-06-03,71.69000244140625,71.69000244140625,71.875,70.3550033569336,71.1500015258789,17348400,UBER,0.09773763214153686,71.68000030517578,73.83950004577636
2026-06-04,72.20999908447266,72.20999908447266,73.54000091552734,71.7249984741211,72.6500015258789,17576600,UBER,0.7253405291643089,71.93800048828125,73.49150009155274
2026-06-05,70.70999908447266,70.70999908447266,72.52999877929688,70.30999755859375,71.83999633789062,18532300,UBER,-2.0772746420412935,72.0,73.19049987792968
2026-06-08,70.05999755859375,70.05999755859375,70.93499755859375,69.97000122070312,70.41000366210938,18636000,UBER,-0.9192498010110128,71.25800018310547,72.92099990844727
2026-06-09,70.37999725341797,70.37999725341797,71.44999694824219,69.5,70.2750015258789,20029600,UBER,0.4567509363051059,71.00999908447265,72.63249969482422
2026-06-10,68.61000061035156,68.61000061035156,70.375,68.61000061035156,69.69999694824219,21908800,UBER,-2.5149143395006957,70.39399871826171,72.24499969482422
2026-06-11,69.55000305175781,69.55000305175781,69.56500244140625,67.19000244140625,68.2249984741211,24995400,UBER,1.370066219274202,69.86199951171875,71.9875
2026-06-12,68.8499984741211,68.8499984741211,70.2300033569336,67.4000015258789,70.0199966430664,19678100,UBER,-1.0064767029784094,69.48999938964843,71.69549980163575
2026-06-15,72.8499984741211,72.8499984741211,73.4800033569336,70.45999908447266,70.62000274658203,24748700,UBER,5.809731428684772,70.04799957275391,71.58349990844727
2026-06-16,73.25,73.25,74.28500366210938,72.7699966430664,73.27999877929688,17514600,UBER,0.5490755446220019,70.62200012207032,71.49199981689453
2026-06-17,70.91000366210938,70.91000366210938,73.2699966430664,70.88999938964844,72.87999725341797,16144400,UBER,-3.1945342496800366,71.08200073242188,71.33300018310547
2026-06-18,71.63999938964844,71.63999938964844,72.48999786376953,70.77999877929688,71.97000122070312,27203300,UBER,1.0294679027482934,71.5,71.18500022888183
2026-06-22,71.43000030517578,71.43000030517578,72.44999694824219,70.8499984741211,71.45999908447266,21887100,UBER,-0.2931310528500597,72.01600036621093,71.07600021362305
2026-06-23,69.66999816894531,69.66999816894531,71.55500030517578,69.56500244140625,71.08000183105469,20733900,UBER,-2.4639537011214907,71.38000030517578,70.9685001373291
2026-06-24,73.8499984741211,73.8499984741211,75.73999786376953,69.69999694824219,70.30000305175781,34823300,UBER,5.999713528109396,71.5,71.15499992370606
2026-06-25,72.25,72.25,74.55000305175781,72.11000061035156,74.26000213623047,14682100,UBER,-2.1665518038998632,71.76799926757812,71.23099975585937
2026-06-26,76.19999694824219,76.19999694824219,76.38999938964844,72.44999694824219,72.69999694824219,64581200,UBER,5.467123803795415,72.67999877929688,71.49499969482422
2026-06-29,75.5,75.5,77.76000213623047,74.19999694824219,76.0,26220700,UBER,-0.9186312024627163,73.49399871826172,71.74999961853027
2026-06-30,72.16000366210938,72.16000366210938,75.02999877929688,71.81999969482422,74.77999877929688,27806100,UBER,-4.4238362091266525,73.99199981689453,71.66949996948242
2026-07-01,72.66000366210938,72.66000366210938,73.80000305175781,71.66000366210938,72.2300033569336,12648000,UBER,0.6929046211544776,73.75400085449219,71.72150001525878
2026-07-02,74.43000030517578,74.43000030517578,74.51000213623047,72.33000183105469,72.79000091552734,14087900,UBER,2.43599856022223,74.19000091552735,71.85849990844727
2026-07-06,72.41999816894531,72.41999816894531,74.55999755859375,71.86000061035156,74.15499877929688,15821500,UBER,-2.7005268413128003,73.43400115966797,71.8689998626709
2026-07-07,74.33000183105469,74.33000183105469,74.8499984741211,73.31999969482422,73.58999633789062,15615600,UBER,2.6373981088118947,73.2000015258789,72.05
2026-07-08,73.5999984741211,73.5999984741211,74.7699966430664,72.58000183105469,73.51000213623047,12612900,UBER,-0.9821113129969028,73.48800048828124,72.22700004577636
2026-07-09,74.3499984741211,74.3499984741211,74.36000061035156,72.30999755859375,72.5,9895500,UBER,1.0190217602568552,73.8259994506836,72.42550010681153
2026-07-10,74.54000091552734,74.54000091552734,76.20999908447266,74.4800033569336,74.9800033569336,9766800,UBER,0.2555513723008218,73.8479995727539,72.72200012207031
2026-07-13,74.26000213623047,74.26000213623047,76.30000305175781,73.87000274658203,75.06999969482422,12458500,UBER,-0.37563559948728953,74.21600036621093,72.95750007629394
2026-07-14,72.08000183105469,72.08000183105469,74.19999694824219,71.23999786376953,73.55999755859375,18703500,UBER,-2.935631891279178,73.76600036621093,73.11900024414062
2026-07-15,72.66999816894531,72.66999816894531,73.96299743652344,72.19999694824219,72.52999877929688,13876600,UBER,0.8185298597432,73.58000030517579,73.11000022888183
2026-07-16,74.04000091552734,74.04000091552734,75.4000015258789,72.62000274658203,73.67500305175781,17903600,UBER,1.885238449293758,73.51800079345703,73.14950027465821
2026-07-17,72.45999908447266,72.45999908447266,73.45999908447266,71.72000122070312,73.26000213623047,18317900,UBER,-2.1339840782245822,73.1020004272461,73.22700004577636
2026-07-20,72.16999816894531,72.16999816894531,73.41000366210938,71.58999633789062,72.5,14948000,UBER,-0.40022208003240856,72.68399963378906,73.25349998474121
2026-07-21,71.55000305175781,71.55000305175781,72.98999786376953,71.43000030517578,72.16999816894531,11769000,UBER,-0.8590759774388945,72.57799987792968,73.2595001220703
2026-07-22,70.33000183105469,70.33000183105469,71.47000122070312,69.95999908447266,71.47000122070312,15001000,UBER,-1.7051029611006463,72.11000061035156,73.29250030517578
2026-07-23,68.91000366210938,68.91000366210938,71.08000183105469,68.3499984741211,70.16999816894531,23649300,UBER,-2.0190503796038595,71.08400115966796,73.04550056457519
2026-07-24,65.94000244140625,65.94000244140625,70.06999969482422,65.55999755859375,69.38999938964844,27966300,UBER,-4.309971067867179,69.78000183105469,72.73000068664551
2026-07-27,68.18000030517578,68.18000030517578,68.33999633789062,65.41000366210938,66.37999725341797,25722900,UBER,3.3970242354176117,68.98200225830078,72.3290008544922
2026-07-28,70.73999786376953,70.73999786376953,70.9000015258789,68.76000213623047,69.11000061035156,20969300,UBER,3.7547631961500683,68.82000122070312,72.09100074768067
2026-07-29,71.19999694824219,71.19999694824219,71.79000091552734,69.66000366210938,70.0999984741211,12052100,UBER,0.6502673146223659,68.99400024414062,72.04300041198731
2026-07-30,70.37000274658203,70.37000274658203,70.5999984741211,68.69000244140625,70.5999984741211,14183500,UBER,-1.1657222433078318,69.28600006103515,71.92850036621094
2026-07-31,70.36000061035156,70.36000061035156,70.5,69.5,69.95999908447266,11993900,UBER,-0.014213636265569818,70.16999969482421,71.72500038146973
2026-08-03,71.61000061035156,71.61000061035156,71.9489974975586,71.01499938964844,71.2300033569336,12953300,UBER,1.77657758549834,70.85599975585937,71.68450050354004
2026-08-04,71.98999786376953,71.98999786376953,72.29000091552734,71.13999938964844,71.30999755859375,20046000,UBER,0.5306483035597553,71.10599975585937,71.56750030517578
2026-08-05,68.18000030517578,68.18000030517578,69.41999816894531,66.73500061035156,69.0,50131900,UBER,-5.292398488194994,70.50200042724609,71.29650039672852
2026-08-06,70.47000122070312,70.47000122070312,71.37000274658203,68.16999816894531,68.62999725341797,31510100,UBER,3.3587575612749054,70.52200012207031,71.10250053405761
2026-08-07,75.0199966430664,75.0199966430664,75.41999816894531,71.2300033569336,71.29000091552734,33069600,UBER,6.456641611390457,71.45399932861328,71.12650032043457
2026-08-10,78.02999877929688,78.02999877929688,78.0999984741211,75.38999938964844,75.43000030517578,27263300,UBER,4.012266423513178,72.73799896240234,71.31500015258788
2026-08-11,78.54000091552734,78.54000091552734,78.98899841308594,77.46499633789062,78.0,18711700,UBER,0.6535975191707788,74.04799957275391,71.63800010681152
2026-08-12,75.36000061035156,75.36000061035156,78.55999755859375,74.87999725341797,78.19999694824219,19192500,UBER,-4.048892625550115,75.48399963378907,71.77250022888184
2026-08-13,75.87999725341797,75.87999725341797,76.03500366210938,74.52999877929688,75.62999725341797,13210800,UBER,0.6900167713042471,76.56599884033203,71.86450004577637
2026-08-14,75.66100311279297,75.66100311279297,77.44000244140625,75.36990356445312,77.08999633789062,5431215,UBER,-0.2886058889717935,76.69420013427734,72.02455024719238
