Date,Adj Close,Close,High,Low,Open,Volume,Ticker
2016-08-15,57.19386291503906,65.62999725341797,65.81999969482422,65.2699966430664,65.2699966430664,3136700,AXP
2016-08-16,56.90628433227539,65.30000305175781,65.66999816894531,65.27999877929688,65.61000061035156,2805600,AXP
2016-08-17,57.2374267578125,65.68000030517578,65.8499984741211,65.08999633789062,65.4000015258789,3054500,AXP
2016-08-18,57.19386291503906,65.62999725341797,65.77999877929688,65.2699966430664,65.5199966430664,2807500,AXP
2016-08-19,57.10670852661133,65.52999877929688,65.68000030517578,65.06999969482422,65.47000122070312,2783200,AXP
2016-08-22,56.958560943603516,65.36000061035156,65.54000091552734,64.95999908447266,65.52999877929688,3230700,AXP
2016-08-23,57.2374267578125,65.68000030517578,66.27999877929688,65.68000030517578,65.7300033569336,3551700,AXP
2016-08-24,56.784271240234375,65.16000366210938,66.12000274658203,65.05000305175781,65.8499984741211,4128200,AXP
2016-08-25,56.64484405517578,65.0,65.1500015258789,64.76000213623047,65.0,4243800,AXP
2016-08-26,56.46183395385742,64.79000091552734,65.48999786376953,64.5199966430664,65.2699966430664,3623600,AXP
2016-08-29,57.09799575805664,65.5199966430664,65.7699966430664,64.80000305175781,65.0,4173800,AXP
2016-08-30,57.036991119384766,65.44999694824219,65.97000122070312,65.0999984741211,65.7699966430664,3775800,AXP
2016-08-31,57.150299072265625,65.58000183105469,65.72000122070312,64.86000061035156,65.47000122070312,4783600,AXP
2016-09-01,56.522830963134766,64.86000061035156,65.63999938964844,64.41999816894531,65.55000305175781,3657700,AXP
2016-09-02,56.8104248046875,65.19000244140625,65.66999816894531,64.86000061035156,65.05999755859375,3131700,AXP
2016-09-06,57.30714416503906,65.76000213623047,65.7699966430664,65.05000305175781,65.16000366210938,3956400,AXP
2016-09-07,57.681880950927734,66.19000244140625,66.19999694824219,65.30999755859375,65.48999786376953,3200700,AXP
2016-09-08,57.72544479370117,66.23999786376953,66.70999908447266,66.05000305175781,66.1500015258789,4078900,AXP
2016-09-09,56.74940872192383,65.12000274658203,66.0199966430664,65.12000274658203,65.73999786376953,5144900,AXP
2016-09-12,57.42914962768555,65.9000015258789,66.08999633789062,64.13999938964844,64.72000122070312,4923200,AXP
2016-09-13,56.08711624145508,64.36000061035156,65.31999969482422,64.04000091552734,65.22000122070312,5620300,AXP
2016-09-14,55.32020950317383,63.47999954223633,64.36000061035156,63.34000015258789,64.36000061035156,5403300,AXP
2016-09-15,55.62522888183594,63.83000183105469,64.16999816894531,63.2599983215332,63.400001525878906,4634300,AXP
2016-09-16,55.47709274291992,63.65999984741211,63.95000076293945,63.15999984741211,63.369998931884766,10475800,AXP
2016-09-19,55.82567596435547,64.05999755859375,64.58000183105469,63.66999816894531,63.959999084472656,3388600,AXP
2016-09-20,55.52936935424805,63.720001220703125,64.63999938964844,63.70000076293945,64.5199966430664,2927600,AXP
2016-09-21,56.01738357543945,64.27999877929688,64.5,63.720001220703125,63.9900016784668,3849300,AXP
2016-09-22,56.32239532470703,64.62999725341797,65.08000183105469,64.33000183105469,64.3499984741211,3213700,AXP
2016-09-23,55.64265823364258,63.849998474121094,64.83000183105469,63.790000915527344,64.51000213623047,5083900,AXP
2016-09-26,55.26792526245117,63.41999816894531,64.12999725341797,62.849998474121094,63.439998626708984,6946600,AXP
2016-09-27,56.01738357543945,64.27999877929688,64.41999816894531,63.58000183105469,63.93000030517578,3916300,AXP
2016-09-28,55.965110778808594,64.22000122070312,64.5,63.72999954223633,64.2699966430664,3580100,AXP
2016-09-29,55.22435760498047,63.369998931884766,64.80999755859375,62.959999084472656,64.20999908447266,4132500,AXP
2016-09-30,55.8082389831543,64.04000091552734,64.37000274658203,63.630001068115234,63.779998779296875,4307000,AXP
2016-10-03,55.60780334472656,63.810001373291016,64.05000305175781,63.540000915527344,63.83000183105469,2770000,AXP
2016-10-04,55.69495391845703,63.90999984741211,64.37999725341797,63.709999084472656,63.84000015258789,3709400,AXP
2016-10-05,56.369354248046875,64.36000061035156,64.52999877929688,63.689998626708984,63.77000045776367,3345000,AXP
2016-10-06,54.24980926513672,61.939998626708984,63.68000030517578,61.7599983215332,63.560001373291016,7975900,AXP
2016-10-07,54.09215545654297,61.7599983215332,62.27000045776367,61.47999954223633,62.11000061035156,4217400,AXP
2016-10-10,54.21477127075195,61.900001525878906,62.4900016784668,61.869998931884766,62.150001525878906,2522900,AXP
2016-10-11,53.303897857666016,60.86000061035156,61.70000076293945,60.54999923706055,61.529998779296875,3926500,AXP
2016-10-12,53.154998779296875,60.689998626708984,61.04999923706055,60.58000183105469,60.81999969482422,3293800,AXP
2016-10-13,52.90976333618164,60.40999984741211,60.560001373291016,59.5,60.22999954223633,4220500,AXP
2016-10-14,52.68205261230469,60.150001525878906,61.20000076293945,60.099998474121094,61.0099983215332,4963800,AXP
2016-10-17,52.46309280395508,59.900001525878906,60.41999816894531,59.779998779296875,60.27000045776367,3903900,AXP
2016-10-18,52.62074661254883,60.08000183105469,60.56999969482422,59.880001068115234,60.52000045776367,3416600,AXP
2016-10-19,53.645469665527344,61.25,61.68000030517578,60.27000045776367,60.41999816894531,7888500,AXP
2016-10-20,58.48889923095703,66.77999877929688,67.77999877929688,64.75,65.33999633789062,25870700,AXP
2016-10-21,58.996891021728516,67.36000061035156,67.58999633789062,66.4000015258789,66.44999694824219,8561200,AXP
2016-10-24,58.760406494140625,67.08999633789062,67.93000030517578,67.06999969482422,67.69000244140625,5174000,AXP
2016-10-25,58.453853607177734,66.73999786376953,67.37999725341797,66.61000061035156,66.93000030517578,3882300,AXP
2016-10-26,58.506412506103516,66.80000305175781,67.06999969482422,66.13999938964844,66.5,3621800,AXP
2016-10-27,58.620269775390625,66.93000030517578,67.22000122070312,66.43000030517578,67.0,4751300,AXP
2016-10-28,58.19985580444336,66.44999694824219,67.22000122070312,66.30000305175781,67.1500015258789,4994500,AXP
2016-10-31,58.17359161376953,66.41999816894531,66.83000183105469,66.30999755859375,66.80999755859375,3233400,AXP
2016-11-01,58.024688720703125,66.25,66.80999755859375,65.7300033569336,66.7699966430664,3761600,AXP
2016-11-02,57.32402038574219,65.44999694824219,66.02999877929688,65.13999938964844,65.76000213623047,3659000,AXP
2016-11-03,57.21892166137695,65.33000183105469,65.76000213623047,65.04000091552734,65.52999877929688,3796500,AXP
2016-11-04,57.376564025878906,65.51000213623047,66.08000183105469,65.02999877929688,65.5,3429900,AXP
2016-11-07,58.681583404541016,67.0,67.33000183105469,66.6500015258789,66.8499984741211,4012100,AXP
2016-11-08,58.74289321899414,67.06999969482422,67.26000213623047,66.30999755859375,66.79000091552734,3956000,AXP
2016-11-09,60.20553970336914,68.73999786376953,69.0,67.05999755859375,67.16000366210938,9319100,AXP
2016-11-10,61.40544128417969,70.11000061035156,70.4000015258789,69.05000305175781,69.23999786376953,9418700,AXP
2016-11-11,61.74705123901367,70.5,70.58999633789062,69.6500015258789,69.97000122070312,4656100,AXP
2016-11-14,63.42866897583008,72.41999816894531,72.68000030517578,70.62999725341797,70.80000305175781,8084100,AXP
2016-11-15,63.472442626953125,72.47000122070312,72.4800033569336,71.23999786376953,72.12999725341797,4431200,AXP
2016-11-16,62.78054428100586,71.68000030517578,72.4000015258789,71.27999877929688,71.94999694824219,4663700,AXP
2016-11-17,62.86811447143555,71.77999877929688,72.0,71.31999969482422,71.36000061035156,3797400,AXP
2016-11-18,62.18497848510742,71.0,71.5999984741211,70.7699966430664,71.52999877929688,5430600,AXP
2016-11-21,62.65791702270508,71.54000091552734,71.66999816894531,70.95999908447266,71.30999755859375,3368200,AXP
2016-11-22,62.81557846069336,71.72000122070312,71.87999725341797,70.87000274658203,71.81999969482422,4086200,AXP
2016-11-23,63.83152389526367,72.87999725341797,72.91999816894531,71.51000213623047,71.94000244140625,4661400,AXP
2016-11-25,63.814022064208984,72.86000061035156,73.18000030517578,72.45999908447266,72.97000122070312,1900400,AXP
2016-11-28,63.17460632324219,72.12999725341797,72.7699966430664,71.97000122070312,72.52999877929688,4467700,AXP
2016-11-29,62.61410903930664,71.48999786376953,72.26000213623047,71.38999938964844,72.19999694824219,3814800,AXP
2016-11-30,63.09585189819336,72.04000091552734,72.33000183105469,71.77999877929688,72.0,4812500,AXP
2016-12-01,63.52499008178711,72.52999877929688,72.7699966430664,71.77999877929688,72.44999694824219,4298200,AXP
2016-12-02,62.93818664550781,71.86000061035156,72.66000366210938,71.43000030517578,72.5199966430664,2959100,AXP
2016-12-05,63.08708953857422,72.02999877929688,72.63999938964844,71.98999786376953,72.33000183105469,3929100,AXP
2016-12-06,63.332305908203125,72.30999755859375,72.73999786376953,72.08000183105469,72.47000122070312,3843900,AXP
2016-12-07,65.06647491455078,74.29000091552734,74.72000122070312,72.2300033569336,72.47000122070312,5801500,AXP
2016-12-08,65.60948944091797,74.91000366210938,75.19999694824219,73.98999786376953,74.80000305175781,3415800,AXP
2016-12-09,65.48686981201172,74.7699966430664,74.91000366210938,74.29000091552734,74.83999633789062,2566900,AXP
2016-12-12,64.44464111328125,73.58000183105469,74.69999694824219,73.1500015258789,74.69999694824219,3654900,AXP
2016-12-13,64.67236328125,73.83999633789062,74.2300033569336,73.11000061035156,73.66999816894531,2892900,AXP
2016-12-14,64.87378692626953,74.06999969482422,75.7300033569336,73.23999786376953,73.52999877929688,5415800,AXP
2016-12-15,65.63578796386719,74.94000244140625,75.73999786376953,74.33999633789062,74.54000091552734,4061600,AXP
2016-12-16,65.6883316040039,75.0,75.37999725341797,74.58000183105469,75.29000091552734,8200600,AXP
2016-12-19,65.29420471191406,74.55000305175781,75.12999725341797,74.13999938964844,74.68000030517578,3076600,AXP
2016-12-20,65.74085235595703,75.05999755859375,75.5,74.52999877929688,75.0,3244900,AXP
2016-12-21,65.96859741210938,75.31999969482422,75.56999969482422,74.69000244140625,75.11000061035156,3244500,AXP
2016-12-22,65.32048034667969,74.58000183105469,75.37000274658203,74.5,75.0,2865200,AXP
2016-12-23,65.66205596923828,74.97000122070312,75.23999786376953,74.73999786376953,74.73999786376953,1957500,AXP
2016-12-27,65.67082214355469,74.9800033569336,75.11000061035156,74.79000091552734,75.0999984741211,2049400,AXP
2016-12-28,65.13655090332031,74.37000274658203,75.37999725341797,74.1500015258789,75.02999877929688,2517300,AXP
2016-12-29,64.7424087524414,73.91999816894531,74.68000030517578,73.5,74.2699966430664,2573700,AXP
2016-12-30,64.88255310058594,74.08000183105469,74.33999633789062,73.83999633789062,73.95999908447266,3378800,AXP
2017-01-03,65.99486541748047,75.3499984741211,75.75,74.73999786376953,74.88999938964844,5853900,AXP
2017-01-04,67.0767593383789,76.26000213623047,76.55000305175781,75.05999755859375,75.26000213623047,4635800,AXP
2017-01-05,66.24996185302734,75.31999969482422,76.18000030517578,74.81999969482422,76.0,3383000,AXP
2017-01-06,66.38189697265625,75.47000122070312,75.91999816894531,75.05999755859375,75.4000015258789,3089600,AXP
2017-01-09,66.72490692138672,75.86000061035156,76.5,75.52999877929688,76.13999938964844,4818700,AXP
2017-01-10,67.41980743408203,76.6500015258789,78.0,76.12000274658203,76.5199966430664,9561400,AXP
2017-01-11,67.64848327636719,76.91000366210938,77.44000244140625,76.0999984741211,76.66999816894531,4500200,AXP
2017-01-12,67.62210845947266,76.87999725341797,76.94999694824219,75.83999633789062,76.83000183105469,4056700,AXP
2017-01-13,67.39342498779297,76.62000274658203,77.62999725341797,76.41000366210938,76.93000030517578,3454300,AXP
2017-01-17,67.37579345703125,76.5999984741211,77.69999694824219,76.47000122070312,77.4000015258789,6450300,AXP
2017-01-18,68.15865325927734,77.48999786376953,77.61000061035156,76.51000213623047,77.11000061035156,5988400,AXP
2017-01-19,67.4549789428711,76.69000244140625,77.77999877929688,76.61000061035156,77.61000061035156,8111400,AXP
2017-01-20,67.02399444580078,76.19999694824219,76.91000366210938,75.38999938964844,75.98999786376953,8465900,AXP
2017-01-23,66.82169342041016,75.97000122070312,76.4800033569336,75.7300033569336,75.91999816894531,4444300,AXP
2017-01-24,68.10588073730469,77.43000030517578,77.66000366210938,76.08999633789062,76.33000183105469,4024300,AXP
2017-01-25,67.63089752197266,76.88999938964844,78.0199966430664,76.4000015258789,78.0,5278300,AXP
2017-01-26,67.66607666015625,76.93000030517578,77.45999908447266,76.62999725341797,76.94999694824219,3344900,AXP
2017-01-27,67.59571838378906,76.8499984741211,77.30000305175781,76.54000091552734,77.0,3530900,AXP
2017-01-30,67.97391510009766,77.27999877929688,77.31999969482422,76.54000091552734,76.83000183105469,5344500,AXP
2017-01-31,67.18230438232422,76.37999725341797,77.25,75.97000122070312,76.86000061035156,5568100,AXP
2017-02-01,67.51653289794922,76.76000213623047,77.44000244140625,76.58000183105469,76.8499984741211,3916800,AXP
2017-02-02,67.29667663574219,76.51000213623047,76.88999938964844,76.05999755859375,76.2300033569336,3655500,AXP
2017-02-03,68.64241790771484,78.04000091552734,78.41999816894531,76.91000366210938,77.13999938964844,5235800,AXP
2017-02-06,68.44891357421875,77.81999969482422,78.41000366210938,77.4800033569336,77.72000122070312,3229500,AXP
2017-02-07,68.36094665527344,77.72000122070312,78.37999725341797,77.5199966430664,78.05999755859375,2060200,AXP
2017-02-08,68.4312973022461,77.80000305175781,77.94000244140625,77.08000183105469,77.54000091552734,2223100,AXP
2017-02-09,68.76554107666016,78.18000030517578,78.37000274658203,77.66999816894531,77.80000305175781,3031800,AXP
2017-02-10,69.02942657470703,78.4800033569336,78.69000244140625,78.2300033569336,78.5,2191200,AXP
2017-02-13,69.40763092041016,78.91000366210938,79.18000030517578,78.4800033569336,78.81999969482422,3317100,AXP
2017-02-14,69.84744262695312,79.41000366210938,79.44999694824219,78.66999816894531,79.0,3511200,AXP
2017-02-15,70.0145492553711,79.5999984741211,80.0999984741211,78.66999816894531,79.79000091552734,5704100,AXP
2017-02-16,69.9354019165039,79.51000213623047,79.5999984741211,78.91999816894531,79.45999908447266,4295000,AXP
2017-02-17,70.1113052368164,79.70999908447266,79.77999877929688,78.9000015258789,79.22000122070312,2690300,AXP
2017-02-21,70.34002685546875,79.97000122070312,80.44999694824219,79.63999938964844,79.91999816894531,3505500,AXP
2017-02-22,70.24325561523438,79.86000061035156,79.97000122070312,79.38999938964844,79.83000183105469,2943000,AXP
2017-02-23,70.41038513183594,80.05000305175781,80.44999694824219,79.7699966430664,79.87000274658203,3339500,AXP
2017-02-24,70.1552963256836,79.76000213623047,79.88999938964844,79.26000213623047,79.76000213623047,3932300,AXP
2017-02-27,70.51594543457031,80.16999816894531,80.30999755859375,79.58999633789062,79.75,2619400,AXP
2017-02-28,70.41915893554688,80.05999755859375,80.48999786376953,79.7699966430664,80.12000274658203,4415300,AXP
2017-03-01,72.05517578125,81.91999816894531,82.0,81.0199966430664,81.05000305175781,4746400,AXP
2017-03-02,70.45435333251953,80.0999984741211,81.66000366210938,80.05999755859375,81.66000366210938,4409800,AXP
2017-03-03,70.26083374023438,79.87999725341797,80.66000366210938,79.81999969482422,80.0999984741211,4579600,AXP
2017-03-06,69.92659759521484,79.5,79.68000030517578,79.08999633789062,79.5,3670300,AXP
2017-03-07,69.99696350097656,79.58000183105469,80.0199966430664,79.33000183105469,79.7699966430664,4433500,AXP
2017-03-08,69.52200317382812,79.04000091552734,80.37000274658203,78.97000122070312,80.0,4326800,AXP
2017-03-09,69.75066375732422,79.30000305175781,79.69999694824219,78.80999755859375,79.19000244140625,4573500,AXP
2017-03-10,69.82103729248047,79.37999725341797,79.45999908447266,78.87999725341797,79.37999725341797,3762800,AXP
2017-03-13,69.67154693603516,79.20999908447266,79.54000091552734,79.05999755859375,79.37999725341797,3664300,AXP
2017-03-14,70.09374237060547,79.69000244140625,79.80000305175781,78.83000183105469,78.95999908447266,3321400,AXP
2017-03-15,69.6891098022461,79.2300033569336,79.88999938964844,78.98999786376953,79.8499984741211,4337200,AXP
2017-03-16,70.1640853881836,79.7699966430664,80.0999984741211,79.38999938964844,79.47000122070312,3474800,AXP
2017-03-17,69.70670318603516,79.25,79.95999908447266,78.9800033569336,79.91999816894531,6672600,AXP
2017-03-20,69.35487365722656,78.8499984741211,79.5999984741211,78.83000183105469,79.1500015258789,3099500,AXP
2017-03-21,68.19380950927734,77.52999877929688,79.12999725341797,77.31999969482422,78.93000030517578,6804000,AXP
2017-03-22,68.31694793701172,77.66999816894531,78.18000030517578,77.05999755859375,77.43000030517578,4877300,AXP
2017-03-23,68.46649932861328,77.83999633789062,78.4000015258789,77.51000213623047,77.56999969482422,4082900,AXP
2017-03-24,68.78315734863281,78.19999694824219,78.83999633789062,77.87000274658203,78.11000061035156,4726800,AXP
2017-03-27,68.25541687011719,77.5999984741211,77.81999969482422,76.66999816894531,77.20999908447266,3835300,AXP
2017-03-28,69.1701431274414,78.63999938964844,78.86000061035156,77.38999938964844,77.51000213623047,4235900,AXP
2017-03-29,68.82711029052734,78.25,79.33999633789062,78.13999938964844,78.44999694824219,2913600,AXP
2017-03-30,69.67154693603516,79.20999908447266,79.30000305175781,78.08999633789062,78.19999694824219,2924100,AXP
2017-03-31,69.58356475830078,79.11000061035156,79.43000030517578,78.80000305175781,78.93000030517578,5228400,AXP
2017-04-03,69.12619018554688,78.58999633789062,79.18000030517578,77.97000122070312,79.16999816894531,3022700,AXP
2017-04-04,68.8359146118164,78.26000213623047,78.61000061035156,78.1500015258789,78.48999786376953,2563700,AXP
2017-04-05,68.67695617675781,77.76000213623047,79.02999877929688,77.66000366210938,78.58999633789062,2858400,AXP
2017-04-06,68.81827545166016,77.91999816894531,78.30000305175781,77.1500015258789,77.76000213623047,2914800,AXP
2017-04-07,68.6857681274414,77.7699966430664,78.23999786376953,77.37000274658203,77.4800033569336,2203000,AXP
2017-04-10,68.4384765625,77.48999786376953,78.11000061035156,77.36000061035156,77.91999816894531,2217100,AXP
2017-04-11,68.23535919189453,77.26000213623047,77.56999969482422,76.69000244140625,77.52999877929688,4642300,AXP
2017-04-12,67.72307586669922,76.68000030517578,77.4800033569336,76.58000183105469,77.38999938964844,3055800,AXP
2017-04-13,66.94587707519531,75.80000305175781,76.80999755859375,75.69999694824219,76.33000183105469,3666600,AXP
2017-04-17,67.71424865722656,76.66999816894531,76.70999908447266,75.62999725341797,75.83000183105469,4160800,AXP
2017-04-18,66.93705749511719,75.79000091552734,76.48999786376953,75.52999877929688,76.44999694824219,3845900,AXP
2017-04-19,66.72509002685547,75.55000305175781,76.29000091552734,75.51000213623047,76.19000244140625,5283600,AXP
2017-04-20,70.6729507446289,80.0199966430664,80.27999877929688,77.45999908447266,77.5,11099300,AXP
2017-04-21,70.2931900024414,79.58999633789062,80.47000122070312,79.48999786376953,79.87999725341797,5837800,AXP
2017-04-24,71.05274963378906,80.44999694824219,80.91999816894531,80.23999786376953,80.63999938964844,3563200,AXP
2017-04-25,71.21170043945312,80.62999725341797,81.4000015258789,80.62999725341797,81.05999755859375,5061300,AXP
2017-04-26,71.11454772949219,80.5199966430664,80.91999816894531,80.1500015258789,80.62000274658203,3661600,AXP
2017-04-27,70.9467544555664,80.33000183105469,80.87000274658203,80.08000183105469,80.7699966430664,2922700,AXP
2017-04-28,69.99291229248047,79.25,80.16999816894531,79.05000305175781,79.94000244140625,5313200,AXP
2017-05-01,69.97525024414062,79.2300033569336,79.48999786376953,78.87999725341797,79.22000122070312,3458100,AXP
2017-05-02,70.24903106689453,79.54000091552734,79.66000366210938,79.1500015258789,79.1500015258789,3334900,AXP
2017-05-03,69.62195587158203,78.83000183105469,79.51000213623047,78.69000244140625,79.2300033569336,3800600,AXP
2017-05-04,69.18035888671875,78.33000183105469,79.41999816894531,77.98999786376953,79.2300033569336,3902200,AXP
2017-05-05,69.17153930664062,78.31999969482422,78.7300033569336,77.87999725341797,78.61000061035156,2936700,AXP
2017-05-08,69.03022003173828,78.16000366210938,78.73999786376953,77.94999694824219,78.5,2608600,AXP
2017-05-09,69.27751159667969,78.44000244140625,78.73999786376953,78.08999633789062,78.16000366210938,2570600,AXP
2017-05-10,69.46298217773438,78.6500015258789,78.66000366210938,78.13999938964844,78.27999877929688,2396900,AXP
2017-05-11,68.81827545166016,77.91999816894531,78.44999694824219,77.25,78.19999694824219,3780600,AXP
2017-05-12,68.4384765625,77.48999786376953,77.80999755859375,77.22000122070312,77.69999694824219,2865800,AXP
2017-05-15,69.18035888671875,78.33000183105469,78.62000274658203,77.4800033569336,77.4800033569336,3327000,AXP
2017-05-16,69.00372314453125,78.12999725341797,78.63999938964844,77.83999633789062,78.5999984741211,2457500,AXP
2017-05-17,67.44931030273438,76.37000274658203,78.12999725341797,76.23999786376953,78.12999725341797,4441600,AXP
2017-05-18,67.4581298828125,76.37999725341797,76.8499984741211,75.97000122070312,76.2699966430664,3545700,AXP
2017-05-19,67.82911682128906,76.80000305175781,77.3499984741211,76.30000305175781,76.55000305175781,3283900,AXP
2017-05-22,67.98808288574219,76.9800033569336,77.12000274658203,76.5,76.94999694824219,2800000,AXP
2017-05-23,68.18232727050781,77.19999694824219,77.41999816894531,76.81999969482422,77.0199966430664,2239600,AXP
2017-05-24,68.1117172241211,77.12000274658203,77.45999908447266,76.93000030517578,77.45999908447266,2091300,AXP
2017-05-25,68.39431762695312,77.44000244140625,77.91999816894531,77.26000213623047,77.48999786376953,3185200,AXP
2017-05-26,68.4119644165039,77.45999908447266,77.5999984741211,77.0199966430664,77.16999816894531,1858800,AXP
2017-05-30,68.08521270751953,77.08999633789062,77.41999816894531,76.98999786376953,77.23999786376953,2073000,AXP
2017-05-31,67.95272064208984,76.94000244140625,77.11000061035156,75.9800033569336,77.08999633789062,3117100,AXP
2017-06-01,69.13619995117188,78.27999877929688,78.37999725341797,76.94999694824219,77.2300033569336,3553400,AXP
2017-06-02,69.3216781616211,78.48999786376953,78.73999786376953,77.7699966430664,77.7699966430664,3534800,AXP
2017-06-05,69.74560546875,78.97000122070312,79.19999694824219,78.61000061035156,78.75,2738600,AXP
2017-06-06,69.63961791992188,78.8499984741211,78.93000030517578,78.29000091552734,78.45999908447266,2878000,AXP
2017-06-07,70.48747253417969,79.80999755859375,80.08999633789062,78.79000091552734,78.91000366210938,4284000,AXP
2017-06-08,70.61114501953125,79.94999694824219,80.19999694824219,79.66999816894531,79.80999755859375,4079800,AXP
2017-06-09,70.9291000366211,80.30999755859375,80.7300033569336,79.7300033569336,80.38999938964844,3849400,AXP
2017-06-12,70.80545043945312,80.16999816894531,80.7300033569336,80.06999969482422,80.3499984741211,3352300,AXP
2017-06-13,71.17638397216797,80.58999633789062,80.73999786376953,80.06999969482422,80.19999694824219,3174400,AXP
2017-06-14,71.39717864990234,80.83999633789062,80.91999816894531,79.62000274658203,80.11000061035156,4013100,AXP
2017-06-15,71.27351379394531,80.69999694824219,81.23999786376953,80.2300033569336,80.37999725341797,2773400,AXP
2017-06-16,71.9359130859375,81.44999694824219,81.4800033569336,80.7699966430664,80.86000061035156,5914700,AXP
2017-06-19,72.31568908691406,81.87999725341797,81.94000244140625,81.29000091552734,81.55999755859375,3076500,AXP
2017-06-20,72.87213134765625,82.51000213623047,82.80999755859375,81.80000305175781,81.9800033569336,3929100,AXP
2017-06-21,72.60716247558594,82.20999908447266,82.80000305175781,81.98999786376953,82.5999984741211,2683400,AXP
2017-06-22,72.64247131347656,82.25,82.62999725341797,82.05999755859375,82.11000061035156,2312100,AXP
2017-06-23,72.615966796875,82.22000122070312,82.69999694824219,82.05999755859375,82.38999938964844,3785300,AXP
2017-06-26,73.26952362060547,82.95999908447266,83.29000091552734,82.44000244140625,82.5,2491600,AXP
2017-06-27,73.37552642822266,83.08000183105469,83.5199966430664,83.01000213623047,83.05999755859375,2994500,AXP
2017-06-28,74.16155242919922,83.97000122070312,84.2699966430664,83.4000015258789,83.51000213623047,3668500,AXP
2017-06-29,73.86127471923828,83.62999725341797,85.38999938964844,83.16000366210938,84.91999816894531,5092600,AXP
2017-06-30,74.40001678466797,84.23999786376953,84.63999938964844,83.58999633789062,84.08999633789062,3320800,AXP
2017-07-03,75.15957641601562,85.0999984741211,85.73999786376953,84.69000244140625,84.69000244140625,2306900,AXP
2017-07-05,75.25708770751953,84.88999938964844,85.87999725341797,84.80999755859375,85.22000122070312,3501200,AXP
2017-07-06,74.23758697509766,83.73999786376953,84.83999633789062,83.72000122070312,84.66999816894531,3213400,AXP
2017-07-07,74.7606201171875,84.33000183105469,84.69000244140625,83.7699966430664,83.93000030517578,2454600,AXP
2017-07-10,74.73404693603516,84.30000305175781,84.56999969482422,83.97000122070312,84.12999725341797,2147000,AXP
2017-07-11,74.60993194580078,84.16000366210938,84.30999755859375,83.54000091552734,84.2300033569336,2733200,AXP
2017-07-12,75.19503021240234,84.81999969482422,84.9800033569336,84.05999755859375,84.27999877929688,4629100,AXP
2017-07-13,75.68263244628906,85.37000274658203,85.43000030517578,84.73999786376953,84.93000030517578,3309400,AXP
2017-07-14,75.60284423828125,85.27999877929688,85.55999755859375,84.58999633789062,84.8499984741211,3354700,AXP
2017-07-17,75.54962921142578,85.22000122070312,85.5199966430664,84.77999877929688,85.12999725341797,2190500,AXP
2017-07-18,75.81558990478516,85.5199966430664,85.55999755859375,84.76000213623047,84.95999908447266,2816000,AXP
2017-07-19,76.17906951904297,85.93000030517578,85.9800033569336,85.30000305175781,85.76000213623047,5539700,AXP
2017-07-20,75.6648941040039,85.3499984741211,85.44999694824219,84.52999877929688,84.94000244140625,5386400,AXP
2017-07-21,75.8776626586914,85.58999633789062,86.27999877929688,85.43000030517578,85.79000091552734,3570400,AXP
2017-07-24,75.35459899902344,85.0,85.66999816894531,83.86000061035156,85.44999694824219,5389100,AXP
2017-07-25,75.71809387207031,85.41000366210938,86.0999984741211,85.08000183105469,85.83999633789062,3255200,AXP
2017-07-26,75.62055206298828,85.30000305175781,85.72000122070312,85.16999816894531,85.41000366210938,3038100,AXP
2017-07-27,74.33511352539062,83.8499984741211,85.19999694824219,83.33000183105469,85.18000030517578,6119300,AXP
2017-07-28,75.17732238769531,84.80000305175781,85.0999984741211,83.62000274658203,83.87999725341797,3321200,AXP
2017-07-31,75.55852508544922,85.2300033569336,85.69999694824219,84.83999633789062,85.16999816894531,3079800,AXP
2017-08-01,75.56733703613281,85.23999786376953,85.83999633789062,85.13999938964844,85.72000122070312,3148800,AXP
2017-08-02,75.62055206298828,85.30000305175781,85.36000061035156,84.97000122070312,85.1500015258789,3252300,AXP
2017-08-03,75.83333587646484,85.54000091552734,85.87999725341797,85.13999938964844,85.23999786376953,2381800,AXP
2017-08-04,76.21453094482422,85.97000122070312,86.33000183105469,85.83999633789062,85.98999786376953,2840200,AXP
2017-08-07,76.108154296875,85.8499984741211,86.19000244140625,85.68000030517578,86.0999984741211,2089100,AXP
2017-08-08,76.18794250488281,85.94000244140625,86.66999816894531,85.41000366210938,85.43000030517578,2922800,AXP
2017-08-09,75.96631622314453,85.69000244140625,85.97000122070312,85.23999786376953,85.73999786376953,2961000,AXP
2017-08-10,74.96452331542969,84.55999755859375,85.58000183105469,84.55000305175781,85.44000244140625,3755200,AXP
2017-08-11,74.72518920898438,84.29000091552734,84.86000061035156,83.97000122070312,84.76000213623047,3078600,AXP
2017-08-14,75.77127838134766,85.47000122070312,85.66999816894531,84.72000122070312,84.73999786376953,2893600,AXP
2017-08-15,76.94149017333984,86.79000091552734,86.97000122070312,85.87999725341797,85.98999786376953,3774100,AXP
2017-08-16,77.47339630126953,87.38999938964844,87.77999877929688,86.98999786376953,87.0,3379600,AXP
2017-08-17,76.3208999633789,86.08999633789062,87.62999725341797,86.05000305175781,87.33999633789062,3870400,AXP
2017-08-18,75.69149017333984,85.37999725341797,86.12999725341797,85.20999908447266,85.98999786376953,4271200,AXP
2017-08-21,75.62055206298828,85.30000305175781,85.63999938964844,84.94999694824219,85.44999694824219,2505100,AXP
2017-08-22,75.62055206298828,85.30000305175781,85.7300033569336,84.91000366210938,85.47000122070312,2155300,AXP
2017-08-23,75.60284423828125,85.27999877929688,85.51000213623047,84.69999694824219,84.70999908447266,1960400,AXP
2017-08-24,75.67376708984375,85.36000061035156,85.52999877929688,85.04000091552734,85.48999786376953,2057900,AXP
2017-08-25,75.77127838134766,85.47000122070312,85.95999908447266,85.41999816894531,85.5,2302100,AXP
2017-08-28,75.71809387207031,85.41000366210938,85.69000244140625,85.20999908447266,85.66000366210938,2105500,AXP
2017-08-29,75.72691345214844,85.41999816894531,85.51000213623047,84.4000015258789,84.75,2779400,AXP
2017-08-30,75.96631622314453,85.69000244140625,85.73999786376953,85.22000122070312,85.37999725341797,2131700,AXP
2017-08-31,76.32976531982422,86.0999984741211,86.27999877929688,85.69999694824219,86.0,3792300,AXP
2017-09-01,76.36524963378906,86.13999938964844,86.54000091552734,86.05000305175781,86.30999755859375,2262700,AXP
2017-09-05,75.62942504882812,85.30999755859375,85.91000366210938,84.68000030517578,85.72000122070312,3089800,AXP
2017-09-06,75.55852508544922,85.2300033569336,85.83999633789062,85.0,85.56999969482422,2823300,AXP
2017-09-07,74.83155822753906,84.41000366210938,85.5199966430664,84.08000183105469,85.2699966430664,2905400,AXP
2017-09-08,74.68972778320312,84.25,85.01000213623047,84.0199966430664,84.18000030517578,3462100,AXP
2017-09-11,75.96631622314453,85.69000244140625,86.12000274658203,84.97000122070312,84.97000122070312,3397500,AXP
2017-09-12,76.72874450683594,86.55000305175781,86.5999984741211,85.80999755859375,85.97000122070312,3333300,AXP
2017-09-13,76.80850219726562,86.63999938964844,86.7699966430664,86.38999938964844,86.41999816894531,2396500,AXP
2017-09-14,76.40957641601562,86.19000244140625,86.80000305175781,86.16000366210938,86.54000091552734,2764900,AXP
2017-09-15,77.11876678466797,86.98999786376953,86.98999786376953,86.06999969482422,86.5199966430664,7791600,AXP
2017-09-18,77.89891815185547,87.87000274658203,87.87000274658203,86.94999694824219,87.08000183105469,3395100,AXP
2017-09-19,78.90068817138672,89.0,89.2300033569336,87.87999725341797,87.97000122070312,4043800,AXP
2017-09-20,78.39537811279297,88.43000030517578,89.37999725341797,88.2699966430664,89.25,4251000,AXP
2017-09-21,78.38652801513672,88.41999816894531,88.80000305175781,88.04000091552734,88.44999694824219,2877800,AXP
2017-09-22,78.3687973022461,88.4000015258789,88.70999908447266,88.0999984741211,88.30000305175781,2770100,AXP
2017-09-25,78.20032501220703,88.20999908447266,88.63999938964844,87.83999633789062,88.27999877929688,2863100,AXP
2017-09-26,78.62586212158203,88.69000244140625,88.7699966430664,88.19999694824219,88.47000122070312,2197800,AXP
2017-09-27,79.3351058959961,89.48999786376953,89.73999786376953,89.02999877929688,89.68000030517578,2888900,AXP
2017-09-28,79.91133117675781,90.13999938964844,90.30999755859375,89.2300033569336,89.2300033569336,2458800,AXP
2017-09-29,80.1950454711914,90.45999908447266,90.7699966430664,89.93000030517578,90.04000091552734,2996300,AXP
2017-10-02,80.26593780517578,90.54000091552734,91.16999816894531,90.0999984741211,90.44000244140625,4466400,AXP
2017-10-03,81.05496215820312,91.43000030517578,91.63999938964844,90.58999633789062,90.58999633789062,2912300,AXP
2017-10-04,80.68260955810547,91.01000213623047,91.61000061035156,90.91000366210938,91.5999984741211,3091700,AXP
2017-10-05,81.12760925292969,91.16000366210938,91.62000274658203,90.7699966430664,90.95999908447266,2991000,AXP
2017-10-06,81.47469329833984,91.55000305175781,91.58999633789062,91.08999633789062,91.25,1891800,AXP
2017-10-09,81.5992660522461,91.69000244140625,91.95999908447266,91.5,91.58999633789062,1653700,AXP
2017-10-10,81.7772445678711,91.88999938964844,92.33999633789062,91.77999877929688,91.87999725341797,2247200,AXP
2017-10-11,81.83954620361328,91.95999908447266,92.6500015258789,91.80999755859375,91.86000061035156,3051400,AXP
2017-10-12,81.52808380126953,91.61000061035156,92.2300033569336,91.41999816894531,91.62999725341797,3279000,AXP
2017-10-13,82.6405029296875,92.86000061035156,92.91999816894531,91.26000213623047,91.5,3224200,AXP
2017-10-16,81.83954620361328,91.95999908447266,93.3499984741211,90.80999755859375,93.04000091552734,4294000,AXP
2017-10-17,81.5992660522461,91.69000244140625,92.0999984741211,91.58000183105469,91.94000244140625,2939600,AXP
2017-10-18,81.94633483886719,92.08000183105469,92.2699966430664,91.68000030517578,91.80000305175781,4720200,AXP
2017-10-19,81.78617095947266,91.9000015258789,92.94999694824219,90.04000091552734,90.4000015258789,6512100,AXP
2017-10-20,81.95525360107422,92.08999633789062,93.29000091552734,91.97000122070312,92.83999633789062,4442200,AXP
2017-10-23,82.21332550048828,92.37999725341797,93.08999633789062,92.22000122070312,92.22000122070312,2963100,AXP
2017-10-24,83.53045654296875,93.86000061035156,93.93000030517578,92.33000183105469,92.5999984741211,4481500,AXP
2017-10-25,83.23675537109375,93.52999877929688,94.23999786376953,93.2699966430664,94.0,4266100,AXP
2017-10-26,85.1590805053711,95.69000244140625,95.7300033569336,93.9800033569336,93.98999786376953,4136800,AXP
2017-10-27,85.248046875,95.79000091552734,96.0199966430664,95.02999877929688,95.44999694824219,3212200,AXP
2017-10-30,84.6072998046875,95.06999969482422,96.12000274658203,94.83999633789062,95.7300033569336,3096500,AXP
2017-10-31,85.00775909423828,95.5199966430664,95.61000061035156,94.5199966430664,94.9800033569336,3146400,AXP
2017-11-01,85.248046875,95.79000091552734,96.56999969482422,95.44000244140625,96.29000091552734,2320000,AXP
2017-11-02,85.41714477539062,95.9800033569336,96.23999786376953,95.38999938964844,96.0,3013300,AXP
2017-11-03,85.817626953125,96.43000030517578,96.43000030517578,95.77999877929688,96.27999877929688,2089500,AXP
2017-11-06,85.69302368164062,96.29000091552734,96.7300033569336,95.93000030517578,96.3499984741211,1848300,AXP
2017-11-07,84.87428283691406,95.37000274658203,96.9000015258789,95.18000030517578,96.41999816894531,3200900,AXP
2017-11-08,84.66069030761719,95.12999725341797,95.27999877929688,94.44999694824219,95.0999984741211,2163700,AXP
2017-11-09,83.43256378173828,93.75,94.66000366210938,93.27999877929688,94.33999633789062,3949800,AXP
2017-11-10,83.22787475585938,93.5199966430664,94.1500015258789,93.38999938964844,93.79000091552734,2714400,AXP
2017-11-13,83.56607055664062,93.9000015258789,93.9800033569336,92.77999877929688,93.0,2708500,AXP
2017-11-14,83.44145202636719,93.76000213623047,93.79000091552734,92.94000244140625,93.56999969482422,2843700,AXP
2017-11-15,82.9964828491211,93.26000213623047,93.79000091552734,92.80000305175781,93.2699966430664,3236600,AXP
2017-11-16,83.2634506225586,93.55999755859375,94.04000091552734,93.30000305175781,93.55000305175781,2586500,AXP
2017-11-17,83.37915802001953,93.69000244140625,93.76000213623047,92.91999816894531,93.30999755859375,3261200,AXP
2017-11-20,83.61052703857422,93.94999694824219,94.33999633789062,93.68000030517578,93.91999816894531,3456600,AXP
2017-11-21,84.01992797851562,94.41000366210938,94.6500015258789,94.12000274658203,94.41999816894531,2917000,AXP
2017-11-22,83.49486541748047,93.81999969482422,94.70999908447266,93.4800033569336,94.38999938964844,2159100,AXP
2017-11-24,83.19226837158203,93.4800033569336,94.12000274658203,93.47000122070312,93.97000122070312,837300,AXP
2017-11-27,83.1833724975586,93.47000122070312,94.0,93.36000061035156,93.56999969482422,2731300,AXP
2017-11-28,84.79417419433594,95.27999877929688,95.27999877929688,93.58000183105469,93.76000213623047,3536400,AXP
2017-11-29,85.96890258789062,96.5999984741211,97.31999969482422,95.5999984741211,95.95999908447266,4325500,AXP
2017-11-30,86.95674896240234,97.70999908447266,98.48999786376953,96.80999755859375,97.0199966430664,5328300,AXP
2017-12-01,87.09021759033203,97.86000061035156,98.22000122070312,95.8499984741211,98.08000183105469,3445200,AXP
2017-12-04,87.73989868164062,98.58999633789062,99.16999816894531,97.9800033569336,98.62000274658203,4562400,AXP
2017-12-05,87.84667205810547,98.70999908447266,99.75,98.58000183105469,99.19999694824219,3525600,AXP
2017-12-06,87.4017105102539,98.20999908447266,98.81999969482422,98.16999816894531,98.63999938964844,3081300,AXP
2017-12-07,87.73099517822266,98.58000183105469,99.12000274658203,97.4800033569336,97.76000213623047,3026100,AXP
2017-12-08,87.70431518554688,98.55000305175781,99.0,98.13999938964844,99.0,3850300,AXP
2017-12-11,88.1047592163086,99.0,99.04000091552734,98.23999786376953,98.5999984741211,2984100,AXP
2017-12-12,88.43407440185547,99.37000274658203,99.66000366210938,98.8499984741211,98.87999725341797,3455500,AXP
2017-12-13,87.01905059814453,97.77999877929688,99.30999755859375,97.76000213623047,99.12000274658203,3463900,AXP
2017-12-14,86.45838928222656,97.1500015258789,98.6500015258789,97.1500015258789,98.30999755859375,3464600,AXP
2017-12-15,87.67759704589844,98.5199966430664,98.83999633789062,97.44000244140625,97.77999877929688,7891800,AXP
2017-12-18,88.7099609375,99.68000030517578,100.52999877929688,98.98999786376953,99.19000244140625,3485400,AXP
2017-12-19,88.23827362060547,99.1500015258789,100.38999938964844,99.12000274658203,100.20999908447266,3282600,AXP
2017-12-20,87.66871643066406,98.51000213623047,99.94000244140625,98.45999908447266,99.70999908447266,3091000,AXP
2017-12-21,87.6597900390625,98.5,99.19000244140625,98.37000274658203,99.05000305175781,2339500,AXP
2017-12-22,87.87335968017578,98.73999786376953,99.04000091552734,98.20999908447266,98.47000122070312,1980300,AXP
2017-12-26,87.72211456298828,98.56999969482422,98.91999816894531,98.12999725341797,98.80000305175781,1575200,AXP
2017-12-27,88.22046661376953,99.12999725341797,99.25,98.56999969482422,98.9000015258789,2569900,AXP
2017-12-28,88.72772979736328,99.69999694824219,99.91000366210938,99.36000061035156,99.63999938964844,1914900,AXP
2017-12-29,88.38066101074219,99.30999755859375,100.25,99.26000213623047,100.0,2056800,AXP
2018-01-02,88.05139923095703,98.94000244140625,99.7300033569336,98.22000122070312,99.7300033569336,2746700,AXP
2018-01-03,88.59424591064453,99.55000305175781,99.76000213623047,99.0199966430664,99.23999786376953,2976400,AXP
2018-01-04,90.0678482055664,100.8499984741211,101.6500015258789,99.91000366210938,100.02999877929688,3122000,AXP
2018-01-05,90.27328491210938,101.08000183105469,101.08000183105469,100.2699966430664,100.8499984741211,2550300,AXP
2018-01-08,89.44269561767578,100.1500015258789,101.19999694824219,100.12000274658203,101.0,1896500,AXP
2018-01-09,89.77313232421875,100.5199966430664,100.80000305175781,100.2699966430664,100.36000061035156,2978500,AXP
2018-01-10,90.39828491210938,101.22000122070312,101.58999633789062,100.33000183105469,100.38999938964844,2279200,AXP
2018-01-11,89.96068572998047,100.7300033569336,101.44000244140625,100.19999694824219,101.44000244140625,2745400,AXP
2018-01-12,90.17501831054688,100.97000122070312,101.02999877929688,99.93000030517578,100.86000061035156,3231500,AXP
2018-01-16,89.61237335205078,100.33999633789062,102.38999938964844,100.1500015258789,102.01000213623047,3814000,AXP
2018-01-17,89.98746490478516,100.76000213623047,101.0,99.23999786376953,100.98999786376953,4469700,AXP
2018-01-18,89.18367767333984,99.86000061035156,100.83999633789062,99.58000183105469,100.83999633789062,5290700,AXP
2018-01-19,87.5493392944336,98.02999877929688,98.94000244140625,96.3499984741211,97.01000213623047,12306000,AXP
2018-01-22,87.80833435058594,98.31999969482422,98.33999633789062,96.83999633789062,97.26000213623047,4983600,AXP
2018-01-23,87.50470733642578,97.9800033569336,98.4000015258789,97.44000244140625,98.16000366210938,4375200,AXP
2018-01-24,88.6835708618164,99.30000305175781,99.51000213623047,98.16000366210938,98.25,4949500,AXP
2018-01-25,89.03186798095703,99.69000244140625,100.11000061035156,99.19999694824219,99.43000030517578,3375200,AXP
2018-01-26,88.978271484375,99.62999725341797,99.94999694824219,98.94999694824219,99.8499984741211,3668700,AXP
2018-01-29,88.78181457519531,99.41000366210938,100.18000030517578,99.2300033569336,99.75,3472100,AXP
2018-01-30,88.15663146972656,98.70999908447266,100.0999984741211,98.69000244140625,99.44999694824219,3466500,AXP
2018-01-31,88.77288055419922,99.4000015258789,99.70999908447266,98.5,98.73999786376953,3202900,AXP
2018-02-01,89.30870056152344,100.0,100.04000091552734,98.4000015258789,98.94999694824219,2952100,AXP
2018-02-02,86.34368133544922,96.68000030517578,99.69000244140625,96.63999938964844,99.52999877929688,4663300,AXP
2018-02-05,82.17295837402344,92.01000213623047,96.72000122070312,88.61000061035156,95.83000183105469,6421900,AXP
2018-02-06,84.11094665527344,94.18000030517578,94.22000122070312,88.51000213623047,89.75,7244000,AXP
2018-02-07,83.60188293457031,93.61000061035156,94.8499984741211,93.41000366210938,93.52999877929688,3796800,AXP
2018-02-08,78.89531707763672,88.33999633789062,93.97000122070312,88.27999877929688,93.75,5814900,AXP
2018-02-09,81.9139404296875,91.72000122070312,92.5199966430664,87.54000091552734,89.47000122070312,8017600,AXP
2018-02-12,84.57537078857422,94.69999694824219,95.68000030517578,92.41999816894531,92.58000183105469,7419200,AXP
2018-02-13,84.45033264160156,94.55999755859375,94.80999755859375,92.81999969482422,94.02999877929688,3366700,AXP
2018-02-14,85.9417724609375,96.2300033569336,96.55999755859375,93.66999816894531,93.97000122070312,3446800,AXP
2018-02-15,86.23651885986328,96.55999755859375,97.20999908447266,95.44000244140625,97.05999755859375,3057400,AXP
2018-02-16,86.44189453125,96.79000091552734,97.48999786376953,96.25,96.37000274658203,3280700,AXP
2018-02-20,86.7991714477539,97.19000244140625,97.70999908447266,96.5,96.58000183105469,3514700,AXP
2018-02-21,87.07601165771484,97.5,98.48999786376953,96.75,96.91999816894531,4431500,AXP
2018-02-22,86.94205474853516,97.3499984741211,98.06999969482422,97.05000305175781,97.58999633789062,4270100,AXP
2018-02-23,88.23700714111328,98.80000305175781,98.83999633789062,97.55000305175781,97.77999877929688,2440600,AXP
2018-02-26,90.77339172363281,101.63999938964844,101.68000030517578,98.97000122070312,99.43000030517578,4953100,AXP
2018-02-27,88.93362426757812,99.58000183105469,102.12000274658203,99.58000183105469,101.66000366210938,5167300,AXP
2018-02-28,87.08493041992188,97.51000213623047,100.36000061035156,97.43000030517578,100.04000091552734,4053700,AXP
2018-03-01,84.96831512451172,95.13999938964844,98.30000305175781,94.52999877929688,97.81999969482422,4369800,AXP
2018-03-02,85.3791275024414,95.5999984741211,95.75,93.19999694824219,94.62999725341797,3584700,AXP
2018-03-05,86.3258285522461,96.66000366210938,97.29000091552734,94.69999694824219,95.08999633789062,2661400,AXP
2018-03-06,85.79888916015625,96.06999969482422,96.98999786376953,95.13999938964844,96.98999786376953,3221100,AXP
2018-03-07,85.41486358642578,95.63999938964844,95.7300033569336,94.27999877929688,95.20999908447266,3594900,AXP
2018-03-08,86.26329803466797,96.58999633789062,96.68000030517578,95.08999633789062,96.05000305175781,3760500,AXP
2018-03-09,88.4603042602539,99.05000305175781,99.11000061035156,97.05999755859375,97.58000183105469,3044300,AXP
2018-03-12,87.22781372070312,97.66999816894531,99.69999694824219,97.4800033569336,99.08999633789062,4020900,AXP
2018-03-13,85.17373657226562,95.37000274658203,98.2300033569336,95.08000183105469,98.12000274658203,4858700,AXP
2018-03-14,84.42350769042969,94.52999877929688,96.16999816894531,94.08999633789062,95.95999908447266,3013800,AXP
2018-03-15,84.29850769042969,94.38999938964844,95.41000366210938,93.95999908447266,95.05999755859375,3213000,AXP
2018-03-16,85.38806915283203,95.61000061035156,96.38999938964844,94.2699966430664,94.55000305175781,5124900,AXP
2018-03-19,84.70040893554688,94.83999633789062,95.4800033569336,93.80000305175781,95.44000244140625,2610400,AXP
2018-03-20,84.79862976074219,94.94999694824219,95.6500015258789,94.72000122070312,95.3499984741211,2501600,AXP
2018-03-21,84.611083984375,94.73999786376953,96.2699966430664,94.4000015258789,94.62000274658203,2124000,AXP
2018-03-22,81.6371078491211,91.41000366210938,93.95999908447266,91.12000274658203,93.73999786376953,4113900,AXP
2018-03-23,80.77974700927734,90.44999694824219,92.36000061035156,90.41000366210938,91.81999969482422,5100400,AXP
2018-03-26,82.71775817871094,92.62000274658203,92.98999786376953,90.80000305175781,91.37000274658203,2769800,AXP
2018-03-27,81.64604949951172,91.41999816894531,93.73999786376953,90.87000274658203,92.80999755859375,4357300,AXP
2018-03-28,82.35157012939453,92.20999908447266,93.54000091552734,91.5999984741211,91.76000213623047,5509700,AXP
2018-03-29,83.30717468261719,93.27999877929688,94.37000274658203,92.29000091552734,92.38999938964844,4940600,AXP
2018-04-02,81.27092742919922,91.0,93.55000305175781,89.95999908447266,93.13999938964844,4998400,AXP
2018-04-03,82.82492065429688,92.73999786376953,92.93000030517578,91.18000030517578,91.55000305175781,2864500,AXP
2018-04-04,83.57508850097656,93.58000183105469,93.91999816894531,91.08000183105469,91.20999908447266,4619200,AXP
2018-04-05,84.44465637207031,94.19999694824219,95.05000305175781,93.80000305175781,94.19999694824219,2482300,AXP
2018-04-06,82.39179229736328,91.91000366210938,93.80999755859375,90.80999755859375,93.23999786376953,2968900,AXP
2018-04-09,82.59798431396484,92.13999938964844,94.23999786376953,91.95999908447266,92.69999694824219,3109700,AXP
2018-04-10,83.36893463134766,93.0,93.69000244140625,92.52999877929688,93.41000366210938,4584000,AXP
2018-04-11,82.11390686035156,91.5999984741211,92.80999755859375,91.36000061035156,91.94000244140625,4064900,AXP
2018-04-12,83.68269348144531,93.3499984741211,93.94000244140625,92.05999755859375,92.5199966430664,3137300,AXP
2018-04-13,83.39582061767578,93.02999877929688,94.30000305175781,92.54000091552734,94.12999725341797,2510300,AXP
2018-04-16,83.90677642822266,93.5999984741211,94.19999694824219,93.11000061035156,93.77999877929688,2811500,AXP
2018-04-17,84.13987731933594,93.86000061035156,94.5999984741211,93.58999633789062,93.95999908447266,2651700,AXP
2018-04-18,85.2962646484375,95.1500015258789,95.23999786376953,94.0,94.04000091552734,4981400,AXP
2018-04-19,91.7685546875,102.37000274658203,102.95999908447266,99.05000305175781,99.36000061035156,11716900,AXP
2018-04-20,90.3521957397461,100.79000091552734,102.66999816894531,100.37000274658203,102.19999694824219,5614700,AXP
2018-04-23,90.19080352783203,100.61000061035156,101.16000366210938,99.91000366210938,100.77999877929688,3183300,AXP
2018-04-24,90.03844451904297,100.44000244140625,101.70999908447266,99.58000183105469,101.19000244140625,5048900,AXP
2018-04-25,88.55034637451172,98.77999877929688,100.30000305175781,97.9000015258789,100.0,5129200,AXP
2018-04-26,89.85018920898438,100.2300033569336,100.51000213623047,98.55999755859375,98.8499984741211,3021100,AXP
2018-04-27,89.29442596435547,99.61000061035156,100.29000091552734,98.93000030517578,99.98999786376953,2017000,AXP
2018-04-30,88.5234603881836,98.75,100.37000274658203,98.7300033569336,100.0,2567000,AXP
2018-05-01,88.3710708618164,98.58000183105469,98.81999969482422,97.29000091552734,98.81999969482422,2915200,AXP
2018-05-02,87.51941680908203,97.62999725341797,99.37000274658203,97.55000305175781,98.05999755859375,3542000,AXP
2018-05-03,87.08019256591797,97.13999938964844,97.31999969482422,95.51000213623047,97.16999816894531,3572300,AXP
2018-05-04,88.16485595703125,98.3499984741211,98.94999694824219,96.04000091552734,96.3499984741211,2363200,AXP
2018-05-07,88.3710708618164,98.58000183105469,98.98999786376953,98.29000091552734,98.52999877929688,2152100,AXP
2018-05-08,89.41092681884766,99.73999786376953,100.37000274658203,98.38999938964844,98.77999877929688,3199100,AXP
2018-05-09,90.09222412109375,100.5,100.97000122070312,99.48999786376953,100.22000122070312,2694300,AXP
2018-05-10,90.881103515625,101.37999725341797,101.87000274658203,100.22000122070312,100.70999908447266,2847600,AXP
2018-05-11,90.91695404052734,101.41999816894531,102.68000030517578,101.2699966430664,101.48999786376953,2522100,AXP
2018-05-14,90.80038452148438,101.29000091552734,102.1500015258789,101.11000061035156,101.69000244140625,2234800,AXP
2018-05-15,90.30736541748047,100.73999786376953,101.2300033569336,99.97000122070312,100.81999969482422,3442300,AXP
2018-05-16,90.17289733886719,100.58999633789062,101.23999786376953,100.2300033569336,100.27999877929688,2135200,AXP
2018-05-17,90.73765563964844,101.22000122070312,101.63999938964844,100.30000305175781,100.6500015258789,2876100,AXP
2018-05-18,90.53148651123047,100.98999786376953,101.33000183105469,100.45999908447266,100.93000030517578,2927600,AXP
2018-05-21,91.47274017333984,102.04000091552734,102.37999725341797,101.3499984741211,101.56999969482422,2084000,AXP
2018-05-22,92.06437683105469,102.69999694824219,103.23999786376953,102.08000183105469,102.31999969482422,2910700,AXP
2018-05-23,91.37413024902344,101.93000030517578,102.25,100.91000366210938,101.81999969482422,2553900,AXP
2018-05-24,91.44584655761719,102.01000213623047,102.30999755859375,100.72000122070312,101.69000244140625,2230000,AXP
2018-05-25,90.63008880615234,101.0999984741211,101.63999938964844,100.47000122070312,101.3499984741211,1850800,AXP
2018-05-29,87.60011291503906,97.72000122070312,99.83999633789062,96.9800033569336,99.83999633789062,4377800,AXP
2018-05-30,88.73857879638672,98.98999786376953,99.41999816894531,97.95999908447266,98.8499984741211,3076800,AXP
2018-05-31,88.12007141113281,98.30000305175781,99.36000061035156,97.80000305175781,98.68000030517578,2780300,AXP
2018-06-01,88.07522583007812,98.25,99.61000061035156,98.22000122070312,99.33999633789062,2711200,AXP
2018-06-04,89.15096282958984,99.44999694824219,99.51000213623047,98.63999938964844,98.80999755859375,2417400,AXP
2018-06-05,89.02548217773438,99.30999755859375,99.41000366210938,98.43000030517578,99.12000274658203,1811500,AXP
2018-06-06,90.5135498046875,100.97000122070312,101.0,99.56999969482422,100.0,2872700,AXP
2018-06-07,90.97074127197266,101.4800033569336,102.38999938964844,100.88999938964844,101.44000244140625,4245700,AXP
2018-06-08,90.54044342041016,101.0,101.30000305175781,99.58999633789062,101.29000091552734,3580500,AXP
2018-06-11,90.7197265625,101.19999694824219,101.66999816894531,100.79000091552734,101.18000030517578,3453000,AXP
2018-06-12,90.29841613769531,100.7300033569336,101.5,100.23999786376953,101.5,2426100,AXP
2018-06-13,89.66191101074219,100.0199966430664,100.87999725341797,99.95999908447266,100.87000274658203,3183800,AXP
2018-06-14,89.42886352539062,99.76000213623047,101.0999984741211,99.51000213623047,100.5199966430664,3285500,AXP
2018-06-15,88.31726837158203,98.5199966430664,99.2699966430664,97.30999755859375,99.22000122070312,6741200,AXP
2018-06-18,88.27244567871094,98.47000122070312,98.55000305175781,97.30999755859375,97.8499984741211,3621300,AXP
2018-06-19,87.08019256591797,97.13999938964844,97.93000030517578,96.62000274658203,97.13999938964844,3119600,AXP
2018-06-20,86.43475341796875,96.41999816894531,97.88999938964844,96.36000061035156,97.69999694824219,4495300,AXP
2018-06-21,86.62298583984375,96.62999725341797,96.95999908447266,95.76000213623047,96.16000366210938,3350700,AXP
2018-06-22,87.16088104248047,97.2300033569336,97.95999908447266,97.06999969482422,97.3499984741211,7235400,AXP
2018-06-25,88.33519744873047,98.54000091552734,100.0999984741211,95.6500015258789,97.05000305175781,7996700,AXP
2018-06-26,88.03937530517578,98.20999908447266,99.83000183105469,98.06999969482422,99.5,5166100,AXP
2018-06-27,86.91880798339844,96.95999908447266,99.41000366210938,96.93000030517578,98.43000030517578,3693700,AXP
2018-06-28,86.92777252197266,96.97000122070312,97.44999694824219,96.56999969482422,97.01000213623047,3142300,AXP
2018-06-29,87.85112762451172,98.0,99.4800033569336,97.6500015258789,98.12999725341797,4698500,AXP
2018-07-02,88.74754333496094,99.0,99.04000091552734,97.16000366210938,97.4000015258789,3148700,AXP
2018-07-03,87.70770263671875,97.83999633789062,99.30999755859375,97.72000122070312,99.30999755859375,2041200,AXP
2018-07-05,88.64334106445312,98.52999877929688,98.62999725341797,97.62999725341797,98.3499984741211,2385500,AXP
2018-07-06,88.63433837890625,98.5199966430664,99.02999877929688,98.19999694824219,98.45999908447266,1996600,AXP
2018-07-09,89.8848648071289,99.91000366210938,100.01000213623047,99.08000183105469,99.26000213623047,4991700,AXP
2018-07-10,89.8848648071289,99.91000366210938,100.47000122070312,99.56999969482422,99.91000366210938,4675500,AXP
2018-07-11,90.23574829101562,100.30000305175781,100.80000305175781,99.66000366210938,99.66000366210938,3469600,AXP
2018-07-12,91.00042724609375,101.1500015258789,101.33000183105469,100.5999984741211,101.02999877929688,3688800,AXP
2018-07-13,90.4156723022461,100.5,101.1500015258789,99.62000274658203,101.08000183105469,3456500,AXP
2018-07-16,90.58660888671875,100.69000244140625,100.87999725341797,100.06999969482422,100.5999984741211,3264800,AXP
2018-07-17,91.00042724609375,101.1500015258789,101.45999908447266,100.6500015258789,100.77999877929688,3092200,AXP
2018-07-18,92.6468276977539,102.9800033569336,103.06999969482422,101.41999816894531,101.55000305175781,5923800,AXP
2018-07-19,90.11878204345703,100.16999816894531,101.37000274658203,99.27999877929688,100.19999694824219,7171100,AXP
2018-07-20,90.10079956054688,100.1500015258789,101.30000305175781,99.9800033569336,100.12999725341797,3325500,AXP
2018-07-23,91.06341552734375,101.22000122070312,101.4000015258789,100.01000213623047,100.1500015258789,2617900,AXP
2018-07-24,91.5042495727539,101.70999908447266,102.08999633789062,101.16999816894531,101.45999908447266,3155100,AXP
2018-07-25,92.33193969726562,102.62999725341797,102.77999877929688,101.08000183105469,101.2300033569336,2549400,AXP
2018-07-26,92.2149887084961,102.5,103.1500015258789,102.36000061035156,102.83999633789062,2744000,AXP
2018-07-27,93.42951202392578,103.8499984741211,104.23999786376953,102.66999816894531,102.87000274658203,3815800,AXP
2018-07-30,90.73054504394531,100.8499984741211,103.11000061035156,100.3499984741211,102.7300033569336,4423000,AXP
2018-07-31,89.53399658203125,99.5199966430664,101.19999694824219,99.44000244140625,101.05000305175781,4330400,AXP
2018-08-01,89.47103881835938,99.44999694824219,100.93000030517578,99.16999816894531,99.9000015258789,3315400,AXP
2018-08-02,89.7229232788086,99.7300033569336,99.93000030517578,98.66999816894531,98.9000015258789,2481800,AXP
2018-08-03,90.67655944824219,100.79000091552734,100.9000015258789,99.69999694824219,99.95999908447266,1830400,AXP
2018-08-06,90.79353332519531,100.91999816894531,101.31999969482422,100.4000015258789,100.7699966430664,2004600,AXP
2018-08-07,91.7381591796875,101.97000122070312,102.75,101.37000274658203,101.48999786376953,1852800,AXP
2018-08-08,92.4668960571289,102.77999877929688,102.94999694824219,101.80999755859375,102.0,2228900,AXP
2018-08-09,92.65582275390625,102.98999786376953,103.31999969482422,102.27999877929688,102.44000244140625,2435500,AXP
2018-08-10,91.38729858398438,101.58000183105469,102.19999694824219,101.16999816894531,102.08999633789062,2473800,AXP
2018-08-13,91.59420776367188,101.80999755859375,102.30000305175781,101.4000015258789,101.4800033569336,3389200,AXP
2018-08-14,91.92709350585938,102.18000030517578,102.5999984741211,101.83000183105469,101.93000030517578,2327100,AXP
2018-08-15,91.3243179321289,101.51000213623047,101.93000030517578,100.83999633789062,101.56999969482422,2219600,AXP
2018-08-16,92.34992218017578,102.6500015258789,103.13999938964844,101.87000274658203,101.9000015258789,2290400,AXP
2018-08-17,92.69180297851562,103.02999877929688,103.30999755859375,102.05999755859375,102.62999725341797,1950800,AXP
2018-08-20,93.41151428222656,103.83000183105469,103.97000122070312,102.93000030517578,103.0199966430664,2267900,AXP
2018-08-21,94.2931900024414,104.80999755859375,105.25,103.76000213623047,103.91999816894531,3218400,AXP
2018-08-22,95.21085357666016,105.83000183105469,106.26000213623047,104.51000213623047,104.9000015258789,2761300,AXP
2018-08-23,94.79701232910156,105.37000274658203,106.0199966430664,105.16000366210938,105.54000091552734,1866800,AXP
2018-08-24,95.14786529541016,105.76000213623047,106.33999633789062,105.44999694824219,105.91000366210938,1844000,AXP
2018-08-27,96.30844116210938,107.05000305175781,107.33000183105469,106.27999877929688,106.79000091552734,1972000,AXP
2018-08-28,96.51534271240234,107.27999877929688,107.43000030517578,106.68000030517578,107.05999755859375,2275000,AXP
2018-08-29,96.00254821777344,106.70999908447266,107.30999755859375,105.88999938964844,107.04000091552734,1896200,AXP
2018-08-30,95.57072448730469,106.2300033569336,106.66999816894531,105.97000122070312,106.5999984741211,1868300,AXP
2018-08-31,95.34580993652344,105.9800033569336,106.4000015258789,105.30000305175781,105.5199966430664,2115500,AXP
2018-09-04,96.2724380493164,107.01000213623047,107.2699966430664,105.58000183105469,106.3499984741211,2941800,AXP
2018-09-05,95.0759048461914,105.68000030517578,107.25,104.87999725341797,107.0,5511800,AXP
2018-09-06,94.82400512695312,105.4000015258789,105.87000274658203,104.55000305175781,105.5,3623900,AXP
2018-09-07,95.43575286865234,106.08000183105469,106.3499984741211,105.3499984741211,105.63999938964844,2498400,AXP
2018-09-10,96.52432250976562,107.29000091552734,107.80000305175781,106.55999755859375,106.55999755859375,3337000,AXP
2018-09-11,97.4419937133789,108.30999755859375,108.47000122070312,106.47000122070312,106.70999908447266,2795800,AXP
2018-09-12,97.05514526367188,107.87999725341797,108.69000244140625,107.66000366210938,108.30999755859375,4103100,AXP
2018-09-13,97.75688934326172,108.66000366210938,109.19000244140625,107.93000030517578,108.19999694824219,3429600,AXP
2018-09-14,98.5665512084961,109.55999755859375,110.01000213623047,108.83999633789062,108.83999633789062,2999800,AXP
2018-09-17,98.2426986694336,109.19999694824219,110.23999786376953,108.94000244140625,110.20999908447266,2383100,AXP
2018-09-18,98.63854217529297,109.63999938964844,109.87000274658203,108.97000122070312,109.44000244140625,2173200,AXP
2018-09-19,99.0523681640625,110.0999984741211,110.45999908447266,109.7300033569336,110.0,2365700,AXP
2018-09-20,99.9610366821289,111.11000061035156,111.7699966430664,110.6500015258789,110.8499984741211,2844800,AXP
2018-09-21,99.77210998535156,110.9000015258789,111.51000213623047,110.76000213623047,111.29000091552734,5662900,AXP
2018-09-24,98.82746124267578,109.8499984741211,110.83999633789062,109.3499984741211,110.73999786376953,1871600,AXP
2018-09-25,98.84546661376953,109.87000274658203,110.23999786376953,109.37999725341797,110.23999786376953,1910600,AXP
2018-09-26,97.17211151123047,108.01000213623047,110.11000061035156,107.80000305175781,110.08000183105469,2944200,AXP
2018-09-27,97.02815246582031,107.8499984741211,108.3499984741211,107.33999633789062,108.01000213623047,2121700,AXP
2018-09-28,95.80461883544922,106.48999786376953,107.87000274658203,106.27999877929688,107.2699966430664,3931500,AXP
2018-10-01,97.07313537597656,107.9000015258789,108.98999786376953,107.61000061035156,107.80999755859375,3361300,AXP
2018-10-02,97.51395416259766,108.38999938964844,108.47000122070312,107.30999755859375,108.01000213623047,2223100,AXP
2018-10-03,97.56794738769531,108.44999694824219,109.4000015258789,108.25,109.25,2505100,AXP
2018-10-04,97.27900695800781,107.73999786376953,108.8499984741211,106.80999755859375,108.25,2478700,AXP
2018-10-05,96.81855010986328,107.2300033569336,108.47000122070312,106.72000122070312,108.05999755859375,2399800,AXP
2018-10-08,96.60183715820312,106.98999786376953,107.2300033569336,105.56999969482422,106.62999725341797,2723400,AXP
2018-10-09,96.30388641357422,106.66000366210938,106.93000030517578,105.94000244140625,106.30000305175781,2604400,AXP
2018-10-10,93.51388549804688,103.56999969482422,107.01000213623047,103.5199966430664,106.95999908447266,4555600,AXP
2018-10-11,91.71712493896484,101.58000183105469,104.33999633789062,101.55000305175781,103.22000122070312,6069300,AXP
2018-10-12,92.999267578125,103.0,104.91999816894531,101.70999908447266,104.30999755859375,4855900,AXP
2018-10-15,92.65614318847656,102.62000274658203,103.55999755859375,102.20999908447266,102.8499984741211,2780900,AXP
2018-10-16,94.14595794677734,104.2699966430664,104.47000122070312,102.69000244140625,103.06999969482422,3121000,AXP
2018-10-17,94.20916748046875,104.33999633789062,105.29000091552734,103.91999816894531,104.33000183105469,3792400,AXP
2018-10-18,92.85478973388672,102.83999633789062,104.76000213623047,102.29000091552734,104.52999877929688,4538200,AXP
2018-10-19,96.36708068847656,106.7300033569336,107.55000305175781,104.05999755859375,104.05999755859375,5726300,AXP
2018-10-22,94.36265563964844,104.51000213623047,106.95999908447266,104.44999694824219,106.61000061035156,5003100,AXP
2018-10-23,94.24527740478516,104.37999725341797,104.5199966430664,101.83999633789062,102.41000366210938,4223800,AXP
2018-10-24,91.95188903808594,101.83999633789062,104.94999694824219,101.51000213623047,104.43000030517578,4056700,AXP
2018-10-25,93.54098510742188,103.5999984741211,104.16999816894531,101.80000305175781,102.4800033569336,3378900,AXP
2018-10-26,91.41918182373047,101.25,102.66000366210938,100.13999938964844,102.54000091552734,5395700,AXP
2018-10-29,91.364990234375,101.19000244140625,103.25,100.04000091552734,102.47000122070312,4238700,AXP
2018-10-30,92.16856384277344,102.08000183105469,102.38999938964844,100.41000366210938,101.5999984741211,3778200,AXP
2018-10-31,92.75548553466797,102.7300033569336,103.70999908447266,102.55000305175781,103.05999755859375,4511300,AXP
2018-11-01,93.93827056884766,104.04000091552734,104.2699966430664,103.0199966430664,103.26000213623047,2786800,AXP
2018-11-02,93.64031219482422,103.70999908447266,105.05000305175781,102.88999938964844,104.93000030517578,4322200,AXP
2018-11-05,94.99464416503906,105.20999908447266,105.4000015258789,103.80000305175781,104.04000091552734,2697700,AXP
2018-11-06,94.78700256347656,104.9800033569336,105.66000366210938,104.37000274658203,104.9800033569336,2856000,AXP
2018-11-07,96.8907470703125,107.30999755859375,107.4800033569336,104.9000015258789,105.7300033569336,3606900,AXP
2018-11-08,97.96522521972656,108.5,108.62999725341797,107.02999877929688,107.02999877929688,2896700,AXP
2018-11-09,97.76658630371094,108.27999877929688,109.33000183105469,107.3499984741211,108.37999725341797,4444000,AXP
2018-11-12,96.150390625,106.48999786376953,108.44000244140625,106.30000305175781,108.16000366210938,3154600,AXP
2018-11-13,97.38738250732422,107.86000061035156,108.19999694824219,106.47000122070312,106.6500015258789,3021800,AXP
2018-11-14,97.30609893798828,107.7699966430664,109.33000183105469,106.88999938964844,108.61000061035156,4978100,AXP
2018-11-15,98.95842742919922,109.5999984741211,109.69999694824219,106.33999633789062,106.68000030517578,3742600,AXP
2018-11-16,98.83200073242188,109.45999908447266,110.37999725341797,108.58000183105469,108.58000183105469,3486200,AXP
2018-11-19,97.739501953125,108.25,110.0199966430664,107.41999816894531,109.9000015258789,3161200,AXP
2018-11-20,95.7892074584961,106.08999633789062,107.9000015258789,105.45999908447266,107.55000305175781,3779000,AXP
2018-11-21,96.15941619873047,106.5,107.66999816894531,106.12999725341797,106.37000274658203,2791000,AXP
2018-11-23,95.47320556640625,105.73999786376953,106.44999694824219,105.30999755859375,105.87999725341797,938800,AXP
2018-11-26,99.03064727783203,109.68000030517578,109.7300033569336,106.83000183105469,107.1500015258789,4488500,AXP
2018-11-27,99.41893005371094,110.11000061035156,110.36000061035156,108.7300033569336,109.5,2837900,AXP
2018-11-28,101.92897033691406,112.88999938964844,113.18000030517578,110.33000183105469,110.33000183105469,3995900,AXP
2018-11-29,100.50240325927734,111.30999755859375,112.26000213623047,110.4800033569336,112.0,4249500,AXP
2018-11-30,101.36918640136719,112.2699966430664,112.44999694824219,110.37000274658203,110.37000274658203,3949500,AXP
2018-12-03,101.45044708251953,112.36000061035156,114.55000305175781,112.0,113.98999786376953,3399400,AXP
2018-12-04,97.18871307373047,107.63999938964844,112.16000366210938,107.54000091552734,111.86000061035156,5238400,AXP
2018-12-06,97.739501953125,108.25,108.38999938964844,104.77999877929688,105.63999938964844,7455200,AXP
2018-12-07,96.32195281982422,106.68000030517578,109.62000274658203,105.76000213623047,108.19999694824219,4419400,AXP
2018-12-10,95.51836395263672,105.79000091552734,106.72000122070312,103.5,105.94000244140625,4110000,AXP
2018-12-11,95.16622161865234,105.4000015258789,108.01000213623047,104.51000213623047,107.38999938964844,3132200,AXP
2018-12-12,97.04427337646484,107.4800033569336,108.7300033569336,106.5,107.2699966430664,4183800,AXP
2018-12-13,96.34000396728516,106.69999694824219,108.36000061035156,106.33000183105469,107.7699966430664,3542600,AXP
2018-12-14,95.43709564208984,105.69999694824219,106.44999694824219,104.93000030517578,105.7699966430664,5245400,AXP
2018-12-17,91.35598754882812,101.18000030517578,105.45999908447266,100.77999877929688,105.45999908447266,7345500,AXP
2018-12-18,91.21150207519531,101.0199966430664,102.56999969482422,100.47000122070312,101.9800033569336,5220800,AXP
2018-12-19,89.17996215820312,98.7699966430664,102.0,98.19999694824219,99.76000213623047,6195600,AXP
2018-12-20,86.47122955322266,95.7699966430664,98.87000274658203,95.26000213623047,97.91000366210938,7110500,AXP
2018-12-21,82.46234893798828,91.33000183105469,96.62999725341797,91.1500015258789,95.19999694824219,11005300,AXP
2018-12-24,80.8100357055664,89.5,91.55000305175781,89.5,90.73999786376953,3190900,AXP
2018-12-26,84.7286148071289,93.83999633789062,93.88999938964844,89.05000305175781,89.8499984741211,5383700,AXP
2018-12-27,85.487060546875,94.68000030517578,94.68000030517578,91.26000213623047,92.36000061035156,4226600,AXP
2018-12-28,85.25231170654297,94.41999816894531,95.6500015258789,93.94999694824219,95.4000015258789,3225100,AXP
2018-12-31,86.06494140625,95.31999969482422,95.61000061035156,94.30000305175781,95.12999725341797,2821100,AXP
2019-01-02,86.38996887207031,95.68000030517578,96.2699966430664,93.7699966430664,93.91000366210938,4175400,AXP
2019-01-03,84.70368957519531,93.43000030517578,95.18000030517578,93.2300033569336,94.79000091552734,4776600,AXP
2019-01-04,88.5205078125,97.63999938964844,98.3499984741211,94.9000015258789,95.37000274658203,4637200,AXP
2019-01-07,89.00099182128906,98.16999816894531,98.91999816894531,97.0199966430664,97.7699966430664,3289000,AXP
2019-01-08,89.4361343383789,98.6500015258789,99.5199966430664,97.5199966430664,98.69000244140625,3227200,AXP
2019-01-09,89.59934997558594,98.83000183105469,99.58999633789062,98.1500015258789,98.73999786376953,2954500,AXP
2019-01-10,89.08257293701172,98.26000213623047,98.66999816894531,97.81999969482422,98.44999694824219,3523800,AXP
2019-01-11,89.3454818725586,98.55000305175781,98.68000030517578,97.36000061035156,97.87999725341797,2770600,AXP
2019-01-14,89.24575805664062,98.44000244140625,99.02999877929688,97.62000274658203,97.76000213623047,4120500,AXP
2019-01-15,88.8377914428711,97.98999786376953,98.87000274658203,97.73999786376953,98.61000061035156,5795100,AXP
2019-01-16,90.12517547607422,99.41000366210938,99.95999908447266,98.51000213623047,98.94000244140625,4701900,AXP
2019-01-17,90.19769287109375,99.48999786376953,100.23999786376953,98.56999969482422,99.41000366210938,5693300,AXP
2019-01-18,91.09524536132812,100.4800033569336,100.80999755859375,96.37000274658203,98.19000244140625,9872500,AXP
2019-01-22,90.50594329833984,99.83000183105469,100.68000030517578,98.95999908447266,99.8499984741211,4699800,AXP
2019-01-23,90.39716339111328,99.70999908447266,100.19000244140625,98.45999908447266,99.93000030517578,3585100,AXP
2019-01-24,90.40621948242188,99.72000122070312,100.54000091552734,99.37999725341797,99.69000244140625,3415900,AXP
2019-01-25,91.35814666748047,100.7699966430664,101.58999633789062,100.08999633789062,100.43000030517578,3488300,AXP
2019-01-28,91.00459289550781,100.37999725341797,100.41000366210938,99.4800033569336,100.05000305175781,3185400,AXP
2019-01-29,91.53042602539062,100.95999908447266,101.41999816894531,100.54000091552734,100.94000244140625,2827400,AXP
2019-01-30,93.08069610595703,102.66999816894531,102.8499984741211,100.54000091552734,101.08999633789062,3501500,AXP
2019-01-31,93.10787963867188,102.69999694824219,102.9000015258789,101.69999694824219,102.0,4302100,AXP
2019-02-01,93.43427276611328,103.05999755859375,103.52999877929688,102.41000366210938,102.41000366210938,4727800,AXP
2019-02-04,93.76062774658203,103.41999816894531,103.45999908447266,102.5199966430664,103.04000091552734,2578300,AXP
2019-02-05,94.19580078125,103.9000015258789,104.18000030517578,103.41000366210938,103.62999725341797,2231200,AXP
2019-02-06,95.15682220458984,104.95999908447266,105.08000183105469,103.43000030517578,103.8499984741211,3595700,AXP
2019-02-07,94.64000701904297,104.38999938964844,104.77999877929688,103.61000061035156,104.05999755859375,3857300,AXP
2019-02-08,94.75790405273438,104.5199966430664,104.5199966430664,103.43000030517578,103.7300033569336,2581900,AXP
2019-02-11,95.56477355957031,105.41000366210938,105.55999755859375,104.80999755859375,104.94999694824219,2653800,AXP
2019-02-12,97.00626373291016,107.0,107.43000030517578,106.26000213623047,106.2699966430664,3238600,AXP
2019-02-13,97.51397705078125,107.55999755859375,108.47000122070312,107.0999984741211,107.55000305175781,3182100,AXP
2019-02-14,96.6617431640625,106.62000274658203,107.36000061035156,106.23999786376953,107.0,2385900,AXP
2019-02-15,97.35079956054688,107.37999725341797,108.08999633789062,107.12000274658203,107.33000183105469,3882300,AXP
2019-02-19,96.55296325683594,106.5,107.2300033569336,106.45999908447266,107.05000305175781,3692800,AXP
2019-02-20,96.80681610107422,106.77999877929688,107.18000030517578,106.5,106.56999969482422,3840800,AXP
2019-02-21,96.6527099609375,106.61000061035156,106.94999694824219,106.31999969482422,106.73999786376953,2566500,AXP
2019-02-22,97.40519714355469,107.44000244140625,107.55000305175781,106.86000061035156,106.9800033569336,2256400,AXP
2019-02-25,96.94279479980469,106.93000030517578,108.8499984741211,106.76000213623047,108.19999694824219,3333500,AXP
2019-02-26,96.95188903808594,106.94000244140625,107.62000274658203,106.41999816894531,106.66999816894531,2548100,AXP
2019-02-27,97.38704681396484,107.41999816894531,107.62999725341797,106.5999984741211,106.86000061035156,2393500,AXP
2019-02-28,97.67713928222656,107.73999786376953,108.44999694824219,107.08000183105469,107.22000122070312,3295800,AXP
2019-03-01,98.72881317138672,108.9000015258789,109.6500015258789,108.19999694824219,108.4000015258789,2682000,AXP
2019-03-04,98.81947326660156,109.0,110.08999633789062,107.76000213623047,109.55999755859375,4053200,AXP
2019-03-05,98.68346405029297,108.8499984741211,109.31999969482422,108.31999969482422,109.02999877929688,2685700,AXP
2019-03-06,98.80136108398438,108.9800033569336,109.44999694824219,108.8499984741211,108.93000030517578,2616000,AXP
2019-03-07,97.78596496582031,107.86000061035156,108.62999725341797,107.4000015258789,108.55999755859375,3048200,AXP
2019-03-08,97.89474487304688,107.9800033569336,108.06999969482422,106.68000030517578,106.79000091552734,2077100,AXP
2019-03-11,99.32716369628906,109.55999755859375,109.79000091552734,108.70999908447266,109.01000213623047,3289200,AXP
2019-03-12,100.11592102050781,110.43000030517578,111.27999877929688,109.73999786376953,109.73999786376953,3917500,AXP
2019-03-13,101.66618347167969,112.13999938964844,112.26000213623047,110.08999633789062,110.18000030517578,4234100,AXP
2019-03-14,101.8565902709961,112.3499984741211,112.77999877929688,111.87999725341797,112.38999938964844,3538200,AXP
2019-03-15,102.91729736328125,113.5199966430664,113.7699966430664,112.52999877929688,112.70999908447266,4780400,AXP
2019-03-18,102.94451141357422,113.55000305175781,114.25,113.16000366210938,113.75,2918000,AXP
2019-03-19,102.14668273925781,112.66999816894531,114.22000122070312,112.36000061035156,114.22000122070312,3331300,AXP
2019-03-20,100.42414855957031,110.7699966430664,112.45999908447266,110.5999984741211,112.26000213623047,3309300,AXP
2019-03-21,101.37609100341797,111.81999969482422,112.18000030517578,109.80999755859375,109.95999908447266,3111000,AXP
2019-03-22,99.23649597167969,109.45999908447266,111.31999969482422,108.98999786376953,111.29000091552734,3737400,AXP
2019-03-25,98.85572052001953,109.04000091552734,110.06999969482422,108.19000244140625,109.27999877929688,3596200,AXP
2019-03-26,99.27278900146484,109.5,110.4000015258789,109.05000305175781,109.98999786376953,2844500,AXP
2019-03-27,98.80136108398438,108.9800033569336,110.0,108.33000183105469,109.68000030517578,3346600,AXP
2019-03-28,98.96450805664062,109.16000366210938,109.87999725341797,108.48999786376953,109.41999816894531,2693300,AXP
2019-03-29,99.09146118164062,109.30000305175781,110.38999938964844,109.13999938964844,110.19999694824219,4891000,AXP
2019-04-01,101.26730346679688,111.69999694824219,112.04000091552734,110.08000183105469,110.29000091552734,5125100,AXP
2019-04-02,100.6326675415039,111.0,111.45999908447266,110.37000274658203,111.20999908447266,3568900,AXP
2019-04-03,100.23377990722656,110.55999755859375,112.0,110.3499984741211,111.81999969482422,3719700,AXP
2019-04-04,100.18830871582031,110.12000274658203,110.48999786376953,109.5,110.33000183105469,3619600,AXP
2019-04-05,100.9525375366211,110.95999908447266,111.20999908447266,110.44000244140625,110.4800033569336,4553700,AXP
2019-04-08,100.71598052978516,110.69999694824219,110.8499984741211,109.91999816894531,110.62000274658203,4776600,AXP
2019-04-09,99.942626953125,109.8499984741211,110.30999755859375,109.48999786376953,110.01000213623047,2869300,AXP
2019-04-10,100.22467041015625,110.16000366210938,110.4800033569336,109.5199966430664,110.4800033569336,2650100,AXP
2019-04-11,99.942626953125,109.8499984741211,110.83000183105469,109.41999816894531,110.51000213623047,2320600,AXP
2019-04-12,100.90705108642578,110.91000366210938,111.55000305175781,110.44999694824219,110.81999969482422,2316900,AXP
2019-04-15,100.56130981445312,110.52999877929688,110.97000122070312,110.25,110.91999816894531,2285000,AXP
2019-04-16,101.7895736694336,111.87999725341797,112.02999877929688,110.94000244140625,111.08999633789062,2523400,AXP
2019-04-17,101.68036651611328,111.76000213623047,112.5,111.25,112.30999755859375,3799900,AXP
2019-04-18,103.41812133789062,113.66999816894531,114.13999938964844,111.31999969482422,112.25,6186800,AXP
2019-04-22,102.1989517211914,112.33000183105469,113.4000015258789,112.2300033569336,112.5999984741211,3174400,AXP
2019-04-23,103.6910400390625,113.97000122070312,114.04000091552734,111.9000015258789,112.19000244140625,3342800,AXP
2019-04-24,103.73652648925781,114.0199966430664,114.36000061035156,113.41999816894531,113.76000213623047,2318400,AXP
2019-04-25,105.42879486083984,115.87999725341797,116.5,114.75,115.2300033569336,4595200,AXP
2019-04-26,106.99365997314453,117.5999984741211,117.7300033569336,116.0999984741211,116.58999633789062,2990600,AXP
2019-04-29,106.22941589355469,116.76000213623047,117.69999694824219,116.55000305175781,117.23999786376953,3096200,AXP
2019-04-30,106.65703582763672,117.2300033569336,117.3499984741211,116.0999984741211,117.05000305175781,2387900,AXP
2019-05-01,106.46598815917969,117.0199966430664,117.98999786376953,116.93000030517578,117.47000122070312,2450500,AXP
2019-05-02,106.67522430419922,117.25,117.6500015258789,116.68000030517578,117.0,2538700,AXP
2019-05-03,108.58582305908203,119.3499984741211,119.66000366210938,117.62999725341797,117.91000366210938,2856200,AXP
2019-05-06,108.57673645019531,119.33999633789062,119.61000061035156,117.05000305175781,117.26000213623047,2924500,AXP
2019-05-07,107.55773162841797,118.22000122070312,119.41000366210938,117.6500015258789,118.37000274658203,6282300,AXP
2019-05-08,106.8935775756836,117.48999786376953,118.11000061035156,116.81999969482422,117.83000183105469,4037500,AXP
2019-05-09,106.684326171875,117.26000213623047,117.29000091552734,115.37999725341797,116.1500015258789,3219600,AXP
2019-05-10,107.7761001586914,118.45999908447266,118.93000030517578,116.20999908447266,116.86000061035156,2435100,AXP
2019-05-13,105.4469985961914,115.9000015258789,116.88999938964844,115.62000274658203,116.41999816894531,3710600,AXP
2019-05-14,106.45687103271484,117.01000213623047,117.7300033569336,115.7699966430664,115.9800033569336,2460700,AXP
2019-05-15,107.04825592041016,117.66000366210938,118.2300033569336,115.9000015258789,116.18000030517578,2711400,AXP
2019-05-16,109.0316390991211,119.83999633789062,120.3499984741211,117.7699966430664,117.7699966430664,4143500,AXP
2019-05-17,108.33108520507812,119.06999969482422,119.58999633789062,118.51000213623047,118.5999984741211,5273600,AXP
2019-05-20,109.0316390991211,119.83999633789062,120.31999969482422,118.62000274658203,118.83000183105469,2765600,AXP
2019-05-21,109.67761993408203,120.55000305175781,120.68000030517578,119.33999633789062,120.47000122070312,3369100,AXP
2019-05-22,109.18630981445312,120.01000213623047,120.87999725341797,119.44000244140625,120.36000061035156,2941100,AXP
2019-05-23,107.74878692626953,118.43000030517578,119.4000015258789,117.8499984741211,119.2699966430664,3290200,AXP
2019-05-24,108.73139953613281,119.51000213623047,119.62999725341797,118.33000183105469,119.20999908447266,2240100,AXP
2019-05-28,107.51223754882812,118.16999816894531,120.12000274658203,118.16999816894531,119.36000061035156,2550300,AXP
2019-05-29,106.45687103271484,117.01000213623047,117.80999755859375,116.04000091552734,117.70999908447266,2553900,AXP
2019-05-30,106.2112045288086,116.73999786376953,117.30999755859375,116.11000061035156,117.20999908447266,1882400,AXP
2019-05-31,104.36429595947266,114.70999908447266,115.9800033569336,114.55999755859375,115.7699966430664,2969100,AXP
2019-06-03,104.28242492675781,114.62000274658203,115.93000030517578,113.88999938964844,114.55999755859375,2968500,AXP
2019-06-04,106.31132507324219,116.8499984741211,117.0,115.2300033569336,115.70999908447266,3043200,AXP
2019-06-05,107.4667739868164,118.12000274658203,118.23999786376953,117.01000213623047,117.18000030517578,2568100,AXP
2019-06-06,108.65862274169922,119.43000030517578,119.63999938964844,118.1500015258789,118.41999816894531,2209300,AXP
2019-06-07,110.1871109008789,121.11000061035156,121.36000061035156,119.55999755859375,119.87000274658203,2481800,AXP
2019-06-10,111.59732055664062,122.66000366210938,123.44999694824219,121.41000366210938,121.5999984741211,3453700,AXP
2019-06-11,112.11588287353516,123.2300033569336,124.73999786376953,123.08000183105469,123.55000305175781,3303800,AXP
2019-06-12,111.02412414550781,122.02999877929688,123.19000244140625,121.58999633789062,122.91999816894531,2685700,AXP
2019-06-13,110.86947631835938,121.86000061035156,122.69999694824219,121.41999816894531,122.08999633789062,2343900,AXP
2019-06-14,110.99683380126953,122.0,122.61000061035156,120.94000244140625,122.01000213623047,2483800,AXP
2019-06-17,110.4964370727539,121.44999694824219,122.23999786376953,121.30000305175781,122.23999786376953,2094200,AXP
2019-06-18,112.29783630371094,123.43000030517578,125.05000305175781,122.20999908447266,122.80999755859375,2729200,AXP
2019-06-19,113.43510437011719,124.68000030517578,124.91999816894531,123.68000030517578,124.23999786376953,2951700,AXP
2019-06-20,113.65347290039062,124.91999816894531,126.4000015258789,124.47000122070312,125.69000244140625,3303200,AXP
2019-06-21,113.4806137084961,124.7300033569336,126.30999755859375,124.55999755859375,125.19999694824219,5703800,AXP
2019-06-24,112.9438247680664,124.13999938964844,125.41999816894531,124.01000213623047,124.9800033569336,2680900,AXP
2019-06-25,112.05220031738281,123.16000366210938,124.56999969482422,123.04000091552734,124.2699966430664,2387800,AXP
2019-06-26,112.44341278076172,123.58999633789062,124.0,123.02999877929688,123.18000030517578,1902500,AXP
2019-06-27,112.76184844970703,123.94000244140625,124.41000366210938,123.55999755859375,123.69000244140625,1504300,AXP
2019-06-28,112.30696868896484,123.44000244140625,124.55000305175781,123.19999694824219,124.29000091552734,4338900,AXP
2019-07-01,113.65347290039062,124.91999816894531,126.4000015258789,124.55000305175781,125.30000305175781,4008800,AXP
2019-07-02,113.81724548339844,125.0999984741211,125.33000183105469,124.5999984741211,124.77999877929688,4076100,AXP
2019-07-03,114.86678314208984,125.86000061035156,126.05000305175781,124.94000244140625,125.20999908447266,3714300,AXP
2019-07-05,114.44697570800781,125.4000015258789,126.19000244140625,124.30999755859375,126.12999725341797,3731500,AXP
2019-07-08,113.94499969482422,124.8499984741211,125.2300033569336,124.63999938964844,124.98999786376953,3332000,AXP
2019-07-09,114.9032974243164,125.9000015258789,126.04000091552734,124.18000030517578,124.2699966430664,2237100,AXP
2019-07-10,115.80681610107422,126.88999938964844,128.4199981689453,126.69999694824219,126.69999694824219,2733800,AXP
2019-07-11,116.16278076171875,127.27999877929688,127.69000244140625,126.44000244140625,126.9800033569336,2928100,AXP
2019-07-12,116.78336334228516,127.95999908447266,128.0,126.87000274658203,127.55000305175781,1639400,AXP
2019-07-15,117.34011840820312,128.57000732421875,128.67999267578125,127.76000213623047,128.25,2355700,AXP
2019-07-16,116.8746337890625,128.05999755859375,129.33999633789062,127.80000305175781,129.22000122070312,2734000,AXP
2019-07-17,115.98023986816406,127.08000183105469,128.63999938964844,127.01000213623047,128.02000427246094,2248900,AXP
2019-07-18,117.1849365234375,128.39999389648438,129.08999633789062,126.66000366210938,126.69000244140625,3524500,AXP
2019-07-19,113.91761779785156,124.81999969482422,128.0,123.80000305175781,126.80000305175781,7819000,AXP
2019-07-22,114.99456787109375,126.0,126.01000213623047,124.69999694824219,124.75,4839700,AXP
2019-07-23,117.00241088867188,128.1999969482422,128.97999572753906,126.36000061035156,126.37999725341797,4055100,AXP
2019-07-24,116.77427673339844,127.94999694824219,128.22000122070312,126.79000091552734,127.70999908447266,3628300,AXP
2019-07-25,116.04412078857422,127.1500015258789,128.19000244140625,126.5,127.80999755859375,2663500,AXP
2019-07-26,115.7064437866211,126.77999877929688,127.55999755859375,126.30000305175781,127.08999633789062,4236200,AXP
2019-07-29,116.08061981201172,127.19000244140625,127.45999908447266,126.54000091552734,126.91000366210938,1829500,AXP
2019-07-30,115.42353057861328,126.47000122070312,126.91000366210938,126.30000305175781,126.56999969482422,1575400,AXP
2019-07-31,113.50694274902344,124.37000274658203,126.58999633789062,123.62000274658203,126.52999877929688,3221000,AXP
2019-08-01,113.25137329101562,124.08999633789062,126.12999725341797,123.5199966430664,123.7699966430664,4489800,AXP
2019-08-02,113.45216369628906,124.30999755859375,124.91000366210938,123.08000183105469,123.91999816894531,3268800,AXP
2019-08-05,110.1757583618164,120.72000122070312,123.08000183105469,120.16000366210938,122.45999908447266,5876200,AXP
2019-08-06,111.84590911865234,122.55000305175781,122.8499984741211,120.87000274658203,121.05999755859375,3497000,AXP
2019-08-07,112.74943542480469,123.54000091552734,123.8499984741211,120.22000122070312,120.91999816894531,3170800,AXP
2019-08-08,114.34657287597656,125.29000091552734,125.69999694824219,123.69999694824219,123.8499984741211,2976100,AXP
2019-08-09,115.14971923828125,126.16999816894531,126.73999786376953,124.72000122070312,125.58000183105469,2138300,AXP
2019-08-12,113.12361907958984,123.94999694824219,125.70999908447266,123.80000305175781,124.98999786376953,2918000,AXP
2019-08-13,115.28661346435547,126.31999969482422,126.5,122.51000213623047,123.86000061035156,3175700,AXP
2019-08-14,111.93716430664062,122.6500015258789,125.33000183105469,122.12999725341797,124.3499984741211,5626300,AXP
2019-08-15,111.6907730102539,122.37999725341797,123.0,121.13999938964844,122.6500015258789,3031700,AXP
2019-08-16,113.74421691894531,124.62999725341797,124.75,122.69000244140625,123.5,2343400,AXP
2019-08-19,113.5343017578125,124.4000015258789,126.1500015258789,124.33999633789062,126.0999984741211,3286700,AXP
2019-08-20,110.8145980834961,121.41999816894531,123.77999877929688,121.33999633789062,123.62999725341797,3641600,AXP
2019-08-21,111.80027770996094,122.5,123.05999755859375,121.98999786376953,122.5,2948300,AXP
2019-08-22,111.59036254882812,122.2699966430664,123.70999908447266,121.7699966430664,123.30999755859375,2322100,AXP
2019-08-23,107.47427368164062,117.76000213623047,122.05000305175781,117.05999755859375,122.0,4800400,AXP
2019-08-26,108.1770248413086,118.52999877929688,118.94000244140625,117.37999725341797,118.33000183105469,3170600,AXP
2019-08-27,107.46516418457031,117.75,119.33999633789062,116.8499984741211,119.08999633789062,3145800,AXP
2019-08-28,108.6881103515625,119.08999633789062,119.30999755859375,116.97000122070312,117.02999877929688,2327400,AXP
2019-08-29,110.19400024414062,120.73999786376953,121.19999694824219,119.95999908447266,120.45999908447266,1901300,AXP
2019-08-30,109.85633087158203,120.37000274658203,121.66000366210938,119.81999969482422,121.47000122070312,2366200,AXP
2019-09-03,107.32826232910156,117.5999984741211,120.27999877929688,117.5199966430664,119.86000061035156,3198700,AXP
2019-09-04,108.05838012695312,118.4000015258789,118.7300033569336,117.80000305175781,118.41999816894531,3746900,AXP
2019-09-05,110.130126953125,120.66999816894531,121.62999725341797,119.5,119.5,5261100,AXP
2019-09-06,109.6920394897461,120.19000244140625,121.19000244140625,120.0,121.13999938964844,4552400,AXP
2019-09-09,109.44562530517578,119.91999816894531,121.41000366210938,119.5199966430664,121.20999908447266,5336000,AXP
2019-09-10,107.06356811523438,117.30999755859375,119.61000061035156,116.30000305175781,119.5999984741211,6196100,AXP
2019-09-11,107.69330596923828,118.0,118.0999984741211,116.75,117.12000274658203,3674400,AXP
2019-09-12,108.62422943115234,119.0199966430664,120.43000030517578,118.77999877929688,119.0,3733500,AXP
2019-09-13,108.78848266601562,119.19999694824219,119.97000122070312,118.29000091552734,119.23999786376953,3941100,AXP
2019-09-16,107.3647689819336,117.63999938964844,118.44000244140625,116.68000030517578,118.13999938964844,4280600,AXP
2019-09-17,108.651611328125,119.05000305175781,119.12999725341797,117.5,117.9000015258789,3054700,AXP
2019-09-18,108.36868286132812,118.73999786376953,118.80000305175781,117.47000122070312,118.58999633789062,2844500,AXP
2019-09-19,107.50167083740234,117.79000091552734,119.5199966430664,117.5999984741211,118.61000061035156,1975800,AXP
2019-09-20,106.59814453125,116.80000305175781,118.23999786376953,116.37000274658203,117.83000183105469,5301500,AXP
2019-09-23,107.91236114501953,118.23999786376953,118.41999816894531,116.0999984741211,116.36000061035156,5089400,AXP
2019-09-24,107.84845733642578,118.16999816894531,120.19999694824219,117.5199966430664,118.88999938964844,5128400,AXP
2019-09-25,108.71548461914062,119.12000274658203,119.44000244140625,117.05999755859375,117.86000061035156,2742900,AXP
2019-09-26,108.52384185791016,118.91000366210938,120.02999877929688,118.83999633789062,119.30999755859375,3411200,AXP
2019-09-27,108.2317886352539,118.58999633789062,119.62000274658203,117.9800033569336,119.12999725341797,2909200,AXP
2019-09-30,107.94886779785156,118.27999877929688,119.23999786376953,118.13999938964844,119.05000305175781,2345800,AXP
2019-10-01,106.5068588256836,116.69999694824219,119.5,116.61000061035156,118.69999694824219,2841300,AXP
2019-10-02,103.00227355957031,112.86000061035156,115.80999755859375,112.75,115.76000213623047,4908800,AXP
2019-10-03,103.11222076416016,112.55000305175781,112.95999908447266,111.05999755859375,112.19999694824219,3529300,AXP
2019-10-04,104.81624603271484,114.41000366210938,114.52999877929688,112.5999984741211,112.66000366210938,2728200,AXP
2019-10-07,104.12000274658203,113.6500015258789,114.6500015258789,113.5999984741211,113.91000366210938,2556000,AXP
2019-10-08,103.10305786132812,112.54000091552734,113.6500015258789,112.05000305175781,112.83000183105469,3757300,AXP
2019-10-09,104.36732482910156,113.91999816894531,114.7699966430664,113.2300033569336,113.25,2365600,AXP
2019-10-10,105.37509155273438,115.0199966430664,115.79000091552734,113.93000030517578,114.80999755859375,2384300,AXP
2019-10-11,106.63937377929688,116.4000015258789,117.56999969482422,116.19000244140625,116.73999786376953,2860400,AXP
2019-10-14,106.63021087646484,116.38999938964844,117.0,115.94000244140625,116.13999938964844,1864400,AXP
2019-10-15,107.72957611083984,117.58999633789062,118.19000244140625,116.7300033569336,117.02999877929688,2379700,AXP
2019-10-16,107.5646743774414,117.41000366210938,117.98999786376953,117.06999969482422,117.62999725341797,2136700,AXP
2019-10-17,109.11296081542969,119.0999984741211,119.33000183105469,117.95999908447266,118.01000213623047,3005500,AXP
2019-10-18,106.96918487548828,116.76000213623047,119.9800033569336,116.66999816894531,119.7300033569336,6188500,AXP
2019-10-21,109.0671615600586,119.05000305175781,119.37999725341797,117.48999786376953,117.55000305175781,4259500,AXP
2019-10-22,108.66405487060547,118.61000061035156,119.3499984741211,118.29000091552734,118.66999816894531,3912100,AXP
2019-10-23,106.7218246459961,116.48999786376953,119.2300033569336,115.51000213623047,118.41999816894531,3921100,AXP
2019-10-24,106.64854431152344,116.41000366210938,116.9000015258789,116.13999938964844,116.44000244140625,2551300,AXP
2019-10-25,108.34339904785156,118.26000213623047,118.51000213623047,116.2699966430664,116.36000061035156,2325000,AXP
2019-10-28,108.63658905029297,118.58000183105469,119.30000305175781,118.06999969482422,118.63999938964844,2552700,AXP
2019-10-29,107.57383728027344,117.41999816894531,118.83000183105469,117.08000183105469,118.08999633789062,2756300,AXP
2019-10-30,108.16934204101562,118.06999969482422,118.16999816894531,116.86000061035156,117.44000244140625,2264400,AXP
2019-10-31,107.4455795288086,117.27999877929688,118.20999908447266,116.88999938964844,117.79000091552734,2507400,AXP
2019-11-01,109.14962768554688,119.13999938964844,119.44999694824219,118.16999816894531,118.41000366210938,2036600,AXP
2019-11-04,109.58935546875,119.62000274658203,120.5,119.01000213623047,119.62000274658203,1956400,AXP
2019-11-05,108.81062316894531,118.7699966430664,119.95999908447266,117.76000213623047,119.83999633789062,2630000,AXP
2019-11-06,109.65351867675781,119.69000244140625,119.72000122070312,118.88999938964844,118.88999938964844,2420700,AXP
2019-11-07,111.11016845703125,121.27999877929688,122.43000030517578,120.0999984741211,120.2699966430664,2845000,AXP
2019-11-08,111.28424835205078,121.47000122070312,121.80999755859375,120.88999938964844,121.01000213623047,1984600,AXP
2019-11-11,110.76200866699219,120.9000015258789,121.80999755859375,120.51000213623047,120.76000213623047,1704100,AXP
2019-11-12,110.75287628173828,120.88999938964844,121.2300033569336,120.41000366210938,120.87000274658203,2012400,AXP
2019-11-13,110.17570495605469,120.26000213623047,120.97000122070312,120.12999725341797,120.2699966430664,1807900,AXP
2019-11-14,110.7895278930664,120.93000030517578,120.9800033569336,119.80000305175781,120.0,1990600,AXP
2019-11-15,110.63377380371094,120.76000213623047,121.33000183105469,120.38999938964844,120.9800033569336,2341500,AXP
2019-11-18,109.62601470947266,119.66000366210938,120.8499984741211,119.4000015258789,120.55999755859375,2617900,AXP
2019-11-19,109.93749237060547,120.0,120.44999694824219,119.86000061035156,120.01000213623047,1891000,AXP
2019-11-20,109.29619598388672,119.30000305175781,120.2300033569336,118.93000030517578,119.83000183105469,2544100,AXP
2019-11-21,108.83811950683594,118.80000305175781,119.47000122070312,118.48999786376953,119.29000091552734,2783800,AXP
2019-11-22,109.07630920410156,119.05999755859375,119.29000091552734,118.41000366210938,119.20999908447266,1629700,AXP
2019-11-25,110.48719787597656,120.5999984741211,120.5999984741211,119.13999938964844,119.13999938964844,2285400,AXP
2019-11-26,109.7450942993164,119.79000091552734,121.04000091552734,119.5999984741211,120.91000366210938,4596200,AXP
2019-11-27,110.23985290527344,120.33000183105469,120.36000061035156,119.3499984741211,120.0,2629700,AXP
2019-11-29,110.04744720458984,120.12000274658203,120.88999938964844,119.77999877929688,120.06999969482422,1961500,AXP
2019-12-02,107.42726135253906,117.26000213623047,120.36000061035156,117.06999969482422,120.30999755859375,5538200,AXP
2019-12-03,106.79512023925781,116.56999969482422,116.75,114.6500015258789,116.04000091552734,3792300,AXP
2019-12-04,108.05023193359375,117.94000244140625,118.54000091552734,117.0,117.30999755859375,2444100,AXP
2019-12-05,108.36172485351562,118.27999877929688,118.43000030517578,117.58999633789062,117.91000366210938,3128300,AXP
2019-12-06,110.496337890625,120.61000061035156,121.44000244140625,119.91000366210938,120.20999908447266,3287600,AXP
2019-12-09,110.35891723632812,120.45999908447266,121.52999877929688,120.11000061035156,120.44000244140625,2885200,AXP
2019-12-10,110.76200866699219,120.9000015258789,121.47000122070312,120.02999877929688,120.44999694824219,2518200,AXP
2019-12-11,110.52383422851562,120.63999938964844,121.37999725341797,120.0999984741211,120.87999725341797,2015300,AXP
2019-12-12,112.3561019897461,122.63999938964844,123.06999969482422,120.05000305175781,120.5999984741211,2933800,AXP
2019-12-13,114.26171875,124.72000122070312,124.98999786376953,122.08000183105469,122.47000122070312,3919000,AXP
2019-12-16,113.30891418457031,123.68000030517578,126.33000183105469,123.33999633789062,125.6500015258789,3416100,AXP
2019-12-17,114.47241973876953,124.94999694824219,125.4000015258789,123.25,123.98999786376953,4325200,AXP
2019-12-18,113.84027862548828,124.26000213623047,125.06999969482422,124.08000183105469,125.02999877929688,3154200,AXP
2019-12-19,114.36248779296875,124.83000183105469,124.9000015258789,123.87999725341797,124.18000030517578,2543600,AXP
2019-12-20,115.22364807128906,125.7699966430664,126.27999877929688,124.83000183105469,125.86000061035156,5828700,AXP
2019-12-23,114.05097961425781,124.48999786376953,125.73999786376953,123.69999694824219,125.73999786376953,3031400,AXP
2019-12-24,114.28003692626953,124.73999786376953,125.33000183105469,124.37999725341797,124.94999694824219,953500,AXP
2019-12-26,114.89386749267578,125.41000366210938,125.44000244140625,124.52999877929688,124.9800033569336,1486600,AXP
2019-12-27,114.69230651855469,125.19000244140625,125.97000122070312,125.11000061035156,125.83999633789062,1788600,AXP
2019-12-30,113.876953125,124.30000305175781,125.45999908447266,124.18000030517578,125.19999694824219,2306500,AXP
2019-12-31,114.05097961425781,124.48999786376953,124.56999969482422,123.77999877929688,124.29000091552734,2340400,AXP
2020-01-02,115.69657135009766,125.8499984741211,126.2699966430664,124.2300033569336,124.66000366210938,2708000,AXP
2020-01-03,114.54742431640625,124.5999984741211,125.0999984741211,123.94000244140625,124.31999969482422,2090600,AXP
2020-01-06,114.05101013183594,124.05999755859375,124.16000366210938,123.12000274658203,123.37000274658203,2855200,AXP
2020-01-07,113.45344543457031,123.41000366210938,124.4000015258789,123.36000061035156,123.47000122070312,2042300,AXP
2020-01-08,115.4115982055664,125.54000091552734,126.36000061035156,123.80000305175781,124.05000305175781,3458200,AXP
2020-01-09,117.4984359741211,127.80999755859375,127.87999725341797,126.38999938964844,126.48999786376953,2787100,AXP
2020-01-10,117.01123046875,127.27999877929688,128.1699981689453,126.91999816894531,127.58000183105469,2789200,AXP
2020-01-13,118.1695556640625,128.5399932861328,128.9499969482422,127.62999725341797,127.83999633789062,3285700,AXP
2020-01-14,118.40857696533203,128.8000030517578,130.08999633789062,128.33999633789062,128.6199951171875,3836000,AXP
2020-01-15,119.34629821777344,129.82000732421875,129.83999633789062,128.4499969482422,128.69000244140625,3187200,AXP
2020-01-16,120.01739501953125,130.5500030517578,130.92999267578125,129.7100067138672,130.5,2424500,AXP
2020-01-17,120.90914154052734,131.52000427246094,131.86000061035156,130.7899932861328,131.4499969482422,3659400,AXP
2020-01-21,119.99900817871094,130.52999877929688,131.82000732421875,130.38999938964844,131.11000061035156,3102700,AXP
2020-01-22,120.88155364990234,131.49000549316406,132.27000427246094,130.92999267578125,130.92999267578125,2483800,AXP
2020-01-23,120.771240234375,131.3699951171875,131.57000732421875,130.13999938964844,131.25999450683594,3841000,AXP
2020-01-24,124.20948028564453,135.11000061035156,138.1300048828125,133.85000610351562,136.36000061035156,8612500,AXP
2020-01-27,120.10011291503906,130.63999938964844,131.97999572753906,128.8699951171875,131.14999389648438,6432400,AXP
2020-01-28,121.76408386230469,132.4499969482422,133.8699951171875,131.13999938964844,132.0,3712700,AXP
2020-01-29,121.05623626708984,131.67999267578125,133.1300048828125,131.44000244140625,132.47999572753906,2518400,AXP
2020-01-30,122.47199249267578,133.22000122070312,133.3300018310547,130.44000244140625,130.75,2428500,AXP
2020-01-31,119.39222717285156,129.8699951171875,132.25,129.3800048828125,132.1699981689453,3522600,AXP
2020-02-03,120.43109130859375,131.0,132.22000122070312,130.4499969482422,130.5500030517578,2721900,AXP
2020-02-04,121.2125015258789,131.85000610351562,133.33999633789062,131.72000122070312,132.8800048828125,2547500,AXP
2020-02-05,122.82134246826172,133.60000610351562,133.8000030517578,131.2899932861328,133.42999267578125,4084500,AXP
2020-02-06,122.49954223632812,133.25,134.35000610351562,133.11000061035156,134.16000366210938,1708600,AXP
2020-02-07,121.1849594116211,131.82000732421875,132.75,131.33999633789062,132.57000732421875,2885600,AXP
2020-02-10,121.57106018066406,132.24000549316406,132.5,131.35000610351562,131.61000061035156,1816500,AXP
2020-02-11,121.92957305908203,132.6300048828125,133.64999389648438,132.32000732421875,133.02999877929688,1733300,AXP
2020-02-12,122.4903564453125,133.24000549316406,133.72000122070312,132.52999877929688,133.38999938964844,1715400,AXP
2020-02-13,123.61193084716797,134.4600067138672,134.6699981689453,133.05999755859375,133.14999389648438,3178300,AXP
2020-02-14,124.90814208984375,135.8699951171875,136.3699951171875,134.52999877929688,134.7100067138672,2360300,AXP
2020-02-18,124.65995788574219,135.60000610351562,136.75,134.94000244140625,135.8699951171875,2428200,AXP
2020-02-19,125.88265991210938,136.92999267578125,137.4199981689453,136.1199951171875,136.3000030517578,1785000,AXP
2020-02-20,125.5609130859375,136.5800018310547,138.0399932861328,134.89999389648438,136.41000366210938,2541700,AXP
2020-02-21,124.0164566040039,134.89999389648438,136.27000427246094,133.88999938964844,136.1999969482422,3106100,AXP
2020-02-24,117.84779357910156,128.19000244140625,130.9600067138672,127.2300033569336,129.42999267578125,6329300,AXP
2020-02-25,111.14591979980469,120.9000015258789,127.98999786376953,119.91000366210938,127.70999908447266,7628100,AXP
2020-02-26,108.93955993652344,118.5,122.43000030517578,118.47000122070312,121.2699966430664,5268000,AXP
2020-02-27,103.70864868164062,112.80999755859375,117.4800033569336,112.77999877929688,115.9000015258789,8279800,AXP
2020-02-28,101.06098937988281,109.93000030517578,111.02999877929688,107.0,109.05000305175781,11362100,AXP
2020-03-02,104.6830825805664,113.87000274658203,113.98999786376953,108.58999633789062,111.11000061035156,9851600,AXP
2020-03-03,99.2958755493164,108.01000213623047,116.4000015258789,107.0,115.0199966430664,9285000,AXP
2020-03-04,106.36546325683594,115.69999694824219,115.79000091552734,109.25,110.25,7470900,AXP
2020-03-05,101.98950958251953,110.94000244140625,112.58999633789062,109.69999694824219,111.62000274658203,12060600,AXP
2020-03-06,99.50733184814453,108.23999786376953,108.7699966430664,103.79000091552734,105.7300033569336,9897700,AXP
2020-03-09,90.360107421875,98.29000091552734,101.44000244140625,96.94000244140625,100.87000274658203,12266300,AXP
2020-03-10,94.96589660644531,103.30000305175781,103.37000274658203,97.44999694824219,101.93000030517578,9793200,AXP
2020-03-11,87.68486022949219,95.37999725341797,100.95999908447266,93.87000274658203,100.30000305175781,8822900,AXP
2020-03-12,76.79090118408203,83.52999877929688,89.61000061035156,81.80999755859375,87.66000366210938,12206600,AXP
2020-03-13,91.56439971923828,99.5999984741211,100.08000183105469,84.30000305175781,90.37999725341797,12680400,AXP
2020-03-16,78.94210815429688,85.87000274658203,93.18000030517578,80.37000274658203,82.44000244140625,15072400,AXP
2020-03-17,79.59484100341797,86.58000183105469,88.94000244140625,83.22000122070312,87.61000061035156,10512200,AXP
2020-03-18,67.7999267578125,73.75,81.5199966430664,67.0,80.0199966430664,14359300,AXP
2020-03-19,70.85208129882812,77.06999969482422,77.88999938964844,69.79000091552734,72.54000091552734,12330400,AXP
2020-03-20,68.14008331298828,74.12000274658203,82.44000244140625,72.55999755859375,78.9800033569336,12208600,AXP
2020-03-23,63.39639663696289,68.95999908447266,75.41999816894531,68.12000274658203,72.81999969482422,8907600,AXP
2020-03-24,77.26895141601562,84.05000305175781,84.7699966430664,71.69999694824219,73.51000213623047,10593900,AXP
2020-03-25,82.89521026611328,90.16999816894531,96.45999908447266,85.31999969482422,87.61000061035156,11046500,AXP
2020-03-26,85.76348876953125,93.29000091552734,99.69000244140625,90.83999633789062,92.23999786376953,9459400,AXP
2020-03-27,81.57139587402344,88.7300033569336,91.97000122070312,85.81999969482422,87.94000244140625,6999800,AXP
2020-03-30,82.98712158203125,90.2699966430664,91.38999938964844,85.2699966430664,88.51000213623047,5565000,AXP
2020-03-31,78.70308685302734,85.61000061035156,90.9000015258789,85.06999969482422,89.94000244140625,6075900,AXP
2020-04-01,71.55996704101562,77.83999633789062,81.30999755859375,77.0,80.6500015258789,8313400,AXP
2020-04-02,70.86663818359375,76.66000366210938,79.12000274658203,75.83000183105469,77.05999755859375,8338100,AXP
2020-04-03,68.03787994384766,73.5999984741211,76.66000366210938,72.61000061035156,76.0,10023100,AXP
2020-04-06,77.5317611694336,83.87000274658203,84.25,78.73999786376953,80.22000122070312,11253000,AXP
2020-04-07,80.9614028930664,87.58000183105469,93.30000305175781,87.41999816894531,91.43000030517578,8693200,AXP
2020-04-08,85.12133026123047,92.08000183105469,93.0,88.12000274658203,89.20999908447266,6122800,AXP
2020-04-09,87.65425872802734,94.81999969482422,97.8499984741211,93.45999908447266,94.58999633789062,6902500,AXP
2020-04-13,83.50355529785156,90.33000183105469,93.41999816894531,87.94000244140625,93.29000091552734,5037700,AXP
2020-04-14,81.71018981933594,88.38999938964844,92.5,85.91000366210938,91.45999908447266,8703200,AXP
2020-04-15,77.45781707763672,83.79000091552734,85.4000015258789,80.68000030517578,83.43000030517578,10415600,AXP
2020-04-16,75.20220947265625,81.3499984741211,83.94000244140625,80.33000183105469,83.79000091552734,7526600,AXP
2020-04-17,80.7857666015625,87.38999938964844,87.38999938964844,84.27999877929688,85.31999969482422,8269000,AXP
2020-04-20,77.66120147705078,84.01000213623047,85.2699966430664,82.69000244140625,84.58999633789062,6140400,AXP
2020-04-21,75.35938262939453,81.5199966430664,82.45999908447266,79.47000122070312,80.7300033569336,7360300,AXP
2020-04-22,76.30227661132812,82.54000091552734,83.66000366210938,81.97000122070312,83.5999984741211,5130300,AXP
2020-04-23,76.22830963134766,82.45999908447266,84.77999877929688,81.70999908447266,83.23999786376953,5807200,AXP
2020-04-24,76.88468933105469,83.16999816894531,84.77999877929688,81.30999755859375,84.12999725341797,9125400,AXP
2020-04-27,78.63184356689453,85.05999755859375,85.1500015258789,82.33999633789062,83.47000122070312,7785000,AXP
2020-04-28,81.52530670166016,88.19000244140625,88.95999908447266,86.20999908447266,87.55999755859375,7165900,AXP
2020-04-29,88.85601806640625,96.12000274658203,96.38999938964844,90.88999938964844,91.75,9396500,AXP
2020-04-30,84.35405731201172,91.25,94.30999755859375,91.16999816894531,93.75,6553700,AXP
2020-05-01,81.64546966552734,88.31999969482422,89.06999969482422,87.16000366210938,88.0999984741211,4620200,AXP
2020-05-04,79.85210418701172,86.37999725341797,87.37000274658203,85.0199966430664,86.08999633789062,4875400,AXP
2020-05-05,80.18486785888672,86.73999786376953,88.7300033569336,86.36000061035156,88.0,4410300,AXP
2020-05-06,77.65194702148438,84.0,87.76000213623047,83.86000061035156,87.48999786376953,4723400,AXP
2020-05-07,80.17562866210938,86.7300033569336,87.37000274658203,84.93000030517578,85.30000305175781,4627600,AXP
2020-05-08,82.7363052368164,89.5,89.66000366210938,87.55000305175781,88.5,3913100,AXP
2020-05-11,78.8814468383789,85.33000183105469,87.6500015258789,85.30000305175781,87.5,5917600,AXP
2020-05-12,76.85694885253906,83.13999938964844,87.26000213623047,83.0999984741211,86.0999984741211,5504900,AXP
2020-05-13,72.13310241699219,78.02999877929688,82.12999725341797,77.4000015258789,82.0,10681600,AXP
2020-05-14,77.4762954711914,83.80999755859375,83.9000015258789,76.0,76.91999816894531,10625100,AXP
2020-05-15,76.00647735595703,82.22000122070312,83.38999938964844,81.22000122070312,82.47000122070312,6618600,AXP
2020-05-18,81.72866821289062,88.41000366210938,89.0,85.91999816894531,86.72000122070312,7781700,AXP
2020-05-19,80.66558074951172,87.26000213623047,89.83999633789062,86.61000061035156,88.41999816894531,4920600,AXP
2020-05-20,83.87335968017578,90.7300033569336,91.33999633789062,88.7699966430664,89.18000030517578,5218500,AXP
2020-05-21,83.04135131835938,89.83000183105469,91.43000030517578,89.12000274658203,90.11000061035156,6241900,AXP
2020-05-22,82.57916259765625,89.33000183105469,89.94999694824219,88.20999908447266,89.70999908447266,3734500,AXP
2020-05-26,87.1920394897461,94.31999969482422,95.56999969482422,92.88999938964844,93.94000244140625,6559400,AXP
2020-05-27,93.57984924316406,101.2300033569336,101.69000244140625,96.80000305175781,100.0,11007700,AXP
2020-05-28,90.6493911743164,98.05999755859375,102.45999908447266,98.01000213623047,101.54000091552734,9268200,AXP
2020-05-29,87.88536834716797,95.06999969482422,97.11000061035156,94.66000366210938,95.5,7710900,AXP
2020-06-01,89.43840789794922,96.75,98.06999969482422,94.55999755859375,95.55999755859375,4269500,AXP
2020-06-02,91.58306884765625,99.06999969482422,100.48999786376953,98.16999816894531,98.5999984741211,5433800,AXP
2020-06-03,97.4347152709961,105.4000015258789,105.87000274658203,101.62999725341797,102.77999877929688,7301000,AXP
2020-06-04,98.48854064941406,106.54000091552734,107.43000030517578,103.2300033569336,103.47000122070312,5841600,AXP
2020-06-05,101.4374771118164,109.7300033569336,115.93000030517578,108.06999969482422,114.11000061035156,10097600,AXP
2020-06-08,105.07972717285156,113.66999816894531,113.70999908447266,110.63999938964844,111.91000366210938,6795200,AXP
2020-06-09,102.11231994628906,110.45999908447266,111.80000305175781,108.66999816894531,110.08000183105469,5517400,AXP
2020-06-10,98.13729095458984,106.16000366210938,110.33000183105469,105.95999908447266,110.0,5747400,AXP
2020-06-11,91.14859771728516,98.5999984741211,102.98999786376953,98.12999725341797,100.87000274658203,8601200,AXP
2020-06-12,93.99584197998047,101.68000030517578,103.5,98.08000183105469,103.20999908447266,7251100,AXP
2020-06-15,96.09429168701172,103.94999694824219,104.73999786376953,97.62000274658203,100.0,6472400,AXP
2020-06-16,97.6380844116211,105.62000274658203,109.05999755859375,102.86000061035156,109.0199966430664,6706000,AXP
2020-06-17,96.10353088378906,103.95999908447266,106.12000274658203,103.83000183105469,105.66999816894531,4408200,AXP
2020-06-18,94.4395523071289,102.16000366210938,103.48999786376953,101.2699966430664,102.13999938964844,3645700,AXP
2020-06-19,93.31175994873047,100.94000244140625,104.2300033569336,99.31999969482422,104.2300033569336,7589500,AXP
2020-06-22,91.92511749267578,99.44000244140625,100.5,97.94999694824219,98.0,4799900,AXP
2020-06-23,91.90660095214844,99.41999816894531,101.6500015258789,99.25,100.94000244140625,4364800,AXP
2020-06-24,88.26438903808594,95.4800033569336,98.2699966430664,95.0,97.6500015258789,5958300,AXP
2020-06-25,90.45525360107422,97.8499984741211,98.12000274658203,93.76000213623047,94.61000061035156,5195400,AXP
2020-06-26,86.36006164550781,93.41999816894531,96.30000305175781,92.44999694824219,95.93000030517578,10489400,AXP
2020-06-29,87.37689971923828,94.5199966430664,95.41000366210938,93.33999633789062,94.44000244140625,4962400,AXP
2020-06-30,88.00554656982422,95.19999694824219,95.5999984741211,93.56999969482422,94.16000366210938,4367100,AXP
2020-07-01,87.33692932128906,94.05000305175781,96.95999908447266,93.63999938964844,95.25,3301000,AXP
2020-07-02,87.59695434570312,94.33000183105469,97.29000091552734,93.8499984741211,96.7699966430664,4239700,AXP
2020-07-06,89.68635559082031,96.58000183105469,97.9000015258789,95.83999633789062,96.51000213623047,4059600,AXP
2020-07-07,86.37115478515625,93.01000213623047,95.5199966430664,92.62999725341797,95.44000244140625,5564200,AXP
2020-07-08,86.26902770996094,92.9000015258789,93.0999984741211,90.70999908447266,91.97000122070312,6382100,AXP
2020-07-09,84.1053237915039,90.56999969482422,93.20999908447266,89.58000183105469,92.51000213623047,4484500,AXP
2020-07-10,86.57546997070312,93.2300033569336,93.30999755859375,89.81999969482422,90.31999969482422,4400900,AXP
2020-07-13,86.88191223144531,93.55999755859375,95.76000213623047,92.77999877929688,94.23999786376953,4819700,AXP
2020-07-14,88.070556640625,94.83999633789062,95.22000122070312,92.29000091552734,93.19000244140625,4044400,AXP
2020-07-15,90.41068267822266,97.36000061035156,97.77999877929688,96.38999938964844,96.66000366210938,5405600,AXP
2020-07-16,89.44489288330078,96.31999969482422,97.79000091552734,95.66999816894531,96.5,2666000,AXP
2020-07-17,88.38626098632812,95.18000030517578,96.52999877929688,95.01000213623047,96.3499984741211,2861600,AXP
2020-07-20,87.29049682617188,94.0,95.36000061035156,93.58000183105469,94.80000305175781,3560100,AXP
2020-07-21,89.4542007446289,96.33000183105469,97.45999908447266,94.7300033569336,95.25,4227100,AXP
2020-07-22,89.64920806884766,96.54000091552734,97.41000366210938,95.37999725341797,95.80999755859375,4360300,AXP
2020-07-23,89.7699203491211,96.66999816894531,97.77999877929688,95.51000213623047,95.51000213623047,4239800,AXP
2020-07-24,88.52556610107422,95.33000183105469,97.1500015258789,93.30000305175781,95.30000305175781,4790300,AXP
2020-07-27,88.95275115966797,95.79000091552734,95.9800033569336,93.63999938964844,94.63999938964844,3501800,AXP
2020-07-28,87.6805191040039,94.41999816894531,96.29000091552734,94.18000030517578,95.76000213623047,3567400,AXP
2020-07-29,89.78848266601562,96.69000244140625,96.75,94.44000244140625,94.70999908447266,2791700,AXP
2020-07-30,87.89408874511719,94.6500015258789,94.77999877929688,92.5,94.68000030517578,3856300,AXP
2020-07-31,86.65901947021484,93.31999969482422,94.44999694824219,92.2300033569336,94.30999755859375,4088200,AXP
2020-08-03,86.86334228515625,93.54000091552734,94.4000015258789,92.44000244140625,93.30999755859375,2869000,AXP
2020-08-04,86.53831481933594,93.19000244140625,93.80000305175781,92.48999786376953,93.48999786376953,2415100,AXP
2020-08-05,88.5812759399414,95.38999938964844,95.58000183105469,93.80999755859375,93.81999969482422,2844900,AXP
2020-08-06,89.0734634399414,95.91999816894531,96.2699966430664,94.4800033569336,95.18000030517578,2698800,AXP
2020-08-07,92.08219146728516,99.16000366210938,99.30000305175781,94.94999694824219,95.29000091552734,4690700,AXP
2020-08-10,94.36658477783203,101.62000274658203,102.6500015258789,99.26000213623047,99.48999786376953,5254800,AXP
2020-08-11,95.88953399658203,103.26000213623047,105.69999694824219,102.95999908447266,103.98999786376953,4744000,AXP
2020-08-12,94.42232513427734,101.68000030517578,104.80000305175781,100.68000030517578,104.76000213623047,3407800,AXP
2020-08-13,93.25225067138672,100.41999816894531,101.83000183105469,99.5,100.52999877929688,3265400,AXP
2020-08-14,93.24297332763672,100.41000366210938,101.29000091552734,99.2699966430664,99.66000366210938,1956500,AXP
2020-08-17,90.58710479736328,97.55000305175781,100.0,97.44000244140625,99.91999816894531,7488500,AXP
2020-08-18,89.7699203491211,96.66999816894531,98.83000183105469,96.47000122070312,98.19000244140625,3337300,AXP
2020-08-19,89.97421264648438,96.88999938964844,97.91000366210938,95.88999938964844,96.81999969482422,3079600,AXP
2020-08-20,89.81636047363281,96.72000122070312,97.58000183105469,95.68000030517578,95.73999786376953,3102500,AXP
2020-08-21,89.28703308105469,96.1500015258789,97.6500015258789,95.95999908447266,96.48999786376953,2845100,AXP
2020-08-24,92.24005889892578,99.33000183105469,99.37000274658203,96.38999938964844,96.68000030517578,4141100,AXP
2020-08-25,91.98004913330078,99.05000305175781,100.79000091552734,98.02999877929688,100.62000274658203,2946600,AXP
2020-08-26,91.3764419555664,98.4000015258789,99.13999938964844,97.80999755859375,98.55999755859375,2936500,AXP
2020-08-27,94.28302001953125,101.52999877929688,102.13999938964844,98.52999877929688,98.76000213623047,3992100,AXP
2020-08-28,95.2209243774414,102.54000091552734,102.9000015258789,100.73999786376953,102.1500015258789,4382900,AXP
2020-08-31,94.33872985839844,101.58999633789062,102.9000015258789,101.36000061035156,102.9000015258789,4665800,AXP
2020-09-01,95.15592956542969,102.47000122070312,102.77999877929688,100.16000366210938,100.54000091552734,3142500,AXP
2020-09-02,96.94818115234375,104.4000015258789,104.87000274658203,102.29000091552734,102.58000183105469,3536900,AXP
2020-09-03,97.0038833618164,104.45999908447266,109.02999877929688,103.8499984741211,104.97000122070312,6747900,AXP
2020-09-04,98.12751770019531,105.66999816894531,108.27999877929688,104.4800033569336,106.3499984741211,5235100,AXP
2020-09-08,96.27027130126953,103.66999816894531,105.08000183105469,103.30000305175781,104.41999816894531,4517000,AXP
2020-09-09,96.37242889404297,103.77999877929688,104.70999908447266,102.69000244140625,104.56999969482422,2474700,AXP
2020-09-10,95.43450927734375,102.7699966430664,105.11000061035156,102.30999755859375,104.19000244140625,3288900,AXP
2020-09-11,95.98241424560547,103.36000061035156,103.8499984741211,102.01000213623047,102.91000366210938,2604400,AXP
2020-09-14,99.6133041381836,107.2699966430664,107.69000244140625,104.22000122070312,104.6500015258789,3620100,AXP
2020-09-15,99.06543731689453,106.68000030517578,108.12000274658203,106.23999786376953,107.83999633789062,3371500,AXP
2020-09-16,98.41539001464844,105.9800033569336,107.48999786376953,104.69000244140625,106.7300033569336,5798900,AXP
2020-09-17,97.18961334228516,104.66000366210938,105.3499984741211,103.31999969482422,104.2699966430664,3215300,AXP
2020-09-18,96.05667877197266,103.44000244140625,106.12000274658203,103.30999755859375,104.45999908447266,6630300,AXP
2020-09-21,91.16284942626953,98.16999816894531,100.62999725341797,96.22000122070312,100.5999984741211,8339900,AXP
2020-09-22,91.45073699951172,98.4800033569336,99.77999877929688,96.41000366210938,98.01000213623047,4884400,AXP
2020-09-23,88.73916625976562,95.55999755859375,97.0999984741211,95.08999633789062,95.76000213623047,9427200,AXP
2020-09-24,88.63699340820312,95.44999694824219,96.9000015258789,93.70999908447266,95.33999633789062,4249000,AXP
2020-09-25,89.3891830444336,96.26000213623047,96.8499984741211,94.45999908447266,94.68000030517578,2775600,AXP
2020-09-28,91.7664566040039,98.81999969482422,99.7300033569336,98.62999725341797,99.0,3930900,AXP
2020-09-29,90.7728271484375,97.75,99.3499984741211,97.2300033569336,98.73999786376953,3200400,AXP
2020-09-30,93.0943832397461,100.25,101.5199966430664,98.2300033569336,98.2300033569336,5060900,AXP
2020-10-01,94.09730529785156,101.33000183105469,101.4800033569336,99.37000274658203,100.33000183105469,4179300,AXP
2020-10-02,94.3572998046875,101.61000061035156,103.13999938964844,98.62999725341797,99.77999877929688,3783300,AXP
2020-10-05,96.47457122802734,103.88999938964844,104.08000183105469,102.2699966430664,103.33000183105469,2863200,AXP
2020-10-06,94.49661254882812,101.76000213623047,105.29000091552734,101.31999969482422,105.01000213623047,3309200,AXP
2020-10-07,96.00096130371094,103.37999725341797,104.1500015258789,102.38999938964844,102.80999755859375,3048400,AXP
2020-10-08,98.90103912353516,106.05999755859375,106.13999938964844,104.05999755859375,104.33000183105469,2922600,AXP
2020-10-09,99.16213989257812,106.33999633789062,107.20999908447266,105.23999786376953,105.98999786376953,3511300,AXP
2020-10-12,99.41392517089844,106.61000061035156,107.01000213623047,106.0,106.45999908447266,2626700,AXP
2020-10-13,97.92192840576172,105.01000213623047,106.58999633789062,104.76000213623047,105.88999938964844,2602600,AXP
2020-10-14,97.73539733886719,104.80999755859375,106.2699966430664,104.76000213623047,105.37999725341797,2826300,AXP
2020-10-15,97.38109588623047,104.43000030517578,104.88999938964844,103.0199966430664,103.44000244140625,2699300,AXP
2020-10-16,97.82868194580078,104.91000366210938,105.68000030517578,104.19999694824219,104.6500015258789,2394300,AXP
2020-10-19,95.55338287353516,102.47000122070312,105.22000122070312,102.25,105.12999725341797,3196500,AXP
2020-10-20,96.17813873291016,103.13999938964844,104.61000061035156,102.83000183105469,102.94000244140625,2954700,AXP
2020-10-21,94.58357238769531,101.43000030517578,103.38999938964844,101.36000061035156,103.16999816894531,2588400,AXP
2020-10-22,97.71678924560547,104.79000091552734,104.86000061035156,101.56999969482422,101.69999694824219,3748800,AXP
2020-10-23,94.1639404296875,100.9800033569336,103.63999938964844,100.0,100.62999725341797,8921200,AXP
2020-10-26,90.34068298339844,96.87999725341797,100.0999984741211,95.77999877929688,99.7699966430664,5731500,AXP
2020-10-27,88.5223159790039,94.93000030517578,97.69999694824219,94.9000015258789,97.62000274658203,3780300,AXP
2020-10-28,85.4170913696289,91.5999984741211,93.56999969482422,91.0,91.95999908447266,7037800,AXP
2020-10-29,84.92286682128906,91.06999969482422,92.2300033569336,90.12999725341797,91.41000366210938,5419500,AXP
2020-10-30,85.08138275146484,91.23999786376953,91.31999969482422,89.11000061035156,90.80000305175781,4736300,AXP
2020-11-02,87.09559631347656,93.4000015258789,94.12999725341797,92.2699966430664,92.95999908447266,3572900,AXP
2020-11-03,89.79051971435547,96.29000091552734,96.8499984741211,94.4000015258789,94.75,4004300,AXP
2020-11-04,89.89309692382812,96.4000015258789,97.81999969482422,92.86000061035156,94.0,4545500,AXP
2020-11-05,91.48765563964844,98.11000061035156,98.31999969482422,96.83999633789062,97.20999908447266,4197300,AXP
2020-11-06,90.16352081298828,96.69000244140625,98.63999938964844,96.2699966430664,98.5199966430664,3126300,AXP
2020-11-09,109.44764709472656,117.37000274658203,119.80999755859375,110.19000244140625,110.54000091552734,17261700,AXP
2020-11-10,108.12348937988281,115.94999694824219,119.88999938964844,115.12000274658203,118.58999633789062,7056800,AXP
2020-11-11,103.61951446533203,111.12000274658203,116.0,110.30000305175781,115.93000030517578,5642700,AXP
2020-11-12,103.6008529663086,111.0999984741211,112.12000274658203,109.55000305175781,109.81999969482422,4941200,AXP
2020-11-13,107.22828674316406,114.98999786376953,115.63999938964844,112.20999908447266,112.33999633789062,4811500,AXP
2020-11-16,110.65989685058594,118.66999816894531,120.38999938964844,116.75,119.0999984741211,5339100,AXP
2020-11-17,108.6176986694336,116.4800033569336,117.79000091552734,114.13999938964844,116.97000122070312,4023200,AXP
2020-11-18,106.5289077758789,114.23999786376953,118.76000213623047,114.19000244140625,116.94000244140625,3264300,AXP
2020-11-19,106.4356460571289,114.13999938964844,114.80000305175781,112.52999877929688,113.77999877929688,3249800,AXP
2020-11-20,104.98095703125,112.58000183105469,114.54000091552734,111.9000015258789,113.73999786376953,3702300,AXP
2020-11-23,108.25404357910156,116.08999633789062,116.77999877929688,113.72000122070312,114.23999786376953,3022900,AXP
2020-11-24,112.2637939453125,120.38999938964844,120.83999633789062,117.88999938964844,119.0,6163400,AXP
2020-11-25,112.44095611572266,120.58000183105469,120.9800033569336,118.25,119.5,4646600,AXP
2020-11-27,112.4502944946289,120.58999633789062,121.69000244140625,119.79000091552734,120.52999877929688,2447700,AXP
2020-11-30,110.58528900146484,118.58999633789062,121.4800033569336,118.0,120.02999877929688,3517700,AXP
2020-12-01,111.8348617553711,119.93000030517578,122.56999969482422,119.8499984741211,120.31999969482422,3583400,AXP
2020-12-02,114.07284545898438,122.33000183105469,122.8499984741211,118.9000015258789,119.27999877929688,3271900,AXP
2020-12-03,114.80952453613281,123.12000274658203,123.94999694824219,122.12000274658203,122.8499984741211,4285100,AXP
2020-12-04,116.59991455078125,125.04000091552734,125.31999969482422,123.8499984741211,124.3499984741211,5048600,AXP
2020-12-07,115.57417297363281,123.94000244140625,124.87000274658203,122.62999725341797,124.51000213623047,4253700,AXP
2020-12-08,115.1825180053711,123.5199966430664,124.55000305175781,122.0199966430664,122.47000122070312,3623000,AXP
2020-12-09,113.47603607177734,121.69000244140625,123.95999908447266,121.01000213623047,123.27999877929688,3622800,AXP
2020-12-10,113.61591339111328,121.83999633789062,122.12999725341797,119.69999694824219,120.72000122070312,2818800,AXP
2020-12-11,112.11457061767578,120.2300033569336,120.5,118.83999633789062,120.11000061035156,2942800,AXP
2020-12-14,109.43832397460938,117.36000061035156,121.79000091552734,116.6500015258789,121.7300033569336,5336300,AXP
2020-12-15,111.06085205078125,119.0999984741211,119.30999755859375,115.55999755859375,118.79000091552734,4528900,AXP
2020-12-16,110.96761322021484,119.0,119.58999633789062,118.27999877929688,118.93000030517578,2943700,AXP
2020-12-17,110.94895935058594,118.9800033569336,119.66999816894531,118.45999908447266,119.41000366210938,3746700,AXP
2020-12-18,109.57818603515625,117.51000213623047,119.36000061035156,116.6500015258789,118.58999633789062,8394100,AXP
2020-12-21,108.55242919921875,116.41000366210938,118.0,113.72000122070312,115.7699966430664,4528300,AXP
2020-12-22,106.81797790527344,114.55000305175781,116.26000213623047,114.37999725341797,116.19000244140625,3632300,AXP
2020-12-23,109.05599212646484,116.94999694824219,118.19000244140625,115.77999877929688,115.77999877929688,2725200,AXP
2020-12-24,109.42898559570312,117.3499984741211,117.44000244140625,115.81999969482422,116.93000030517578,707000,AXP
2020-12-28,110.37081909179688,118.36000061035156,119.3499984741211,117.5999984741211,118.05000305175781,1878700,AXP
2020-12-29,110.16567993164062,118.13999938964844,119.3499984741211,118.0,119.23999786376953,1860400,AXP
2020-12-30,111.36856842041016,119.43000030517578,119.94999694824219,118.1500015258789,118.25,1954200,AXP
2020-12-31,112.74869537353516,120.91000366210938,121.05999755859375,119.16000366210938,119.70999908447266,1747800,AXP
2021-01-04,110.07242584228516,118.04000091552734,121.80000305175781,116.8499984741211,121.30000305175781,3472100,AXP
2021-01-05,110.65989685058594,118.66999816894531,119.27999877929688,117.0999984741211,118.26000213623047,2112700,AXP
2021-01-06,114.75354766845703,123.05999755859375,124.7300033569336,120.80999755859375,121.0,5861500,AXP
2021-01-07,113.84585571289062,121.66000366210938,125.69000244140625,117.3499984741211,124.0999984741211,8696600,AXP
2021-01-08,113.95816802978516,121.77999877929688,122.19999694824219,119.5199966430664,122.06999969482422,2934500,AXP
2021-01-11,113.28438568115234,121.05999755859375,121.41000366210938,119.38999938964844,120.41999816894531,3311000,AXP
2021-01-12,113.8084487915039,121.62000274658203,122.31999969482422,120.72000122070312,122.0,2671300,AXP
2021-01-13,114.53833770751953,122.4000015258789,123.88999938964844,121.16000366210938,121.5999984741211,3678300,AXP
2021-01-14,115.82970428466797,123.77999877929688,124.5,122.08999633789062,122.6500015258789,3404700,AXP
2021-01-15,114.30438995361328,122.1500015258789,122.86000061035156,121.70999908447266,122.4800033569336,3948200,AXP
2021-01-19,118.60893249511719,126.75,128.05999755859375,124.23999786376953,125.48999786376953,5818500,AXP
2021-01-20,120.65827941894531,128.94000244140625,129.5399932861328,127.06999969482422,127.19000244140625,4090200,AXP
2021-01-21,119.2452621459961,127.43000030517578,128.88999938964844,126.0999984741211,128.2899932861328,3654900,AXP
2021-01-22,118.03812408447266,126.13999938964844,127.05999755859375,124.87999725341797,125.73999786376953,2954800,AXP
2021-01-25,113.36861419677734,121.1500015258789,125.0,120.31999969482422,124.23999786376953,6156700,AXP
2021-01-26,108.68975830078125,116.1500015258789,120.29000091552734,115.72000122070312,118.75,8932500,AXP
2021-01-27,106.76206970214844,114.08999633789062,116.80000305175781,112.0999984741211,114.86000061035156,5816900,AXP
2021-01-28,111.3286361694336,118.97000122070312,120.37999725341797,116.5999984741211,117.43000030517578,5788500,AXP
2021-01-29,108.79271697998047,116.26000213623047,118.38999938964844,115.80999755859375,117.73999786376953,5059300,AXP
2021-02-01,109.51325225830078,117.02999877929688,119.29000091552734,117.0,117.69999694824219,3359800,AXP
2021-02-02,112.94752502441406,120.69999694824219,122.41999816894531,118.27999877929688,118.29000091552734,4036700,AXP
2021-02-03,112.7042465209961,120.44000244140625,120.9800033569336,119.55999755859375,120.08000183105469,2782500,AXP
2021-02-04,116.87776184082031,124.9000015258789,125.41000366210938,120.80000305175781,120.98999786376953,3915900,AXP
2021-02-05,118.16912078857422,126.27999877929688,127.33999633789062,125.62999725341797,126.62000274658203,3184200,AXP
2021-02-08,119.76929473876953,127.98999786376953,128.39999389648438,126.75,126.87000274658203,3360900,AXP
2021-02-09,118.54344177246094,126.68000030517578,127.66000366210938,126.19999694824219,127.6500015258789,2175000,AXP
2021-02-10,119.9938735961914,128.22999572753906,128.6999969482422,126.83999633789062,127.62999725341797,2929100,AXP
2021-02-11,120.06873321533203,128.30999755859375,129.1199951171875,126.9800033569336,127.44999694824219,3733000,AXP
2021-02-12,121.29462432861328,129.6199951171875,130.4600067138672,128.0,128.19000244140625,2873300,AXP
2021-02-16,122.28650665283203,130.67999267578125,130.91000366210938,128.25,128.91000366210938,2730600,AXP
2021-02-17,120.30268096923828,128.55999755859375,131.16000366210938,128.44000244140625,130.0800018310547,3088800,AXP
2021-02-18,120.23719787597656,128.49000549316406,128.8300018310547,126.08000183105469,127.48999786376953,2269700,AXP
2021-02-19,123.25037384033203,131.7100067138672,133.36000061035156,129.49000549316406,129.49000549316406,3419500,AXP
2021-02-22,127.21802520751953,135.9499969482422,136.47000122070312,131.3699951171875,131.50999450683594,3923100,AXP
2021-02-23,128.14443969726562,136.94000244140625,138.30999755859375,134.27999877929688,136.47000122070312,4814400,AXP
2021-02-24,130.9049835205078,139.88999938964844,140.9499969482422,136.80999755859375,137.1999969482422,4099500,AXP
2021-02-25,128.27545166015625,137.0800018310547,140.63999938964844,136.3699951171875,140.6199951171875,3607500,AXP
2021-02-26,126.57233428955078,135.25999450683594,138.25,133.7899932861328,137.10000610351562,3654800,AXP
2021-03-01,129.80078125,138.7100067138672,139.77000427246094,138.1199951171875,138.17999267578125,2972100,AXP
2021-03-02,130.30606079101562,139.25,140.19000244140625,138.0800018310547,138.24000549316406,2929100,AXP
2021-03-03,133.43153381347656,142.58999633789062,144.25,140.0,140.0,4393700,AXP
2021-03-04,133.51576232910156,142.67999267578125,144.11000061035156,139.9499969482422,142.14999389648438,4461700,AXP
2021-03-05,137.86712646484375,147.3300018310547,147.9600067138672,142.0800018310547,144.66000366210938,5048300,AXP
2021-03-08,140.61827087402344,150.27000427246094,151.4600067138672,146.72000122070312,147.27999877929688,4283400,AXP
2021-03-09,135.7803192138672,145.10000610351562,149.0800018310547,144.11000061035156,148.5800018310547,5806100,AXP
2021-03-10,137.32435607910156,146.75,148.2899932861328,145.44000244140625,145.6999969482422,3049800,AXP
2021-03-11,138.2601776123047,147.75,147.82000732421875,145.1300048828125,146.0,3147700,AXP
2021-03-12,138.99937438964844,148.5399932861328,150.63999938964844,148.02000427246094,149.10000610351562,2420100,AXP
2021-03-15,137.54893493652344,146.99000549316406,148.9199981689453,146.02999877929688,148.0399932861328,2586300,AXP
2021-03-16,134.09593200683594,143.3000030517578,147.25999450683594,142.82000732421875,147.25,4031000,AXP
2021-03-17,135.3873291015625,144.67999267578125,144.82000732421875,141.89999389648438,144.75999450683594,3278500,AXP
2021-03-18,133.42218017578125,142.5800018310547,145.5,142.07000732421875,145.49000549316406,3173600,AXP
2021-03-19,131.6723175048828,140.7100067138672,141.94000244140625,139.74000549316406,141.89999389648438,5098300,AXP
2021-03-22,130.9611053466797,139.9499969482422,140.99000549316406,138.80999755859375,139.49000549316406,2274100,AXP
2021-03-23,127.33965301513672,136.0800018310547,139.5,135.1300048828125,138.94000244140625,4905400,AXP
2021-03-24,129.52938842773438,138.4199981689453,140.0399932861328,137.61000061035156,137.97000122070312,2638900,AXP
2021-03-25,133.14146423339844,142.27999877929688,142.52999877929688,136.75999450683594,137.9499969482422,2766400,AXP
2021-03-26,134.49830627441406,143.72999572753906,143.97999572753906,141.0500030517578,143.74000549316406,2687500,AXP
2021-03-29,133.22569274902344,142.3699951171875,143.07000732421875,140.30999755859375,141.97999572753906,2220600,AXP
2021-03-30,134.27374267578125,143.49000549316406,144.47999572753906,142.61000061035156,142.89999389648438,2034500,AXP
2021-03-31,132.75323486328125,141.44000244140625,143.25999450683594,141.35000610351562,142.97999572753906,2957300,AXP
2021-04-01,135.69102478027344,144.57000732421875,144.6300048828125,142.2100067138672,142.33999633789062,2629200,AXP
2021-04-05,137.08950805664062,146.05999755859375,147.47999572753906,145.61000061035156,146.91000366210938,2960100,AXP
2021-04-06,137.17396545410156,146.14999389648438,146.52999877929688,144.3800048828125,145.97999572753906,2851200,AXP
2021-04-07,138.0938262939453,147.1300048828125,148.36000061035156,145.72000122070312,147.4199981689453,2399500,AXP
2021-04-08,138.00930786132812,147.0399932861328,147.16000366210938,144.67999267578125,146.8000030517578,2295600,AXP
2021-04-09,138.70382690429688,147.77999877929688,148.44000244140625,146.69000244140625,148.2100067138672,1783400,AXP
2021-04-12,138.50672912597656,147.57000732421875,147.77000427246094,146.41000366210938,147.25999450683594,1869000,AXP
2021-04-13,137.0237579345703,145.99000549316406,146.60000610351562,143.83999633789062,146.5500030517578,2132100,AXP
2021-04-14,138.36595153808594,147.4199981689453,148.75,145.6999969482422,145.80999755859375,2141800,AXP
2021-04-15,139.4077911376953,148.52999877929688,148.58999633789062,145.5,147.50999450683594,2901200,AXP
2021-04-16,140.77810668945312,149.99000549316406,150.4499969482422,148.69000244140625,149.7100067138672,3480000,AXP
2021-04-19,139.41717529296875,148.5399932861328,149.50999450683594,147.8000030517578,149.19000244140625,2259100,AXP
2021-04-20,136.1884765625,145.10000610351562,147.5,144.50999450683594,147.2100067138672,2526700,AXP
2021-04-21,138.14071655273438,147.17999267578125,147.3800048828125,143.02000427246094,144.0,2161700,AXP
2021-04-22,138.12193298339844,147.16000366210938,148.9199981689453,145.8699951171875,147.57000732421875,3247300,AXP
2021-04-23,135.4657745361328,144.3300018310547,144.97999572753906,140.67999267578125,141.5399932861328,6395300,AXP
2021-04-26,141.1066131591797,150.33999633789062,151.1199951171875,145.55999755859375,146.8000030517578,4821100,AXP
2021-04-27,141.1254119873047,150.36000061035156,150.8800048828125,148.85000610351562,150.6999969482422,2692100,AXP
2021-04-28,143.1715087890625,152.5399932861328,153.4600067138672,149.44000244140625,150.67999267578125,2584500,AXP
2021-04-29,145.1331787109375,154.6300048828125,155.0800018310547,152.08999633789062,153.85000610351562,2636000,AXP
2021-04-30,143.93174743652344,153.35000610351562,154.0399932861328,152.47999572753906,153.60000610351562,2712700,AXP
2021-05-03,145.29270935058594,154.8000030517578,156.0500030517578,154.00999450683594,154.58999633789062,2726200,AXP
2021-05-04,145.03929138183594,154.52999877929688,155.74000549316406,152.83999633789062,154.47999572753906,3025100,AXP
2021-05-05,146.7850341796875,156.38999938964844,156.72999572753906,154.32000732421875,154.8699951171875,3001600,AXP
2021-05-06,147.24496459960938,156.8800048828125,157.50999450683594,154.02000427246094,156.86000061035156,2798800,AXP
2021-05-07,149.21600341796875,158.97999572753906,159.25999450683594,155.33999633789062,155.61000061035156,2617800,AXP
2021-05-10,148.93443298339844,158.67999267578125,160.69000244140625,158.5,159.75,2987600,AXP
2021-05-11,144.9454345703125,154.42999267578125,157.7899932861328,153.64999389648438,156.4600067138672,3900100,AXP
2021-05-12,142.94625854492188,152.3000030517578,155.89999389648438,152.07000732421875,154.72000122070312,3487400,AXP
2021-05-13,144.616943359375,154.0800018310547,154.80999755859375,151.80999755859375,152.41000366210938,2269700,AXP
2021-05-14,147.49839782714844,157.14999389648438,157.94000244140625,154.52999877929688,155.38999938964844,1892700,AXP
2021-05-17,147.2261962890625,156.86000061035156,157.3800048828125,155.8800048828125,157.0500030517578,1541400,AXP
2021-05-18,145.4710693359375,154.99000549316406,158.3000030517578,154.86000061035156,157.36000061035156,2417800,AXP
2021-05-19,145.2270050048828,154.72999572753906,154.77999877929688,151.72000122070312,152.07000732421875,3526800,AXP
2021-05-20,145.97787475585938,155.52999877929688,156.25,153.92999267578125,155.47000122070312,3031100,AXP
2021-05-21,147.23556518554688,156.8699951171875,158.80999755859375,156.35000610351562,156.6999969482422,3424100,AXP
2021-05-24,148.89691162109375,158.63999938964844,158.91000366210938,156.9499969482422,157.6999969482422,1956900,AXP
2021-05-25,148.30557250976562,158.00999450683594,160.0800018310547,157.74000549316406,159.07000732421875,2484200,AXP
2021-05-26,148.84059143066406,158.5800018310547,159.3800048828125,157.3699951171875,158.16000366210938,3731600,AXP
2021-05-27,149.92933654785156,159.74000549316406,160.2899932861328,158.85000610351562,159.97999572753906,2828400,AXP
2021-05-28,150.29537963867188,160.1300048828125,160.63999938964844,158.86000061035156,160.25999450683594,2436400,AXP
2021-06-01,153.70242309570312,163.75999450683594,164.11000061035156,161.5500030517578,162.50999450683594,3827800,AXP
2021-06-02,154.04029846191406,164.1199951171875,165.69000244140625,163.32000732421875,164.61000061035156,3384600,AXP
2021-06-03,154.415771484375,164.52000427246094,165.4199981689453,162.82000732421875,163.67999267578125,2454800,AXP
2021-06-04,154.86624145507812,165.0,165.72999572753906,163.32000732421875,165.0,3239300,AXP
2021-06-07,155.72975158691406,165.9199981689453,166.64999389648438,165.3699951171875,165.6300048828125,2516400,AXP
2021-06-08,156.2835693359375,166.50999450683594,167.13999938964844,163.6300048828125,164.86000061035156,2486300,AXP
2021-06-09,154.0121307373047,164.08999633789062,166.13999938964844,163.8000030517578,165.27000427246094,2700100,AXP
2021-06-10,152.26637268066406,162.22999572753906,165.2100067138672,162.1199951171875,165.17999267578125,3024500,AXP
2021-06-11,154.4063720703125,164.50999450683594,164.5399932861328,162.50999450683594,163.0,1630100,AXP
2021-06-14,153.7493438720703,163.80999755859375,164.8800048828125,163.11000061035156,164.3000030517578,2125700,AXP
2021-06-15,156.05824279785156,166.27000427246094,166.89999389648438,163.8000030517578,163.92999267578125,3726100,AXP
2021-06-16,154.56591796875,164.67999267578125,166.64999389648438,164.27000427246094,165.77999877929688,3281300,AXP
2021-06-17,152.17251586914062,162.1300048828125,166.0,160.52999877929688,165.97000122070312,4194400,AXP
2021-06-18,148.45570373535156,158.1699981689453,159.6699981689453,157.25,158.6999969482422,6900200,AXP
2021-06-21,154.7724151611328,164.89999389648438,165.2100067138672,159.1300048828125,160.0800018310547,3681400,AXP
2021-06-22,154.39697265625,164.5,165.24000549316406,162.4600067138672,163.4199981689453,2697600,AXP
2021-06-23,155.82362365722656,166.02000427246094,166.86000061035156,164.7899932861328,165.02999877929688,2327600,AXP
2021-06-24,157.87913513183594,168.2100067138672,168.5800018310547,166.41000366210938,167.05999755859375,2417100,AXP
2021-06-25,159.04296875,169.4499969482422,170.41000366210938,168.4499969482422,168.4499969482422,9186000,AXP
2021-06-28,154.65980529785156,164.77999877929688,168.85000610351562,163.1999969482422,168.6199951171875,3433400,AXP
2021-06-29,154.162353515625,164.25,166.32000732421875,163.22999572753906,165.57000732421875,2785900,AXP
2021-06-30,155.0821075439453,165.22999572753906,166.16000366210938,163.6999969482422,163.6999969482422,2331800,AXP
2021-07-01,157.095947265625,166.94000244140625,167.3699951171875,164.69000244140625,165.64999389648438,2685900,AXP
2021-07-02,158.56394958496094,168.5,168.97999572753906,167.00999450683594,167.6999969482422,2028700,AXP
2021-07-06,159.56146240234375,169.55999755859375,172.5399932861328,167.8000030517578,172.5399932861328,4688100,AXP
2021-07-07,160.897705078125,170.97999572753906,174.75999450683594,169.3800048828125,169.60000610351562,3998900,AXP
2021-07-08,157.62294006347656,167.5,170.0399932861328,165.58999633789062,166.9499969482422,4628400,AXP
2021-07-09,161.80111694335938,171.94000244140625,172.30999755859375,169.2100067138672,170.0,3175200,AXP
2021-07-12,163.36322021484375,173.60000610351562,174.10000610351562,169.8800048828125,170.07000732421875,3154100,AXP
2021-07-13,162.44102478027344,172.6199951171875,174.74000549316406,172.4199981689453,174.0,2675000,AXP
2021-07-14,162.34689331054688,172.52000427246094,174.5500030517578,171.00999450683594,172.86000061035156,3123100,AXP
2021-07-15,162.65744018554688,172.85000610351562,173.25999450683594,171.10000610351562,171.13999938964844,3448200,AXP
2021-07-16,159.98492431640625,170.00999450683594,173.7899932861328,169.5399932861328,173.74000549316406,4359800,AXP
2021-07-19,153.2095184326172,162.80999755859375,166.3800048828125,161.47999572753906,165.64999389648438,6739800,AXP
2021-07-20,158.91212463378906,168.8699951171875,169.5800018310547,162.57000732421875,162.94000244140625,4243700,AXP
2021-07-21,162.3374481201172,172.50999450683594,173.6199951171875,169.74000549316406,170.74000549316406,3384500,AXP
2021-07-22,160.8224639892578,170.89999389648438,173.2100067138672,169.0500030517578,172.25,3335900,AXP
2021-07-23,162.96798706054688,173.17999267578125,179.6699981689453,172.9499969482422,176.52999877929688,6326600,AXP
2021-07-26,162.43161010742188,172.61000061035156,175.42999267578125,172.3000030517578,173.25,3115900,AXP
2021-07-27,162.74215698242188,172.94000244140625,175.1199951171875,169.9600067138672,170.4600067138672,7922600,AXP
2021-07-28,159.99432373046875,170.02000427246094,173.4499969482422,169.7100067138672,173.0,7961700,AXP
2021-07-29,161.810546875,171.9499969482422,173.82000732421875,171.0,171.38999938964844,3186900,AXP
2021-07-30,160.47425842285156,170.52999877929688,173.24000549316406,169.82000732421875,172.32000732421875,3441900,AXP
2021-08-02,159.2885284423828,169.27000427246094,173.36000061035156,168.75999450683594,171.13999938964844,2895700,AXP
2021-08-03,159.0721435546875,169.0399932861328,170.2899932861328,165.3000030517578,169.75,3642000,AXP
2021-08-04,158.14990234375,168.05999755859375,170.44000244140625,167.32000732421875,168.3000030517578,3544400,AXP
2021-08-05,159.6273193359375,169.6300048828125,170.52999877929688,168.32000732421875,168.66000366210938,2535400,AXP
2021-08-06,161.2552947998047,171.36000061035156,172.85000610351562,169.74000549316406,170.52999877929688,2828700,AXP
2021-08-09,160.70948791503906,170.77999877929688,171.1199951171875,168.7899932861328,170.35000610351562,2560200,AXP
2021-08-10,159.49559020996094,169.49000549316406,171.6999969482422,168.67999267578125,170.72999572753906,3389500,AXP
2021-08-11,160.6060028076172,170.6699981689453,170.72999572753906,168.6699981689453,169.4499969482422,3843400,AXP
2021-08-12,158.5828094482422,168.52000427246094,170.11000061035156,167.97000122070312,170.02000427246094,3372800,AXP
2021-08-13,156.2866668701172,166.0800018310547,168.3000030517578,165.61000061035156,168.08999633789062,4157700,AXP
2021-08-16,155.97613525390625,165.75,165.89999389648438,162.6300048828125,164.77000427246094,3845400,AXP
2021-08-17,154.9409942626953,164.64999389648438,166.35000610351562,163.35000610351562,164.75999450683594,7631600,AXP
2021-08-18,152.56961059570312,162.1300048828125,165.13999938964844,162.05999755859375,163.8300018310547,3563700,AXP
2021-08-19,149.6523895263672,159.02999877929688,161.08999633789062,157.3300018310547,160.16000366210938,4256400,AXP
2021-08-20,150.3299560546875,159.75,159.99000549316406,158.05999755859375,158.85000610351562,3075000,AXP
2021-08-23,150.9886474609375,160.4499969482422,161.85000610351562,160.11000061035156,161.22999572753906,2006300,AXP
2021-08-24,151.69439697265625,161.1999969482422,161.89999389648438,160.19000244140625,160.60000610351562,2377600,AXP
2021-08-25,156.3807373046875,166.17999267578125,167.22999572753906,160.5,161.8800048828125,3579900,AXP
2021-08-26,155.75025939941406,165.50999450683594,166.5,164.3800048828125,165.97000122070312,3164700,AXP
2021-08-27,158.705078125,168.64999389648438,168.88999938964844,165.16000366210938,165.35000610351562,3002300,AXP
2021-08-30,154.57398986816406,164.25999450683594,168.3000030517578,164.2100067138672,168.16000366210938,2582100,AXP
2021-08-31,156.17372131347656,165.9600067138672,166.42999267578125,163.72000122070312,164.10000610351562,3536300,AXP
2021-09-01,154.74337768554688,164.44000244140625,167.27999877929688,164.1300048828125,166.33999633789062,2569000,AXP
2021-09-02,152.4943084716797,162.0500030517578,165.0800018310547,161.13999938964844,165.0500030517578,4350600,AXP
2021-09-03,149.906494140625,159.3000030517578,161.27999877929688,158.1699981689453,160.75,4206500,AXP
2021-09-07,150.30166625976562,159.72000122070312,160.66000366210938,158.57000732421875,158.8699951171875,3779000,AXP
2021-09-08,149.5582733154297,158.92999267578125,159.25999450683594,156.8000030517578,159.19000244140625,3056700,AXP
2021-09-09,149.99118041992188,159.38999938964844,162.14999389648438,158.5399932861328,158.77999877929688,3295800,AXP
2021-09-10,149.36065673828125,158.72000122070312,161.4600067138672,158.38999938964844,161.1699981689453,2943700,AXP
2021-09-13,151.92965698242188,161.4499969482422,161.8000030517578,159.75,160.63999938964844,3192500,AXP
2021-09-14,150.0758514404297,159.47999572753906,165.8300018310547,158.77999877929688,162.67999267578125,4281500,AXP
2021-09-15,151.826171875,161.33999633789062,162.30999755859375,159.2100067138672,160.02000427246094,2933100,AXP
2021-09-16,153.0401153564453,162.6300048828125,164.5,162.1999969482422,163.10000610351562,2765000,AXP
2021-09-17,154.25404357910156,163.9199981689453,164.25,161.57000732421875,161.57000732421875,6390600,AXP
2021-09-20,151.10159301757812,160.57000732421875,162.13999938964844,157.9499969482422,159.36000061035156,5976900,AXP
2021-09-21,153.6423797607422,163.27000427246094,165.35000610351562,161.69000244140625,161.91000366210938,3480600,AXP
2021-09-22,157.6134796142578,167.49000549316406,168.6199951171875,164.89999389648438,165.6199951171875,3562800,AXP
2021-09-23,163.13739013671875,173.36000061035156,174.10000610351562,169.30999755859375,169.49000549316406,4399200,AXP
2021-09-24,165.3582305908203,175.72000122070312,176.0,173.3000030517578,173.3699951171875,2680400,AXP
2021-09-27,166.34629821777344,176.77000427246094,178.8000030517578,176.3300018310547,177.6699981689453,3703300,AXP
2021-09-28,162.9303436279297,173.13999938964844,177.24000549316406,172.69000244140625,175.49000549316406,3862200,AXP
2021-09-29,161.4247283935547,171.5399932861328,172.97999572753906,170.39999389648438,172.88999938964844,2726100,AXP
2021-09-30,157.65118408203125,167.52999877929688,172.36000061035156,167.41000366210938,172.17999267578125,3088200,AXP
2021-10-01,163.68319702148438,173.94000244140625,175.1199951171875,168.47999572753906,168.5,3956000,AXP
2021-10-04,162.4786376953125,172.66000366210938,177.22999572753906,171.8800048828125,173.8800048828125,3613900,AXP
2021-10-05,164.45481872558594,174.75999450683594,176.05999755859375,172.63999938964844,173.42999267578125,2629400,AXP
2021-10-06,163.1750030517578,173.39999389648438,174.89999389648438,169.89999389648438,172.5500030517578,2922200,AXP
2021-10-07,164.42027282714844,174.2899932861328,176.8699951171875,173.6999969482422,175.5,3578800,AXP
2021-10-08,165.2315216064453,175.14999389648438,176.97999572753906,173.52999877929688,173.85000610351562,2375300,AXP
2021-10-11,163.63726806640625,173.4600067138672,176.7899932861328,173.3300018310547,175.7899932861328,2499200,AXP
2021-10-12,165.0051727294922,174.91000366210938,176.55999755859375,173.10000610351562,173.61000061035156,3069500,AXP
2021-10-13,159.16571044921875,168.72000122070312,174.08999633789062,167.0800018310547,172.77999877929688,5608100,AXP
2021-10-14,161.79769897460938,171.50999450683594,172.3800048828125,169.80999755859375,171.0,3061900,AXP
2021-10-15,165.8542022705078,175.80999755859375,177.77000427246094,173.14999389648438,173.77000427246094,3043900,AXP
2021-10-18,166.80699157714844,176.82000732421875,177.61000061035156,174.3300018310547,175.5800018310547,2623300,AXP
2021-10-19,167.26927185058594,177.30999755859375,178.0,176.25999450683594,177.72999572753906,1400100,AXP
2021-10-20,169.42959594726562,179.60000610351562,179.77000427246094,176.2100067138672,176.9499969482422,2398500,AXP
2021-10-21,167.4202117919922,177.47000122070312,179.7899932861328,176.00999450683594,179.5800018310547,3313800,AXP
2021-10-22,176.48602294921875,187.0800018310547,189.02999877929688,182.1999969482422,185.0,6026100,AXP
2021-10-25,171.98609924316406,182.30999755859375,187.2100067138672,181.8300018310547,186.72999572753906,3889600,AXP
2021-10-26,170.703125,180.9499969482422,183.5,177.52000427246094,183.4199981689453,3832200,AXP
2021-10-27,167.94845581054688,178.02999877929688,183.72999572753906,177.91000366210938,180.10000610351562,3309900,AXP
2021-10-28,164.72218322753906,174.61000061035156,179.22999572753906,173.02000427246094,178.39999389648438,4865700,AXP
2021-10-29,163.9391326904297,173.77999877929688,176.6699981689453,173.0399932861328,175.6300048828125,3455400,AXP
2021-11-01,164.34481811523438,174.2100067138672,176.07000732421875,173.33999633789062,174.5800018310547,2250400,AXP
2021-11-02,163.36370849609375,173.1699981689453,175.1999969482422,172.57000732421875,175.0,3252900,AXP
2021-11-03,162.8354034423828,172.61000061035156,173.8300018310547,171.75,172.6999969482422,3831200,AXP
2021-11-04,162.7599334716797,172.52999877929688,174.02000427246094,171.66000366210938,172.1300048828125,3315400,AXP
2021-11-05,166.68438720703125,176.69000244140625,177.7899932861328,175.35000610351562,176.17999267578125,3936000,AXP
2021-11-08,169.85411071777344,180.0500030517578,182.08999633789062,177.7899932861328,178.07000732421875,3392000,AXP
2021-11-09,169.6748504638672,179.86000061035156,181.19000244140625,178.42999267578125,179.75999450683594,3203300,AXP
2021-11-10,171.1182098388672,181.38999938964844,183.47999572753906,179.36000061035156,179.36000061035156,3296700,AXP
2021-11-11,171.03329467773438,181.3000030517578,182.72999572753906,180.74000549316406,181.99000549316406,2119700,AXP
2021-11-12,171.58987426757812,181.88999938964844,182.3800048828125,179.64999389648438,180.7100067138672,2390200,AXP
2021-11-15,172.75967407226562,183.1300048828125,183.92999267578125,182.0399932861328,182.52999877929688,1748300,AXP
2021-11-16,170.67483520507812,180.9199981689453,183.39999389648438,179.74000549316406,183.39999389648438,3299200,AXP
2021-11-17,169.4390106201172,179.61000061035156,181.74000549316406,178.1999969482422,181.17999267578125,3543500,AXP
2021-11-18,166.23155212402344,176.2100067138672,180.3699951171875,175.83999633789062,180.0,4011500,AXP
2021-11-19,163.71273803710938,173.5399932861328,175.27000427246094,171.83999633789062,173.72999572753906,4456500,AXP
2021-11-22,161.22225952148438,170.89999389648438,175.25,170.88999938964844,174.99000549316406,4651700,AXP
2021-11-23,161.17507934570312,170.85000610351562,171.9499969482422,167.8300018310547,171.3000030517578,5890300,AXP
2021-11-24,161.89202880859375,171.61000061035156,171.97999572753906,167.89999389648438,168.47999572753906,3590600,AXP
2021-11-26,147.93955993652344,156.82000732421875,165.24000549316406,154.5,165.08999633789062,6804200,AXP
2021-11-29,148.92068481445312,157.86000061035156,161.41000366210938,154.33999633789062,160.75,6258500,AXP
2021-11-30,143.67552185058594,152.3000030517578,155.8699951171875,151.6999969482422,155.08999633789062,7444900,AXP
2021-12-01,141.5623779296875,150.05999755859375,157.07000732421875,149.88999938964844,156.10000610351562,6145500,AXP
2021-12-02,147.89239501953125,156.77000427246094,157.91000366210938,151.4600067138672,151.67999267578125,6289300,AXP
2021-12-03,147.109375,155.94000244140625,158.3300018310547,153.6300048828125,158.0800018310547,4069300,AXP
2021-12-06,151.58096313476562,160.67999267578125,162.74000549316406,158.0500030517578,159.07000732421875,4141900,AXP
2021-12-07,157.4959259033203,166.9499969482422,169.16000366210938,164.16000366210938,164.5,5124500,AXP
2021-12-08,159.36375427246094,168.92999267578125,170.5399932861328,167.27999877929688,167.97999572753906,4042400,AXP
2021-12-09,158.50531005859375,168.02000427246094,168.8300018310547,166.5500030517578,167.85000610351562,2245300,AXP
2021-12-10,157.5714111328125,167.02999877929688,170.5800018310547,165.9600067138672,169.3800048828125,2768500,AXP
2021-12-13,154.0526123046875,163.3000030517578,166.39999389648438,161.99000549316406,166.39999389648438,3477600,AXP
2021-12-14,153.62806701660156,162.85000610351562,165.25999450683594,161.05999755859375,162.13999938964844,2964200,AXP
2021-12-15,153.05264282226562,162.24000549316406,163.0500030517578,158.52999877929688,162.7100067138672,5013000,AXP
2021-12-16,153.76959228515625,163.0,165.17999267578125,161.89999389648438,164.0,4900100,AXP
2021-12-17,150.9489288330078,160.00999450683594,161.32000732421875,156.9499969482422,161.0,9576800,AXP
2021-12-20,147.06224060058594,155.88999938964844,158.2100067138672,153.77999877929688,157.0,3839600,AXP
2021-12-21,151.79795837402344,160.91000366210938,161.0500030517578,157.52000427246094,157.75,3722400,AXP
2021-12-22,153.26962280273438,162.47000122070312,163.1699981689453,160.4499969482422,160.52999877929688,2877700,AXP
2021-12-23,154.8922119140625,164.19000244140625,166.39999389648438,163.58999633789062,163.86000061035156,3140500,AXP
2021-12-27,155.08090209960938,164.38999938964844,165.0,162.52999877929688,165.0,1687300,AXP
2021-12-28,155.0997314453125,164.41000366210938,166.1300048828125,163.60000610351562,163.60000610351562,2035300,AXP
2021-12-29,154.5526123046875,163.8300018310547,164.92999267578125,163.25999450683594,164.6199951171875,2082200,AXP
2021-12-30,154.8639373779297,164.16000366210938,165.8000030517578,164.0,164.6199951171875,1632900,AXP
2021-12-31,154.3356475830078,163.60000610351562,165.1699981689453,163.25,164.10000610351562,1743600,AXP
2022-01-03,158.68455505371094,168.2100067138672,168.39999389648438,164.39999389648438,164.50999450683594,3236400,AXP
2022-01-04,163.77877807617188,173.61000061035156,174.0500030517578,169.60000610351562,169.72000122070312,4799500,AXP
2022-01-05,162.03353881835938,171.75999450683594,176.30999755859375,171.5,174.7100067138672,4491900,AXP
2022-01-06,163.51834106445312,172.89999389648438,173.69000244140625,169.75,172.5399932861328,2649400,AXP
2022-01-07,164.9180145263672,174.3800048828125,175.36000061035156,171.86000061035156,172.49000549316406,3043000,AXP
2022-01-10,164.31272888183594,173.74000549316406,176.2100067138672,170.5,176.2100067138672,4269400,AXP
2022-01-11,165.86378479003906,175.3800048828125,175.72000122070312,172.49000549316406,174.5399932861328,2762700,AXP
2022-01-12,165.00315856933594,174.47000122070312,176.82000732421875,174.1699981689453,176.22999572753906,3224300,AXP
2022-01-13,163.88717651367188,173.2899932861328,176.3800048828125,172.85000610351562,174.9199981689453,3808800,AXP
2022-01-14,159.26255798339844,168.39999389648438,168.7100067138672,164.7100067138672,168.7100067138672,6508500,AXP
2022-01-18,157.15353393554688,166.1699981689453,168.94000244140625,164.83999633789062,167.91000366210938,4336300,AXP
2022-01-19,152.6328582763672,161.38999938964844,166.72999572753906,161.1699981689453,166.72999572753906,3592000,AXP
2022-01-20,152.18838500976562,160.9199981689453,164.57000732421875,159.4600067138672,161.1199951171875,4205600,AXP
2022-01-21,150.12667846679688,158.74000549316406,161.8800048828125,157.67999267578125,159.9499969482422,3779100,AXP
2022-01-24,150.3063507080078,158.92999267578125,159.4499969482422,152.85000610351562,155.82000732421875,5405000,AXP
2022-01-25,163.71694946289062,173.11000061035156,174.47000122070312,159.66000366210938,166.13999938964844,13320800,AXP
2022-01-26,165.80703735351562,175.32000732421875,179.22000122070312,173.02999877929688,176.9499969482422,8257300,AXP
2022-01-27,162.57264709472656,171.89999389648438,178.1999969482422,170.6300048828125,176.6999969482422,3649900,AXP
2022-01-28,167.45262145996094,177.05999755859375,177.2100067138672,169.77000427246094,171.75999450683594,4271500,AXP
2022-01-31,170.06288146972656,179.82000732421875,180.1300048828125,175.22000122070312,175.91000366210938,5524300,AXP
2022-02-01,173.58102416992188,183.5399932861328,184.0399932861328,179.0,179.9199981689453,3471200,AXP
2022-02-02,174.16737365722656,184.16000366210938,184.5800018310547,181.63999938964844,182.50999450683594,2841400,AXP
2022-02-03,174.0538787841797,184.0399932861328,185.8000030517578,182.32000732421875,184.8000030517578,3380900,AXP
2022-02-04,175.76568603515625,185.85000610351562,188.67999267578125,184.17999267578125,184.91000366210938,4075800,AXP
2022-02-07,177.6760711669922,187.8699951171875,188.91000366210938,184.75,185.6300048828125,3260800,AXP
2022-02-08,183.47344970703125,194.0,194.52999877929688,187.61000061035156,188.0800018310547,5133900,AXP
2022-02-09,185.7432098388672,196.39999389648438,198.72000122070312,194.3000030517578,194.3000030517578,4614200,AXP
2022-02-10,184.90150451660156,195.50999450683594,198.22999572753906,194.61000061035156,196.36000061035156,4511100,AXP
2022-02-11,181.4022979736328,191.80999755859375,197.1999969482422,190.4499969482422,195.42999267578125,4834900,AXP
2022-02-14,181.9129638671875,192.35000610351562,194.14999389648438,190.9199981689453,192.25999450683594,3841300,AXP
2022-02-15,187.23748779296875,197.97999572753906,198.36000061035156,194.17999267578125,194.64999389648438,4134300,AXP
2022-02-16,187.61578369140625,198.3800048828125,199.5500030517578,197.24000549316406,197.5,4122600,AXP
2022-02-17,185.09068298339844,195.7100067138672,197.3800048828125,194.27000427246094,195.6300048828125,3051700,AXP
2022-02-18,184.3057098388672,194.8800048828125,197.75,194.1999969482422,194.9199981689453,2806300,AXP
2022-02-22,181.9981231689453,192.44000244140625,196.14999389648438,191.75,195.17999267578125,3420600,AXP
2022-02-23,178.69749450683594,188.9499969482422,194.4499969482422,188.5500030517578,194.35000610351562,3562100,AXP
2022-02-24,178.1300048828125,188.35000610351562,188.5,179.0500030517578,180.47000122070312,5886600,AXP
2022-02-25,183.19920349121094,193.7100067138672,194.25,189.4600067138672,189.66000366210938,5426200,AXP
2022-02-28,183.98416137695312,194.5399932861328,195.1300048828125,189.22999572753906,189.6300048828125,5787800,AXP
2022-03-01,168.3983612060547,178.05999755859375,194.77000427246094,176.77000427246094,194.6699981689453,8562500,AXP
2022-03-02,170.5262451171875,180.30999755859375,182.24000549316406,178.10000610351562,179.7899932861328,4058800,AXP
2022-03-03,170.12905883789062,179.88999938964844,183.4499969482422,178.72999572753906,182.11000061035156,3339900,AXP
2022-03-04,163.56561279296875,172.9499969482422,176.8300018310547,170.82000732421875,176.6199951171875,5348600,AXP
2022-03-07,150.49554443359375,159.1300048828125,170.75999450683594,159.0800018310547,170.1300048828125,7760400,AXP
2022-03-08,151.36558532714844,160.0500030517578,166.2899932861328,155.72000122070312,160.52000427246094,7058900,AXP
2022-03-09,159.49893188476562,168.64999389648438,170.72999572753906,166.7100067138672,168.02000427246094,4788200,AXP
2022-03-10,160.39743041992188,169.60000610351562,170.9600067138672,164.8300018310547,165.58999633789062,3840900,AXP
2022-03-11,158.78964233398438,167.89999389648438,172.30999755859375,167.6300048828125,171.75,3000000,AXP
2022-03-14,163.41432189941406,172.7899932861328,174.7100067138672,169.7100067138672,171.3300018310547,4614600,AXP
2022-03-15,166.48797607421875,176.0399932861328,178.3000030517578,173.3699951171875,173.58999633789062,3827300,AXP
2022-03-16,170.80999755859375,180.61000061035156,182.75999450683594,176.3000030517578,179.17999267578125,5239300,AXP
2022-03-17,176.82492065429688,186.97000122070312,187.7100067138672,180.05999755859375,180.17999267578125,6398900,AXP
2022-03-18,180.37142944335938,190.72000122070312,191.0,184.83999633789062,188.69000244140625,8744100,AXP
2022-03-21,178.82986450195312,189.08999633789062,191.5,187.55999755859375,190.77000427246094,3166200,AXP
2022-03-22,180.9483184814453,191.3300018310547,194.35000610351562,190.05999755859375,190.5,3007000,AXP
2022-03-23,175.92648315429688,186.02000427246094,189.6199951171875,185.17999267578125,188.8300018310547,3664600,AXP
2022-03-24,178.64076232910156,188.88999938964844,189.3699951171875,185.6999969482422,186.61000061035156,2424400,AXP
2022-03-25,179.95530700683594,190.27999877929688,191.25999450683594,189.0,190.41000366210938,1871900,AXP
2022-03-28,179.4067840576172,189.6999969482422,189.9499969482422,186.2899932861328,189.9499969482422,3043700,AXP
2022-03-29,180.5795135498047,190.94000244140625,194.0,190.36000061035156,192.3300018310547,2764100,AXP
2022-03-30,179.46348571777344,189.75999450683594,192.10000610351562,188.39999389648438,191.38999938964844,2278000,AXP
2022-03-31,176.85325622558594,187.0,191.11000061035156,186.94000244140625,189.52999877929688,3801600,AXP
2022-04-01,177.01405334472656,187.1699981689453,189.4199981689453,186.27999877929688,188.1999969482422,2647000,AXP
2022-04-04,177.4774627685547,187.66000366210938,188.5,185.58999633789062,187.6199951171875,2971400,AXP
2022-04-05,175.34005737304688,185.39999389648438,190.83999633789062,184.8000030517578,187.49000549316406,2974700,AXP
2022-04-06,173.7418212890625,183.7100067138672,184.8699951171875,181.72999572753906,184.49000549316406,3143300,AXP
2022-04-07,172.98304748535156,182.38999938964844,183.27000427246094,179.11000061035156,181.52000427246094,4062400,AXP
2022-04-08,174.22547912597656,183.6999969482422,186.72000122070312,181.92999267578125,183.0,3075600,AXP
2022-04-11,168.4116668701172,177.57000732421875,182.44000244140625,177.25,181.05999755859375,4816800,AXP
2022-04-12,166.486328125,175.5399932861328,179.25,174.7100067138672,176.57000732421875,4348900,AXP
2022-04-13,170.32745361328125,179.58999633789062,180.02000427246094,174.0,174.22999572753906,2980600,AXP
2022-04-14,171.81651306152344,181.16000366210938,182.47000122070312,178.67999267578125,179.27000427246094,2667100,AXP
2022-04-18,174.9652862548828,184.47999572753906,185.88999938964844,181.0,181.3300018310547,2182700,AXP
2022-04-19,177.5165252685547,187.1699981689453,188.08999633789062,184.7100067138672,185.00999450683594,2713800,AXP
2022-04-20,178.74000549316406,188.4600067138672,190.14999389648438,187.63999938964844,188.3300018310547,2256200,AXP
2022-04-21,176.16026306152344,185.74000549316406,192.4199981689453,184.5800018310547,190.94000244140625,3973200,AXP
2022-04-22,171.2284698486328,180.5399932861328,185.5500030517578,180.32000732421875,185.42999267578125,4373700,AXP
2022-04-25,174.6048583984375,184.10000610351562,184.25999450683594,177.99000549316406,179.97999572753906,4408900,AXP
2022-04-26,169.4359588623047,178.64999389648438,183.91000366210938,178.5399932861328,183.25,3728100,AXP
2022-04-27,168.46859741210938,177.6300048828125,179.41000366210938,175.5,177.66000366210938,4085800,AXP
2022-04-28,172.5941925048828,181.97999572753906,183.88999938964844,177.61000061035156,180.35000610351562,2703200,AXP
2022-04-29,165.6991424560547,174.7100067138672,182.30999755859375,174.3300018310547,180.08999633789062,3210100,AXP
2022-05-02,162.76853942871094,171.6199951171875,174.8800048828125,167.50999450683594,174.64999389648438,3881800,AXP
2022-05-03,163.23324584960938,172.11000061035156,174.0,170.3300018310547,173.0,3152300,AXP
2022-05-04,168.6487579345703,177.82000732421875,178.1699981689453,171.1999969482422,172.22000122070312,2930400,AXP
2022-05-05,162.1900177001953,171.00999450683594,176.75999450683594,169.3300018310547,176.63999938964844,2987100,AXP
2022-05-06,158.529052734375,167.14999389648438,169.99000549316406,165.00999450683594,169.1699981689453,3129800,AXP
2022-05-09,152.7152557373047,161.02000427246094,166.02000427246094,160.3800048828125,165.02999877929688,4485200,AXP
2022-05-10,153.48342895507812,161.8300018310547,164.72999572753906,158.38999938964844,163.4199981689453,3014800,AXP
2022-05-11,151.16934204101562,159.38999938964844,164.94000244140625,159.0399932861328,161.72999572753906,2644300,AXP
2022-05-12,145.364990234375,153.27000427246094,157.16000366210938,149.8800048828125,155.60000610351562,5314800,AXP
2022-05-13,150.56231689453125,158.75,160.08999633789062,155.8800048828125,155.9600067138672,3625100,AXP
2022-05-16,148.36196899414062,156.42999267578125,158.74000549316406,154.32000732421875,157.41000366210938,2811300,AXP
2022-05-17,153.50242614746094,161.85000610351562,162.75999450683594,158.39999389648438,161.07000732421875,2928100,AXP
2022-05-18,148.04901123046875,156.10000610351562,160.85000610351562,155.39999389648438,160.7899932861328,2697700,AXP
2022-05-19,146.0572967529297,154.0,156.4600067138672,153.25,153.57000732421875,2768300,AXP
2022-05-20,145.33651733398438,153.24000549316406,154.8000030517578,149.7100067138672,154.35000610351562,2982500,AXP
2022-05-23,150.83734130859375,159.0399932861328,159.55999755859375,156.02000427246094,156.61000061035156,2726600,AXP
2022-05-24,147.60324096679688,155.6300048828125,157.97000122070312,152.9199981689453,157.2899932861328,2817800,AXP
2022-05-25,152.23155212402344,160.50999450683594,161.75999450683594,156.07000732421875,157.13999938964844,4381000,AXP
2022-05-26,156.8408660888672,165.3699951171875,166.77000427246094,162.6999969482422,162.6999969482422,2463900,AXP
2022-05-27,160.85272216796875,169.60000610351562,169.67999267578125,166.0399932861328,167.0800018310547,2157500,AXP
2022-05-31,160.1129150390625,168.82000732421875,170.77999877929688,167.0399932861328,167.94000244140625,4123500,AXP
2022-06-01,157.21078491210938,165.75999450683594,169.3699951171875,163.83999633789062,168.6999969482422,2276400,AXP
2022-06-02,160.4164276123047,169.13999938964844,169.19000244140625,165.92999267578125,166.13999938964844,1707000,AXP
2022-06-03,158.22557067871094,166.8300018310547,168.0399932861328,165.97999572753906,166.89999389648438,1390700,AXP
2022-06-06,158.40577697753906,167.02000427246094,170.25999450683594,166.27000427246094,169.10000610351562,1486000,AXP
2022-06-07,159.98965454101562,168.69000244140625,169.47999572753906,164.4499969482422,164.63999938964844,2083100,AXP
2022-06-08,157.40045166015625,165.9600067138672,168.63999938964844,165.19000244140625,166.75,2313900,AXP
2022-06-09,152.67726135253906,160.97999572753906,166.57000732421875,160.92999267578125,166.22000122070312,2273800,AXP
2022-06-10,146.45565795898438,154.4199981689453,157.8800048828125,154.36000061035156,157.25999450683594,2733300,AXP
2022-06-13,138.74493408203125,146.2899932861328,151.02999877929688,145.3800048828125,149.86000061035156,4156500,AXP
2022-06-14,137.14212036132812,144.60000610351562,147.39999389648438,143.25,145.9499969482422,3574800,AXP
2022-06-15,138.6785888671875,146.22000122070312,147.88999938964844,143.44000244140625,146.69000244140625,3327800,AXP
2022-06-16,130.4082794189453,137.5,142.60000610351562,136.49000549316406,142.58999633789062,4815100,AXP
2022-06-17,136.74378967285156,144.17999267578125,145.55999755859375,137.58999633789062,138.0,10033600,AXP
2022-06-21,137.29385375976562,144.75999450683594,148.6999969482422,144.16000366210938,148.6999969482422,3518800,AXP
2022-06-22,136.9429473876953,144.38999938964844,146.35000610351562,141.33999633789062,142.22999572753906,3419000,AXP
2022-06-23,134.34426879882812,141.64999389648438,144.6300048828125,139.47000122070312,144.52000427246094,3915000,AXP
2022-06-24,138.61216735839844,146.14999389648438,146.27000427246094,141.0,141.6300048828125,8957200,AXP
2022-06-27,136.8480987548828,144.2899932861328,148.77000427246094,143.9499969482422,147.99000549316406,3151500,AXP
2022-06-28,134.85643005371094,142.19000244140625,149.50999450683594,141.85000610351562,146.0800018310547,2649300,AXP
2022-06-29,132.27671813964844,139.47000122070312,141.67999267578125,138.4499969482422,141.64999389648438,4164900,AXP
2022-06-30,131.96255493164062,138.6199951171875,139.8699951171875,134.3000030517578,136.6999969482422,4123500,AXP
2022-07-01,133.6570587158203,140.39999389648438,140.88999938964844,137.47000122070312,138.07000732421875,2625300,AXP
2022-07-05,132.94309997558594,139.64999389648438,139.64999389648438,135.64999389648438,137.22000122070312,4057000,AXP
2022-07-06,131.51510620117188,138.14999389648438,140.5,137.85000610351562,139.2899932861328,4401300,AXP
2022-07-07,134.2567901611328,141.02999877929688,142.1699981689453,139.14999389648438,140.17999267578125,4258000,AXP
2022-07-08,134.9517364501953,141.75999450683594,143.11000061035156,139.72000122070312,141.74000549316406,3631800,AXP
2022-07-11,133.8284454345703,140.5800018310547,142.30999755859375,139.83999633789062,140.47000122070312,2373600,AXP
2022-07-12,132.49566650390625,139.17999267578125,141.88999938964844,137.05999755859375,137.52999877929688,4047400,AXP
2022-07-13,132.70509338378906,139.39999389648438,140.02000427246094,136.36000061035156,136.83999633789062,2753800,AXP
2022-07-14,129.92530822753906,136.47999572753906,137.24000549316406,134.1199951171875,135.6999969482422,4600200,AXP
2022-07-15,135.63714599609375,142.47999572753906,143.11000061035156,138.8699951171875,139.7100067138672,3296600,AXP
2022-07-18,135.49436950683594,142.3300018310547,146.0500030517578,141.52000427246094,144.33999633789062,3330300,AXP
2022-07-19,140.6826171875,147.77999877929688,147.92999267578125,144.39999389648438,144.39999389648438,3372300,AXP
2022-07-20,141.77740478515625,148.92999267578125,149.10000610351562,146.3699951171875,146.8699951171875,2802300,AXP
2022-07-21,142.9673614501953,150.17999267578125,150.3300018310547,146.4499969482422,148.2100067138672,4683000,AXP
2022-07-22,145.66143798828125,153.00999450683594,160.8800048828125,152.6199951171875,159.00999450683594,9298400,AXP
2022-07-25,146.40396118164062,153.7899932861328,154.77999877929688,151.2100067138672,154.25,4213800,AXP
2022-07-26,142.63417053222656,149.8300018310547,153.5,148.83999633789062,152.72999572753906,2812700,AXP
2022-07-27,144.3477325439453,151.6300048828125,152.72000122070312,147.27000427246094,151.60000610351562,5029100,AXP
2022-07-28,144.833251953125,152.13999938964844,152.64999389648438,147.5399932861328,151.75999450683594,3587900,AXP
2022-07-29,146.6229705810547,154.02000427246094,154.3800048828125,151.2899932861328,152.3699951171875,3197900,AXP
2022-08-01,145.96607971191406,153.3300018310547,154.77000427246094,151.8000030517578,152.83999633789062,2295600,AXP
2022-08-02,144.31918334960938,151.60000610351562,153.3000030517578,150.83999633789062,152.02000427246094,2562900,AXP
2022-08-03,147.96519470214844,155.42999267578125,156.0399932861328,153.30999755859375,154.07000732421875,2609300,AXP
2022-08-04,149.3360595703125,156.8699951171875,157.7100067138672,155.25999450683594,156.02000427246094,3693300,AXP
2022-08-05,149.9453125,157.50999450683594,158.0399932861328,156.0,156.47999572753906,2513600,AXP
2022-08-08,149.72634887695312,157.27999877929688,160.7899932861328,156.94000244140625,159.0,3080700,AXP
2022-08-09,151.1733856201172,158.8000030517578,158.94000244140625,157.27000427246094,157.63999938964844,2997900,AXP
2022-08-10,154.6385498046875,162.44000244140625,164.2100067138672,161.63999938964844,161.77000427246094,3225400,AXP
2022-08-11,155.16209411621094,162.99000549316406,164.9199981689453,162.17999267578125,164.36000061035156,1968200,AXP
2022-08-12,157.87527465820312,165.83999633789062,166.0,163.27999877929688,164.47000122070312,1942600,AXP
2022-08-15,157.4563751220703,165.39999389648438,166.05999755859375,163.75999450683594,164.27999877929688,1852800,AXP
2022-08-16,157.4087677001953,165.35000610351562,165.97999572753906,163.9600067138672,165.0,1876000,AXP
2022-08-17,156.0284423828125,163.89999389648438,164.47999572753906,162.1999969482422,163.3000030517578,1804100,AXP
2022-08-18,156.74241638183594,164.64999389648438,164.99000549316406,163.33999633789062,163.92999267578125,1397700,AXP
2022-08-19,154.44815063476562,162.24000549316406,163.92999267578125,162.00999450683594,163.5,1895400,AXP
2022-08-22,150.12620544433594,157.6999969482422,159.19000244140625,156.97999572753906,158.97999572753906,1969300,AXP
2022-08-23,149.77394104003906,157.3300018310547,159.60000610351562,157.1999969482422,158.0,2885200,AXP
2022-08-24,151.48751831054688,159.1300048828125,159.55999755859375,156.2899932861328,157.02999877929688,2029200,AXP
2022-08-25,154.43861389160156,162.22999572753906,162.3300018310547,158.77999877929688,160.0,1936300,AXP
2022-08-26,149.7549591064453,157.30999755859375,163.58999633789062,157.19000244140625,163.2100067138672,2373700,AXP
2022-08-29,147.1179656982422,154.5399932861328,156.50999450683594,154.41000366210938,155.8800048828125,2693600,AXP
2022-08-30,147.23220825195312,154.66000366210938,156.1199951171875,152.89999389648438,155.63999938964844,2104500,AXP
2022-08-31,144.699951171875,152.0,156.3699951171875,151.83999633789062,155.55999755859375,3271600,AXP
2022-09-01,143.85269165039062,151.11000061035156,151.3699951171875,147.64999389648438,150.82000732421875,2425200,AXP
2022-09-02,142.59608459472656,149.7899932861328,153.97999572753906,148.92999267578125,153.47999572753906,2028500,AXP
2022-09-06,141.46324157714844,148.60000610351562,151.30999755859375,146.5500030517578,150.0,2797600,AXP
2022-09-07,144.93797302246094,152.25,152.6999969482422,148.3800048828125,148.39999389648438,1766400,AXP
2022-09-08,146.14695739746094,153.52000427246094,153.69000244140625,149.50999450683594,150.9199981689453,3399200,AXP
2022-09-09,150.83067321777344,158.44000244140625,158.58999633789062,154.3000030517578,154.4499969482422,3543500,AXP
2022-09-12,154.64805603027344,162.4499969482422,163.4499969482422,159.33999633789062,159.5,4146300,AXP
2022-09-13,147.88906860351562,155.35000610351562,159.80999755859375,154.83999633789062,158.13999938964844,3519800,AXP
2022-09-14,148.7934112548828,156.3000030517578,157.55999755859375,153.5,156.17999267578125,2840200,AXP
2022-09-15,148.631591796875,156.1300048828125,158.7899932861328,155.89999389648438,156.42999267578125,2371600,AXP
2022-09-16,145.7280731201172,153.0800018310547,154.0800018310547,150.50999450683594,154.0800018310547,6527200,AXP
2022-09-19,147.8986053466797,155.36000061035156,155.47999572753906,150.6999969482422,151.25,2472500,AXP
2022-09-20,146.1088409423828,153.47999572753906,154.58999633789062,152.1300048828125,153.5800018310547,1725900,AXP
2022-09-21,141.5679473876953,148.7100067138672,154.80999755859375,148.66000366210938,154.6699981689453,2599900,AXP
2022-09-22,136.16073608398438,143.02999877929688,148.88999938964844,142.47000122070312,148.82000732421875,3249400,AXP
2022-09-23,133.52377319335938,140.25999450683594,141.9600067138672,138.08999633789062,140.77999877929688,3035600,AXP
2022-09-26,130.84873962402344,137.4499969482422,141.2899932861328,136.6999969482422,140.0399932861328,3808700,AXP
2022-09-27,130.88682556152344,137.49000549316406,140.3800048828125,136.10000610351562,139.44000244140625,2828700,AXP
2022-09-28,133.80935668945312,140.55999755859375,141.17999267578125,136.52000427246094,138.5,5269500,AXP
2022-09-29,131.1724395751953,137.7899932861328,138.9499969482422,135.83999633789062,138.38999938964844,2280700,AXP
2022-09-30,128.4307403564453,134.91000366210938,138.6699981689453,134.6199951171875,137.39999389648438,3717200,AXP
2022-10-03,133.29531860351562,140.02000427246094,140.77000427246094,134.9199981689453,137.9499969482422,2677100,AXP
2022-10-04,138.47402954101562,145.4600067138672,145.5500030517578,143.02999877929688,143.02999877929688,2408800,AXP
2022-10-05,137.43638610839844,144.3699951171875,145.2899932861328,142.0800018310547,142.9199981689453,2073800,AXP
2022-10-06,135.54197692871094,142.3800048828125,145.05999755859375,142.1300048828125,143.0500030517578,2526000,AXP
2022-10-07,132.32432556152344,139.0,141.2899932861328,138.0800018310547,140.4199981689453,2579600,AXP
2022-10-10,130.9058380126953,137.50999450683594,140.3800048828125,136.64999389648438,140.00999450683594,2893400,AXP
2022-10-11,130.75355529785156,137.35000610351562,139.2100067138672,135.38999938964844,136.3699951171875,2588700,AXP
2022-10-12,130.17283630371094,136.74000549316406,138.4499969482422,136.11000061035156,137.30999755859375,2397400,AXP
2022-10-13,135.2662353515625,141.5500030517578,142.5500030517578,130.64999389648438,131.35000610351562,5232300,AXP
2022-10-14,130.73663330078125,136.80999755859375,143.8800048828125,136.13999938964844,142.9600067138672,3871900,AXP
2022-10-17,135.25665283203125,141.5399932861328,142.22000122070312,140.08999633789062,140.5800018310547,3139300,AXP
2022-10-18,139.5091552734375,145.99000549316406,147.0500030517578,143.5500030517578,146.1300048828125,3963300,AXP
2022-10-19,137.5788116455078,143.97000122070312,147.07000732421875,142.60000610351562,145.42999267578125,2803900,AXP
2022-10-20,136.09762573242188,142.4199981689453,147.32000732421875,142.14999389648438,144.0,4319300,AXP
2022-10-21,133.82327270507812,140.0399932861328,141.32000732421875,132.2100067138672,140.99000549316406,11755400,AXP
2022-10-24,135.3426971435547,141.6300048828125,143.7899932861328,140.3699951171875,141.3000030517578,4299600,AXP
2022-10-25,140.49339294433594,147.02000427246094,147.44000244140625,141.60000610351562,142.47999572753906,3889100,AXP
2022-10-26,140.35963439941406,146.8800048828125,149.5,146.47000122070312,147.55999755859375,3559100,AXP
2022-10-27,140.44558715820312,146.97000122070312,149.7100067138672,146.41000366210938,148.44000244140625,2101300,AXP
2022-10-28,143.76158142089844,150.44000244140625,150.91000366210938,146.0500030517578,146.55999755859375,3383100,AXP
2022-10-31,141.85992431640625,148.4499969482422,150.3000030517578,148.32000732421875,150.0,3042900,AXP
2022-11-01,140.55076599121094,147.0800018310547,150.6300048828125,146.6300048828125,149.9600067138672,2675500,AXP
2022-11-02,137.1296844482422,143.5,149.02999877929688,143.3699951171875,146.5800018310547,2851600,AXP
2022-11-03,133.12571716308594,139.30999755859375,142.1999969482422,138.77000427246094,141.08999633789062,3960500,AXP
2022-11-04,138.29551696777344,144.72000122070312,146.36000061035156,141.0,142.39999389648438,3322100,AXP
2022-11-07,140.4551544189453,146.97999572753906,147.5399932861328,143.75999450683594,146.1999969482422,2918000,AXP
2022-11-08,143.53221130371094,150.1999969482422,151.33999633789062,147.13999938964844,147.44000244140625,3846000,AXP
2022-11-09,139.3848876953125,145.86000061035156,149.47000122070312,145.66000366210938,149.47000122070312,2425500,AXP
2022-11-10,147.88023376464844,154.75,155.7899932861328,151.30999755859375,152.7899932861328,4701600,AXP
2022-11-11,148.0140380859375,154.88999938964844,158.8800048828125,154.6999969482422,156.49000549316406,3714600,AXP
2022-11-14,147.2877655029297,154.1300048828125,156.5,153.05999755859375,153.3699951171875,3666500,AXP
2022-11-15,147.0583953857422,153.88999938964844,157.35000610351562,152.32000732421875,156.9600067138672,2916900,AXP
2022-11-16,145.7970428466797,152.57000732421875,155.91000366210938,151.85000610351562,154.2100067138672,2635300,AXP
2022-11-17,143.9527130126953,150.63999938964844,151.05999755859375,149.22000122070312,150.0,2769600,AXP
2022-11-18,145.7301483154297,152.5,153.75999450683594,150.94000244140625,152.25,2631300,AXP
2022-11-21,146.02638244628906,152.80999755859375,153.4600067138672,151.88999938964844,152.25,2003500,AXP
2022-11-22,147.71778869628906,154.5800018310547,155.14999389648438,153.2899932861328,154.10000610351562,2124600,AXP
2022-11-23,147.09661865234375,153.92999267578125,154.99000549316406,152.8800048828125,153.8300018310547,1404400,AXP
2022-11-25,147.306884765625,154.14999389648438,154.47000122070312,153.1699981689453,153.52000427246094,665800,AXP
2022-11-28,144.17250061035156,150.8699951171875,153.77999877929688,150.3699951171875,152.69000244140625,1782900,AXP
2022-11-29,147.5648956298828,154.4199981689453,154.47000122070312,150.52999877929688,150.9600067138672,2655700,AXP
2022-11-30,150.59414672851562,157.58999633789062,157.58999633789062,151.47999572753906,153.83999633789062,3914700,AXP
2022-12-01,150.5081787109375,157.5,158.8699951171875,154.75,157.72000122070312,2670300,AXP
2022-12-02,149.7914581298828,156.75,157.27999877929688,155.0,155.22000122070312,2285400,AXP
2022-12-05,149.1511993408203,156.0800018310547,159.4499969482422,155.5500030517578,155.9600067138672,3013100,AXP
2022-12-06,147.83241271972656,154.6999969482422,158.33999633789062,153.32000732421875,155.75,3285100,AXP
2022-12-07,147.8993682861328,154.77000427246094,156.99000549316406,154.30999755859375,154.55999755859375,2879800,AXP
2022-12-08,147.27821350097656,154.1199951171875,156.4199981689453,153.4499969482422,155.88999938964844,1632400,AXP
2022-12-09,147.0679931640625,153.89999389648438,155.13999938964844,152.6199951171875,153.99000549316406,1761200,AXP
2022-12-12,150.32662963867188,157.30999755859375,157.75999450683594,154.0,154.25999450683594,2773900,AXP
2022-12-13,150.5272979736328,157.52000427246094,161.5500030517578,156.16000366210938,160.6199951171875,3110500,AXP
2022-12-14,147.26864624023438,154.11000061035156,158.6199951171875,153.83999633789062,157.57000732421875,3556200,AXP
2022-12-15,143.55133056640625,150.22000122070312,152.27999877929688,146.47000122070312,151.64999389648438,4282200,AXP
2022-12-16,139.80535888671875,146.3000030517578,148.58999633789062,144.14999389648438,148.58999633789062,4510600,AXP
2022-12-19,138.57261657714844,145.00999450683594,146.74000549316406,143.66000366210938,146.0399932861328,2546000,AXP
2022-12-20,139.2319793701172,145.6999969482422,146.5,144.25,144.99000549316406,1607800,AXP
2022-12-21,140.56985473632812,147.10000610351562,147.77999877929688,146.3699951171875,147.05999755859375,2107100,AXP
2022-12-22,138.8593292236328,145.30999755859375,146.6999969482422,142.72000122070312,146.0500030517578,2901100,AXP
2022-12-23,140.49339294433594,147.02000427246094,147.13999938964844,144.52000427246094,145.22999572753906,1671800,AXP
2022-12-27,139.89137268066406,146.38999938964844,147.86000061035156,145.6699981689453,147.2899932861328,1858500,AXP
2022-12-28,137.6169891357422,144.00999450683594,146.82000732421875,143.94000244140625,146.2100067138672,1490200,AXP
2022-12-29,140.7800750732422,147.32000732421875,147.6199951171875,144.39999389648438,145.0800018310547,1758500,AXP
2022-12-30,141.19100952148438,147.75,147.92999267578125,145.72999572753906,146.00999450683594,2247200,AXP
2023-01-03,140.58897399902344,147.1199951171875,150.4499969482422,145.72999572753906,149.5399932861328,2762200,AXP
2023-01-04,143.8571014404297,150.5399932861328,151.9600067138672,148.55999755859375,148.55999755859375,2620400,AXP
2023-01-05,140.4145965576172,146.42999267578125,148.72000122070312,146.02000427246094,147.16000366210938,2505700,AXP
2023-01-06,144.00094604492188,150.1699981689453,150.42999267578125,145.47999572753906,147.74000549316406,3077400,AXP
2023-01-09,144.2215118408203,150.39999389648438,152.4499969482422,150.10000610351562,151.35000610351562,3219400,AXP
2023-01-10,145.7557830810547,152.0,152.17999267578125,149.27999877929688,150.50999450683594,2198400,AXP
2023-01-11,147.59690856933594,153.9199981689453,154.11000061035156,152.27000427246094,152.3000030517578,3113600,AXP
2023-01-12,148.55581665039062,154.9199981689453,155.75,152.39999389648438,154.75999450683594,3322400,AXP
2023-01-13,149.36129760742188,155.75999450683594,156.25,152.3000030517578,153.24000549316406,2391300,AXP
2023-01-17,147.43389892578125,153.75,156.10000610351562,153.3699951171875,155.5399932861328,3073400,AXP
2023-01-18,144.24069213867188,150.4199981689453,154.75999450683594,150.32000732421875,154.49000549316406,2762400,AXP
2023-01-19,140.8173370361328,146.85000610351562,148.0,144.1999969482422,146.61000061035156,3852300,AXP
2023-01-20,145.3722381591797,151.60000610351562,151.77999877929688,147.72000122070312,147.9600067138672,3954800,AXP
2023-01-23,147.67364501953125,154.0,155.05999755859375,151.5500030517578,152.0,3608700,AXP
2023-01-24,148.948974609375,155.3300018310547,156.6699981689453,152.66000366210938,152.9199981689453,2348500,AXP
2023-01-25,150.329833984375,156.77000427246094,157.05999755859375,153.3699951171875,153.49000549316406,2916500,AXP
2023-01-26,149.47640991210938,155.8800048828125,158.22999572753906,154.2899932861328,157.64999389648438,3640300,AXP
2023-01-27,165.2314453125,172.30999755859375,175.5399932861328,165.5,166.8000030517578,13997300,AXP
2023-01-30,165.56707763671875,172.66000366210938,177.86000061035156,172.50999450683594,174.7899932861328,10240700,AXP
2023-01-31,167.74378967285156,174.92999267578125,175.30999755859375,171.89999389648438,172.91000366210938,5170900,AXP
2023-02-01,166.47805786132812,173.61000061035156,175.1199951171875,171.92999267578125,173.3800048828125,3725200,AXP
2023-02-02,166.01773071289062,173.1300048828125,175.22000122070312,171.0800018310547,174.16000366210938,6895500,AXP
2023-02-03,171.5124053955078,178.86000061035156,180.39999389648438,171.2100067138672,171.55999755859375,5305100,AXP
2023-02-06,169.2301483154297,176.47999572753906,177.75,175.69000244140625,176.74000549316406,3397800,AXP
2023-02-07,171.3589630126953,178.6999969482422,179.02999877929688,174.75,175.0500030517578,3526300,AXP
2023-02-08,171.6466064453125,179.0,180.10000610351562,177.8800048828125,179.75,2926500,AXP
2023-02-09,172.00140380859375,179.3699951171875,182.0800018310547,178.47999572753906,179.14999389648438,3557900,AXP
2023-02-10,171.88636779785156,179.25,179.72999572753906,176.49000549316406,178.57000732421875,2586200,AXP
2023-02-13,173.8809356689453,181.3300018310547,181.3800048828125,178.27999877929688,179.24000549316406,3102400,AXP
2023-02-14,173.58363342285156,181.02000427246094,182.14999389648438,178.7899932861328,180.30999755859375,2325900,AXP
2023-02-15,173.24803161621094,180.6699981689453,180.74000549316406,178.5,178.9199981689453,1501200,AXP
2023-02-16,170.6301727294922,177.94000244140625,179.8800048828125,177.67999267578125,179.47999572753906,1899100,AXP
2023-02-17,170.01646423339844,177.3000030517578,177.61000061035156,174.66000366210938,176.0500030517578,2355300,AXP
2023-02-21,166.35336303710938,173.47999572753906,176.5,173.32000732421875,175.1199951171875,2713300,AXP
2023-02-22,167.52328491210938,174.6999969482422,176.02000427246094,172.92999267578125,173.55999755859375,2468800,AXP
2023-02-23,167.94520568847656,175.13999938964844,176.60000610351562,172.86000061035156,175.24000549316406,2575300,AXP
2023-02-24,167.09176635742188,174.25,174.94000244140625,172.19000244140625,173.69000244140625,1667400,AXP
2023-02-27,166.1807861328125,173.3000030517578,175.69000244140625,173.0800018310547,175.52999877929688,1909000,AXP
2023-02-28,166.8424072265625,173.99000549316406,175.33999633789062,173.5800018310547,174.00999450683594,2301400,AXP
2023-03-01,168.6835479736328,175.91000366210938,177.1999969482422,173.00999450683594,173.50999450683594,2566500,AXP
2023-03-02,168.136962890625,175.33999633789062,175.8300018310547,172.66000366210938,174.0399932861328,1795000,AXP
2023-03-03,171.73294067382812,179.08999633789062,179.38999938964844,175.22999572753906,176.00999450683594,2875600,AXP
2023-03-06,171.70416259765625,179.05999755859375,180.52000427246094,178.4600067138672,178.55999755859375,2730700,AXP
2023-03-07,168.1177978515625,175.32000732421875,178.89999389648438,175.0800018310547,178.6699981689453,2906400,AXP
2023-03-08,167.64791870117188,174.8300018310547,176.22000122070312,173.57000732421875,175.8300018310547,2101400,AXP
2023-03-09,165.04925537109375,172.1199951171875,180.27000427246094,171.9600067138672,179.60000610351562,4349400,AXP
2023-03-10,158.89300537109375,165.6999969482422,170.8300018310547,164.83999633789062,170.8300018310547,5104300,AXP
2023-03-13,151.15451049804688,157.6300048828125,161.99000549316406,157.4199981689453,161.49000549316406,6123200,AXP
2023-03-14,157.17654418945312,163.91000366210938,164.32000732421875,160.8800048828125,161.5,5284000,AXP
2023-03-15,153.24496459960938,159.80999755859375,159.9600067138672,155.92999267578125,157.91000366210938,6100800,AXP
2023-03-16,154.12716674804688,160.72999572753906,161.9199981689453,156.10000610351562,158.05999755859375,4737300,AXP
2023-03-17,150.09010314941406,156.52000427246094,158.64999389648438,154.89999389648438,158.22000122070312,7447200,AXP
2023-03-20,152.21890258789062,158.74000549316406,160.69000244140625,157.57000732421875,158.3699951171875,3054300,AXP
2023-03-21,157.79983520507812,164.55999755859375,164.57000732421875,161.6999969482422,162.94000244140625,3986800,AXP
2023-03-22,156.064208984375,162.75,166.77000427246094,162.5,164.6300048828125,4367300,AXP
2023-03-23,156.07374572753906,162.75999450683594,166.24000549316406,160.82000732421875,162.6699981689453,3727500,AXP
2023-03-24,153.21617126464844,159.77999877929688,160.7100067138672,157.82000732421875,160.52000427246094,2588700,AXP
2023-03-27,156.4189910888672,163.1199951171875,164.47000122070312,161.8300018310547,163.9499969482422,3984300,AXP
2023-03-28,152.66961669921875,159.2100067138672,162.58999633789062,158.19000244140625,162.2100067138672,4883700,AXP
2023-03-29,156.8696746826172,163.58999633789062,164.19000244140625,161.0800018310547,161.6999969482422,3884800,AXP
2023-03-30,155.73814392089844,162.41000366210938,164.9600067138672,161.80999755859375,163.9600067138672,2644800,AXP
2023-03-31,158.17381286621094,164.9499969482422,165.0800018310547,161.75,163.6699981689453,3594300,AXP
2023-04-03,157.05186462402344,163.77999877929688,165.24000549316406,162.67999267578125,164.11000061035156,2704400,AXP
2023-04-04,155.8820037841797,162.55999755859375,165.19000244140625,160.8300018310547,165.00999450683594,2063500,AXP
2023-04-05,155.03500366210938,161.0800018310547,161.60000610351562,160.19000244140625,160.55999755859375,2346800,AXP
2023-04-06,152.8694610595703,158.8300018310547,160.7899932861328,158.22999572753906,160.6300048828125,3754500,AXP
2023-04-10,155.09275817871094,161.13999938964844,161.1699981689453,157.8000030517578,158.0399932861328,2372600,AXP
2023-04-11,155.75685119628906,161.8300018310547,162.5800018310547,160.32000732421875,161.6699981689453,2742300,AXP
2023-04-12,153.3121795654297,159.2899932861328,163.22000122070312,158.8699951171875,163.22000122070312,2817600,AXP
2023-04-13,156.20924377441406,162.3000030517578,162.4199981689453,158.97999572753906,159.8000030517578,2729000,AXP
2023-04-14,157.09471130371094,163.22000122070312,164.77000427246094,161.4600067138672,164.24000549316406,2618100,AXP
2023-04-17,157.5663299560547,163.7100067138672,163.74000549316406,160.88999938964844,161.94000244140625,2622300,AXP
2023-04-18,158.2304229736328,164.39999389648438,165.0500030517578,163.27999877929688,164.60000610351562,2444500,AXP
2023-04-19,158.75979614257812,164.9499969482422,166.5500030517578,163.74000549316406,164.3699951171875,3768600,AXP
2023-04-20,157.15245056152344,163.27999877929688,163.75,154.00999450683594,159.0,10832400,AXP
2023-04-21,157.63368225097656,163.77999877929688,164.77000427246094,161.22999572753906,163.02000427246094,3882500,AXP
2023-04-24,154.5634307861328,160.58999633789062,164.3000030517578,160.39999389648438,164.22999572753906,2473500,AXP
2023-04-25,150.2611083984375,156.1199951171875,159.25,155.97000122070312,158.91000366210938,3421300,AXP
2023-04-26,149.87615966796875,155.72000122070312,157.25999450683594,155.0800018310547,155.77000427246094,2789100,AXP
2023-04-27,152.5037078857422,158.4499969482422,158.6999969482422,155.91000366210938,156.5399932861328,2143500,AXP
2023-04-28,155.28524780273438,161.33999633789062,161.3800048828125,156.8800048828125,157.3000030517578,2380100,AXP
2023-05-01,153.34107971191406,159.32000732421875,161.85000610351562,158.67999267578125,161.85000610351562,1803600,AXP
2023-05-02,147.49887084960938,153.25,158.35000610351562,151.91000366210938,158.35000610351562,4925600,AXP
2023-05-03,146.49790954589844,152.2100067138672,154.97999572753906,151.83999633789062,153.25999450683594,2655300,AXP
2023-05-04,143.22544860839844,148.80999755859375,151.25,147.39999389648438,151.02999877929688,3997900,AXP
2023-05-05,146.92138671875,152.64999389648438,153.32000732421875,151.1199951171875,151.2899932861328,2223200,AXP
2023-05-08,147.29673767089844,153.0399932861328,154.5800018310547,152.9499969482422,153.41000366210938,2271600,AXP
2023-05-09,147.6239776611328,153.3800048828125,153.72999572753906,151.8800048828125,152.0,2322700,AXP
2023-05-10,143.10032653808594,148.67999267578125,154.6699981689453,147.9499969482422,153.61000061035156,4602600,AXP
2023-05-11,142.4362335205078,147.99000549316406,148.5,146.27999877929688,147.97000122070312,2900300,AXP
2023-05-12,142.37850952148438,147.92999267578125,149.32000732421875,147.08999633789062,149.32000732421875,2320000,AXP
2023-05-15,144.37083435058594,150.0,150.2100067138672,147.92999267578125,148.17999267578125,2271900,AXP
2023-05-16,142.84051513671875,148.41000366210938,152.41000366210938,148.3699951171875,150.19000244140625,1960200,AXP
2023-05-17,146.38238525390625,152.08999633789062,152.88999938964844,149.3000030517578,149.82000732421875,2446500,AXP
2023-05-18,147.72021484375,153.47999572753906,154.1199951171875,151.05999755859375,152.25,2629800,AXP
2023-05-19,147.21009826660156,152.9499969482422,154.9199981689453,152.13999938964844,154.57000732421875,2258600,AXP
2023-05-22,149.6740264892578,155.50999450683594,155.89999389648438,153.27999877929688,153.6699981689453,2483800,AXP
2023-05-23,146.8347625732422,152.55999755859375,155.75999450683594,152.5,154.47000122070312,2928400,AXP
2023-05-24,145.06381225585938,150.72000122070312,151.6999969482422,150.1199951171875,151.5,2308400,AXP
2023-05-25,145.4102783203125,151.0800018310547,151.5,149.3699951171875,149.60000610351562,3234300,AXP
2023-05-26,151.33909606933594,157.24000549316406,158.25,152.52999877929688,152.80999755859375,4015400,AXP
2023-05-30,152.08021545410156,158.00999450683594,158.9499969482422,156.66000366210938,157.14999389648438,3268200,AXP
2023-05-31,152.60958862304688,158.55999755859375,159.60000610351562,156.25999450683594,157.6699981689453,5588500,AXP
2023-06-01,156.6134796142578,162.72000122070312,163.99000549316406,158.22999572753906,159.05999755859375,4087200,AXP
2023-06-02,162.23428344726562,168.55999755859375,169.85000610351562,164.49000549316406,164.99000549316406,4820500,AXP
2023-06-05,161.14671325683594,167.42999267578125,168.24000549316406,165.8300018310547,168.24000549316406,2870900,AXP
2023-06-06,165.37197875976562,171.82000732421875,172.64999389648438,167.5,167.85000610351562,3631500,AXP
2023-06-07,165.11209106445312,171.5500030517578,173.64999389648438,170.6999969482422,173.64999389648438,2789000,AXP
2023-06-08,164.7174835205078,171.13999938964844,171.52999877929688,169.55999755859375,170.64999389648438,2354400,AXP
2023-06-09,165.27574157714844,171.72000122070312,172.22000122070312,170.94000244140625,171.94000244140625,2200900,AXP
2023-06-12,167.12364196777344,173.63999938964844,173.92999267578125,171.92999267578125,172.00999450683594,2609600,AXP
2023-06-13,168.5673828125,175.13999938964844,176.1199951171875,174.2100067138672,174.41000366210938,2480400,AXP
2023-06-14,167.92254638671875,174.47000122070312,177.0399932861328,173.38999938964844,176.02000427246094,2326100,AXP
2023-06-15,167.2872772216797,173.80999755859375,174.52999877929688,169.57000732421875,171.41000366210938,2797600,AXP
2023-06-16,165.74734497070312,172.2100067138672,174.5800018310547,171.5500030517578,174.1999969482422,4616900,AXP
2023-06-20,163.0524139404297,169.41000366210938,171.22000122070312,168.3300018310547,171.0,2865700,AXP
2023-06-21,161.61834716796875,167.9199981689453,169.10000610351562,166.9499969482422,169.10000610351562,2813600,AXP
2023-06-22,161.94554138183594,168.25999450683594,168.5,165.22999572753906,167.27999877929688,2755900,AXP
2023-06-23,161.76271057128906,168.07000732421875,168.60000610351562,165.74000549316406,166.0,4214400,AXP
2023-06-26,160.83871459960938,167.11000061035156,170.5,167.05999755859375,168.52999877929688,2507100,AXP
2023-06-27,161.87818908691406,168.19000244140625,168.3800048828125,166.17999267578125,166.35000610351562,2433900,AXP
2023-06-28,163.40850830078125,169.77999877929688,169.8699951171875,167.1999969482422,167.25999450683594,2289000,AXP
2023-06-29,165.62222290039062,172.0800018310547,172.30999755859375,170.32000732421875,170.5800018310547,2899200,AXP
2023-06-30,167.66262817382812,174.1999969482422,175.08999633789062,173.3300018310547,174.24000549316406,3371300,AXP
2023-07-03,168.8561248779297,175.44000244140625,176.3300018310547,173.6999969482422,174.3000030517578,1700200,AXP
2023-07-05,168.98123168945312,175.57000732421875,176.57000732421875,174.0399932861328,174.3800048828125,2487800,AXP
2023-07-06,165.08917236328125,170.94000244140625,172.30999755859375,168.22999572753906,171.74000549316406,3157300,AXP
2023-07-07,163.98817443847656,169.8000030517578,171.57000732421875,168.6699981689453,169.1300048828125,2145300,AXP
2023-07-10,165.8328094482422,171.7100067138672,171.8300018310547,169.4499969482422,169.86000061035156,1865600,AXP
2023-07-11,168.66253662109375,174.63999938964844,175.5800018310547,172.32000732421875,172.5,2281900,AXP
2023-07-12,168.36314392089844,174.3300018310547,177.91000366210938,174.30999755859375,177.0,2305800,AXP
2023-07-13,168.27622985839844,174.24000549316406,176.10000610351562,173.89999389648438,175.4199981689453,2080400,AXP
2023-07-14,167.45530700683594,173.38999938964844,175.66000366210938,172.52000427246094,175.36000061035156,1829500,AXP
2023-07-17,169.38687133789062,175.38999938964844,176.25999450683594,172.83999633789062,172.94000244140625,2144100,AXP
2023-07-18,171.94615173339844,178.0399932861328,178.44000244140625,174.42999267578125,175.19000244140625,2685700,AXP
2023-07-19,171.05763244628906,177.1199951171875,178.7899932861328,176.30999755859375,178.25,2749100,AXP
2023-07-20,171.04800415039062,177.11000061035156,177.22000122070312,174.0500030517578,175.55999755859375,3940700,AXP
2023-07-21,164.39381408691406,170.22000122070312,173.33999633789062,167.4199981689453,172.1699981689453,9102100,AXP
2023-07-24,162.04698181152344,167.7899932861328,169.0,166.92999267578125,167.58999633789062,4979900,AXP
2023-07-25,160.80116271972656,166.5,168.9499969482422,166.4199981689453,167.35000610351562,3286700,AXP
2023-07-26,162.00833129882812,167.75,168.42999267578125,166.05999755859375,166.1699981689453,2352000,AXP
2023-07-27,158.00039672851562,163.60000610351562,168.5399932861328,163.1699981689453,168.52999877929688,3944200,AXP
2023-07-28,159.76776123046875,165.42999267578125,166.5800018310547,164.63999938964844,165.2899932861328,2925900,AXP
2023-07-31,163.0996856689453,168.8800048828125,168.99000549316406,166.50999450683594,166.50999450683594,3345900,AXP
2023-08-01,163.84332275390625,169.64999389648438,169.80999755859375,167.25999450683594,167.9499969482422,2340100,AXP
2023-08-02,161.04258728027344,166.75,167.75,166.0500030517578,167.27999877929688,2236200,AXP
2023-08-03,160.7142333984375,166.41000366210938,166.66000366210938,165.02999877929688,165.83999633789062,1708700,AXP
2023-08-04,159.74844360351562,165.41000366210938,168.10000610351562,165.05999755859375,166.52999877929688,2256000,AXP
2023-08-07,161.24539184570312,166.9600067138672,167.3300018310547,166.13999938964844,166.85000610351562,2027200,AXP
2023-08-08,160.1927032470703,165.8699951171875,165.99000549316406,163.58999633789062,164.89999389648438,2102900,AXP
2023-08-09,158.212890625,163.82000732421875,166.2899932861328,163.5,165.94000244140625,2445200,AXP
2023-08-10,157.9424591064453,163.5399932861328,166.5,162.72000122070312,164.7100067138672,2556000,AXP
2023-08-11,159.61325073242188,165.27000427246094,165.77999877929688,162.60000610351562,162.6699981689453,2102500,AXP
2023-08-14,160.3955078125,166.0800018310547,166.47999572753906,163.77000427246094,164.3300018310547,1827300,AXP
2023-08-15,156.36822509765625,161.91000366210938,164.80999755859375,161.6999969482422,164.38999938964844,2447600,AXP
2023-08-16,155.2576141357422,160.75999450683594,162.9600067138672,160.63999938964844,161.27000427246094,1994900,AXP
2023-08-17,155.08377075195312,160.5800018310547,162.61000061035156,160.3800048828125,161.91000366210938,2473000,AXP
2023-08-18,154.74575805664062,160.22999572753906,160.8000030517578,158.94000244140625,159.22999572753906,2139500,AXP
2023-08-21,155.37350463867188,160.8800048828125,161.64999389648438,160.0800018310547,160.8800048828125,2070500,AXP
2023-08-22,153.63511657714844,159.0800018310547,161.25999450683594,158.61000061035156,160.75999450683594,2255500,AXP
2023-08-23,153.98275756835938,159.44000244140625,160.0800018310547,158.6999969482422,159.3300018310547,2042500,AXP
2023-08-24,152.3892364501953,157.7899932861328,161.4199981689453,157.74000549316406,159.00999450683594,2468600,AXP
2023-08-25,152.901123046875,158.32000732421875,159.63999938964844,157.3300018310547,158.44000244140625,2969200,AXP
2023-08-28,153.74134826660156,159.19000244140625,160.91000366210938,158.75999450683594,158.97999572753906,2509900,AXP
2023-08-29,154.75540161132812,160.24000549316406,160.7899932861328,158.3000030517578,158.88999938964844,2175800,AXP
2023-08-30,154.68780517578125,160.1699981689453,161.86000061035156,160.1199951171875,160.27000427246094,3039900,AXP
2023-08-31,152.58241271972656,157.99000549316406,160.94000244140625,157.74000549316406,160.66000366210938,3653900,AXP
2023-09-01,154.15663146972656,159.6199951171875,160.16000366210938,158.7100067138672,159.07000732421875,2195500,AXP
2023-09-05,154.52362060546875,160.0,161.86000061035156,159.35000610351562,160.11000061035156,4151000,AXP
2023-09-06,152.59205627441406,158.0,159.83999633789062,156.86000061035156,159.07000732421875,2949200,AXP
2023-09-07,151.413818359375,156.77999877929688,157.6300048828125,156.07000732421875,157.25999450683594,2617400,AXP
2023-09-08,152.0415802001953,157.42999267578125,157.7899932861328,156.7100067138672,157.02000427246094,1931300,AXP
2023-09-11,152.42788696289062,157.8300018310547,159.16000366210938,157.39999389648438,158.3699951171875,2611100,AXP
2023-09-12,153.07496643066406,158.5,159.72000122070312,157.4499969482422,157.64999389648438,2659000,AXP
2023-09-13,153.6930389404297,159.13999938964844,160.6999969482422,158.6199951171875,159.33999633789062,2976700,AXP
2023-09-14,156.24269104003906,161.77999877929688,161.9600067138672,160.0,160.57000732421875,3209900,AXP
2023-09-15,158.14527893066406,163.75,164.3300018310547,161.82000732421875,162.02999877929688,7273600,AXP
2023-09-18,154.16624450683594,159.6300048828125,163.9499969482422,159.35000610351562,163.7899932861328,2413400,AXP
2023-09-19,153.89588928222656,159.35000610351562,159.8699951171875,158.4499969482422,159.0500030517578,2230700,AXP
2023-09-20,151.8484344482422,157.22999572753906,160.1999969482422,156.8800048828125,160.0,1969700,AXP
2023-09-21,149.4146728515625,154.7100067138672,156.8699951171875,154.44000244140625,155.8300018310547,2712100,AXP
2023-09-22,147.84046936035156,153.0800018310547,155.0399932861328,152.9199981689453,155.0,2380600,AXP
2023-09-25,147.98533630371094,153.22999572753906,153.30999755859375,151.75,152.2100067138672,2434400,AXP
2023-09-26,145.9475555419922,151.1199951171875,152.9600067138672,150.16000366210938,151.75,2332100,AXP
2023-09-27,144.76931762695312,149.89999389648438,151.5,148.97000122070312,151.5,3705400,AXP
2023-09-28,145.08798217773438,150.22999572753906,150.8800048828125,149.02000427246094,149.77000427246094,3489800,AXP
2023-09-29,144.08358764648438,149.19000244140625,151.69000244140625,148.6699981689453,151.4499969482422,3579400,AXP
2023-10-02,144.3636474609375,149.47999572753906,149.89999389648438,148.07000732421875,148.4199981689453,2657600,AXP
2023-10-03,140.0853271484375,145.0500030517578,149.17999267578125,144.30999755859375,148.5,4184100,AXP
2023-10-04,141.61122131347656,146.6300048828125,146.9199981689453,144.39999389648438,145.89999389648438,3476700,AXP
2023-10-05,142.63916015625,147.08999633789062,147.5399932861328,144.77000427246094,145.5800018310547,2706200,AXP
2023-10-06,144.80166625976562,149.32000732421875,150.35000610351562,146.13999938964844,146.7100067138672,3204600,AXP
2023-10-09,144.31678771972656,148.82000732421875,149.4499969482422,147.4199981689453,147.60000610351562,2279400,AXP
2023-10-10,146.36294555664062,150.92999267578125,151.72999572753906,149.0,149.5,2909100,AXP
2023-10-11,146.9254150390625,151.50999450683594,152.80999755859375,149.75999450683594,151.42999267578125,1727000,AXP
2023-10-12,146.70237731933594,151.27999877929688,152.72000122070312,150.11000061035156,152.5,2377200,AXP
2023-10-13,146.52781677246094,151.10000610351562,154.13999938964844,150.42999267578125,152.9199981689453,2951500,AXP
2023-10-16,148.16668701171875,152.7899932861328,153.41000366210938,151.2100067138672,152.3699951171875,2586300,AXP
2023-10-17,149.71827697753906,154.38999938964844,154.72999572753906,151.5,151.55999755859375,3919400,AXP
2023-10-18,146.94480895996094,151.52999877929688,153.58999633789062,151.1300048828125,153.1199951171875,2632200,AXP
2023-10-19,145.0926055908203,149.6199951171875,156.0500030517578,149.00999450683594,150.41000366210938,4642200,AXP
2023-10-20,137.28619384765625,141.57000732421875,147.94000244140625,141.44000244140625,144.6999969482422,8268100,AXP
2023-10-23,140.2147979736328,144.58999633789062,145.85000610351562,140.91000366210938,141.5,5313500,AXP
2023-10-24,140.0499267578125,144.4199981689453,146.50999450683594,143.5399932861328,145.85000610351562,3521100,AXP
2023-10-25,139.17718505859375,143.52000427246094,144.83999633789062,143.22999572753906,144.08999633789062,2841400,AXP
2023-10-26,139.00262451171875,143.33999633789062,144.91000366210938,142.99000549316406,143.3699951171875,3378000,AXP
2023-10-27,137.03407287597656,141.30999755859375,143.9600067138672,141.02999877929688,143.85000610351562,3442500,AXP
2023-10-30,138.93475341796875,143.27000427246094,143.86000061035156,141.72999572753906,142.72000122070312,3303300,AXP
2023-10-31,141.61123657226562,146.02999877929688,146.67999267578125,143.07000732421875,143.3300018310547,3737200,AXP
2023-11-01,142.0185089111328,146.4499969482422,146.82000732421875,145.13999938964844,146.49000549316406,2332600,AXP
2023-11-02,146.285400390625,150.85000610351562,150.91000366210938,148.3300018310547,148.3300018310547,3108400,AXP
2023-11-03,148.13758850097656,152.75999450683594,153.8800048828125,152.39999389648438,152.5800018310547,2667700,AXP
2023-11-06,148.3606414794922,152.99000549316406,153.07000732421875,151.50999450683594,152.60000610351562,2490000,AXP
2023-11-07,148.35093688964844,152.97999572753906,153.7899932861328,152.35000610351562,152.97000122070312,1583300,AXP
2023-11-08,148.38002014160156,153.00999450683594,153.8000030517578,152.42999267578125,152.97000122070312,1804500,AXP
2023-11-09,147.75936889648438,152.3699951171875,154.16000366210938,152.0500030517578,153.67999267578125,2052900,AXP
2023-11-10,149.70855712890625,154.3800048828125,154.47999572753906,152.10000610351562,153.0399932861328,2088100,AXP
2023-11-13,149.6697998046875,154.33999633789062,155.25999450683594,153.5,154.0800018310547,1753600,AXP
2023-11-14,152.1619873046875,156.91000366210938,157.9199981689453,156.02999877929688,156.60000610351562,2968600,AXP
2023-11-15,154.60577392578125,159.42999267578125,159.44000244140625,157.0,157.52999877929688,3272600,AXP
2023-11-16,154.23727416992188,159.0500030517578,160.10000610351562,157.97000122070312,159.64999389648438,3749100,AXP
2023-11-17,157.64105224609375,162.55999755859375,162.5800018310547,159.91000366210938,159.91000366210938,2975800,AXP
2023-11-20,158.8920135498047,163.85000610351562,164.64999389648438,162.75999450683594,162.91000366210938,3242900,AXP
2023-11-21,157.37918090820312,162.2899932861328,164.1199951171875,161.72999572753906,163.64999389648438,2759700,AXP
2023-11-22,158.83383178710938,163.7899932861328,164.67999267578125,162.85000610351562,163.27999877929688,2527500,AXP
2023-11-24,159.44476318359375,164.4199981689453,165.22000122070312,163.97000122070312,164.55999755859375,950700,AXP
2023-11-27,159.0762481689453,164.0399932861328,164.52000427246094,163.32000732421875,163.75999450683594,2146400,AXP
2023-11-28,160.6472625732422,165.66000366210938,165.97999572753906,163.61000061035156,163.9199981689453,2117800,AXP
2023-11-29,162.36367797851562,167.42999267578125,168.72000122070312,166.39999389648438,166.39999389648438,2720200,AXP
2023-11-30,165.6026153564453,170.77000427246094,171.1699981689453,167.52999877929688,168.0,4253100,AXP
2023-12-01,168.5021209716797,173.75999450683594,174.33999633789062,170.30999755859375,170.6699981689453,3412000,AXP
2023-12-04,168.007568359375,173.25,175.30999755859375,172.66000366210938,172.86000061035156,3631000,AXP
2023-12-05,165.5153350830078,170.67999267578125,172.7100067138672,165.92999267578125,172.10000610351562,6452500,AXP
2023-12-06,162.4412384033203,167.50999450683594,172.3800048828125,167.17999267578125,171.72999572753906,3890700,AXP
2023-12-07,163.51766967773438,168.6199951171875,169.22000122070312,167.74000549316406,168.4600067138672,2797100,AXP
2023-12-08,163.33340454101562,168.42999267578125,169.1300048828125,167.57000732421875,168.33999633789062,2681300,AXP
2023-12-11,163.29461669921875,168.38999938964844,169.50999450683594,167.86000061035156,168.39999389648438,2811400,AXP
2023-12-12,165.8644561767578,171.0399932861328,171.0800018310547,167.77000427246094,168.38999938964844,2946200,AXP
2023-12-13,169.27793884277344,174.55999755859375,174.66000366210938,170.14999389648438,171.2100067138672,3207700,AXP
2023-12-14,173.4478302001953,178.86000061035156,179.89999389648438,175.60000610351562,175.74000549316406,4548100,AXP
2023-12-15,175.04786682128906,180.50999450683594,181.17999267578125,177.5,177.5399932861328,7139200,AXP
2023-12-18,177.22979736328125,182.75999450683594,182.83999633789062,181.02999877929688,181.3800048828125,2814400,AXP
2023-12-19,180.12933349609375,185.75,185.77000427246094,183.19000244140625,183.2100067138672,3978300,AXP
2023-12-20,175.1836395263672,180.64999389648438,185.64999389648438,180.5399932861328,185.35000610351562,4020700,AXP
2023-12-21,179.1983642578125,184.7899932861328,185.2100067138672,181.8300018310547,181.8300018310547,3496800,AXP
2023-12-22,179.9547882080078,185.57000732421875,186.3699951171875,184.6300048828125,185.63999938964844,2782600,AXP
2023-12-26,180.3329620361328,185.9600067138672,186.17999267578125,185.1300048828125,185.9600067138672,1230000,AXP
2023-12-27,181.399658203125,187.05999755859375,187.1300048828125,185.6199951171875,186.13999938964844,1825400,AXP
2023-12-28,182.11729431152344,187.8000030517578,188.07000732421875,187.0,187.1199951171875,1486100,AXP
2023-12-29,181.6712188720703,187.33999633789062,188.3000030517578,186.52999877929688,187.75,1915000,AXP
2024-01-02,182.6118621826172,188.30999755859375,188.74000549316406,186.07000732421875,186.49000549316406,2236600,AXP
2024-01-03,180.68206787109375,186.32000732421875,187.49000549316406,185.58999633789062,186.67999267578125,2720500,AXP
2024-01-04,182.0635528564453,187.13999938964844,188.57000732421875,185.75999450683594,186.00999450683594,2777500,AXP
2024-01-05,183.93148803710938,189.05999755859375,189.50999450683594,186.52000427246094,186.82000732421875,2243300,AXP
2024-01-08,184.07742309570312,189.2100067138672,189.3300018310547,186.3800048828125,188.22000122070312,3442100,AXP
2024-01-09,181.70362854003906,186.77000427246094,187.99000549316406,186.33999633789062,187.8300018310547,2055500,AXP
2024-01-10,179.9524383544922,184.97000122070312,186.10000610351562,183.6699981689453,185.02999877929688,2757800,AXP
2024-01-11,180.0107879638672,185.02999877929688,185.36000061035156,182.0399932861328,185.00999450683594,3493300,AXP
2024-01-12,177.10189819335938,182.0399932861328,186.41000366210938,181.9499969482422,185.8300018310547,3366300,AXP
2024-01-16,176.06094360351562,180.97000122070312,181.14999389648438,178.82000732421875,181.00999450683594,4142900,AXP
2024-01-17,176.09011840820312,181.0,181.60000610351562,179.0,179.4499969482422,2377600,AXP
2024-01-18,174.91293334960938,179.7899932861328,180.19000244140625,177.80999755859375,180.10000610351562,3215200,AXP
2024-01-19,178.20126342773438,183.1699981689453,183.3800048828125,179.41000366210938,181.0,3388900,AXP
2024-01-22,179.9913330078125,185.00999450683594,186.77000427246094,184.05999755859375,184.25999450683594,3145100,AXP
2024-01-23,180.43885803222656,185.47000122070312,186.02000427246094,184.80999755859375,185.67999267578125,2327600,AXP
2024-01-24,180.7793731689453,185.82000732421875,188.4199981689453,185.72999572753906,187.08999633789062,3052500,AXP
2024-01-25,182.9683380126953,188.07000732421875,188.3300018310547,186.42999267578125,186.44000244140625,3472500,AXP
2024-01-26,195.96592712402344,201.42999267578125,204.77000427246094,192.25999450683594,192.5399932861328,13555400,AXP
2024-01-29,195.41140747070312,200.86000061035156,202.89999389648438,199.07000732421875,201.91000366210938,4935500,AXP
2024-01-30,198.61212158203125,204.14999389648438,204.44000244140625,200.41000366210938,200.5,4284600,AXP
2024-01-31,195.29464721679688,200.74000549316406,205.32000732421875,200.66000366210938,202.39999389648438,3495000,AXP
2024-02-01,197.7073516845703,203.22000122070312,203.47000122070312,199.8800048828125,200.36000061035156,3028300,AXP
2024-02-02,200.8108367919922,206.41000366210938,206.97000122070312,203.0,203.38999938964844,3393000,AXP
2024-02-05,200.3535919189453,205.94000244140625,206.72000122070312,203.4199981689453,205.49000549316406,3099300,AXP
2024-02-06,200.0714569091797,205.64999389648438,207.0800018310547,204.0,205.44000244140625,3255300,AXP
2024-02-07,203.40843200683594,209.0800018310547,209.14999389648438,205.60000610351562,207.0800018310547,3272100,AXP
2024-02-08,205.4806365966797,211.2100067138672,211.33999633789062,207.9499969482422,208.25,4136600,AXP
2024-02-09,206.7064666748047,212.47000122070312,214.25,210.41000366210938,211.5500030517578,4785100,AXP
2024-02-12,206.50216674804688,212.25999450683594,214.00999450683594,211.61000061035156,212.25,4041400,AXP
2024-02-13,203.98239135742188,209.6699981689453,210.97000122070312,207.61000061035156,210.22000122070312,3381700,AXP
2024-02-14,205.17904663085938,210.89999389648438,211.2899932861328,208.82000732421875,211.14999389648438,2770800,AXP
2024-02-15,206.7648162841797,212.52999877929688,213.1199951171875,210.64999389648438,211.47000122070312,2644500,AXP
2024-02-16,206.79400634765625,212.55999755859375,214.2899932861328,211.8699951171875,212.52999877929688,2831300,AXP
2024-02-20,206.7259063720703,212.49000549316406,213.75,210.27999877929688,211.0,3341700,AXP
2024-02-21,205.1693115234375,210.88999938964844,212.69000244140625,209.10000610351562,211.60000610351562,2599400,AXP
2024-02-22,208.18524169921875,213.99000549316406,215.5500030517578,212.47999572753906,212.47999572753906,3027800,AXP
2024-02-23,208.73976135253906,214.55999755859375,216.32000732421875,214.25999450683594,215.0,2617000,AXP
2024-02-26,211.07464599609375,216.9600067138672,217.5399932861328,213.25,213.4199981689453,2684500,AXP
2024-02-27,212.06698608398438,217.97999572753906,218.0800018310547,216.3000030517578,217.42999267578125,2428100,AXP
2024-02-28,212.11563110351562,218.02999877929688,219.1999969482422,216.75999450683594,217.17999267578125,2599200,AXP
2024-02-29,213.46791076660156,219.4199981689453,219.74000549316406,217.64999389648438,218.99000549316406,5186500,AXP
2024-03-01,213.70144653320312,219.66000366210938,220.3800048828125,218.42999267578125,219.30999755859375,2342800,AXP
2024-03-04,212.9717559814453,218.91000366210938,219.5800018310547,217.24000549316406,219.07000732421875,2625300,AXP
2024-03-05,211.3081512451172,217.1999969482422,218.89999389648438,216.1199951171875,217.44000244140625,2672300,AXP
2024-03-06,212.5242462158203,218.4499969482422,219.2899932861328,217.27000427246094,217.6199951171875,2727900,AXP
2024-03-07,217.35943603515625,223.4199981689453,224.69000244140625,220.80999755859375,221.00999450683594,2974100,AXP
2024-03-08,217.31077575683594,223.3699951171875,224.89999389648438,222.83999633789062,223.0399932861328,2242800,AXP
2024-03-11,214.21707153320312,220.19000244140625,222.36000061035156,218.2899932861328,221.9199981689453,2808200,AXP
2024-03-12,216.6103057861328,222.64999389648438,223.44000244140625,219.63999938964844,221.24000549316406,2067700,AXP
2024-03-13,216.7659454345703,222.80999755859375,223.49000549316406,221.8699951171875,223.13999938964844,2693100,AXP
2024-03-14,214.48944091796875,220.47000122070312,224.2899932861328,219.10000610351562,224.27999877929688,2417900,AXP
2024-03-15,212.5339813232422,218.4600067138672,221.60000610351562,217.22000122070312,220.97999572753906,5267900,AXP
2024-03-18,214.97589111328125,220.97000122070312,221.72999572753906,218.99000549316406,219.89999389648438,1893000,AXP
2024-03-19,215.67636108398438,221.69000244140625,221.9499969482422,219.3699951171875,221.0500030517578,1817600,AXP
2024-03-20,221.7276153564453,227.91000366210938,228.05999755859375,221.22999572753906,221.49000549316406,2249700,AXP
2024-03-21,222.90480041503906,229.1199951171875,231.69000244140625,228.99000549316406,229.11000061035156,3523700,AXP
2024-03-22,219.83053588867188,225.9600067138672,230.5399932861328,225.91000366210938,229.0500030517578,2284700,AXP
2024-03-25,219.8986053466797,226.02999877929688,226.99000549316406,225.22999572753906,225.33999633789062,2119500,AXP
2024-03-26,218.37123107910156,224.4600067138672,226.8699951171875,224.32000732421875,226.6199951171875,2106400,AXP
2024-03-27,221.5719451904297,227.75,228.0,225.13999938964844,227.1999969482422,2153100,AXP
2024-03-28,221.51361083984375,227.69000244140625,228.4600067138672,226.33999633789062,228.4600067138672,2295800,AXP
2024-04-01,221.4357452392578,227.61000061035156,228.57000732421875,226.8300018310547,227.44000244140625,1616700,AXP
2024-04-02,219.41217041015625,225.52999877929688,226.97000122070312,224.58999633789062,226.3699951171875,1984500,AXP
2024-04-03,220.48236083984375,226.6300048828125,227.25999450683594,225.25,225.80999755859375,2070100,AXP
2024-04-04,214.29518127441406,219.58999633789062,229.67999267578125,219.2100067138672,229.13999938964844,3035300,AXP
2024-04-05,217.09603881835938,222.4600067138672,223.1199951171875,219.52000427246094,220.0,1827900,AXP
2024-04-08,218.7062530517578,224.11000061035156,224.85000610351562,223.1300048828125,223.4600067138672,1401200,AXP
2024-04-09,214.5391845703125,219.83999633789062,223.92999267578125,217.97000122070312,222.99000549316406,3503000,AXP
2024-04-10,212.40199279785156,217.64999389648438,219.5,215.52000427246094,217.50999450683594,3115000,AXP
2024-04-11,212.93873596191406,218.1999969482422,219.1699981689453,214.50999450683594,217.5,3139000,AXP
2024-04-12,212.93873596191406,218.1999969482422,218.27999877929688,216.1199951171875,217.0,2441200,AXP
2024-04-15,213.13389587402344,218.39999389648438,222.72999572753906,216.82000732421875,221.88999938964844,3459000,AXP
2024-04-16,213.07534790039062,218.33999633789062,219.3800048828125,216.50999450683594,217.6999969482422,4176700,AXP
2024-04-17,212.42149353027344,217.6699981689453,220.27999877929688,216.52000427246094,219.55999755859375,2256800,AXP
2024-04-18,212.25559997558594,217.5,221.4499969482422,217.17999267578125,218.25999450683594,3901500,AXP
2024-04-19,225.4691162109375,231.0399932861328,231.60000610351562,218.83999633789062,218.83999633789062,7573700,AXP
2024-04-22,227.38186645507812,233.0,235.3699951171875,227.69000244140625,232.02999877929688,5151300,AXP
2024-04-23,233.19818115234375,238.9600067138672,239.4199981689453,233.6699981689453,234.77000427246094,4684500,AXP
2024-04-24,233.3542938232422,239.1199951171875,240.5500030517578,237.97000122070312,238.27000427246094,4429200,AXP
2024-04-25,231.38299560546875,237.10000610351562,238.4499969482422,235.41000366210938,238.1300048828125,3329000,AXP
2024-04-26,229.95822143554688,235.63999938964844,236.9199981689453,234.4199981689453,236.0,2993300,AXP
2024-04-29,233.15911865234375,238.9199981689453,239.1199951171875,235.63999938964844,236.58999633789062,3696300,AXP
2024-04-30,228.3870086669922,234.02999877929688,239.61000061035156,233.77000427246094,237.8800048828125,3564300,AXP
2024-05-01,225.87899780273438,231.4600067138672,235.13999938964844,231.22999572753906,233.22000122070312,4176000,AXP
2024-05-02,226.8939208984375,232.5,233.9499969482422,230.91000366210938,233.5800018310547,2734900,AXP
2024-05-03,225.2056427001953,230.77000427246094,233.35000610351562,229.1300048828125,233.25999450683594,3203100,AXP
2024-05-06,228.6798095703125,234.3300018310547,234.57000732421875,231.32000732421875,232.3000030517578,2259600,AXP
2024-05-07,229.00184631347656,234.66000366210938,236.0,233.41000366210938,235.5,2084300,AXP
2024-05-08,230.5437469482422,236.24000549316406,236.85000610351562,233.52000427246094,234.39999389648438,2501900,AXP
2024-05-09,233.37380981445312,239.13999938964844,239.3800048828125,235.55999755859375,235.9600067138672,3166300,AXP
2024-05-10,236.45761108398438,242.3000030517578,243.5399932861328,240.30999755859375,240.5,2590800,AXP
2024-05-13,232.8956298828125,238.64999389648438,243.5399932861328,238.10000610351562,242.9499969482422,2768800,AXP
2024-05-14,235.7061767578125,241.52999877929688,242.08999633789062,238.10000610351562,238.14999389648438,2387300,AXP
2024-05-15,235.87210083007812,241.6999969482422,242.8699951171875,240.25,241.6300048828125,2013400,AXP
2024-05-16,235.50128173828125,241.32000732421875,243.35000610351562,240.85000610351562,241.72000122070312,2605900,AXP
2024-05-17,236.965087890625,242.82000732421875,243.19000244140625,241.89999389648438,242.8000030517578,1848700,AXP
2024-05-20,236.45761108398438,242.3000030517578,244.41000366210938,242.10000610351562,243.11000061035156,1983200,AXP
2024-05-21,237.2188262939453,243.0800018310547,243.5800018310547,241.33999633789062,242.33999633789062,1825800,AXP
2024-05-22,234.3009033203125,240.08999633789062,243.47000122070312,239.52999877929688,242.91000366210938,2292700,AXP
2024-05-23,229.78256225585938,235.4600067138672,240.8300018310547,235.1199951171875,240.8300018310547,3272600,AXP
2024-05-24,232.4369354248047,238.17999267578125,240.07000732421875,236.69000244140625,236.86000061035156,1624200,AXP
2024-05-28,231.52938842773438,237.25,238.47000122070312,235.8800048828125,237.75,2315400,AXP
2024-05-29,230.2509765625,235.94000244140625,237.66000366210938,234.6699981689453,235.4499969482422,2711300,AXP
2024-05-30,231.50010681152344,237.22000122070312,237.32000732421875,234.97999572753906,236.3699951171875,2386300,AXP
2024-05-31,234.2130889892578,240.0,240.19000244140625,235.91000366210938,238.0,5102500,AXP
2024-06-03,231.16830444335938,236.8800048828125,241.36000061035156,233.52999877929688,240.17999267578125,2677200,AXP
2024-06-04,231.52938842773438,237.25,240.0,235.72999572753906,236.38999938964844,2512100,AXP
2024-06-05,229.03111267089844,234.69000244140625,237.6999969482422,233.6999969482422,236.25,2925100,AXP
2024-06-06,227.7234344482422,233.35000610351562,236.39999389648438,232.6999969482422,234.7899932861328,2709600,AXP
2024-06-07,227.05982971191406,232.6699981689453,234.1199951171875,231.7100067138672,232.41000366210938,2212500,AXP
2024-06-10,226.8353729248047,232.44000244140625,233.9199981689453,230.60000610351562,231.9499969482422,2933500,AXP
2024-06-11,219.1160888671875,224.52999877929688,231.63999938964844,224.2100067138672,231.63999938964844,3168100,AXP
2024-06-12,218.6378631591797,224.0399932861328,228.39999389648438,222.8300018310547,227.42999267578125,3091100,AXP
2024-06-13,216.83250427246094,222.19000244140625,223.75,220.74000549316406,223.41000366210938,3011300,AXP
2024-06-14,219.39910888671875,224.82000732421875,225.63999938964844,221.33999633789062,221.3800048828125,2373800,AXP
2024-06-17,222.7659149169922,228.27000427246094,228.47000122070312,224.02000427246094,224.1999969482422,2426700,AXP
2024-06-18,223.78085327148438,229.30999755859375,229.30999755859375,226.77000427246094,227.5800018310547,2176500,AXP
2024-06-20,224.65914916992188,230.2100067138672,231.67999267578125,226.44000244140625,228.55999755859375,2968100,AXP
2024-06-21,224.82504272460938,230.3800048828125,231.11000061035156,227.5,231.11000061035156,5064300,AXP
2024-06-24,225.88876342773438,231.47000122070312,233.89999389648438,230.2100067138672,231.67999267578125,2152600,AXP
2024-06-25,225.0299530029297,230.58999633789062,231.3000030517578,228.5399932861328,230.86000061035156,3206800,AXP
2024-06-26,225.11781311035156,230.67999267578125,232.49000549316406,229.13999938964844,230.0399932861328,3151900,AXP
2024-06-27,222.89279174804688,228.39999389648438,230.3300018310547,227.3699951171875,229.7899932861328,2264200,AXP
2024-06-28,225.96685791015625,231.5500030517578,233.60000610351562,228.74000549316406,229.25,3901100,AXP
2024-07-01,228.1723175048828,233.80999755859375,234.8000030517578,231.5500030517578,232.3300018310547,2792700,AXP
2024-07-02,230.28024291992188,235.97000122070312,236.19000244140625,232.97000122070312,233.5500030517578,1871700,AXP
2024-07-03,230.0265350341797,235.7100067138672,237.5800018310547,235.19000244140625,236.5,1365900,AXP
2024-07-05,230.6333770751953,235.6300048828125,236.6999969482422,233.55999755859375,235.7100067138672,2488300,AXP
2024-07-08,229.53709411621094,234.50999450683594,239.5,233.75999450683594,236.22999572753906,2638600,AXP
2024-07-09,232.7084197998047,237.75,239.1999969482422,234.1199951171875,234.97000122070312,1943400,AXP
2024-07-10,233.86338806152344,238.92999267578125,239.4499969482422,235.6199951171875,236.57000732421875,2203000,AXP
2024-07-11,233.6872100830078,238.75,239.9499969482422,236.9600067138672,238.8699951171875,1868700,AXP
2024-07-12,233.56976318359375,238.6300048828125,240.25999450683594,237.22999572753906,238.97000122070312,2612200,AXP
2024-07-15,238.8258819580078,244.0,244.66000366210938,240.4499969482422,240.4499969482422,3054400,AXP
2024-07-16,244.3365020751953,249.6300048828125,249.75999450683594,243.8000030517578,244.13999938964844,3074600,AXP
2024-07-17,244.6595001220703,249.9600067138672,250.83999633789062,247.3800048828125,248.80999755859375,2471900,AXP
2024-07-18,243.91561889648438,249.1999969482422,253.72999572753906,247.75999450683594,250.8000030517578,4053300,AXP
2024-07-19,237.240234375,242.3800048828125,243.3800048828125,237.64999389648438,241.8000030517578,5750400,AXP
2024-07-22,239.5599822998047,244.75,245.61000061035156,239.89999389648438,243.00999450683594,2590000,AXP
2024-07-23,241.6643829345703,246.89999389648438,248.99000549316406,245.0399932861328,246.9600067138672,2564000,AXP
2024-07-24,235.87969970703125,240.99000549316406,245.6199951171875,240.6699981689453,245.0,2838100,AXP
2024-07-25,235.08688354492188,240.17999267578125,244.9600067138672,239.38999938964844,240.0,3828800,AXP
2024-07-26,240.67578125,245.88999938964844,246.38999938964844,241.8800048828125,241.92999267578125,2174400,AXP
2024-07-29,242.63340759277344,247.88999938964844,247.9600067138672,244.30999755859375,246.6300048828125,2059300,AXP
2024-07-30,247.1260528564453,252.47999572753906,253.67999267578125,249.22999572753906,249.4600067138672,2498800,AXP
2024-07-31,247.67417907714844,253.0399932861328,256.239990234375,252.42999267578125,253.11000061035156,2180700,AXP
2024-08-01,243.40664672851562,248.67999267578125,255.0,246.41000366210938,253.85000610351562,3929700,AXP
2024-08-02,227.3544158935547,232.27999877929688,244.64999389648438,230.0500030517578,244.50999450683594,6902600,AXP
2024-08-05,221.12924194335938,225.9199981689453,230.77999877929688,222.02999877929688,226.63999938964844,4890700,AXP
2024-08-06,226.218994140625,231.1199951171875,233.17999267578125,226.5,226.9600067138672,3148200,AXP
2024-08-07,223.94821166992188,228.8000030517578,236.1699981689453,228.50999450683594,234.02000427246094,2665300,AXP
2024-08-08,228.58770751953125,233.5399932861328,234.5,231.00999450683594,231.0500030517578,2239200,AXP
2024-08-09,232.8063201904297,237.85000610351562,238.33999633789062,233.08999633789062,233.52000427246094,1956400,AXP
2024-08-12,232.0232696533203,237.0500030517578,238.99000549316406,235.39999389648438,238.1999969482422,1747000,AXP
2024-08-13,233.92213439941406,238.99000549316406,239.27000427246094,236.47000122070312,238.7100067138672,1913200,AXP
2024-08-14,238.59097290039062,243.75999450683594,244.08999633789062,239.50999450683594,239.80999755859375,2132500,AXP
2024-08-15,244.20924377441406,249.5,250.36000061035156,245.35000610351562,247.77000427246094,2656800,AXP
2024-08-16,246.37237548828125,251.7100067138672,251.75,249.1300048828125,249.38999938964844,2149700,AXP
2024-08-19,248.6627655029297,254.0500030517578,254.11000061035156,251.83999633789062,252.0,1653400,AXP
2024-08-20,247.7133331298828,253.0800018310547,254.6199951171875,252.25999450683594,254.22000122070312,1659700,AXP
2024-08-21,241.07708740234375,246.3000030517578,249.82000732421875,243.35000610351562,249.63999938964844,3502500,AXP
2024-08-22,242.5061798095703,247.75999450683594,248.9199981689453,245.75999450683594,246.77000427246094,1981300,AXP
2024-08-23,245.97109985351562,251.3000030517578,252.1699981689453,248.0,248.0,1868200,AXP
2024-08-26,248.49639892578125,253.8800048828125,256.1600036621094,251.9499969482422,252.4199981689453,1931000,AXP
2024-08-27,249.62197875976562,255.02999877929688,256.67999267578125,253.6999969482422,253.6999969482422,2518100,AXP
2024-08-28,251.63829040527344,257.0899963378906,258.6300048828125,253.75,254.2100067138672,2557100,AXP
2024-08-29,254.32998657226562,259.8399963378906,261.57000732421875,256.8299865722656,258.0,2423500,AXP
2024-08-30,253.16519165039062,258.6499938964844,261.75,256.1000061035156,260.489990234375,3442100,AXP
2024-09-03,248.91725158691406,254.30999755859375,257.4800109863281,252.7899932861328,255.77000427246094,2970300,AXP
2024-09-04,246.40174865722656,251.74000549316406,256.5799865722656,250.66000366210938,254.99000549316406,3062600,AXP
2024-09-05,246.49961853027344,251.83999633789062,253.1699981689453,248.3699951171875,252.7100067138672,2711200,AXP
2024-09-06,238.88461303710938,244.05999755859375,253.57000732421875,243.32000732421875,251.2899932861328,3653000,AXP
2024-09-09,245.59912109375,250.9199981689453,253.14999389648438,247.52999877929688,248.25,3080800,AXP
2024-09-10,240.21575927734375,245.4199981689453,252.5,240.58999633789062,251.72000122070312,3630900,AXP
2024-09-11,248.79000854492188,254.17999267578125,254.6300048828125,243.5,244.39999389648438,3149900,AXP
2024-09-12,249.7394561767578,255.14999389648438,257.0,252.58999633789062,254.16000366210938,2279600,AXP
2024-09-13,253.50782775878906,259.0,260.2099914550781,255.75,256.2300109863281,2199200,AXP
2024-09-16,255.55349731445312,261.0899963378906,262.8500061035156,259.1499938964844,261.30999755859375,2170200,AXP
2024-09-17,259.7720642089844,265.3999938964844,267.2200012207031,261.3500061035156,261.5199890136719,2765700,AXP
2024-09-18,256.620361328125,262.17999267578125,266.3500061035156,261.0,264.3999938964844,2577400,AXP
2024-09-19,263.051025390625,268.75,270.1000061035156,266.3500061035156,267.8299865722656,2973300,AXP
2024-09-20,263.2859802246094,268.989990234375,271.489990234375,266.95001220703125,268.3999938964844,5847200,AXP
2024-09-23,261.6318054199219,267.29998779296875,272.4100036621094,267.04998779296875,271.3599853515625,2534900,AXP
2024-09-24,260.5649108886719,266.2099914550781,268.5,263.0299987792969,267.7699890136719,2340300,AXP
2024-09-25,260.5257568359375,266.1700134277344,268.7200012207031,265.54998779296875,267.0899963378906,2116300,AXP
2024-09-26,262.4637756347656,268.1499938964844,268.989990234375,266.3399963378906,268.2900085449219,1430600,AXP
2024-09-27,265.3120422363281,271.05999755859375,272.67999267578125,267.4200134277344,268.0,2231900,AXP
2024-09-30,265.4490661621094,271.20001220703125,271.4800109863281,267.2900085449219,270.1000061035156,2113100,AXP
2024-10-01,262.90423583984375,268.6000061035156,271.8299865722656,266.5199890136719,271.2799987792969,2429500,AXP
2024-10-02,265.17498779296875,270.9200134277344,271.3900146484375,266.25,268.6000061035156,2009500,AXP
2024-10-03,262.89447021484375,268.5899963378906,271.1000061035156,267.6400146484375,269.6400146484375,1614500,AXP
2024-10-04,270.8237609863281,275.9700012207031,276.7900085449219,270.0,272.25,2239600,AXP
2024-10-07,268.6844177246094,273.7900085449219,276.30999755859375,271.54998779296875,274.3500061035156,3287500,AXP
2024-10-08,264.0916442871094,269.1099853515625,272.5,266.1600036621094,271.25,3332800,AXP
2024-10-09,266.358642578125,271.4200134277344,271.5899963378906,268.4200134277344,268.80999755859375,2087000,AXP
2024-10-10,265.4263610839844,270.4700012207031,272.8999938964844,269.8800048828125,270.92999267578125,2052800,AXP
2024-10-11,271.0102233886719,276.1600036621094,277.1099853515625,271.0,271.3800048828125,1723200,AXP
2024-10-14,271.36346435546875,276.5199890136719,277.70001220703125,275.1099853515625,276.1600036621094,1399000,AXP
2024-10-15,272.1387939453125,277.30999755859375,281.4200134277344,276.8999938964844,280.57000732421875,2264600,AXP
2024-10-16,276.42724609375,281.67999267578125,281.8699951171875,277.69000244140625,278.8800048828125,2243600,AXP
2024-10-17,280.4508361816406,285.7799987792969,286.3599853515625,282.4800109863281,284.0,3571900,AXP
2024-10-18,271.62847900390625,276.7900085449219,279.20001220703125,269.04998779296875,276.79998779296875,7884400,AXP
2024-10-21,265.6912841796875,270.739990234375,276.3599853515625,269.5299987792969,275.0,4092700,AXP
2024-10-22,267.32037353515625,272.3999938964844,272.8299865722656,268.5799865722656,270.6199951171875,2595400,AXP
2024-10-23,266.17218017578125,271.2300109863281,273.3500061035156,268.9599914550781,272.0,2051100,AXP
2024-10-24,264.9454650878906,269.9800109863281,271.2300109863281,268.7099914550781,270.2300109863281,3490600,AXP
2024-10-25,262.3645324707031,267.3500061035156,273.1700134277344,266.3500061035156,271.6499938964844,2993300,AXP
2024-10-28,266.40765380859375,271.4700012207031,271.9700012207031,267.67999267578125,269.239990234375,2336900,AXP
2024-10-29,265.3870849609375,270.42999267578125,271.79998779296875,269.5799865722656,270.29998779296875,1749000,AXP
2024-10-30,268.968994140625,274.0799865722656,275.07000732421875,270.2699890136719,271.0,2152900,AXP
2024-10-31,265.0436096191406,270.0799865722656,274.0799865722656,268.6400146484375,273.70001220703125,2315400,AXP
2024-11-01,267.6049499511719,272.69000244140625,274.75,270.95001220703125,272.29998779296875,2508300,AXP
2024-11-04,265.15155029296875,270.19000244140625,272.82000732421875,269.7099914550781,272.3299865722656,1944000,AXP
2024-11-05,270.79437255859375,275.94000244140625,276.17999267578125,271.19000244140625,271.7200012207031,1859600,AXP
2024-11-06,289.6559143066406,295.1600036621094,296.8299865722656,286.80999755859375,288.0,5380500,AXP
2024-11-07,281.4714050292969,286.82000732421875,293.0400085449219,284.6499938964844,292.32000732421875,3876900,AXP
2024-11-08,282.2369079589844,287.6000061035156,290.1000061035156,285.95001220703125,286.67999267578125,1814400,AXP
2024-11-11,287.5067443847656,292.9700012207031,294.17999267578125,290.42999267578125,290.489990234375,2299500,AXP
2024-11-12,283.1299743652344,288.510009765625,293.54998779296875,287.5799865722656,292.0,2251400,AXP
2024-11-13,282.2761535644531,287.6400146484375,290.6099853515625,287.44000244140625,287.9200134277344,2118100,AXP
2024-11-14,282.923828125,288.29998779296875,290.55999755859375,287.3599853515625,288.3399963378906,2979400,AXP
2024-11-15,281.52044677734375,286.8699951171875,290.54998779296875,285.489990234375,288.0,2614400,AXP
2024-11-18,280.21533203125,285.5400085449219,287.5199890136719,283.6099853515625,286.94000244140625,2074400,AXP
2024-11-19,280.22509765625,285.54998779296875,286.6199951171875,281.30999755859375,281.8900146484375,2512900,AXP
2024-11-20,282.3448181152344,287.7099914550781,288.3299865722656,285.0899963378906,286.1499938964844,2387400,AXP
2024-11-21,287.5362243652344,293.0,294.07000732421875,287.5299987792969,289.82000732421875,2410300,AXP
2024-11-22,295.6814270019531,301.29998779296875,301.9200134277344,292.510009765625,293.3999938964844,3788900,AXP
2024-11-25,299.51849365234375,305.2099914550781,305.79998779296875,302.5,303.04998779296875,3478400,AXP
2024-11-26,299.8717956542969,305.57000732421875,306.9700012207031,302.0,305.6099853515625,2130500,AXP
2024-11-27,298.576416015625,304.25,307.82000732421875,302.7900085449219,307.0,1697000,AXP
2024-11-29,298.9984130859375,304.67999267578125,307.7900085449219,304.6700134277344,307.25,1326600,AXP
2024-12-02,296.6235046386719,302.260009765625,306.8500061035156,299.9100036621094,306.2099914550781,2166900,AXP
2024-12-03,296.476318359375,302.1099853515625,304.989990234375,301.1400146484375,303.8399963378906,2128700,AXP
2024-12-04,296.9571838378906,302.6000061035156,303.5299987792969,300.7099914550781,302.0,1561200,AXP
2024-12-05,294.92578125,300.5299987792969,303.42999267578125,300.32000732421875,302.2799987792969,2793600,AXP
2024-12-06,298.3211975097656,303.989990234375,304.739990234375,300.6199951171875,301.6400146484375,1797600,AXP
2024-12-09,291.1868591308594,296.7200012207031,305.07000732421875,296.1600036621094,304.07000732421875,2377900,AXP
2024-12-10,296.476318359375,302.1099853515625,304.9800109863281,296.510009765625,297.42999267578125,2967800,AXP
2024-12-11,296.7020568847656,302.3399963378906,304.1300048828125,299.5400085449219,303.3699951171875,2071200,AXP
2024-12-12,294.7000427246094,300.29998779296875,304.45001220703125,300.260009765625,303.6300048828125,1668100,AXP
2024-12-13,296.5057678222656,302.1400146484375,304.32000732421875,301.25,302.4599914550781,1662000,AXP
2024-12-16,297.90911865234375,303.57000732421875,304.20001220703125,300.8299865722656,303.70001220703125,1813700,AXP
2024-12-17,295.7206726074219,301.3399963378906,303.0299987792969,299.70001220703125,302.3299865722656,3611500,AXP
2024-12-18,282.4135437011719,287.7799987792969,303.5899963378906,286.42999267578125,302.6000061035156,3541200,AXP
2024-12-19,287.6146545410156,293.0799865722656,296.8599853515625,291.20001220703125,293.0199890136719,3540200,AXP
2024-12-20,293.0808410644531,298.6499938964844,302.7200012207031,292.0,292.3500061035156,6232400,AXP
2024-12-23,293.22802734375,298.79998779296875,299.760009765625,295.19000244140625,296.4800109863281,1902400,AXP
2024-12-24,297.8011169433594,303.4599914550781,303.6199951171875,298.0,299.2900085449219,862900,AXP
2024-12-26,298.3211975097656,303.989990234375,304.8900146484375,301.010009765625,301.4800109863281,1228900,AXP
2024-12-27,295.4360656738281,301.04998779296875,305.0899963378906,298.7099914550781,300.8500061035156,1676000,AXP
2024-12-30,291.7854309082031,297.3299865722656,299.70001220703125,294.1300048828125,297.3500061035156,2392800,AXP
2024-12-31,291.2554931640625,296.7900085449219,298.8699951171875,295.6700134277344,298.04998779296875,1231300,AXP
2025-01-02,292.86492919921875,298.42999267578125,300.3399963378906,294.6199951171875,300.0,1930100,AXP
2025-01-03,298.1275329589844,303.0799865722656,303.42999267578125,297.5299987792969,300.67999267578125,1979600,AXP
2025-01-06,296.9471435546875,301.8800048828125,305.1499938964844,300.1700134277344,304.32000732421875,2714000,AXP
2025-01-07,297.0848693847656,302.0199890136719,304.3800048828125,296.8500061035156,304.0,2058800,AXP
2025-01-08,297.9012756347656,302.8500061035156,304.20001220703125,298.8500061035156,301.8999938964844,2061300,AXP
2025-01-10,288.50732421875,293.29998779296875,301.32000732421875,293.1600036621094,300.42999267578125,2685500,AXP
2025-01-13,292.16650390625,297.0199890136719,297.7099914550781,291.1600036621094,292.5199890136719,2202800,AXP
2025-01-14,295.45196533203125,300.3599853515625,300.5400085449219,296.7300109863281,299.6000061035156,2370900,AXP
2025-01-15,307.216552734375,312.32000732421875,313.9599914550781,304.2099914550781,305.0,3099500,AXP
2025-01-16,306.3902893066406,311.4800109863281,314.0,310.1300048828125,312.70001220703125,2361000,AXP
2025-01-17,307.45263671875,312.55999755859375,315.3999938964844,310.7699890136719,313.0199890136719,2183500,AXP
2025-01-21,312.7545166015625,317.95001220703125,319.70001220703125,315.0,316.94000244140625,2779100,AXP
2025-01-22,316.9842834472656,322.25,322.82000732421875,317.67999267578125,318.30999755859375,2927400,AXP
2025-01-23,320.5451354980469,325.8699951171875,326.2699890136719,321.989990234375,323.54998779296875,3935800,AXP
2025-01-24,316.08917236328125,321.3399963378906,324.4700012207031,313.7300109863281,324.3999938964844,6260100,AXP
2025-01-27,311.2495422363281,316.4200134277344,318.8299865722656,311.8399963378906,318.1300048828125,3099100,AXP
2025-01-28,311.85943603515625,317.0400085449219,317.8699951171875,310.7200012207031,316.6400146484375,2431300,AXP
2025-01-29,310.0986633300781,315.25,319.4800109863281,314.1400146484375,316.6300048828125,2155400,AXP
2025-01-30,313.7381591796875,318.95001220703125,321.8900146484375,316.0,317.0,2517400,AXP
2025-01-31,312.2627258300781,317.45001220703125,321.6400146484375,315.510009765625,320.9100036621094,2033400,AXP
2025-02-03,311.35772705078125,316.5299987792969,317.0,309.19000244140625,312.19000244140625,1997200,AXP
2025-02-04,310.669189453125,315.8299865722656,317.3599853515625,313.1099853515625,315.25,1884100,AXP
2025-02-05,315.2923889160156,320.5299987792969,320.7099914550781,315.1000061035156,317.94000244140625,2065700,AXP
2025-02-06,314.9186096191406,320.1499938964844,323.25,317.2099914550781,323.1000061035156,1730400,AXP
2025-02-07,311.59381103515625,316.7699890136719,321.3999938964844,316.2900085449219,320.8299865722656,1607100,AXP
2025-02-10,305.1902160644531,310.260009765625,318.45001220703125,306.010009765625,318.45001220703125,3227000,AXP
2025-02-11,304.511474609375,309.57000732421875,310.510009765625,306.3399963378906,308.5299987792969,1856100,AXP
2025-02-12,301.39324951171875,306.3999938964844,307.9599914550781,303.9100036621094,306.8500061035156,2238400,AXP
2025-02-13,302.475341796875,307.5,309.6300048828125,305.8800048828125,307.54998779296875,1975200,AXP
2025-02-14,305.95745849609375,311.0400085449219,311.8500061035156,307.4200134277344,307.42999267578125,1725500,AXP
2025-02-18,307.7378845214844,312.8500061035156,313.69000244140625,309.0299987792969,313.3900146484375,2024500,AXP
2025-02-19,304.85577392578125,309.9200134277344,312.0,306.8699951171875,310.3800048828125,2148200,AXP
2025-02-20,298.894775390625,303.8599853515625,309.9599914550781,298.69000244140625,309.7200012207031,2830300,AXP
2025-02-21,290.5729675292969,295.3999938964844,304.94000244140625,293.8500061035156,304.94000244140625,3280200,AXP
2025-02-24,290.7008972167969,295.5299987792969,298.9800109863281,292.4200134277344,297.1099853515625,2450600,AXP
2025-02-25,288.54669189453125,293.3399963378906,298.4100036621094,289.5299987792969,296.989990234375,2511700,AXP
2025-02-26,291.2615661621094,296.1000061035156,299.3399963378906,293.6700134277344,295.1400146484375,1899400,AXP
2025-02-27,289.3926696777344,294.20001220703125,301.0,293.0400085449219,296.0,2031800,AXP
2025-02-28,296.0421447753906,300.9599914550781,301.07000732421875,294.9700012207031,296.2900085449219,3336300,AXP
2025-03-03,290.66156005859375,295.489990234375,303.4599914550781,293.1099853515625,301.42999267578125,2342500,AXP
2025-03-04,278.83795166015625,283.4700012207031,291.7699890136719,277.5799865722656,291.57000732421875,5901200,AXP
2025-03-05,279.5363464355469,284.17999267578125,286.1199951171875,280.6300048828125,283.0,2569200,AXP
2025-03-06,271.13592529296875,275.6400146484375,282.1600036621094,274.5299987792969,279.79998779296875,2944200,AXP
2025-03-07,268.7456359863281,273.2099914550781,274.1700134277344,264.7099914550781,273.6600036621094,3817000,AXP
2025-03-10,257.0499267578125,261.32000732421875,268.5899963378906,257.45001220703125,267.7099914550781,4284100,AXP
2025-03-11,251.21678161621094,255.38999938964844,260.239990234375,253.5399932861328,257.4599914550781,4925600,AXP
2025-03-12,256.4892272949219,260.75,262.82000732421875,255.0,260.17999267578125,5514900,AXP
2025-03-13,252.2398223876953,256.42999267578125,261.510009765625,253.52000427246094,259.6499938964844,4194000,AXP
2025-03-14,261.28948974609375,265.6300048828125,266.6600036621094,259.0,260.1499938964844,4336800,AXP
2025-03-17,260.0599365234375,264.3800048828125,266.44000244140625,261.2699890136719,265.19000244140625,2975800,AXP
2025-03-18,258.427001953125,262.7200012207031,265.5,260.4599914550781,264.6000061035156,3251700,AXP
2025-03-19,266.2274475097656,270.6499938964844,272.010009765625,261.260009765625,263.0299987792969,2894200,AXP
2025-03-20,266.4045104980469,270.8299865722656,274.54998779296875,268.2200012207031,269.0299987792969,2129500,AXP
2025-03-21,266.0897216796875,270.510009765625,270.55999755859375,265.1600036621094,267.8500061035156,4229700,AXP
2025-03-24,273.3196105957031,277.8599853515625,278.25,274.2300109863281,275.2300109863281,2651400,AXP
2025-03-25,274.7164001464844,279.2799987792969,279.7900085449219,276.2099914550781,278.8999938964844,2767600,AXP
2025-03-26,271.49005126953125,276.0,282.1300048828125,274.6000061035156,280.0,2578600,AXP
2025-03-27,267.5750427246094,272.0199890136719,275.5,270.5400085449219,274.8599853515625,2312000,AXP
2025-03-28,261.1419677734375,265.4800109863281,272.6400146484375,263.010009765625,270.6300048828125,3261500,AXP
2025-03-31,264.6535339355469,269.04998779296875,270.3399963378906,259.0,262.489990234375,3946000,AXP
2025-04-01,266.0602722167969,270.4800109863281,270.8699951171875,265.1199951171875,265.739990234375,2881400,AXP
2025-04-02,270.7522888183594,275.25,277.32000732421875,266.57000732421875,266.8900146484375,2473700,AXP
2025-04-03,243.77049255371094,247.82000732421875,261.0,247.17999267578125,260.20001220703125,7736200,AXP
2025-04-04,230.62464904785156,233.67999267578125,238.97000122070312,228.6199951171875,237.9199981689453,9097500,AXP
2025-04-07,231.21681213378906,234.27999877929688,241.94000244140625,220.42999267578125,225.2899932861328,6283600,AXP
2025-04-08,228.36459350585938,231.38999938964844,247.0,227.36000061035156,245.8300018310547,4782100,AXP
2025-04-09,258.9296569824219,262.3599853515625,264.7699890136719,226.25999450683594,226.9600067138672,8640600,AXP
2025-04-10,243.66192626953125,246.88999938964844,255.5,238.52000427246094,255.02000427246094,4799900,AXP
2025-04-11,247.84649658203125,251.1300048828125,252.77000427246094,243.13999938964844,246.88999938964844,4413500,AXP
2025-04-14,252.0409393310547,255.3800048828125,257.6199951171875,252.16000366210938,256.5199890136719,3067000,AXP
2025-04-15,254.4884796142578,257.8599853515625,260.6300048828125,255.3000030517578,256.0,3509100,AXP
2025-04-16,249.6130828857422,252.9199981689453,258.94000244140625,249.6300048828125,255.16000366210938,4244900,AXP
2025-04-17,248.024169921875,251.30999755859375,255.6199951171875,247.10000610351562,252.9499969482422,3907500,AXP
2025-04-21,239.3391876220703,242.50999450683594,250.25999450683594,239.27000427246094,248.85000610351562,4302900,AXP
2025-04-22,249.11962890625,252.4199981689453,253.24000549316406,246.3699951171875,247.1199951171875,2324100,AXP
2025-04-23,256.7386779785156,260.1400146484375,270.1700134277344,259.260009765625,261.8699951171875,3872900,AXP
2025-04-24,263.8248291015625,267.32000732421875,268.0,258.0,258.07000732421875,2696300,AXP
2025-04-25,261.34765625,264.80999755859375,268.8599853515625,264.0,267.0,1940100,AXP
2025-04-28,261.4858093261719,264.95001220703125,268.0,262.5299987792969,264.94000244140625,1561500,AXP
2025-04-29,263.52874755859375,267.0199890136719,267.4800109863281,261.8299865722656,265.42999267578125,1730800,AXP
2025-04-30,262.9267272949219,266.4100036621094,267.4200134277344,257.2099914550781,260.9599914550781,3522700,AXP
2025-05-01,265.02886962890625,268.5400085449219,272.6600036621094,266.5199890136719,268.0,2473800,AXP
2025-05-02,273.230224609375,276.8500061035156,278.1000061035156,273.1000061035156,274.5,3099300,AXP
2025-05-05,274.394775390625,278.0299987792969,281.5899963378906,274.0799865722656,275.4599914550781,2416300,AXP
2025-05-06,271.7695617675781,275.3699951171875,278.1199951171875,273.6099853515625,274.4800109863281,3064000,AXP
2025-05-07,272.628173828125,276.239990234375,278.80999755859375,273.8900146484375,277.3399963378906,2329200,AXP
2025-05-08,279.9512023925781,283.6600036621094,285.5,278.7300109863281,279.7300109863281,3418000,AXP
2025-05-09,280.79010009765625,284.510009765625,287.0,282.9700012207031,285.0,2704600,AXP
2025-05-12,295.01165771484375,298.9200134277344,299.1700134277344,294.7300109863281,297.3399963378906,4089000,AXP
2025-05-13,298.34747314453125,302.29998779296875,303.0199890136719,298.82000732421875,300.0,3531700,AXP
2025-05-14,296.1762390136719,300.1000061035156,303.6199951171875,299.45001220703125,303.1499938964844,1954400,AXP
2025-05-15,295.6334228515625,299.54998779296875,300.92999267578125,297.0,298.04998779296875,1955000,AXP
2025-05-16,295.80120849609375,299.7200012207031,301.6499938964844,297.8299865722656,300.3599853515625,2962200,AXP
2025-05-19,295.38665771484375,299.29998779296875,300.8900146484375,295.69000244140625,297.010009765625,2751300,AXP
2025-05-20,292.297607421875,296.1700134277344,298.20001220703125,294.19000244140625,296.489990234375,2706600,AXP
2025-05-21,282.26055908203125,286.0,294.1199951171875,285.1099853515625,293.0400085449219,3447500,AXP
2025-05-22,283.4251403808594,287.17999267578125,289.04998779296875,285.07000732421875,285.6300048828125,2051800,AXP
2025-05-23,281.49078369140625,285.2200012207031,287.1000061035156,281.4599914550781,281.82000732421875,1724200,AXP
2025-05-27,289.91912841796875,293.760009765625,293.8599853515625,288.1499938964844,290.5299987792969,2604300,AXP
2025-05-28,289.52435302734375,293.3599853515625,295.3800048828125,292.3800048828125,293.4599914550781,1676900,AXP
2025-05-29,291.5179443359375,295.3800048828125,296.6099853515625,292.79998779296875,296.260009765625,2362200,AXP
2025-05-30,290.2052917480469,294.04998779296875,295.75,291.6300048828125,294.9700012207031,5251700,AXP
2025-06-02,291.46856689453125,295.3299865722656,295.75,290.3299865722656,292.3500061035156,1751200,AXP
2025-06-03,293.50164794921875,297.3900146484375,298.25,292.6499938964844,295.20001220703125,2202400,AXP
2025-06-04,292.0607604980469,295.92999267578125,298.6499938964844,295.79998779296875,297.80999755859375,1842100,AXP
2025-06-05,292.09033203125,295.9599914550781,298.5,294.1400146484375,296.5,1696900,AXP
2025-06-06,298.51519775390625,302.4700012207031,303.5,299.2300109863281,300.2900085449219,2099000,AXP
2025-06-09,297.61712646484375,301.55999755859375,303.7900085449219,299.5799865722656,303.7900085449219,2097800,AXP
2025-06-10,295.603759765625,299.5199890136719,301.7799987792969,298.0,301.70001220703125,2045300,AXP
2025-06-11,295.1893310546875,299.1000061035156,303.3900146484375,298.6499938964844,300.17999267578125,2013500,AXP
2025-06-12,294.09381103515625,297.989990234375,298.5799865722656,294.0,296.6700134277344,1604500,AXP
2025-06-13,284.02716064453125,287.7900085449219,293.3299865722656,286.1499938964844,292.54998779296875,3405600,AXP
2025-06-16,290.3730773925781,294.2200012207031,296.45001220703125,290.0199890136719,290.92999267578125,2307800,AXP
2025-06-17,288.9815368652344,292.80999755859375,294.5899963378906,290.95001220703125,292.0899963378906,2625800,AXP
2025-06-18,292.54437255859375,296.4200134277344,299.239990234375,292.0799865722656,292.0799865722656,3691500,AXP
2025-06-20,294.6859436035156,298.5899963378906,299.75,296.6400146484375,297.5799865722656,5687000,AXP
2025-06-23,295.7123718261719,299.6300048828125,299.8699951171875,291.8800048828125,296.82000732421875,3101700,AXP
2025-06-24,304.3479309082031,308.3800048828125,309.2200012207031,302.1499938964844,303.1000061035156,2805900,AXP
2025-06-25,304.5552062988281,308.5899963378906,310.7699890136719,307.17999267578125,308.8900146484375,2467200,AXP
2025-06-26,307.34820556640625,311.4200134277344,312.2699890136719,308.1700134277344,309.5799865722656,3255200,AXP
2025-06-27,313.04278564453125,317.19000244140625,320.1199951171875,313.1000061035156,314.0799865722656,4605500,AXP
2025-06-30,314.8093566894531,318.9800109863281,320.1300048828125,317.5899963378906,318.5799865722656,3416600,AXP
2025-07-01,318.3129577636719,322.5299987792969,324.3800048828125,316.29998779296875,316.92999267578125,3836200,AXP
2025-07-02,321.3526611328125,325.6099853515625,326.6199951171875,321.3399963378906,322.989990234375,3040200,AXP
2025-07-03,324.65728759765625,328.1300048828125,329.1400146484375,324.17999267578125,325.3299865722656,1541800,AXP
2025-07-07,319.3144836425781,322.7300109863281,328.4100036621094,320.260009765625,327.5199890136719,2160300,AXP
2025-07-08,313.6253662109375,316.9800109863281,324.4700012207031,316.95001220703125,324.4700012207031,2643900,AXP
2025-07-09,313.991455078125,317.3500061035156,320.92999267578125,317.30999755859375,318.6600036621094,2424200,AXP
2025-07-10,321.79791259765625,325.239990234375,326.1000061035156,317.5,317.8500061035156,2844400,AXP
2025-07-11,316.0889587402344,319.4700012207031,324.3500061035156,319.20001220703125,322.9800109863281,2091200,AXP
2025-07-14,317.5236511230469,320.9200134277344,321.7699890136719,317.67999267578125,319.2900085449219,1890900,AXP
2025-07-15,307.3623352050781,310.6499938964844,319.45001220703125,310.42999267578125,318.6099853515625,3006500,AXP
2025-07-16,308.59906005859375,311.8999938964844,312.489990234375,306.6099853515625,312.44000244140625,2921900,AXP
2025-07-17,312.0126037597656,315.3500061035156,316.9800109863281,310.5799865722656,310.9200134277344,3223300,AXP
2025-07-18,304.69091796875,307.95001220703125,311.8599853515625,302.510009765625,311.8599853515625,5481100,AXP
2025-07-21,299.7636413574219,302.9700012207031,309.1700134277344,302.9700012207031,307.9599914550781,2667200,AXP
2025-07-22,300.9212341308594,304.1400146484375,306.1600036621094,301.7300109863281,302.9800109863281,2296100,AXP
2025-07-23,305.39337158203125,308.6600036621094,309.5899963378906,305.239990234375,308.0,2139100,AXP
2025-07-24,304.9877014160156,308.25,310.5,307.0,308.29998779296875,2288100,AXP
2025-07-25,308.3121337890625,311.6099853515625,312.6499938964844,307.510009765625,309.4200134277344,2149300,AXP
2025-07-28,307.45135498046875,310.739990234375,313.5,309.2900085449219,311.6000061035156,1653800,AXP
2025-07-29,305.2746276855469,308.5400085449219,313.6199951171875,307.8500061035156,312.9100036621094,1796400,AXP
2025-07-30,300.198974609375,303.4100036621094,308.75,301.3699951171875,308.54998779296875,3132400,AXP
2025-07-31,296.142333984375,299.30999755859375,303.9100036621094,298.07000732421875,301.8999938964844,2718200,AXP
2025-08-01,291.1556701660156,294.2699890136719,294.9100036621094,288.3399963378906,294.0299987792969,3012900,AXP
2025-08-04,295.429931640625,298.5899963378906,299.1000061035156,295.5299987792969,295.5400085449219,1876000,AXP
2025-08-05,293.5005798339844,296.6400146484375,300.3500061035156,295.2300109863281,299.8500061035156,2181000,AXP
2025-08-06,292.4122619628906,295.5400085449219,298.04998779296875,294.44000244140625,297.2099914550781,3430500,AXP
2025-08-07,291.61083984375,294.7300109863281,298.2900085449219,290.6300048828125,297.70001220703125,2842500,AXP
2025-08-08,294.2822570800781,297.42999267578125,298.1300048828125,294.5400085449219,297.0,1778100,AXP
2025-08-11,293.094970703125,296.2300109863281,297.44000244140625,294.8900146484375,297.1199951171875,2316700,AXP
2025-08-12,300.00103759765625,303.2099914550781,305.07000732421875,298.4800109863281,298.8999938964844,2170500,AXP
2025-08-13,303.6223449707031,306.8699951171875,307.6000061035156,302.42999267578125,304.69000244140625,2586800,AXP
2025-08-14,304.4732360839844,307.7300109863281,307.95001220703125,302.510009765625,305.5400085449219,2108300,AXP
2025-08-15,302.23712158203125,305.4700012207031,309.80999755859375,304.239990234375,309.4599914550781,2728000,AXP
2025-08-18,303.8004150390625,307.04998779296875,307.239990234375,302.7900085449219,304.2699890136719,2115100,AXP
2025-08-19,302.8604736328125,306.1000061035156,308.57000732421875,304.57000732421875,306.6600036621094,2215800,AXP
2025-08-20,305.1361389160156,308.3999938964844,309.0199890136719,303.8699951171875,305.7300109863281,2481700,AXP
2025-08-21,304.9085998535156,308.1700134277344,308.5199890136719,304.0199890136719,306.7900085449219,1848500,AXP
2025-08-22,315.78228759765625,319.1600036621094,321.7099914550781,310.1499938964844,310.2200012207031,2785200,AXP
2025-08-25,312.4578552246094,315.79998779296875,319.95001220703125,315.4100036621094,319.05999755859375,1599600,AXP
2025-08-26,317.20703125,320.6000061035156,320.7900085449219,314.1199951171875,315.0199890136719,1848600,AXP
2025-08-27,319.0473327636719,322.4599914550781,323.5199890136719,319.510009765625,319.9200134277344,1970100,AXP
2025-08-28,323.5293884277344,326.989990234375,327.5400085449219,322.0,323.989990234375,2194800,AXP
2025-08-29,327.77398681640625,331.2799987792969,332.05999755859375,326.80999755859375,327.2799987792969,2981300,AXP
2025-09-02,327.6750183105469,331.17999267578125,331.3800048828125,322.7099914550781,326.6600036621094,3225100,AXP
2025-09-03,320.2840881347656,323.7099914550781,332.07000732421875,321.4100036621094,330.75,3439000,AXP
2025-09-04,327.1506652832031,330.6499938964844,331.0400085449219,322.82000732421875,325.0,2485100,AXP
2025-09-05,322.767578125,326.2200012207031,332.4599914550781,325.2300109863281,330.69000244140625,2971800,AXP
2025-09-08,321.9660949707031,325.4100036621094,327.45001220703125,324.0,326.510009765625,2264400,AXP
2025-09-09,320.90740966796875,324.3399963378906,326.5899963378906,320.79998779296875,322.7900085449219,2056000,AXP
2025-09-10,319.92791748046875,323.3500061035156,324.6499938964844,321.239990234375,322.989990234375,1846600,AXP
2025-09-11,325.8347473144531,329.32000732421875,330.69000244140625,322.4200134277344,323.5,2825900,AXP
2025-09-12,321.8672180175781,325.30999755859375,329.6000061035156,324.04998779296875,329.6000061035156,2000300,AXP
2025-09-15,323.7965393066406,327.260009765625,330.2699890136719,326.0,326.04998779296875,1646300,AXP
2025-09-16,323.578857421875,327.0400085449219,327.989990234375,323.70001220703125,327.79998779296875,1987600,AXP
2025-09-17,332.44403076171875,336.0,337.5,328.3999938964844,328.8999938964844,3586500,AXP
2025-09-18,338.0540466308594,341.6700134277344,342.4700012207031,335.0,338.5,3204000,AXP
2025-09-19,337.5098571777344,341.1199951171875,344.3599853515625,339.7200012207031,342.5299987792969,8632000,AXP
2025-09-22,337.3713073730469,340.9800109863281,345.510009765625,338.3800048828125,339.510009765625,3328000,AXP
2025-09-23,337.8561706542969,341.4700012207031,349.19000244140625,340.010009765625,341.94000244140625,2697600,AXP
2025-09-24,336.87664794921875,340.4800109863281,345.0,338.510009765625,342.9700012207031,2279100,AXP
2025-09-25,336.5798034667969,340.17999267578125,340.7699890136719,334.0,336.9100036621094,2223900,AXP
2025-09-26,338.0639343261719,341.67999267578125,343.3299865722656,339.0199890136719,341.45001220703125,1728600,AXP
2025-09-29,338.687255859375,342.30999755859375,344.8500061035156,338.5,343.760009765625,1658100,AXP
2025-09-30,328.6446838378906,332.1600036621094,342.9599914550781,328.1499938964844,341.6000061035156,3327300,AXP
2025-10-01,325.0827941894531,328.55999755859375,335.7699890136719,328.3999938964844,331.0,2598800,AXP
2025-10-02,326.98248291015625,330.4800109863281,331.9800109863281,326.2799987792969,328.45001220703125,1907600,AXP
2025-10-03,326.7450256347656,330.239990234375,332.0400085449219,328.7200012207031,332.0,2404000,AXP
2025-10-06,328.4764709472656,331.989990234375,334.0,326.25,332.0,2116200,AXP
2025-10-07,324.4990539550781,327.9700012207031,334.94000244140625,325.739990234375,332.6499938964844,1708900,AXP
2025-10-08,320.3929748535156,323.82000732421875,329.1499938964844,323.5799865722656,328.6700134277344,2184300,AXP
2025-10-09,321.0063781738281,324.44000244140625,328.30999755859375,324.04998779296875,326.4800109863281,2094800,AXP
2025-10-10,313.7058410644531,316.260009765625,328.1000061035156,315.95001220703125,325.20001220703125,2684700,AXP
2025-10-13,320.5104064941406,323.1199951171875,324.3599853515625,319.05999755859375,319.1700134277344,1693100,AXP
2025-10-14,330.1618347167969,332.8500061035156,336.3299865722656,320.5,321.6099853515625,2810400,AXP
2025-10-15,327.9895324707031,330.6600036621094,336.9200134277344,330.2799987792969,333.8599853515625,2186000,AXP
2025-10-16,320.5104064941406,323.1199951171875,332.5,320.0,331.0199890136719,3268000,AXP
2025-10-17,343.82061767578125,346.6199951171875,348.70001220703125,331.0,332.3800048828125,7025200,AXP
2025-10-20,346.65753173828125,349.4800109863281,350.2200012207031,342.6499938964844,347.3900146484375,3465400,AXP
2025-10-21,352.3511962890625,355.2200012207031,356.6700134277344,350.7900085449219,352.0899963378906,2658400,AXP
2025-10-22,349.15716552734375,352.0,357.7300109863281,349.17999267578125,355.2799987792969,2710000,AXP
2025-10-23,352.0635070800781,354.92999267578125,356.17999267578125,350.54998779296875,352.7200012207031,1892600,AXP
2025-10-24,354.6722717285156,357.55999755859375,362.32000732421875,356.8699951171875,358.3999938964844,2397500,AXP
2025-10-27,358.74908447265625,361.6700134277344,362.8399963378906,358.9100036621094,362.0,2179900,AXP
2025-10-28,358.1142578125,361.0299987792969,362.5299987792969,359.44000244140625,361.2200012207031,1416800,AXP
2025-10-29,355.3269348144531,358.2200012207031,362.0,355.8800048828125,359.0,1840500,AXP
2025-10-30,355.9815979003906,358.8800048828125,365.75,357.9599914550781,358.5899963378906,2045100,AXP
2025-10-31,357.8166809082031,360.7300109863281,361.989990234375,356.0,357.0,2155600,AXP
2025-11-03,358.699462890625,361.6199951171875,363.5400085449219,358.8500061035156,361.0,1822900,AXP
2025-11-04,357.57861328125,360.489990234375,362.5400085449219,356.8500061035156,359.32000732421875,1887800,AXP
2025-11-05,362.845703125,365.79998779296875,367.82000732421875,356.4100036621094,359.69000244140625,2195800,AXP
2025-11-06,362.77630615234375,365.7300109863281,369.260009765625,362.4100036621094,366.0400085449219,2354600,AXP
2025-11-07,365.5635986328125,368.5400085449219,370.0,361.0,364.1400146484375,2752200,AXP
2025-11-10,364.908935546875,367.8800048828125,371.79998779296875,362.760009765625,369.4800109863281,2876800,AXP
2025-11-11,367.1705017089844,370.1600036621094,373.0799865722656,366.260009765625,367.8900146484375,2132900,AXP
2025-11-12,369.7594299316406,372.7699890136719,377.2300109863281,370.510009765625,371.1099853515625,2961500,AXP
2025-11-13,361.7843933105469,364.7300109863281,373.8900146484375,363.3399963378906,371.0899963378906,2273500,AXP
2025-11-14,354.29534912109375,357.17999267578125,362.20001220703125,355.3999938964844,361.79998779296875,2943500,AXP
2025-11-17,338.4939880371094,341.25,358.2300109863281,339.3999938964844,356.2200012207031,3599000,AXP
2025-11-18,337.9087829589844,340.6600036621094,343.7300109863281,334.1000061035156,336.8500061035156,4216800,AXP
2025-11-19,341.8566589355469,344.6400146484375,345.32000732421875,340.739990234375,341.7099914550781,2005000,AXP
2025-11-20,341.02337646484375,343.79998779296875,353.1300048828125,340.32000732421875,349.9700012207031,3095700,AXP
2025-11-21,350.0400085449219,352.8900146484375,356.30999755859375,344.29998779296875,345.6000061035156,3044100,AXP
2025-11-24,353.055419921875,355.92999267578125,356.3900146484375,350.17999267578125,353.6199951171875,3330900,AXP
2025-11-25,359.7112731933594,362.6400146484375,363.7900085449219,355.30999755859375,357.04998779296875,2059400,AXP
2025-11-26,361.0304870605469,363.9700012207031,366.7300109863281,362.7099914550781,362.7099914550781,1679900,AXP
2025-11-28,362.3199768066406,365.2699890136719,367.5299987792969,364.010009765625,365.69000244140625,872300,AXP
2025-12-01,357.4000549316406,360.30999755859375,366.5299987792969,360.1400146484375,363.8599853515625,2229100,AXP
2025-12-02,357.78692626953125,360.70001220703125,363.6600036621094,357.3500061035156,362.0799865722656,2135400,AXP
2025-12-03,365.1568908691406,368.1300048828125,370.20001220703125,360.79998779296875,361.0199890136719,2651800,AXP
2025-12-04,368.1524963378906,371.1499938964844,373.05999755859375,368.1300048828125,368.989990234375,2027200,AXP
2025-12-05,367.3589782714844,370.3500061035156,374.8800048828125,369.05999755859375,369.45001220703125,1978700,AXP
2025-12-08,359.3541564941406,362.2799987792969,370.0,360.70001220703125,369.9100036621094,2581400,AXP
2025-12-09,360.97100830078125,363.9100036621094,368.07000732421875,362.5,363.0299987792969,2197600,AXP
2025-12-10,372.5368347167969,375.57000732421875,377.9800109863281,363.0,363.0,2804400,AXP
2025-12-11,381.78155517578125,384.8900146484375,385.9200134277344,375.6000061035156,376.5,2975800,AXP
2025-12-12,379.47039794921875,382.55999755859375,387.489990234375,378.6000061035156,386.489990234375,2477800,AXP
2025-12-15,379.4803161621094,382.57000732421875,385.75,379.8699951171875,384.3999938964844,2734700,AXP
2025-12-16,377.67498779296875,380.75,384.7799987792969,378.82000732421875,384.0,2584400,AXP
2025-12-17,372.5764465332031,375.6099853515625,384.3399963378906,374.54998779296875,381.54998779296875,2973900,AXP
2025-12-18,372.4872131347656,375.5199890136719,380.5400085449219,373.8500061035156,380.0,2884400,AXP
2025-12-19,373.4692077636719,376.510009765625,377.54998779296875,372.7699890136719,375.5400085449219,7934300,AXP
2025-12-22,377.774169921875,380.8500061035156,382.4200134277344,377.0799865722656,378.3299865722656,2747400,AXP
2025-12-23,379.1033630371094,382.19000244140625,384.54998779296875,380.1000061035156,380.75,1768200,AXP
2025-12-24,380.01593017578125,383.1099853515625,384.7300109863281,380.739990234375,382.19000244140625,817100,AXP
2025-12-26,377.9725646972656,381.04998779296875,382.6700134277344,380.2699890136719,382.3299865722656,1114900,AXP
2025-12-29,372.288818359375,375.32000732421875,381.3900146484375,374.9700012207031,381.0,1736800,AXP
2025-12-30,370.37445068359375,373.3900146484375,375.42999267578125,372.95001220703125,375.0299987792969,1319500,AXP
2025-12-31,366.96221923828125,369.95001220703125,374.3699951171875,369.8699951171875,373.2699890136719,1469300,AXP
2026-01-02,370.54107666015625,372.7300109863281,372.8699951171875,367.25,369.5,2076100,AXP
2026-01-05,377.5695495605469,379.79998779296875,383.70001220703125,372.25,372.29998779296875,2362000,AXP
2026-01-06,381.30743408203125,383.55999755859375,386.260009765625,376.2099914550781,380.3699951171875,2544100,AXP
2026-01-07,375.99884033203125,378.2200012207031,384.989990234375,376.5199890136719,383.8999938964844,2178600,AXP
2026-01-08,380.7308654785156,382.9800109863281,385.1300048828125,376.510009765625,378.1700134277344,2707700,AXP
2026-01-09,373.40411376953125,375.6099853515625,384.8900146484375,373.8299865722656,383.0,2767700,AXP
2026-01-12,357.4782409667969,359.5899963378906,362.0400085449219,355.510009765625,360.5,7015900,AXP
2026-01-13,355.8975830078125,358.0,360.2900085449219,355.95001220703125,359.6000061035156,3775000,AXP
2026-01-14,356.15606689453125,358.260009765625,358.3900146484375,350.7200012207031,356.44000244140625,3583400,AXP
2026-01-15,355.2712707519531,357.3699951171875,361.1000061035156,355.7300109863281,358.3699951171875,2868300,AXP
2026-01-16,362.647705078125,364.7900085449219,369.3999938964844,359.8999938964844,361.1499938964844,3555100,AXP
2026-01-20,350.1217041015625,352.19000244140625,361.1600036621094,351.3500061035156,356.0,3049600,AXP
2026-01-21,357.49810791015625,359.6099853515625,362.6300048828125,352.2699890136719,352.29998779296875,2780300,AXP
2026-01-22,365.85870361328125,368.0199890136719,370.1000061035156,362.7300109863281,362.7300109863281,2628500,AXP
2026-01-23,359.56591796875,361.69000244140625,363.75,358.25,362.7300109863281,2801800,AXP
2026-01-26,361.11676025390625,363.25,364.8699951171875,360.6600036621094,362.19000244140625,2131200,AXP
2026-01-27,357.33905029296875,359.45001220703125,363.4200134277344,355.7699890136719,363.260009765625,1916000,AXP
2026-01-28,354.89349365234375,356.989990234375,361.57000732421875,356.54998779296875,359.239990234375,2386500,AXP
2026-01-29,356.3946228027344,358.5,362.2900085449219,355.6499938964844,360.2699890136719,4217500,AXP
2026-01-30,350.1018371582031,352.1700134277344,356.010009765625,344.5,355.0,5381200,AXP
2026-02-02,350.7579345703125,352.8299865722656,355.29998779296875,347.010009765625,350.3500061035156,2603200,AXP
2026-02-03,347.57672119140625,349.6300048828125,358.3699951171875,346.8999938964844,353.92999267578125,2854600,AXP
2026-02-04,351.593017578125,353.6700134277344,357.3299865722656,347.5400085449219,349.6300048828125,3241900,AXP
2026-02-05,352.53741455078125,354.6199951171875,357.32000732421875,348.3500061035156,350.54998779296875,4074900,AXP
2026-02-06,357.0408020019531,359.1499938964844,361.3900146484375,354.69000244140625,358.20001220703125,3301700,AXP
2026-02-09,357.5478210449219,359.6600036621094,361.739990234375,355.67999267578125,359.0,2219700,AXP
2026-02-10,361.0670471191406,363.20001220703125,369.5,359.3299865722656,359.6199951171875,3506900,AXP
2026-02-11,351.9309997558594,354.010009765625,369.5,353.95001220703125,367.55999755859375,3437100,AXP
2026-02-12,340.8663635253906,342.8800048828125,359.05999755859375,340.3800048828125,356.5,4141900,AXP
2026-02-13,335.5179748535156,337.5,344.8699951171875,336.2099914550781,342.6000061035156,3814400,AXP
2026-02-17,342.5066833496094,344.5299987792969,346.6300048828125,338.0,338.7300109863281,3186000,AXP
2026-02-18,344.20660400390625,346.239990234375,348.04998779296875,345.0,346.0899963378906,1900600,AXP
2026-02-19,340.6376953125,342.6499938964844,344.6199951171875,338.2900085449219,343.75,2786500,AXP
2026-02-20,344.1470031738281,346.17999267578125,346.2799987792969,338.5,341.54998779296875,2738900,AXP
2026-02-23,319.35345458984375,321.239990234375,345.8299865722656,317.1499938964844,343.3500061035156,7092600,AXP
2026-02-24,318.597900390625,320.4800109863281,323.5899963378906,316.07000732421875,320.489990234375,7925900,AXP
2026-02-25,325.1690979003906,327.0899963378906,329.1300048828125,322.32000732421875,323.4599914550781,3843800,AXP
2026-02-26,333.35076904296875,335.32000732421875,336.6199951171875,329.75,329.8399963378906,3215500,AXP
2026-02-27,307.0859069824219,308.8999938964844,321.510009765625,307.6499938964844,320.8999938964844,9817300,AXP
2026-03-02,305.6245422363281,307.42999267578125,310.4200134277344,301.2799987792969,303.20001220703125,6280000,AXP
2026-03-03,306.01226806640625,307.82000732421875,309.4100036621094,299.75,300.1099853515625,5673100,AXP
2026-03-04,309.3823547363281,311.2099914550781,312.4599914550781,307.0,309.1099853515625,4055200,AXP
2026-03-05,305.4058532714844,307.2099914550781,309.5,304.79998779296875,306.8599853515625,4601800,AXP
2026-03-06,299.2322998046875,301.0,303.0,294.510009765625,300.67999267578125,5500100,AXP
2026-03-09,303.58660888671875,305.3800048828125,306.29998779296875,292.42999267578125,294.5299987792969,4695000,AXP
2026-03-10,301.36968994140625,303.1499938964844,308.25,301.0199890136719,305.95001220703125,3488800,AXP
2026-03-11,304.1929931640625,305.989990234375,306.8500061035156,300.8500061035156,302.4700012207031,3512200,AXP
2026-03-12,300.1170959472656,301.8900146484375,304.8399963378906,298.7300109863281,300.5400085449219,3602400,AXP
2026-03-13,298.1983947753906,299.9599914550781,305.7099914550781,299.8399963378906,304.32000732421875,2645800,AXP
2026-03-16,296.4487609863281,298.20001220703125,304.0299987792969,295.8299865722656,301.010009765625,3604200,AXP
2026-03-17,298.506591796875,300.2699890136719,306.2900085449219,299.8399963378906,303.8599853515625,3616000,AXP
2026-03-18,292.6611633300781,294.3900146484375,301.07000732421875,293.3599853515625,299.1499938964844,3303100,AXP
2026-03-19,293.1979675292969,294.92999267578125,297.6199951171875,291.2799987792969,292.2799987792969,3027200,AXP
2026-03-20,293.7646179199219,295.5,296.5,290.9700012207031,294.9700012207031,7116500,AXP
2026-03-23,300.136962890625,301.9100036621094,304.9800109863281,297.9599914550781,304.9800109863281,4319800,AXP
2026-03-24,300.2264404296875,302.0,303.8399963378906,297.95001220703125,298.80999755859375,3639100,AXP
2026-03-25,298.4767761230469,300.239990234375,306.3800048828125,296.9100036621094,305.0,2823800,AXP
2026-03-26,297.63177490234375,299.3900146484375,302.70001220703125,295.8500061035156,298.57000732421875,2887500,AXP
2026-03-27,290.5535888671875,292.2699890136719,297.95001220703125,291.5,297.2900085449219,2751000,AXP
2026-03-30,295.742919921875,297.489990234375,301.4599914550781,293.70001220703125,294.67999267578125,3851100,AXP
2026-03-31,300.70361328125,302.4800109863281,304.4700012207031,297.5799865722656,302.9800109863281,3516600,AXP
2026-04-01,299.6796875,301.45001220703125,307.25,299.6300048828125,306.7699890136719,3403300,AXP
2026-04-02,299.36053466796875,300.17999267578125,302.75,292.5799865722656,295.3999938964844,2105500,AXP
2026-04-06,304.8953857421875,305.7300109863281,305.7900085449219,298.4100036621094,298.760009765625,2185200,AXP
2026-04-07,306.19183349609375,307.0299987792969,307.1199951171875,301.7099914550781,302.5299987792969,2265500,AXP
2026-04-08,315.4764099121094,316.3399963378906,322.5,314.94000244140625,317.25,3654200,AXP
2026-04-09,316.9024963378906,317.7699890136719,318.1499938964844,312.17999267578125,314.30999755859375,1996200,AXP
2026-04-10,312.6441650390625,313.5,318.0,313.1300048828125,317.3699951171875,1991300,AXP
2026-04-13,322.9360046386719,323.82000732421875,324.2200012207031,310.0,311.17999267578125,2581800,AXP
2026-04-14,326.0674133300781,326.9599914550781,328.9100036621094,323.75,325.0,2288700,AXP
2026-04-15,328.1617126464844,329.05999755859375,332.3999938964844,327.239990234375,328.8800048828125,2542300,AXP
2026-04-16,324.8707275390625,325.760009765625,331.1700134277344,325.2300109863281,328.7699890136719,2018700,AXP
2026-04-17,330.7845153808594,331.69000244140625,339.9800109863281,329.5299987792969,330.0,4775500,AXP
2026-04-20,328.969482421875,329.8699951171875,334.739990234375,329.5299987792969,331.67999267578125,2280600,AXP
2026-04-21,328.88970947265625,329.7900085449219,338.0899963378906,328.45001220703125,331.79998779296875,2916800,AXP
2026-04-22,331.9912109375,332.8999938964844,334.5,328.0,331.1099853515625,4339800,AXP
2026-04-23,317.6803894042969,318.54998779296875,332.20001220703125,314.75,332.20001220703125,4580600,AXP
2026-04-24,313.22259521484375,314.0799865722656,318.82000732421875,312.5,316.510009765625,2968100,AXP
2026-04-27,317.9696044921875,318.8399963378906,318.9599914550781,313.0199890136719,313.0199890136719,2553000,AXP
2026-04-28,315.0376281738281,315.8999938964844,323.70001220703125,314.9599914550781,321.70001220703125,6101400,AXP
2026-04-29,314.7882995605469,315.6499938964844,317.54998779296875,314.010009765625,316.8800048828125,3136000,AXP
2026-04-30,322.1680908203125,323.04998779296875,323.8500061035156,312.2300109863281,313.3699951171875,4587900,AXP
2026-05-01,318.80731201171875,319.67999267578125,325.0,319.4599914550781,324.4700012207031,2385600,AXP
2026-05-04,318.3385925292969,319.2099914550781,322.8999938964844,317.4599914550781,320.7699890136719,2692000,AXP
2026-05-05,315.0874938964844,315.95001220703125,320.6000061035156,314.5,320.2799987792969,2658400,AXP
2026-05-06,321.021240234375,321.8999938964844,324.7799987792969,320.0,320.0,2933600,AXP
2026-05-07,317.82000732421875,318.69000244140625,324.5400085449219,316.79998779296875,322.3299865722656,3350500,AXP
2026-05-08,315.1672668457031,316.0299987792969,320.04998779296875,313.6099853515625,319.0899963378906,6802200,AXP
2026-05-11,311.4674072265625,312.32000732421875,316.3999938964844,311.80999755859375,315.2900085449219,3081600,AXP
2026-05-12,313.45196533203125,314.30999755859375,314.95001220703125,311.0799865722656,312.3299865722656,2275500,AXP
2026-05-13,308.7647705078125,309.6099853515625,312.1000061035156,307.760009765625,311.1199951171875,2967000,AXP
2026-05-14,311.9161682128906,312.7699890136719,314.67999267578125,311.0299987792969,313.0199890136719,3240500,AXP
2026-05-15,312.6242370605469,313.4800109863281,315.489990234375,312.0,312.2900085449219,2649600,AXP
2026-05-18,311.3876037597656,312.239990234375,315.6600036621094,310.3999938964844,314.2900085449219,2274200,AXP
2026-05-19,308.4656066894531,309.30999755859375,312.989990234375,307.6300048828125,310.739990234375,2918400,AXP
2026-05-20,308.9742431640625,309.82000732421875,310.8699951171875,303.0400085449219,310.0,4577100,AXP
2026-05-21,308.85455322265625,309.70001220703125,310.75,305.6099853515625,308.54998779296875,1992700,AXP
2026-05-22,310.9288635253906,311.7799987792969,314.42999267578125,310.6499938964844,313.2799987792969,2209200,AXP
2026-05-26,309.87176513671875,310.7200012207031,314.57000732421875,309.6000061035156,314.0400085449219,2410400,AXP
2026-05-27,311.6867980957031,312.5400085449219,317.489990234375,311.67999267578125,313.82000732421875,3015600,AXP
2026-05-28,314.259765625,315.1199951171875,315.5,306.2300109863281,311.0,3599800,AXP
2026-05-29,315.6060791015625,316.4700012207031,319.239990234375,312.5899963378906,315.57000732421875,4530400,AXP
2026-06-01,312.68408203125,313.5400085449219,314.79998779296875,310.6000061035156,313.1600036621094,2621800,AXP
2026-06-02,310.12109375,310.9700012207031,313.70001220703125,310.3399963378906,313.3299865722656,2116700,AXP
2026-06-03,299.7494812011719,300.57000732421875,310.3599853515625,300.0299987792969,308.67999267578125,3939200,AXP
2026-06-04,311.67681884765625,312.5299987792969,314.9599914550781,305.44000244140625,305.7699890136719,2992200,AXP
2026-06-05,309.8119201660156,310.6600036621094,314.5,308.30999755859375,313.9200134277344,2445700,AXP
2026-06-08,311.44744873046875,312.29998779296875,313.9599914550781,309.75,310.0,2500500,AXP
2026-06-09,317.5108642578125,318.3800048828125,322.5400085449219,314.6400146484375,315.0,2634300,AXP
2026-06-10,312.484619140625,313.3399963378906,320.30999755859375,313.2799987792969,318.8800048828125,2525400,AXP
2026-06-11,317.62054443359375,318.489990234375,319.5299987792969,309.6400146484375,314.9700012207031,2589900,AXP
2026-06-12,324.55157470703125,325.44000244140625,325.6199951171875,319.0799865722656,321.79998779296875,2223000,AXP
2026-06-15,334.4644470214844,335.3800048828125,340.0,329.70001220703125,329.70001220703125,3353000,AXP
2026-06-16,339.809814453125,340.739990234375,342.19000244140625,335.45001220703125,336.8299865722656,3657300,AXP
2026-06-17,339.6103820800781,340.5400085449219,346.95001220703125,339.3299865722656,341.3900146484375,3982100,AXP
2026-06-18,337.0773010253906,338.0,348.20001220703125,337.9700012207031,346.3500061035156,4490800,AXP
2026-06-22,337.1471252441406,338.07000732421875,340.25,335.8800048828125,337.9800109863281,3006200,AXP
2026-06-23,336.85791015625,337.7799987792969,338.5299987792969,333.94000244140625,335.17999267578125,3549800,AXP
2026-06-24,341.6248474121094,342.55999755859375,344.5199890136719,336.2099914550781,336.8399963378906,2639300,AXP
2026-06-25,341.5251159667969,342.4599914550781,352.5199890136719,340.9200134277344,345.0,3523100,AXP
2026-06-26,339.43084716796875,340.3599853515625,344.010009765625,338.32000732421875,341.989990234375,5899700,AXP
2026-06-29,339.9494323730469,340.8800048828125,344.04998779296875,339.2900085449219,341.7799987792969,2604900,AXP
2026-06-30,337.32659912109375,338.25,344.1400146484375,336.57000732421875,342.0,3527300,AXP
2026-07-01,347.04998779296875,348.0,350.5,337.7300109863281,341.5299987792969,2918000,AXP
2026-07-02,351.9599914550781,351.9599914550781,352.0899963378906,346.0199890136719,349.4700012207031,2440600,AXP
2026-07-06,356.0299987792969,356.0299987792969,358.1700134277344,350.5899963378906,352.2099914550781,3525200,AXP
2026-07-07,349.5799865722656,349.5799865722656,359.5899963378906,349.239990234375,358.5400085449219,2909000,AXP
2026-07-08,336.3900146484375,336.3900146484375,346.80999755859375,333.55999755859375,345.45001220703125,3568800,AXP
2026-07-09,346.7200012207031,346.7200012207031,348.510009765625,335.2900085449219,337.010009765625,3474000,AXP
2026-07-10,350.5799865722656,350.5799865722656,352.989990234375,345.92999267578125,351.2200012207031,2792700,AXP
2026-07-13,354.42999267578125,354.42999267578125,357.5899963378906,352.70001220703125,356.6000061035156,2624600,AXP
2026-07-14,355.05999755859375,355.05999755859375,361.0,352.4700012207031,353.0899963378906,3530900,AXP
2026-07-15,358.44000244140625,358.44000244140625,362.7200012207031,356.1400146484375,356.1400146484375,2525600,AXP
2026-07-16,361.57000732421875,361.57000732421875,363.1400146484375,358.1600036621094,359.3500061035156,2441600,AXP
2026-07-17,355.3500061035156,355.3500061035156,358.79998779296875,351.82000732421875,356.5799865722656,2647200,AXP
2026-07-20,351.92999267578125,351.92999267578125,357.3999938964844,350.9599914550781,355.79998779296875,2311200,AXP
2026-07-21,350.7900085449219,350.7900085449219,354.8699951171875,348.239990234375,353.57000732421875,2456600,AXP
2026-07-22,348.739990234375,348.739990234375,349.70001220703125,345.0400085449219,348.82000732421875,2465900,AXP
2026-07-23,340.8399963378906,340.8399963378906,344.9100036621094,338.20001220703125,343.3900146484375,4310600,AXP
2026-07-24,326.1700134277344,326.1700134277344,329.04998779296875,318.20001220703125,326.1199951171875,6365100,AXP
2026-07-27,335.3900146484375,335.3900146484375,336.6099853515625,329.7900085449219,331.5,3774200,AXP
2026-07-28,336.6300048828125,336.6300048828125,336.82000732421875,331.42999267578125,335.5,3535700,AXP
2026-07-29,331.5,331.5,336.3900146484375,330.0,333.6199951171875,3437900,AXP
2026-07-30,337.5199890136719,337.5199890136719,337.79998779296875,329.07000732421875,331.9700012207031,2859500,AXP
2026-07-31,336.25,336.25,340.29998779296875,336.0,338.2799987792969,2353700,AXP
2026-08-03,344.7200012207031,344.7200012207031,345.1600036621094,340.0,340.8999938964844,2864600,AXP
2026-08-04,346.7099914550781,346.7099914550781,348.5,344.1199951171875,345.0,2764800,AXP
2026-08-05,348.989990234375,348.989990234375,352.489990234375,346.6199951171875,350.0,1983600,AXP
2026-08-06,342.6000061035156,342.6000061035156,350.0,342.07000732421875,349.79998779296875,2773700,AXP
2026-08-07,340.9100036621094,340.9100036621094,343.32000732421875,338.0,341.70001220703125,1793600,AXP
2026-08-10,338.8599853515625,338.8599853515625,342.0,336.57000732421875,339.5,2203900,AXP
2026-08-11,340.80999755859375,340.80999755859375,343.5899963378906,338.1199951171875,338.489990234375,2091600,AXP
2026-08-12,344.0799865722656,344.0799865722656,344.57000732421875,338.57000732421875,339.32000732421875,2113100,AXP
2026-08-13,343.6499938964844,343.6499938964844,347.1099853515625,340.0,345.3900146484375,1704200,AXP
2026-08-14,342.364990234375,342.364990234375,345.0,341.69000244140625,345.989990234375,578436,AXP
