Date,Adj Close,Close,High,Low,Open,Volume,Ticker
2016-08-15,71.66512298583984,97.58000183105469,97.66999816894531,97.12999725341797,97.4000015258789,2397200,CVS
2016-08-16,71.65045166015625,97.55999755859375,97.8499984741211,96.9800033569336,97.08000183105469,3328300,CVS
2016-08-17,71.64311981201172,97.55000305175781,97.72000122070312,97.16000366210938,97.4000015258789,3107200,CVS
2016-08-18,71.37134552001953,97.18000030517578,97.63999938964844,96.83999633789062,97.5199966430664,3192000,CVS
2016-08-19,71.2391586303711,97.0,97.11000061035156,96.37000274658203,97.01000213623047,2939100,CVS
2016-08-22,71.97357940673828,98.0,98.11000061035156,96.30999755859375,96.98999786376953,4351800,CVS
2016-08-23,71.43742370605469,97.2699966430664,98.44000244140625,97.0999984741211,98.2699966430664,3004400,CVS
2016-08-24,71.36402893066406,97.16999816894531,98.08999633789062,96.95999908447266,97.05000305175781,3585600,CVS
2016-08-25,68.87429809570312,93.77999877929688,96.97000122070312,93.4000015258789,96.91999816894531,9393800,CVS
2016-08-26,68.492431640625,93.26000213623047,94.30000305175781,92.7300033569336,94.01000213623047,6370400,CVS
2016-08-29,68.36022186279297,93.08000183105469,93.55000305175781,92.44000244140625,93.41999816894531,6093500,CVS
2016-08-30,68.14724731445312,92.79000091552734,93.22000122070312,92.25,93.01000213623047,4971900,CVS
2016-08-31,68.59521484375,93.4000015258789,93.52999877929688,92.30999755859375,92.86000061035156,5226300,CVS
2016-09-01,68.57318115234375,93.37000274658203,93.75,93.06999969482422,93.55999755859375,3274400,CVS
2016-09-02,68.91836547851562,93.83999633789062,94.19999694824219,93.5199966430664,93.83000183105469,3133600,CVS
2016-09-06,68.56584167480469,93.36000061035156,94.08000183105469,92.9000015258789,93.97000122070312,3745200,CVS
2016-09-07,68.74946594238281,93.61000061035156,93.80999755859375,92.86000061035156,93.18000030517578,3350400,CVS
2016-09-08,68.38221740722656,93.11000061035156,93.86000061035156,92.27999877929688,93.55999755859375,7380800,CVS
2016-09-09,67.21450805664062,91.5199966430664,92.79000091552734,91.5199966430664,92.73999786376953,6153400,CVS
2016-09-12,67.59638977050781,92.04000091552734,92.26000213623047,91.04000091552734,91.4000015258789,5235400,CVS
2016-09-13,66.78119659423828,90.93000030517578,91.81999969482422,90.72000122070312,91.58000183105469,4082100,CVS
2016-09-14,65.68689727783203,89.44000244140625,91.12999725341797,89.33000183105469,90.75,7939400,CVS
2016-09-15,66.2083511352539,90.1500015258789,90.22000122070312,88.0999984741211,89.13999938964844,7449200,CVS
2016-09-16,66.18633270263672,90.12000274658203,90.3499984741211,89.37000274658203,90.0,6406800,CVS
2016-09-19,65.48861694335938,89.16999816894531,90.2300033569336,89.0,90.12999725341797,7480000,CVS
2016-09-20,66.09082794189453,89.98999786376953,90.29000091552734,89.5,89.5,5465100,CVS
2016-09-21,66.28914642333984,90.26000213623047,90.4000015258789,89.19999694824219,90.08000183105469,5773900,CVS
2016-09-22,66.51679992675781,90.56999969482422,90.80999755859375,90.01000213623047,90.69999694824219,8280000,CVS
2016-09-23,66.5388412475586,90.5999984741211,90.8499984741211,90.19999694824219,90.25,3865300,CVS
2016-09-26,66.0394287109375,89.91999816894531,90.37999725341797,89.48999786376953,90.08000183105469,4722100,CVS
2016-09-27,66.50946807861328,90.55999755859375,90.83000183105469,90.05999755859375,90.16999816894531,4196100,CVS
2016-09-28,66.23040008544922,90.18000030517578,90.55999755859375,89.73999786376953,90.30999755859375,4468300,CVS
2016-09-29,65.76771545410156,89.55000305175781,90.54000091552734,89.5,90.0199966430664,5211400,CVS
2016-09-30,65.35640716552734,88.98999786376953,89.91000366210938,88.45999908447266,89.4800033569336,9151700,CVS
2016-10-03,63.961021423339844,87.08999633789062,88.87999725341797,86.95999908447266,88.79000091552734,7525600,CVS
2016-10-04,63.322044372558594,86.22000122070312,87.41000366210938,86.0199966430664,87.19000244140625,6820000,CVS
2016-10-05,63.307373046875,86.19999694824219,86.52999877929688,85.88999938964844,86.19000244140625,7949300,CVS
2016-10-06,63.52037048339844,86.48999786376953,87.12000274658203,86.2699966430664,86.55999755859375,5267000,CVS
2016-10-07,63.45426559448242,86.4000015258789,86.73999786376953,86.16999816894531,86.55999755859375,4345700,CVS
2016-10-10,63.77004623413086,86.83000183105469,87.08000183105469,86.41000366210938,86.8499984741211,5342100,CVS
2016-10-11,63.45426559448242,86.4000015258789,86.80000305175781,85.41000366210938,86.55000305175781,5889600,CVS
2016-10-12,64.2400894165039,87.47000122070312,87.91000366210938,86.48999786376953,86.62000274658203,7002500,CVS
2016-10-13,64.62931823730469,88.0,88.37999725341797,87.08000183105469,87.20999908447266,6308400,CVS
2016-10-14,65.21686553955078,88.80000305175781,88.91999816894531,87.95999908447266,88.30999755859375,6705800,CVS
2016-10-17,63.64521026611328,86.66000366210938,88.83999633789062,86.63999938964844,88.70999908447266,7381700,CVS
2016-10-18,64.03446960449219,87.19000244140625,87.51000213623047,86.58000183105469,87.30999755859375,4988700,CVS
2016-10-19,63.45426559448242,86.4000015258789,87.51000213623047,86.1500015258789,87.4000015258789,6502800,CVS
2016-10-20,64.43219757080078,87.30000305175781,87.48999786376953,86.25,86.33000183105469,7583500,CVS
2016-10-21,64.51336669921875,87.41000366210938,87.56999969482422,86.88999938964844,86.94000244140625,4599500,CVS
2016-10-24,64.94880676269531,88.0,88.58000183105469,87.63999938964844,87.63999938964844,4541900,CVS
2016-10-25,64.51336669921875,87.41000366210938,88.20999908447266,87.29000091552734,87.80000305175781,3803700,CVS
2016-10-26,64.63143157958984,87.56999969482422,87.6500015258789,87.01000213623047,87.4800033569336,3313500,CVS
2016-10-27,64.35099792480469,87.19000244140625,87.93000030517578,86.91000366210938,87.72000122070312,3570600,CVS
2016-10-28,61.52425003051758,83.36000061035156,85.48999786376953,82.55000305175781,85.3499984741211,17206700,CVS
2016-10-31,62.070411682128906,84.0999984741211,84.5199966430664,83.0999984741211,83.37999725341797,7425600,CVS
2016-11-01,61.590660095214844,83.44999694824219,84.69000244140625,83.22000122070312,84.33999633789062,6212400,CVS
2016-11-02,61.95968246459961,83.94999694824219,84.23999786376953,82.83999633789062,83.56999969482422,6132100,CVS
2016-11-03,60.2031364440918,81.56999969482422,84.88999938964844,81.25,84.33999633789062,12603900,CVS
2016-11-04,60.74930953979492,82.30999755859375,82.87000274658203,81.58999633789062,81.76000213623047,8227400,CVS
2016-11-07,61.5463981628418,83.38999938964844,83.83999633789062,82.66999816894531,83.37000274658203,8457000,CVS
2016-11-08,54.26918029785156,73.52999877929688,74.98999786376953,69.30000305175781,69.69999694824219,50234400,CVS
2016-11-09,56.505462646484375,76.55999755859375,77.12000274658203,74.19999694824219,74.2300033569336,20300100,CVS
2016-11-10,57.036869049072266,77.27999877929688,77.69999694824219,76.55999755859375,77.02999877929688,12664100,CVS
2016-11-11,55.42053985595703,75.08999633789062,77.19999694824219,74.70999908447266,77.0999984741211,9565800,CVS
2016-11-14,56.0921630859375,76.0,76.54000091552734,74.44999694824219,74.44999694824219,10521900,CVS
2016-11-15,55.383636474609375,75.04000091552734,75.75,74.2699966430664,75.6500015258789,10465200,CVS
2016-11-16,55.02935791015625,74.55999755859375,75.4000015258789,74.5,75.11000061035156,7551100,CVS
2016-11-17,54.81532669067383,74.2699966430664,74.7300033569336,74.12000274658203,74.3499984741211,8305400,CVS
2016-11-18,54.64557647705078,74.04000091552734,74.55999755859375,73.66999816894531,74.02999877929688,7498500,CVS
2016-11-21,54.763675689697266,74.19999694824219,74.4800033569336,73.37999725341797,74.04000091552734,8025600,CVS
2016-11-22,54.31344985961914,73.58999633789062,74.0999984741211,72.83000183105469,72.93000030517578,12425200,CVS
2016-11-23,54.372501373291016,73.66999816894531,74.02999877929688,72.86000061035156,73.37999725341797,6572900,CVS
2016-11-25,54.66033172607422,74.05999755859375,74.29000091552734,73.55000305175781,74.01000213623047,3529200,CVS
2016-11-28,55.191734313964844,74.77999877929688,75.0,73.66000366210938,73.7300033569336,8625100,CVS
2016-11-29,56.00359344482422,75.87999725341797,76.06999969482422,75.0,75.88999938964844,8649600,CVS
2016-11-30,56.7490348815918,76.88999938964844,77.37000274658203,75.91999816894531,76.19000244140625,12781800,CVS
2016-12-01,56.653106689453125,76.76000213623047,77.12999725341797,76.29000091552734,76.62000274658203,7316300,CVS
2016-12-02,57.287811279296875,77.62000274658203,78.30999755859375,76.3499984741211,77.12999725341797,11911300,CVS
2016-12-05,57.56087875366211,77.98999786376953,78.27999877929688,76.87999725341797,77.56999969482422,9173900,CVS
2016-12-06,58.61630630493164,79.41999816894531,79.77999877929688,78.26000213623047,78.5999984741211,9800700,CVS
2016-12-07,59.435546875,80.52999877929688,80.61000061035156,78.48999786376953,79.23999786376953,10532900,CVS
2016-12-08,57.64945983886719,78.11000061035156,80.55999755859375,77.38999938964844,80.52999877929688,16110200,CVS
2016-12-09,59.14032745361328,80.12999725341797,80.54000091552734,78.73999786376953,78.87999725341797,6730100,CVS
2016-12-12,58.845115661621094,79.7300033569336,80.52999877929688,79.26000213623047,79.45999908447266,6619800,CVS
2016-12-13,59.155094146728516,80.1500015258789,80.30999755859375,78.7300033569336,79.70999908447266,8152500,CVS
2016-12-14,58.27680969238281,78.95999908447266,81.12999725341797,78.5199966430664,80.30000305175781,7278800,CVS
2016-12-15,57.78229904174805,78.29000091552734,79.23999786376953,76.11000061035156,78.0,10621500,CVS
2016-12-16,58.71964645385742,79.55999755859375,79.69999694824219,78.61000061035156,78.6500015258789,11546800,CVS
2016-12-19,58.99272155761719,79.93000030517578,80.22000122070312,79.2699966430664,79.27999877929688,6936100,CVS
2016-12-20,58.92629623413086,79.83999633789062,81.23999786376953,79.66999816894531,79.9800033569336,6109100,CVS
2016-12-21,58.93366241455078,79.8499984741211,80.19000244140625,79.04000091552734,79.52999877929688,5808100,CVS
2016-12-22,58.151336669921875,78.79000091552734,79.75,78.5,79.54000091552734,5850400,CVS
2016-12-23,58.4096565246582,79.13999938964844,79.30000305175781,78.69000244140625,78.79000091552734,2754200,CVS
2016-12-27,58.52037048339844,79.29000091552734,79.72000122070312,78.9000015258789,78.94999694824219,2947700,CVS
2016-12-28,58.335853576660156,79.04000091552734,79.37000274658203,78.63999938964844,79.30000305175781,3390700,CVS
2016-12-29,58.30632781982422,79.0,79.47000122070312,78.80999755859375,78.88999938964844,3580000,CVS
2016-12-30,58.239891052246094,78.91000366210938,79.30999755859375,78.45999908447266,78.95999908447266,4326100,CVS
2017-01-03,59.30268096923828,80.3499984741211,80.44999694824219,78.97000122070312,79.58000183105469,5922800,CVS
2017-01-04,58.859859466552734,79.75,80.41999816894531,79.44000244140625,80.33999633789062,7101800,CVS
2017-01-05,60.09241485595703,81.41999816894531,81.5199966430664,78.80000305175781,79.8499984741211,8805400,CVS
2017-01-06,60.6680908203125,82.19999694824219,82.45999908447266,80.94000244140625,81.41000366210938,7087100,CVS
2017-01-09,60.29906463623047,81.69999694824219,82.37999725341797,81.16000366210938,82.19999694824219,6847600,CVS
2017-01-10,61.01499557495117,82.66999816894531,82.88999938964844,81.51000213623047,81.72000122070312,7053300,CVS
2017-01-11,61.088809967041016,82.7699966430664,83.11000061035156,81.7300033569336,82.22000122070312,6404200,CVS
2017-01-12,60.96332550048828,82.5999984741211,83.20999908447266,82.37999725341797,82.91999816894531,5774300,CVS
2017-01-13,60.5057487487793,81.9800033569336,82.91000366210938,81.75,82.69999694824219,4809200,CVS
2017-01-17,61.937564849853516,83.91999816894531,83.9800033569336,81.91000366210938,81.95999908447266,7292700,CVS
2017-01-18,61.657066345214844,83.54000091552734,84.72000122070312,83.19999694824219,84.48999786376953,5263100,CVS
2017-01-19,61.406150817871094,83.19999694824219,83.86000061035156,82.31999969482422,83.16999816894531,5220700,CVS
2017-01-20,60.55968475341797,81.55999755859375,83.43000030517578,81.30999755859375,83.29000091552734,8004100,CVS
2017-01-23,60.32950973510742,81.25,81.93000030517578,81.0199966430664,81.5,6305900,CVS
2017-01-24,60.723026275634766,81.77999877929688,82.1500015258789,81.12000274658203,81.3499984741211,4743700,CVS
2017-01-25,59.022674560546875,79.48999786376953,82.19999694824219,79.41999816894531,81.91999816894531,10652200,CVS
2017-01-26,58.903892517089844,79.33000183105469,80.41999816894531,78.44000244140625,79.08000183105469,7627500,CVS
2017-01-27,57.73069763183594,77.75,79.88999938964844,77.02999877929688,79.83000183105469,10924400,CVS
2017-01-30,58.42124557495117,78.68000030517578,79.0199966430664,77.31999969482422,77.45999908447266,7488500,CVS
2017-01-31,58.51775360107422,78.80999755859375,79.30000305175781,78.51000213623047,78.55000305175781,6435200,CVS
2017-02-01,57.89405822753906,77.97000122070312,79.0999984741211,77.69000244140625,78.6500015258789,6463100,CVS
2017-02-02,55.540283203125,74.80000305175781,76.3499984741211,74.05000305175781,76.3499984741211,18840200,CVS
2017-02-03,56.030330657958984,75.45999908447266,76.41999816894531,75.27999877929688,75.33999633789062,11937000,CVS
2017-02-06,56.4832763671875,76.06999969482422,76.81999969482422,75.52999877929688,75.5999984741211,9559500,CVS
2017-02-07,56.69859313964844,76.36000061035156,76.7300033569336,75.5,76.12000274658203,5739900,CVS
2017-02-08,57.19609069824219,77.02999877929688,77.1500015258789,76.12999725341797,76.20999908447266,6788500,CVS
2017-02-09,57.40398406982422,77.30999755859375,77.80000305175781,75.20999908447266,77.02999877929688,13944000,CVS
2017-02-10,58.30985641479492,78.52999877929688,79.12000274658203,76.94999694824219,77.44000244140625,9367000,CVS
2017-02-13,58.43609619140625,78.69999694824219,79.2300033569336,78.3499984741211,78.9800033569336,5645800,CVS
2017-02-14,58.41382598876953,78.66999816894531,78.94999694824219,78.05999755859375,78.76000213623047,5507600,CVS
2017-02-15,58.96327590942383,79.41000366210938,79.5199966430664,78.83000183105469,78.87999725341797,5626300,CVS
2017-02-16,58.99296951293945,79.44999694824219,80.19999694824219,79.26000213623047,79.5,4957500,CVS
2017-02-17,59.17118835449219,79.69000244140625,79.98999786376953,79.31999969482422,79.44999694824219,6215700,CVS
2017-02-21,59.223167419433594,79.76000213623047,80.38999938964844,79.12999725341797,79.61000061035156,6281000,CVS
2017-02-22,59.52019119262695,80.16000366210938,80.47000122070312,79.44999694824219,79.75,5003400,CVS
2017-02-23,60.03993606567383,80.86000061035156,81.43000030517578,80.01000213623047,80.22000122070312,6403500,CVS
2017-02-24,60.50028991699219,81.4800033569336,81.75,80.63999938964844,80.83000183105469,5189200,CVS
2017-02-27,60.44831085205078,81.41000366210938,81.86000061035156,81.30999755859375,81.55000305175781,4696200,CVS
2017-02-28,59.8320198059082,80.58000183105469,81.12999725341797,80.18000030517578,80.80000305175781,7274900,CVS
2017-03-01,59.92112350463867,80.69999694824219,81.37999725341797,80.63999938964844,81.0999984741211,4977500,CVS
2017-03-02,60.403751373291016,81.3499984741211,81.55999755859375,80.41000366210938,80.5,5781200,CVS
2017-03-03,60.158729553222656,81.0199966430664,81.69000244140625,80.54000091552734,81.5199966430664,5640600,CVS
2017-03-06,60.03250503540039,80.8499984741211,81.29000091552734,80.61000061035156,80.8499984741211,4463900,CVS
2017-03-07,60.0027961730957,80.80999755859375,81.0,80.37999725341797,80.48999786376953,6314200,CVS
2017-03-08,60.173580169677734,81.04000091552734,81.5199966430664,80.52999877929688,80.73999786376953,5810400,CVS
2017-03-09,59.92112350463867,80.69999694824219,81.41000366210938,80.43000030517578,81.05999755859375,5394400,CVS
2017-03-10,59.698368072509766,80.4000015258789,81.06999969482422,80.2300033569336,81.0,6004400,CVS
2017-03-13,59.72807693481445,80.44000244140625,80.58999633789062,79.97000122070312,80.4000015258789,6276800,CVS
2017-03-14,59.319671630859375,79.88999938964844,80.58999633789062,79.41999816894531,80.44000244140625,5546200,CVS
2017-03-15,59.20089340209961,79.7300033569336,80.22000122070312,78.68000030517578,79.7699966430664,7925500,CVS
2017-03-16,59.074668884277344,79.55999755859375,79.9800033569336,79.2300033569336,79.6500015258789,6241100,CVS
2017-03-17,58.56975173950195,78.87999725341797,79.6500015258789,78.58000183105469,79.62999725341797,19734800,CVS
2017-03-20,58.52516555786133,78.81999969482422,79.11000061035156,78.55000305175781,78.87000274658203,5075800,CVS
2017-03-21,58.369258880615234,78.61000061035156,79.01000213623047,78.27999877929688,78.88999938964844,6201300,CVS
2017-03-22,58.25788879394531,78.45999908447266,78.87000274658203,77.91999816894531,78.75,5640700,CVS
2017-03-23,58.13909149169922,78.30000305175781,78.7300033569336,77.97000122070312,78.45999908447266,9320900,CVS
2017-03-24,58.280155181884766,78.48999786376953,78.66000366210938,78.01000213623047,78.25,3878600,CVS
2017-03-27,58.295013427734375,78.51000213623047,78.94999694824219,78.0199966430664,78.12999725341797,4983500,CVS
2017-03-28,58.369258880615234,78.61000061035156,78.94999694824219,78.27999877929688,78.38999938964844,5470000,CVS
2017-03-29,58.48064422607422,78.76000213623047,78.86000061035156,78.36000061035156,78.5,3138200,CVS
2017-03-30,58.547462463378906,78.8499984741211,79.11000061035156,78.44000244140625,78.6500015258789,3834600,CVS
2017-03-31,58.28761291503906,78.5,78.61000061035156,77.56999969482422,77.5999984741211,7996100,CVS
2017-04-03,57.95346450805664,78.05000305175781,78.55000305175781,77.72000122070312,78.37999725341797,7374100,CVS
2017-04-04,57.819801330566406,77.87000274658203,78.22000122070312,77.62999725341797,78.01000213623047,5641000,CVS
2017-04-05,57.19609069824219,77.02999877929688,77.87000274658203,76.75,77.81999969482422,13351900,CVS
2017-04-06,57.18122482299805,77.01000213623047,77.22000122070312,76.5999984741211,77.18000030517578,6331000,CVS
2017-04-07,57.23322296142578,77.08000183105469,77.22000122070312,76.55999755859375,77.05000305175781,5208000,CVS
2017-04-10,57.7752571105957,77.80999755859375,77.8499984741211,76.95999908447266,77.08000183105469,4824300,CVS
2017-04-11,58.042564392089844,78.16999816894531,78.19000244140625,77.54000091552734,77.72000122070312,4866700,CVS
2017-04-12,57.886619567871094,77.95999908447266,78.1500015258789,77.73999786376953,77.83999633789062,4749800,CVS
2017-04-13,57.886619567871094,77.95999908447266,78.36000061035156,77.80000305175781,77.98999786376953,3532000,CVS
2017-04-17,58.458396911621094,78.7300033569336,78.73999786376953,78.01000213623047,78.02999877929688,4436100,CVS
2017-04-18,58.10196304321289,78.25,78.5,77.5,77.62999725341797,7024300,CVS
2017-04-19,58.1617431640625,77.83000183105469,78.08999633789062,77.58999633789062,78.05999755859375,4575600,CVS
2017-04-20,59.35738754272461,79.43000030517578,79.54000091552734,77.79000091552734,77.8499984741211,6715400,CVS
2017-04-21,59.24531936645508,79.27999877929688,79.5,78.95999908447266,79.23999786376953,6724300,CVS
2017-04-24,59.82072830200195,80.05000305175781,80.19000244140625,79.66000366210938,79.9800033569336,6394100,CVS
2017-04-25,61.404991149902344,82.16999816894531,82.41000366210938,80.68000030517578,81.4000015258789,8494300,CVS
2017-04-26,61.2779426574707,82.0,82.18000030517578,81.31999969482422,81.80000305175781,5996900,CVS
2017-04-27,61.868289947509766,82.79000091552734,82.9000015258789,82.02999877929688,82.69000244140625,6307300,CVS
2017-04-28,61.606773376464844,82.44000244140625,82.87000274658203,82.16999816894531,82.79000091552734,6618400,CVS
2017-05-01,61.248050689697266,81.95999908447266,82.80000305175781,81.86000061035156,82.44000244140625,7528700,CVS
2017-05-02,59.036067962646484,79.0,83.30000305175781,78.94000244140625,82.16999816894531,15690000,CVS
2017-05-03,59.55918884277344,79.69999694824219,80.2300033569336,79.05999755859375,79.11000061035156,6841500,CVS
2017-05-04,60.62779235839844,81.12999725341797,81.1500015258789,79.44999694824219,79.66000366210938,6076500,CVS
2017-05-05,60.57548522949219,81.05999755859375,81.51000213623047,80.5999984741211,81.4000015258789,3699200,CVS
2017-05-08,60.56801986694336,81.05000305175781,81.31999969482422,80.80999755859375,80.87999725341797,2846300,CVS
2017-05-09,60.60539245605469,81.0999984741211,81.4800033569336,80.91999816894531,81.0,3274300,CVS
2017-05-10,60.48583221435547,80.94000244140625,81.55999755859375,80.80999755859375,81.06999969482422,3011400,CVS
2017-05-11,61.48716735839844,82.27999877929688,82.45999908447266,80.62999725341797,80.83999633789062,6496000,CVS
2017-05-12,59.94032669067383,80.20999908447266,82.4000015258789,80.18000030517578,82.0999984741211,9046600,CVS
2017-05-15,60.13459777832031,80.47000122070312,80.94000244140625,80.20999908447266,80.25,7344700,CVS
2017-05-16,59.1257438659668,79.12000274658203,80.68000030517578,78.94999694824219,80.55000305175781,5252200,CVS
2017-05-17,57.04080581665039,76.33000183105469,77.62999725341797,76.20999908447266,77.0199966430664,13272700,CVS
2017-05-18,57.257511138916016,76.62000274658203,77.47000122070312,76.29000091552734,76.41000366210938,7530500,CVS
2017-05-19,57.0333366394043,76.31999969482422,77.0,76.20999908447266,76.76000213623047,5667200,CVS
2017-05-22,57.04827880859375,76.33999633789062,76.62999725341797,76.19000244140625,76.5,7775000,CVS
2017-05-23,57.743255615234375,77.2699966430664,77.83000183105469,76.3499984741211,76.66000366210938,7814300,CVS
2017-05-24,57.10805892944336,76.41999816894531,77.54000091552734,76.31999969482422,77.30999755859375,5488800,CVS
2017-05-25,56.756832122802734,75.94999694824219,76.69000244140625,75.69000244140625,76.62000274658203,5539200,CVS
2017-05-26,57.272457122802734,76.63999938964844,76.6500015258789,75.94000244140625,76.0,3613000,CVS
2017-05-30,57.36962127685547,76.7699966430664,76.9800033569336,76.4000015258789,76.41000366210938,5116600,CVS
2017-05-31,57.41447448730469,76.83000183105469,76.97000122070312,76.25,76.77999877929688,6857200,CVS
2017-06-01,58.50550842285156,78.29000091552734,78.29000091552734,76.69000244140625,76.83999633789062,4827300,CVS
2017-06-02,59.07343673706055,79.05000305175781,79.08000183105469,78.3499984741211,78.51000213623047,6454100,CVS
2017-06-05,58.87914276123047,78.79000091552734,79.05000305175781,78.23999786376953,79.0,6272300,CVS
2017-06-06,58.21405792236328,77.9000015258789,78.5199966430664,77.63999938964844,78.4800033569336,4880800,CVS
2017-06-07,58.40835189819336,78.16000366210938,78.37000274658203,77.37999725341797,78.05000305175781,5108500,CVS
2017-06-08,58.610130310058594,78.43000030517578,78.55999755859375,77.93000030517578,78.19999694824219,4096400,CVS
2017-06-09,59.566650390625,79.70999908447266,79.73999786376953,78.16999816894531,78.61000061035156,5652600,CVS
2017-06-12,59.54423904418945,79.68000030517578,80.91000366210938,78.9000015258789,79.86000061035156,6339700,CVS
2017-06-13,59.671268463134766,79.8499984741211,79.98999786376953,78.98999786376953,79.63999938964844,5044300,CVS
2017-06-14,60.381187438964844,80.80000305175781,80.86000061035156,79.66000366210938,80.0199966430664,5075900,CVS
2017-06-15,59.85060501098633,80.08999633789062,80.9000015258789,79.6500015258789,80.68000030517578,4655800,CVS
2017-06-16,57.58631896972656,77.05999755859375,79.45999908447266,75.45999908447266,79.22000122070312,15507200,CVS
2017-06-19,58.36351776123047,78.0999984741211,78.0999984741211,76.52999877929688,77.30000305175781,5949700,CVS
2017-06-20,58.12438201904297,77.77999877929688,78.56999969482422,77.69000244140625,78.19000244140625,5729100,CVS
2017-06-21,58.40835189819336,78.16000366210938,79.06999969482422,77.75,77.97000122070312,4777400,CVS
2017-06-22,57.70588684082031,77.22000122070312,78.23999786376953,77.20999908447266,77.94000244140625,5369700,CVS
2017-06-23,57.84787368774414,77.41000366210938,77.94000244140625,76.93000030517578,77.36000061035156,21808600,CVS
2017-06-26,59.87303924560547,80.12000274658203,80.58000183105469,77.87999725341797,77.87999725341797,8655700,CVS
2017-06-27,60.14952087402344,80.48999786376953,81.1500015258789,79.94999694824219,80.2300033569336,8974300,CVS
2017-06-28,60.71747970581055,81.25,82.0,80.54000091552734,80.5999984741211,6693100,CVS
2017-06-29,59.9851188659668,80.2699966430664,82.1500015258789,79.54000091552734,81.6500015258789,6378800,CVS
2017-06-30,60.127113342285156,80.45999908447266,80.70999908447266,79.77999877929688,80.5199966430664,4425700,CVS
2017-07-03,60.246673583984375,80.62000274658203,81.33999633789062,80.45999908447266,80.7699966430664,2379800,CVS
2017-07-05,59.52927780151367,79.66000366210938,80.62999725341797,79.6500015258789,80.4000015258789,4695700,CVS
2017-07-06,58.819366455078125,78.70999908447266,79.93000030517578,78.66000366210938,79.80999755859375,4425500,CVS
2017-07-07,58.76704788208008,78.63999938964844,79.12999725341797,78.05000305175781,78.80000305175781,3442500,CVS
2017-07-10,58.39339828491211,78.13999938964844,78.86000061035156,77.7699966430664,78.63999938964844,4852700,CVS
2017-07-11,58.01974868774414,77.63999938964844,78.2300033569336,77.36000061035156,78.18000030517578,4656100,CVS
2017-07-12,57.877784729003906,77.44999694824219,78.43000030517578,77.3499984741211,77.88999938964844,4671800,CVS
2017-07-13,58.22900390625,77.91999816894531,78.23999786376953,77.61000061035156,77.66999816894531,4885800,CVS
2017-07-14,58.23646545410156,77.93000030517578,78.27999877929688,77.66000366210938,77.94000244140625,4130300,CVS
2017-07-17,58.51297378540039,78.30000305175781,78.44999694824219,77.9000015258789,78.19000244140625,4642800,CVS
2017-07-18,58.288780212402344,78.0,78.37999725341797,77.48999786376953,78.25,4808500,CVS
2017-07-19,57.83292770385742,77.38999938964844,78.73999786376953,77.33999633789062,78.12000274658203,6929700,CVS
2017-07-20,58.03600311279297,77.16000366210938,77.5999984741211,76.4800033569336,77.12000274658203,6117500,CVS
2017-07-21,57.93822479248047,77.02999877929688,77.37000274658203,76.61000061035156,77.08999633789062,3429300,CVS
2017-07-24,57.99087905883789,77.0999984741211,77.3499984741211,76.66999816894531,76.93000030517578,2967300,CVS
2017-07-25,59.35227966308594,78.91000366210938,78.97000122070312,77.25,77.4800033569336,4683700,CVS
2017-07-26,58.88595962524414,78.29000091552734,78.97000122070312,77.02999877929688,78.97000122070312,6600300,CVS
2017-07-27,59.35980224609375,78.91999816894531,78.91999816894531,77.62999725341797,78.18000030517578,3751700,CVS
2017-07-28,59.98408126831055,79.75,79.94999694824219,78.83999633789062,78.91000366210938,3974400,CVS
2017-07-31,60.119476318359375,79.93000030517578,80.61000061035156,79.62000274658203,80.0,5058800,CVS
2017-08-01,59.94649124145508,79.69999694824219,80.30000305175781,79.44999694824219,79.9000015258789,4147700,CVS
2017-08-02,59.98408126831055,79.75,80.27999877929688,79.5,79.61000061035156,4534600,CVS
2017-08-03,59.119102478027344,78.5999984741211,79.80999755859375,78.52999877929688,79.37999725341797,5055200,CVS
2017-08-04,58.645267486572266,77.97000122070312,79.25,77.91999816894531,79.22000122070312,6059700,CVS
2017-08-07,59.51022720336914,79.12000274658203,79.27999877929688,77.98999786376953,78.0,4604000,CVS
2017-08-08,59.096561431884766,78.56999969482422,79.0,76.72000122070312,78.63999938964844,8639800,CVS
2017-08-09,59.743377685546875,79.43000030517578,79.48999786376953,78.05999755859375,78.43000030517578,4902200,CVS
2017-08-10,59.52527618408203,79.13999938964844,80.30000305175781,78.88999938964844,79.11000061035156,4612800,CVS
2017-08-11,59.728355407714844,79.41000366210938,79.80999755859375,78.94999694824219,78.94999694824219,2985500,CVS
2017-08-14,59.64562225341797,79.30000305175781,80.13999938964844,79.16999816894531,79.54000091552734,3800600,CVS
2017-08-15,59.502716064453125,79.11000061035156,79.66999816894531,78.91000366210938,79.45999908447266,3104200,CVS
2017-08-16,59.6080207824707,79.25,80.12999725341797,79.0,79.44000244140625,3573900,CVS
2017-08-17,59.33722686767578,78.88999938964844,79.77999877929688,78.87000274658203,79.06999969482422,4470500,CVS
2017-08-18,58.41209030151367,77.66000366210938,78.75,77.55000305175781,78.44999694824219,5005400,CVS
2017-08-21,58.39704132080078,77.63999938964844,77.91999816894531,77.5199966430664,77.69000244140625,3636900,CVS
2017-08-22,58.487308502197266,77.76000213623047,78.38999938964844,77.6500015258789,77.8499984741211,5409100,CVS
2017-08-23,58.37450408935547,77.61000061035156,77.87999725341797,77.0999984741211,77.5,3343300,CVS
2017-08-24,56.704708099365234,75.38999938964844,77.63999938964844,74.58999633789062,77.19000244140625,9495500,CVS
2017-08-25,56.674617767333984,75.3499984741211,76.27999877929688,75.33000183105469,75.56999969482422,6416500,CVS
2017-08-28,56.757354736328125,75.45999908447266,75.95999908447266,75.16999816894531,75.5,5068300,CVS
2017-08-29,57.2312126159668,76.08999633789062,76.31999969482422,75.0,75.43000030517578,4516200,CVS
2017-08-30,57.44933319091797,76.37999725341797,76.66000366210938,75.9800033569336,76.08999633789062,3607000,CVS
2017-08-31,58.171417236328125,77.33999633789062,77.77999877929688,76.48999786376953,76.5,5518700,CVS
2017-09-01,58.6076545715332,77.91999816894531,78.44000244140625,77.30000305175781,77.54000091552734,4653600,CVS
2017-09-05,59.18681335449219,78.69000244140625,78.94999694824219,77.52999877929688,77.61000061035156,4469000,CVS
2017-09-06,60.081871032714844,79.87999725341797,80.0,78.83000183105469,78.83000183105469,5106200,CVS
2017-09-07,60.48052215576172,80.41000366210938,80.61000061035156,79.55000305175781,79.9800033569336,5556100,CVS
2017-09-08,59.961524963378906,79.72000122070312,80.55000305175781,79.4800033569336,80.01000213623047,4252900,CVS
2017-09-11,59.961524963378906,79.72000122070312,80.0,79.33000183105469,80.0,3784300,CVS
2017-09-12,61.99984359741211,82.43000030517578,82.79000091552734,79.83000183105469,80.0,8048700,CVS
2017-09-13,62.48876190185547,83.08000183105469,83.69000244140625,82.12999725341797,82.30000305175781,6813800,CVS
2017-09-14,62.1578254699707,82.63999938964844,83.05999755859375,82.37000274658203,82.87999725341797,4583500,CVS
2017-09-15,62.55644607543945,83.16999816894531,83.36000061035156,81.4800033569336,82.20999908447266,7483200,CVS
2017-09-18,62.66173553466797,83.30999755859375,83.52999877929688,82.86000061035156,83.19000244140625,4333300,CVS
2017-09-19,62.5037956237793,83.0999984741211,84.0,82.9000015258789,83.75,4568200,CVS
2017-09-20,60.698631286621094,80.69999694824219,83.76000213623047,80.16000366210938,83.19999694824219,9944300,CVS
2017-09-21,59.84117126464844,79.55999755859375,80.72000122070312,79.18000030517578,80.6500015258789,5253400,CVS
2017-09-22,59.893829345703125,79.62999725341797,79.9000015258789,78.62000274658203,79.19999694824219,6534100,CVS
2017-09-25,61.202579498291016,81.37000274658203,81.62000274658203,79.62999725341797,79.81999969482422,5065300,CVS
2017-09-26,61.413185119628906,81.6500015258789,81.88999938964844,81.1500015258789,81.43000030517578,2785800,CVS
2017-09-27,61.27779769897461,81.47000122070312,82.0,80.80000305175781,81.72000122070312,3308400,CVS
2017-09-28,61.11983871459961,81.26000213623047,81.4800033569336,80.7300033569336,81.26000213623047,3442200,CVS
2017-09-29,61.16495895385742,81.31999969482422,81.68000030517578,80.80999755859375,81.38999938964844,4118100,CVS
2017-10-02,60.75128173828125,80.7699966430664,81.61000061035156,80.5999984741211,81.3499984741211,4688500,CVS
2017-10-03,60.85659408569336,80.91000366210938,81.30999755859375,80.5199966430664,80.5199966430664,6732600,CVS
2017-10-04,60.224761962890625,80.06999969482422,80.95999908447266,79.93000030517578,80.9000015258789,4356800,CVS
2017-10-05,60.84906005859375,80.9000015258789,80.94000244140625,80.05000305175781,80.0999984741211,6090800,CVS
2017-10-06,57.85551071166992,76.91999816894531,80.47000122070312,76.54000091552734,80.38999938964844,11795600,CVS
2017-10-09,55.884864807128906,74.30000305175781,77.22000122070312,73.76000213623047,77.05000305175781,13362400,CVS
2017-10-10,56.19325256347656,74.70999908447266,75.43000030517578,73.30000305175781,74.29000091552734,10715900,CVS
2017-10-11,55.583980560302734,73.9000015258789,74.97000122070312,73.77999877929688,74.70999908447266,7087400,CVS
2017-10-12,55.49373245239258,73.77999877929688,74.56999969482422,73.51000213623047,73.9000015258789,6176400,CVS
2017-10-13,54.606204986572266,72.5999984741211,74.19999694824219,72.5199966430664,74.11000061035156,6716300,CVS
2017-10-16,54.48585891723633,72.44000244140625,73.4000015258789,72.12000274658203,72.5,5916900,CVS
2017-10-17,54.6287727355957,72.62999725341797,72.91000366210938,72.12000274658203,72.41000366210938,6068700,CVS
2017-10-18,55.734432220458984,74.0999984741211,74.55999755859375,72.27999877929688,72.87999725341797,10479600,CVS
2017-10-19,56.13307571411133,74.62999725341797,75.19999694824219,74.19999694824219,74.26000213623047,8056700,CVS
2017-10-20,57.53207015991211,76.48999786376953,76.5,74.5199966430664,74.9800033569336,9144900,CVS
2017-10-23,57.47150421142578,75.91000366210938,76.4800033569336,75.79000091552734,76.02999877929688,7487100,CVS
2017-10-24,57.54719543457031,76.01000213623047,76.43000030517578,75.4000015258789,76.16999816894531,5940200,CVS
2017-10-25,57.183815002441406,75.52999877929688,76.62000274658203,74.4800033569336,76.4800033569336,6648700,CVS
2017-10-26,55.50304412841797,73.30999755859375,76.47000122070312,70.77999877929688,75.79000091552734,21982500,CVS
2017-10-27,52.23236846923828,68.98999786376953,74.98999786376953,68.16000366210938,73.88999938964844,32616300,CVS
2017-10-30,51.82353210449219,68.44999694824219,69.66000366210938,68.01000213623047,68.7699966430664,10400900,CVS
2017-10-31,51.88410186767578,68.52999877929688,69.33999633789062,68.36000061035156,68.36000061035156,7199300,CVS
2017-11-01,52.23994445800781,69.0,69.52999877929688,68.19000244140625,68.81999969482422,8433800,CVS
2017-11-02,52.52763748168945,69.37999725341797,69.91999816894531,69.11000061035156,69.13999938964844,5378500,CVS
2017-11-03,52.429222106933594,69.25,69.66999816894531,68.12000274658203,69.30000305175781,9901200,CVS
2017-11-06,50.57432174682617,66.80000305175781,69.81999969482422,66.44999694824219,68.2300033569336,14183100,CVS
2017-11-07,52.20206832885742,68.94999694824219,69.41999816894531,66.68000030517578,66.86000061035156,12134800,CVS
2017-11-08,52.23236846923828,68.98999786376953,69.08999633789062,68.4000015258789,68.91000366210938,8661700,CVS
2017-11-09,52.255088806152344,69.0199966430664,69.43000030517578,68.45999908447266,69.19999694824219,6992100,CVS
2017-11-10,53.74656295776367,70.98999786376953,71.51000213623047,69.19000244140625,69.62999725341797,10300000,CVS
2017-11-13,54.1175537109375,71.4800033569336,74.0,70.29000091552734,71.18000030517578,9874900,CVS
2017-11-14,53.33015823364258,70.44000244140625,71.44000244140625,69.91000366210938,71.1500015258789,5964000,CVS
2017-11-15,52.84562683105469,69.80000305175781,70.37999725341797,69.4000015258789,70.0,5333900,CVS
2017-11-16,53.19388961791992,70.26000213623047,71.05000305175781,69.55000305175781,70.0999984741211,6447600,CVS
2017-11-17,53.51187515258789,70.68000030517578,71.02999877929688,70.0,70.25,5382200,CVS
2017-11-20,53.28474044799805,70.37999725341797,71.0,69.7699966430664,70.58000183105469,8490300,CVS
2017-11-21,54.13269805908203,71.5,71.62999725341797,70.52999877929688,70.68000030517578,9609100,CVS
2017-11-22,54.1175537109375,71.4800033569336,72.06999969482422,71.19999694824219,71.38999938964844,5315400,CVS
2017-11-24,53.4134407043457,70.55000305175781,71.93000030517578,70.5,71.88999938964844,2992900,CVS
2017-11-27,53.29988479614258,70.4000015258789,70.94000244140625,70.20999908447266,70.62000274658203,6146300,CVS
2017-11-28,55.04121780395508,72.69999694824219,72.70999908447266,70.0,70.63999938964844,8348500,CVS
2017-11-29,55.57118606567383,73.4000015258789,74.68000030517578,72.75,72.76000213623047,7329900,CVS
2017-11-30,57.993896484375,76.5999984741211,77.79000091552734,73.55000305175781,73.69000244140625,20281300,CVS
2017-12-01,56.87339401245117,75.12000274658203,76.58999633789062,73.62999725341797,75.62000274658203,10586500,CVS
2017-12-04,54.276546478271484,71.69000244140625,73.27999877929688,70.19000244140625,72.94999694824219,40464600,CVS
2017-12-05,53.76171875,71.01000213623047,72.1500015258789,70.5,71.91999816894531,15424000,CVS
2017-12-06,54.04182815551758,71.37999725341797,71.56999969482422,70.19999694824219,70.62000274658203,12371700,CVS
2017-12-07,53.822265625,71.08999633789062,71.33000183105469,69.5199966430664,71.12999725341797,12365800,CVS
2017-12-08,55.33648681640625,73.08999633789062,73.80000305175781,70.88999938964844,73.08999633789062,12510500,CVS
2017-12-11,55.32891082763672,73.08000183105469,73.5999984741211,72.55999755859375,72.91000366210938,6687000,CVS
2017-12-12,55.15476608276367,72.8499984741211,73.19000244140625,72.16999816894531,72.8499984741211,8233100,CVS
2017-12-13,54.223533630371094,71.62000274658203,72.9000015258789,71.0,72.7699966430664,9940400,CVS
2017-12-14,53.602725982666016,70.80000305175781,71.88999938964844,70.47000122070312,71.62999725341797,8214300,CVS
2017-12-15,55.32891082763672,73.08000183105469,73.68000030517578,70.76000213623047,71.33000183105469,14334100,CVS
2017-12-18,54.26139450073242,71.66999816894531,73.38999938964844,71.6500015258789,73.16999816894531,12709300,CVS
2017-12-19,54.745941162109375,72.30999755859375,72.9800033569336,71.5999984741211,71.6500015258789,11825600,CVS
2017-12-20,55.69232177734375,73.55999755859375,74.18000030517578,72.61000061035156,72.6500015258789,10571600,CVS
2017-12-21,56.50998306274414,74.63999938964844,75.87000274658203,73.38999938964844,73.51000213623047,10518500,CVS
2017-12-22,55.578758239746094,73.41000366210938,74.72000122070312,73.30000305175781,74.61000061035156,5282400,CVS
2017-12-26,55.78316116333008,73.68000030517578,74.0,72.76000213623047,73.5,4801700,CVS
2017-12-27,55.08663558959961,72.76000213623047,73.9000015258789,72.6500015258789,73.80999755859375,5248600,CVS
2017-12-28,55.30619812011719,73.05000305175781,73.2300033569336,72.47000122070312,72.87000274658203,4196600,CVS
2017-12-29,54.889793395996094,72.5,73.0999984741211,72.44000244140625,72.95999908447266,4757500,CVS
2018-01-02,55.662025451660156,73.5199966430664,74.02999877929688,72.87000274658203,73.05999755859375,5878300,CVS
2018-01-03,55.41976547241211,73.19999694824219,73.9000015258789,73.05999755859375,73.7300033569336,6139500,CVS
2018-01-04,56.880977630615234,75.12999725341797,76.66999816894531,74.68000030517578,75.19000244140625,13715500,CVS
2018-01-05,59.39455032348633,78.44999694824219,78.55999755859375,76.13999938964844,76.30999755859375,15338100,CVS
2018-01-08,58.879703521728516,77.7699966430664,78.77999877929688,77.1500015258789,78.31999969482422,9589200,CVS
2018-01-09,58.81914520263672,77.69000244140625,78.33000183105469,77.44000244140625,77.9800033569336,7778400,CVS
2018-01-10,58.6298713684082,77.44000244140625,77.62999725341797,76.5999984741211,77.16000366210938,8772200,CVS
2018-01-11,59.82609939575195,79.0199966430664,79.05999755859375,77.68000030517578,78.01000213623047,7158200,CVS
2018-01-12,59.64438247680664,78.77999877929688,79.68000030517578,78.51000213623047,78.91999816894531,7098200,CVS
2018-01-16,60.14406204223633,79.44000244140625,80.1500015258789,78.83000183105469,78.83000183105469,8437300,CVS
2018-01-17,60.189476013183594,79.5,79.97000122070312,78.93000030517578,79.5999984741211,7448700,CVS
2018-01-18,60.07593536376953,79.3499984741211,80.69000244140625,79.26000213623047,79.91999816894531,8065800,CVS
2018-01-19,60.46205520629883,79.86000061035156,80.04000091552734,79.11000061035156,79.58000183105469,7963600,CVS
2018-01-22,61.28730392456055,80.94999694824219,80.9800033569336,79.93000030517578,80.08999633789062,7016200,CVS
2018-01-23,61.27967834472656,80.44000244140625,80.69999694824219,79.69999694824219,80.4800033569336,5780600,CVS
2018-01-24,61.64533233642578,80.91999816894531,81.19000244140625,80.3499984741211,80.76000213623047,7308500,CVS
2018-01-25,62.14814758300781,81.58000183105469,81.98999786376953,80.76000213623047,81.30000305175781,6357400,CVS
2018-01-26,62.47569274902344,82.01000213623047,82.01000213623047,80.91999816894531,81.63999938964844,5883300,CVS
2018-01-29,63.70983123779297,83.62999725341797,83.87999725341797,81.75,82.0,8372900,CVS
2018-01-30,61.0892219543457,80.19000244140625,80.94000244140625,78.18000030517578,78.48999786376953,16517900,CVS
2018-01-31,59.94651794433594,78.69000244140625,81.2699966430664,78.04000091552734,80.5999984741211,12472400,CVS
2018-02-01,60.02268600463867,78.79000091552734,79.19999694824219,77.5999984741211,78.30000305175781,9150000,CVS
2018-02-02,58.24005889892578,76.44999694824219,78.54000091552734,75.58000183105469,78.36000061035156,10395600,CVS
2018-02-05,55.85562515258789,73.31999969482422,76.4000015258789,73.29000091552734,75.30999755859375,12199500,CVS
2018-02-06,56.38888168334961,74.0199966430664,74.6500015258789,71.7699966430664,72.5,11241200,CVS
2018-02-07,56.6402702331543,74.3499984741211,75.55999755859375,73.56999969482422,73.83999633789062,9611100,CVS
2018-02-08,53.74541091918945,70.55000305175781,75.33999633789062,70.5,74.0,11725200,CVS
2018-02-09,52.861717224121094,69.38999938964844,71.3499984741211,67.30999755859375,71.01000213623047,16718500,CVS
2018-02-12,53.227394104003906,69.87000274658203,70.63999938964844,69.5,70.08999633789062,8943800,CVS
2018-02-13,53.41020584106445,70.11000061035156,71.22000122070312,69.5999984741211,69.70999908447266,8796200,CVS
2018-02-14,53.16643142700195,69.79000091552734,70.22000122070312,69.55999755859375,69.66000366210938,6577000,CVS
2018-02-15,53.69970703125,70.48999786376953,70.94000244140625,69.08999633789062,70.58999633789062,6770200,CVS
2018-02-16,54.773841857910156,71.9000015258789,72.20999908447266,70.31999969482422,70.37000274658203,6469900,CVS
2018-02-20,53.829219818115234,70.66000366210938,71.44999694824219,69.7300033569336,71.25,6415200,CVS
2018-02-21,52.381778717041016,68.76000213623047,70.9000015258789,68.72000122070312,70.58999633789062,10624800,CVS
2018-02-22,51.80279541015625,68.0,69.13999938964844,67.55999755859375,68.95999908447266,10061500,CVS
2018-02-23,51.924705505371094,68.16000366210938,68.77999877929688,67.43000030517578,68.51000213623047,5804800,CVS
2018-02-26,51.97802734375,68.2300033569336,68.47000122070312,67.56999969482422,68.19999694824219,7837600,CVS
2018-02-27,51.993263244628906,68.25,69.66000366210938,68.12000274658203,69.30000305175781,7391900,CVS
2018-02-28,51.597129821777344,67.7300033569336,68.69000244140625,67.61000061035156,68.37000274658203,10799800,CVS
2018-03-01,51.155277252197266,67.1500015258789,68.52999877929688,66.76000213623047,67.69999694824219,9556400,CVS
2018-03-02,51.39143371582031,67.45999908447266,67.61000061035156,66.62999725341797,67.11000061035156,10613900,CVS
2018-03-05,52.038963317871094,68.30999755859375,68.5999984741211,66.98999786376953,67.5,7754200,CVS
2018-03-06,51.53617477416992,67.6500015258789,68.47000122070312,67.05999755859375,68.37999725341797,8838300,CVS
2018-03-07,51.42953109741211,67.51000213623047,67.88999938964844,66.54000091552734,66.95999908447266,6790100,CVS
2018-03-08,52.077056884765625,68.36000061035156,69.36000061035156,67.8499984741211,67.8499984741211,8374000,CVS
2018-03-09,52.770301818847656,69.2699966430664,69.37000274658203,68.2300033569336,68.7699966430664,5795600,CVS
2018-03-12,52.57223129272461,69.01000213623047,69.55999755859375,68.7699966430664,69.2699966430664,4752600,CVS
2018-03-13,51.993263244628906,68.25,69.33000183105469,68.08000183105469,69.2699966430664,7210600,CVS
2018-03-14,51.07908630371094,67.05000305175781,68.5,66.62999725341797,68.30999755859375,7622400,CVS
2018-03-15,50.17253494262695,65.86000061035156,67.58000183105469,65.66000366210938,67.2300033569336,9485300,CVS
2018-03-16,50.01255798339844,65.6500015258789,66.44999694824219,65.6500015258789,66.08999633789062,15281600,CVS
2018-03-19,48.473716735839844,63.630001068115234,65.87999725341797,63.310001373291016,65.72000122070312,8883200,CVS
2018-03-20,47.94807052612305,62.939998626708984,64.08999633789062,61.869998931884766,63.970001220703125,9700600,CVS
2018-03-21,47.551918029785156,62.41999816894531,63.2400016784668,62.400001525878906,62.959999084472656,7525700,CVS
2018-03-22,47.07199478149414,61.790000915527344,63.2599983215332,61.7400016784668,62.060001373291016,8590500,CVS
2018-03-23,46.36350631713867,60.86000061035156,62.45000076293945,60.779998779296875,62.0,6976900,CVS
2018-03-26,46.927249908447266,61.599998474121094,61.83000183105469,61.04999923706055,61.279998779296875,7496700,CVS
2018-03-27,46.16543960571289,60.599998474121094,61.869998931884766,60.13999938964844,61.72999954223633,7843700,CVS
2018-03-28,47.77284622192383,62.709999084472656,62.970001220703125,60.810001373291016,60.880001068115234,10253800,CVS
2018-03-29,47.391937255859375,62.209999084472656,63.400001525878906,61.34000015258789,62.689998626708984,8096400,CVS
2018-04-02,46.500633239746094,61.040000915527344,62.20000076293945,60.45000076293945,62.060001373291016,7863600,CVS
2018-04-03,47.6738166809082,62.58000183105469,62.720001220703125,61.130001068115234,61.56999969482422,7793800,CVS
2018-04-04,48.96889877319336,64.27999877929688,64.98999786376953,62.119998931884766,62.380001068115234,10281600,CVS
2018-04-05,49.25837326049805,64.66000366210938,65.16000366210938,64.19999694824219,64.48999786376953,5471500,CVS
2018-04-06,48.283267974853516,63.380001068115234,64.7699966430664,62.86000061035156,64.37000274658203,5114800,CVS
2018-04-09,48.229942321777344,63.310001373291016,64.52999877929688,62.77000045776367,63.63999938964844,6096500,CVS
2018-04-10,48.732723236083984,63.970001220703125,64.31999969482422,63.040000915527344,63.720001220703125,6417000,CVS
2018-04-11,48.04710388183594,63.06999969482422,64.30000305175781,62.90999984741211,63.880001068115234,7493700,CVS
2018-04-12,48.75558090209961,64.0,64.33999633789062,63.47999954223633,63.709999084472656,5500000,CVS
2018-04-13,48.32135009765625,63.43000030517578,64.4000015258789,62.66999816894531,64.2300033569336,5825200,CVS
2018-04-16,50.35537338256836,66.0999984741211,68.91999816894531,63.25,63.779998779296875,19008400,CVS
2018-04-17,51.124794006347656,67.11000061035156,67.37999725341797,65.23999786376953,66.91000366210938,11059100,CVS
2018-04-18,50.743892669677734,66.61000061035156,67.91000366210938,66.55999755859375,67.06999969482422,6047900,CVS
2018-04-19,50.17253494262695,65.86000061035156,66.83999633789062,65.12000274658203,66.6500015258789,6371800,CVS
2018-04-20,49.988304138183594,65.12000274658203,66.29000091552734,64.69000244140625,65.66000366210938,6169600,CVS
2018-04-23,50.41818618774414,65.68000030517578,65.93000030517578,64.94999694824219,65.51000213623047,6282800,CVS
2018-04-24,51.12440490722656,66.5999984741211,67.25,65.76000213623047,65.86000061035156,10204500,CVS
2018-04-25,51.99184036254883,67.7300033569336,68.08999633789062,66.18000030517578,66.25,7379300,CVS
2018-04-26,52.728759765625,68.69000244140625,69.37999725341797,67.69999694824219,67.76000213623047,10664500,CVS
2018-04-27,53.69597244262695,69.94999694824219,71.08000183105469,68.61000061035156,68.81999969482422,7486500,CVS
2018-04-30,53.60386276245117,69.83000183105469,70.62999725341797,69.0,70.13999938964844,18378800,CVS
2018-05-01,52.1990852355957,68.0,69.75,68.0,69.2300033569336,9569900,CVS
2018-05-02,50.61777114868164,65.94000244140625,67.5,65.51000213623047,66.98999786376953,14322500,CVS
2018-05-03,47.800559997558594,62.27000045776367,65.83000183105469,62.25,65.77999877929688,17123400,CVS
2018-05-04,48.437686920166016,63.099998474121094,63.38999938964844,61.310001373291016,62.040000915527344,12251800,CVS
2018-05-07,47.40138626098633,61.75,63.25,61.38999938964844,63.119998931884766,11944900,CVS
2018-05-08,46.60304641723633,60.709999084472656,62.0,60.31999969482422,62.0,10412800,CVS
2018-05-09,46.98686599731445,61.209999084472656,62.36000061035156,60.650001525878906,60.88999938964844,9062300,CVS
2018-05-10,47.93104934692383,62.439998626708984,63.619998931884766,61.560001373291016,61.70000076293945,10115800,CVS
2018-05-11,49.443294525146484,64.41000366210938,65.61000061035156,60.900001525878906,62.709999084472656,15335100,CVS
2018-05-14,51.293277740478516,66.81999969482422,67.06999969482422,64.58000183105469,64.61000061035156,12415100,CVS
2018-05-15,50.5410041809082,65.83999633789062,66.81999969482422,65.4800033569336,66.4800033569336,6510100,CVS
2018-05-16,50.76361846923828,66.12999725341797,66.44999694824219,65.58999633789062,66.0999984741211,5965300,CVS
2018-05-17,50.4796028137207,65.76000213623047,66.30000305175781,65.5199966430664,66.05999755859375,6605200,CVS
2018-05-18,49.83476638793945,64.91999816894531,66.08999633789062,64.58999633789062,65.9800033569336,4734500,CVS
2018-05-21,50.28001022338867,65.5,65.66999816894531,64.73999786376953,65.0999984741211,4958900,CVS
2018-05-22,50.372127532958984,65.62000274658203,66.58999633789062,65.41999816894531,65.69000244140625,4183600,CVS
2018-05-23,50.333744049072266,65.56999969482422,65.81999969482422,64.86000061035156,65.37999725341797,5965400,CVS
2018-05-24,49.988304138183594,65.12000274658203,65.6500015258789,64.33999633789062,65.52999877929688,4706800,CVS
2018-05-25,50.68684387207031,66.02999877929688,66.52999877929688,64.94000244140625,65.12000274658203,5559800,CVS
2018-05-29,49.742671966552734,64.80000305175781,65.9800033569336,64.5999984741211,65.44999694824219,8248000,CVS
2018-05-30,50.656158447265625,65.98999786376953,66.02999877929688,64.76000213623047,65.05999755859375,6522900,CVS
2018-05-31,48.660308837890625,63.38999938964844,65.86000061035156,63.36000061035156,65.83999633789062,13403100,CVS
2018-06-01,49.18229293823242,64.06999969482422,64.20999908447266,63.439998626708984,63.849998474121094,5503000,CVS
2018-06-04,49.205326080322266,64.0999984741211,64.52999877929688,63.63999938964844,64.08000183105469,11423800,CVS
2018-06-05,48.6142463684082,63.33000183105469,64.31999969482422,62.65999984741211,63.91999816894531,8008800,CVS
2018-06-06,49.957603454589844,65.08000183105469,65.11000061035156,63.349998474121094,63.66999816894531,6529400,CVS
2018-06-07,49.911537170410156,65.0199966430664,65.6500015258789,64.6500015258789,65.12000274658203,5814300,CVS
2018-06-08,50.68684387207031,66.02999877929688,66.06999969482422,65.01000213623047,65.2699966430664,5473800,CVS
2018-06-11,51.38539505004883,66.94000244140625,67.7300033569336,65.79000091552734,66.0999984741211,8261800,CVS
2018-06-12,50.932498931884766,66.3499984741211,67.33999633789062,65.44999694824219,67.12000274658203,9915000,CVS
2018-06-13,52.513816833496094,68.41000366210938,69.62999725341797,67.29000091552734,68.0,13830700,CVS
2018-06-14,53.0588493347168,69.12000274658203,69.4800033569336,68.0999984741211,68.69999694824219,8630900,CVS
2018-06-15,53.803443908691406,70.08999633789062,70.25,68.83999633789062,68.94000244140625,13025200,CVS
2018-06-18,51.99950408935547,67.73999786376953,69.4800033569336,67.62999725341797,69.27999877929688,7482800,CVS
2018-06-19,54.32543182373047,70.7699966430664,71.33000183105469,67.5,67.72000122070312,11019600,CVS
2018-06-20,54.96257781982422,71.5999984741211,72.12999725341797,69.79000091552734,70.5999984741211,9279300,CVS
2018-06-21,54.56340789794922,71.08000183105469,72.91999816894531,70.80999755859375,71.93000030517578,6157500,CVS
2018-06-22,55.40780258178711,72.18000030517578,72.62999725341797,71.04000091552734,71.58999633789062,8784200,CVS
2018-06-25,54.83207321166992,71.43000030517578,72.22000122070312,70.4000015258789,71.69000244140625,6735000,CVS
2018-06-26,53.58850860595703,69.80999755859375,71.75,69.5199966430664,71.5,6579700,CVS
2018-06-27,53.77275085449219,70.05000305175781,70.43000030517578,69.23999786376953,69.7699966430664,6376400,CVS
2018-06-28,50.49495315551758,65.77999877929688,66.33000183105469,63.040000915527344,64.19000244140625,26157400,CVS
2018-06-29,49.39723587036133,64.3499984741211,65.98999786376953,64.33999633789062,65.87999725341797,10754700,CVS
2018-07-02,50.026695251464844,65.16999816894531,65.29000091552734,63.709999084472656,63.939998626708984,7449400,CVS
2018-07-03,49.51237487792969,64.5,65.4000015258789,64.27999877929688,65.4000015258789,3242900,CVS
2018-07-05,49.965267181396484,65.08999633789062,65.38999938964844,64.44000244140625,65.0999984741211,6678800,CVS
2018-07-06,51.032283782958984,66.4800033569336,66.7300033569336,64.68000030517578,64.95999908447266,7108200,CVS
2018-07-09,51.9227409362793,67.63999938964844,68.69000244140625,67.16000366210938,67.41999816894531,8026500,CVS
2018-07-10,52.383331298828125,68.23999786376953,68.7699966430664,67.70999908447266,68.4000015258789,6329800,CVS
2018-07-11,51.66175842285156,67.30000305175781,67.94000244140625,66.80999755859375,67.94000244140625,5926800,CVS
2018-07-12,52.191429138183594,67.98999786376953,70.33999633789062,67.16999816894531,67.94000244140625,14054100,CVS
2018-07-13,52.682701110839844,68.62999725341797,69.55000305175781,67.98999786376953,67.98999786376953,5592100,CVS
2018-07-16,52.383331298828125,68.23999786376953,68.77999877929688,68.11000061035156,68.66999816894531,4594100,CVS
2018-07-17,52.15302658081055,67.94000244140625,68.30000305175781,67.36000061035156,68.23999786376953,5312600,CVS
2018-07-18,52.122337341308594,67.9000015258789,68.36000061035156,67.55999755859375,67.8499984741211,5129500,CVS
2018-07-19,50.77129364013672,66.13999938964844,67.75,64.76000213623047,67.55999755859375,9621100,CVS
2018-07-20,50.095787048339844,65.26000213623047,65.9800033569336,65.05999755859375,65.75,6331200,CVS
2018-07-23,50.9248161315918,66.33999633789062,66.56999969482422,65.33000183105469,65.3499984741211,5456900,CVS
2018-07-24,50.72371292114258,65.58000183105469,66.20999908447266,65.30999755859375,65.80999755859375,6764600,CVS
2018-07-25,51.04084777832031,65.98999786376953,66.0,65.13999938964844,65.30000305175781,4586500,CVS
2018-07-26,51.311546325683594,66.33999633789062,66.73999786376953,66.16000366210938,66.23999786376953,4579200,CVS
2018-07-27,51.566795349121094,66.66999816894531,67.05000305175781,65.93000030517578,65.95999908447266,4545200,CVS
2018-07-30,52.154640197753906,67.43000030517578,67.58999633789062,66.5999984741211,66.6500015258789,4669300,CVS
2018-07-31,50.16682815551758,64.86000061035156,67.66000366210938,64.8499984741211,67.45999908447266,9351400,CVS
2018-08-01,49.571258544921875,64.08999633789062,65.48999786376953,63.720001220703125,65.0,9565900,CVS
2018-08-02,49.33148956298828,63.779998779296875,64.19000244140625,63.22999954223633,63.77000045776367,6806100,CVS
2018-08-03,50.19002914428711,64.88999938964844,65.23999786376953,63.70000076293945,63.90999984741211,4805500,CVS
2018-08-06,50.306060791015625,65.04000091552734,65.30000305175781,64.69000244140625,64.8499984741211,4738100,CVS
2018-08-07,50.62316131591797,65.44999694824219,66.0199966430664,64.95999908447266,65.41999816894531,5716400,CVS
2018-08-08,52.72700119018555,68.16999816894531,69.38999938964844,66.72000122070312,68.0199966430664,18507400,CVS
2018-08-09,53.0363655090332,68.56999969482422,69.27999877929688,67.9800033569336,68.16999816894531,9074000,CVS
2018-08-10,53.40764236450195,69.05000305175781,69.12000274658203,68.20999908447266,68.5,5918800,CVS
2018-08-13,53.75569534301758,69.5,70.1500015258789,68.55999755859375,69.25,6795300,CVS
2018-08-14,55.209800720214844,71.37999725341797,71.88999938964844,69.5,69.5,9902200,CVS
2018-08-15,55.410911560058594,71.63999938964844,71.7699966430664,70.27999877929688,71.04000091552734,6965600,CVS
2018-08-16,56.61751937866211,73.19999694824219,73.87000274658203,72.0,72.23999786376953,9037100,CVS
2018-08-17,56.9887809753418,73.68000030517578,74.23999786376953,72.7699966430664,73.04000091552734,7145900,CVS
2018-08-20,57.71582794189453,74.62000274658203,74.9000015258789,73.79000091552734,73.9800033569336,5873000,CVS
2018-08-21,56.99651336669922,73.69000244140625,74.5999984741211,73.30999755859375,74.30000305175781,5072600,CVS
2018-08-22,57.16667938232422,73.91000366210938,74.54000091552734,73.13999938964844,73.5,5259100,CVS
2018-08-23,56.95783615112305,73.63999938964844,73.9000015258789,73.19999694824219,73.70999908447266,4299600,CVS
2018-08-24,57.29814910888672,74.08000183105469,74.25,73.58999633789062,73.63999938964844,5499700,CVS
2018-08-27,57.978816986083984,74.95999908447266,75.0999984741211,74.16000366210938,74.19999694824219,4770800,CVS
2018-08-28,57.94786834716797,74.91999816894531,75.02999877929688,73.9000015258789,75.0,5535100,CVS
2018-08-29,57.5843505859375,74.44999694824219,74.91999816894531,74.20999908447266,74.86000061035156,3781100,CVS
2018-08-30,57.646217346191406,74.52999877929688,74.77999877929688,73.6500015258789,74.0999984741211,4036500,CVS
2018-08-31,58.19537353515625,75.23999786376953,75.30999755859375,74.30999755859375,74.45999908447266,5644700,CVS
2018-09-04,57.23628616333008,74.0,75.01000213623047,73.36000061035156,74.9800033569336,9709000,CVS
2018-09-05,57.924678802490234,74.88999938964844,75.22000122070312,72.81999969482422,73.88999938964844,14728800,CVS
2018-09-06,58.83736801147461,76.06999969482422,76.30999755859375,74.08999633789062,75.01000213623047,9470900,CVS
2018-09-07,59.78097915649414,77.29000091552734,77.41999816894531,75.83000183105469,75.88999938964844,9984600,CVS
2018-09-10,58.50476837158203,75.63999938964844,77.80000305175781,75.62999725341797,77.2699966430664,5329200,CVS
2018-09-11,58.57437515258789,75.7300033569336,75.94000244140625,74.58000183105469,74.91000366210938,4980800,CVS
2018-09-12,59.80418395996094,77.31999969482422,77.5,75.62000274658203,75.83000183105469,6154900,CVS
2018-09-13,59.61854553222656,77.08000183105469,78.5,76.88999938964844,77.97000122070312,6847600,CVS
2018-09-14,59.487056732177734,76.91000366210938,77.73999786376953,76.86000061035156,77.44999694824219,5019000,CVS
2018-09-17,60.40747833251953,78.0999984741211,78.19999694824219,76.76000213623047,76.83000183105469,8987800,CVS
2018-09-18,60.801944732666016,78.61000061035156,79.18000030517578,77.61000061035156,78.04000091552734,7718000,CVS
2018-09-19,61.07268142700195,78.95999908447266,79.94000244140625,78.4800033569336,78.80999755859375,7808600,CVS
2018-09-20,61.40524673461914,79.38999938964844,79.97000122070312,79.23999786376953,79.41000366210938,6736700,CVS
2018-09-21,61.559959411621094,79.58999633789062,79.93000030517578,78.58000183105469,79.45999908447266,12104700,CVS
2018-09-24,60.90250778198242,78.73999786376953,79.37000274658203,78.12000274658203,79.22000122070312,7129400,CVS
2018-09-25,60.028507232666016,77.61000061035156,78.9000015258789,77.30999755859375,78.33999633789062,8941600,CVS
2018-09-26,60.662715911865234,78.43000030517578,79.08999633789062,77.33000183105469,77.87000274658203,6001000,CVS
2018-09-27,60.9179801940918,78.76000213623047,79.43000030517578,78.3499984741211,78.47000122070312,8946000,CVS
2018-09-28,60.88702392578125,78.72000122070312,79.08999633789062,78.26000213623047,78.38999938964844,6317400,CVS
2018-10-01,61.49032211303711,79.5,80.55999755859375,78.94999694824219,79.05000305175781,6452800,CVS
2018-10-02,61.28921127319336,79.23999786376953,79.98999786376953,79.16000366210938,79.27999877929688,3929600,CVS
2018-10-03,61.79972839355469,79.9000015258789,80.47000122070312,79.19999694824219,79.66000366210938,4825100,CVS
2018-10-04,61.40524673461914,79.38999938964844,79.97000122070312,78.97000122070312,79.56999969482422,6577800,CVS
2018-10-05,60.84837341308594,78.66999816894531,79.69000244140625,78.44000244140625,79.22000122070312,4540800,CVS
2018-10-08,61.72238540649414,79.80000305175781,80.0,78.7300033569336,78.80999755859375,5256000,CVS
2018-10-09,61.48259735107422,79.48999786376953,79.88999938964844,78.80999755859375,79.76000213623047,3701700,CVS
2018-10-10,61.041717529296875,78.91999816894531,80.52999877929688,78.69999694824219,80.01000213623047,14047100,CVS
2018-10-11,56.60976791381836,73.19000244140625,77.06999969482422,72.5999984741211,76.69000244140625,17094600,CVS
2018-10-12,57.684898376464844,74.58000183105469,74.97000122070312,73.2699966430664,74.51000213623047,9479700,CVS
2018-10-15,56.509220123291016,73.05999755859375,74.97000122070312,73.0199966430664,74.16999816894531,7383700,CVS
2018-10-16,57.01970672607422,73.72000122070312,73.75,72.6500015258789,73.54000091552734,10207400,CVS
2018-10-17,57.514739990234375,74.36000061035156,74.83000183105469,73.75,73.95999908447266,7234000,CVS
2018-10-18,57.646217346191406,74.52999877929688,75.16999816894531,73.7699966430664,74.47000122070312,7315700,CVS
2018-10-19,57.37550735473633,74.18000030517578,75.62000274658203,73.94999694824219,74.38999938964844,7274700,CVS
2018-10-22,56.33905792236328,72.83999633789062,74.94000244140625,72.5999984741211,74.44999694824219,5390400,CVS
2018-10-23,56.42474365234375,72.44999694824219,72.91000366210938,70.44999694824219,71.2699966430664,5862800,CVS
2018-10-24,54.36867904663086,69.80999755859375,72.56999969482422,69.58000183105469,72.12999725341797,6936900,CVS
2018-10-25,55.038448333740234,70.66999816894531,71.12999725341797,69.55000305175781,70.08000183105469,9234600,CVS
2018-10-26,54.610111236572266,70.12000274658203,70.80000305175781,69.16999816894531,70.0,8538100,CVS
2018-10-29,54.93720626831055,70.54000091552734,71.5199966430664,69.4800033569336,71.16000366210938,6262100,CVS
2018-10-30,56.377994537353516,72.38999938964844,72.47000122070312,70.33000183105469,71.02999877929688,7205900,CVS
2018-10-31,56.377994537353516,72.38999938964844,73.3499984741211,71.45999908447266,72.77999877929688,7671300,CVS
2018-11-01,57.95119857788086,74.41000366210938,74.4800033569336,72.61000061035156,72.73999786376953,6424100,CVS
2018-11-02,56.92316818237305,73.08999633789062,74.91000366210938,72.26000213623047,74.83999633789062,5894700,CVS
2018-11-05,57.390464782714844,73.69000244140625,74.62999725341797,73.18000030517578,73.4000015258789,6413500,CVS
2018-11-06,60.669254302978516,77.9000015258789,78.08999633789062,74.25,74.5,12828500,CVS
2018-11-07,61.346805572509766,78.7699966430664,81.27999877929688,78.52999877929688,79.0199966430664,12356200,CVS
2018-11-08,62.343692779541016,80.05000305175781,80.08999633789062,78.25,78.38999938964844,7924300,CVS
2018-11-09,62.172332763671875,79.83000183105469,80.45999908447266,79.13999938964844,80.12999725341797,5761300,CVS
2018-11-12,62.569557189941406,80.33999633789062,81.08999633789062,79.44999694824219,79.83000183105469,5682500,CVS
2018-11-13,62.927799224853516,80.80000305175781,81.55999755859375,80.12999725341797,80.95999908447266,6657100,CVS
2018-11-14,62.2424430847168,79.91999816894531,82.1500015258789,79.36000061035156,81.0999984741211,8673300,CVS
2018-11-15,62.18013000488281,79.83999633789062,80.2699966430664,77.8499984741211,79.37999725341797,6859700,CVS
2018-11-16,61.78294372558594,79.33000183105469,80.44000244140625,79.26000213623047,79.58000183105469,6568400,CVS
2018-11-19,61.175479888916016,78.55000305175781,80.06999969482422,77.9800033569336,79.47000122070312,6155700,CVS
2018-11-20,58.815670013427734,75.5199966430664,77.77999877929688,75.30000305175781,77.0999984741211,10232600,CVS
2018-11-21,58.48078536987305,75.08999633789062,76.55000305175781,74.95999908447266,76.13999938964844,6889400,CVS
2018-11-23,58.55088806152344,75.18000030517578,75.87000274658203,74.33999633789062,74.79000091552734,2439700,CVS
2018-11-26,60.62251663208008,77.83999633789062,78.91000366210938,76.5,76.55000305175781,14719200,CVS
2018-11-27,61.91533279418945,79.5,79.58000183105469,77.05000305175781,77.98999786376953,11905200,CVS
2018-11-28,62.51499938964844,80.2699966430664,81.6500015258789,79.77999877929688,80.62000274658203,19884000,CVS
2018-11-29,62.304725646972656,80.0,80.80999755859375,79.70999908447266,80.69000244140625,10092000,CVS
2018-11-30,62.46051025390625,80.19999694824219,80.23999786376953,78.68000030517578,79.76000213623047,15921500,CVS
2018-12-03,61.93091583251953,79.5199966430664,80.66999816894531,79.16000366210938,80.19999694824219,16494800,CVS
2018-12-04,61.455848693847656,78.91000366210938,80.37000274658203,78.56999969482422,79.44999694824219,13333700,CVS
2018-12-06,59.63343048095703,76.56999969482422,78.05999755859375,73.88999938964844,77.9000015258789,15678500,CVS
2018-12-07,57.70198440551758,74.08999633789062,76.37999725341797,73.69000244140625,76.19999694824219,10556300,CVS
2018-12-10,57.11787033081055,73.33999633789062,74.22000122070312,71.51000213623047,74.11000061035156,10798500,CVS
2018-12-11,57.1723747253418,73.41000366210938,75.41000366210938,72.61000061035156,74.73999786376953,10488200,CVS
2018-12-12,58.021278381347656,74.5,75.66999816894531,74.12999725341797,74.4000015258789,10141800,CVS
2018-12-13,57.14125061035156,73.37000274658203,74.56999969482422,72.31999969482422,74.36000061035156,10693900,CVS
2018-12-14,55.980812072753906,71.87999725341797,73.44000244140625,71.61000061035156,72.73999786376953,10624700,CVS
2018-12-17,55.05403137207031,70.69000244140625,71.9800033569336,70.25,71.0,9481500,CVS
2018-12-18,54.17399215698242,69.55999755859375,71.41000366210938,68.72000122070312,71.37000274658203,9711800,CVS
2018-12-19,53.41852569580078,68.58999633789062,70.62000274658203,68.16000366210938,69.80999755859375,11042700,CVS
2018-12-20,51.77524948120117,66.4800033569336,68.63999938964844,65.88999938964844,68.0999984741211,12921400,CVS
2018-12-21,49.61016082763672,63.70000076293945,67.5,63.68000030517578,65.94999694824219,19254500,CVS
2018-12-24,49.002681732177734,62.91999816894531,64.44000244140625,62.810001373291016,63.540000915527344,6314200,CVS
2018-12-26,50.94191360473633,65.41000366210938,65.41000366210938,62.060001373291016,63.029998779296875,9480400,CVS
2018-12-27,50.80952453613281,65.23999786376953,65.23999786376953,62.810001373291016,64.66999816894531,8673300,CVS
2018-12-28,50.77058792114258,65.19000244140625,66.23999786376953,64.8499984741211,65.80000305175781,7627600,CVS
2018-12-31,51.027587890625,65.5199966430664,66.08000183105469,64.75,65.44000244140625,7627200,CVS
2019-01-02,51.074310302734375,65.58000183105469,65.87000274658203,64.44000244140625,64.86000061035156,7322400,CVS
2019-01-03,50.80173110961914,65.2300033569336,65.9000015258789,64.63999938964844,65.25,7001800,CVS
2019-01-04,52.04003143310547,66.81999969482422,67.43000030517578,65.94999694824219,66.08999633789062,7214800,CVS
2019-01-07,53.434120178222656,68.61000061035156,69.3499984741211,66.72000122070312,67.38999938964844,8908100,CVS
2019-01-08,53.371803283691406,68.52999877929688,69.73999786376953,67.26000213623047,68.79000091552734,10335000,CVS
2019-01-09,51.43256378173828,66.04000091552734,68.68000030517578,65.30999755859375,68.56999969482422,14981000,CVS
2019-01-10,51.05095291137695,65.55000305175781,66.27999877929688,64.55999755859375,66.0199966430664,15503500,CVS
2019-01-11,51.25344467163086,65.80999755859375,65.81999969482422,64.36000061035156,65.18000030517578,11396300,CVS
2019-01-14,50.88740539550781,65.33999633789062,65.77999877929688,64.9000015258789,65.37999725341797,9276000,CVS
2019-01-15,49.64130401611328,63.7400016784668,64.81999969482422,63.13999938964844,64.68000030517578,15501500,CVS
2019-01-16,49.78148651123047,63.91999816894531,64.5,63.66999816894531,63.810001373291016,13551200,CVS
2019-01-17,49.353145599365234,63.369998931884766,64.08999633789062,63.27000045776367,63.970001220703125,12599200,CVS
2019-01-18,51.027587890625,65.5199966430664,65.55000305175781,64.30000305175781,64.6500015258789,15600000,CVS
2019-01-22,50.5602912902832,64.91999816894531,65.7699966430664,64.5999984741211,65.38999938964844,8492600,CVS
2019-01-23,51.487091064453125,66.11000061035156,66.31999969482422,64.9000015258789,65.30000305175781,9101400,CVS
2019-01-24,50.99270248413086,64.9800033569336,65.62999725341797,64.55999755859375,65.5,7039900,CVS
2019-01-25,51.36151123046875,65.44999694824219,65.80999755859375,65.13999938964844,65.56999969482422,8625700,CVS
2019-01-28,51.196720123291016,65.23999786376953,65.26000213623047,63.58000183105469,65.11000061035156,8642000,CVS
2019-01-29,51.43215560913086,65.54000091552734,66.1500015258789,65.18000030517578,65.45999908447266,7293600,CVS
2019-01-30,51.761749267578125,65.95999908447266,66.66000366210938,65.7699966430664,66.29000091552734,7340600,CVS
2019-01-31,51.439998626708984,65.55000305175781,66.41000366210938,65.55000305175781,65.94999694824219,10883200,CVS
2019-02-01,51.18103790283203,65.22000122070312,65.72000122070312,62.880001068115234,64.5,16742500,CVS
2019-02-04,51.722511291503906,65.91000366210938,65.91999816894531,64.87000274658203,65.25,7151900,CVS
2019-02-05,51.53416061401367,65.66999816894531,66.37999725341797,65.38999938964844,66.23999786376953,6763900,CVS
2019-02-06,51.816673278808594,66.02999877929688,66.29000091552734,65.36000061035156,65.44000244140625,6494600,CVS
2019-02-07,51.59696578979492,65.75,66.12999725341797,64.94999694824219,65.97000122070312,6306600,CVS
2019-02-08,51.016239166259766,65.01000213623047,65.69999694824219,64.36000061035156,65.48999786376953,7754000,CVS
2019-02-11,51.086856842041016,65.0999984741211,65.7300033569336,65.01000213623047,65.3499984741211,9654800,CVS
2019-02-12,52.585731506347656,67.01000213623047,67.4000015258789,65.30000305175781,65.44000244140625,7868000,CVS
2019-02-13,53.19783020019531,67.79000091552734,68.16000366210938,67.12999725341797,67.33000183105469,9738200,CVS
2019-02-14,53.119361877441406,67.69000244140625,68.16000366210938,66.7699966430664,67.45999908447266,6988200,CVS
2019-02-15,54.56328582763672,69.52999877929688,69.87000274658203,67.8499984741211,68.26000213623047,10245400,CVS
2019-02-19,54.83793640136719,69.87999725341797,70.31999969482422,69.27999877929688,70.20999908447266,13091900,CVS
2019-02-20,50.39628601074219,64.22000122070312,65.19000244140625,63.29999923706055,63.66999816894531,43365600,CVS
2019-02-21,48.92881774902344,62.349998474121094,64.1500015258789,61.959999084472656,64.02999877929688,26490600,CVS
2019-02-22,48.61491775512695,61.95000076293945,62.349998474121094,61.16999816894531,62.13999938964844,20182900,CVS
2019-02-25,48.049896240234375,61.22999954223633,62.290000915527344,61.20000076293945,62.119998931884766,12853900,CVS
2019-02-26,47.6182975769043,60.68000030517578,61.58000183105469,60.59000015258789,61.25,12273600,CVS
2019-02-27,45.90755081176758,58.5,60.4900016784668,58.459999084472656,60.43000030517578,20986500,CVS
2019-02-28,45.381778717041016,57.83000183105469,58.790000915527344,57.560001373291016,58.540000915527344,17121000,CVS
2019-03-01,45.61720275878906,58.130001068115234,58.7400016784668,58.060001373291016,58.150001525878906,14432800,CVS
2019-03-04,43.91429901123047,55.959999084472656,58.54999923706055,55.79999923706055,58.369998931884766,17836000,CVS
2019-03-05,43.129554748535156,54.959999084472656,56.20000076293945,54.369998931884766,56.150001525878906,27776100,CVS
2019-03-06,42.37620544433594,54.0,55.0099983215332,54.0,54.7400016784668,15876800,CVS
2019-03-07,41.0892219543457,52.36000061035156,54.34000015258789,52.16999816894531,54.13999938964844,23030200,CVS
2019-03-08,41.536521911621094,52.93000030517578,53.099998474121094,51.93000030517578,52.060001373291016,21748300,CVS
2019-03-11,42.18000411987305,53.75,53.88999938964844,52.310001373291016,53.099998474121094,14770200,CVS
2019-03-12,42.88628005981445,54.650001525878906,54.93000030517578,53.720001220703125,54.02000045776367,16681400,CVS
2019-03-13,44.39299774169922,56.56999969482422,56.91999816894531,55.310001373291016,55.61000061035156,22936500,CVS
2019-03-14,43.851531982421875,55.880001068115234,57.40999984741211,55.66999816894531,56.95000076293945,15216100,CVS
2019-03-15,43.63178634643555,55.599998474121094,56.189998626708984,55.27000045776367,55.91999816894531,24262200,CVS
2019-03-18,44.47146224975586,56.66999816894531,56.91999816894531,55.560001373291016,55.61000061035156,12752900,CVS
2019-03-19,44.801063537597656,57.09000015258789,57.540000915527344,56.47999954223633,56.70000076293945,12367400,CVS
2019-03-20,44.07123947143555,56.15999984741211,56.900001525878906,55.810001373291016,56.81999969482422,11405800,CVS
2019-03-21,45.04432678222656,57.400001525878906,57.61000061035156,55.779998779296875,56.06999969482422,10452700,CVS
2019-03-22,43.977081298828125,56.040000915527344,57.279998779296875,55.91999816894531,57.11000061035156,10204200,CVS
2019-03-25,43.1217155456543,54.95000076293945,56.130001068115234,54.400001525878906,55.79999923706055,12968600,CVS
2019-03-26,43.46699523925781,55.38999938964844,56.16999816894531,55.08000183105469,55.380001068115234,11730900,CVS
2019-03-27,42.41543960571289,54.04999923706055,54.43000030517578,52.83000183105469,53.939998626708984,21327300,CVS
2019-03-28,41.873966217041016,53.36000061035156,54.599998474121094,53.25,54.18000030517578,11564900,CVS
2019-03-29,42.32127380371094,53.93000030517578,53.970001220703125,53.290000915527344,53.54999923706055,11361500,CVS
2019-04-01,42.52531433105469,54.189998626708984,54.34000015258789,53.45000076293945,54.15999984741211,10790100,CVS
2019-04-02,40.90873718261719,52.130001068115234,52.91999816894531,51.77000045776367,52.68000030517578,22104400,CVS
2019-04-03,41.426658630371094,52.790000915527344,53.06999969482422,52.31999969482422,52.41999816894531,17437400,CVS
2019-04-04,41.90536117553711,53.400001525878906,53.459999084472656,52.79999923706055,52.880001068115234,11058000,CVS
2019-04-05,42.42329025268555,54.060001373291016,54.20000076293945,53.5099983215332,53.61000061035156,10002100,CVS
2019-04-08,42.49391174316406,54.150001525878906,54.4900016784668,53.7400016784668,53.959999084472656,8374100,CVS
2019-04-09,42.15647888183594,53.720001220703125,54.33000183105469,53.45000076293945,54.099998474121094,9275800,CVS
2019-04-10,42.27418518066406,53.869998931884766,53.88999938964844,53.040000915527344,53.70000076293945,11853400,CVS
2019-04-11,41.34819030761719,52.689998626708984,54.369998931884766,52.470001220703125,53.97999954223633,11354700,CVS
2019-04-12,41.44235610961914,52.810001373291016,53.290000915527344,52.58000183105469,52.95000076293945,10024700,CVS
2019-04-15,42.5488395690918,54.220001220703125,54.599998474121094,53.5,53.720001220703125,17590400,CVS
2019-04-16,42.297733306884766,53.900001525878906,54.83000183105469,53.34000015258789,54.72999954223633,12943200,CVS
2019-04-17,41.230472564697266,52.540000915527344,54.150001525878906,52.0,53.97999954223633,22106000,CVS
2019-04-18,41.30109786987305,52.630001068115234,53.15999984741211,52.2599983215332,52.439998626708984,15930600,CVS
2019-04-22,41.53879165649414,52.43000030517578,52.7599983215332,52.18000030517578,52.43000030517578,9122500,CVS
2019-04-23,41.958683013916016,52.959999084472656,53.66999816894531,52.099998474121094,52.5,14102400,CVS
2019-04-24,41.93490982055664,52.93000030517578,53.11000061035156,52.560001373291016,52.9900016784668,9599200,CVS
2019-04-25,42.17259979248047,53.22999954223633,53.689998626708984,52.61000061035156,52.810001373291016,8503000,CVS
2019-04-26,42.410282135009766,53.529998779296875,53.619998931884766,52.93000030517578,53.22999954223633,9084500,CVS
2019-04-29,42.774715423583984,53.9900016784668,54.439998626708984,52.65999984741211,53.150001525878906,9731200,CVS
2019-04-30,43.08371353149414,54.380001068115234,54.88999938964844,53.45000076293945,54.630001068115234,13911200,CVS
2019-05-01,45.42091751098633,57.33000183105469,57.75,56.209999084472656,56.849998474121094,26243000,CVS
2019-05-02,44.94554901123047,56.72999954223633,57.369998931884766,55.56999969482422,57.209999084472656,14489700,CVS
2019-05-03,44.89008331298828,56.65999984741211,57.34000015258789,56.029998779296875,57.0099983215332,11035600,CVS
2019-05-06,44.842559814453125,56.599998474121094,56.619998931884766,55.40999984741211,55.970001220703125,10689500,CVS
2019-05-07,43.85221481323242,55.349998474121094,56.47999954223633,54.91999816894531,56.349998474121094,9586900,CVS
2019-05-08,44.161197662353516,55.7400016784668,56.119998931884766,54.880001068115234,55.36000061035156,8841200,CVS
2019-05-09,43.85221481323242,55.349998474121094,55.650001525878906,54.630001068115234,55.099998474121094,9255700,CVS
2019-05-10,43.70167541503906,55.15999984741211,55.619998931884766,54.2400016784668,55.29999923706055,9397100,CVS
2019-05-13,42.64002990722656,53.81999969482422,54.45000076293945,53.29999923706055,54.29999923706055,11183800,CVS
2019-05-14,41.966609954833984,52.970001220703125,54.22999954223633,52.939998626708984,53.849998474121094,10772900,CVS
2019-05-15,41.82398223876953,52.790000915527344,53.06999969482422,51.880001068115234,52.709999084472656,11618000,CVS
2019-05-16,41.435791015625,52.29999923706055,53.209999084472656,52.150001525878906,52.900001525878906,11823600,CVS
2019-05-17,41.89530944824219,52.880001068115234,53.20000076293945,51.720001220703125,52.0099983215332,8046700,CVS
2019-05-20,41.990379333496094,53.0,53.599998474121094,52.70000076293945,52.849998474121094,8083900,CVS
2019-05-21,42.40235900878906,53.52000045776367,53.689998626708984,52.849998474121094,53.31999969482422,8163200,CVS
2019-05-22,42.552886962890625,53.709999084472656,53.81999969482422,52.81999969482422,53.43000030517578,7919800,CVS
2019-05-23,41.82398223876953,52.790000915527344,53.290000915527344,52.34000015258789,53.27000045776367,9388900,CVS
2019-05-24,42.045833587646484,53.06999969482422,53.16999816894531,52.59000015258789,52.880001068115234,5681200,CVS
2019-05-28,41.7526969909668,52.70000076293945,53.2400016784668,52.58000183105469,53.119998931884766,12493000,CVS
2019-05-29,41.61009216308594,52.52000045776367,52.95000076293945,52.119998931884766,52.459999084472656,9578200,CVS
2019-05-30,41.79231262207031,52.75,52.959999084472656,52.290000915527344,52.63999938964844,6789100,CVS
2019-05-31,41.491241455078125,52.369998931884766,52.720001220703125,52.040000915527344,52.27000045776367,8089300,CVS
2019-06-03,42.29936218261719,53.38999938964844,53.70000076293945,52.459999084472656,52.540000915527344,8920500,CVS
2019-06-04,43.27385711669922,54.619998931884766,55.75,54.25,54.43000030517578,12754300,CVS
2019-06-05,42.12506866455078,53.16999816894531,55.04999923706055,53.02000045776367,55.0,12128800,CVS
2019-06-06,42.86980056762695,54.11000061035156,54.61000061035156,53.02000045776367,53.13999938964844,10043000,CVS
2019-06-07,42.719268798828125,53.91999816894531,54.619998931884766,53.810001373291016,54.27000045776367,7826000,CVS
2019-06-10,43.59868240356445,55.029998779296875,55.529998779296875,54.29999923706055,54.33000183105469,8007800,CVS
2019-06-11,42.758880615234375,53.970001220703125,55.09000015258789,53.790000915527344,54.43000030517578,8774300,CVS
2019-06-12,42.513275146484375,53.65999984741211,54.029998779296875,53.040000915527344,53.849998474121094,9404900,CVS
2019-06-13,43.25009536743164,54.59000015258789,54.63999938964844,53.709999084472656,53.869998931884766,5250700,CVS
2019-06-14,42.917335510253906,54.16999816894531,54.68000030517578,54.04999923706055,54.650001525878906,4680700,CVS
2019-06-17,43.21047592163086,54.540000915527344,54.70000076293945,53.93000030517578,54.22999954223633,5008800,CVS
2019-06-18,43.305545806884766,54.65999984741211,55.34000015258789,54.540000915527344,54.83000183105469,7156800,CVS
2019-06-19,43.487770080566406,54.88999938964844,55.380001068115234,54.66999816894531,54.86000061035156,6212900,CVS
2019-06-20,42.67964553833008,53.869998931884766,55.08000183105469,53.279998779296875,54.88999938964844,13254500,CVS
2019-06-21,42.50535202026367,53.650001525878906,54.02000045776367,53.22999954223633,53.79999923706055,12482100,CVS
2019-06-24,42.101287841796875,53.13999938964844,53.75,52.7599983215332,53.709999084472656,9144900,CVS
2019-06-25,42.52912902832031,53.68000030517578,53.790000915527344,52.88999938964844,53.25,7865700,CVS
2019-06-26,42.544960021972656,53.70000076293945,54.130001068115234,53.279998779296875,53.7400016784668,6655200,CVS
2019-06-27,43.368927001953125,54.7400016784668,55.0,53.939998626708984,54.029998779296875,7476000,CVS
2019-06-28,43.17086410522461,54.4900016784668,55.2400016784668,54.349998474121094,54.83000183105469,9336900,CVS
2019-07-01,43.51945495605469,54.93000030517578,55.9900016784668,54.650001525878906,55.099998474121094,7991100,CVS
2019-07-02,43.41645812988281,54.79999923706055,55.0099983215332,54.119998931884766,54.869998931884766,4960200,CVS
2019-07-03,43.73338317871094,55.20000076293945,55.84000015258789,55.0,55.0099983215332,4117800,CVS
2019-07-05,44.02650451660156,55.56999969482422,56.11000061035156,55.11000061035156,55.2400016784668,4264200,CVS
2019-07-08,43.820526123046875,55.310001373291016,55.45000076293945,54.7599983215332,55.380001068115234,5936900,CVS
2019-07-09,43.44022750854492,54.83000183105469,55.369998931884766,54.65999984741211,55.04999923706055,5757900,CVS
2019-07-10,43.87598419189453,55.380001068115234,55.5,54.650001525878906,55.0,5059800,CVS
2019-07-11,45.927974700927734,57.970001220703125,60.130001068115234,57.52000045776367,59.369998931884766,29037100,CVS
2019-07-12,45.59521484375,57.54999923706055,58.47999954223633,57.34000015258789,57.900001525878906,10089400,CVS
2019-07-15,45.508056640625,57.439998626708984,57.790000915527344,57.040000915527344,57.7599983215332,5883400,CVS
2019-07-16,45.46052932739258,57.380001068115234,57.5,56.869998931884766,57.369998931884766,5063000,CVS
2019-07-17,44.549407958984375,56.22999954223633,57.369998931884766,56.0099983215332,57.33000183105469,7678600,CVS
2019-07-18,44.76332473754883,56.5,56.68000030517578,55.470001220703125,56.06999969482422,6063400,CVS
2019-07-19,44.31964874267578,55.939998626708984,56.81999969482422,55.939998626708984,56.70000076293945,5480900,CVS
2019-07-22,43.95520782470703,55.47999954223633,56.15999984741211,55.2599983215332,56.08000183105469,5717300,CVS
2019-07-23,44.58110046386719,56.27000045776367,56.400001525878906,55.04999923706055,55.40999984741211,6973400,CVS
2019-07-24,44.7569580078125,55.9900016784668,56.09000015258789,54.970001220703125,55.900001525878906,6774800,CVS
2019-07-25,44.31731033325195,55.439998626708984,55.900001525878906,55.04999923706055,55.68000030517578,5526200,CVS
2019-07-26,44.397254943847656,55.540000915527344,56.0,55.349998474121094,55.540000915527344,4753300,CVS
2019-07-29,44.97279357910156,56.2599983215332,56.52000045776367,55.45000076293945,55.470001220703125,4951600,CVS
2019-07-30,45.18862533569336,56.529998779296875,56.59000015258789,55.540000915527344,55.90999984741211,5016900,CVS
2019-07-31,44.66104507446289,55.869998931884766,56.599998474121094,55.400001525878906,56.599998474121094,8473100,CVS
2019-08-01,44.2613525390625,55.369998931884766,56.90999984741211,55.36000061035156,55.79999923706055,11847900,CVS
2019-08-02,44.53314208984375,55.709999084472656,55.84000015258789,55.0099983215332,55.43000030517578,6673300,CVS
2019-08-05,43.57389831542969,54.5099983215332,55.95000076293945,54.060001373291016,55.04999923706055,9492300,CVS
2019-08-06,43.238155364990234,54.09000015258789,54.70000076293945,53.0,54.599998474121094,12803400,CVS
2019-08-07,46.459632873535156,58.119998931884766,58.279998779296875,56.0099983215332,56.27000045776367,22891700,CVS
2019-08-08,47.1950569152832,59.040000915527344,59.52000045776367,58.5,58.720001220703125,14892100,CVS
2019-08-09,47.3949089050293,59.290000915527344,59.5,58.4900016784668,58.939998626708984,6694500,CVS
2019-08-12,46.96323776245117,58.75,59.2599983215332,58.560001373291016,59.04999923706055,5452600,CVS
2019-08-13,47.842552185058594,59.849998474121094,59.970001220703125,58.47999954223633,58.70000076293945,8243200,CVS
2019-08-14,46.81135940551758,58.560001373291016,59.4900016784668,58.459999084472656,59.33000183105469,10561400,CVS
2019-08-15,47.035179138183594,58.84000015258789,59.150001525878906,57.91999816894531,58.79999923706055,10751100,CVS
2019-08-16,48.186283111572266,60.279998779296875,60.54999923706055,59.119998931884766,59.279998779296875,9643600,CVS
2019-08-19,49.07358169555664,61.38999938964844,61.54999923706055,60.599998474121094,60.810001373291016,10072100,CVS
2019-08-20,49.2094841003418,61.560001373291016,61.869998931884766,61.06999969482422,61.2400016784668,8961400,CVS
2019-08-21,49.28142547607422,61.650001525878906,62.58000183105469,61.599998474121094,62.18000030517578,9595600,CVS
2019-08-22,49.601173400878906,62.04999923706055,62.16999816894531,61.099998474121094,61.90999984741211,6401900,CVS
2019-08-23,48.1543083190918,60.2400016784668,62.119998931884766,60.029998779296875,61.36000061035156,9353100,CVS
2019-08-26,48.569984436035156,60.7599983215332,60.9900016784668,60.279998779296875,60.79999923706055,4849400,CVS
2019-08-27,47.314964294433594,59.189998626708984,61.310001373291016,59.119998931884766,61.209999084472656,7700600,CVS
2019-08-28,47.546783447265625,59.47999954223633,59.58000183105469,58.619998931884766,59.060001373291016,7817200,CVS
2019-08-29,48.082359313964844,60.150001525878906,60.599998474121094,59.849998474121094,60.119998931884766,6784000,CVS
2019-08-30,48.69789123535156,60.91999816894531,61.150001525878906,60.2599983215332,60.66999816894531,6310300,CVS
2019-09-03,48.5140266418457,60.689998626708984,60.83000183105469,59.689998626708984,60.439998626708984,5379400,CVS
2019-09-04,49.28942108154297,61.65999984741211,61.79999923706055,61.0,61.189998626708984,5700600,CVS
2019-09-05,50.16872024536133,62.7599983215332,63.34000015258789,62.380001068115234,63.0099983215332,7892700,CVS
2019-09-06,49.74506378173828,62.22999954223633,62.970001220703125,62.0099983215332,62.7400016784668,7124800,CVS
2019-09-09,50.90415954589844,63.68000030517578,63.86000061035156,62.5099983215332,62.540000915527344,8623700,CVS
2019-09-10,50.8401985168457,63.599998474121094,64.12000274658203,62.79999923706055,63.75,10239200,CVS
2019-09-11,51.15196228027344,63.9900016784668,64.01000213623047,63.290000915527344,63.47999954223633,7314800,CVS
2019-09-12,51.080020904541016,63.900001525878906,65.25,63.63999938964844,64.94000244140625,8816700,CVS
2019-09-13,51.207916259765625,64.05999755859375,64.72000122070312,63.15999984741211,64.0999984741211,6184500,CVS
2019-09-16,50.704307556152344,63.43000030517578,63.849998474121094,63.18000030517578,63.29999923706055,4408700,CVS
2019-09-17,50.744285583496094,63.47999954223633,63.75,63.150001525878906,63.5,4652500,CVS
2019-09-18,50.56842803955078,63.2599983215332,63.540000915527344,62.7400016784668,63.220001220703125,4747100,CVS
2019-09-19,50.86418914794922,63.630001068115234,64.02999877929688,63.279998779296875,63.45000076293945,4543600,CVS
2019-09-20,51.3997688293457,64.30000305175781,64.69000244140625,64.01000213623047,64.18000030517578,10375300,CVS
2019-09-23,50.640357971191406,63.349998474121094,64.31999969482422,63.099998474121094,63.93000030517578,7360100,CVS
2019-09-24,50.304622650146484,62.93000030517578,64.19000244140625,62.66999816894531,63.54999923706055,6519500,CVS
2019-09-25,50.0328369140625,62.59000015258789,63.369998931884766,62.470001220703125,62.650001525878906,5207200,CVS
2019-09-26,49.233455657958984,61.59000015258789,62.779998779296875,60.95000076293945,62.68000030517578,7455800,CVS
2019-09-27,49.62516403198242,62.08000183105469,62.5,61.58000183105469,61.939998626708984,4938900,CVS
2019-09-30,50.41653060913086,63.06999969482422,63.439998626708984,61.77000045776367,62.11000061035156,6383400,CVS
2019-10-01,49.84098434448242,62.349998474121094,63.560001373291016,61.7599983215332,63.20000076293945,5996600,CVS
2019-10-02,49.16152572631836,61.5,62.099998474121094,60.959999084472656,61.97999954223633,6398400,CVS
2019-10-03,48.93769836425781,61.220001220703125,61.779998779296875,60.369998931884766,61.5099983215332,5800100,CVS
2019-10-04,49.7530632019043,62.2400016784668,62.31999969482422,61.130001068115234,61.150001525878906,4677400,CVS
2019-10-07,49.55322265625,61.9900016784668,62.54999923706055,61.72999954223633,62.130001068115234,4465500,CVS
2019-10-08,48.26622009277344,60.380001068115234,61.619998931884766,60.13999938964844,61.47999954223633,6950500,CVS
2019-10-09,48.60194396972656,60.79999923706055,61.34000015258789,60.61000061035156,60.86000061035156,5214900,CVS
2019-10-10,49.673118591308594,62.13999938964844,62.5,60.849998474121094,60.900001525878906,6729200,CVS
2019-10-11,50.31261444091797,62.939998626708984,63.61000061035156,62.77000045776367,62.79999923706055,6278700,CVS
2019-10-14,50.35258483886719,62.9900016784668,63.25,62.43000030517578,62.77000045776367,2934800,CVS
2019-10-15,51.82344055175781,64.83000183105469,64.97000122070312,63.47999954223633,63.47999954223633,8209600,CVS
2019-10-16,52.28707504272461,65.41000366210938,65.79000091552734,64.76000213623047,65.0,7343500,CVS
2019-10-17,53.15838623046875,66.5,66.58000183105469,65.30999755859375,65.55999755859375,8402500,CVS
2019-10-18,52.88660430908203,66.16000366210938,66.45999908447266,65.7300033569336,66.31999969482422,6249500,CVS
2019-10-21,52.51888656616211,65.69999694824219,66.77999877929688,65.61000061035156,66.62999725341797,6820700,CVS
2019-10-22,53.20634841918945,66.55999755859375,66.91999816894531,65.7300033569336,65.87999725341797,6293100,CVS
2019-10-23,52.83586883544922,65.5999984741211,66.30999755859375,65.31999969482422,66.04000091552734,4683800,CVS
2019-10-24,52.223724365234375,64.83999633789062,65.88999938964844,64.47000122070312,65.5999984741211,5562300,CVS
2019-10-25,52.433135986328125,65.0999984741211,65.61000061035156,64.37999725341797,64.63999938964844,5068400,CVS
2019-10-28,53.061370849609375,65.87999725341797,66.54000091552734,65.3499984741211,65.44999694824219,7015900,CVS
2019-10-29,53.06942367553711,65.88999938964844,66.0999984741211,64.94999694824219,65.69000244140625,6505900,CVS
2019-10-30,54.00372314453125,67.05000305175781,67.33000183105469,65.8499984741211,66.1500015258789,8032000,CVS
2019-10-31,53.47213363647461,66.38999938964844,67.0999984741211,65.72000122070312,66.80000305175781,6138500,CVS
2019-11-01,54.15674591064453,67.23999786376953,67.58999633789062,66.70999908447266,66.86000061035156,6793300,CVS
2019-11-04,54.80109405517578,68.04000091552734,68.41000366210938,67.4800033569336,67.97000122070312,8822200,CVS
2019-11-05,54.221195220947266,67.31999969482422,68.6500015258789,67.12999725341797,68.25,15587500,CVS
2019-11-06,57.128780364990234,70.93000030517578,70.94000244140625,69.30000305175781,69.43000030517578,22382100,CVS
2019-11-07,57.813377380371094,71.77999877929688,72.08999633789062,71.18000030517578,71.94000244140625,11695900,CVS
2019-11-08,58.36912155151367,72.47000122070312,72.9800033569336,71.56999969482422,71.80000305175781,9245700,CVS
2019-11-11,57.77312088012695,71.7300033569336,72.75,71.56999969482422,71.9800033569336,5057600,CVS
2019-11-12,58.27246856689453,72.3499984741211,72.47000122070312,71.0,71.55000305175781,5030400,CVS
2019-11-13,58.651031494140625,72.81999969482422,73.29000091552734,71.70999908447266,71.83000183105469,5112000,CVS
2019-11-14,58.7476806640625,72.94000244140625,73.25,72.62999725341797,72.7699966430664,4032700,CVS
2019-11-15,59.83499526977539,74.29000091552734,74.38999938964844,72.9800033569336,73.33999633789062,8767100,CVS
2019-11-18,60.487396240234375,75.0999984741211,75.12999725341797,74.11000061035156,74.1500015258789,8463700,CVS
2019-11-19,60.68874740600586,75.3499984741211,75.47000122070312,74.45999908447266,75.27999877929688,6923900,CVS
2019-11-20,60.3424186706543,74.91999816894531,75.48999786376953,74.33999633789062,75.25,6958100,CVS
2019-11-21,60.358524322509766,74.94000244140625,75.27999877929688,74.16000366210938,74.87000274658203,4339000,CVS
2019-11-22,60.656532287597656,75.30999755859375,75.69999694824219,75.08999633789062,75.27999877929688,5402100,CVS
2019-11-25,61.679420471191406,76.58000183105469,77.02999877929688,75.5,75.5,8807100,CVS
2019-11-26,60.358524322509766,74.94000244140625,76.79000091552734,74.63999938964844,76.76000213623047,10128300,CVS
2019-11-27,60.43906021118164,75.04000091552734,75.55999755859375,74.62999725341797,75.0999984741211,7823800,CVS
2019-11-29,60.62432098388672,75.2699966430664,75.4000015258789,74.43000030517578,74.69000244140625,4463600,CVS
2019-12-02,60.84982681274414,75.55000305175781,75.91000366210938,75.01000213623047,75.22000122070312,5264500,CVS
2019-12-03,60.17327880859375,74.70999908447266,74.79000091552734,73.5999984741211,74.38999938964844,6381600,CVS
2019-12-04,60.40685272216797,75.0,75.44000244140625,74.9000015258789,75.25,4958400,CVS
2019-12-05,59.9880485534668,74.4800033569336,75.08000183105469,73.88999938964844,75.05999755859375,4900300,CVS
2019-12-06,60.69680404663086,75.36000061035156,75.75,75.0,75.08000183105469,5103400,CVS
2019-12-09,60.3988037109375,74.98999786376953,75.48999786376953,74.88999938964844,75.02999877929688,4812600,CVS
2019-12-10,58.94096755981445,73.18000030517578,75.05000305175781,72.63999938964844,75.0,10942900,CVS
2019-12-11,59.0778923034668,73.3499984741211,73.75,72.83999633789062,73.06999969482422,7192500,CVS
2019-12-12,59.81083297729492,74.26000213623047,74.52999877929688,73.37999725341797,73.62999725341797,4774400,CVS
2019-12-13,59.27121353149414,73.58999633789062,74.54000091552734,73.58000183105469,74.22000122070312,3902500,CVS
2019-12-16,59.92360305786133,74.4000015258789,75.01000213623047,73.94000244140625,74.25,5511800,CVS
2019-12-17,59.0778923034668,73.3499984741211,74.44000244140625,72.80999755859375,74.38999938964844,7901200,CVS
2019-12-18,59.02151870727539,73.27999877929688,73.5999984741211,72.6500015258789,72.94000244140625,7132700,CVS
2019-12-19,59.68196105957031,74.0999984741211,74.27999877929688,73.6500015258789,73.94999694824219,6583900,CVS
2019-12-20,60.06856918334961,74.58000183105469,75.0,74.11000061035156,75.0,8571700,CVS
2019-12-23,59.907474517822266,74.37999725341797,74.94999694824219,74.31999969482422,74.54000091552734,3882500,CVS
2019-12-24,60.012203216552734,74.51000213623047,74.77999877929688,74.36000061035156,74.52999877929688,1315400,CVS
2019-12-26,59.9880485534668,74.4800033569336,74.76000213623047,74.13999938964844,74.69999694824219,2801100,CVS
2019-12-27,59.92360305786133,74.4000015258789,74.61000061035156,74.04000091552734,74.51000213623047,3543500,CVS
2019-12-30,59.35978317260742,73.69999694824219,74.52999877929688,73.61000061035156,74.2699966430664,3450800,CVS
2019-12-31,59.83499526977539,74.29000091552734,74.37000274658203,73.41999816894531,73.55999755859375,4531900,CVS
2020-01-02,59.730308532714844,74.16000366210938,74.69999694824219,73.52999877929688,74.6500015258789,5022700,CVS
2020-01-03,59.255088806152344,73.56999969482422,74.05999755859375,73.06999969482422,73.22000122070312,4453000,CVS
2020-01-06,59.488685607910156,73.86000061035156,73.94000244140625,73.05999755859375,73.12000274658203,4620700,CVS
2020-01-07,59.263153076171875,73.58000183105469,73.66999816894531,72.66000366210938,73.61000061035156,6172300,CVS
2020-01-08,58.522159576416016,72.66000366210938,73.08999633789062,71.5999984741211,72.5,8311200,CVS
2020-01-09,58.68323516845703,72.86000061035156,73.26000213623047,72.66999816894531,73.0,5426200,CVS
2020-01-10,58.07918167114258,72.11000061035156,73.36000061035156,71.81999969482422,73.30999755859375,5198600,CVS
2020-01-13,58.602691650390625,72.76000213623047,72.98999786376953,71.62999725341797,72.29000091552734,6654600,CVS
2020-01-14,59.46451950073242,73.83000183105469,73.93000030517578,72.5199966430664,72.52999877929688,6484200,CVS
2020-01-15,60.62432098388672,75.2699966430664,75.62000274658203,73.94000244140625,73.98999786376953,8102800,CVS
2020-01-16,61.252540588378906,76.05000305175781,76.16999816894531,75.27999877929688,75.62999725341797,6902300,CVS
2020-01-17,61.2283821105957,76.0199966430664,76.44000244140625,75.83000183105469,76.11000061035156,5500400,CVS
2020-01-21,60.07663345336914,74.58999633789062,76.01000213623047,74.3499984741211,76.0,8662800,CVS
2020-01-22,60.011756896972656,74.01000213623047,74.62000274658203,73.91000366210938,74.16000366210938,4201400,CVS
2020-01-23,59.62252426147461,73.52999877929688,73.87999725341797,72.4800033569336,73.76000213623047,8602500,CVS
2020-01-24,57.91972351074219,71.43000030517578,73.6500015258789,70.16999816894531,73.63999938964844,10126000,CVS
2020-01-27,57.54674530029297,70.97000122070312,71.20999908447266,69.36000061035156,69.9000015258789,6403300,CVS
2020-01-28,58.23597717285156,71.81999969482422,72.13999938964844,71.12000274658203,71.25,5039100,CVS
2020-01-29,57.2061767578125,70.55000305175781,72.11000061035156,70.44999694824219,72.11000061035156,6285200,CVS
2020-01-30,56.525062561035156,69.70999908447266,70.20999908447266,68.37999725341797,70.08999633789062,8430500,CVS
2020-01-31,54.99253463745117,67.81999969482422,69.3499984741211,67.4000015258789,69.3499984741211,9869700,CVS
2020-02-03,54.2708740234375,66.93000030517578,68.61000061035156,66.79000091552734,68.4000015258789,7694600,CVS
2020-02-04,55.04117965698242,67.87999725341797,68.45999908447266,67.30000305175781,67.30999755859375,7525100,CVS
2020-02-05,57.19806671142578,70.54000091552734,70.77999877929688,68.55999755859375,68.77999877929688,6609800,CVS
2020-02-06,57.44132614135742,70.83999633789062,71.58999633789062,70.41000366210938,71.0,6514400,CVS
2020-02-07,58.025169372558594,71.55999755859375,72.08999633789062,71.0,71.05000305175781,6611300,CVS
2020-02-10,59.39549255371094,73.25,73.33000183105469,71.26000213623047,71.55000305175781,8760200,CVS
2020-02-11,59.88203430175781,73.8499984741211,74.12999725341797,73.43000030517578,73.80999755859375,7933600,CVS
2020-02-12,59.80093765258789,73.75,75.25,72.63999938964844,74.68000030517578,13500800,CVS
2020-02-13,58.38193130493164,72.0,74.0999984741211,71.94000244140625,73.44999694824219,8553900,CVS
2020-02-14,57.87108612060547,71.37000274658203,72.02999877929688,70.2699966430664,71.9800033569336,7655100,CVS
2020-02-18,58.38193130493164,72.0,72.0,70.9000015258789,71.19000244140625,4844000,CVS
2020-02-19,58.20353698730469,71.77999877929688,72.55999755859375,71.66000366210938,72.30999755859375,4831600,CVS
2020-02-20,58.33327102661133,71.94000244140625,72.2300033569336,70.55999755859375,71.5,5719300,CVS
2020-02-21,57.98461151123047,71.51000213623047,71.80000305175781,71.01000213623047,71.55000305175781,5186200,CVS
2020-02-24,55.0736198425293,67.91999816894531,69.94000244140625,67.72000122070312,69.43000030517578,9637600,CVS
2020-02-25,52.16263961791992,64.33000183105469,68.37000274658203,64.08999633789062,68.23999786376953,15062300,CVS
2020-02-26,50.80038833618164,62.650001525878906,65.19999694824219,62.54999923706055,64.6500015258789,16872600,CVS
2020-02-27,48.10833740234375,59.33000183105469,61.5,59.33000183105469,61.5,22059900,CVS
2020-02-28,47.98670196533203,59.18000030517578,59.34000015258789,57.099998474121094,57.290000915527344,23726000,CVS
2020-03-02,51.91938018798828,64.02999877929688,64.06999969482422,59.86000061035156,60.66999816894531,15909500,CVS
2020-03-03,50.7111930847168,62.540000915527344,65.6500015258789,61.36000061035156,64.56999969482422,14989700,CVS
2020-03-04,53.54918670654297,66.04000091552734,66.9800033569336,64.83000183105469,66.5999984741211,14690700,CVS
2020-03-05,52.18695831298828,64.36000061035156,65.44000244140625,63.630001068115234,63.939998626708984,8581800,CVS
2020-03-06,52.01668167114258,64.1500015258789,65.08999633789062,62.20000076293945,62.56999969482422,11683300,CVS
2020-03-09,49.70573043823242,61.29999923706055,63.150001525878906,59.599998474121094,59.75,13484500,CVS
2020-03-10,50.75984191894531,62.599998474121094,63.36000061035156,59.060001373291016,62.7599983215332,13274300,CVS
2020-03-11,49.71383285522461,61.310001373291016,63.0,59.97999954223633,61.220001220703125,12099100,CVS
2020-03-12,44.2729606628418,54.599998474121094,57.97999954223633,53.5,57.130001068115234,16856700,CVS
2020-03-13,48.35969543457031,59.63999938964844,59.79999923706055,54.459999084472656,57.459999084472656,15473500,CVS
2020-03-16,42.407981872558594,52.29999923706055,56.88999938964844,52.209999084472656,53.68000030517578,13566000,CVS
2020-03-17,47.02988815307617,58.0,59.25,52.63999938964844,53.630001068115234,15473700,CVS
2020-03-18,46.364986419677734,57.18000030517578,59.63999938964844,53.060001373291016,54.349998474121094,17953700,CVS
2020-03-19,44.90542984008789,55.380001068115234,59.11000061035156,54.13999938964844,56.79999923706055,16247100,CVS
2020-03-20,44.35405349731445,54.70000076293945,56.779998779296875,53.529998779296875,55.810001373291016,15682300,CVS
2020-03-23,43.0485725402832,53.09000015258789,54.970001220703125,52.040000915527344,53.86000061035156,16336800,CVS
2020-03-24,44.07025146484375,54.349998474121094,55.63999938964844,52.86000061035156,55.130001068115234,19331500,CVS
2020-03-25,43.494537353515625,53.63999938964844,57.529998779296875,52.709999084472656,54.400001525878906,19601500,CVS
2020-03-26,47.281246185302734,58.310001373291016,58.45000076293945,52.279998779296875,53.650001525878906,23189500,CVS
2020-03-27,47.51639938354492,58.599998474121094,59.779998779296875,55.81999969482422,56.75,15034000,CVS
2020-03-30,48.39213943481445,59.68000030517578,60.400001525878906,57.779998779296875,58.91999816894531,12939200,CVS
2020-03-31,48.10833740234375,59.33000183105469,59.84000015258789,58.18000030517578,59.18000030517578,11018700,CVS
2020-04-01,47.305580139160156,58.34000015258789,58.869998931884766,57.20000076293945,57.75,11474400,CVS
2020-04-02,44.92975616455078,55.40999984741211,56.97999954223633,54.06999969482422,56.77000045776367,16796400,CVS
2020-04-03,45.18112564086914,55.720001220703125,56.599998474121094,54.349998474121094,55.220001220703125,8793000,CVS
2020-04-06,45.58656311035156,56.220001220703125,57.91999816894531,55.779998779296875,57.77000045776367,11833800,CVS
2020-04-07,46.113616943359375,56.869998931884766,58.52000045776367,56.15999984741211,57.900001525878906,12324100,CVS
2020-04-08,48.17319869995117,59.40999984741211,59.81999969482422,56.849998474121094,57.33000183105469,8559800,CVS
2020-04-09,49.032718658447266,60.470001220703125,61.45000076293945,59.31999969482422,59.52000045776367,9168000,CVS
2020-04-13,47.808311462402344,58.959999084472656,61.2599983215332,58.119998931884766,60.5,9990300,CVS
2020-04-14,49.91655349731445,61.560001373291016,61.66999816894531,59.66999816894531,59.880001068115234,8254200,CVS
2020-04-15,49.10567855834961,60.560001373291016,60.93000030517578,59.45000076293945,60.650001525878906,9272800,CVS
2020-04-16,50.727413177490234,62.560001373291016,62.88999938964844,60.43000030517578,60.84000015258789,11098600,CVS
2020-04-17,51.37609100341797,63.36000061035156,64.25,62.349998474121094,64.01000213623047,8006300,CVS
2020-04-20,50.54901885986328,62.34000015258789,63.689998626708984,62.15999984741211,62.75,8217900,CVS
2020-04-21,48.854312896728516,60.25,61.709999084472656,59.970001220703125,61.5099983215332,8569700,CVS
2020-04-22,49.344905853271484,60.349998474121094,60.9900016784668,60.08000183105469,60.790000915527344,5740400,CVS
2020-04-23,50.10531997680664,61.279998779296875,62.22999954223633,60.86000061035156,60.88999938964844,6053400,CVS
2020-04-24,50.94749450683594,62.310001373291016,62.70000076293945,60.97999954223633,61.34000015258789,6098000,CVS
2020-04-27,51.92049026489258,63.5,63.83000183105469,62.810001373291016,62.97999954223633,6728200,CVS
2020-04-28,51.70790481567383,63.2400016784668,65.0,62.779998779296875,65.0,7346600,CVS
2020-04-29,51.192787170410156,62.61000061035156,64.05000305175781,62.52000045776367,63.52000045776367,7689300,CVS
2020-04-30,50.32608413696289,61.54999923706055,62.68000030517578,61.40999984741211,62.349998474121094,7361400,CVS
2020-05-01,48.813438415527344,59.70000076293945,60.79999923706055,59.27000045776367,60.790000915527344,7715800,CVS
2020-05-04,49.01784896850586,59.95000076293945,60.130001068115234,58.939998626708984,59.15999984741211,6372000,CVS
2020-05-05,50.04807662963867,61.209999084472656,61.61000061035156,60.349998474121094,60.630001068115234,7846500,CVS
2020-05-06,49.39396667480469,60.40999984741211,63.4900016784668,60.2599983215332,63.43000030517578,16386000,CVS
2020-05-07,50.244319915771484,61.45000076293945,61.790000915527344,60.849998474121094,61.36000061035156,9783700,CVS
2020-05-08,51.60978317260742,63.119998931884766,63.22999954223633,61.7599983215332,62.15999984741211,7320900,CVS
2020-05-11,52.19849395751953,63.84000015258789,64.08000183105469,62.68000030517578,62.709999084472656,6912100,CVS
2020-05-12,51.797855377197266,63.349998474121094,64.56999969482422,63.04999923706055,64.19999694824219,10781900,CVS
2020-05-13,49.999027252197266,61.150001525878906,63.5,60.7599983215332,63.279998779296875,10931400,CVS
2020-05-14,50.94749450683594,62.310001373291016,62.40999984741211,60.34000015258789,62.310001373291016,8854900,CVS
2020-05-15,51.667022705078125,63.189998626708984,63.29999923706055,61.709999084472656,61.77000045776367,10420600,CVS
2020-05-18,52.108551025390625,63.72999954223633,64.86000061035156,63.66999816894531,64.47000122070312,6819400,CVS
2020-05-19,52.01043701171875,63.61000061035156,64.18000030517578,62.869998931884766,63.29999923706055,5061100,CVS
2020-05-20,51.691551208496094,63.220001220703125,64.33000183105469,62.9900016784668,64.0999984741211,7046500,CVS
2020-05-21,51.789676666259766,63.34000015258789,63.93000030517578,62.72999954223633,62.95000076293945,5484100,CVS
2020-05-22,51.781494140625,63.33000183105469,63.4900016784668,62.88999938964844,63.41999816894531,3495900,CVS
2020-05-26,52.85260772705078,64.63999938964844,65.5999984741211,64.33000183105469,64.47000122070312,7974400,CVS
2020-05-27,53.94008255004883,65.97000122070312,66.0,63.849998474121094,64.97000122070312,7118400,CVS
2020-05-28,54.422489166259766,66.55999755859375,67.7300033569336,66.41000366210938,66.69999694824219,6599500,CVS
2020-05-29,53.61302185058594,65.56999969482422,66.69999694824219,64.62000274658203,66.38999938964844,8977600,CVS
2020-06-01,53.67024612426758,65.63999938964844,65.95999908447266,65.01000213623047,65.44000244140625,5187000,CVS
2020-06-02,54.65143585205078,66.83999633789062,67.30999755859375,65.41000366210938,65.63999938964844,5463700,CVS
2020-06-03,54.65959548950195,66.8499984741211,67.68000030517578,66.23999786376953,67.13999938964844,6102400,CVS
2020-06-04,54.39796829223633,66.52999877929688,66.72000122070312,65.94999694824219,66.29000091552734,5468900,CVS
2020-06-05,55.88607406616211,68.3499984741211,69.19000244140625,67.12999725341797,67.27999877929688,8598400,CVS
2020-06-08,57.74211883544922,70.62000274658203,70.63999938964844,68.16000366210938,68.19999694824219,8556300,CVS
2020-06-09,56.720088958740234,69.37000274658203,70.29000091552734,68.9800033569336,69.87000274658203,5957100,CVS
2020-06-10,55.19925308227539,67.51000213623047,69.61000061035156,67.37999725341797,69.58000183105469,6344400,CVS
2020-06-11,51.64250183105469,63.15999984741211,66.43000030517578,62.709999084472656,66.11000061035156,11927500,CVS
2020-06-12,52.451961517333984,64.1500015258789,65.77999877929688,62.7400016784668,64.7699966430664,10345500,CVS
2020-06-15,51.773319244384766,63.31999969482422,63.779998779296875,61.81999969482422,63.029998779296875,9379400,CVS
2020-06-16,53.621212005615234,65.58000183105469,66.19000244140625,63.91999816894531,64.97000122070312,10975600,CVS
2020-06-17,53.146968841552734,65.0,66.13999938964844,64.66999816894531,66.0,7183300,CVS
2020-06-18,52.729957580566406,64.48999786376953,64.97000122070312,63.88999938964844,64.6500015258789,5852200,CVS
2020-06-19,52.729957580566406,64.48999786376953,66.0,64.11000061035156,65.91000366210938,21245800,CVS
2020-06-22,52.574615478515625,64.30000305175781,64.7300033569336,63.279998779296875,64.54000091552734,6069600,CVS
2020-06-23,52.68090057373047,64.43000030517578,65.26000213623047,64.33000183105469,64.86000061035156,5260300,CVS
2020-06-24,51.658851623535156,63.18000030517578,64.05000305175781,62.33000183105469,63.810001373291016,7164400,CVS
2020-06-25,52.345664978027344,64.0199966430664,64.19999694824219,62.41999816894531,62.70000076293945,5681400,CVS
2020-06-26,51.8796272277832,63.45000076293945,64.12000274658203,62.720001220703125,63.900001525878906,7321900,CVS
2020-06-29,52.672725677490234,64.41999816894531,65.2699966430664,63.869998931884766,64.0,7109100,CVS
2020-06-30,53.122440338134766,64.97000122070312,65.2699966430664,63.959999084472656,64.70999908447266,7036100,CVS
2020-07-01,52.787193298339844,64.55999755859375,65.5999984741211,64.48999786376953,64.97000122070312,5008000,CVS
2020-07-02,52.901668548583984,64.69999694824219,65.80000305175781,64.55999755859375,65.16000366210938,4700700,CVS
2020-07-06,53.0897331237793,64.93000030517578,65.4000015258789,64.54000091552734,65.05999755859375,5307300,CVS
2020-07-07,52.2639045715332,63.91999816894531,64.56999969482422,63.63999938964844,64.31999969482422,5845900,CVS
2020-07-08,51.626136779785156,63.13999938964844,64.12999725341797,62.43000030517578,63.79999923706055,9400300,CVS
2020-07-09,50.10531997680664,61.279998779296875,62.7400016784668,60.54999923706055,62.34000015258789,10172500,CVS
2020-07-10,51.225494384765625,62.650001525878906,62.72999954223633,61.0,61.400001525878906,9474700,CVS
2020-07-13,51.200965881347656,62.619998931884766,63.540000915527344,62.369998931884766,62.66999816894531,6745100,CVS
2020-07-14,52.08403396606445,63.70000076293945,63.900001525878906,62.20000076293945,62.41999816894531,6563300,CVS
2020-07-15,52.80354690551758,64.58000183105469,64.62999725341797,63.4900016784668,63.95000076293945,7171100,CVS
2020-07-16,53.1387825012207,64.98999786376953,65.36000061035156,64.12000274658203,64.5,5783700,CVS
2020-07-17,53.44131851196289,65.36000061035156,65.62999725341797,65.0199966430664,65.30999755859375,5120900,CVS
2020-07-20,52.2557258605957,63.90999984741211,65.47000122070312,63.75,65.33999633789062,5679800,CVS
2020-07-21,52.75449752807617,64.5199966430664,64.7699966430664,63.54999923706055,63.880001068115234,5947600,CVS
2020-07-22,52.55672836303711,63.779998779296875,64.20999908447266,63.130001068115234,64.11000061035156,4836000,CVS
2020-07-23,52.564971923828125,63.790000915527344,64.3499984741211,63.529998779296875,63.79999923706055,5138300,CVS
2020-07-24,52.194156646728516,63.34000015258789,64.98999786376953,63.0099983215332,64.27999877929688,6436800,CVS
2020-07-27,51.559654235839844,62.56999969482422,63.060001373291016,62.11000061035156,62.86000061035156,6993400,CVS
2020-07-28,52.13646697998047,63.27000045776367,63.5,62.22999954223633,62.41999816894531,5593500,CVS
2020-07-29,52.919307708740234,64.22000122070312,64.58000183105469,63.09000015258789,63.459999084472656,6376000,CVS
2020-07-30,52.73802185058594,64.0,64.1500015258789,63.279998779296875,63.65999984741211,4600800,CVS
2020-07-31,51.864540100097656,62.939998626708984,63.900001525878906,62.290000915527344,63.790000915527344,9198000,CVS
2020-08-03,52.622650146484375,63.86000061035156,64.16999816894531,63.02000045776367,63.45000076293945,6130500,CVS
2020-08-04,53.545562744140625,64.9800033569336,65.41000366210938,63.66999816894531,63.7400016784668,9482400,CVS
2020-08-05,53.067623138427734,64.4000015258789,65.5999984741211,63.900001525878906,65.54000091552734,12890100,CVS
2020-08-06,52.83689880371094,64.12000274658203,65.4000015258789,63.91999816894531,64.55000305175781,6644100,CVS
2020-08-07,53.529083251953125,64.95999908447266,64.97000122070312,63.650001525878906,63.790000915527344,6115100,CVS
2020-08-10,54.14711380004883,65.70999908447266,65.95999908447266,64.79000091552734,64.9000015258789,6516500,CVS
2020-08-11,53.77629470825195,65.26000213623047,67.16999816894531,65.06999969482422,66.30000305175781,6957500,CVS
2020-08-12,53.553802490234375,64.98999786376953,65.9800033569336,64.61000061035156,65.83000183105469,6865100,CVS
2020-08-13,53.31483459472656,64.69999694824219,64.97000122070312,64.05000305175781,64.56999969482422,6558000,CVS
2020-08-14,54.114139556884766,65.66999816894531,65.68000030517578,64.08999633789062,64.27999877929688,4920500,CVS
2020-08-17,53.479644775390625,64.9000015258789,65.87999725341797,64.87999725341797,65.8499984741211,5603800,CVS
2020-08-18,53.710365295410156,65.18000030517578,65.55999755859375,64.9000015258789,65.01000213623047,7118700,CVS
2020-08-19,53.79277038574219,65.27999877929688,65.70999908447266,64.98999786376953,65.38999938964844,5070000,CVS
2020-08-20,52.50728988647461,63.720001220703125,64.93000030517578,63.63999938964844,64.81999969482422,6035400,CVS
2020-08-21,52.68857192993164,63.939998626708984,64.12000274658203,63.43000030517578,63.70000076293945,4961700,CVS
2020-08-24,52.630889892578125,63.869998931884766,67.30000305175781,63.41999816894531,64.01000213623047,8360100,CVS
2020-08-25,52.301273345947266,63.470001220703125,64.16999816894531,63.189998626708984,64.05999755859375,4326100,CVS
2020-08-26,51.666770935058594,62.70000076293945,63.16999816894531,61.88999938964844,63.119998931884766,8198800,CVS
2020-08-27,52.235347747802734,63.38999938964844,63.61000061035156,62.27000045776367,62.630001068115234,5074000,CVS
2020-08-28,52.0870246887207,63.209999084472656,63.630001068115234,62.83000183105469,63.470001220703125,5045000,CVS
2020-08-31,51.188819885253906,62.119998931884766,63.060001373291016,62.11000061035156,62.459999084472656,8171400,CVS
2020-09-01,49.672611236572266,60.279998779296875,62.040000915527344,59.95000076293945,62.0099983215332,12370500,CVS
2020-09-02,50.19174575805664,60.90999984741211,61.31999969482422,60.18000030517578,60.29999923706055,15721300,CVS
2020-09-03,49.81270217895508,60.45000076293945,61.9900016784668,60.040000915527344,61.380001068115234,8928900,CVS
2020-09-04,49.639652252197266,60.2400016784668,60.79999923706055,59.290000915527344,60.45000076293945,8655200,CVS
2020-09-08,49.054595947265625,59.529998779296875,60.810001373291016,59.279998779296875,60.43000030517578,7801500,CVS
2020-09-09,49.054595947265625,59.529998779296875,60.13999938964844,59.209999084472656,59.689998626708984,6259300,CVS
2020-09-10,47.7938232421875,58.0,59.650001525878906,57.959999084472656,59.439998626708984,10105400,CVS
2020-09-11,47.29940414428711,57.400001525878906,58.13999938964844,57.060001373291016,58.130001068115234,11597100,CVS
2020-09-14,47.769107818603516,57.970001220703125,58.209999084472656,57.54999923706055,57.630001068115234,12955200,CVS
2020-09-15,46.96978759765625,57.0,58.61000061035156,56.9900016784668,58.0,10139200,CVS
2020-09-16,47.36532211303711,57.47999954223633,57.849998474121094,56.099998474121094,57.20000076293945,15419400,CVS
2020-09-17,48.131675720214844,58.40999984741211,58.68000030517578,56.81999969482422,57.099998474121094,12278700,CVS
2020-09-18,49.087547302246094,59.56999969482422,59.77000045776367,57.880001068115234,58.5099983215332,13532300,CVS
2020-09-21,48.51073455810547,58.869998931884766,59.0099983215332,57.959999084472656,58.849998474121094,9784500,CVS
2020-09-22,47.9091911315918,58.13999938964844,59.22999954223633,58.09000015258789,58.810001373291016,6906400,CVS
2020-09-23,47.29940414428711,57.400001525878906,58.380001068115234,57.369998931884766,58.15999984741211,6726000,CVS
2020-09-24,46.7308235168457,56.709999084472656,57.599998474121094,56.349998474121094,57.18000030517578,6960900,CVS
2020-09-25,47.233482360839844,57.31999969482422,57.43000030517578,56.11000061035156,56.310001373291016,4911400,CVS
2020-09-28,47.744384765625,57.939998626708984,58.599998474121094,57.599998474121094,57.599998474121094,5304900,CVS
2020-09-29,47.41476821899414,57.540000915527344,57.95000076293945,57.04999923706055,57.95000076293945,5779900,CVS
2020-09-30,48.12343978881836,58.400001525878906,59.099998474121094,57.599998474121094,57.63999938964844,8156400,CVS
2020-10-01,47.6619758605957,57.84000015258789,58.66999816894531,57.36000061035156,58.43000030517578,7559200,CVS
2020-10-02,47.65373611450195,57.83000183105469,58.689998626708984,56.91999816894531,57.09000015258789,7143300,CVS
2020-10-05,48.576656341552734,58.95000076293945,58.970001220703125,58.189998626708984,58.2599983215332,5168900,CVS
2020-10-06,47.98335266113281,58.22999954223633,59.52000045776367,58.15999984741211,59.11000061035156,5708000,CVS
2020-10-07,48.96395492553711,59.41999816894531,59.97999954223633,58.560001373291016,58.599998474121094,6061400,CVS
2020-10-08,49.829185485839844,60.470001220703125,60.5,59.33000183105469,59.630001068115234,4894100,CVS
2020-10-09,48.947471618652344,59.400001525878906,60.79999923706055,59.209999084472656,60.79999923706055,5698900,CVS
2020-10-12,49.21115493774414,59.720001220703125,60.220001220703125,59.27000045776367,59.5,5806900,CVS
2020-10-13,48.71673583984375,59.119998931884766,59.95000076293945,58.95000076293945,59.400001525878906,5700200,CVS
2020-10-14,48.214080810546875,58.5099983215332,59.34000015258789,58.439998626708984,58.939998626708984,6191700,CVS
2020-10-15,48.88154220581055,59.31999969482422,59.33000183105469,57.90999984741211,58.08000183105469,8205000,CVS
2020-10-16,49.104034423828125,59.59000015258789,59.86000061035156,58.900001525878906,59.369998931884766,6816100,CVS
2020-10-19,48.43656539916992,58.779998779296875,60.439998626708984,58.709999084472656,60.060001373291016,6983900,CVS
2020-10-20,48.97218322753906,59.43000030517578,59.869998931884766,58.459999084472656,59.040000915527344,7590600,CVS
2020-10-21,49.22149658203125,59.22999954223633,59.619998931884766,58.61000061035156,58.619998931884766,5385300,CVS
2020-10-22,49.42924880981445,59.47999954223633,59.529998779296875,58.619998931884766,59.13999938964844,5722500,CVS
2020-10-23,50.06913757324219,60.25,60.599998474121094,59.689998626708984,59.779998779296875,6810100,CVS
2020-10-26,49.495731353759766,59.560001373291016,59.97999954223633,58.66999816894531,59.90999984741211,7551500,CVS
2020-10-27,48.323997497558594,58.150001525878906,59.2599983215332,58.11000061035156,59.119998931884766,5415000,CVS
2020-10-28,47.01096725463867,56.56999969482422,57.939998626708984,56.439998626708984,57.36000061035156,10660200,CVS
2020-10-29,46.4791259765625,55.93000030517578,56.66999816894531,55.36000061035156,56.459999084472656,9757900,CVS
2020-10-30,46.612083435058594,56.09000015258789,56.310001373291016,55.400001525878906,55.93000030517578,8663100,CVS
2020-11-02,48.26582717895508,58.08000183105469,58.22999954223633,56.189998626708984,56.869998931884766,9437900,CVS
2020-11-03,49.40432357788086,59.45000076293945,60.08000183105469,58.400001525878906,58.459999084472656,7153900,CVS
2020-11-04,50.16886520385742,60.369998931884766,61.959999084472656,60.22999954223633,61.25,11190800,CVS
2020-11-05,51.03312301635742,61.40999984741211,62.61000061035156,61.029998779296875,61.36000061035156,10069400,CVS
2020-11-06,53.974952697753906,64.94999694824219,67.33000183105469,63.02000045776367,63.04999923706055,24526900,CVS
2020-11-09,56.118995666503906,67.52999877929688,69.62999725341797,65.77999877929688,69.0,15696400,CVS
2020-11-10,58.362762451171875,70.2300033569336,70.6500015258789,68.0,68.44999694824219,15038800,CVS
2020-11-11,57.7644157409668,69.51000213623047,71.01000213623047,69.44999694824219,70.0999984741211,9628000,CVS
2020-11-12,57.66468811035156,69.38999938964844,69.9000015258789,68.44000244140625,69.0,6066400,CVS
2020-11-13,59.00263214111328,71.0,71.18000030517578,69.08000183105469,69.70999908447266,6722000,CVS
2020-11-16,61.05524444580078,73.47000122070312,74.05999755859375,72.47000122070312,73.58999633789062,13265600,CVS
2020-11-17,55.794891357421875,67.13999938964844,68.72000122070312,66.6500015258789,68.25,34429700,CVS
2020-11-18,55.138370513916016,66.3499984741211,68.2699966430664,66.29000091552734,67.5,11674600,CVS
2020-11-19,54.897377014160156,66.05999755859375,66.48999786376953,65.18000030517578,66.0199966430664,11656400,CVS
2020-11-20,55.17162322998047,66.38999938964844,66.87000274658203,65.81999969482422,65.9000015258789,8822500,CVS
2020-11-23,55.4957160949707,66.77999877929688,67.4800033569336,66.4000015258789,66.87000274658203,5889100,CVS
2020-11-24,56.866912841796875,68.43000030517578,68.83000183105469,66.7300033569336,67.26000213623047,8312200,CVS
2020-11-25,56.20206832885742,67.62999725341797,68.4000015258789,67.08000183105469,68.33000183105469,6789100,CVS
2020-11-27,56.40153121948242,67.87000274658203,68.16000366210938,67.4800033569336,67.70999908447266,2803700,CVS
2020-11-30,56.335052490234375,67.79000091552734,68.08999633789062,67.19999694824219,67.80999755859375,8242600,CVS
2020-12-01,56.12728500366211,67.54000091552734,69.33000183105469,67.36000061035156,68.38999938964844,8233200,CVS
2020-12-02,57.8641357421875,69.62999725341797,70.29000091552734,67.44999694824219,67.55000305175781,8138500,CVS
2020-12-03,60.26580047607422,72.5199966430664,72.62999725341797,69.2300033569336,69.70999908447266,13270200,CVS
2020-12-04,61.911216735839844,74.5,74.5199966430664,72.56999969482422,72.72000122070312,11964700,CVS
2020-12-07,61.18821716308594,73.62999725341797,74.63999938964844,72.43000030517578,74.2300033569336,6868000,CVS
2020-12-08,61.37936019897461,73.86000061035156,73.94000244140625,72.62000274658203,72.7300033569336,6044200,CVS
2020-12-09,61.105125427246094,73.52999877929688,74.44000244140625,72.86000061035156,74.37999725341797,6825900,CVS
2020-12-10,60.0081672668457,72.20999908447266,73.16000366210938,72.08000183105469,72.7699966430664,6003100,CVS
2020-12-11,59.4846305847168,71.58000183105469,72.11000061035156,70.6500015258789,72.0,6515800,CVS
2020-12-14,57.93893051147461,69.72000122070312,72.33000183105469,69.68000030517578,72.30999755859375,7157600,CVS
2020-12-15,58.08020782470703,69.88999938964844,70.19000244140625,68.80000305175781,70.08000183105469,7808700,CVS
2020-12-16,57.60651397705078,69.31999969482422,69.62999725341797,68.3499984741211,69.1500015258789,7380700,CVS
2020-12-17,57.830894470214844,69.58999633789062,69.88999938964844,68.69000244140625,69.44999694824219,7497600,CVS
2020-12-18,57.79765319824219,69.55000305175781,69.79000091552734,68.81999969482422,69.73999786376953,12530500,CVS
2020-12-21,57.099578857421875,68.70999908447266,68.95999908447266,67.95999908447266,68.69999694824219,6988400,CVS
2020-12-22,55.86137008666992,67.22000122070312,68.55000305175781,67.05999755859375,68.43000030517578,5685000,CVS
2020-12-23,56.517879486083984,68.01000213623047,68.4800033569336,67.48999786376953,67.52999877929688,4924100,CVS
2020-12-24,56.484649658203125,67.97000122070312,68.16999816894531,67.48999786376953,68.16999816894531,2117600,CVS
2020-12-28,56.57603454589844,68.08000183105469,68.98999786376953,67.72000122070312,68.23999786376953,4818200,CVS
2020-12-29,56.426456451416016,67.9000015258789,69.30999755859375,67.72000122070312,68.4000015258789,4389800,CVS
2020-12-30,56.30181884765625,67.75,68.08999633789062,67.43000030517578,68.08000183105469,4967300,CVS
2020-12-31,56.75886917114258,68.30000305175781,68.41000366210938,67.08000183105469,67.69999694824219,5386900,CVS
2021-01-04,58.16330337524414,69.98999786376953,70.29000091552734,68.12999725341797,68.68000030517578,11367200,CVS
2021-01-05,58.553890228271484,70.45999908447266,71.0199966430664,69.37999725341797,70.33000183105469,8012200,CVS
2021-01-06,60.29902267456055,72.55999755859375,73.02999877929688,69.94999694824219,70.0,10142400,CVS
2021-01-07,61.487403869628906,73.98999786376953,74.41999816894531,72.27999877929688,73.05000305175781,7962300,CVS
2021-01-08,62.210391998291016,74.86000061035156,76.33000183105469,74.41999816894531,75.0,11254700,CVS
2021-01-11,63.215919494628906,76.06999969482422,76.4800033569336,74.25,74.25,6675000,CVS
2021-01-12,63.37382125854492,76.26000213623047,77.2300033569336,75.54000091552734,76.04000091552734,5641300,CVS
2021-01-13,62.26022720336914,74.91999816894531,76.12000274658203,74.5199966430664,75.94999694824219,6223800,CVS
2021-01-14,62.368282318115234,75.05000305175781,75.68000030517578,74.33999633789062,75.0,5088100,CVS
2021-01-15,63.37382125854492,76.26000213623047,76.44999694824219,74.8499984741211,75.0199966430664,8110300,CVS
2021-01-19,62.65913009643555,75.4000015258789,77.0,75.30999755859375,77.0,5919000,CVS
2021-01-20,62.534488677978516,75.25,75.45999908447266,74.58999633789062,75.41999816894531,4764400,CVS
2021-01-21,61.97397232055664,74.08000183105469,74.86000061035156,73.54000091552734,74.69999694824219,5029500,CVS
2021-01-22,62.00743865966797,74.12000274658203,74.30000305175781,73.0199966430664,73.7300033569336,4183600,CVS
2021-01-25,61.24614715576172,73.20999908447266,73.52999877929688,72.16000366210938,73.5,7554800,CVS
2021-01-26,62.09947204589844,74.2300033569336,74.37999725341797,73.27999877929688,73.37000274658203,4667600,CVS
2021-01-27,60.58525085449219,72.41999816894531,74.19000244140625,72.19000244140625,73.52999877929688,6279800,CVS
2021-01-28,60.74420166015625,72.61000061035156,73.79000091552734,72.22000122070312,72.44000244140625,5020000,CVS
2021-01-29,59.941070556640625,71.6500015258789,73.30000305175781,71.04000091552734,72.5199966430664,6469500,CVS
2021-02-01,59.782135009765625,71.45999908447266,72.47000122070312,71.33999633789062,72.08000183105469,5207100,CVS
2021-02-02,60.091670989990234,71.83000183105469,72.6500015258789,71.19999694824219,71.69999694824219,5543900,CVS
2021-02-03,61.27125930786133,73.23999786376953,73.66999816894531,71.33999633789062,71.73999786376953,6128200,CVS
2021-02-04,61.07046127319336,73.0,74.04000091552734,72.79000091552734,73.4000015258789,8117500,CVS
2021-02-05,60.38447952270508,72.18000030517578,73.36000061035156,71.93000030517578,73.2300033569336,6421800,CVS
2021-02-08,61.05374526977539,72.9800033569336,72.98999786376953,72.16999816894531,72.47000122070312,5826900,CVS
2021-02-09,61.48039245605469,73.48999786376953,74.13999938964844,72.8499984741211,73.23999786376953,8100200,CVS
2021-02-10,61.76484298706055,73.83000183105469,74.16000366210938,72.80999755859375,73.94999694824219,4752800,CVS
2021-02-11,61.57241439819336,73.5999984741211,74.08000183105469,72.91999816894531,74.0,4725500,CVS
2021-02-12,62.082733154296875,74.20999908447266,74.55999755859375,73.54000091552734,73.56999969482422,5870600,CVS
2021-02-16,59.00410842895508,70.52999877929688,75.38999938964844,70.19000244140625,75.2699966430664,18932600,CVS
2021-02-17,60.827877044677734,72.70999908447266,72.8499984741211,70.12000274658203,70.25,13280300,CVS
2021-02-18,59.83232498168945,71.5199966430664,72.97000122070312,71.31999969482422,72.6500015258789,7328800,CVS
2021-02-19,58.91210174560547,70.41999816894531,71.41999816894531,70.29000091552734,71.4000015258789,6530800,CVS
2021-02-22,58.96228790283203,70.4800033569336,70.63999938964844,69.37000274658203,70.30000305175781,6054900,CVS
2021-02-23,58.259559631347656,69.63999938964844,70.80000305175781,69.45999908447266,69.72000122070312,8150600,CVS
2021-02-24,58.89535903930664,70.4000015258789,70.54000091552734,69.38999938964844,69.88999938964844,5826100,CVS
2021-02-25,58.000221252441406,69.33000183105469,70.6500015258789,69.16000366210938,69.9800033569336,5243400,CVS
2021-02-26,56.99631118774414,68.12999725341797,69.33000183105469,68.0199966430664,69.2699966430664,10227500,CVS
2021-03-01,57.95838928222656,69.27999877929688,69.56999969482422,68.26000213623047,68.41999816894531,5656500,CVS
2021-03-02,57.6739616394043,68.94000244140625,69.63999938964844,68.87000274658203,69.48999786376953,5251800,CVS
2021-03-03,57.74923324584961,69.02999877929688,69.51000213623047,68.27999877929688,68.97000122070312,6192100,CVS
2021-03-04,57.866363525390625,69.16999816894531,70.04000091552734,68.41999816894531,68.95999908447266,7396700,CVS
2021-03-05,59.087772369384766,70.62999725341797,70.94999694824219,69.16000366210938,69.4000015258789,8295600,CVS
2021-03-08,60.00800323486328,71.7300033569336,72.54000091552734,70.77999877929688,71.29000091552734,9007400,CVS
2021-03-09,59.589725494384766,71.2300033569336,73.05000305175781,71.18000030517578,72.3499984741211,8697300,CVS
2021-03-10,60.819488525390625,72.69999694824219,73.08999633789062,71.12999725341797,71.70999908447266,7402200,CVS
2021-03-11,60.52669143676758,72.3499984741211,73.43000030517578,72.31999969482422,72.94999694824219,5536100,CVS
2021-03-12,61.84014129638672,73.91999816894531,74.05000305175781,72.5,72.69000244140625,6286700,CVS
2021-03-15,62.718536376953125,74.97000122070312,75.20999908447266,73.58000183105469,73.88999938964844,7139500,CVS
2021-03-16,62.80218505859375,75.06999969482422,75.25,74.1500015258789,75.0,5756300,CVS
2021-03-17,61.91541290283203,74.01000213623047,74.38999938964844,72.87999725341797,73.73999786376953,7926700,CVS
2021-03-18,62.30861282348633,74.4800033569336,75.29000091552734,73.80999755859375,74.01000213623047,6860600,CVS
2021-03-19,61.22104263305664,73.18000030517578,74.6500015258789,73.16999816894531,74.5,10427000,CVS
2021-03-22,61.46367645263672,73.47000122070312,73.56999969482422,72.3499984741211,72.91999816894531,6819600,CVS
2021-03-23,60.15022277832031,71.9000015258789,73.44000244140625,71.80000305175781,73.11000061035156,7192300,CVS
2021-03-24,61.24614715576172,73.20999908447266,74.30000305175781,71.69999694824219,72.12000274658203,7555500,CVS
2021-03-25,61.96561050415039,74.06999969482422,74.25,72.29000091552734,73.25,5506800,CVS
2021-03-26,63.546756744384766,75.95999908447266,76.0,74.12000274658203,74.36000061035156,9051200,CVS
2021-03-29,63.83116912841797,76.30000305175781,76.87000274658203,75.51000213623047,75.69999694824219,6135800,CVS
2021-03-30,63.64715576171875,76.08000183105469,76.80999755859375,75.7300033569336,76.16999816894531,5733000,CVS
2021-03-31,62.9360466003418,75.2300033569336,76.16999816894531,75.19999694824219,75.95999908447266,6320500,CVS
2021-04-01,62.158023834228516,74.30000305175781,75.30000305175781,73.91000366210938,75.2300033569336,6965300,CVS
2021-04-05,62.777095794677734,75.04000091552734,75.4000015258789,74.12999725341797,74.16999816894531,6063800,CVS
2021-04-06,62.42573547363281,74.62000274658203,75.18000030517578,74.37999725341797,75.18000030517578,6746500,CVS
2021-04-07,62.31696701049805,74.48999786376953,74.91999816894531,74.13999938964844,74.87000274658203,5137400,CVS
2021-04-08,61.73136520385742,73.79000091552734,74.36000061035156,73.61000061035156,74.30000305175781,5180100,CVS
2021-04-09,61.96561050415039,74.06999969482422,74.19999694824219,73.58999633789062,74.0,4662700,CVS
2021-04-12,62.29185104370117,74.45999908447266,74.93000030517578,74.25,74.33000183105469,4233400,CVS
2021-04-13,61.92376708984375,74.0199966430664,74.3499984741211,73.30000305175781,74.05999755859375,3934100,CVS
2021-04-14,62.81057357788086,75.08000183105469,75.18000030517578,73.9800033569336,74.0,3968700,CVS
2021-04-15,63.39615249633789,75.77999877929688,76.0,74.63999938964844,75.26000213623047,5037700,CVS
2021-04-16,63.47982406616211,75.87999725341797,76.19999694824219,75.55999755859375,76.1500015258789,8513900,CVS
2021-04-19,63.37107467651367,75.75,76.72000122070312,75.41000366210938,76.18000030517578,6666900,CVS
2021-04-20,63.50494384765625,75.91000366210938,76.19999694824219,75.33999633789062,75.7300033569336,7660800,CVS
2021-04-21,64.16581726074219,76.69999694824219,77.44000244140625,76.1500015258789,76.22000122070312,6222800,CVS
2021-04-22,64.14898681640625,76.18000030517578,76.44000244140625,75.23999786376953,76.30999755859375,5641900,CVS
2021-04-23,64.03950500488281,76.05000305175781,76.41999816894531,75.2699966430664,75.93000030517578,4196800,CVS
2021-04-26,63.78689193725586,75.75,76.30000305175781,75.5999984741211,76.19999694824219,5617600,CVS
2021-04-27,63.24795913696289,75.11000061035156,75.69999694824219,74.97000122070312,75.4800033569336,3766500,CVS
2021-04-28,63.49217987060547,75.4000015258789,75.93000030517578,75.22000122070312,75.41000366210938,3581200,CVS
2021-04-29,64.30897521972656,76.37000274658203,76.48999786376953,75.66999816894531,75.79000091552734,5086300,CVS
2021-04-30,64.334228515625,76.4000015258789,77.12999725341797,76.2300033569336,76.44000244140625,6153400,CVS
2021-05-03,65.4205093383789,77.69000244140625,78.22000122070312,76.69999694824219,77.0,9558600,CVS
2021-05-04,68.3088150024414,81.12000274658203,81.3499984741211,78.75,79.0,19634100,CVS
2021-05-05,69.92559814453125,83.04000091552734,83.30000305175781,80.41999816894531,81.5,15365700,CVS
2021-05-06,70.48137664794922,83.69999694824219,83.75,81.76000213623047,82.63999938964844,9412600,CVS
2021-05-07,71.66867065429688,85.11000061035156,85.3499984741211,83.70999908447266,83.91999816894531,8206300,CVS
2021-05-10,72.29180145263672,85.8499984741211,87.18000030517578,85.43000030517578,85.61000061035156,7926700,CVS
2021-05-11,71.0455551147461,84.37000274658203,86.01000213623047,84.05000305175781,85.52999877929688,7935100,CVS
2021-05-12,70.21189880371094,83.37999725341797,85.33000183105469,83.23999786376953,84.61000061035156,6437300,CVS
2021-05-13,70.9613265991211,84.2699966430664,84.79000091552734,83.12000274658203,83.61000061035156,4612100,CVS
2021-05-14,71.01185607910156,84.33000183105469,84.73999786376953,84.01000213623047,84.62999725341797,5738800,CVS
2021-05-17,71.20551300048828,84.55999755859375,85.19999694824219,84.11000061035156,84.11000061035156,4472900,CVS
2021-05-18,74.61592102050781,88.61000061035156,88.6500015258789,85.97000122070312,86.47000122070312,17674500,CVS
2021-05-19,75.12117004394531,89.20999908447266,90.08999633789062,87.66999816894531,88.5,20077300,CVS
2021-05-20,75.00326538085938,89.06999969482422,89.80000305175781,88.36000061035156,89.22000122070312,9058700,CVS
2021-05-21,75.62640380859375,89.80999755859375,90.19999694824219,89.11000061035156,89.29000091552734,8361500,CVS
2021-05-24,75.54220581054688,89.70999908447266,90.61000061035156,89.63999938964844,90.05999755859375,5639700,CVS
2021-05-25,74.69171905517578,88.69999694824219,89.81999969482422,88.62000274658203,89.70999908447266,5894700,CVS
2021-05-26,73.5296401977539,87.31999969482422,88.9000015258789,85.2699966430664,88.6500015258789,14402300,CVS
2021-05-27,72.77177429199219,86.41999816894531,88.08000183105469,86.12000274658203,87.77999877929688,8985300,CVS
2021-05-28,72.78864288330078,86.44000244140625,87.30000305175781,86.37999725341797,86.68000030517578,6810000,CVS
2021-06-01,72.30864715576172,85.87000274658203,86.56999969482422,85.2699966430664,86.5,6109800,CVS
2021-06-02,72.40971374511719,85.98999786376953,86.4800033569336,85.70999908447266,86.31999969482422,4105000,CVS
2021-06-03,73.31071472167969,87.05999755859375,87.30000305175781,85.66000366210938,85.98999786376953,4679900,CVS
2021-06-04,72.81390380859375,86.47000122070312,87.11000061035156,86.19999694824219,87.05999755859375,4606700,CVS
2021-06-07,72.69599914550781,86.33000183105469,87.12999725341797,86.19000244140625,86.6500015258789,3952400,CVS
2021-06-08,72.25812530517578,85.80999755859375,86.12000274658203,85.12999725341797,86.05999755859375,4270300,CVS
2021-06-09,71.533935546875,84.94999694824219,86.25,84.83000183105469,85.7699966430664,5782500,CVS
2021-06-10,71.99710083007812,85.5,86.05999755859375,85.29000091552734,85.51000213623047,4690400,CVS
2021-06-11,71.9718246459961,85.47000122070312,86.12999725341797,85.23999786376953,85.8499984741211,2697900,CVS
2021-06-14,71.25605010986328,84.62000274658203,85.19000244140625,83.55999755859375,85.16999816894531,5089600,CVS
2021-06-15,71.91285705566406,85.4000015258789,86.11000061035156,84.4800033569336,85.16000366210938,5473300,CVS
2021-06-16,71.35710144042969,84.73999786376953,86.13999938964844,84.66000366210938,85.5,5721300,CVS
2021-06-17,70.92765045166016,84.2300033569336,85.08999633789062,83.66999816894531,85.05000305175781,4943100,CVS
2021-06-18,69.38665771484375,82.4000015258789,83.69000244140625,82.33000183105469,83.5199966430664,8800800,CVS
2021-06-21,70.75080108642578,84.0199966430664,84.2300033569336,82.44000244140625,82.61000061035156,4531800,CVS
2021-06-22,70.573974609375,83.80999755859375,84.36000061035156,83.58000183105469,84.0199966430664,3550400,CVS
2021-06-23,70.50662994384766,83.7300033569336,84.2300033569336,83.26000213623047,83.79000091552734,3396300,CVS
2021-06-24,70.54029846191406,83.7699966430664,83.98999786376953,82.80999755859375,83.9000015258789,4867000,CVS
2021-06-25,70.80133819580078,84.08000183105469,84.75,83.77999877929688,84.0,3743900,CVS
2021-06-28,70.83502197265625,84.12000274658203,84.2300033569336,83.11000061035156,83.66999816894531,4194700,CVS
2021-06-29,70.30451965332031,83.48999786376953,85.12999725341797,83.41000366210938,84.62000274658203,4926800,CVS
2021-06-30,70.2624282836914,83.44000244140625,83.68000030517578,82.83999633789062,83.26000213623047,5038900,CVS
2021-07-01,69.2350845336914,82.22000122070312,83.7300033569336,81.95999908447266,83.70999908447266,9737600,CVS
2021-07-02,69.41193389892578,82.43000030517578,82.72000122070312,81.45999908447266,82.16000366210938,5591400,CVS
2021-07-06,68.35932922363281,81.18000030517578,82.12999725341797,80.25,82.12999725341797,6544400,CVS
2021-07-07,68.49407958984375,81.33999633789062,82.37999725341797,80.44000244140625,80.95999908447266,6878900,CVS
2021-07-08,67.55094909667969,80.22000122070312,80.87000274658203,79.77999877929688,80.58999633789062,5417000,CVS
2021-07-09,68.47721862792969,81.31999969482422,81.68000030517578,80.87000274658203,80.91000366210938,3471900,CVS
2021-07-12,68.89826202392578,81.81999969482422,82.11000061035156,80.43000030517578,80.88999938964844,4014200,CVS
2021-07-13,68.7635498046875,81.66000366210938,82.33999633789062,81.5199966430664,82.01000213623047,3083400,CVS
2021-07-14,69.40350341796875,82.41999816894531,82.69000244140625,81.55999755859375,81.94999694824219,6308200,CVS
2021-07-15,69.1087646484375,82.06999969482422,82.37000274658203,81.51000213623047,81.76000213623047,3622600,CVS
2021-07-16,68.81404876708984,81.72000122070312,82.51000213623047,81.43000030517578,82.18000030517578,5462600,CVS
2021-07-19,67.92986297607422,80.66999816894531,81.55000305175781,79.55999755859375,81.12000274658203,5135300,CVS
2021-07-20,68.88140869140625,81.80000305175781,82.88999938964844,80.80000305175781,80.88999938964844,6382500,CVS
2021-07-21,69.94242095947266,83.05999755859375,83.2300033569336,82.05000305175781,82.44000244140625,6804500,CVS
2021-07-22,70.00173950195312,82.62999725341797,82.81999969482422,81.93000030517578,82.70999908447266,4675000,CVS
2021-07-23,70.5439224243164,83.2699966430664,83.62999725341797,82.79000091552734,83.0,4090800,CVS
2021-07-26,70.20504760742188,82.87000274658203,84.27999877929688,82.72000122070312,83.43000030517578,4784100,CVS
2021-07-27,70.85738372802734,83.63999938964844,83.69999694824219,82.30999755859375,82.55000305175781,4298000,CVS
2021-07-28,70.56935119628906,83.30000305175781,83.7300033569336,82.5,83.62999725341797,3281900,CVS
2021-07-29,70.36602783203125,83.05999755859375,84.1500015258789,82.80000305175781,83.98999786376953,4284700,CVS
2021-07-30,69.77299499511719,82.36000061035156,83.47000122070312,82.12999725341797,82.95999908447266,5996300,CVS
2021-08-02,69.81536102294922,82.41000366210938,82.91999816894531,82.0199966430664,82.36000061035156,4679000,CVS
2021-08-03,71.16234588623047,84.0,84.16999816894531,81.63999938964844,82.76000213623047,7620300,CVS
2021-08-04,69.0867919921875,81.55000305175781,83.19999694824219,80.01000213623047,80.25,14338400,CVS
2021-08-05,67.81602478027344,80.05000305175781,81.75,79.33000183105469,81.36000061035156,11322500,CVS
2021-08-06,68.83263397216797,81.25,81.7300033569336,80.1500015258789,80.5199966430664,7020900,CVS
2021-08-09,69.1715087890625,81.6500015258789,81.91999816894531,80.81999969482422,81.19999694824219,4570300,CVS
2021-08-10,70.51850128173828,83.23999786376953,83.30999755859375,81.2300033569336,81.6500015258789,5908400,CVS
2021-08-11,71.9671630859375,84.94999694824219,85.1500015258789,83.55999755859375,83.55999755859375,7758200,CVS
2021-08-12,72.12812805175781,85.13999938964844,85.5,84.19999694824219,85.20999908447266,6540500,CVS
2021-08-13,71.46733856201172,84.36000061035156,85.48999786376953,84.2300033569336,85.25,3659700,CVS
2021-08-16,72.33992004394531,85.38999938964844,85.5,83.87000274658203,84.2699966430664,4502400,CVS
2021-08-17,73.25487518310547,86.47000122070312,86.7300033569336,85.05000305175781,85.12000274658203,6132600,CVS
2021-08-18,71.66217803955078,84.58999633789062,86.52999877929688,84.52999877929688,86.29000091552734,4501600,CVS
2021-08-19,71.3572006225586,84.2300033569336,84.93000030517578,83.52999877929688,83.95999908447266,5192200,CVS
2021-08-20,71.88245391845703,84.8499984741211,84.97000122070312,83.73999786376953,84.0999984741211,3992700,CVS
2021-08-23,71.67064666748047,84.5999984741211,85.83999633789062,84.51000213623047,85.38999938964844,3708400,CVS
2021-08-24,71.00138092041016,83.80999755859375,84.51000213623047,83.77999877929688,84.48999786376953,3269900,CVS
2021-08-25,70.79808044433594,83.56999969482422,84.19000244140625,82.95999908447266,83.58000183105469,3158500,CVS
2021-08-26,70.34058380126953,83.02999877929688,83.79000091552734,82.48999786376953,83.79000091552734,3914400,CVS
2021-08-27,70.91667938232422,83.70999908447266,83.77999877929688,83.04000091552734,83.31999969482422,3903100,CVS
2021-08-30,71.67064666748047,84.5999984741211,84.69000244140625,83.41000366210938,83.94000244140625,5480000,CVS
2021-08-31,73.18708038330078,86.38999938964844,86.87999725341797,84.61000061035156,84.7699966430664,8277300,CVS
2021-09-01,72.61100006103516,85.70999908447266,86.20999908447266,83.88999938964844,86.0999984741211,6689100,CVS
2021-09-02,73.66997528076172,86.95999908447266,87.5,85.7300033569336,85.75,5223300,CVS
2021-09-03,74.1020278930664,87.47000122070312,87.79000091552734,86.62999725341797,87.11000061035156,4936900,CVS
2021-09-07,73.3480453491211,86.58000183105469,87.4000015258789,85.86000061035156,87.19999694824219,4626200,CVS
2021-09-08,73.04307556152344,86.22000122070312,86.62000274658203,85.29000091552734,86.33999633789062,3553200,CVS
2021-09-09,72.35688018798828,85.41000366210938,86.04000091552734,85.20999908447266,85.91999816894531,4076300,CVS
2021-09-10,70.98445892333984,83.79000091552734,85.80999755859375,83.36000061035156,85.80000305175781,6454400,CVS
2021-09-13,71.59441375732422,84.51000213623047,85.19000244140625,84.0199966430664,84.13999938964844,4495200,CVS
2021-09-14,71.06916809082031,83.88999938964844,85.06999969482422,83.68000030517578,85.05000305175781,3882400,CVS
2021-09-15,72.46699523925781,85.54000091552734,85.9800033569336,83.66000366210938,83.86000061035156,6352400,CVS
2021-09-16,72.30604553222656,85.3499984741211,86.33000183105469,84.56999969482422,85.9800033569336,4169200,CVS
2021-09-17,72.44158935546875,85.51000213623047,85.83000183105469,84.83999633789062,84.98999786376953,8731800,CVS
2021-09-20,71.65371704101562,84.58000183105469,85.44999694824219,83.56999969482422,84.62999725341797,5337000,CVS
2021-09-21,71.1030502319336,83.93000030517578,85.62000274658203,83.83999633789062,84.94999694824219,5052900,CVS
2021-09-22,71.04374694824219,83.86000061035156,84.88999938964844,83.80999755859375,84.5199966430664,3919200,CVS
2021-09-23,71.89092254638672,84.86000061035156,85.62000274658203,83.87000274658203,84.13999938964844,3875700,CVS
2021-09-24,71.76385498046875,84.70999908447266,85.33999633789062,84.5,84.98999786376953,2888300,CVS
2021-09-27,72.63642120361328,85.73999786376953,86.44000244140625,84.51000213623047,84.51000213623047,5255100,CVS
2021-09-28,72.56864929199219,85.66000366210938,86.33999633789062,85.23999786376953,85.6500015258789,6257800,CVS
2021-09-29,73.52596282958984,86.79000091552734,87.25,85.44000244140625,85.52999877929688,4827000,CVS
2021-09-30,71.89092254638672,84.86000061035156,87.52999877929688,84.79000091552734,87.0999984741211,6024800,CVS
2021-10-01,71.2216567993164,84.06999969482422,84.91000366210938,82.36000061035156,84.80000305175781,6888400,CVS
2021-10-04,71.00138092041016,83.80999755859375,85.47000122070312,83.11000061035156,84.0,4768000,CVS
2021-10-05,70.85738372802734,83.63999938964844,84.88999938964844,83.4800033569336,83.97000122070312,4848600,CVS
2021-10-06,70.44226837158203,83.1500015258789,83.44999694824219,81.77999877929688,83.0,5205100,CVS
2021-10-07,71.331787109375,84.19999694824219,84.66000366210938,83.36000061035156,83.36000061035156,4262000,CVS
2021-10-08,71.475830078125,84.37000274658203,84.73999786376953,83.86000061035156,84.5,2990600,CVS
2021-10-11,71.39956665039062,84.27999877929688,85.31999969482422,84.02999877929688,84.62000274658203,3283400,CVS
2021-10-12,70.98445892333984,83.79000091552734,84.66999816894531,83.55999755859375,84.2699966430664,2916200,CVS
2021-10-13,70.45073699951172,83.16000366210938,83.61000061035156,82.19999694824219,83.58000183105469,4261900,CVS
2021-10-14,71.63676452636719,84.55999755859375,85.44999694824219,82.91999816894531,84.33999633789062,7284600,CVS
2021-10-15,72.72114562988281,85.83999633789062,86.29000091552734,84.94000244140625,85.02999877929688,5449000,CVS
2021-10-18,71.56900787353516,84.4800033569336,85.75,84.12000274658203,85.75,4822100,CVS
2021-10-19,71.91634368896484,84.88999938964844,85.30999755859375,84.62000274658203,84.97000122070312,3833000,CVS
2021-10-20,73.32263946533203,86.55000305175781,86.83000183105469,85.0,85.0999984741211,5023300,CVS
2021-10-21,74.01284790039062,86.86000061035156,86.88999938964844,85.70999908447266,85.83999633789062,5347200,CVS
2021-10-22,74.57521057128906,87.5199966430664,87.58999633789062,86.23999786376953,86.4800033569336,5035900,CVS
2021-10-25,74.71154022216797,87.68000030517578,88.0,87.0199966430664,87.72000122070312,5774100,CVS
2021-10-26,75.25687408447266,88.31999969482422,88.63999938964844,86.58999633789062,87.98999786376953,6215300,CVS
2021-10-27,75.0609130859375,88.08999633789062,88.77999877929688,87.69999694824219,88.52999877929688,5211500,CVS
2021-10-28,75.51251983642578,88.62000274658203,88.83999633789062,87.9000015258789,88.4000015258789,4394600,CVS
2021-10-29,76.07489776611328,89.27999877929688,89.52999877929688,88.05999755859375,88.2699966430664,5335600,CVS
2021-11-01,77.24227142333984,90.6500015258789,91.12000274658203,89.58000183105469,89.7699966430664,7682500,CVS
2021-11-02,77.6683349609375,91.1500015258789,91.44999694824219,90.18000030517578,90.91999816894531,6950900,CVS
2021-11-03,82.09068298339844,96.33999633789062,96.56999969482422,92.19999694824219,92.51000213623047,16938000,CVS
2021-11-04,80.51429748535156,94.48999786376953,96.30000305175781,94.04000091552734,96.27999877929688,7417800,CVS
2021-11-05,79.90933227539062,93.77999877929688,95.87999725341797,93.0,94.68000030517578,7437300,CVS
2021-11-08,79.89228057861328,93.76000213623047,94.58999633789062,93.41999816894531,94.0,3982100,CVS
2021-11-09,79.04019927978516,92.76000213623047,93.97000122070312,92.55999755859375,93.87999725341797,4446700,CVS
2021-11-10,79.21060943603516,92.95999908447266,94.4000015258789,92.41999816894531,93.29000091552734,4966600,CVS
2021-11-11,80.27572631835938,94.20999908447266,94.52999877929688,92.54000091552734,92.68000030517578,4273000,CVS
2021-11-12,80.11382293701172,94.0199966430664,95.33999633789062,93.3499984741211,94.58000183105469,3792500,CVS
2021-11-15,79.66220092773438,93.48999786376953,94.30000305175781,93.43000030517578,94.11000061035156,3602100,CVS
2021-11-16,79.1509780883789,92.88999938964844,94.16999816894531,92.81999969482422,93.93000030517578,4038600,CVS
2021-11-17,79.0146255493164,92.7300033569336,93.05999755859375,92.08000183105469,92.62999725341797,3878200,CVS
2021-11-18,81.23858642578125,95.33999633789062,95.68000030517578,92.73999786376953,93.05999755859375,8619700,CVS
2021-11-19,79.38104248046875,93.16000366210938,95.05999755859375,92.31999969482422,95.05999755859375,6446000,CVS
2021-11-22,79.2361831665039,92.98999786376953,94.45999908447266,92.94999694824219,93.0999984741211,4334600,CVS
2021-11-23,79.79002380371094,93.63999938964844,94.44999694824219,92.19999694824219,93.11000061035156,6625500,CVS
2021-11-24,78.94646453857422,92.6500015258789,93.83999633789062,92.22000122070312,93.2699966430664,6109400,CVS
2021-11-26,77.98359680175781,91.5199966430664,92.25,90.9000015258789,91.47000122070312,4241000,CVS
2021-11-29,78.40962982177734,92.0199966430664,92.72000122070312,91.08999633789062,91.98999786376953,5215600,CVS
2021-11-30,75.88745880126953,89.05999755859375,91.66000366210938,88.91000366210938,91.2699966430664,9051700,CVS
2021-12-01,75.64886474609375,88.77999877929688,91.05999755859375,88.7699966430664,90.18000030517578,6223500,CVS
2021-12-02,76.67988586425781,89.98999786376953,91.18000030517578,88.80999755859375,89.12999725341797,5992700,CVS
2021-12-03,77.42974090576172,90.87000274658203,91.58999633789062,90.11000061035156,90.63999938964844,5660200,CVS
2021-12-06,78.94646453857422,92.6500015258789,93.44000244140625,91.58999633789062,91.62999725341797,6039400,CVS
2021-12-07,79.1850357055664,92.93000030517578,93.44999694824219,92.63999938964844,93.01000213623047,3965700,CVS
2021-12-08,79.32991027832031,93.0999984741211,94.29000091552734,92.48999786376953,93.33000183105469,5767900,CVS
2021-12-09,82.91720581054688,97.30999755859375,97.7699966430664,94.19000244140625,94.8499984741211,14096800,CVS
2021-12-10,84.23796081542969,98.86000061035156,99.12999725341797,97.05000305175781,97.69999694824219,9217300,CVS
2021-12-13,84.27205657958984,98.9000015258789,99.33000183105469,97.91999816894531,98.9800033569336,4986100,CVS
2021-12-14,84.1697998046875,98.77999877929688,100.97000122070312,98.62999725341797,99.47000122070312,6282700,CVS
2021-12-15,85.67798614501953,100.55000305175781,100.63999938964844,98.33999633789062,98.77999877929688,7052700,CVS
2021-12-16,86.24889373779297,101.22000122070312,102.22000122070312,100.23999786376953,100.5199966430664,7360800,CVS
2021-12-17,85.51611328125,100.36000061035156,101.63999938964844,99.29000091552734,101.37999725341797,9409800,CVS
2021-12-20,85.48200988769531,100.31999969482422,100.47000122070312,98.63999938964844,99.91000366210938,5233100,CVS
2021-12-21,85.88250732421875,100.79000091552734,101.44000244140625,100.41999816894531,100.79000091552734,5040000,CVS
2021-12-22,85.97623443603516,100.9000015258789,101.31999969482422,100.02999877929688,100.76000213623047,4318200,CVS
2021-12-23,86.3255844116211,101.30999755859375,101.87000274658203,101.06999969482422,101.06999969482422,3111000,CVS
2021-12-27,87.2543716430664,102.4000015258789,102.41999816894531,101.55999755859375,101.76000213623047,2596600,CVS
2021-12-28,87.56964111328125,102.7699966430664,103.25,102.36000061035156,102.5,2732400,CVS
2021-12-29,88.36207580566406,103.69999694824219,103.83999633789062,103.02999877929688,103.0999984741211,2782500,CVS
2021-12-30,88.34505462646484,103.68000030517578,104.55999755859375,103.44999694824219,103.98999786376953,2484500,CVS
2021-12-31,87.90196228027344,103.16000366210938,103.76000213623047,103.12999725341797,103.4800033569336,3251600,CVS
2022-01-03,88.75405883789062,104.16000366210938,104.33999633789062,102.30000305175781,102.80999755859375,4951000,CVS
2022-01-04,88.86483001708984,104.29000091552734,105.44000244140625,103.80000305175781,104.44999694824219,6089800,CVS
2022-01-05,90.16001892089844,105.80999755859375,106.5,104.31999969482422,104.31999969482422,6957500,CVS
2022-01-06,87.41626739501953,102.58999633789062,105.73999786376953,102.41000366210938,105.37000274658203,9847600,CVS
2022-01-07,88.77961730957031,104.19000244140625,104.79000091552734,101.33000183105469,102.44999694824219,6862200,CVS
2022-01-10,89.52091979980469,105.05999755859375,105.22000122070312,103.19000244140625,104.20999908447266,6105500,CVS
2022-01-11,90.35599517822266,106.04000091552734,107.26000213623047,105.26000213623047,106.06999969482422,8694200,CVS
2022-01-12,90.13445281982422,105.77999877929688,106.44999694824219,105.08999633789062,105.47000122070312,4933700,CVS
2022-01-13,89.759521484375,105.33999633789062,105.97000122070312,104.18000030517578,105.25,6511000,CVS
2022-01-14,90.50936889648438,106.22000122070312,106.47000122070312,105.02999877929688,105.70999908447266,6706700,CVS
2022-01-18,89.05227661132812,104.51000213623047,106.13999938964844,104.0199966430664,105.80000305175781,8109300,CVS
2022-01-19,88.14906311035156,103.44999694824219,105.76000213623047,103.41999816894531,104.94999694824219,7286600,CVS
2022-01-20,87.71216583251953,102.38999938964844,103.88999938964844,102.23999786376953,102.66000366210938,6694700,CVS
2022-01-21,87.00116729736328,101.55999755859375,103.41999816894531,101.0,102.93000030517578,7822800,CVS
2022-01-24,88.671630859375,103.51000213623047,104.06999969482422,99.69000244140625,100.9000015258789,13768700,CVS
2022-01-25,88.32039642333984,103.0999984741211,103.41000366210938,100.9000015258789,102.47000122070312,7472300,CVS
2022-01-26,89.82807922363281,104.86000061035156,105.31999969482422,103.23999786376953,103.5999984741211,10827900,CVS
2022-01-27,91.48143005371094,106.79000091552734,107.61000061035156,105.0,105.37999725341797,12385100,CVS
2022-01-28,93.60589599609375,109.2699966430664,109.33999633789062,106.16000366210938,106.68000030517578,10339500,CVS
2022-01-31,91.2415542602539,106.51000213623047,108.5,105.43000030517578,108.22000122070312,8540100,CVS
2022-02-01,91.03596496582031,106.2699966430664,107.18000030517578,105.20999908447266,106.2699966430664,7040200,CVS
2022-02-02,93.2889633178711,108.9000015258789,109.06999969482422,105.62999725341797,105.81999969482422,8771800,CVS
2022-02-03,93.13475036621094,108.72000122070312,110.1500015258789,108.22000122070312,109.94999694824219,6612800,CVS
2022-02-04,92.93773651123047,108.48999786376953,109.5199966430664,107.1500015258789,107.58000183105469,5473000,CVS
2022-02-07,93.72584533691406,109.41000366210938,109.81999969482422,107.91000366210938,108.98999786376953,5450500,CVS
2022-02-08,94.94229125976562,110.83000183105469,111.25,108.87999725341797,108.88999938964844,7793400,CVS
2022-02-09,89.76812744140625,104.79000091552734,108.2699966430664,104.12000274658203,106.45999908447266,15269800,CVS
2022-02-10,90.22217559814453,105.31999969482422,106.63999938964844,104.45999908447266,104.5999984741211,8605700,CVS
2022-02-11,89.29698181152344,104.23999786376953,106.13999938964844,104.08000183105469,105.48999786376953,5923100,CVS
2022-02-14,88.2347412109375,103.0,104.1500015258789,102.02999877929688,104.06999969482422,7663400,CVS
2022-02-15,88.20902252197266,102.97000122070312,104.5199966430664,102.52999877929688,103.86000061035156,4441300,CVS
2022-02-16,89.03998565673828,103.94000244140625,104.23999786376953,102.83000183105469,103.05000305175781,5623900,CVS
2022-02-17,87.63507080078125,102.30000305175781,103.94000244140625,102.05999755859375,103.6500015258789,4635600,CVS
2022-02-18,87.48944091796875,102.12999725341797,102.98999786376953,101.22000122070312,102.55000305175781,4850700,CVS
2022-02-22,87.30953979492188,101.91999816894531,102.77999877929688,101.02999877929688,102.16000366210938,4776700,CVS
2022-02-23,87.58367156982422,102.23999786376953,103.4800033569336,101.97000122070312,102.54000091552734,4947700,CVS
2022-02-24,86.32440948486328,100.7699966430664,100.94999694824219,98.45999908447266,100.26000213623047,7055300,CVS
2022-02-25,89.34837341308594,104.30000305175781,104.86000061035156,101.19000244140625,101.4000015258789,6573400,CVS
2022-02-28,88.79155731201172,103.6500015258789,103.7300033569336,101.29000091552734,101.29000091552734,6678100,CVS
2022-03-01,87.42092895507812,102.05000305175781,103.5,100.95999908447266,103.20999908447266,5642900,CVS
2022-03-02,89.45972442626953,104.43000030517578,105.02999877929688,101.94999694824219,103.01000213623047,5031700,CVS
2022-03-03,89.553955078125,104.54000091552734,105.70999908447266,103.4800033569336,104.48999786376953,5741900,CVS
2022-03-04,90.11080169677734,105.19000244140625,105.27999877929688,102.06999969482422,102.70999908447266,5347300,CVS
2022-03-07,89.57109069824219,104.55999755859375,106.80999755859375,103.73999786376953,104.48999786376953,6424200,CVS
2022-03-08,87.68648529052734,102.36000061035156,105.87000274658203,102.25,105.06999969482422,6801100,CVS
2022-03-09,88.74871826171875,103.5999984741211,104.93000030517578,102.37000274658203,104.54000091552734,4936900,CVS
2022-03-10,89.15990447998047,104.08000183105469,104.26000213623047,102.56999969482422,103.0999984741211,3595000,CVS
2022-03-11,88.6373519897461,103.47000122070312,105.18000030517578,103.38999938964844,104.16999816894531,4799000,CVS
2022-03-14,89.51113891601562,104.48999786376953,104.58999633789062,101.08999633789062,103.93000030517578,5750300,CVS
2022-03-15,91.64418029785156,106.9800033569336,107.44999694824219,104.58999633789062,105.0,6845100,CVS
2022-03-16,91.75553894042969,107.11000061035156,107.31999969482422,105.5,107.0,5183000,CVS
2022-03-17,92.99768829345703,108.55999755859375,108.63999938964844,105.72000122070312,106.6500015258789,5583100,CVS
2022-03-18,91.91831970214844,107.30000305175781,108.62000274658203,106.55000305175781,108.5,7129700,CVS
2022-03-21,91.99541473388672,107.38999938964844,109.69000244140625,106.87000274658203,107.77999877929688,4673800,CVS
2022-03-22,91.85835266113281,107.2300033569336,108.19999694824219,106.33000183105469,108.0,3305700,CVS
2022-03-23,90.97600555419922,106.19999694824219,107.7699966430664,106.1500015258789,107.4800033569336,3182400,CVS
2022-03-24,92.5608139038086,108.05000305175781,108.06999969482422,106.05999755859375,106.4000015258789,3618100,CVS
2022-03-25,92.99768829345703,108.55999755859375,108.87000274658203,107.33999633789062,107.75,3788800,CVS
2022-03-28,92.55225372314453,108.04000091552734,108.25,106.91999816894531,108.0,3774400,CVS
2022-03-29,89.67390441894531,104.68000030517578,107.29000091552734,103.91000366210938,106.79000091552734,8510700,CVS
2022-03-30,88.70589447021484,103.55000305175781,105.36000061035156,102.31999969482422,104.0999984741211,7971600,CVS
2022-03-31,86.70133209228516,101.20999908447266,102.7699966430664,101.18000030517578,102.0,8521100,CVS
2022-04-01,86.5985107421875,101.08999633789062,102.19000244140625,100.30000305175781,101.20999908447266,6344300,CVS
2022-04-04,85.664794921875,100.0,100.54000091552734,98.66000366210938,100.48999786376953,6951500,CVS
2022-04-05,85.20220184326172,99.45999908447266,101.27999877929688,99.18000030517578,99.33999633789062,7124900,CVS
2022-04-06,87.42947387695312,102.05999755859375,102.29000091552734,99.69000244140625,99.97000122070312,6590200,CVS
2022-04-07,88.7573013305664,103.61000061035156,103.98999786376953,101.2699966430664,101.95999908447266,5731600,CVS
2022-04-08,91.32722473144531,106.61000061035156,107.5199966430664,103.55999755859375,104.4000015258789,7756100,CVS
2022-04-11,89.47686767578125,104.44999694824219,107.7300033569336,104.16999816894531,106.36000061035156,6368600,CVS
2022-04-12,89.63964080810547,104.63999938964844,105.02999877929688,103.76000213623047,104.4000015258789,4127900,CVS
2022-04-13,89.93089294433594,104.9800033569336,105.80000305175781,103.19999694824219,104.4000015258789,3768300,CVS
2022-04-14,88.81725311279297,103.68000030517578,105.75,103.61000061035156,105.30999755859375,5134800,CVS
2022-04-18,88.5945053100586,103.41999816894531,104.48999786376953,102.9800033569336,103.37999725341797,3003400,CVS
2022-04-19,88.97145080566406,103.86000061035156,104.41000366210938,102.94999694824219,103.5999984741211,3615300,CVS
2022-04-20,91.35294342041016,106.63999938964844,107.5999984741211,104.58000183105469,104.9000015258789,5629800,CVS
2022-04-21,90.5693359375,105.18000030517578,106.4000015258789,104.87000274658203,106.0999984741211,3386100,CVS
2022-04-22,87.55552673339844,101.68000030517578,104.30999755859375,101.56999969482422,104.2699966430664,5779200,CVS
2022-04-25,87.6330337524414,101.7699966430664,102.38999938964844,99.20999908447266,101.83999633789062,4957500,CVS
2022-04-26,87.34026336669922,101.43000030517578,102.91000366210938,101.04000091552734,101.11000061035156,3929000,CVS
2022-04-27,86.84082794189453,100.8499984741211,102.33000183105469,99.73999786376953,101.20999908447266,4730800,CVS
2022-04-28,86.84082794189453,100.8499984741211,102.5999984741211,100.37000274658203,101.73999786376953,5907500,CVS
2022-04-29,82.77647399902344,96.12999725341797,100.44000244140625,95.88999938964844,100.27999877929688,8778300,CVS
2022-05-02,83.09507751464844,96.5,97.31999969482422,95.0199966430664,96.44999694824219,6520200,CVS
2022-05-03,82.64732360839844,95.9800033569336,97.7300033569336,95.93000030517578,97.11000061035156,5894400,CVS
2022-05-04,86.59971618652344,100.56999969482422,101.20999908447266,95.52999877929688,96.77999877929688,9361200,CVS
2022-05-05,84.15424346923828,97.7300033569336,100.61000061035156,96.5,100.61000061035156,8236300,CVS
2022-05-06,86.70305633544922,100.69000244140625,100.93000030517578,97.19000244140625,97.30999755859375,8220400,CVS
2022-05-09,85.12725067138672,98.86000061035156,100.1500015258789,98.37000274658203,99.58000183105469,7147000,CVS
2022-05-10,84.52449798583984,98.16000366210938,100.0999984741211,97.72000122070312,99.41000366210938,5221800,CVS
2022-05-11,84.37812042236328,97.98999786376953,99.87000274658203,97.87999725341797,98.23999786376953,4667200,CVS
2022-05-12,84.60200500488281,98.25,98.26000213623047,96.29000091552734,97.44000244140625,4919400,CVS
2022-05-13,83.93894958496094,97.4800033569336,98.62000274658203,96.58000183105469,98.41000366210938,4502300,CVS
2022-05-16,84.86031341552734,98.55000305175781,99.3499984741211,97.08000183105469,98.0,3438600,CVS
2022-05-17,85.57501220703125,99.37999725341797,99.52999877929688,97.91999816894531,98.88999938964844,4160200,CVS
2022-05-18,80.95957946777344,94.0199966430664,98.43000030517578,92.93000030517578,98.43000030517578,8246800,CVS
2022-05-19,80.20182800292969,93.13999938964844,93.68000030517578,91.47000122070312,93.02999877929688,7000000,CVS
2022-05-20,81.74317169189453,94.93000030517578,95.2300033569336,92.73999786376953,93.27999877929688,5194200,CVS
2022-05-23,82.29427337646484,95.56999969482422,97.06999969482422,94.9800033569336,96.0,6136200,CVS
2022-05-24,83.05201721191406,96.44999694824219,97.01000213623047,94.79000091552734,96.0999984741211,3959200,CVS
2022-05-25,83.65478515625,97.1500015258789,98.04000091552734,96.52999877929688,97.05000305175781,3603600,CVS
2022-05-26,84.2145004272461,97.80000305175781,98.87000274658203,97.62999725341797,97.83999633789062,4779100,CVS
2022-05-27,84.42977142333984,98.05000305175781,98.0999984741211,95.76000213623047,96.44999694824219,4318000,CVS
2022-05-31,83.31036376953125,96.75,98.16000366210938,96.41999816894531,97.5,9286800,CVS
2022-06-01,83.12953186035156,96.54000091552734,97.7699966430664,95.16999816894531,97.37999725341797,4410400,CVS
2022-06-02,83.72369384765625,97.2300033569336,97.27999877929688,94.52999877929688,96.62000274658203,4175600,CVS
2022-06-03,81.71733093261719,94.9000015258789,97.13999938964844,94.70999908447266,96.91999816894531,4312700,CVS
2022-06-06,82.4234390258789,95.72000122070312,96.30999755859375,94.61000061035156,95.30999755859375,3925100,CVS
2022-06-07,82.59565734863281,95.91999816894531,96.13999938964844,94.20999908447266,94.66999816894531,4852400,CVS
2022-06-08,80.83903503417969,93.87999725341797,95.29000091552734,93.5,95.2699966430664,3778300,CVS
2022-06-09,79.85738372802734,92.73999786376953,94.66999816894531,92.72000122070312,93.83000183105469,4153500,CVS
2022-06-10,80.22766876220703,93.16999816894531,94.01000213623047,91.3499984741211,91.5199966430664,4488600,CVS
2022-06-13,78.2643814086914,90.88999938964844,92.88999938964844,90.44000244140625,91.68000030517578,4756900,CVS
2022-06-14,78.04910278320312,90.63999938964844,91.94999694824219,89.94999694824219,91.0999984741211,4789100,CVS
2022-06-15,78.74658966064453,91.44999694824219,92.23999786376953,90.13999938964844,90.91000366210938,4177100,CVS
2022-06-16,77.36884307861328,89.8499984741211,90.5999984741211,89.08999633789062,90.04000091552734,5914400,CVS
2022-06-17,76.34413146972656,88.66000366210938,91.08000183105469,88.41999816894531,90.25,8393800,CVS
2022-06-21,78.42798614501953,91.08000183105469,91.73999786376953,89.38999938964844,90.44000244140625,4998500,CVS
2022-06-22,78.60881805419922,91.29000091552734,92.87999725341797,90.30000305175781,90.62000274658203,4658600,CVS
2022-06-23,79.53880310058594,92.37000274658203,92.97000122070312,91.30999755859375,91.5199966430664,4665400,CVS
2022-06-24,81.39012908935547,94.5199966430664,94.77999877929688,92.30999755859375,93.04000091552734,6106200,CVS
2022-06-27,81.40735626220703,94.54000091552734,94.98999786376953,94.0999984741211,94.5,4687200,CVS
2022-06-28,80.25348663330078,93.19999694824219,95.94999694824219,92.94000244140625,94.93000030517578,4900100,CVS
2022-06-29,80.38265228271484,93.3499984741211,94.25,93.11000061035156,93.48999786376953,3562400,CVS
2022-06-30,79.78850555419922,92.66000366210938,93.36000061035156,92.0,92.77999877929688,6336200,CVS
2022-07-01,80.89068603515625,93.94000244140625,94.0999984741211,91.55000305175781,92.80999755859375,5215100,CVS
2022-07-05,79.67655944824219,92.52999877929688,93.19999694824219,90.58000183105469,92.80999755859375,4763700,CVS
2022-07-06,80.24488067626953,93.19000244140625,93.81999969482422,92.25,92.30999755859375,3146100,CVS
2022-07-07,80.7098617553711,93.7300033569336,94.45999908447266,93.30999755859375,93.66999816894531,3536400,CVS
2022-07-08,81.09736633300781,94.18000030517578,95.41000366210938,93.5999984741211,93.68000030517578,3465000,CVS
2022-07-11,81.5537338256836,94.70999908447266,95.36000061035156,93.70999908447266,93.70999908447266,3255900,CVS
2022-07-12,81.7862319946289,94.9800033569336,96.33999633789062,94.26000213623047,94.41000366210938,5602000,CVS
2022-07-13,80.46875762939453,93.44999694824219,94.88999938964844,93.06999969482422,94.13999938964844,3840400,CVS
2022-07-14,79.93489074707031,92.83000183105469,92.9800033569336,90.98999786376953,91.62000274658203,3715500,CVS
2022-07-15,82.12205505371094,95.37000274658203,95.81999969482422,93.69000244140625,94.30999755859375,4310800,CVS
2022-07-18,81.19207000732422,94.29000091552734,95.68000030517578,93.98999786376953,95.68000030517578,4894700,CVS
2022-07-19,83.34481048583984,96.79000091552734,97.12999725341797,95.20999908447266,95.37999725341797,6729500,CVS
2022-07-20,81.93262481689453,95.1500015258789,96.51000213623047,94.3499984741211,96.4000015258789,4152500,CVS
2022-07-21,80.71143341064453,93.19000244140625,93.45999908447266,92.0,92.5199966430664,6982200,CVS
2022-07-22,81.46492004394531,94.05999755859375,94.43000030517578,93.19000244140625,94.12999725341797,4484600,CVS
2022-07-25,81.83733367919922,94.48999786376953,95.72000122070312,94.13999938964844,94.27999877929688,4753200,CVS
2022-07-26,82.54755401611328,95.30999755859375,95.5999984741211,94.5199966430664,94.58000183105469,4423800,CVS
2022-07-27,83.03255462646484,95.87000274658203,96.22000122070312,94.16999816894531,95.19000244140625,3143900,CVS
2022-07-28,82.73809051513672,95.52999877929688,96.19000244140625,94.5999984741211,95.75,4807500,CVS
2022-07-29,82.86799621582031,95.68000030517578,96.0999984741211,95.16999816894531,95.69000244140625,5735600,CVS
2022-08-01,83.1624755859375,96.0199966430664,96.55999755859375,94.83000183105469,95.0,4003900,CVS
2022-08-02,82.59951782226562,95.37000274658203,96.5199966430664,95.0999984741211,96.20999908447266,4110500,CVS
2022-08-03,87.80473327636719,101.37999725341797,101.87999725341797,97.72000122070312,98.05000305175781,11671800,CVS
2022-08-04,88.2291488647461,101.87000274658203,104.41000366210938,101.72000122070312,102.16000366210938,7502900,CVS
2022-08-05,88.56690979003906,102.26000213623047,103.55000305175781,101.51000213623047,101.51000213623047,4285200,CVS
2022-08-08,88.34172058105469,102.0,102.76000213623047,101.54000091552734,102.30000305175781,4190200,CVS
2022-08-09,89.80542755126953,103.69000244140625,104.33999633789062,102.44000244140625,102.87999725341797,5128800,CVS
2022-08-10,90.11721801757812,104.05000305175781,104.55999755859375,103.47000122070312,104.52999877929688,4203400,CVS
2022-08-11,90.2904281616211,104.25,105.4800033569336,103.8499984741211,103.91999816894531,4004900,CVS
2022-08-12,92.14388275146484,106.38999938964844,106.87000274658203,104.87999725341797,105.0,5064400,CVS
2022-08-15,92.03994750976562,106.2699966430664,106.68000030517578,104.88999938964844,105.98999786376953,2892600,CVS
2022-08-16,92.17853546142578,106.43000030517578,107.26000213623047,106.0199966430664,106.2300033569336,3398400,CVS
2022-08-17,90.87071228027344,104.91999816894531,106.51000213623047,104.77999877929688,105.5199966430664,3865900,CVS
2022-08-18,89.76212310791016,103.63999938964844,104.88999938964844,102.7300033569336,104.68000030517578,6176800,CVS
2022-08-19,90.11721801757812,104.05000305175781,104.62000274658203,102.91999816894531,103.70999908447266,5114300,CVS
2022-08-22,88.63619232177734,102.33999633789062,103.5,101.62000274658203,103.06999969482422,5102900,CVS
2022-08-23,87.58821105957031,101.12999725341797,101.95999908447266,100.97000122070312,101.95999908447266,2909300,CVS
2022-08-24,87.71813201904297,101.27999877929688,101.4000015258789,100.20999908447266,100.75,5140300,CVS
2022-08-25,88.47164916992188,102.1500015258789,102.18000030517578,100.62000274658203,101.16000366210938,3942600,CVS
2022-08-26,86.6614990234375,100.05999755859375,102.5,99.9800033569336,102.19999694824219,2853200,CVS
2022-08-29,86.89533233642578,100.33000183105469,100.91000366210938,98.91000366210938,99.4800033569336,2998800,CVS
2022-08-30,85.57022857666016,98.80000305175781,100.54000091552734,98.55000305175781,100.30000305175781,4896700,CVS
2022-08-31,85.00726318359375,98.1500015258789,99.80999755859375,98.08999633789062,99.0199966430664,6145800,CVS
2022-09-01,86.54891204833984,99.93000030517578,99.9800033569336,97.75,98.0,3987000,CVS
2022-09-02,86.12452697753906,99.44000244140625,101.31999969482422,99.02999877929688,100.1500015258789,5535300,CVS
2022-09-06,85.50959777832031,98.7300033569336,100.06999969482422,97.77999877929688,99.7300033569336,5804100,CVS
2022-09-07,87.19847869873047,100.68000030517578,101.11000061035156,98.5,98.52999877929688,4683800,CVS
2022-09-08,88.56690979003906,102.26000213623047,102.37000274658203,100.08000183105469,100.5,5445500,CVS
2022-09-09,88.47164916992188,102.1500015258789,102.8499984741211,101.93000030517578,102.5,3888500,CVS
2022-09-12,89.24246978759766,103.04000091552734,103.58999633789062,102.38999938964844,102.62999725341797,3709300,CVS
2022-09-13,86.99928283691406,100.44999694824219,102.6500015258789,100.19000244140625,101.98999786376953,3501000,CVS
2022-09-14,87.51893615722656,101.05000305175781,101.79000091552734,100.19999694824219,101.05999755859375,4686000,CVS
2022-09-15,88.61019897460938,102.30999755859375,103.41999816894531,101.83999633789062,102.12000274658203,5556500,CVS
2022-09-16,88.39368438720703,102.05999755859375,102.45999908447266,100.9800033569336,102.13999938964844,8611600,CVS
2022-09-19,88.4369888305664,102.11000061035156,102.16999816894531,100.30000305175781,101.05999755859375,4100600,CVS
2022-09-20,87.77009582519531,101.33999633789062,101.98999786376953,100.33000183105469,101.47000122070312,3861900,CVS
2022-09-21,86.41032409667969,99.7699966430664,102.95999908447266,99.75,101.94000244140625,3770600,CVS
2022-09-22,86.4623031616211,99.83000183105469,100.93000030517578,98.91999816894531,99.80000305175781,4513200,CVS
2022-09-23,85.18047332763672,98.3499984741211,99.55000305175781,96.95999908447266,99.4800033569336,4647000,CVS
2022-09-26,84.65216827392578,97.73999786376953,98.3499984741211,96.86000061035156,97.58999633789062,5106600,CVS
2022-09-27,84.193115234375,97.20999908447266,99.30999755859375,96.87000274658203,98.0999984741211,4606600,CVS
2022-09-28,85.01592254638672,98.16000366210938,98.81999969482422,96.9000015258789,98.05000305175781,4303400,CVS
2022-09-29,83.99392700195312,96.9800033569336,98.20999908447266,96.11000061035156,98.01000213623047,5185200,CVS
2022-09-30,82.59951782226562,95.37000274658203,97.83999633789062,95.2699966430664,97.01000213623047,5395000,CVS
2022-10-03,84.66947174072266,97.76000213623047,98.16999816894531,95.37000274658203,95.9800033569336,3935800,CVS
2022-10-04,87.05989837646484,100.5199966430664,100.62999725341797,97.58000183105469,98.19000244140625,5598400,CVS
2022-10-05,86.99928283691406,100.44999694824219,101.08000183105469,99.33999633789062,100.04000091552734,3220800,CVS
2022-10-06,85.37966918945312,98.58000183105469,100.16000366210938,98.38999938964844,99.98999786376953,4171000,CVS
2022-10-07,76.43292999267578,88.25,94.0,87.12999725341797,93.18000030517578,19715100,CVS
2022-10-10,76.43292999267578,88.25,89.95999908447266,87.20999908447266,87.70999908447266,7429800,CVS
2022-10-11,76.64944458007812,88.5,89.69999694824219,86.73999786376953,87.73999786376953,6898100,CVS
2022-10-12,76.07781219482422,87.83999633789062,89.56999969482422,87.80000305175781,88.73999786376953,4926500,CVS
2022-10-13,78.0351791381836,90.0999984741211,90.52999877929688,86.27999877929688,86.4800033569336,6056300,CVS
2022-10-14,77.34231567382812,89.30000305175781,90.94999694824219,89.12999725341797,90.8499984741211,5475500,CVS
2022-10-17,78.71939086914062,90.88999938964844,91.08999633789062,89.66000366210938,89.98999786376953,5493900,CVS
2022-10-18,79.62881469726562,91.94000244140625,92.80999755859375,90.87000274658203,92.25,5659000,CVS
2022-10-19,79.38629150390625,91.66000366210938,92.72000122070312,91.11000061035156,91.9000015258789,4004600,CVS
2022-10-20,79.28172302246094,90.98999786376953,92.05999755859375,90.6500015258789,91.45999908447266,4798500,CVS
2022-10-21,80.78912353515625,92.72000122070312,93.16000366210938,90.04000091552734,90.83999633789062,4919100,CVS
2022-10-24,82.60148620605469,94.80000305175781,95.4000015258789,93.7300033569336,93.91000366210938,7183500,CVS
2022-10-25,80.35346984863281,92.22000122070312,92.72000122070312,90.76000213623047,91.12999725341797,13822400,CVS
2022-10-26,80.79783630371094,92.7300033569336,93.97000122070312,92.72000122070312,93.16000366210938,7619300,CVS
2022-10-27,80.7717056274414,92.69999694824219,93.79000091552734,92.5199966430664,93.0,5610700,CVS
2022-10-28,82.0699691772461,94.19000244140625,94.7300033569336,92.5199966430664,92.91999816894531,6761600,CVS
2022-10-31,82.51433563232422,94.69999694824219,95.87999725341797,92.87000274658203,93.73999786376953,7401400,CVS
2022-11-01,82.44464111328125,94.62000274658203,95.11000061035156,93.5199966430664,94.61000061035156,7009000,CVS
2022-11-02,84.34412384033203,96.80000305175781,99.44000244140625,96.0,96.51000213623047,15502000,CVS
2022-11-03,85.2154541015625,97.80000305175781,98.45999908447266,95.23999786376953,96.25,8406400,CVS
2022-11-04,86.74898529052734,99.55999755859375,99.8499984741211,97.77999877929688,98.58999633789062,9416000,CVS
2022-11-07,88.1605224609375,101.18000030517578,101.44000244140625,99.33000183105469,99.4000015258789,5595400,CVS
2022-11-08,88.5700454711914,101.6500015258789,102.7699966430664,101.0,101.4000015258789,5650000,CVS
2022-11-09,86.74898529052734,99.55999755859375,101.97000122070312,99.44999694824219,101.6500015258789,5047100,CVS
2022-11-10,87.053955078125,99.91000366210938,101.88999938964844,98.37000274658203,101.87999725341797,6308100,CVS
2022-11-11,84.99762725830078,97.55000305175781,99.97000122070312,95.05000305175781,99.75,9174900,CVS
2022-11-14,84.66651916503906,97.16999816894531,98.86000061035156,97.13999938964844,97.87999725341797,5018600,CVS
2022-11-15,85.15447235107422,97.7300033569336,98.66999816894531,97.16000366210938,97.80000305175781,6569400,CVS
2022-11-16,83.73420715332031,96.0999984741211,98.95999908447266,95.83000183105469,97.87000274658203,6940000,CVS
2022-11-17,82.71475219726562,94.93000030517578,96.4000015258789,94.73999786376953,95.7300033569336,6427200,CVS
2022-11-18,84.8233642578125,97.3499984741211,97.48999786376953,95.5999984741211,95.5999984741211,7294000,CVS
2022-11-21,85.29386138916016,97.88999938964844,98.2699966430664,97.25,97.25,4842300,CVS
2022-11-22,86.7054214477539,99.51000213623047,99.87999725341797,98.55000305175781,99.05000305175781,4904600,CVS
2022-11-23,87.18464660644531,100.05999755859375,100.61000061035156,99.69999694824219,99.7699966430664,3359600,CVS
2022-11-25,88.23023223876953,101.26000213623047,101.55000305175781,100.19000244140625,100.61000061035156,2464800,CVS
2022-11-28,87.48961639404297,100.41000366210938,102.0999984741211,100.06999969482422,100.70999908447266,4585100,CVS
2022-11-29,87.89911651611328,100.87999725341797,101.08999633789062,100.11000061035156,100.19000244140625,3428900,CVS
2022-11-30,88.77045440673828,101.87999725341797,102.02999877929688,99.80000305175781,100.45999908447266,7858200,CVS
2022-12-01,88.5700454711914,101.6500015258789,102.5999984741211,100.95999908447266,102.19000244140625,5047600,CVS
2022-12-02,89.38037109375,102.58000183105469,102.75,101.08999633789062,101.16999816894531,4478900,CVS
2022-12-05,88.88372039794922,102.01000213623047,102.83999633789062,101.72000122070312,101.87999725341797,3645300,CVS
2022-12-06,88.16924285888672,101.19000244140625,102.72000122070312,100.54000091552734,101.83999633789062,4060200,CVS
2022-12-07,89.11898803710938,102.27999877929688,102.33999633789062,101.3499984741211,101.36000061035156,4824500,CVS
2022-12-08,89.33679962158203,102.52999877929688,103.80000305175781,102.27999877929688,102.5,4063500,CVS
2022-12-09,88.5700454711914,101.6500015258789,102.69000244140625,101.52999877929688,102.16999816894531,4383000,CVS
2022-12-12,90.43468475341797,103.79000091552734,103.79000091552734,101.66000366210938,101.66000366210938,4724200,CVS
2022-12-13,88.16924285888672,101.19000244140625,104.83000183105469,100.79000091552734,104.5999984741211,6061800,CVS
2022-12-14,87.72486877441406,100.68000030517578,101.87999725341797,99.51000213623047,101.37999725341797,5129900,CVS
2022-12-15,85.04119110107422,97.5999984741211,99.62999725341797,97.0999984741211,99.38999938964844,7073200,CVS
2022-12-16,83.16783142089844,95.44999694824219,96.76000213623047,94.55000305175781,96.52999877929688,11126600,CVS
2022-12-19,82.8193130493164,95.05000305175781,96.30999755859375,94.66999816894531,95.37999725341797,5159100,CVS
2022-12-20,82.77574920654297,95.0,95.4000015258789,94.13999938964844,94.87000274658203,5301200,CVS
2022-12-21,82.00897979736328,94.12000274658203,95.62000274658203,93.01000213623047,95.58999633789062,6278400,CVS
2022-12-22,81.38162994384766,93.4000015258789,94.04000091552734,92.44000244140625,93.5199966430664,5384100,CVS
2022-12-23,81.52103424072266,93.55999755859375,94.20999908447266,93.06999969482422,93.30999755859375,7307000,CVS
2022-12-27,81.050537109375,93.0199966430664,93.31999969482422,92.12999725341797,93.11000061035156,3977400,CVS
2022-12-28,80.823974609375,92.76000213623047,93.69000244140625,92.58000183105469,93.4000015258789,3807000,CVS
2022-12-29,81.4251937866211,93.44999694824219,93.75,92.91999816894531,93.20999908447266,3297200,CVS
2022-12-30,81.19866180419922,93.19000244140625,93.44999694824219,92.48999786376953,93.25,3568500,CVS
2023-01-03,80.95466613769531,92.91000366210938,93.05000305175781,91.04000091552734,91.72000122070312,6543500,CVS
2023-01-04,80.14435577392578,91.9800033569336,93.41000366210938,91.66000366210938,93.27999877929688,7330400,CVS
2023-01-05,78.81121826171875,90.44999694824219,92.16999816894531,90.43000030517578,91.70999908447266,8441600,CVS
2023-01-06,79.8132553100586,91.5999984741211,91.93000030517578,90.9800033569336,91.33000183105469,8957500,CVS
2023-01-09,79.7173843383789,91.48999786376953,93.25,91.41999816894531,92.13999938964844,10415900,CVS
2023-01-10,78.98548889160156,90.6500015258789,91.37000274658203,88.5,90.8499984741211,10828300,CVS
2023-01-11,78.20130920410156,89.75,91.69000244140625,89.3499984741211,91.55999755859375,10221100,CVS
2023-01-12,77.70464324951172,89.18000030517578,89.97000122070312,89.02999877929688,89.79000091552734,10466200,CVS
2023-01-13,78.34942626953125,89.91999816894531,90.4000015258789,88.51000213623047,88.69999694824219,10209500,CVS
2023-01-17,77.87020874023438,89.37000274658203,90.55999755859375,89.11000061035156,90.0999984741211,12365300,CVS
2023-01-18,76.85073852539062,88.19999694824219,89.75,88.02999877929688,89.58999633789062,9495000,CVS
2023-01-19,76.74984741210938,87.4800033569336,88.30999755859375,87.05000305175781,87.70999908447266,11430400,CVS
2023-01-20,76.32874298095703,87.0,87.48999786376953,86.75,87.4800033569336,13008000,CVS
2023-01-23,76.50420379638672,87.19999694824219,87.44999694824219,86.75,87.0,14720100,CVS
2023-01-24,75.46891784667969,86.0199966430664,86.83000183105469,85.91999816894531,86.4800033569336,14708600,CVS
2023-01-25,75.23204803466797,85.75,86.01000213623047,84.81999969482422,85.38999938964844,18389700,CVS
2023-01-26,76.90777587890625,87.66000366210938,87.76000213623047,86.02999877929688,86.45999908447266,9263400,CVS
2023-01-27,77.01305389404297,87.77999877929688,88.12000274658203,87.0,87.75,7480900,CVS
2023-01-30,76.37258911132812,87.05000305175781,88.38999938964844,86.98999786376953,87.88999938964844,8540000,CVS
2023-01-31,77.39907836914062,88.22000122070312,88.5,87.06999969482422,87.5,8189900,CVS
2023-02-01,76.75862884521484,87.48999786376953,88.18000030517578,86.68000030517578,88.01000213623047,7420300,CVS
2023-02-02,75.60931396484375,86.18000030517578,86.97000122070312,85.45999908447266,86.54000091552734,11244300,CVS
2023-02-03,75.24959564208984,85.7699966430664,87.5999984741211,85.61000061035156,86.69999694824219,7256700,CVS
2023-02-06,74.79337310791016,85.25,86.58999633789062,85.19999694824219,85.88999938964844,8319400,CVS
2023-02-07,75.43383026123047,85.9800033569336,86.62999725341797,84.5999984741211,85.1500015258789,15264800,CVS
2023-02-08,78.04830169677734,88.95999908447266,90.25,87.75,87.88999938964844,17068700,CVS
2023-02-09,79.02217102050781,90.06999969482422,90.62000274658203,89.19999694824219,89.33000183105469,10703400,CVS
2023-02-10,78.6624526977539,89.66000366210938,90.5999984741211,89.5,90.33999633789062,7718500,CVS
2023-02-13,78.84669494628906,89.87000274658203,90.58000183105469,89.13999938964844,89.58000183105469,7818900,CVS
2023-02-14,77.66228485107422,88.5199966430664,89.98999786376953,88.13999938964844,89.87000274658203,7497400,CVS
2023-02-15,77.51313781738281,88.3499984741211,88.47000122070312,87.73999786376953,87.91999816894531,6435700,CVS
2023-02-16,77.17974853515625,87.97000122070312,88.62000274658203,87.3499984741211,87.47000122070312,8317900,CVS
2023-02-17,77.71492767333984,88.58000183105469,88.75,87.87000274658203,88.11000061035156,7320800,CVS
2023-02-21,76.8726806640625,87.62000274658203,88.58999633789062,87.26000213623047,88.11000061035156,7245900,CVS
2023-02-22,76.51296997070312,87.20999908447266,87.76000213623047,86.94999694824219,87.55000305175781,5614400,CVS
2023-02-23,76.21468353271484,86.87000274658203,87.9000015258789,86.72000122070312,87.41000366210938,7283000,CVS
2023-02-24,75.24959564208984,85.7699966430664,86.69000244140625,85.47000122070312,86.44999694824219,9271000,CVS
2023-02-27,74.43366241455078,84.83999633789062,86.27999877929688,84.62999725341797,86.04000091552734,7933300,CVS
2023-02-28,73.29312896728516,83.54000091552734,84.94000244140625,83.13999938964844,84.83999633789062,9559100,CVS
2023-03-01,72.35437774658203,82.47000122070312,83.26000213623047,81.9800033569336,82.9000015258789,7444400,CVS
2023-03-02,71.44194030761719,81.43000030517578,82.38999938964844,81.36000061035156,82.05000305175781,10094700,CVS
2023-03-03,71.77532958984375,81.80999755859375,81.95999908447266,81.22000122070312,81.94999694824219,12145900,CVS
2023-03-06,72.79303741455078,82.97000122070312,83.0,81.6500015258789,82.0,10156100,CVS
2023-03-07,70.58214569091797,80.44999694824219,83.0,80.23999786376953,82.6500015258789,9669600,CVS
2023-03-08,70.02064514160156,79.80999755859375,80.6500015258789,79.52999877929688,80.33000183105469,6657000,CVS
2023-03-09,67.5552978515625,77.0,80.06999969482422,76.66000366210938,79.97000122070312,11040400,CVS
2023-03-10,67.64303588867188,77.0999984741211,78.16000366210938,76.87000274658203,77.01000213623047,7852500,CVS
2023-03-13,66.92362976074219,76.27999877929688,77.62000274658203,75.9000015258789,76.4800033569336,7165400,CVS
2023-03-14,66.29195404052734,75.55999755859375,76.88999938964844,74.79000091552734,76.76000213623047,8180500,CVS
2023-03-15,66.15155792236328,75.4000015258789,75.44000244140625,74.5199966430664,74.9000015258789,7989900,CVS
2023-03-16,66.52882385253906,75.83000183105469,76.1500015258789,74.58000183105469,75.05999755859375,6639100,CVS
2023-03-17,65.2479019165039,74.37000274658203,75.94999694824219,73.91000366210938,75.8499984741211,16807800,CVS
2023-03-20,65.7830810546875,74.9800033569336,75.58999633789062,74.62999725341797,74.62999725341797,6191000,CVS
2023-03-21,66.29195404052734,75.55999755859375,75.66000366210938,74.75,75.51000213623047,6779800,CVS
2023-03-22,65.28298950195312,74.41000366210938,76.30000305175781,74.38999938964844,75.7300033569336,6806000,CVS
2023-03-23,63.493221282958984,72.37000274658203,74.22000122070312,72.11000061035156,74.22000122070312,9031800,CVS
2023-03-24,64.2740707397461,73.26000213623047,73.55999755859375,72.12999725341797,72.33000183105469,6061500,CVS
2023-03-27,64.5460433959961,73.56999969482422,74.55999755859375,73.31999969482422,74.12999725341797,5587500,CVS
2023-03-28,64.15122985839844,73.12000274658203,74.26000213623047,72.9000015258789,73.5999984741211,6457100,CVS
2023-03-29,65.0022201538086,74.08999633789062,74.11000061035156,73.16000366210938,73.68000030517578,8064000,CVS
2023-03-30,65.53742980957031,74.69999694824219,75.2300033569336,74.04000091552734,75.1500015258789,6523500,CVS
2023-03-31,65.19527435302734,74.30999755859375,74.88999938964844,74.08000183105469,74.7699966430664,10515000,CVS
2023-04-03,66.75691986083984,76.08999633789062,76.58000183105469,74.75,75.02999877929688,9742200,CVS
2023-04-04,66.89730834960938,76.25,76.54000091552734,75.62000274658203,75.98999786376953,6469700,CVS
2023-04-05,68.21331787109375,77.75,77.80999755859375,76.0999984741211,76.38999938964844,7645500,CVS
2023-04-06,68.0290756225586,77.54000091552734,78.4800033569336,77.16000366210938,77.94999694824219,8778300,CVS
2023-04-10,66.71306610107422,76.04000091552734,77.30000305175781,75.7699966430664,76.94999694824219,9299100,CVS
2023-04-11,66.9323959350586,76.29000091552734,76.95999908447266,76.11000061035156,76.44000244140625,8746600,CVS
2023-04-12,65.73043823242188,74.91999816894531,76.66000366210938,74.79000091552734,76.33999633789062,9602300,CVS
2023-04-13,66.16909790039062,75.41999816894531,75.91999816894531,74.41999816894531,74.94000244140625,8439700,CVS
2023-04-14,65.53742980957031,74.69999694824219,75.80000305175781,74.33999633789062,75.77999877929688,7434600,CVS
2023-04-17,66.50250244140625,75.80000305175781,75.94000244140625,74.25,74.25,11724700,CVS
2023-04-18,66.80078887939453,76.13999938964844,77.19000244140625,75.44000244140625,77.06999969482422,9382900,CVS
2023-04-19,65.10753631591797,74.20999908447266,75.26000213623047,73.94000244140625,75.25,8784300,CVS
2023-04-20,64.79351043701172,73.25,73.80999755859375,72.93000030517578,73.25,8579500,CVS
2023-04-21,64.43083953857422,72.83999633789062,73.56999969482422,72.55000305175781,73.54000091552734,7054300,CVS
2023-04-24,64.9615707397461,73.44000244140625,73.55000305175781,72.55999755859375,73.19999694824219,8101700,CVS
2023-04-25,64.45738983154297,72.87000274658203,73.94999694824219,72.72000122070312,73.05000305175781,7496900,CVS
2023-04-26,63.917816162109375,72.26000213623047,72.75,71.94000244140625,72.44000244140625,8486500,CVS
2023-04-27,64.62544250488281,73.05999755859375,73.12999725341797,72.2300033569336,72.31999969482422,7151000,CVS
2023-04-28,64.8465805053711,73.30999755859375,73.58999633789062,72.66999816894531,73.02999877929688,8106100,CVS
2023-05-01,65.359619140625,73.88999938964844,74.06999969482422,72.83999633789062,73.58999633789062,5965000,CVS
2023-05-02,64.36006927490234,72.76000213623047,73.7300033569336,71.6500015258789,73.0999984741211,9031200,CVS
2023-05-03,61.98947525024414,70.08000183105469,71.54000091552734,69.31999969482422,71.4000015258789,15216200,CVS
2023-05-04,60.84839630126953,68.79000091552734,70.16999816894531,68.0999984741211,69.61000061035156,10416400,CVS
2023-05-05,62.52021789550781,70.68000030517578,71.5199966430664,70.38999938964844,71.01000213623047,10648800,CVS
2023-05-08,61.63566207885742,69.68000030517578,70.51000213623047,69.55000305175781,70.43000030517578,8329600,CVS
2023-05-09,61.89216995239258,69.97000122070312,70.26000213623047,69.4800033569336,69.58000183105469,6448000,CVS
2023-05-10,61.66218948364258,69.70999908447266,70.31999969482422,69.38999938964844,70.19000244140625,7125500,CVS
2023-05-11,61.00761795043945,68.97000122070312,69.62999725341797,68.70999908447266,69.19999694824219,6537700,CVS
2023-05-12,60.66265106201172,68.58000183105469,69.31999969482422,68.27999877929688,69.01000213623047,5670200,CVS
2023-05-15,60.901485443115234,68.8499984741211,68.88999938964844,68.20999908447266,68.58000183105469,6472300,CVS
2023-05-16,59.3535041809082,67.0999984741211,68.73999786376953,67.05000305175781,68.63999938964844,8476000,CVS
2023-05-17,61.414512634277344,69.43000030517578,69.44999694824219,67.0999984741211,67.11000061035156,11572100,CVS
2023-05-18,61.30836486816406,69.30999755859375,69.41999816894531,68.12000274658203,69.25,10537500,CVS
2023-05-19,61.37028503417969,69.37999725341797,69.88999938964844,69.13999938964844,69.33999633789062,7929100,CVS
2023-05-22,61.405670166015625,69.41999816894531,69.8499984741211,68.70999908447266,69.79000091552734,7392200,CVS
2023-05-23,61.62680435180664,69.66999816894531,69.9800033569336,68.91999816894531,69.30000305175781,6672300,CVS
2023-05-24,60.874935150146484,68.81999969482422,69.80000305175781,68.63999938964844,69.68000030517578,6519700,CVS
2023-05-25,59.85770034790039,67.66999816894531,68.5,66.61000061035156,68.5,10605400,CVS
2023-05-26,59.8311653137207,67.63999938964844,68.30000305175781,66.97000122070312,68.05000305175781,6493400,CVS
2023-05-30,59.39773941040039,67.1500015258789,67.37000274658203,66.62000274658203,67.0,10204000,CVS
2023-05-31,60.17613983154297,68.02999877929688,68.2300033569336,66.33999633789062,66.5199966430664,12753400,CVS
2023-06-01,60.928016662597656,68.87999725341797,69.7699966430664,68.05000305175781,68.33999633789062,8319700,CVS
2023-06-02,61.909873962402344,69.98999786376953,70.33999633789062,68.66000366210938,69.33999633789062,7345100,CVS
2023-06-05,62.57326889038086,70.73999786376953,71.41999816894531,70.51000213623047,70.51000213623047,7932900,CVS
2023-06-06,62.369842529296875,70.51000213623047,70.88999938964844,69.75,70.73999786376953,7401800,CVS
2023-06-07,63.22785186767578,71.4800033569336,71.77999877929688,70.19000244140625,70.69999694824219,5969600,CVS
2023-06-08,63.46666717529297,71.75,71.80999755859375,71.0,71.52999877929688,5084600,CVS
2023-06-09,63.47553253173828,71.76000213623047,72.0999984741211,71.2699966430664,71.98999786376953,4701400,CVS
2023-06-12,63.245540618896484,71.5,71.9000015258789,71.16999816894531,71.58000183105469,4868100,CVS
2023-06-13,63.917816162109375,72.26000213623047,72.83000183105469,71.23999786376953,71.5,6632700,CVS
2023-06-14,58.95545959472656,66.6500015258789,68.97000122070312,66.63999938964844,68.2699966430664,23633500,CVS
2023-06-15,61.476436614990234,69.5,69.6500015258789,67.2699966430664,67.43000030517578,15509700,CVS
2023-06-16,59.90193176269531,67.72000122070312,69.58999633789062,67.48999786376953,69.29000091552734,18211000,CVS
2023-06-20,60.74225616455078,68.66999816894531,68.95999908447266,67.6500015258789,67.75,9137900,CVS
2023-06-21,60.83070373535156,68.7699966430664,69.63999938964844,68.16000366210938,68.29000091552734,8191300,CVS
2023-06-22,61.39683151245117,69.41000366210938,69.69000244140625,68.72000122070312,68.9800033569336,6912200,CVS
2023-06-23,61.56489181518555,69.5999984741211,69.86000061035156,69.16000366210938,69.37000274658203,8569000,CVS
2023-06-26,61.78602600097656,69.8499984741211,70.62000274658203,69.26000213623047,69.83000183105469,9453000,CVS
2023-06-27,60.75111389160156,68.68000030517578,69.04000091552734,67.52999877929688,67.95999908447266,12286000,CVS
2023-06-28,60.27345657348633,68.13999938964844,68.68000030517578,67.80999755859375,68.68000030517578,8893800,CVS
2023-06-29,60.82187271118164,68.76000213623047,68.80000305175781,67.94999694824219,68.13999938964844,5941400,CVS
2023-06-30,61.14915466308594,69.12999725341797,69.51000213623047,68.52999877929688,68.95999908447266,7889300,CVS
2023-07-03,61.715267181396484,69.7699966430664,70.27999877929688,68.87999725341797,69.12000274658203,3489900,CVS
2023-07-05,61.556034088134766,69.58999633789062,70.37999725341797,69.23999786376953,69.5,8947500,CVS
2023-07-06,61.51182174682617,69.54000091552734,69.63999938964844,68.76000213623047,68.87000274658203,7952100,CVS
2023-07-07,61.18452453613281,69.16999816894531,70.23999786376953,69.01000213623047,69.54000091552734,6694300,CVS
2023-07-10,61.352596282958984,69.36000061035156,69.52999877929688,68.69999694824219,69.0,8087100,CVS
2023-07-11,63.042091369628906,71.2699966430664,71.31999969482422,69.6500015258789,69.6500015258789,7174700,CVS
2023-07-12,62.334442138671875,70.47000122070312,71.68000030517578,70.20999908447266,71.56999969482422,13736100,CVS
2023-07-13,62.997859954833984,71.22000122070312,71.62000274658203,70.72000122070312,70.77999877929688,13087400,CVS
2023-07-14,63.139381408691406,71.37999725341797,72.30000305175781,71.30999755859375,72.0,9700200,CVS
2023-07-17,62.953636169433594,71.16999816894531,71.52999877929688,70.5,71.22000122070312,7804400,CVS
2023-07-18,63.9620361328125,72.30999755859375,72.66999816894531,71.41000366210938,71.54000091552734,8480500,CVS
2023-07-19,65.79304504394531,74.37999725341797,74.56999969482422,73.16000366210938,73.26000213623047,12922700,CVS
2023-07-20,66.76959228515625,74.87000274658203,75.02999877929688,73.81999969482422,74.11000061035156,9869600,CVS
2023-07-21,66.93011474609375,75.05000305175781,75.55999755859375,74.66999816894531,75.18000030517578,9625400,CVS
2023-07-24,67.73272705078125,75.94999694824219,76.20999908447266,75.19999694824219,75.2300033569336,7495800,CVS
2023-07-25,67.47410583496094,75.66000366210938,75.9800033569336,75.41000366210938,75.75,8630100,CVS
2023-07-26,66.97468566894531,75.0999984741211,76.22000122070312,75.01000213623047,75.56999969482422,9856600,CVS
2023-07-27,67.30464935302734,75.47000122070312,75.98999786376953,75.26000213623047,75.31999969482422,8764300,CVS
2023-07-28,66.5376968383789,74.61000061035156,75.93000030517578,74.30000305175781,75.93000030517578,9475100,CVS
2023-07-31,66.60906219482422,74.69000244140625,75.0,74.30000305175781,74.86000061035156,7659000,CVS
2023-08-01,65.9491195678711,73.94999694824219,75.13999938964844,73.61000061035156,74.76000213623047,9012200,CVS
2023-08-02,68.14295196533203,76.41000366210938,77.37999725341797,72.2300033569336,72.48999786376953,22302500,CVS
2023-08-03,66.2790756225586,74.31999969482422,76.68000030517578,73.58000183105469,76.4000015258789,12771700,CVS
2023-08-04,65.00379943847656,72.88999938964844,74.55999755859375,72.61000061035156,74.19999694824219,8318900,CVS
2023-08-07,65.91344451904297,73.91000366210938,73.91999816894531,72.77999877929688,72.9800033569336,5615200,CVS
2023-08-08,65.99372100830078,74.0,74.19000244140625,72.6500015258789,73.19000244140625,6612000,CVS
2023-08-09,66.52879333496094,74.5999984741211,75.30999755859375,73.83000183105469,73.91999816894531,6914700,CVS
2023-08-10,65.9580307006836,73.95999908447266,75.3499984741211,73.68000030517578,74.83000183105469,6057700,CVS
2023-08-11,66.76959228515625,74.87000274658203,75.0,73.69000244140625,73.76000213623047,5978400,CVS
2023-08-14,66.29692840576172,74.33999633789062,74.7699966430664,74.0,74.69999694824219,7156800,CVS
2023-08-15,65.39619445800781,73.33000183105469,74.27999877929688,73.23999786376953,74.08999633789062,6222300,CVS
2023-08-16,64.8521957397461,72.72000122070312,73.58999633789062,72.68000030517578,73.2300033569336,4890200,CVS
2023-08-17,59.57270050048828,66.80000305175781,70.0,64.62000274658203,68.30000305175781,44490100,CVS
2023-08-18,59.58161544799805,66.80999755859375,67.75,66.52999877929688,66.80000305175781,15005000,CVS
2023-08-21,59.822410583496094,67.08000183105469,67.16999816894531,66.26000213623047,66.5999984741211,8643500,CVS
2023-08-22,59.7956657409668,67.05000305175781,67.69999694824219,66.7300033569336,66.98999786376953,6796500,CVS
2023-08-23,59.21596908569336,66.4000015258789,67.4800033569336,66.02999877929688,67.2300033569336,8131200,CVS
2023-08-24,59.296241760253906,66.48999786376953,67.1500015258789,66.16999816894531,66.27999877929688,7244800,CVS
2023-08-25,60.036441802978516,67.31999969482422,67.70999908447266,66.55000305175781,66.72000122070312,7383000,CVS
2023-08-28,59.965084075927734,67.23999786376953,68.02999877929688,66.88999938964844,67.93000030517578,5939800,CVS
2023-08-29,59.867000579833984,67.12999725341797,67.81999969482422,66.62000274658203,67.23999786376953,7430900,CVS
2023-08-30,59.59945297241211,66.83000183105469,67.5,66.76000213623047,67.33000183105469,4467400,CVS
2023-08-31,58.11906433105469,65.16999816894531,67.0199966430664,65.12999725341797,66.83000183105469,9829000,CVS
2023-09-01,58.564964294433594,65.66999816894531,65.94999694824219,65.38999938964844,65.4000015258789,6321400,CVS
2023-09-05,58.511451721191406,65.61000061035156,66.52999877929688,65.4800033569336,65.58000183105469,7043900,CVS
2023-09-06,58.422271728515625,65.51000213623047,65.97000122070312,65.2699966430664,65.41000366210938,7064800,CVS
2023-09-07,58.502532958984375,65.5999984741211,66.16999816894531,65.05000305175781,65.6500015258789,7181400,CVS
2023-09-08,58.71656036376953,65.83999633789062,65.88999938964844,65.0999984741211,65.41000366210938,5486000,CVS
2023-09-11,61.31171417236328,68.75,68.98999786376953,65.7699966430664,65.95999908447266,15636300,CVS
2023-09-12,62.89021301269531,70.5199966430664,70.91999816894531,68.83000183105469,69.0999984741211,13581400,CVS
2023-09-13,62.64052200317383,70.23999786376953,71.4800033569336,70.16000366210938,70.69999694824219,10486500,CVS
2023-09-14,62.38188552856445,69.94999694824219,71.02999877929688,69.79000091552734,70.8499984741211,8425000,CVS
2023-09-15,63.202354431152344,70.87000274658203,71.27999877929688,69.91999816894531,70.01000213623047,12757500,CVS
2023-09-18,63.05075454711914,70.69999694824219,71.0999984741211,70.30999755859375,70.93000030517578,9099900,CVS
2023-09-19,64.201171875,71.98999786376953,72.2699966430664,70.91999816894531,70.9800033569336,9192400,CVS
2023-09-20,63.68394088745117,71.41000366210938,72.30000305175781,70.41999816894531,72.25,11581900,CVS
2023-09-21,64.11199188232422,71.88999938964844,72.41000366210938,71.08000183105469,71.3499984741211,9295900,CVS
2023-09-22,63.45206069946289,71.1500015258789,72.19999694824219,71.12000274658203,71.5,6117100,CVS
2023-09-25,64.71842956542969,72.56999969482422,72.5999984741211,70.87999725341797,71.16999816894531,5272100,CVS
2023-09-26,63.612571716308594,71.33000183105469,72.23999786376953,71.31999969482422,72.19999694824219,5821700,CVS
2023-09-27,62.23027801513672,69.77999877929688,71.1500015258789,68.86000061035156,71.08999633789062,8214200,CVS
2023-09-28,62.453243255615234,70.02999877929688,71.05000305175781,69.75,70.16000366210938,5676300,CVS
2023-09-29,62.26594924926758,69.81999969482422,70.44999694824219,69.58999633789062,70.06999969482422,5365800,CVS
2023-10-02,62.15001678466797,69.69000244140625,69.76000213623047,68.52999877929688,69.54000091552734,5342300,CVS
2023-10-03,61.757633209228516,69.25,69.80000305175781,68.9800033569336,69.26000213623047,4392300,CVS
2023-10-04,61.51685333251953,68.9800033569336,69.41999816894531,68.08999633789062,69.19999694824219,6017100,CVS
2023-10-05,62.20352554321289,69.75,69.80999755859375,68.55999755859375,68.55999755859375,4498900,CVS
2023-10-06,62.33729553222656,69.9000015258789,70.5199966430664,69.13999938964844,69.54000091552734,4278800,CVS
2023-10-09,63.5412483215332,71.25,71.29000091552734,69.77999877929688,69.80000305175781,5634100,CVS
2023-10-10,63.96931076049805,71.7300033569336,72.02999877929688,70.87000274658203,71.1500015258789,6532100,CVS
2023-10-11,63.96931076049805,71.7300033569336,72.8499984741211,71.26000213623047,72.41000366210938,4776000,CVS
2023-10-12,63.246944427490234,70.91999816894531,72.19999694824219,70.66000366210938,72.0,6656400,CVS
2023-10-13,63.799869537353516,71.54000091552734,72.75,71.19000244140625,71.38999938964844,6610900,CVS
2023-10-16,63.755279541015625,71.48999786376953,73.33999633789062,71.0199966430664,72.75,8149800,CVS
2023-10-17,64.21902465820312,72.01000213623047,72.83999633789062,71.13999938964844,71.18000030517578,5953400,CVS
2023-10-18,63.39854049682617,71.08999633789062,72.4000015258789,70.83999633789062,72.29000091552734,8486100,CVS
2023-10-19,63.510986328125,70.61000061035156,71.61000061035156,70.08999633789062,70.19000244140625,6453700,CVS
2023-10-20,62.10783004760742,69.05000305175781,71.18000030517578,69.0199966430664,71.12000274658203,7618600,CVS
2023-10-23,62.053855895996094,68.98999786376953,69.5199966430664,68.55999755859375,68.75,6310000,CVS
2023-10-24,62.03586959838867,68.97000122070312,69.8499984741211,68.61000061035156,69.18000030517578,4958300,CVS
2023-10-25,61.640106201171875,68.52999877929688,69.02999877929688,68.0,68.61000061035156,8302700,CVS
2023-10-26,61.145408630371094,67.9800033569336,68.87000274658203,67.56999969482422,68.0,6112300,CVS
2023-10-27,59.62532043457031,66.29000091552734,67.9000015258789,66.01000213623047,67.83999633789062,6929900,CVS
2023-10-30,61.172386169433594,68.01000213623047,68.16999816894531,66.54000091552734,66.58000183105469,7905400,CVS
2023-10-31,62.07184982299805,69.01000213623047,69.1500015258789,68.19000244140625,68.37999725341797,9085200,CVS
2023-11-01,61.81999588012695,68.7300033569336,69.29000091552734,64.41000366210938,65.75,17541500,CVS
2023-11-02,62.638519287109375,69.63999938964844,70.29000091552734,68.05000305175781,68.45999908447266,9131600,CVS
2023-11-03,63.187171936035156,70.25,70.91000366210938,69.9000015258789,70.0,8030200,CVS
2023-11-06,63.9337272644043,71.08000183105469,71.33999633789062,70.29000091552734,70.30000305175781,5802300,CVS
2023-11-07,63.187171936035156,70.25,71.23999786376953,70.19000244140625,70.95999908447266,5719700,CVS
2023-11-08,61.837989807128906,68.75,70.70999908447266,68.75,70.22000122070312,6124000,CVS
2023-11-09,60.030067443847656,66.73999786376953,68.76000213623047,66.66999816894531,68.70999908447266,6625700,CVS
2023-11-10,60.87555694580078,67.68000030517578,67.72000122070312,66.12000274658203,66.80000305175781,5753400,CVS
2023-11-13,60.98350524902344,67.80000305175781,67.94000244140625,67.04000091552734,67.55999755859375,4230900,CVS
2023-11-14,61.61312484741211,68.5,69.69000244140625,68.05999755859375,68.05999755859375,7270700,CVS
2023-11-15,62.17977523803711,69.12999725341797,69.37999725341797,68.51000213623047,68.69999694824219,6782600,CVS
2023-11-16,61.38825988769531,68.25,69.41000366210938,67.5199966430664,69.30999755859375,8517400,CVS
2023-11-17,61.8919563293457,68.80999755859375,69.01000213623047,68.08000183105469,68.91999816894531,6446800,CVS
2023-11-20,61.39725112915039,68.26000213623047,68.79000091552734,67.79000091552734,68.4000015258789,6418300,CVS
2023-11-21,61.2353515625,68.08000183105469,68.55000305175781,67.69000244140625,68.44000244140625,4829400,CVS
2023-11-22,62.188777923583984,69.13999938964844,69.2300033569336,68.33999633789062,68.33999633789062,4421800,CVS
2023-11-24,62.44062042236328,69.41999816894531,69.48999786376953,68.75,68.75,2215900,CVS
2023-11-27,61.8289909362793,68.73999786376953,69.61000061035156,68.62000274658203,69.37000274658203,6334300,CVS
2023-11-28,62.350677490234375,69.31999969482422,69.52999877929688,68.5999984741211,68.86000061035156,4291800,CVS
2023-11-29,60.173988342285156,66.9000015258789,68.91000366210938,66.8499984741211,68.73999786376953,9856300,CVS
2023-11-30,61.118412017822266,67.94999694824219,68.05000305175781,66.70999908447266,67.0999984741211,12331300,CVS
2023-12-01,61.59513473510742,68.4800033569336,68.63999938964844,67.36000061035156,67.91000366210938,7094700,CVS
2023-12-04,61.59513473510742,68.4800033569336,69.4800033569336,67.7699966430664,68.41000366210938,7413600,CVS
2023-12-05,63.8797607421875,71.0199966430664,71.7699966430664,69.7300033569336,70.18000030517578,14773700,CVS
2023-12-06,66.11042785644531,73.5,74.3499984741211,71.30000305175781,71.41999816894531,16318800,CVS
2023-12-07,66.56916046142578,74.01000213623047,75.08000183105469,73.4800033569336,73.97000122070312,11383400,CVS
2023-12-08,67.54956817626953,75.0999984741211,75.5199966430664,73.87999725341797,74.37000274658203,10516100,CVS
2023-12-11,66.34428405761719,73.76000213623047,75.52999877929688,73.72000122070312,75.30000305175781,8336200,CVS
2023-12-12,66.19137573242188,73.58999633789062,74.2699966430664,73.37999725341797,73.86000061035156,7249500,CVS
2023-12-13,67.72046661376953,75.29000091552734,75.37999725341797,73.5,73.6500015258789,9012700,CVS
2023-12-14,67.00089263916016,74.48999786376953,75.77999877929688,74.30000305175781,75.38999938964844,8469000,CVS
2023-12-15,66.9469223022461,74.43000030517578,74.62000274658203,73.04000091552734,73.66000366210938,12916100,CVS
2023-12-18,67.3516845703125,74.87999725341797,75.22000122070312,74.41000366210938,75.0,7785900,CVS
2023-12-19,68.59294128417969,76.26000213623047,76.43000030517578,74.55000305175781,74.91000366210938,9035400,CVS
2023-12-20,69.47441101074219,77.23999786376953,78.47000122070312,76.1500015258789,76.62000274658203,13112000,CVS
2023-12-21,70.71566009521484,78.62000274658203,78.76000213623047,77.52999877929688,77.5999984741211,9138900,CVS
2023-12-22,70.84159851074219,78.76000213623047,79.16999816894531,78.36000061035156,79.04000091552734,6079400,CVS
2023-12-26,71.05747985839844,79.0,79.26000213623047,78.5,78.62999725341797,4069000,CVS
2023-12-27,70.89557647705078,78.81999969482422,79.22000122070312,78.51000213623047,78.66999816894531,4184600,CVS
2023-12-28,71.03048706054688,78.97000122070312,79.38999938964844,78.61000061035156,78.73999786376953,3877600,CVS
2023-12-29,71.021484375,78.95999908447266,79.16000366210938,78.63999938964844,78.87999725341797,3788700,CVS
2024-01-02,72.72146606445312,80.8499984741211,81.41000366210938,78.9000015258789,78.9000015258789,8780100,CVS
2024-01-03,72.74845886230469,80.87999725341797,81.70999908447266,80.76000213623047,81.4000015258789,6836200,CVS
2024-01-04,72.4156494140625,80.51000213623047,80.91999816894531,78.66999816894531,80.25,22085600,CVS
2024-01-05,73.23416137695312,81.41999816894531,82.16999816894531,80.55999755859375,80.62000274658203,21756100,CVS
2024-01-08,72.56856536865234,80.68000030517578,83.25,78.8499984741211,82.25,22172800,CVS
2024-01-09,72.2807388305664,80.36000061035156,81.02999877929688,80.05999755859375,80.55000305175781,20724500,CVS
2024-01-10,71.2733383178711,79.23999786376953,80.33000183105469,78.72000122070312,80.05000305175781,11833200,CVS
2024-01-11,70.99451446533203,78.93000030517578,79.47000122070312,78.7300033569336,79.37000274658203,15508100,CVS
2024-01-12,68.86277770996094,76.55999755859375,78.27999877929688,75.75,77.5999984741211,15458400,CVS
2024-01-16,69.63631439208984,77.41999816894531,77.44000244140625,76.13999938964844,76.6500015258789,12435000,CVS
2024-01-17,69.24955749511719,76.98999786376953,77.63999938964844,76.72000122070312,77.12999725341797,7922200,CVS
2024-01-18,66.45222473144531,73.87999725341797,74.04000091552734,72.5199966430664,73.12999725341797,14358600,CVS
2024-01-19,66.45677947998047,73.22000122070312,73.58999633789062,72.7300033569336,73.25,16165400,CVS
2024-01-22,67.10118103027344,73.93000030517578,74.43000030517578,73.01000213623047,73.37999725341797,13278400,CVS
2024-01-23,68.1631088256836,75.0999984741211,75.12000274658203,73.93000030517578,73.98999786376953,7168800,CVS
2024-01-24,67.33717346191406,74.19000244140625,76.5999984741211,73.98999786376953,75.98999786376953,17535800,CVS
2024-01-25,65.34038543701172,71.98999786376953,72.37999725341797,70.19000244140625,71.5,27493900,CVS
2024-01-26,66.257080078125,73.0,73.0199966430664,71.95999908447266,72.66000366210938,11689200,CVS
2024-01-29,66.6927490234375,73.4800033569336,73.63999938964844,72.86000061035156,72.91999816894531,10291700,CVS
2024-01-30,67.028564453125,73.8499984741211,74.23999786376953,73.54000091552734,74.0,7220000,CVS
2024-01-31,67.50054168701172,74.37000274658203,74.98999786376953,73.83000183105469,74.31999969482422,8678700,CVS
2024-02-01,67.09210968017578,73.91999816894531,74.51000213623047,73.45999908447266,74.43000030517578,10532300,CVS
2024-02-02,66.33876037597656,73.08999633789062,74.3499984741211,73.0199966430664,74.0,10539900,CVS
2024-02-05,65.74882507324219,72.44000244140625,73.25,71.58999633789062,73.08999633789062,23864100,CVS
2024-02-06,66.94688415527344,73.76000213623047,74.16999816894531,72.44000244140625,72.44000244140625,11651700,CVS
2024-02-07,69.0253677368164,76.05000305175781,77.4000015258789,75.05999755859375,75.1500015258789,14953200,CVS
2024-02-08,68.14495849609375,75.08000183105469,75.87000274658203,74.56999969482422,75.86000061035156,12115600,CVS
2024-02-09,69.2704086303711,76.31999969482422,76.3499984741211,74.45999908447266,75.0,9000500,CVS
2024-02-12,70.15083312988281,77.29000091552734,78.0199966430664,75.61000061035156,76.0,11201500,CVS
2024-02-13,69.5154800415039,76.58999633789062,78.30000305175781,76.18000030517578,77.0999984741211,8859800,CVS
2024-02-14,69.35211181640625,76.41000366210938,77.54000091552734,76.04000091552734,76.76000213623047,9769200,CVS
2024-02-15,69.52455139160156,76.5999984741211,77.93000030517578,76.54000091552734,76.72000122070312,13529900,CVS
2024-02-16,69.9783706665039,77.0999984741211,77.44000244140625,76.3499984741211,76.75,8242900,CVS
2024-02-20,69.26134490966797,76.30999755859375,77.56999969482422,76.13999938964844,76.91999816894531,6924000,CVS
2024-02-21,70.02375793457031,77.1500015258789,77.38999938964844,76.16999816894531,76.31999969482422,18722700,CVS
2024-02-22,69.9783706665039,77.0999984741211,77.5,76.73999786376953,77.1500015258789,5698600,CVS
2024-02-23,70.06912231445312,77.19999694824219,77.5199966430664,76.62000274658203,77.29000091552734,4337200,CVS
2024-02-26,69.3702621459961,76.43000030517578,77.94999694824219,76.29000091552734,77.4000015258789,5296400,CVS
2024-02-27,69.22503662109375,76.2699966430664,77.08999633789062,76.13999938964844,76.45999908447266,5245100,CVS
2024-02-28,68.24480438232422,75.19000244140625,76.26000213623047,74.76000213623047,76.08999633789062,6782700,CVS
2024-02-29,67.50054168701172,74.37000274658203,75.91999816894531,73.54000091552734,75.6500015258789,14536300,CVS
2024-03-01,67.01948547363281,73.83999633789062,74.66999816894531,73.04000091552734,74.62999725341797,8495700,CVS
2024-03-04,67.06488037109375,73.88999938964844,74.91000366210938,73.66000366210938,73.95999908447266,13748500,CVS
2024-03-05,66.9015121459961,73.70999908447266,75.38999938964844,73.3499984741211,74.1500015258789,14982800,CVS
2024-03-06,67.47329711914062,74.33999633789062,74.70999908447266,73.41999816894531,73.56999969482422,8839800,CVS
2024-03-07,67.43699645996094,74.30000305175781,74.95999908447266,73.56999969482422,74.3499984741211,6711800,CVS
2024-03-08,68.13587188720703,75.06999969482422,75.37000274658203,74.11000061035156,74.3499984741211,6082900,CVS
2024-03-11,68.92552185058594,75.94000244140625,76.44999694824219,74.52999877929688,74.75,6267800,CVS
2024-03-12,68.26294708251953,75.20999908447266,75.88999938964844,74.6500015258789,75.81999969482422,4637900,CVS
2024-03-13,68.14495849609375,75.08000183105469,76.01000213623047,74.76000213623047,75.1500015258789,5155700,CVS
2024-03-14,69.36116790771484,76.41999816894531,76.5,74.27999877929688,74.7699966430664,7849100,CVS
2024-03-15,70.25067138671875,77.4000015258789,77.61000061035156,75.5999984741211,75.5999984741211,17144800,CVS
2024-03-18,70.40495300292969,77.56999969482422,77.63999938964844,76.38999938964844,77.26000213623047,7117400,CVS
2024-03-19,70.84968566894531,78.05999755859375,78.9000015258789,77.69000244140625,77.88999938964844,7178000,CVS
2024-03-20,71.6847152709961,78.9800033569336,79.0,77.62999725341797,77.73999786376953,6446400,CVS
2024-03-21,71.040283203125,78.2699966430664,78.94000244140625,77.4000015258789,78.58999633789062,8800000,CVS
2024-03-22,71.23090362548828,78.4800033569336,79.5,78.37999725341797,78.37999725341797,11110500,CVS
2024-03-25,71.6847152709961,78.9800033569336,79.83000183105469,78.55000305175781,78.83000183105469,7956600,CVS
2024-03-26,71.99331665039062,79.31999969482422,79.75,77.66000366210938,77.66000366210938,10158900,CVS
2024-03-27,72.09315490722656,79.43000030517578,79.98999786376953,78.70999908447266,79.55000305175781,10263500,CVS
2024-03-28,72.39266204833984,79.76000213623047,80.75,79.31999969482422,79.54000091552734,8981300,CVS
2024-04-01,72.21114349365234,79.55999755859375,79.9800033569336,79.0999984741211,79.7300033569336,8967700,CVS
2024-04-02,67.00133514404297,73.81999969482422,75.19000244140625,71.95999908447266,74.87999725341797,23677300,CVS
2024-04-03,67.70928192138672,74.5999984741211,74.69999694824219,73.31999969482422,74.04000091552734,9200700,CVS
2024-04-04,67.07395935058594,73.9000015258789,75.2699966430664,73.77999877929688,74.87999725341797,5816300,CVS
2024-04-05,67.69114685058594,74.58000183105469,75.12000274658203,73.69999694824219,74.05999755859375,6366400,CVS
2024-04-08,67.56407165527344,74.44000244140625,74.75,73.83000183105469,74.41000366210938,6497000,CVS
2024-04-09,66.58383178710938,73.36000061035156,74.8499984741211,73.11000061035156,74.73999786376953,5933600,CVS
2024-04-10,64.57796478271484,71.1500015258789,73.18000030517578,70.83999633789062,73.0999984741211,8366100,CVS
2024-04-11,63.29819869995117,69.73999786376953,71.20999908447266,69.69999694824219,71.12000274658203,10455300,CVS
2024-04-12,62.2998046875,68.63999938964844,69.86000061035156,68.31999969482422,69.54000091552734,7691000,CVS
2024-04-15,62.590248107910156,68.95999908447266,70.0,68.77999877929688,69.12000274658203,7236200,CVS
2024-04-16,62.65378952026367,69.02999877929688,71.66000366210938,68.97000122070312,71.66000366210938,9607400,CVS
2024-04-17,62.26350021362305,68.5999984741211,69.4000015258789,67.95999908447266,69.08999633789062,8100100,CVS
2024-04-18,62.98052215576172,69.38999938964844,69.5999984741211,68.86000061035156,69.16999816894531,10087100,CVS
2024-04-19,63.91986846923828,69.75,69.94000244140625,68.79000091552734,69.16999816894531,7809700,CVS
2024-04-22,63.80988693237305,69.62999725341797,70.12000274658203,69.12999725341797,69.48999786376953,5701600,CVS
2024-04-23,62.77434539794922,68.5,70.20999908447266,68.37999725341797,69.81999969482422,8450700,CVS
2024-04-24,62.10536575317383,67.7699966430664,68.20999908447266,67.4800033569336,68.0999984741211,8652000,CVS
2024-04-25,61.70213317871094,67.33000183105469,67.75,66.87999725341797,67.5,8918200,CVS
2024-04-26,61.56468200683594,67.18000030517578,67.41999816894531,66.75,67.20999908447266,6396400,CVS
2024-04-29,61.81209182739258,67.44999694824219,67.87999725341797,67.08000183105469,67.13999938964844,6538900,CVS
2024-04-30,62.05036926269531,67.70999908447266,68.19000244140625,66.91999816894531,67.19999694824219,13488500,CVS
2024-05-01,51.6032600402832,56.310001373291016,56.88999938964844,54.0,56.0,65673500,CVS
2024-05-02,50.540218353271484,55.150001525878906,56.7400016784668,53.70000076293945,56.38999938964844,37885200,CVS
2024-05-03,51.22753143310547,55.900001525878906,56.43000030517578,54.959999084472656,55.220001220703125,23946100,CVS
2024-05-06,51.291683197021484,55.970001220703125,56.27000045776367,55.31999969482422,55.9900016784668,16620100,CVS
2024-05-07,51.080902099609375,55.7400016784668,57.09000015258789,55.58000183105469,55.65999984741211,17488100,CVS
2024-05-08,50.320281982421875,54.90999984741211,56.060001373291016,54.689998626708984,55.790000915527344,13625300,CVS
2024-05-09,51.025917053222656,55.68000030517578,55.7400016784668,54.720001220703125,54.900001525878906,10300500,CVS
2024-05-10,51.15421676635742,55.81999969482422,56.439998626708984,55.56999969482422,55.720001220703125,9288400,CVS
2024-05-13,51.7498893737793,56.470001220703125,57.54999923706055,55.880001068115234,55.90999984741211,11767600,CVS
2024-05-14,51.319175720214844,56.0,57.099998474121094,55.20000076293945,56.689998626708984,15410700,CVS
2024-05-15,51.557437896728516,56.2599983215332,56.4900016784668,55.63999938964844,56.209999084472656,16431000,CVS
2024-05-16,52.71211624145508,57.52000045776367,57.72999954223633,56.290000915527344,56.36000061035156,13974800,CVS
2024-05-17,52.85874557495117,57.68000030517578,57.70000076293945,57.08000183105469,57.650001525878906,9607700,CVS
2024-05-20,52.60215377807617,57.400001525878906,57.869998931884766,57.27000045776367,57.650001525878906,11475900,CVS
2024-05-21,52.52884292602539,57.31999969482422,57.4900016784668,56.70000076293945,57.45000076293945,16758100,CVS
2024-05-22,52.63880920410156,57.439998626708984,57.560001373291016,57.15999984741211,57.41999816894531,9543900,CVS
2024-05-23,50.99842834472656,55.650001525878906,59.72999954223633,55.47999954223633,57.18000030517578,18271100,CVS
2024-05-24,50.897621154785156,55.540000915527344,56.849998474121094,55.529998779296875,56.130001068115234,11725700,CVS
2024-05-28,49.147274017333984,53.630001068115234,55.38999938964844,53.58000183105469,55.380001068115234,14387100,CVS
2024-05-29,49.183929443359375,53.66999816894531,53.720001220703125,52.77000045776367,53.20000076293945,16543400,CVS
2024-05-30,51.35582733154297,56.040000915527344,56.220001220703125,53.599998474121094,53.66999816894531,16151200,CVS
2024-05-31,54.61825942993164,59.599998474121094,59.619998931884766,55.81999969482422,56.0,22366700,CVS
2024-06-03,55.177268981933594,60.209999084472656,60.439998626708984,59.0,59.130001068115234,17087300,CVS
2024-06-04,55.22309494018555,60.2599983215332,60.41999816894531,59.33000183105469,60.189998626708984,12873100,CVS
2024-06-05,55.62631607055664,60.70000076293945,60.709999084472656,59.619998931884766,60.2599983215332,8933000,CVS
2024-06-06,55.84625244140625,60.939998626708984,61.0099983215332,59.90999984741211,60.5,9545900,CVS
2024-06-07,56.61604309082031,61.779998779296875,61.95000076293945,60.560001373291016,60.70000076293945,12240000,CVS
2024-06-10,55.241424560546875,60.279998779296875,61.529998779296875,59.90999984741211,61.529998779296875,10629800,CVS
2024-06-11,54.984825134277344,60.0,60.209999084472656,59.560001373291016,60.08000183105469,10286300,CVS
2024-06-12,54.97566223144531,59.9900016784668,60.33000183105469,59.31999969482422,59.959999084472656,10617900,CVS
2024-06-13,55.92873001098633,61.029998779296875,61.84000015258789,59.06999969482422,59.869998931884766,14136600,CVS
2024-06-14,55.18643569946289,60.220001220703125,60.93000030517578,59.15999984741211,60.91999816894531,11690800,CVS
2024-06-17,55.98371887207031,61.09000015258789,61.2400016784668,59.84000015258789,60.0,7791300,CVS
2024-06-18,55.910404205322266,61.0099983215332,61.869998931884766,60.869998931884766,61.29999923706055,8908800,CVS
2024-06-20,55.901241302490234,61.0,61.33000183105469,60.400001525878906,60.810001373291016,6899500,CVS
2024-06-21,56.240318298339844,61.369998931884766,61.630001068115234,60.47999954223633,61.119998931884766,20869800,CVS
2024-06-24,56.57022476196289,61.72999954223633,62.06999969482422,61.27000045776367,61.5,8704700,CVS
2024-06-25,55.38804626464844,60.439998626708984,61.97999954223633,60.439998626708984,61.72999954223633,8399900,CVS
2024-06-26,55.562164306640625,60.630001068115234,60.95000076293945,59.77000045776367,60.22999954223633,8197800,CVS
2024-06-27,53.481910705566406,58.36000061035156,58.4900016784668,57.220001220703125,58.369998931884766,16224700,CVS
2024-06-28,54.12339782714844,59.060001373291016,59.9900016784668,58.470001220703125,59.0,14343500,CVS
2024-07-01,53.28946304321289,58.150001525878906,60.02000045776367,57.810001373291016,59.20000076293945,8337900,CVS
2024-07-02,52.71211624145508,57.52000045776367,58.220001220703125,57.22999954223633,58.040000915527344,7143000,CVS
2024-07-03,51.96066665649414,56.70000076293945,57.849998474121094,56.45000076293945,57.560001373291016,5371400,CVS
2024-07-05,51.887351989746094,56.619998931884766,56.7400016784668,55.849998474121094,56.66999816894531,6275300,CVS
2024-07-08,52.1347770690918,56.88999938964844,57.380001068115234,56.619998931884766,56.650001525878906,5908200,CVS
2024-07-09,52.80375671386719,57.619998931884766,57.72999954223633,55.84000015258789,56.27000045776367,8833500,CVS
2024-07-10,52.721282958984375,57.529998779296875,58.04999923706055,56.36000061035156,57.869998931884766,11035000,CVS
2024-07-11,53.34444808959961,58.209999084472656,58.34000015258789,57.41999816894531,57.41999816894531,7529500,CVS
2024-07-12,54.06841278076172,59.0,59.56999969482422,57.849998474121094,58.29999923706055,8220000,CVS
2024-07-15,53.7659912109375,58.66999816894531,59.970001220703125,58.41999816894531,59.63999938964844,6186500,CVS
2024-07-16,55.0398063659668,60.060001373291016,60.22999954223633,58.810001373291016,59.31999969482422,9724200,CVS
2024-07-17,56.451087951660156,61.599998474121094,62.0099983215332,59.7599983215332,59.869998931884766,12382500,CVS
2024-07-18,54.9023551940918,59.90999984741211,61.9900016784668,59.77000045776367,61.0,6968900,CVS
2024-07-19,54.59077072143555,59.56999969482422,60.459999084472656,59.130001068115234,60.279998779296875,7143900,CVS
2024-07-22,54.057884216308594,58.33000183105469,59.060001373291016,58.08000183105469,58.880001068115234,7913600,CVS
2024-07-23,53.72425079345703,57.970001220703125,58.209999084472656,57.31999969482422,58.16999816894531,7460500,CVS
2024-07-24,54.25251007080078,58.540000915527344,58.630001068115234,57.43000030517578,58.08000183105469,10223200,CVS
2024-07-25,54.35444641113281,58.650001525878906,60.040000915527344,58.27000045776367,58.869998931884766,8178000,CVS
2024-07-26,56.53233337402344,61.0,61.099998474121094,58.90999984741211,59.02000045776367,14553200,CVS
2024-07-29,57.060585021972656,61.56999969482422,62.040000915527344,60.27000045776367,60.689998626708984,9237800,CVS
2024-07-30,58.55266571044922,63.18000030517578,63.91999816894531,61.66999816894531,61.66999816894531,10469400,CVS
2024-07-31,55.911407470703125,60.33000183105469,62.099998474121094,60.130001068115234,60.84000015258789,12826600,CVS
2024-08-01,55.63337326049805,60.029998779296875,61.54999923706055,59.45000076293945,60.880001068115234,9214900,CVS
2024-08-02,54.97537612915039,59.31999969482422,60.63999938964844,58.189998626708984,60.2400016784668,8695500,CVS
2024-08-05,53.57596969604492,57.810001373291016,58.7599983215332,57.06999969482422,58.0,9479800,CVS
2024-08-06,54.06715393066406,58.34000015258789,58.959999084472656,57.33000183105469,57.689998626708984,11471900,CVS
2024-08-07,52.334110260009766,56.470001220703125,58.61000061035156,56.27000045776367,58.0,14976000,CVS
2024-08-08,53.613040924072266,57.849998474121094,58.099998474121094,56.209999084472656,56.29999923706055,11683600,CVS
2024-08-09,52.92723846435547,57.11000061035156,57.849998474121094,56.650001525878906,57.79999923706055,8345000,CVS
2024-08-12,51.722450256347656,55.810001373291016,57.220001220703125,55.599998474121094,57.209999084472656,8390200,CVS
2024-08-13,51.73171615600586,55.81999969482422,56.4900016784668,55.75,55.900001525878906,7839300,CVS
2024-08-14,51.88926696777344,55.9900016784668,56.41999816894531,55.75,55.880001068115234,5873200,CVS
2024-08-15,53.344276428222656,57.560001373291016,57.56999969482422,56.290000915527344,56.38999938964844,10041000,CVS
2024-08-16,54.076416015625,58.349998474121094,58.540000915527344,57.29999923706055,57.36000061035156,7442700,CVS
2024-08-19,54.49345779418945,58.79999923706055,59.13999938964844,58.380001068115234,58.40999984741211,7469100,CVS
2024-08-20,54.58613586425781,58.900001525878906,59.25,58.5099983215332,58.70000076293945,4178700,CVS
2024-08-21,54.048614501953125,58.31999969482422,59.2400016784668,58.08000183105469,58.9900016784668,4730400,CVS
2024-08-22,53.5110969543457,57.7400016784668,58.459999084472656,57.16999816894531,58.459999084472656,7883100,CVS
2024-08-23,54.44712448120117,58.75,58.849998474121094,57.77000045776367,58.060001373291016,9614400,CVS
2024-08-26,54.40078353881836,58.70000076293945,59.790000915527344,58.56999969482422,58.70000076293945,6892600,CVS
2024-08-27,53.25160598754883,57.459999084472656,58.7400016784668,57.43000030517578,58.619998931884766,6180900,CVS
2024-08-28,53.04771423339844,57.2400016784668,57.93000030517578,56.77000045776367,57.5,7963600,CVS
2024-08-29,52.79749298095703,56.970001220703125,57.47999954223633,56.5,57.349998474121094,9181000,CVS
2024-08-30,53.04771423339844,57.2400016784668,57.41999816894531,56.849998474121094,56.959999084472656,8188100,CVS
2024-09-03,53.177459716796875,57.380001068115234,58.5,57.11000061035156,57.20000076293945,11601600,CVS
2024-09-04,54.95684051513672,59.29999923706055,59.86000061035156,57.2599983215332,57.38999938964844,14231300,CVS
2024-09-05,53.816925048828125,58.06999969482422,59.630001068115234,57.400001525878906,59.5,7022200,CVS
2024-09-06,53.52035903930664,57.75,59.119998931884766,57.650001525878906,58.13999938964844,6262800,CVS
2024-09-09,52.334110260009766,56.470001220703125,58.13999938964844,55.5099983215332,57.95000076293945,9140100,CVS
2024-09-10,52.76968765258789,56.939998626708984,57.06999969482422,55.72999954223633,56.58000183105469,5113500,CVS
2024-09-11,52.00047302246094,56.11000061035156,56.349998474121094,54.810001373291016,56.349998474121094,9768400,CVS
2024-09-12,53.316471099853516,57.529998779296875,57.7400016784668,55.880001068115234,56.34000015258789,7139200,CVS
2024-09-13,53.73351287841797,57.97999954223633,58.27000045776367,57.099998474121094,57.560001373291016,7429400,CVS
2024-09-16,54.09495544433594,58.369998931884766,58.63999938964844,57.880001068115234,58.31999969482422,5169900,CVS
2024-09-17,53.59450912475586,57.83000183105469,58.75,57.560001373291016,58.369998931884766,6171100,CVS
2024-09-18,54.141292572021484,58.41999816894531,59.189998626708984,57.75,57.880001068115234,5104300,CVS
2024-09-19,54.12275695800781,58.400001525878906,59.099998474121094,58.119998931884766,58.70000076293945,4885400,CVS
2024-09-20,53.29793930053711,57.5099983215332,58.08000183105469,57.130001068115234,58.0,10240000,CVS
2024-09-23,53.353546142578125,57.56999969482422,58.099998474121094,57.31999969482422,57.56999969482422,9407100,CVS
2024-09-24,53.82619094848633,58.08000183105469,58.22999954223633,57.31999969482422,57.63999938964844,7813600,CVS
2024-09-25,54.34518051147461,58.63999938964844,59.33000183105469,58.31999969482422,58.81999969482422,11270700,CVS
2024-09-26,54.68807601928711,59.0099983215332,59.08000183105469,58.349998474121094,58.7400016784668,8357200,CVS
2024-09-27,56.88450622558594,61.380001068115234,61.86000061035156,59.290000915527344,59.45000076293945,12510200,CVS
2024-09-30,58.27463912963867,62.880001068115234,63.599998474121094,62.220001220703125,63.11000061035156,15930600,CVS
2024-10-01,57.032779693603516,61.540000915527344,63.18000030517578,60.7599983215332,63.0,16285900,CVS
2024-10-02,57.68151092529297,62.2400016784668,63.959999084472656,61.88999938964844,63.0099983215332,22297800,CVS
2024-10-03,58.31170654296875,62.91999816894531,63.220001220703125,61.459999084472656,61.95000076293945,10141600,CVS
2024-10-04,59.85939407348633,64.58999633789062,65.56999969482422,63.65999984741211,63.720001220703125,16311000,CVS
2024-10-07,60.47105407714844,65.25,65.69999694824219,64.08999633789062,64.2699966430664,11720100,CVS
2024-10-08,61.07345199584961,65.9000015258789,66.0999984741211,64.94999694824219,65.30000305175781,10476600,CVS
2024-10-09,61.13832473754883,65.97000122070312,66.0199966430664,64.91000366210938,65.9000015258789,8604800,CVS
2024-10-10,61.95387649536133,66.8499984741211,67.66999816894531,66.6500015258789,67.37999725341797,12759800,CVS
2024-10-11,61.74998474121094,66.62999725341797,67.69999694824219,66.27999877929688,67.0999984741211,12908800,CVS
2024-10-14,62.519195556640625,67.45999908447266,67.80000305175781,66.5199966430664,66.7699966430664,13436300,CVS
2024-10-15,60.23937225341797,65.0,66.08999633789062,63.599998474121094,64.47000122070312,17216600,CVS
2024-10-16,60.257904052734375,65.0199966430664,65.83000183105469,64.9000015258789,65.23999786376953,10734000,CVS
2024-10-17,59.006778717041016,63.66999816894531,63.91999816894531,62.5,63.40999984741211,9744300,CVS
2024-10-18,55.92067337036133,60.34000015258789,60.459999084472656,57.470001220703125,59.540000915527344,42250200,CVS
2024-10-21,54.510353088378906,58.16999816894531,60.279998779296875,57.869998931884766,59.75,13579700,CVS
2024-10-22,53.27339553833008,56.849998474121094,57.93000030517578,56.68000030517578,57.849998474121094,14553600,CVS
2024-10-23,53.20779800415039,56.779998779296875,57.20000076293945,56.459999084472656,56.70000076293945,9942300,CVS
2024-10-24,52.589324951171875,56.119998931884766,57.18000030517578,56.09000015258789,56.689998626708984,8811400,CVS
2024-10-25,52.93605041503906,56.4900016784668,57.36000061035156,56.33000183105469,56.380001068115234,8439000,CVS
2024-10-28,53.75131607055664,57.36000061035156,57.720001220703125,56.470001220703125,56.54999923706055,9021600,CVS
2024-10-29,52.711143493652344,56.25,57.5,56.20000076293945,57.099998474121094,6814000,CVS
2024-10-30,52.842342376708984,56.38999938964844,56.79999923706055,56.15999984741211,56.2599983215332,8643000,CVS
2024-10-31,52.907936096191406,56.459999084472656,57.31999969482422,55.939998626708984,56.75,7559000,CVS
2024-11-01,52.298831939697266,55.810001373291016,57.22999954223633,55.619998931884766,56.7400016784668,13589400,CVS
2024-11-04,51.21180725097656,54.650001525878906,56.650001525878906,54.650001525878906,55.970001220703125,11544200,CVS
2024-11-05,51.858402252197266,55.34000015258789,55.349998474121094,54.310001373291016,54.5,11115000,CVS
2024-11-06,57.73393249511719,61.61000061035156,63.33000183105469,60.81999969482422,61.70000076293945,29141100,CVS
2024-11-07,53.47956085205078,57.06999969482422,61.689998626708984,57.060001373291016,61.290000915527344,22292300,CVS
2024-11-08,52.045814514160156,55.540000915527344,57.279998779296875,55.45000076293945,57.189998626708984,13650300,CVS
2024-11-11,52.298831939697266,55.810001373291016,56.43000030517578,55.15999984741211,55.58000183105469,11570600,CVS
2024-11-12,50.63081359863281,54.029998779296875,55.619998931884766,53.5099983215332,55.619998931884766,15970300,CVS
2024-11-13,50.855712890625,54.27000045776367,54.630001068115234,53.68000030517578,53.88999938964844,8050700,CVS
2024-11-14,51.62412643432617,55.09000015258789,55.189998626708984,53.86000061035156,54.02000045776367,8792300,CVS
2024-11-15,49.843658447265625,53.189998626708984,55.060001373291016,52.709999084472656,54.9900016784668,16695400,CVS
2024-11-18,52.52372741699219,56.04999923706055,56.779998779296875,53.45000076293945,53.72999954223633,18702700,CVS
2024-11-19,52.2613410949707,55.77000045776367,56.709999084472656,55.279998779296875,55.56999969482422,12128500,CVS
2024-11-20,53.254661560058594,56.83000183105469,57.66999816894531,56.0,56.25,11449500,CVS
2024-11-21,53.50767135620117,57.099998474121094,57.150001525878906,56.400001525878906,56.79999923706055,7243200,CVS
2024-11-22,54.360416412353516,58.0099983215332,58.040000915527344,56.619998931884766,57.20000076293945,11153900,CVS
2024-11-25,56.30018615722656,60.08000183105469,60.290000915527344,58.88999938964844,59.0,15615700,CVS
2024-11-26,55.29750442504883,59.0099983215332,59.84000015258789,58.31999969482422,59.619998931884766,7884800,CVS
2024-11-27,56.187740325927734,59.959999084472656,60.13999938964844,58.88999938964844,58.97999954223633,7597400,CVS
2024-11-29,56.084659576416016,59.849998474121094,60.470001220703125,59.61000061035156,59.7599983215332,3947700,CVS
2024-12-02,55.363101959228516,59.08000183105469,59.75,58.61000061035156,59.70000076293945,11633700,CVS
2024-12-03,55.466182708740234,59.189998626708984,60.04999923706055,59.029998779296875,59.91999816894531,9011500,CVS
2024-12-04,54.39789962768555,58.04999923706055,59.349998474121094,57.779998779296875,59.0,7953800,CVS
2024-12-05,53.282772064208984,56.86000061035156,58.279998779296875,56.470001220703125,58.13999938964844,9063500,CVS
2024-12-06,51.81155014038086,55.290000915527344,57.150001525878906,55.2400016784668,57.0,9635200,CVS
2024-12-09,52.54247283935547,56.06999969482422,56.27000045776367,54.95000076293945,55.130001068115234,11535000,CVS
2024-12-10,51.68035125732422,55.150001525878906,56.0,54.47999954223633,56.0,12685400,CVS
2024-12-11,48.50362014770508,51.7599983215332,54.84000015258789,51.72999954223633,54.5,17925000,CVS
2024-12-12,46.46078109741211,49.58000183105469,52.16999816894531,49.470001220703125,51.5,22510300,CVS
2024-12-13,46.26398849487305,49.369998931884766,49.939998626708984,48.0099983215332,49.13999938964844,17647700,CVS
2024-12-16,43.668251037597656,46.599998474121094,49.119998931884766,46.380001068115234,49.0099983215332,20783500,CVS
2024-12-17,41.269309997558594,44.040000915527344,46.290000915527344,43.93000030517578,45.970001220703125,29444300,CVS
2024-12-18,42.43130111694336,45.279998779296875,46.619998931884766,44.59000015258789,44.79999923706055,26201900,CVS
2024-12-19,41.025672912597656,43.779998779296875,45.290000915527344,43.599998474121094,44.290000915527344,26006200,CVS
2024-12-20,41.569183349609375,44.36000061035156,44.77000045776367,43.68000030517578,43.720001220703125,21447300,CVS
2024-12-23,41.36302185058594,44.13999938964844,44.380001068115234,43.560001373291016,44.349998474121094,16405000,CVS
2024-12-24,41.46609878540039,44.25,44.25,43.72999954223633,44.0,5922700,CVS
2024-12-26,42.09395217895508,44.91999816894531,45.689998626708984,44.0099983215332,44.13999938964844,11335500,CVS
2024-12-27,41.69100570678711,44.4900016784668,45.060001373291016,44.2400016784668,44.70000076293945,10563800,CVS
2024-12-30,41.175601959228516,43.939998626708984,44.43000030517578,43.650001525878906,44.2400016784668,12153700,CVS
2024-12-31,42.065834045410156,44.88999938964844,45.029998779296875,43.720001220703125,43.84000015258789,11688400,CVS
2025-01-02,41.43798828125,44.220001220703125,45.36000061035156,44.11000061035156,45.11000061035156,10626100,CVS
2025-01-03,42.890480041503906,45.77000045776367,46.2599983215332,44.13999938964844,44.720001220703125,12202300,CVS
2025-01-06,42.93732833862305,45.81999969482422,47.16999816894531,45.689998626708984,46.08000183105469,16462500,CVS
2025-01-07,42.89984893798828,45.779998779296875,46.81999969482422,45.56999969482422,46.31999969482422,10244500,CVS
2025-01-08,43.11537551879883,46.0099983215332,46.18000030517578,44.91999816894531,45.650001525878906,14272800,CVS
2025-01-10,44.98954772949219,48.0099983215332,48.099998474121094,46.34000015258789,46.41999816894531,16826100,CVS
2025-01-13,48.27873229980469,51.52000045776367,51.77000045776367,49.52000045776367,50.349998474121094,25668800,CVS
2025-01-14,48.325584411621094,51.56999969482422,52.08000183105469,50.13999938964844,51.5,16623500,CVS
2025-01-15,48.85972213745117,52.13999938964844,52.279998779296875,51.41999816894531,51.810001373291016,10969700,CVS
2025-01-16,48.69104766845703,51.959999084472656,52.15999984741211,50.630001068115234,51.43000030517578,14277300,CVS
2025-01-17,49.30951690673828,52.619998931884766,52.88999938964844,51.79999923706055,52.22999954223633,13415600,CVS
2025-01-21,49.806175231933594,53.150001525878906,53.27000045776367,52.209999084472656,52.939998626708984,9962500,CVS
2025-01-22,49.656246185302734,52.9900016784668,53.5,52.34000015258789,52.75,10672900,CVS
2025-01-23,51.07499313354492,53.81999969482422,54.61000061035156,52.689998626708984,53.52000045776367,13422100,CVS
2025-01-24,51.767765045166016,54.54999923706055,54.93000030517578,53.279998779296875,53.59000015258789,13122100,CVS
2025-01-27,53.33359909057617,56.20000076293945,56.77000045776367,55.0,55.0,11342200,CVS
2025-01-28,54.405975341796875,57.33000183105469,57.619998931884766,56.0,56.060001373291016,14019700,CVS
2025-01-29,53.997901916503906,56.900001525878906,58.459999084472656,56.790000915527344,57.4900016784668,11615100,CVS
2025-01-30,53.92198181152344,56.81999969482422,57.040000915527344,55.31999969482422,56.630001068115234,11121100,CVS
2025-01-31,53.599327087402344,56.47999954223633,57.31999969482422,55.7599983215332,56.75,10820600,CVS
2025-02-03,53.096351623535156,55.95000076293945,56.66999816894531,55.25,56.08000183105469,8638400,CVS
2025-02-04,53.4759521484375,56.349998474121094,56.54999923706055,55.25,55.5099983215332,7865600,CVS
2025-02-05,52.849613189697266,55.689998626708984,56.40999984741211,55.2599983215332,56.38999938964844,7641200,CVS
2025-02-06,51.473567962646484,54.2400016784668,55.97999954223633,53.84000015258789,55.779998779296875,14970200,CVS
2025-02-07,51.25529861450195,54.0099983215332,54.810001373291016,53.900001525878906,54.540000915527344,5911500,CVS
2025-02-10,51.52102279663086,54.290000915527344,54.41999816894531,53.36000061035156,54.38999938964844,10097600,CVS
2025-02-11,52.19480895996094,55.0,55.939998626708984,54.060001373291016,54.560001373291016,12665500,CVS
2025-02-12,59.99555969238281,63.220001220703125,64.11000061035156,60.5,60.61000061035156,36562100,CVS
2025-02-13,62.98490524291992,66.37000274658203,67.33999633789062,63.560001373291016,63.86000061035156,20989100,CVS
2025-02-14,62.472442626953125,65.83000183105469,66.98999786376953,65.58000183105469,66.88999938964844,10210500,CVS
2025-02-18,62.225704193115234,65.56999969482422,66.88999938964844,64.51000213623047,64.8499984741211,10141600,CVS
2025-02-19,63.013362884521484,66.4000015258789,67.16999816894531,65.30999755859375,65.80000305175781,9736900,CVS
2025-02-20,61.770179748535156,65.08999633789062,66.30999755859375,64.98999786376953,66.25,8453800,CVS
2025-02-21,60.2422981262207,63.47999954223633,65.29000091552734,62.02000045776367,62.880001068115234,14117600,CVS
2025-02-24,59.80575942993164,63.02000045776367,64.0999984741211,62.599998474121094,63.58000183105469,8158000,CVS
2025-02-25,60.41312026977539,63.65999984741211,63.93000030517578,62.130001068115234,63.02000045776367,10320200,CVS
2025-02-26,60.6029167175293,63.86000061035156,64.05999755859375,62.59000015258789,63.599998474121094,6558200,CVS
2025-02-27,61.1912956237793,64.4800033569336,65.02999877929688,63.7599983215332,64.02999877929688,8275900,CVS
2025-02-28,62.3680534362793,65.72000122070312,65.9000015258789,64.19999694824219,64.27999877929688,10476200,CVS
2025-03-03,61.58987045288086,64.9000015258789,66.36000061035156,64.31999969482422,65.76000213623047,7078800,CVS
2025-03-04,60.935062408447266,64.20999908447266,65.41000366210938,64.0199966430664,64.33000183105469,7218100,CVS
2025-03-05,62.58632278442383,65.94999694824219,66.4000015258789,64.0199966430664,64.19999694824219,6642900,CVS
2025-03-06,61.922019958496094,65.25,66.0999984741211,64.48999786376953,65.80000305175781,5966200,CVS
2025-03-07,62.94694519042969,66.33000183105469,67.08999633789062,64.0,64.41000366210938,10083100,CVS
2025-03-10,61.90304183959961,65.2300033569336,66.9800033569336,65.0199966430664,65.68000030517578,8341000,CVS
2025-03-11,61.66579055786133,64.9800033569336,65.83000183105469,64.66000366210938,65.62999725341797,7301400,CVS
2025-03-12,61.53292465209961,64.83999633789062,66.33000183105469,64.44000244140625,64.73999786376953,10330700,CVS
2025-03-13,62.396514892578125,65.75,67.04000091552734,64.4000015258789,64.4000015258789,7689800,CVS
2025-03-14,62.3300895690918,65.68000030517578,67.25,65.45999908447266,66.3499984741211,9003700,CVS
2025-03-17,63.2506217956543,66.6500015258789,67.0999984741211,65.5199966430664,65.58999633789062,6860600,CVS
2025-03-18,64.12369537353516,67.56999969482422,68.0999984741211,66.33000183105469,66.6500015258789,11776000,CVS
2025-03-19,64.44635009765625,67.91000366210938,68.1500015258789,66.91999816894531,67.8499984741211,5873600,CVS
2025-03-20,65.13911437988281,68.63999938964844,68.87000274658203,67.62000274658203,67.93000030517578,7205600,CVS
2025-03-21,63.630218505859375,67.05000305175781,68.69000244140625,67.01000213623047,68.45999908447266,18108100,CVS
2025-03-24,64.12369537353516,67.56999969482422,68.5,67.25,67.56999969482422,11329600,CVS
2025-03-25,63.08928298950195,66.4800033569336,67.98999786376953,65.88999938964844,67.98999786376953,7537300,CVS
2025-03-26,63.77256774902344,67.19999694824219,67.47000122070312,66.62999725341797,66.83000183105469,6992600,CVS
2025-03-27,64.14266967773438,67.58999633789062,68.06999969482422,66.80999755859375,67.05999755859375,6039300,CVS
2025-03-28,63.71562957763672,67.13999938964844,67.91000366210938,66.5199966430664,67.69999694824219,6582000,CVS
2025-03-31,64.29452514648438,67.75,68.19999694824219,66.66000366210938,66.81999969482422,7457100,CVS
2025-04-01,64.5127944946289,67.9800033569336,68.13999938964844,67.08999633789062,67.83999633789062,8641500,CVS
2025-04-02,64.59819793701172,68.06999969482422,68.16999816894531,67.16999816894531,67.51000213623047,6405700,CVS
2025-04-03,64.0667495727539,67.51000213623047,69.18000030517578,65.58999633789062,65.97000122070312,12204200,CVS
2025-04-04,60.41312026977539,63.65999984741211,66.9800033569336,63.5,65.62000274658203,13295600,CVS
2025-04-07,60.59342575073242,63.849998474121094,64.75,60.33000183105469,62.0,13158500,CVS
2025-04-08,64.18062591552734,67.62999725341797,71.44999694824219,66.9000015258789,71.11000061035156,24570300,CVS
2025-04-09,66.60057830810547,70.18000030517578,71.22000122070312,66.37999725341797,66.44000244140625,17725000,CVS
2025-04-10,65.45228576660156,68.97000122070312,70.88999938964844,68.33999633789062,69.68000030517578,15828700,CVS
2025-04-11,65.96475219726562,69.51000213623047,69.98999786376953,68.0,69.0,12537400,CVS
2025-04-14,65.6705551147461,69.19999694824219,70.0199966430664,68.83000183105469,70.0,12125900,CVS
2025-04-15,65.40483856201172,68.91999816894531,69.70999908447266,68.4800033569336,69.54000091552734,11114400,CVS
2025-04-16,65.05371856689453,68.55000305175781,69.80999755859375,68.19999694824219,69.20999908447266,6899900,CVS
2025-04-17,63.857975006103516,67.29000091552734,67.83000183105469,64.0,65.41999816894531,16055700,CVS
2025-04-21,61.84610366821289,65.16999816894531,67.44000244140625,64.44999694824219,67.30000305175781,9699600,CVS
2025-04-22,62.75215148925781,65.44999694824219,65.75,64.30000305175781,64.81999969482422,9118100,CVS
2025-04-23,62.86720657348633,65.56999969482422,66.43000030517578,64.83000183105469,65.5199966430664,10834800,CVS
2025-04-24,63.20277786254883,65.91999816894531,65.98999786376953,65.20999908447266,65.80000305175781,7014000,CVS
2025-04-25,62.62751007080078,65.31999969482422,65.98999786376953,64.93000030517578,65.87000274658203,5022300,CVS
2025-04-28,62.25358200073242,64.93000030517578,66.1500015258789,64.19999694824219,65.55000305175781,7700100,CVS
2025-04-29,62.349464416503906,65.02999877929688,65.41000366210938,64.41999816894531,64.87999725341797,9314700,CVS
2025-04-30,63.960208892822266,66.70999908447266,66.81999969482422,65.36000061035156,65.75,12539500,CVS
2025-05-01,66.5872573852539,69.44999694824219,72.51000213623047,69.2699966430664,72.5,20880100,CVS
2025-05-02,64.6792984008789,67.45999908447266,70.30000305175781,67.02999877929688,69.75,14305000,CVS
2025-05-05,64.3341293334961,67.0999984741211,68.27999877929688,66.91000366210938,68.2300033569336,10652800,CVS
2025-05-06,63.50000762939453,66.2300033569336,67.29000091552734,65.91000366210938,66.91999816894531,6987300,CVS
2025-05-07,64.02732849121094,66.77999877929688,67.16000366210938,65.83999633789062,66.30999755859375,9279700,CVS
2025-05-08,65.05323028564453,67.8499984741211,68.5199966430664,66.52999877929688,66.97000122070312,9927800,CVS
2025-05-09,64.2094955444336,66.97000122070312,67.76000213623047,66.80999755859375,67.7300033569336,6357700,CVS
2025-05-12,62.13853073120117,64.80999755859375,66.47000122070312,63.04999923706055,65.66000366210938,20517400,CVS
2025-05-13,58.006187438964844,60.5,62.810001373291016,60.29999923706055,62.689998626708984,19166200,CVS
2025-05-14,57.56515121459961,60.040000915527344,61.709999084472656,59.81999969482422,61.20000076293945,13069900,CVS
2025-05-15,57.97742462158203,60.470001220703125,60.47999954223633,58.349998474121094,59.97999954223633,11223100,CVS
2025-05-16,59.9525146484375,62.529998779296875,62.689998626708984,60.38999938964844,60.560001373291016,10800100,CVS
2025-05-19,60.19220733642578,62.779998779296875,63.18000030517578,62.18000030517578,62.529998779296875,7833900,CVS
2025-05-20,61.11263656616211,63.7400016784668,64.08999633789062,62.65999984741211,62.83000183105469,7395700,CVS
2025-05-21,59.54982376098633,62.11000061035156,63.2400016784668,62.040000915527344,62.709999084472656,6199700,CVS
2025-05-22,57.737728118896484,60.220001220703125,61.470001220703125,59.90999984741211,61.29999923706055,10044300,CVS
2025-05-23,58.32258605957031,60.83000183105469,60.880001068115234,59.65999984741211,60.619998931884766,8143100,CVS
2025-05-27,58.81156539916992,61.34000015258789,61.650001525878906,60.40999984741211,60.7599983215332,7439900,CVS
2025-05-28,59.87581253051758,62.45000076293945,63.369998931884766,61.75,62.0,9157600,CVS
2025-05-29,60.19220733642578,62.779998779296875,63.08000183105469,61.779998779296875,61.9900016784668,10632800,CVS
2025-05-30,61.400272369384766,64.04000091552734,64.56999969482422,62.18000030517578,62.90999984741211,13309100,CVS
2025-06-02,60.9784049987793,63.599998474121094,64.06999969482422,62.83000183105469,63.5099983215332,6674500,CVS
2025-06-03,60.96882247924805,63.59000015258789,64.0199966430664,62.849998474121094,63.4900016784668,6453600,CVS
2025-06-04,60.949642181396484,63.56999969482422,64.47000122070312,63.540000915527344,63.650001525878906,5854100,CVS
2025-06-05,60.47984313964844,63.08000183105469,64.13999938964844,62.61000061035156,63.869998931884766,6599400,CVS
2025-06-06,60.95923614501953,63.58000183105469,63.810001373291016,63.130001068115234,63.459999084472656,3265800,CVS
2025-06-09,61.22768783569336,63.86000061035156,64.30999755859375,63.54999923706055,63.790000915527344,3684000,CVS
2025-06-10,61.6112060546875,64.26000213623047,64.52999877929688,63.70000076293945,63.79999923706055,5529400,CVS
2025-06-11,63.011024475097656,65.72000122070312,65.75,64.11000061035156,64.2699966430664,7422100,CVS
2025-06-12,63.61505889892578,66.3499984741211,66.36000061035156,64.81999969482422,65.7300033569336,6562300,CVS
2025-06-13,64.6792984008789,67.45999908447266,67.7699966430664,66.0999984741211,66.16999816894531,7562300,CVS
2025-06-16,64.91899108886719,67.70999908447266,68.30999755859375,66.68000030517578,67.55000305175781,7578400,CVS
2025-06-17,64.32454681396484,67.08999633789062,68.5999984741211,66.66999816894531,67.7300033569336,6094100,CVS
2025-06-18,64.08485412597656,66.83999633789062,67.51000213623047,66.48999786376953,66.8499984741211,5209800,CVS
2025-06-20,63.82597732543945,66.56999969482422,67.5,66.54000091552734,66.9800033569336,11829900,CVS
2025-06-23,64.05608367919922,66.80999755859375,67.12000274658203,65.87000274658203,66.37000274658203,6845200,CVS
2025-06-24,64.79435729980469,67.58000183105469,68.20999908447266,66.54000091552734,66.7300033569336,10270400,CVS
2025-06-25,63.63423538208008,66.37000274658203,67.41000366210938,66.06999969482422,67.16000366210938,7573300,CVS
2025-06-26,65.33126831054688,68.13999938964844,68.54000091552734,66.72000122070312,66.80000305175781,8099800,CVS
2025-06-27,65.6668472290039,68.48999786376953,68.81999969482422,67.87000274658203,67.98999786376953,5937400,CVS
2025-06-30,66.13665771484375,68.9800033569336,69.16999816894531,68.25,68.68000030517578,6047100,CVS
2025-07-01,66.71192169189453,69.58000183105469,70.2300033569336,68.75,68.7699966430664,5673400,CVS
2025-07-02,63.854740142822266,66.5999984741211,69.11000061035156,66.54000091552734,68.9000015258789,10820100,CVS
2025-07-03,64.6505355834961,67.43000030517578,67.77999877929688,66.62999725341797,66.91999816894531,3771000,CVS
2025-07-07,63.93144226074219,66.68000030517578,67.43000030517578,65.95999908447266,67.19999694824219,6419000,CVS
2025-07-08,64.18074035644531,66.94000244140625,67.4000015258789,66.6500015258789,66.7699966430664,4279600,CVS
2025-07-09,63.91228103637695,66.66000366210938,67.16999816894531,65.58000183105469,67.01000213623047,6330000,CVS
2025-07-10,62.91514587402344,65.62000274658203,66.87999725341797,65.36000061035156,66.87999725341797,6326800,CVS
2025-07-11,62.10976791381836,64.77999877929688,65.23999786376953,64.20999908447266,65.0999984741211,7022500,CVS
2025-07-14,61.70708084106445,64.36000061035156,64.7699966430664,64.05999755859375,64.75,6864500,CVS
2025-07-15,61.30439376831055,63.939998626708984,64.66999816894531,63.279998779296875,64.4800033569336,5956100,CVS
2025-07-16,61.170166015625,63.79999923706055,64.70999908447266,63.72999954223633,64.0,5831000,CVS
2025-07-17,60.69077682495117,63.29999923706055,63.880001068115234,62.47999954223633,63.25,7352300,CVS
2025-07-18,59.406005859375,61.959999084472656,63.439998626708984,61.5,63.349998474121094,8612000,CVS
2025-07-21,59.09919738769531,61.63999938964844,62.54999923706055,61.529998779296875,62.54999923706055,7020400,CVS
2025-07-22,59.200965881347656,61.08000183105469,62.20000076293945,60.86000061035156,61.09000015258789,6686900,CVS
2025-07-23,59.9472770690918,61.849998474121094,62.04999923706055,60.970001220703125,61.34000015258789,5448600,CVS
2025-07-24,56.94264602661133,58.75,61.650001525878906,58.5,61.650001525878906,12438600,CVS
2025-07-25,58.83265686035156,60.70000076293945,61.16999816894531,59.439998626708984,59.61000061035156,10881900,CVS
2025-07-28,57.805267333984375,59.63999938964844,61.130001068115234,59.349998474121094,60.560001373291016,8953600,CVS
2025-07-29,58.15419387817383,60.0,60.939998626708984,58.9900016784668,59.79999923706055,11026800,CVS
2025-07-30,60.3834342956543,62.29999923706055,62.880001068115234,61.0,61.70000076293945,15343800,CVS
2025-07-31,60.18959045410156,62.099998474121094,66.91999816894531,61.22999954223633,65.51000213623047,27417900,CVS
2025-08-01,60.5482063293457,62.470001220703125,62.70000076293945,61.189998626708984,62.31999969482422,11382000,CVS
2025-08-04,59.5595817565918,61.45000076293945,62.439998626708984,61.41999816894531,62.02000045776367,7866200,CVS
2025-08-05,61.4689826965332,63.41999816894531,64.02999877929688,61.349998474121094,61.45000076293945,9061900,CVS
2025-08-06,61.56590270996094,63.52000045776367,63.900001525878906,62.52000045776367,63.130001068115234,5292200,CVS
2025-08-07,61.624061584472656,63.58000183105469,63.83000183105469,62.54999923706055,63.630001068115234,4515500,CVS
2025-08-08,63.52376937866211,65.54000091552734,65.62000274658203,63.29999923706055,63.540000915527344,6461700,CVS
2025-08-11,62.884063720703125,64.87999725341797,66.25,64.73999786376953,65.62999725341797,5556300,CVS
2025-08-12,63.494693756103516,65.51000213623047,65.69999694824219,64.31999969482422,64.76000213623047,4866000,CVS
2025-08-13,63.87268829345703,65.9000015258789,66.33999633789062,65.2699966430664,65.80999755859375,5686300,CVS
2025-08-14,64.67715454101562,66.7300033569336,67.16000366210938,66.23999786376953,66.61000061035156,5872700,CVS
2025-08-15,66.48961639404297,68.5999984741211,69.12999725341797,67.41999816894531,68.19999694824219,8252500,CVS
2025-08-18,68.0113296508789,70.16999816894531,71.05000305175781,69.4000015258789,70.27999877929688,9246300,CVS
2025-08-19,68.7867202758789,70.97000122070312,71.08000183105469,69.80999755859375,69.95999908447266,5233100,CVS
2025-08-20,68.64132690429688,70.81999969482422,71.36000061035156,70.6500015258789,71.01000213623047,4984000,CVS
2025-08-21,69.2325668334961,71.43000030517578,72.12000274658203,70.55000305175781,70.88999938964844,7071400,CVS
2025-08-22,69.10657501220703,71.30000305175781,72.30000305175781,71.0999984741211,71.81999969482422,6983600,CVS
2025-08-25,69.01932525634766,71.20999908447266,71.63999938964844,70.4000015258789,71.33999633789062,4687200,CVS
2025-08-26,69.34886932373047,71.55000305175781,71.79000091552734,71.05999755859375,71.25,5333500,CVS
2025-08-27,69.71717834472656,71.93000030517578,72.08999633789062,71.56999969482422,71.62999725341797,3588100,CVS
2025-08-28,69.92072296142578,72.13999938964844,72.30000305175781,71.11000061035156,71.97000122070312,5195200,CVS
2025-08-29,70.899658203125,73.1500015258789,73.2300033569336,72.16000366210938,72.23999786376953,6394400,CVS
2025-09-02,71.81072998046875,74.08999633789062,74.52999877929688,72.87999725341797,72.9800033569336,8987900,CVS
2025-09-03,71.0644302368164,73.31999969482422,74.44999694824219,72.86000061035156,74.08999633789062,6700600,CVS
2025-09-04,71.42304229736328,73.69000244140625,73.91000366210938,72.91000366210938,73.41999816894531,4995100,CVS
2025-09-05,71.51026916503906,73.77999877929688,74.48999786376953,73.05999755859375,73.37999725341797,5075100,CVS
2025-09-08,68.09856414794922,70.26000213623047,73.98999786376953,69.5999984741211,73.83000183105469,13326400,CVS
2025-09-09,69.542724609375,71.75,73.05000305175781,70.72000122070312,71.55999755859375,10585500,CVS
2025-09-10,71.69442749023438,73.97000122070312,74.0,71.95999908447266,72.06999969482422,11451500,CVS
2025-09-11,72.37288665771484,74.66999816894531,75.0,73.27999877929688,73.83000183105469,9974200,CVS
2025-09-12,72.67335510253906,74.9800033569336,75.55000305175781,74.41999816894531,74.41999816894531,6400700,CVS
2025-09-15,71.20011138916016,73.45999908447266,75.0,72.51000213623047,74.94999694824219,7703400,CVS
2025-09-16,71.2195053100586,73.4800033569336,73.7300033569336,72.38999938964844,73.44999694824219,6585000,CVS
2025-09-17,71.72350311279297,74.0,74.83999633789062,73.51000213623047,73.66999816894531,4301300,CVS
2025-09-18,72.13058471679688,74.41999816894531,74.45999908447266,73.18000030517578,73.48999786376953,5324400,CVS
2025-09-19,72.61519622802734,74.91999816894531,76.23999786376953,74.36000061035156,74.69000244140625,13445800,CVS
2025-09-22,72.81873321533203,75.12999725341797,75.7699966430664,73.80000305175781,74.31999969482422,7226500,CVS
2025-09-23,74.14659881591797,76.5,76.91999816894531,74.91000366210938,75.08999633789062,5938900,CVS
2025-09-24,74.03028106689453,76.37999725341797,77.33999633789062,76.04000091552734,76.66999816894531,6860500,CVS
2025-09-25,72.31473541259766,74.61000061035156,76.79000091552734,74.11000061035156,76.72000122070312,6884200,CVS
2025-09-26,73.43904876708984,75.7699966430664,75.94999694824219,74.52999877929688,74.94000244140625,4900600,CVS
2025-09-29,73.24519348144531,75.56999969482422,75.8499984741211,74.08999633789062,75.69000244140625,6605300,CVS
2025-09-30,73.07073974609375,75.38999938964844,75.83000183105469,73.83000183105469,75.2300033569336,7293900,CVS
2025-10-01,74.50521850585938,76.87000274658203,77.54000091552734,75.25,75.30000305175781,11095200,CVS
2025-10-02,75.06736755371094,77.44999694824219,77.76000213623047,76.2699966430664,76.3499984741211,4905600,CVS
2025-10-03,75.10613250732422,77.48999786376953,79.19999694824219,77.08000183105469,77.44999694824219,7085400,CVS
2025-10-06,74.47612762451172,76.83999633789062,77.69000244140625,76.58000183105469,77.13999938964844,5894400,CVS
2025-10-07,74.74752044677734,77.12000274658203,77.9000015258789,76.63999938964844,77.5,4606500,CVS
2025-10-08,74.56336975097656,76.93000030517578,77.91999816894531,75.62999725341797,77.3499984741211,5062400,CVS
2025-10-09,74.37920379638672,76.73999786376953,77.66000366210938,76.52999877929688,77.25,5963900,CVS
2025-10-10,75.50352478027344,77.9000015258789,78.98999786376953,77.37999725341797,78.16000366210938,8329900,CVS
2025-10-13,76.02691650390625,78.44000244140625,79.68000030517578,77.37000274658203,77.54000091552734,8436000,CVS
2025-10-14,77.20938110351562,79.66000366210938,79.94000244140625,77.75,78.30999755859375,12540000,CVS
2025-10-15,78.18830871582031,80.66999816894531,81.93000030517578,79.8499984741211,80.0,11762200,CVS
2025-10-16,78.86678314208984,81.37000274658203,81.91000366210938,80.62999725341797,80.7300033569336,7567900,CVS
2025-10-17,79.98139953613281,82.5199966430664,82.87999725341797,81.01000213623047,81.4000015258789,6951700,CVS
2025-10-20,79.942626953125,82.4800033569336,82.62999725341797,81.5199966430664,82.45999908447266,5703300,CVS
2025-10-21,80.48539733886719,83.04000091552734,83.5199966430664,82.08000183105469,82.36000061035156,6220100,CVS
2025-10-22,79.48709106445312,82.01000213623047,83.02999877929688,81.73999786376953,82.95999908447266,6361100,CVS
2025-10-23,79.21836853027344,81.06999969482422,81.62999725341797,80.51000213623047,81.23999786376953,6025900,CVS
2025-10-24,80.05872344970703,81.93000030517578,82.16000366210938,81.08999633789062,81.5199966430664,5642500,CVS
2025-10-27,80.56684875488281,82.44999694824219,82.55999755859375,80.87999725341797,81.3499984741211,6129000,CVS
2025-10-28,80.32255554199219,82.19999694824219,83.73999786376953,81.61000061035156,83.73999786376953,9852800,CVS
2025-10-29,78.75910186767578,80.5999984741211,85.1500015258789,80.33000183105469,82.5,14783500,CVS
2025-10-30,74.93840789794922,76.69000244140625,79.0,75.91999816894531,76.08000183105469,14120200,CVS
2025-10-31,76.36506652832031,78.1500015258789,78.2300033569336,76.12000274658203,76.6500015258789,9680800,CVS
2025-11-03,76.64844512939453,78.44000244140625,78.77999877929688,77.43000030517578,78.05999755859375,8239600,CVS
2025-11-04,76.29666137695312,78.08000183105469,79.3499984741211,77.55999755859375,78.44000244140625,7129500,CVS
2025-11-05,76.75593566894531,78.55000305175781,79.26000213623047,77.88999938964844,77.98999786376953,6078900,CVS
2025-11-06,76.86341857910156,78.66000366210938,79.86000061035156,78.54000091552734,78.70999908447266,5807600,CVS
2025-11-07,77.18588256835938,78.98999786376953,79.44000244140625,78.29000091552734,79.05000305175781,4306200,CVS
2025-11-10,75.76899719238281,77.54000091552734,79.58000183105469,76.5,78.05000305175781,6905300,CVS
2025-11-11,78.04578399658203,79.87000274658203,79.9000015258789,77.66000366210938,78.0,5931700,CVS
2025-11-12,78.4268798828125,80.26000213623047,81.72000122070312,79.6500015258789,79.70999908447266,9324600,CVS
2025-11-13,77.43016815185547,79.23999786376953,79.98999786376953,78.5199966430664,79.2300033569336,7262100,CVS
2025-11-14,76.03282165527344,77.80999755859375,79.73999786376953,77.75,79.38999938964844,5170900,CVS
2025-11-17,76.61913299560547,78.41000366210938,79.87000274658203,77.73999786376953,77.91000366210938,8668200,CVS
2025-11-18,76.15985870361328,77.94000244140625,78.44000244140625,77.33999633789062,78.3499984741211,6254100,CVS
2025-11-19,74.8016128540039,76.55000305175781,78.16999816894531,76.30000305175781,77.95999908447266,7371800,CVS
2025-11-20,74.30325317382812,76.04000091552734,77.5,75.94999694824219,77.19000244140625,5258100,CVS
2025-11-21,76.247802734375,78.02999877929688,78.26000213623047,76.2300033569336,76.54000091552734,6493200,CVS
2025-11-24,76.12078094482422,77.9000015258789,78.94999694824219,77.20999908447266,78.76000213623047,9843400,CVS
2025-11-25,76.6777572631836,78.47000122070312,78.91000366210938,78.19000244140625,78.3499984741211,4732600,CVS
2025-11-26,78.0360107421875,79.86000061035156,80.5999984741211,78.29000091552734,78.79000091552734,7976100,CVS
2025-11-28,78.52458953857422,80.36000061035156,80.41000366210938,79.69999694824219,80.04000091552734,2292100,CVS
2025-12-01,77.2933578491211,79.0999984741211,81.05999755859375,78.98999786376953,79.97000122070312,6754400,CVS
2025-12-02,75.84716796875,77.62000274658203,79.43000030517578,77.19000244140625,79.37999725341797,7700900,CVS
2025-12-03,73.2870101928711,75.0,77.87999725341797,75.0,77.87000274658203,8164500,CVS
2025-12-04,74.99703979492188,76.75,76.79000091552734,74.13999938964844,75.12000274658203,8872700,CVS
2025-12-05,73.90261840820312,75.62999725341797,76.88999938964844,74.9800033569336,76.7300033569336,7768400,CVS
2025-12-08,74.78205871582031,76.52999877929688,76.94999694824219,75.0,75.94999694824219,8549700,CVS
2025-12-09,76.4530029296875,78.23999786376953,80.5,78.20999908447266,79.1500015258789,12602200,CVS
2025-12-10,77.16632843017578,78.97000122070312,79.69000244140625,78.1500015258789,78.98999786376953,14869900,CVS
2025-12-11,78.98385620117188,80.83000183105469,80.88999938964844,78.2699966430664,78.98999786376953,11065300,CVS
2025-12-12,77.6060562133789,79.41999816894531,81.08000183105469,78.68000030517578,81.0,6527200,CVS
2025-12-15,77.8698959350586,79.69000244140625,79.9000015258789,79.19000244140625,79.75,5850900,CVS
2025-12-16,76.50186920166016,78.29000091552734,79.9800033569336,77.79000091552734,79.6500015258789,4476700,CVS
2025-12-17,76.10122680664062,77.87999725341797,78.58999633789062,77.12999725341797,78.5,6305100,CVS
2025-12-18,76.0132827758789,77.79000091552734,78.2300033569336,77.36000061035156,77.63999938964844,6439400,CVS
2025-12-19,75.94488525390625,77.72000122070312,78.94999694824219,77.4000015258789,77.87999725341797,12106200,CVS
2025-12-22,76.57026672363281,78.36000061035156,78.73999786376953,77.0199966430664,77.66999816894531,5700600,CVS
2025-12-23,76.25757598876953,78.04000091552734,78.4800033569336,77.94000244140625,78.30000305175781,4027000,CVS
2025-12-24,77.31291961669922,79.12000274658203,79.25,78.12000274658203,78.12000274658203,1849300,CVS
2025-12-26,77.79171752929688,79.61000061035156,79.69000244140625,79.0199966430664,79.0199966430664,3236500,CVS
2025-12-29,78.19235229492188,80.0199966430664,80.2300033569336,79.5999984741211,79.62999725341797,4429800,CVS
2025-12-30,78.02623748779297,79.8499984741211,80.23999786376953,79.5999984741211,80.0,3409600,CVS
2025-12-31,77.54742431640625,79.36000061035156,79.8499984741211,79.31999969482422,79.79000091552734,3107900,CVS
2026-01-02,78.29984283447266,80.12999725341797,80.79000091552734,78.61000061035156,79.27999877929688,5428300,CVS
2026-01-05,78.58321380615234,80.41999816894531,80.81999969482422,78.22000122070312,80.0,8090600,CVS
2026-01-06,78.85681915283203,80.69999694824219,81.76000213623047,79.36000061035156,80.3499984741211,10636600,CVS
2026-01-07,77.96760559082031,79.79000091552734,81.33999633789062,79.7300033569336,80.95999908447266,5948500,CVS
2026-01-08,78.75910186767578,80.5999984741211,81.08000183105469,79.20999908447266,79.91999816894531,7176500,CVS
2026-01-09,78.4659652709961,80.30000305175781,81.16000366210938,79.29000091552734,80.80999755859375,7968700,CVS
2026-01-12,78.52458953857422,80.36000061035156,80.94999694824219,78.9800033569336,80.75,7400700,CVS
2026-01-13,78.8372802734375,80.68000030517578,81.05000305175781,80.04000091552734,80.36000061035156,8095200,CVS
2026-01-14,77.51811218261719,79.33000183105469,80.95999908447266,79.20999908447266,80.86000061035156,4488100,CVS
2026-01-15,79.50174713134766,81.36000061035156,81.41999816894531,78.12000274658203,79.27999877929688,10428300,CVS
2026-01-16,76.8047866821289,78.5999984741211,81.55999755859375,78.47000122070312,81.30999755859375,9597900,CVS
2026-01-20,78.2607421875,80.08999633789062,80.5,77.5999984741211,78.33999633789062,10380000,CVS
2026-01-21,79.62877655029297,81.48999786376953,82.08000183105469,80.23999786376953,80.44999694824219,9138500,CVS
2026-01-22,81.4563217163086,82.68000030517578,82.68000030517578,80.76000213623047,80.98999786376953,6423500,CVS
2026-01-23,81.78144836425781,83.01000213623047,83.29000091552734,81.98999786376953,82.33000183105469,7340900,CVS
2026-01-26,82.62871551513672,83.87000274658203,84.0,82.5,83.25,9269600,CVS
2026-01-27,70.93438720703125,72.0,77.30000305175781,70.69000244140625,75.38999938964844,44211500,CVS
2026-01-28,72.9343490600586,74.02999877929688,74.36000061035156,71.41999816894531,71.62999725341797,13569700,CVS
2026-01-29,73.3382797241211,74.44000244140625,74.91999816894531,73.6500015258789,73.88999938964844,10592200,CVS
2026-01-30,73.4170913696289,74.5199966430664,74.91999816894531,73.26000213623047,74.11000061035156,10221500,CVS
2026-02-02,74.30377197265625,75.41999816894531,75.77999877929688,73.4000015258789,74.36000061035156,10709000,CVS
2026-02-03,75.69290924072266,76.83000183105469,76.88999938964844,75.45999908447266,75.45999908447266,7162100,CVS
2026-02-04,74.12643432617188,75.23999786376953,77.5199966430664,75.06999969482422,76.73999786376953,11608500,CVS
2026-02-05,75.20030975341797,76.33000183105469,77.33999633789062,75.0199966430664,75.2300033569336,8156600,CVS
2026-02-06,77.1904067993164,78.3499984741211,78.95999908447266,76.19000244140625,76.37000274658203,7082800,CVS
2026-02-09,74.64859771728516,75.7699966430664,78.66999816894531,75.51000213623047,77.54000091552734,10729400,CVS
2026-02-10,74.57962799072266,75.69999694824219,78.36000061035156,73.0,73.7699966430664,13120300,CVS
2026-02-11,75.88008880615234,77.0199966430664,77.0199966430664,74.33999633789062,75.69999694824219,10625400,CVS
2026-02-12,76.77662658691406,77.93000030517578,79.06999969482422,77.08000183105469,77.51000213623047,8057600,CVS
2026-02-13,77.31848907470703,78.4800033569336,79.08999633789062,77.6500015258789,77.75,6720700,CVS
2026-02-17,77.0426254272461,78.19999694824219,79.75,77.8499984741211,79.18000030517578,5795400,CVS
2026-02-18,76.59929656982422,77.75,78.08000183105469,77.01000213623047,77.9000015258789,5217200,CVS
2026-02-19,76.17565155029297,77.31999969482422,78.27999877929688,76.43000030517578,78.0199966430664,5346100,CVS
2026-02-20,75.55497741699219,76.69000244140625,77.5,75.72000122070312,77.11000061035156,6172900,CVS
2026-02-23,75.86038970947266,77.0,77.79000091552734,75.69999694824219,76.0199966430664,6498900,CVS
2026-02-24,73.0821304321289,74.18000030517578,76.95999908447266,72.91999816894531,76.95999908447266,12199400,CVS
2026-02-25,75.06238555908203,76.19000244140625,76.62999725341797,75.01000213623047,75.30000305175781,8126200,CVS
2026-02-26,76.8554458618164,78.01000213623047,78.68000030517578,76.33999633789062,76.33999633789062,6319200,CVS
2026-02-27,78.71747589111328,79.9000015258789,79.9000015258789,77.5,78.0199966430664,14699300,CVS
2026-03-02,80.45143127441406,81.66000366210938,81.68000030517578,79.27999877929688,79.88999938964844,12488700,CVS
2026-03-03,79.29873657226562,80.48999786376953,81.69000244140625,79.12999725341797,81.18000030517578,7090900,CVS
2026-03-04,79.37755584716797,80.56999969482422,81.08999633789062,79.66999816894531,80.41000366210938,6804700,CVS
2026-03-05,77.52538299560547,78.69000244140625,80.31999969482422,78.30000305175781,79.95999908447266,10055800,CVS
2026-03-06,76.76677703857422,77.91999816894531,78.86000061035156,76.93000030517578,78.7699966430664,7139700,CVS
2026-03-09,77.10174560546875,78.26000213623047,78.41000366210938,76.30000305175781,77.23999786376953,6872200,CVS
2026-03-10,75.1904525756836,76.31999969482422,78.75,76.0999984741211,78.58999633789062,6480800,CVS
2026-03-11,74.5993423461914,75.72000122070312,76.51000213623047,75.31999969482422,76.0,5530400,CVS
2026-03-12,74.94416046142578,76.06999969482422,77.58999633789062,75.98999786376953,76.80999755859375,7721000,CVS
2026-03-13,75.00326538085938,76.12999725341797,77.16999816894531,76.02999877929688,76.83999633789062,4537900,CVS
2026-03-16,74.71755981445312,75.83999633789062,77.08000183105469,75.7699966430664,76.44999694824219,5392900,CVS
2026-03-17,73.70279693603516,74.80999755859375,76.62000274658203,74.12000274658203,76.33000183105469,8348700,CVS
2026-03-18,71.93929290771484,73.0199966430664,74.47000122070312,73.0,74.38999938964844,7089700,CVS
2026-03-19,70.79646301269531,71.86000061035156,73.8499984741211,71.5999984741211,73.19999694824219,9066600,CVS
2026-03-20,70.42208862304688,71.4800033569336,71.7300033569336,70.20999908447266,71.5,18871400,CVS
2026-03-23,70.23490142822266,71.29000091552734,72.45999908447266,70.61000061035156,72.29000091552734,8156400,CVS
2026-03-24,71.7225570678711,72.80000305175781,73.27999877929688,70.25,71.0,8527900,CVS
2026-03-25,71.11173248291016,72.18000030517578,73.37999725341797,71.44000244140625,72.73999786376953,5363400,CVS
2026-03-26,70.12652587890625,71.18000030517578,72.62999725341797,71.0199966430664,72.0199966430664,4129100,CVS
2026-03-27,69.04280853271484,70.08000183105469,71.43000030517578,69.66999816894531,71.0999984741211,6105500,CVS
2026-03-30,69.10191345214844,70.13999938964844,71.45999908447266,69.51000213623047,71.12999725341797,7306200,CVS
2026-03-31,70.75704956054688,71.81999969482422,72.19999694824219,70.25,70.4000015258789,7718600,CVS
2026-04-01,71.4171371459961,72.48999786376953,72.75,71.81999969482422,72.05999755859375,5099600,CVS
2026-04-02,72.40233612060547,73.48999786376953,73.68000030517578,72.12000274658203,72.5,6034300,CVS
2026-04-06,72.19544219970703,73.27999877929688,73.75,72.0999984741211,73.48999786376953,4948700,CVS
2026-04-07,77.06233978271484,78.22000122070312,78.58999633789062,75.44000244140625,77.41999816894531,16422500,CVS
2026-04-08,77.6239013671875,78.79000091552734,78.86000061035156,77.72000122070312,78.63999938964844,6758600,CVS
2026-04-09,77.67315673828125,78.83999633789062,79.55999755859375,78.30999755859375,78.76000213623047,5160900,CVS
2026-04-10,78.1559066772461,79.33000183105469,79.45999908447266,78.44000244140625,78.9800033569336,6857800,CVS
2026-04-13,76.93425750732422,78.08999633789062,78.81999969482422,77.54000091552734,78.13999938964844,6714700,CVS
2026-04-14,76.47122192382812,77.62000274658203,78.9800033569336,77.55999755859375,77.9000015258789,6105000,CVS
2026-04-15,73.88013458251953,74.98999786376953,77.44999694824219,74.87000274658203,77.1500015258789,8660900,CVS
2026-04-16,75.65349578857422,76.79000091552734,76.80999755859375,74.77999877929688,74.9000015258789,10594500,CVS
2026-04-17,76.15595245361328,77.30000305175781,77.79000091552734,76.23999786376953,76.69000244140625,8683700,CVS
2026-04-20,75.44660949707031,76.58000183105469,77.30999755859375,76.29000091552734,77.0,7439700,CVS
2026-04-21,76.21505737304688,77.36000061035156,79.05000305175781,76.5999984741211,78.98999786376953,7442500,CVS
2026-04-22,75.298828125,76.43000030517578,78.30000305175781,76.30999755859375,77.9000015258789,5148000,CVS
2026-04-23,78.37478637695312,78.86000061035156,79.63999938964844,76.0999984741211,76.0999984741211,9017500,CVS
2026-04-24,77.46044921875,77.94000244140625,79.04000091552734,77.45999908447266,78.87999725341797,7374300,CVS
2026-04-27,77.87786102294922,78.36000061035156,78.66999816894531,77.61000061035156,77.86000061035156,5735100,CVS
2026-04-28,80.48174285888672,80.9800033569336,81.37000274658203,79.04000091552734,79.18000030517578,8307000,CVS
2026-04-29,83.38377380371094,83.9000015258789,83.93000030517578,81.0,81.22000122070312,7609600,CVS
2026-04-30,82.77752685546875,83.29000091552734,83.8499984741211,82.33000183105469,83.83000183105469,8332100,CVS
2026-05-01,81.58490753173828,82.08999633789062,83.73999786376953,82.06999969482422,83.44999694824219,4941900,CVS
2026-05-04,81.50540161132812,82.01000213623047,83.0199966430664,81.68000030517578,82.30000305175781,5375700,CVS
2026-05-05,80.19352722167969,80.69000244140625,82.30000305175781,80.4000015258789,82.05999755859375,7304700,CVS
2026-05-06,86.3255615234375,86.86000061035156,88.62999725341797,85.12000274658203,85.51000213623047,15185200,CVS
2026-05-07,86.8224868774414,87.36000061035156,87.98999786376953,86.22000122070312,87.0,9388700,CVS
2026-05-08,89.99285888671875,90.55000305175781,90.88999938964844,87.36000061035156,88.0,11162700,CVS
2026-05-11,91.65258026123047,92.22000122070312,92.7699966430664,90.62999725341797,91.16000366210938,12024400,CVS
2026-05-12,94.5645523071289,95.1500015258789,95.36000061035156,91.5,92.22000122070312,12802600,CVS
2026-05-13,97.50634002685547,98.11000061035156,98.22000122070312,94.30000305175781,95.5,12552700,CVS
2026-05-14,96.55225372314453,97.1500015258789,98.43000030517578,96.58000183105469,98.31999969482422,9299200,CVS
2026-05-15,95.30000305175781,95.88999938964844,97.87000274658203,95.83999633789062,97.5,8798400,CVS
2026-05-18,95.39938354492188,95.98999786376953,96.44999694824219,94.87999725341797,95.69999694824219,7208400,CVS
2026-05-19,93.60052490234375,94.18000030517578,95.45999908447266,93.91999816894531,95.20999908447266,12935800,CVS
2026-05-20,92.70606231689453,93.27999877929688,96.37000274658203,93.0,95.18000030517578,7886200,CVS
2026-05-21,92.74581146240234,93.31999969482422,93.93000030517578,92.55999755859375,93.16000366210938,6479000,CVS
2026-05-22,92.68618774414062,93.26000213623047,94.1500015258789,93.0,93.29000091552734,4838500,CVS
2026-05-26,90.1717529296875,90.7300033569336,93.51000213623047,90.70999908447266,93.05999755859375,5623600,CVS
2026-05-27,91.50350189208984,92.06999969482422,92.08999633789062,90.6500015258789,90.98999786376953,5402900,CVS
2026-05-28,92.3979721069336,92.97000122070312,94.18000030517578,91.9800033569336,92.20999908447266,6901300,CVS
2026-05-29,90.42021179199219,90.9800033569336,93.58000183105469,90.56999969482422,92.66999816894531,9729500,CVS
2026-06-01,90.06243133544922,90.62000274658203,91.8499984741211,90.19000244140625,91.12999725341797,5153800,CVS
2026-06-02,88.9493179321289,89.5,91.19999694824219,89.41999816894531,90.55000305175781,5652000,CVS
2026-06-03,90.80781555175781,91.37000274658203,93.31999969482422,90.0,90.05000305175781,7581500,CVS
2026-06-04,94.23658752441406,94.81999969482422,94.87000274658203,93.0,93.55000305175781,12339800,CVS
2026-06-05,95.33975219726562,95.93000030517578,96.62999725341797,94.97000122070312,94.97000122070312,9704800,CVS
2026-06-08,96.48268127441406,97.08000183105469,97.2699966430664,94.88999938964844,95.94999694824219,6082300,CVS
2026-06-09,96.46279907226562,97.05999755859375,97.5199966430664,95.91999816894531,96.69999694824219,6175600,CVS
2026-06-10,97.4168930053711,98.0199966430664,98.61000061035156,96.12999725341797,97.76000213623047,8732700,CVS
2026-06-11,99.86176300048828,100.4800033569336,100.55000305175781,97.0999984741211,98.23999786376953,14115900,CVS
2026-06-12,101.33264923095703,101.95999908447266,102.7699966430664,100.01000213623047,100.88999938964844,11178400,CVS
2026-06-15,100.06053161621094,100.68000030517578,101.37999725341797,98.87000274658203,100.86000061035156,7417100,CVS
2026-06-16,100.10028076171875,100.72000122070312,101.0,98.75,100.7300033569336,5057900,CVS
2026-06-17,98.54988861083984,99.16000366210938,100.7699966430664,98.55999755859375,100.30999755859375,6077900,CVS
2026-06-18,97.71504974365234,98.31999969482422,99.22000122070312,97.83999633789062,99.16000366210938,21578800,CVS
2026-06-22,100.67671966552734,101.30000305175781,103.12000274658203,99.0,99.79000091552734,9810600,CVS
2026-06-23,100.94505310058594,101.56999969482422,102.05000305175781,100.79000091552734,101.55999755859375,6435000,CVS
2026-06-24,101.24320983886719,101.87000274658203,102.41000366210938,99.80999755859375,101.87000274658203,8491200,CVS
2026-06-25,104.01604461669922,104.66000366210938,104.94000244140625,102.27999877929688,102.27999877929688,8919500,CVS
2026-06-26,103.69800567626953,104.33999633789062,106.1500015258789,103.55000305175781,104.86000061035156,9690500,CVS
2026-06-29,102.94268798828125,103.58000183105469,104.33999633789062,103.04000091552734,103.80000305175781,4788400,CVS
2026-06-30,102.81348419189453,103.44999694824219,104.66999816894531,102.69000244140625,104.06999969482422,5623500,CVS
2026-07-01,104.16511535644531,104.80999755859375,104.87000274658203,102.76000213623047,103.41000366210938,7508100,CVS
2026-07-02,104.07567596435547,104.72000122070312,105.2300033569336,103.22000122070312,104.58000183105469,5522600,CVS
2026-07-06,101.45191955566406,102.08000183105469,105.37999725341797,101.77999877929688,105.08999633789062,5709600,CVS
2026-07-07,103.68807220458984,104.33000183105469,104.5199966430664,102.4000015258789,103.6500015258789,4967000,CVS
2026-07-08,103.82720947265625,104.47000122070312,105.69000244140625,103.75,104.31999969482422,4766300,CVS
2026-07-09,102.17742156982422,102.80999755859375,105.1500015258789,102.33999633789062,104.7699966430664,8474200,CVS
2026-07-10,103.5091781616211,104.1500015258789,105.45999908447266,102.4000015258789,103.69000244140625,9356300,CVS
2026-07-13,105.2484130859375,105.9000015258789,106.4000015258789,104.62000274658203,105.0,7264400,CVS
2026-07-14,105.52668762207031,106.18000030517578,106.93000030517578,105.0999984741211,106.58999633789062,11396100,CVS
2026-07-15,105.25835418701172,105.91000366210938,107.94000244140625,103.55999755859375,105.54000091552734,6939400,CVS
2026-07-16,105.84471893310547,106.5,108.66999816894531,105.68000030517578,108.12000274658203,12025100,CVS
2026-07-17,106.80875396728516,107.47000122070312,108.97000122070312,106.61000061035156,107.36000061035156,6608700,CVS
2026-07-20,106.94789123535156,107.61000061035156,108.9000015258789,107.12999725341797,107.30999755859375,6628800,CVS
2026-07-21,109.91949462890625,110.5999984741211,110.62000274658203,107.30000305175781,107.83999633789062,9856300,CVS
2026-07-22,107.41500091552734,108.08000183105469,110.68000030517578,107.87000274658203,110.2300033569336,9536300,CVS
2026-07-23,106.88999938964844,106.88999938964844,107.55000305175781,106.0,107.2699966430664,5823900,CVS
2026-07-24,107.73999786376953,107.73999786376953,108.38999938964844,106.91000366210938,107.6500015258789,5370500,CVS
2026-07-27,107.06999969482422,107.06999969482422,107.87999725341797,105.36000061035156,107.41000366210938,7857400,CVS
2026-07-28,109.33999633789062,109.33999633789062,109.58999633789062,107.08000183105469,107.97000122070312,6681700,CVS
2026-07-29,105.91999816894531,105.91999816894531,110.0,105.83999633789062,110.0,7717700,CVS
2026-07-30,105.22000122070312,105.22000122070312,105.4800033569336,103.01000213623047,105.0,7738000,CVS
2026-07-31,104.43000030517578,104.43000030517578,105.7699966430664,104.30999755859375,105.48999786376953,7081300,CVS
2026-08-03,105.37000274658203,105.37000274658203,105.69000244140625,104.25,105.36000061035156,5377300,CVS
2026-08-04,104.41999816894531,104.41999816894531,105.0,103.2699966430664,105.0,7229200,CVS
2026-08-05,99.12000274658203,99.12000274658203,100.55000305175781,93.5,93.72000122070312,18514600,CVS
2026-08-06,96.22000122070312,96.22000122070312,101.0,96.0999984741211,100.9800033569336,10583000,CVS
2026-08-07,95.69999694824219,95.69999694824219,96.27999877929688,94.56999969482422,95.19999694824219,12403400,CVS
2026-08-10,95.66999816894531,95.66999816894531,96.33999633789062,94.68000030517578,95.33000183105469,7025200,CVS
2026-08-11,93.5,93.5,96.36000061035156,93.01000213623047,95.47000122070312,8122800,CVS
2026-08-12,94.72000122070312,94.72000122070312,95.1500015258789,93.1500015258789,93.75,8257500,CVS
2026-08-13,94.98999786376953,94.98999786376953,96.12000274658203,94.48999786376953,95.44000244140625,6493200,CVS
2026-08-14,97.16999816894531,97.16999816894531,97.51000213623047,94.41000366210938,94.5999984741211,8032351,CVS
