Date,Adj Close,Close,High,Low,Open,Volume,Ticker
2016-08-15,49.305763244628906,56.00400161743164,56.06399917602539,55.731998443603516,55.933998107910156,2393000,ICE
2016-08-16,48.969444274902344,55.62200164794922,56.11600112915039,55.62200164794922,55.79999923706055,1932500,ICE
2016-08-17,49.56987762451172,56.30400085449219,56.36199951171875,55.672000885009766,55.72200012207031,2056500,ICE
2016-08-18,49.54170608520508,56.27199935913086,56.38399887084961,56.150001525878906,56.2760009765625,1989000,ICE
2016-08-19,49.36033630371094,56.066001892089844,56.37799835205078,55.83399963378906,56.21200180053711,1828500,ICE
2016-08-22,49.21241760253906,55.89799880981445,56.15599822998047,55.81800079345703,56.066001892089844,1676000,ICE
2016-08-23,49.10501480102539,55.7760009765625,56.2599983215332,55.72600173950195,56.2599983215332,1542000,ICE
2016-08-24,48.79863357543945,55.428001403808594,55.75400161743164,55.310001373291016,55.65399932861328,2212000,ICE
2016-08-25,48.80567932128906,55.43600082397461,55.50199890136719,55.209999084472656,55.327999114990234,1888000,ICE
2016-08-26,48.893714904785156,55.5359992980957,55.86800003051758,55.209999084472656,55.560001373291016,1674000,ICE
2016-08-29,49.04867172241211,55.71200180053711,56.08000183105469,55.459999084472656,55.540000915527344,2274500,ICE
2016-08-30,49.295196533203125,55.992000579833984,56.029998779296875,55.35599899291992,55.77399826049805,2975000,ICE
2016-08-31,49.65791702270508,56.40399932861328,56.43000030517578,55.74800109863281,55.854000091552734,3154500,ICE
2016-09-01,50.068172454833984,56.869998931884766,57.29399871826172,56.332000732421875,56.513999938964844,3703500,ICE
2016-09-02,50.247772216796875,57.07400131225586,57.11399841308594,56.70399856567383,57.04399871826172,1921000,ICE
2016-09-06,50.15796661376953,56.97200012207031,57.40399932861328,56.7599983215332,57.141998291015625,3946000,ICE
2016-09-07,49.94490051269531,56.72999954223633,56.79199981689453,56.33000183105469,56.624000549316406,2363000,ICE
2016-09-08,49.747703552246094,56.50600051879883,56.70000076293945,56.31999969482422,56.61000061035156,2683000,ICE
2016-09-09,49.69840621948242,56.45000076293945,56.667999267578125,56.071998596191406,56.34199905395508,4113500,ICE
2016-09-12,50.18086624145508,56.99800109863281,57.145999908447266,55.7599983215332,55.7599983215332,4145500,ICE
2016-09-13,49.59275817871094,56.33000183105469,56.832000732421875,56.12799835205078,56.619998931884766,4095000,ICE
2016-09-14,49.41614532470703,55.959999084472656,56.45199966430664,55.922000885009766,56.15800094604492,4206000,ICE
2016-09-15,49.75524139404297,56.34400177001953,56.52000045776367,55.96200180053711,55.9739990234375,2561000,ICE
2016-09-16,49.71639633178711,56.29999923706055,56.4119987487793,55.84000015258789,56.13999938964844,3187000,ICE
2016-09-19,49.848846435546875,56.45000076293945,56.6879997253418,56.2239990234375,56.44599914550781,1803000,ICE
2016-09-20,49.48855972290039,56.04199981689453,56.76599884033203,56.04199981689453,56.54800033569336,1459000,ICE
2016-09-21,49.850608825683594,56.45199966430664,56.50400161743164,56.0,56.16999816894531,1703000,ICE
2016-09-22,49.57862854003906,56.14400100708008,56.720001220703125,55.9119987487793,56.650001525878906,1952000,ICE
2016-09-23,48.76445007324219,55.22200012207031,56.071998596191406,55.22200012207031,56.066001892089844,2997500,ICE
2016-09-26,48.39885330200195,54.80799865722656,55.284000396728516,54.65999984741211,55.150001525878906,2608000,ICE
2016-09-27,48.30879592895508,54.70600128173828,54.97600173950195,54.47600173950195,54.678001403808594,2403000,ICE
2016-09-28,47.85490036010742,54.19200134277344,54.87799835205078,53.88600158691406,54.76599884033203,3871000,ICE
2016-09-29,47.40275573730469,53.68000030517578,54.5,53.41600036621094,54.00600051879883,2953500,ICE
2016-09-30,47.57231140136719,53.87200164794922,54.21200180053711,53.79999923706055,53.970001220703125,3410500,ICE
2016-10-03,47.273834228515625,53.534000396728516,53.922000885009766,53.43600082397461,53.667999267578125,4497000,ICE
2016-10-04,47.289730072021484,53.551998138427734,54.04999923706055,53.47600173950195,53.597999572753906,2449000,ICE
2016-10-05,47.386878967285156,53.6619987487793,53.72800064086914,53.32600021362305,53.59199905395508,3207500,ICE
2016-10-06,47.28267288208008,53.54399871826172,53.67599868774414,53.354000091552734,53.507999420166016,1792500,ICE
2016-10-07,47.21025085449219,53.46200180053711,53.65399932861328,53.15599822998047,53.619998931884766,1692500,ICE
2016-10-10,47.40275573730469,53.68000030517578,53.959999084472656,53.38800048828125,53.77199935913086,2680000,ICE
2016-10-11,46.864097595214844,53.06999969482422,53.827999114990234,52.98400115966797,53.70000076293945,3266500,ICE
2016-10-12,47.21379852294922,53.465999603271484,53.551998138427734,52.90999984741211,53.15999984741211,2350500,ICE
2016-10-13,47.07780456542969,53.3120002746582,53.391998291015625,52.933998107910156,53.17399978637695,3073000,ICE
2016-10-14,47.913169860839844,54.257999420166016,54.50199890136719,53.57400131225586,53.69599914550781,3297000,ICE
2016-10-17,46.9594612121582,53.178001403808594,54.38600158691406,53.14799880981445,54.242000579833984,2349500,ICE
2016-10-18,47.27030563354492,53.529998779296875,53.95000076293945,53.220001220703125,53.66999816894531,1899000,ICE
2016-10-19,47.166114807128906,53.4119987487793,53.83399963378906,53.20600128173828,53.73400115966797,1899000,ICE
2016-10-20,46.807579040527344,53.00600051879883,53.59600067138672,53.00199890136719,53.38199996948242,2023000,ICE
2016-10-21,47.03717041015625,53.26599884033203,53.39799880981445,52.619998931884766,52.736000061035156,2494500,ICE
2016-10-24,47.07426452636719,53.30799865722656,53.42599868774414,53.14400100708008,53.42599868774414,1549000,ICE
2016-10-25,47.14492416381836,53.38800048828125,53.768001556396484,53.20000076293945,53.20000076293945,1972000,ICE
2016-10-26,47.03540802001953,53.263999938964844,53.57400131225586,53.18000030517578,53.18600082397461,2019500,ICE
2016-10-27,46.99832534790039,53.22200012207031,53.481998443603516,53.018001556396484,53.354000091552734,2778000,ICE
2016-10-28,47.30208969116211,53.566001892089844,53.72800064086914,53.071998596191406,53.22200012207031,2674500,ICE
2016-10-31,47.75422668457031,54.077999114990234,54.40999984741211,53.29199981689453,53.65399932861328,4055000,ICE
2016-11-01,46.45789337158203,52.61000061035156,53.92599868774414,52.26599884033203,53.599998474121094,6879500,ICE
2016-11-02,46.84113311767578,53.04399871826172,53.29999923706055,52.52199935913086,52.52199935913086,3937000,ICE
2016-11-03,47.591739654541016,53.89400100708008,53.91400146484375,53.237998962402344,53.28200149536133,3704000,ICE
2016-11-04,47.1290168762207,53.369998931884766,54.02000045776367,53.27000045776367,53.90999984741211,2230400,ICE
2016-11-07,48.06505584716797,54.43000030517578,54.5,54.029998779296875,54.150001525878906,3395800,ICE
2016-11-08,48.23283386230469,54.619998931884766,54.84000015258789,54.189998626708984,54.47999954223633,2192300,ICE
2016-11-09,50.63477325439453,57.34000015258789,57.56999969482422,54.5,55.189998626708984,4937000,ICE
2016-11-10,50.599449157714844,57.29999923706055,58.70000076293945,57.119998931884766,57.9900016784668,3780300,ICE
2016-11-11,49.6722412109375,56.25,57.29999923706055,55.90999984741211,57.20000076293945,3415700,ICE
2016-11-14,49.08942413330078,55.59000015258789,56.4900016784668,55.060001373291016,56.400001525878906,3968800,ICE
2016-11-15,49.00993728637695,55.5,55.720001220703125,54.90999984741211,55.43000030517578,2855700,ICE
2016-11-16,48.082733154296875,54.45000076293945,55.36000061035156,54.20000076293945,55.099998474121094,4521800,ICE
2016-11-17,48.4800910949707,54.900001525878906,55.15999984741211,54.34000015258789,54.5099983215332,3179500,ICE
2016-11-18,48.40946578979492,54.81999969482422,55.029998779296875,54.70000076293945,54.709999084472656,3369300,ICE
2016-11-21,48.72735595703125,55.18000030517578,55.18000030517578,54.52000045776367,54.939998626708984,3315700,ICE
2016-11-22,48.04738998413086,54.40999984741211,55.33000183105469,54.22999954223633,55.31999969482422,3086700,ICE
2016-11-23,47.976741790771484,54.33000183105469,54.630001068115234,53.90999984741211,54.34000015258789,2557400,ICE
2016-11-25,48.294654846191406,54.689998626708984,54.689998626708984,54.20000076293945,54.47999954223633,735500,ICE
2016-11-28,47.7559928894043,54.08000183105469,54.790000915527344,54.029998779296875,54.65999984741211,2151300,ICE
2016-11-29,48.4271125793457,54.84000015258789,54.939998626708984,53.95000076293945,54.349998474121094,3023200,ICE
2016-11-30,48.92163848876953,55.400001525878906,55.86000061035156,55.2599983215332,55.31999969482422,5473600,ICE
2016-12-01,49.760536193847656,56.349998474121094,56.400001525878906,55.380001068115234,55.5,4135200,ICE
2016-12-02,50.025455474853516,56.650001525878906,56.7400016784668,56.0,56.38999938964844,3148200,ICE
2016-12-05,51.03215789794922,57.790000915527344,57.86000061035156,56.849998474121094,56.900001525878906,4219600,ICE
2016-12-06,51.71211242675781,58.560001373291016,58.619998931884766,57.63999938964844,57.79999923706055,3809100,ICE
2016-12-07,52.171302795410156,59.08000183105469,59.41999816894531,58.63999938964844,58.81999969482422,4086600,ICE
2016-12-08,52.50687789916992,59.459999084472656,59.56999969482422,58.86000061035156,59.41999816894531,3234300,ICE
2016-12-09,52.68347930908203,59.65999984741211,59.86000061035156,59.04999923706055,59.400001525878906,2170500,ICE
2016-12-12,52.62165451049805,59.59000015258789,59.83000183105469,59.0099983215332,59.61000061035156,3461200,ICE
2016-12-13,52.61280822753906,59.40999984741211,59.81999969482422,59.209999084472656,59.619998931884766,1971000,ICE
2016-12-14,51.69179916381836,58.369998931884766,59.5,58.29999923706055,59.31999969482422,4929300,ICE
2016-12-15,51.6563720703125,58.33000183105469,59.470001220703125,58.25,58.63999938964844,3688600,ICE
2016-12-16,51.293270111083984,57.91999816894531,59.400001525878906,57.84000015258789,58.63999938964844,4929100,ICE
2016-12-19,51.063026428222656,57.65999984741211,57.9900016784668,57.36000061035156,57.790000915527344,2667400,ICE
2016-12-20,51.426116943359375,58.06999969482422,58.06999969482422,57.41999816894531,58.0099983215332,2291400,ICE
2016-12-21,50.770774841308594,57.33000183105469,58.06999969482422,57.290000915527344,58.06999969482422,1760000,ICE
2016-12-22,50.72649383544922,57.279998779296875,57.279998779296875,56.83000183105469,57.279998779296875,1682100,ICE
2016-12-23,50.31913757324219,56.81999969482422,57.45000076293945,56.630001068115234,57.209999084472656,1830100,ICE
2016-12-27,50.72649383544922,57.279998779296875,57.41999816894531,56.88999938964844,57.119998931884766,1093000,ICE
2016-12-28,50.168582916259766,56.650001525878906,57.470001220703125,56.619998931884766,57.310001373291016,1375500,ICE
2016-12-29,50.026878356933594,56.4900016784668,56.849998474121094,56.36000061035156,56.81999969482422,1156600,ICE
2016-12-30,49.96489715576172,56.41999816894531,56.900001525878906,56.2400016784668,56.70000076293945,1844400,ICE
2017-01-03,49.787776947021484,56.220001220703125,56.959999084472656,55.79999923706055,56.900001525878906,2595000,ICE
2017-01-04,50.664512634277344,57.209999084472656,57.459999084472656,56.31999969482422,56.459999084472656,3074900,ICE
2017-01-05,50.45197296142578,56.970001220703125,57.720001220703125,56.70000076293945,57.02000045776367,1636800,ICE
2017-01-06,50.77963638305664,57.34000015258789,57.540000915527344,56.900001525878906,57.040000915527344,1490100,ICE
2017-01-09,50.496253967285156,57.02000045776367,57.689998626708984,56.88999938964844,57.279998779296875,1472100,ICE
2017-01-10,50.27486038208008,56.77000045776367,57.15999984741211,56.68000030517578,57.11000061035156,1646400,ICE
2017-01-11,50.33685302734375,56.84000015258789,56.959999084472656,56.040000915527344,56.90999984741211,3852100,ICE
2017-01-12,50.23058319091797,56.720001220703125,56.97999954223633,55.79999923706055,56.529998779296875,4289600,ICE
2017-01-13,50.32798767089844,56.83000183105469,57.439998626708984,56.66999816894531,57.060001373291016,1963300,ICE
2017-01-17,50.00032043457031,56.459999084472656,56.779998779296875,56.16999816894531,56.72999954223633,1998500,ICE
2017-01-18,50.753074645996094,57.310001373291016,57.41999816894531,56.209999084472656,56.75,2072900,ICE
2017-01-19,50.443115234375,56.959999084472656,57.439998626708984,56.95000076293945,57.36000061035156,1887400,ICE
2017-01-20,50.83279037475586,57.400001525878906,57.5,56.93000030517578,57.119998931884766,2001800,ICE
2017-01-23,50.33685302734375,56.84000015258789,57.439998626708984,56.689998626708984,57.189998626708984,1545800,ICE
2017-01-24,50.88590621948242,57.459999084472656,57.68000030517578,56.91999816894531,56.9900016784668,1701600,ICE
2017-01-25,51.328697204589844,57.959999084472656,58.189998626708984,57.75,57.84000015258789,2531900,ICE
2017-01-26,51.514686584472656,58.16999816894531,58.869998931884766,56.9900016784668,58.150001525878906,1927500,ICE
2017-01-27,51.25786209106445,57.880001068115234,58.189998626708984,57.619998931884766,58.15999984741211,1309200,ICE
2017-01-30,51.31098937988281,57.939998626708984,57.970001220703125,57.25,57.880001068115234,1309500,ICE
2017-01-31,51.68294143676758,58.36000061035156,58.38999938964844,57.81999969482422,57.9900016784668,2458400,ICE
2017-02-01,51.67407989501953,58.349998474121094,58.959999084472656,58.13999938964844,58.41999816894531,2952100,ICE
2017-02-02,51.709503173828125,58.38999938964844,58.79999923706055,57.83000183105469,58.02000045776367,3733200,ICE
2017-02-03,51.842342376708984,58.540000915527344,59.0,58.45000076293945,58.880001068115234,3092500,ICE
2017-02-06,51.81577682495117,58.5099983215332,58.56999969482422,58.119998931884766,58.25,2879800,ICE
2017-02-07,53.07331466674805,59.93000030517578,60.540000915527344,59.279998779296875,59.279998779296875,7162800,ICE
2017-02-08,50.51396942138672,57.040000915527344,59.5,56.9900016784668,59.5,5603300,ICE
2017-02-09,50.992183685302734,57.58000183105469,57.65999984741211,56.79999923706055,57.040000915527344,3657200,ICE
2017-02-10,51.054168701171875,57.650001525878906,57.869998931884766,57.13999938964844,57.630001068115234,2975200,ICE
2017-02-13,52.27627944946289,59.029998779296875,59.11000061035156,57.81999969482422,58.119998931884766,2558600,ICE
2017-02-14,51.939762115478516,58.650001525878906,59.13999938964844,58.45000076293945,59.029998779296875,2914900,ICE
2017-02-15,52.25857162475586,59.0099983215332,59.119998931884766,58.33000183105469,58.72999954223633,3396800,ICE
2017-02-16,51.939762115478516,58.650001525878906,58.939998626708984,58.25,58.939998626708984,1809400,ICE
2017-02-17,51.718360900878906,58.400001525878906,58.79999923706055,58.29999923706055,58.529998779296875,2962900,ICE
2017-02-21,51.328697204589844,57.959999084472656,58.56999969482422,57.810001373291016,58.41999816894531,3150500,ICE
2017-02-22,51.125022888183594,57.72999954223633,57.9900016784668,57.459999084472656,57.59000015258789,2784500,ICE
2017-02-23,51.461544036865234,58.11000061035156,58.310001373291016,57.79999923706055,57.86000061035156,2973700,ICE
2017-02-24,51.62980651855469,58.29999923706055,58.619998931884766,57.66999816894531,57.77000045776367,2026300,ICE
2017-02-27,51.09845733642578,57.70000076293945,58.400001525878906,57.150001525878906,58.25,3092100,ICE
2017-02-28,50.59367752075195,57.130001068115234,57.63999938964844,56.970001220703125,57.47999954223633,3392400,ICE
2017-03-01,52.187713623046875,58.93000030517578,59.099998474121094,57.61000061035156,57.83000183105469,3869200,ICE
2017-03-02,51.82463836669922,58.52000045776367,58.97999954223633,58.369998931884766,58.88999938964844,2981500,ICE
2017-03-03,52.01945877075195,58.7400016784668,58.849998474121094,58.06999969482422,58.52000045776367,2992000,ICE
2017-03-06,52.267417907714844,59.02000045776367,59.220001220703125,58.099998474121094,58.41999816894531,3646300,ICE
2017-03-07,51.92204666137695,58.630001068115234,59.04999923706055,58.54999923706055,58.95000076293945,2656100,ICE
2017-03-08,52.5950927734375,59.38999938964844,59.47999954223633,58.650001525878906,58.86000061035156,3465900,ICE
2017-03-09,53.18844223022461,60.060001373291016,60.45000076293945,59.459999084472656,59.529998779296875,5102400,ICE
2017-03-10,53.36555099487305,60.2599983215332,60.86000061035156,59.77000045776367,60.33000183105469,3584400,ICE
2017-03-13,53.48953628540039,60.400001525878906,60.70000076293945,60.20000076293945,60.4900016784668,4264000,ICE
2017-03-14,53.4984245300293,60.209999084472656,60.68000030517578,60.02000045776367,60.20000076293945,3413800,ICE
2017-03-15,53.66724395751953,60.400001525878906,60.540000915527344,60.2400016784668,60.47999954223633,2791400,ICE
2017-03-16,54.68906021118164,61.54999923706055,61.58000183105469,60.5,60.56999969482422,3933200,ICE
2017-03-17,54.55577850341797,61.400001525878906,61.97999954223633,61.290000915527344,61.470001220703125,4871200,ICE
2017-03-20,54.20036315917969,61.0,61.470001220703125,60.970001220703125,61.2599983215332,2321100,ICE
2017-03-21,53.33848571777344,60.029998779296875,61.36000061035156,59.939998626708984,61.27000045776367,3332400,ICE
2017-03-22,53.134124755859375,59.79999923706055,60.209999084472656,59.529998779296875,60.029998779296875,2120700,ICE
2017-03-23,53.19633865356445,59.869998931884766,60.40999984741211,59.709999084472656,59.86000061035156,2433500,ICE
2017-03-24,53.17854690551758,59.849998474121094,60.27000045776367,59.70000076293945,59.9900016784668,2536100,ICE
2017-03-27,52.77872085571289,59.400001525878906,59.560001373291016,58.849998474121094,59.20000076293945,1922600,ICE
2017-03-28,53.16078186035156,59.83000183105469,60.040000915527344,59.18000030517578,59.20000076293945,2076500,ICE
2017-03-29,52.689849853515625,59.29999923706055,59.689998626708984,59.029998779296875,59.68000030517578,1890700,ICE
2017-03-30,53.33848571777344,60.029998779296875,60.130001068115234,59.220001220703125,59.349998474121094,2029900,ICE
2017-03-31,53.19633865356445,59.869998931884766,60.310001373291016,59.599998474121094,59.7400016784668,2099500,ICE
2017-04-03,52.70763397216797,59.31999969482422,60.18000030517578,58.79999923706055,60.04999923706055,2561200,ICE
2017-04-04,52.78759765625,59.40999984741211,59.61000061035156,59.11000061035156,59.400001525878906,2445500,ICE
2017-04-05,53.28518295288086,59.970001220703125,60.650001525878906,59.54999923706055,59.790000915527344,3067300,ICE
2017-04-06,53.525081634521484,60.2400016784668,60.45000076293945,59.689998626708984,59.959999084472656,3361000,ICE
2017-04-07,54.0048942565918,60.779998779296875,61.04999923706055,59.86000061035156,60.0,3876500,ICE
2017-04-10,53.66724395751953,60.400001525878906,61.11000061035156,60.369998931884766,60.880001068115234,2667200,ICE
2017-04-11,53.56950759887695,60.290000915527344,60.459999084472656,59.900001525878906,60.209999084472656,3242000,ICE
2017-04-12,53.16078186035156,59.83000183105469,60.33000183105469,59.779998779296875,60.0099983215332,2386500,ICE
2017-04-13,52.79648208618164,59.41999816894531,60.02000045776367,59.41999816894531,59.70000076293945,1644600,ICE
2017-04-17,53.40068054199219,60.099998474121094,60.15999984741211,59.06999969482422,59.529998779296875,1217000,ICE
2017-04-18,53.55173873901367,60.27000045776367,60.380001068115234,59.79999923706055,59.93000030517578,1673500,ICE
2017-04-19,53.267417907714844,59.95000076293945,60.630001068115234,59.880001068115234,60.4900016784668,1993300,ICE
2017-04-20,53.871612548828125,60.630001068115234,60.70000076293945,59.90999984741211,60.220001220703125,3083900,ICE
2017-04-21,53.6761360168457,60.40999984741211,60.869998931884766,60.150001525878906,60.56999969482422,1856900,ICE
2017-04-24,53.827171325683594,60.58000183105469,61.54999923706055,60.5099983215332,61.380001068115234,2996100,ICE
2017-04-25,54.173702239990234,60.970001220703125,61.400001525878906,60.959999084472656,61.11000061035156,1854500,ICE
2017-04-26,54.28921127319336,61.099998474121094,61.470001220703125,60.97999954223633,61.06999969482422,1719200,ICE
2017-04-27,53.4984245300293,60.209999084472656,61.189998626708984,60.13999938964844,61.189998626708984,2651500,ICE
2017-04-28,53.48953628540039,60.20000076293945,60.65999984741211,60.029998779296875,60.209999084472656,2961100,ICE
2017-05-01,53.66724395751953,60.400001525878906,60.72999954223633,60.220001220703125,60.5,3246600,ICE
2017-05-02,53.862728118896484,60.619998931884766,60.7599983215332,60.20000076293945,60.619998931884766,3602500,ICE
2017-05-03,53.605045318603516,60.33000183105469,61.02000045776367,59.7599983215332,59.970001220703125,3891400,ICE
2017-05-04,54.08485412597656,60.869998931884766,61.0,60.2599983215332,60.56999969482422,3288400,ICE
2017-05-05,53.72056579589844,60.459999084472656,61.0,60.279998779296875,60.97999954223633,2152800,ICE
2017-05-08,52.50326919555664,59.09000015258789,60.63999938964844,58.900001525878906,60.400001525878906,2502400,ICE
2017-05-09,52.34334182739258,58.90999984741211,59.22999954223633,58.79999923706055,59.22999954223633,3735500,ICE
2017-05-10,52.42329788208008,59.0,59.040000915527344,58.41999816894531,58.900001525878906,2443300,ICE
2017-05-11,52.48550033569336,59.06999969482422,59.18000030517578,58.189998626708984,58.900001525878906,2929100,ICE
2017-05-12,52.236698150634766,58.790000915527344,59.189998626708984,58.7400016784668,58.810001373291016,1665500,ICE
2017-05-15,52.68097686767578,59.290000915527344,59.439998626708984,58.7599983215332,58.7599983215332,2145000,ICE
2017-05-16,52.42329788208008,59.0,59.38999938964844,58.959999084472656,59.38999938964844,1875000,ICE
2017-05-17,51.596981048583984,58.06999969482422,59.0,58.02000045776367,59.0,2593400,ICE
2017-05-18,52.05900573730469,58.59000015258789,58.81999969482422,57.90999984741211,58.16999816894531,2259000,ICE
2017-05-19,52.70763397216797,59.31999969482422,59.630001068115234,58.459999084472656,58.7400016784668,3018800,ICE
2017-05-22,52.8320198059082,59.459999084472656,59.709999084472656,59.220001220703125,59.599998474121094,1880800,ICE
2017-05-23,53.19633865356445,59.869998931884766,60.06999969482422,59.2400016784668,59.380001068115234,1635800,ICE
2017-05-24,53.25851821899414,59.939998626708984,60.119998931884766,59.630001068115234,60.040000915527344,1451200,ICE
2017-05-25,53.70277404785156,60.439998626708984,60.70000076293945,59.959999084472656,60.209999084472656,1518500,ICE
2017-05-26,53.6228141784668,60.349998474121094,60.75,60.279998779296875,60.369998931884766,1346200,ICE
2017-05-30,53.45399856567383,60.15999984741211,60.439998626708984,60.060001373291016,60.119998931884766,1981300,ICE
2017-05-31,53.48065185546875,60.189998626708984,60.86000061035156,59.90999984741211,60.86000061035156,2710500,ICE
2017-06-01,53.61394119262695,60.34000015258789,60.66999816894531,60.11000061035156,60.650001525878906,2777900,ICE
2017-06-02,53.596153259277344,60.31999969482422,60.59000015258789,60.220001220703125,60.29999923706055,2609700,ICE
2017-06-05,54.82234191894531,61.70000076293945,61.970001220703125,60.27000045776367,60.380001068115234,3963900,ICE
2017-06-06,54.68906021118164,61.54999923706055,61.790000915527344,61.2599983215332,61.369998931884766,3409300,ICE
2017-06-07,56.5283203125,63.619998931884766,63.72999954223633,61.540000915527344,61.54999923706055,4773900,ICE
2017-06-08,56.679359436035156,63.790000915527344,64.16999816894531,63.41999816894531,63.619998931884766,3746100,ICE
2017-06-09,56.83930587768555,63.970001220703125,64.56999969482422,63.560001373291016,63.83000183105469,4046800,ICE
2017-06-12,57.24803161621094,64.43000030517578,64.4800033569336,63.65999984741211,63.900001525878906,3243200,ICE
2017-06-13,57.27467727661133,64.45999908447266,64.79000091552734,64.31999969482422,64.44999694824219,2326900,ICE
2017-06-14,57.64010238647461,64.66999816894531,64.75,63.939998626708984,64.0,2054900,ICE
2017-06-15,57.586639404296875,64.61000061035156,64.73999786376953,64.16000366210938,64.48999786376953,1680500,ICE
2017-06-16,57.55097961425781,64.56999969482422,64.73999786376953,64.38999938964844,64.62999725341797,2301400,ICE
2017-06-19,57.72922897338867,64.7699966430664,65.0,64.56999969482422,64.73999786376953,2575100,ICE
2017-06-20,57.50641632080078,64.5199966430664,64.87999725341797,64.45999908447266,64.5,1751100,ICE
2017-06-21,57.30141830444336,64.29000091552734,64.5,63.93000030517578,64.43000030517578,2323900,ICE
2017-06-22,57.1766357421875,64.1500015258789,64.5,63.900001525878906,64.12999725341797,2360700,ICE
2017-06-23,57.292503356933594,64.27999877929688,64.48999786376953,64.0999984741211,64.47000122070312,2372700,ICE
2017-06-26,57.35487365722656,64.3499984741211,64.52999877929688,64.20999908447266,64.33000183105469,1602700,ICE
2017-06-27,58.27291488647461,65.37999725341797,65.70999908447266,64.37000274658203,64.80999755859375,3946200,ICE
2017-06-28,58.9503173828125,66.13999938964844,66.2699966430664,65.4000015258789,65.81999969482422,3729500,ICE
2017-06-29,58.68292999267578,65.83999633789062,66.7300033569336,65.63999938964844,66.63999938964844,2860400,ICE
2017-06-30,58.75423049926758,65.91999816894531,66.25,65.70999908447266,65.91000366210938,2373400,ICE
2017-07-03,59.431610107421875,66.68000030517578,66.9000015258789,65.94999694824219,66.06999969482422,1906800,ICE
2017-07-05,58.985965728759766,66.18000030517578,66.88999938964844,65.97000122070312,66.66000366210938,2689100,ICE
2017-07-06,58.79879379272461,65.97000122070312,66.69000244140625,65.83999633789062,66.16999816894531,2717500,ICE
2017-07-07,58.75423049926758,65.91999816894531,66.45999908447266,65.66999816894531,66.12999725341797,2591900,ICE
2017-07-10,58.37990188598633,65.5,66.02999877929688,65.5,65.91000366210938,3111500,ICE
2017-07-11,58.308589935302734,65.41999816894531,66.0999984741211,65.23999786376953,65.56999969482422,3013800,ICE
2017-07-12,58.70965576171875,65.87000274658203,65.87000274658203,65.19000244140625,65.44000244140625,2661900,ICE
2017-07-13,59.6098747253418,66.87999725341797,67.33000183105469,66.12000274658203,66.62000274658203,3162800,ICE
2017-07-14,58.42444610595703,65.55000305175781,66.36000061035156,65.47000122070312,66.36000061035156,2851600,ICE
2017-07-17,58.665096282958984,65.81999969482422,66.41999816894531,65.41000366210938,65.61000061035156,2122100,ICE
2017-07-18,58.57598876953125,65.72000122070312,65.83999633789062,65.33000183105469,65.5999984741211,2012800,ICE
2017-07-19,58.57598876953125,65.72000122070312,66.01000213623047,65.44000244140625,65.94999694824219,2031600,ICE
2017-07-20,58.68292999267578,65.83999633789062,65.9800033569336,65.55999755859375,65.66000366210938,1975800,ICE
2017-07-21,59.34247970581055,66.58000183105469,66.76000213623047,65.81999969482422,65.81999969482422,2283600,ICE
2017-07-24,59.494022369384766,66.75,67.29000091552734,66.30999755859375,66.4800033569336,3596400,ICE
2017-07-25,59.16423034667969,66.37999725341797,67.4800033569336,66.37000274658203,67.26000213623047,1757000,ICE
2017-07-26,59.12858200073242,66.33999633789062,66.94000244140625,66.22000122070312,66.33000183105469,1639100,ICE
2017-07-27,58.941410064697266,66.12999725341797,66.52999877929688,65.66999816894531,66.29000091552734,1658700,ICE
2017-07-28,59.15532302856445,66.37000274658203,66.55000305175781,65.80999755859375,66.19999694824219,1177500,ICE
2017-07-31,59.4583625793457,66.70999908447266,66.91000366210938,66.12000274658203,66.27999877929688,2077300,ICE
2017-08-01,59.966400146484375,67.27999877929688,67.29000091552734,66.55000305175781,66.79000091552734,2238700,ICE
2017-08-02,59.73467254638672,67.0199966430664,67.30999755859375,66.73999786376953,67.27999877929688,1784000,ICE
2017-08-03,58.067935943603516,65.1500015258789,65.94999694824219,63.220001220703125,64.0,4085100,ICE
2017-08-04,57.77381134033203,64.81999969482422,65.63999938964844,64.44999694824219,65.55000305175781,2764000,ICE
2017-08-07,57.372718811035156,64.37000274658203,65.16999816894531,64.36000061035156,65.08999633789062,2334700,ICE
2017-08-08,57.533172607421875,64.55000305175781,64.69999694824219,64.01000213623047,64.20999908447266,2302000,ICE
2017-08-09,58.58489990234375,65.7300033569336,65.75,64.27999877929688,64.27999877929688,1723000,ICE
2017-08-10,58.076847076416016,65.16000366210938,65.76000213623047,65.05000305175781,65.31999969482422,2750700,ICE
2017-08-11,57.94315719604492,65.01000213623047,65.43000030517578,64.87000274658203,65.36000061035156,2067800,ICE
2017-08-14,58.28184509277344,65.38999938964844,65.87000274658203,65.20999908447266,65.87000274658203,1244500,ICE
2017-08-15,58.70075988769531,65.86000061035156,66.23999786376953,65.5999984741211,65.66000366210938,1542900,ICE
2017-08-16,58.87901306152344,66.05999755859375,66.43000030517578,65.88999938964844,65.97000122070312,1630600,ICE
2017-08-17,58.067935943603516,65.1500015258789,66.31999969482422,65.1500015258789,66.08999633789062,1678200,ICE
2017-08-18,57.56880569458008,64.58999633789062,65.08000183105469,64.56999969482422,64.9800033569336,1852300,ICE
2017-08-21,57.533172607421875,64.55000305175781,64.7699966430664,64.06999969482422,64.58999633789062,1616700,ICE
2017-08-22,58.37990188598633,65.5,65.70999908447266,64.4800033569336,64.73999786376953,1606700,ICE
2017-08-23,57.952056884765625,65.0199966430664,65.61000061035156,64.98999786376953,65.3499984741211,1282600,ICE
2017-08-24,57.66685104370117,64.69999694824219,65.66999816894531,64.44999694824219,65.5999984741211,1515200,ICE
2017-08-25,58.299678802490234,65.41000366210938,65.72000122070312,64.80000305175781,64.9800033569336,1803300,ICE
2017-08-28,58.20164108276367,65.30000305175781,65.70999908447266,65.12000274658203,65.52999877929688,1274600,ICE
2017-08-29,57.77381134033203,64.81999969482422,65.0,64.44000244140625,64.9800033569336,1252000,ICE
2017-08-30,57.78272247314453,64.83000183105469,65.19999694824219,64.63999938964844,64.79000091552734,1473500,ICE
2017-08-31,57.64010238647461,64.66999816894531,65.0,64.54000091552734,64.98999786376953,1748100,ICE
2017-09-01,58.02336120605469,65.0999984741211,65.36000061035156,64.61000061035156,64.83999633789062,1407800,ICE
2017-09-05,57.88967514038086,64.94999694824219,65.06999969482422,64.44999694824219,65.05000305175781,2818800,ICE
2017-09-06,58.620540618896484,65.7699966430664,66.19000244140625,65.2300033569336,65.29000091552734,2947600,ICE
2017-09-07,57.31032943725586,64.30000305175781,65.72000122070312,63.93000030517578,65.72000122070312,2802200,ICE
2017-09-08,58.237281799316406,65.33999633789062,65.69999694824219,64.29000091552734,64.4800033569336,1927200,ICE
2017-09-11,58.56705856323242,65.70999908447266,66.31999969482422,65.58000183105469,65.6500015258789,1936400,ICE
2017-09-12,59.16423034667969,66.37999725341797,66.44000244140625,65.58000183105469,65.66000366210938,1313900,ICE
2017-09-13,59.021636962890625,66.22000122070312,66.27999877929688,65.97000122070312,66.08000183105469,1330500,ICE
2017-09-14,59.16465759277344,66.18000030517578,66.30000305175781,65.7699966430664,66.0999984741211,1229000,ICE
2017-09-15,58.44944763183594,65.37999725341797,66.30000305175781,65.29000091552734,66.01000213623047,3528900,ICE
2017-09-18,58.69084167480469,65.6500015258789,65.83000183105469,65.12999725341797,65.3499984741211,2012700,ICE
2017-09-19,59.289817810058594,66.31999969482422,66.5999984741211,65.69000244140625,65.76000213623047,1859700,ICE
2017-09-20,59.60270309448242,66.66999816894531,66.87999725341797,66.08999633789062,66.31999969482422,2137100,ICE
2017-09-21,59.74576187133789,66.83000183105469,67.30999755859375,66.43000030517578,66.48999786376953,1639700,ICE
2017-09-22,59.942447662353516,67.05000305175781,67.16999816894531,66.61000061035156,66.61000061035156,1868500,ICE
2017-09-25,60.09442138671875,67.22000122070312,67.23999786376953,65.91999816894531,66.97000122070312,1667700,ICE
2017-09-26,59.888797760009766,66.98999786376953,67.68000030517578,66.93000030517578,67.12999725341797,2560600,ICE
2017-09-27,60.90794372558594,68.12999725341797,68.26000213623047,67.26000213623047,67.26000213623047,2298500,ICE
2017-09-28,61.274497985839844,68.54000091552734,68.5999984741211,67.69999694824219,68.0,2000600,ICE
2017-09-29,61.41753387451172,68.69999694824219,68.87999725341797,68.41000366210938,68.41000366210938,1897000,ICE
2017-10-02,61.980743408203125,69.33000183105469,69.66000366210938,68.69999694824219,68.86000061035156,2023200,ICE
2017-10-03,62.472434997558594,69.87999725341797,70.0,69.02999877929688,69.11000061035156,2083100,ICE
2017-10-04,62.99095916748047,70.45999908447266,70.62999725341797,69.51000213623047,69.91999816894531,2645300,ICE
2017-10-05,63.43796157836914,70.95999908447266,71.0999984741211,70.13999938964844,70.5,2345300,ICE
2017-10-06,61.712554931640625,69.02999877929688,71.23999786376953,68.94999694824219,71.05000305175781,4332700,ICE
2017-10-09,62.096954345703125,69.45999908447266,69.75,68.91000366210938,69.0999984741211,1755200,ICE
2017-10-10,62.29364013671875,69.68000030517578,69.94000244140625,69.19999694824219,69.58999633789062,1558700,ICE
2017-10-11,62.66020202636719,70.08999633789062,70.0999984741211,69.5999984741211,69.77999877929688,1378400,ICE
2017-10-12,62.49927520751953,69.91000366210938,70.69000244140625,69.88999938964844,70.0199966430664,1910100,ICE
2017-10-13,62.03438186645508,69.38999938964844,70.05000305175781,69.30999755859375,69.91999816894531,1944800,ICE
2017-10-16,61.14933776855469,68.4000015258789,69.45999908447266,68.31999969482422,69.41000366210938,3874600,ICE
2017-10-17,60.94369888305664,68.16999816894531,68.62999725341797,67.9800033569336,68.5999984741211,4417800,ICE
2017-10-18,60.97053527832031,68.19999694824219,68.6500015258789,67.87999725341797,68.38999938964844,2251900,ICE
2017-10-19,59.76364517211914,66.8499984741211,67.80000305175781,66.72000122070312,67.62000274658203,4447200,ICE
2017-10-20,59.11101531982422,66.12000274658203,67.37000274658203,66.0199966430664,67.31999969482422,6052900,ICE
2017-10-23,58.72661590576172,65.69000244140625,65.95999908447266,65.43000030517578,65.86000061035156,5645800,ICE
2017-10-24,58.32432174682617,65.23999786376953,66.04000091552734,65.16999816894531,65.98999786376953,4589200,ICE
2017-10-25,58.92329025268555,65.91000366210938,66.0199966430664,64.91000366210938,65.58999633789062,7943600,ICE
2017-10-26,58.655086517333984,65.61000061035156,66.19999694824219,65.37000274658203,66.0,4553100,ICE
2017-10-27,58.53886795043945,65.4800033569336,66.05000305175781,64.9800033569336,65.98999786376953,5242800,ICE
2017-10-30,58.34217071533203,65.26000213623047,65.66000366210938,65.20999908447266,65.41999816894531,2977700,ICE
2017-10-31,59.09313201904297,66.0999984741211,66.16000366210938,65.1500015258789,65.19000244140625,5587300,ICE
2017-11-01,59.200435638427734,66.22000122070312,66.62000274658203,66.08999633789062,66.19999694824219,3741800,ICE
2017-11-02,61.390708923339844,68.66999816894531,69.25,67.25,68.98999786376953,5579300,ICE
2017-11-03,59.218284606933594,66.23999786376953,68.29000091552734,66.06999969482422,68.19000244140625,7181400,ICE
2017-11-06,59.18254089355469,66.19999694824219,66.38999938964844,65.61000061035156,66.37000274658203,2806100,ICE
2017-11-07,58.62826919555664,65.58000183105469,66.6500015258789,65.37999725341797,66.2300033569336,2550900,ICE
2017-11-08,58.99479293823242,65.98999786376953,66.37999725341797,65.5199966430664,65.5199966430664,2293700,ICE
2017-11-09,59.18254089355469,66.19999694824219,66.2699966430664,65.27999877929688,65.62999725341797,1867800,ICE
2017-11-10,59.2451057434082,66.2699966430664,66.5,65.95999908447266,66.30000305175781,1621700,ICE
2017-11-13,59.96925354003906,67.08000183105469,67.26000213623047,66.0999984741211,66.19999694824219,2881400,ICE
2017-11-14,60.165950775146484,67.30000305175781,67.63999938964844,66.54000091552734,66.75,1701600,ICE
2017-11-15,59.47756576538086,66.52999877929688,67.47000122070312,66.44999694824219,66.86000061035156,2674800,ICE
2017-11-16,59.07525634765625,66.08000183105469,66.87999725341797,66.05000305175781,66.5999984741211,2511200,ICE
2017-11-17,59.53120422363281,66.58999633789062,66.75,65.97000122070312,66.08000183105469,2811600,ICE
2017-11-20,60.86326217651367,68.08000183105469,68.41999816894531,66.51000213623047,66.63999938964844,3135500,ICE
2017-11-21,61.04205322265625,68.27999877929688,68.45999908447266,68.05000305175781,68.26000213623047,3482400,ICE
2017-11-22,60.487789154052734,67.66000366210938,68.5999984741211,67.41000366210938,68.5,2200800,ICE
2017-11-24,60.6397590637207,67.83000183105469,68.25,67.66999816894531,67.8499984741211,987500,ICE
2017-11-27,60.88113021850586,68.0999984741211,68.22000122070312,67.80000305175781,67.9800033569336,2037000,ICE
2017-11-28,61.998619079589844,69.3499984741211,69.44000244140625,67.69000244140625,68.08000183105469,2729600,ICE
2017-11-29,62.40093994140625,69.80000305175781,70.87000274658203,69.36000061035156,69.6500015258789,2818300,ICE
2017-11-30,63.876041412353516,71.44999694824219,71.80000305175781,69.87999725341797,70.0,5235000,ICE
2017-12-01,64.43030548095703,72.06999969482422,72.36000061035156,71.20999908447266,71.3499984741211,5741000,ICE
2017-12-04,64.2157211303711,71.83000183105469,72.98999786376953,71.54000091552734,72.83999633789062,3049200,ICE
2017-12-05,63.429012298583984,70.94999694824219,72.31999969482422,70.30999755859375,71.75,3436500,ICE
2017-12-06,63.24128723144531,70.73999786376953,71.16999816894531,70.11000061035156,71.02999877929688,2282400,ICE
2017-12-07,62.92839431762695,70.38999938964844,70.68000030517578,69.30000305175781,70.4800033569336,2652500,ICE
2017-12-08,63.411136627197266,70.93000030517578,70.94000244140625,69.91999816894531,70.2699966430664,1653100,ICE
2017-12-11,63.30386734008789,70.80999755859375,71.18000030517578,70.5,70.94999694824219,1482800,ICE
2017-12-12,63.65251922607422,71.19999694824219,71.37000274658203,70.80999755859375,71.20999908447266,2128900,ICE
2017-12-13,63.18631362915039,70.4800033569336,71.4800033569336,70.44999694824219,71.02999877929688,2007900,ICE
2017-12-14,63.04289245605469,70.31999969482422,71.08000183105469,70.06999969482422,70.55999755859375,2982100,ICE
2017-12-15,63.19529342651367,70.48999786376953,71.29000091552734,70.41999816894531,70.93000030517578,3811400,ICE
2017-12-18,63.840797424316406,71.20999908447266,71.3499984741211,70.68000030517578,70.79000091552734,2587200,ICE
2017-12-19,63.71526336669922,71.06999969482422,71.87999725341797,71.05000305175781,71.5,3645200,ICE
2017-12-20,62.77394104003906,70.0199966430664,71.2699966430664,69.81999969482422,71.20999908447266,3457400,ICE
2017-12-21,62.85459899902344,70.11000061035156,70.54000091552734,69.94000244140625,70.22000122070312,2040100,ICE
2017-12-22,62.98014450073242,70.25,70.66000366210938,69.83000183105469,70.43000030517578,2407200,ICE
2017-12-26,62.791873931884766,70.04000091552734,70.37999725341797,69.69000244140625,70.23999786376953,1024900,ICE
2017-12-27,62.998069763183594,70.2699966430664,70.58999633789062,69.9800033569336,70.29000091552734,3004500,ICE
2017-12-28,63.22219467163086,70.5199966430664,70.61000061035156,70.08999633789062,70.36000061035156,1680900,ICE
2017-12-29,63.25802993774414,70.55999755859375,71.16999816894531,70.47000122070312,70.87000274658203,1865300,ICE
2018-01-02,62.621524810791016,69.8499984741211,70.7699966430664,69.55999755859375,70.7699966430664,3195300,ICE
2018-01-03,63.571834564208984,70.91000366210938,71.27999877929688,69.5999984741211,69.94000244140625,4312600,ICE
2018-01-04,64.77314758300781,72.25,72.94000244140625,70.62000274658203,70.91000366210938,3035000,ICE
2018-01-05,65.31107330322266,72.8499984741211,72.88999938964844,71.94999694824219,72.16000366210938,2152200,ICE
2018-01-08,65.5531234741211,73.12000274658203,73.33999633789062,72.58999633789062,72.91000366210938,1952000,ICE
2018-01-09,66.38690185546875,74.05000305175781,74.33000183105469,73.20999908447266,73.25,2413600,ICE
2018-01-10,66.7544937133789,74.45999908447266,74.55000305175781,73.76000213623047,74.0999984741211,2487000,ICE
2018-01-11,66.68270874023438,74.37999725341797,74.61000061035156,74.0199966430664,74.45999908447266,2178500,ICE
2018-01-12,67.04134368896484,74.77999877929688,75.01000213623047,74.48999786376953,74.61000061035156,1699300,ICE
2018-01-16,66.86204528808594,74.58000183105469,75.58000183105469,74.33999633789062,74.98999786376953,2148000,ICE
2018-01-17,67.05929565429688,74.80000305175781,75.05000305175781,74.41999816894531,74.88999938964844,1954700,ICE
2018-01-18,67.48062896728516,75.2699966430664,75.58999633789062,74.80000305175781,74.95999908447266,2132800,ICE
2018-01-19,67.77650451660156,75.5999984741211,75.79000091552734,75.11000061035156,75.45999908447266,3146900,ICE
2018-01-22,67.98268127441406,75.83000183105469,75.87000274658203,75.33999633789062,75.45999908447266,1645700,ICE
2018-01-23,67.94681549072266,75.79000091552734,75.97000122070312,75.22000122070312,75.79000091552734,1821200,ICE
2018-01-24,67.6151351928711,75.41999816894531,76.13999938964844,75.04000091552734,76.0,2029300,ICE
2018-01-25,67.1847915649414,74.94000244140625,76.12000274658203,74.73999786376953,76.12000274658203,2095300,ICE
2018-01-26,67.74959564208984,75.56999969482422,75.56999969482422,74.80000305175781,75.05000305175781,1280500,ICE
2018-01-29,66.79930114746094,74.51000213623047,75.9000015258789,74.45999908447266,75.48999786376953,1870400,ICE
2018-01-30,65.93862915039062,73.55000305175781,74.72000122070312,73.55000305175781,74.2699966430664,2831300,ICE
2018-01-31,66.1986312866211,73.83999633789062,74.58999633789062,73.37000274658203,73.55000305175781,3423600,ICE
2018-02-01,67.05929565429688,74.80000305175781,74.81999969482422,73.44000244140625,74.01000213623047,2523300,ICE
2018-02-02,66.3241195678711,73.9800033569336,75.29000091552734,73.83999633789062,74.5999984741211,2540300,ICE
2018-02-05,64.10076141357422,71.5,74.47000122070312,71.2699966430664,73.52999877929688,4083800,ICE
2018-02-06,64.79110717773438,72.2699966430664,72.4000015258789,68.80000305175781,70.16999816894531,5924100,ICE
2018-02-07,63.40150451660156,70.72000122070312,72.55999755859375,70.2300033569336,70.2300033569336,4418200,ICE
2018-02-08,60.066471099853516,67.0,70.86000061035156,66.97000122070312,70.75,5808600,ICE
2018-02-09,61.36640167236328,68.44999694824219,69.0,66.91999816894531,67.61000061035156,5336400,ICE
2018-02-12,61.50088119506836,68.5999984741211,69.58999633789062,68.16999816894531,68.81999969482422,4173500,ICE
2018-02-13,61.96706008911133,69.12000274658203,69.19000244140625,68.04000091552734,68.25,2676000,ICE
2018-02-14,63.71526336669922,71.06999969482422,71.16999816894531,68.7300033569336,68.83000183105469,3167500,ICE
2018-02-15,65.0421142578125,72.55000305175781,72.55999755859375,71.11000061035156,71.62999725341797,3229500,ICE
2018-02-16,64.30699920654297,71.7300033569336,72.36000061035156,71.12999725341797,72.1500015258789,3456100,ICE
2018-02-20,65.32005310058594,72.86000061035156,74.5,72.16000366210938,72.25,4193700,ICE
2018-02-21,65.32005310058594,72.86000061035156,74.1500015258789,72.61000061035156,72.81999969482422,2637500,ICE
2018-02-22,64.1456069946289,71.55000305175781,73.5,71.19000244140625,73.08000183105469,2587500,ICE
2018-02-23,64.97935485839844,72.4800033569336,72.63999938964844,71.83999633789062,71.88999938964844,1902400,ICE
2018-02-26,65.9296646118164,73.54000091552734,73.56999969482422,72.31999969482422,72.70999908447266,1717100,ICE
2018-02-27,65.83103942871094,73.43000030517578,74.4800033569336,73.37999725341797,73.5,2518900,ICE
2018-02-28,65.51728057861328,73.08000183105469,74.33999633789062,73.05000305175781,73.69000244140625,2088500,ICE
2018-03-01,64.60282135009766,72.05999755859375,73.51000213623047,71.62999725341797,73.04000091552734,2035600,ICE
2018-03-02,65.03316497802734,72.54000091552734,72.63999938964844,71.33999633789062,71.72000122070312,2632100,ICE
2018-03-05,65.15868377685547,72.68000030517578,72.98999786376953,71.31999969482422,71.83000183105469,4089700,ICE
2018-03-06,65.7503890991211,73.33999633789062,73.3499984741211,72.12000274658203,72.87000274658203,2789400,ICE
2018-03-07,65.66071319580078,73.23999786376953,73.45999908447266,72.19999694824219,72.62000274658203,1615000,ICE
2018-03-08,66.61103057861328,74.30000305175781,74.4800033569336,73.08000183105469,73.5999984741211,2777700,ICE
2018-03-09,67.89302825927734,75.7300033569336,75.80999755859375,74.5,74.58999633789062,1767200,ICE
2018-03-12,67.83922576904297,75.66999816894531,76.30000305175781,75.43000030517578,76.0199966430664,2228400,ICE
2018-03-13,67.29237365722656,75.05999755859375,76.27999877929688,74.80999755859375,75.95999908447266,3086100,ICE
2018-03-14,66.83368682861328,74.30999755859375,75.2699966430664,74.01000213623047,75.12000274658203,2817300,ICE
2018-03-15,66.78870391845703,74.26000213623047,74.56999969482422,73.8499984741211,74.45999908447266,3587300,ICE
2018-03-16,67.03153228759766,74.52999877929688,74.9000015258789,73.87000274658203,74.31999969482422,6549500,ICE
2018-03-19,66.60883331298828,74.05999755859375,74.8499984741211,73.69000244140625,74.36000061035156,3400800,ICE
2018-03-20,66.92362976074219,74.41000366210938,74.7300033569336,73.9800033569336,74.18000030517578,2955200,ICE
2018-03-21,66.57286071777344,74.0199966430664,74.70999908447266,73.52999877929688,74.62999725341797,2165400,ICE
2018-03-22,64.51326751708984,71.7300033569336,73.75,71.66999816894531,73.2699966430664,2716900,ICE
2018-03-23,63.245121002197266,70.31999969482422,71.98999786376953,70.29000091552734,71.93000030517578,2472900,ICE
2018-03-26,65.65545654296875,73.0,73.1500015258789,70.94000244140625,71.18000030517578,2888700,ICE
2018-03-27,64.57621002197266,71.80000305175781,73.56999969482422,71.30000305175781,73.0,3150300,ICE
2018-03-28,64.26143646240234,71.44999694824219,72.45999908447266,70.76000213623047,71.6500015258789,2117000,ICE
2018-03-29,65.22377014160156,72.5199966430664,72.88999938964844,71.08000183105469,71.72000122070312,3491100,ICE
2018-04-02,63.94662857055664,71.0999984741211,72.8499984741211,69.80000305175781,72.48999786376953,2960800,ICE
2018-04-03,65.34069061279297,72.6500015258789,72.72000122070312,71.16999816894531,71.5199966430664,3126200,ICE
2018-04-04,65.10682678222656,72.38999938964844,72.62000274658203,71.48999786376953,71.5199966430664,2290200,ICE
2018-04-05,65.2327651977539,72.52999877929688,73.23999786376953,72.4800033569336,72.72000122070312,2235200,ICE
2018-04-06,63.514915466308594,70.62000274658203,72.11000061035156,70.08999633789062,71.95999908447266,1833200,ICE
2018-04-09,63.75774383544922,70.88999938964844,72.06999969482422,70.77999877929688,71.19000244140625,1928900,ICE
2018-04-10,65.1788101196289,72.47000122070312,72.7699966430664,71.86000061035156,72.2699966430664,2489200,ICE
2018-04-11,64.20746612548828,71.38999938964844,72.25,71.12000274658203,71.81999969482422,1722900,ICE
2018-04-12,65.16980743408203,72.45999908447266,72.93000030517578,71.55999755859375,71.72000122070312,2591000,ICE
2018-04-13,65.24176788330078,72.54000091552734,73.16999816894531,72.12000274658203,73.08999633789062,2095300,ICE
2018-04-16,65.81736755371094,73.18000030517578,73.5999984741211,72.97000122070312,73.05999755859375,2739800,ICE
2018-04-17,66.042236328125,73.43000030517578,74.06999969482422,73.43000030517578,73.55000305175781,2616800,ICE
2018-04-18,66.8426742553711,74.31999969482422,74.38999938964844,73.66000366210938,73.76000213623047,2108200,ICE
2018-04-19,67.11250305175781,74.62000274658203,75.08000183105469,74.36000061035156,74.43000030517578,2668600,ICE
2018-04-20,66.88764190673828,74.37000274658203,74.95999908447266,73.93000030517578,74.94999694824219,2475600,ICE
2018-04-23,66.48291015625,73.91999816894531,74.44000244140625,73.47000122070312,74.36000061035156,1491400,ICE
2018-04-24,65.6824722290039,73.02999877929688,74.37999725341797,72.55999755859375,74.18000030517578,2160200,ICE
2018-04-25,65.84436798095703,73.20999908447266,73.30999755859375,72.44000244140625,72.94999694824219,1643600,ICE
2018-04-26,65.6195068359375,72.95999908447266,73.69999694824219,72.41999816894531,73.3499984741211,2640300,ICE
2018-04-27,65.40364074707031,72.72000122070312,73.18000030517578,72.3499984741211,73.04000091552734,1903600,ICE
2018-04-30,65.16980743408203,72.45999908447266,73.7699966430664,72.44999694824219,72.9000015258789,1722700,ICE
2018-05-01,65.06187438964844,72.33999633789062,72.43000030517578,71.66000366210938,72.23999786376953,2174700,ICE
2018-05-02,65.09783935546875,72.37999725341797,73.05000305175781,72.12999725341797,72.33000183105469,3037700,ICE
2018-05-03,63.083221435546875,70.13999938964844,72.0,67.69999694824219,72.0,7256600,ICE
2018-05-04,63.182151794433594,70.25,70.58999633789062,69.08000183105469,69.36000061035156,3402000,ICE
2018-05-07,63.46994400024414,70.56999969482422,71.05000305175781,70.18000030517578,70.26000213623047,3080200,ICE
2018-05-08,63.02025604248047,70.06999969482422,70.62999725341797,69.56999969482422,70.44000244140625,2595800,ICE
2018-05-09,64.63917541503906,71.87000274658203,72.29000091552734,70.31999969482422,70.36000061035156,2670300,ICE
2018-05-10,64.19847869873047,71.37999725341797,71.9800033569336,71.12999725341797,71.80999755859375,1910500,ICE
2018-05-11,64.23444366455078,71.41999816894531,71.70999908447266,70.8499984741211,71.19999694824219,3478600,ICE
2018-05-14,64.50426483154297,71.72000122070312,72.01000213623047,71.23999786376953,71.5,2235200,ICE
2018-05-15,64.66614532470703,71.9000015258789,71.97000122070312,71.31999969482422,71.51000213623047,2277000,ICE
2018-05-16,64.9989242553711,72.2699966430664,72.55999755859375,71.44000244140625,71.9000015258789,2862300,ICE
2018-05-17,65.1158676147461,72.4000015258789,72.68000030517578,71.9800033569336,72.4000015258789,1754200,ICE
2018-05-18,64.35137939453125,71.55000305175781,72.5199966430664,71.45999908447266,72.25,1660000,ICE
2018-05-21,65.0798568725586,72.36000061035156,72.55000305175781,71.9000015258789,71.9800033569336,1777100,ICE
2018-05-22,64.53121185302734,71.75,72.33999633789062,71.47000122070312,72.16999816894531,1447400,ICE
2018-05-23,64.09953308105469,71.2699966430664,71.61000061035156,70.45999908447266,71.3499984741211,2185800,ICE
2018-05-24,64.09953308105469,71.2699966430664,71.45999908447266,70.5999984741211,71.2300033569336,1567700,ICE
2018-05-25,63.73077392578125,70.86000061035156,71.13999938964844,70.55000305175781,71.08000183105469,1802700,ICE
2018-05-29,62.795413970947266,69.81999969482422,70.4800033569336,69.33000183105469,70.30999755859375,2682100,ICE
2018-05-30,64.4502944946289,71.66000366210938,72.04000091552734,70.4000015258789,70.4800033569336,3044600,ICE
2018-05-31,63.75774383544922,70.88999938964844,71.94000244140625,70.87000274658203,71.5,3568000,ICE
2018-06-01,64.85502624511719,72.11000061035156,72.27999877929688,71.5999984741211,71.62000274658203,2408300,ICE
2018-06-04,65.21478271484375,72.51000213623047,72.63999938964844,72.0199966430664,72.37000274658203,1572100,ICE
2018-06-05,66.35699462890625,73.77999877929688,74.08000183105469,72.33000183105469,72.37999725341797,3133100,ICE
2018-06-06,68.33565521240234,75.9800033569336,76.06999969482422,74.20999908447266,74.41999816894531,3663000,ICE
2018-06-07,67.89495849609375,75.48999786376953,76.69000244140625,75.0999984741211,76.2300033569336,3451700,ICE
2018-06-08,68.04784393310547,75.66000366210938,75.87999725341797,75.20999908447266,75.68000030517578,2642200,ICE
2018-06-11,67.75105285644531,75.33000183105469,75.87999725341797,74.98999786376953,75.73999786376953,1995900,ICE
2018-06-12,67.84998321533203,75.44000244140625,76.08999633789062,74.80999755859375,75.91000366210938,2954700,ICE
2018-06-13,67.55223846435547,74.87000274658203,75.63999938964844,74.81999969482422,75.58999633789062,1841900,ICE
2018-06-14,67.23646545410156,74.5199966430664,75.25,74.26000213623047,75.0999984741211,1906600,ICE
2018-06-15,67.09208679199219,74.36000061035156,74.43000030517578,73.55999755859375,74.36000061035156,4074600,ICE
2018-06-18,67.13722229003906,74.41000366210938,74.44000244140625,73.62999725341797,73.9000015258789,1651000,ICE
2018-06-19,67.0108871459961,74.2699966430664,74.77999877929688,73.58000183105469,73.7300033569336,1757900,ICE
2018-06-20,67.31766510009766,74.61000061035156,75.29000091552734,74.55000305175781,74.66000366210938,1775100,ICE
2018-06-21,67.60639190673828,74.93000030517578,75.05999755859375,73.76000213623047,74.80000305175781,1613200,ICE
2018-06-22,67.48908233642578,74.80000305175781,75.62999725341797,74.75,75.41000366210938,1913800,ICE
2018-06-25,67.03797912597656,74.30000305175781,74.77999877929688,73.56999969482422,74.62999725341797,1830100,ICE
2018-06-26,67.28157043457031,74.56999969482422,75.2699966430664,74.30000305175781,74.36000061035156,1954100,ICE
2018-06-27,66.34321594238281,73.52999877929688,74.94999694824219,73.52999877929688,74.5,2760200,ICE
2018-06-28,66.62293243408203,73.83999633789062,74.1500015258789,73.4000015258789,73.47000122070312,1974000,ICE
2018-06-29,66.36126708984375,73.55000305175781,74.5,73.54000091552734,74.33999633789062,3021200,ICE
2018-07-02,66.52365112304688,73.7300033569336,73.77999877929688,72.87999725341797,73.30999755859375,2067700,ICE
2018-07-03,65.49507904052734,72.58999633789062,74.33000183105469,72.36000061035156,74.0,1148900,ICE
2018-07-05,65.5943374633789,72.69999694824219,73.01000213623047,72.20999908447266,72.83999633789062,1475900,ICE
2018-07-06,65.95526123046875,73.0999984741211,73.5999984741211,72.44000244140625,72.75,1648100,ICE
2018-07-09,67.29056549072266,74.58000183105469,74.76000213623047,73.33999633789062,73.37999725341797,1900100,ICE
2018-07-10,67.16425323486328,74.44000244140625,74.91999816894531,74.05999755859375,74.58000183105469,1821900,ICE
2018-07-11,67.3447265625,74.63999938964844,74.95999908447266,73.94000244140625,73.94000244140625,1339800,ICE
2018-07-12,67.45301055908203,74.76000213623047,75.37999725341797,74.29000091552734,75.22000122070312,1588500,ICE
2018-07-13,67.39886474609375,74.69999694824219,74.80999755859375,73.80000305175781,74.80999755859375,1242600,ICE
2018-07-16,67.8409652709961,75.19000244140625,75.36000061035156,74.70999908447266,74.87999725341797,1185900,ICE
2018-07-17,68.21991729736328,75.61000061035156,75.79000091552734,74.81999969482422,74.9800033569336,1452200,ICE
2018-07-18,69.26653289794922,76.7699966430664,76.87000274658203,75.33999633789062,75.68000030517578,1647000,ICE
2018-07-19,68.35526275634766,75.76000213623047,76.97000122070312,75.69000244140625,76.66000366210938,1595600,ICE
2018-07-20,68.40036010742188,75.80999755859375,75.87999725341797,75.0999984741211,75.44000244140625,1840100,ICE
2018-07-23,69.10411834716797,76.58999633789062,76.61000061035156,75.6500015258789,75.75,2191900,ICE
2018-07-24,68.96880340576172,76.44000244140625,76.93000030517578,76.23999786376953,76.69000244140625,3911300,ICE
2018-07-25,69.28456115722656,76.79000091552734,76.8499984741211,75.91999816894531,76.23999786376953,2197600,ICE
2018-07-26,69.51917266845703,77.05000305175781,77.22000122070312,76.55000305175781,76.83000183105469,2155700,ICE
2018-07-27,68.84249114990234,76.30000305175781,77.19000244140625,76.16000366210938,76.7699966430664,1722600,ICE
2018-07-30,67.02892303466797,74.29000091552734,76.51000213623047,74.16000366210938,76.19999694824219,2239000,ICE
2018-07-31,66.68608093261719,73.91000366210938,74.95999908447266,73.19999694824219,74.7699966430664,3340800,ICE
2018-08-01,66.46952056884766,73.66999816894531,75.01000213623047,73.52999877929688,74.05000305175781,1954900,ICE
2018-08-02,65.76575469970703,72.88999938964844,73.6500015258789,72.05999755859375,72.70999908447266,4277400,ICE
2018-08-03,65.69358825683594,72.80999755859375,72.94000244140625,72.36000061035156,72.94000244140625,2829100,ICE
2018-08-06,65.48607635498047,72.58000183105469,72.88999938964844,72.4000015258789,72.76000213623047,2445100,ICE
2018-08-07,66.5146484375,73.72000122070312,73.88999938964844,72.66000366210938,72.80000305175781,1504100,ICE
2018-08-08,66.06352996826172,73.22000122070312,74.01000213623047,73.19000244140625,73.73999786376953,1502800,ICE
2018-08-09,66.07254791259766,73.2300033569336,73.37999725341797,73.02999877929688,73.20999908447266,1335300,ICE
2018-08-10,66.10862731933594,73.2699966430664,73.5199966430664,72.4800033569336,72.95999908447266,1940600,ICE
2018-08-13,65.83793640136719,72.97000122070312,74.0,72.94999694824219,73.33000183105469,2269300,ICE
2018-08-14,66.31615447998047,73.5,73.66000366210938,72.95999908447266,73.18000030517578,1555100,ICE
2018-08-15,65.9822998046875,73.12999725341797,73.70999908447266,72.91000366210938,73.33000183105469,1409400,ICE
2018-08-16,66.11767578125,73.27999877929688,73.79000091552734,73.19000244140625,73.43000030517578,1970200,ICE
2018-08-17,66.81238555908203,74.05000305175781,74.12000274658203,73.0,73.30000305175781,2785100,ICE
2018-08-20,66.89360809326172,74.13999938964844,74.44000244140625,73.95999908447266,74.0999984741211,1655700,ICE
2018-08-21,65.99134826660156,73.13999938964844,74.0,73.12000274658203,73.9000015258789,2953100,ICE
2018-08-22,66.2259292602539,73.4000015258789,73.55000305175781,72.5199966430664,72.79000091552734,2150400,ICE
2018-08-23,65.8650131225586,73.0,74.02999877929688,72.94999694824219,73.54000091552734,2536800,ICE
2018-08-24,66.03646850585938,73.19000244140625,73.37000274658203,72.91000366210938,73.0999984741211,3120400,ICE
2018-08-27,66.89360809326172,74.13999938964844,74.37000274658203,73.47000122070312,73.61000061035156,2272500,ICE
2018-08-28,67.353759765625,74.6500015258789,74.91000366210938,74.12000274658203,74.26000213623047,2286000,ICE
2018-08-29,68.25601196289062,75.6500015258789,75.72000122070312,74.61000061035156,74.61000061035156,2229400,ICE
2018-08-30,68.34623718261719,75.75,75.97000122070312,75.38999938964844,75.44999694824219,2615500,ICE
2018-08-31,68.77930450439453,76.2300033569336,76.30999755859375,75.41000366210938,75.52999877929688,1980200,ICE
2018-09-04,69.78083038330078,77.33999633789062,77.36000061035156,76.08999633789062,76.30999755859375,2968600,ICE
2018-09-05,69.21240234375,76.70999908447266,77.80999755859375,76.58000183105469,77.54000091552734,3740100,ICE
2018-09-06,69.81692504882812,77.37999725341797,77.55000305175781,76.33000183105469,76.69999694824219,2706800,ICE
2018-09-07,70.23197174072266,77.83999633789062,77.98999786376953,77.18000030517578,77.48999786376953,2161900,ICE
2018-09-10,70.3763198852539,78.0,78.47000122070312,77.79000091552734,78.16999816894531,1957300,ICE
2018-09-11,70.47557067871094,78.11000061035156,78.4800033569336,77.72000122070312,77.93000030517578,1732200,ICE
2018-09-12,69.08181762695312,76.33000183105469,77.83000183105469,76.23999786376953,77.83000183105469,2845300,ICE
2018-09-13,70.01399993896484,77.36000061035156,77.41999816894531,76.31999969482422,76.61000061035156,1981800,ICE
2018-09-14,70.56610107421875,77.97000122070312,78.05000305175781,77.5199966430664,77.55000305175781,1370000,ICE
2018-09-17,70.15879821777344,77.5199966430664,78.05999755859375,77.36000061035156,78.0,1541400,ICE
2018-09-18,70.75611877441406,78.18000030517578,78.41999816894531,77.4800033569336,77.54000091552734,2208000,ICE
2018-09-19,70.21310424804688,77.58000183105469,78.33999633789062,77.45999908447266,78.33999633789062,2253400,ICE
2018-09-20,70.3036117553711,77.68000030517578,78.05000305175781,77.45999908447266,77.95999908447266,2428400,ICE
2018-09-21,70.4303207397461,77.81999969482422,78.19000244140625,77.58999633789062,77.66999816894531,4292300,ICE
2018-09-24,70.25836181640625,77.62999725341797,78.05000305175781,77.47000122070312,77.73999786376953,1794500,ICE
2018-09-25,69.11801147460938,76.37000274658203,77.7699966430664,76.2300033569336,77.7699966430664,2851200,ICE
2018-09-26,68.0409927368164,75.18000030517578,76.61000061035156,75.16000366210938,76.58999633789062,2392200,ICE
2018-09-27,67.86904907226562,74.98999786376953,75.55999755859375,74.97000122070312,75.25,2752300,ICE
2018-09-28,67.7785415649414,74.88999938964844,75.29000091552734,74.66000366210938,75.0,4184100,ICE
2018-10-01,68.10438537597656,75.25,75.41999816894531,74.48999786376953,75.0199966430664,3171400,ICE
2018-10-02,67.75138854980469,74.86000061035156,75.2300033569336,74.45999908447266,75.22000122070312,2256900,ICE
2018-10-03,67.75138854980469,74.86000061035156,75.55000305175781,74.63999938964844,75.30000305175781,2407100,ICE
2018-10-04,68.70169830322266,75.91000366210938,76.19000244140625,74.9000015258789,75.02999877929688,3107700,ICE
2018-10-05,68.80125427246094,76.0199966430664,76.62000274658203,75.7300033569336,75.91000366210938,1935300,ICE
2018-10-08,68.22200012207031,75.37999725341797,75.87999725341797,74.86000061035156,75.80000305175781,2265200,ICE
2018-10-09,68.81935119628906,76.04000091552734,76.25,75.05999755859375,75.23999786376953,2008200,ICE
2018-10-10,67.09073638916016,74.12999725341797,76.19999694824219,74.08000183105469,75.9800033569336,2981000,ICE
2018-10-11,65.6064453125,72.48999786376953,74.27999877929688,72.31999969482422,73.91000366210938,3567600,ICE
2018-10-12,66.33953857421875,73.30000305175781,73.75,72.5199966430664,73.62000274658203,2668600,ICE
2018-10-15,65.77840423583984,72.68000030517578,73.44000244140625,72.62000274658203,73.1500015258789,1672800,ICE
2018-10-16,67.81475830078125,74.93000030517578,75.06999969482422,72.94999694824219,73.16999816894531,2666200,ICE
2018-10-17,66.58386993408203,73.56999969482422,74.11000061035156,72.68000030517578,73.75,4180300,ICE
2018-10-18,66.54768371582031,73.52999877929688,74.31999969482422,73.05000305175781,73.80999755859375,2769500,ICE
2018-10-19,67.23553466796875,74.29000091552734,74.4800033569336,73.37000274658203,73.5199966430664,3423500,ICE
2018-10-22,66.80110931396484,73.80999755859375,74.66000366210938,73.7300033569336,74.5,1917800,ICE
2018-10-23,67.28981018066406,74.3499984741211,74.70999908447266,72.5999984741211,72.77999877929688,3028900,ICE
2018-10-24,66.81015014648438,73.81999969482422,74.56999969482422,73.63999938964844,74.31999969482422,3764800,ICE
2018-10-25,67.08168029785156,74.12000274658203,74.6500015258789,73.52999877929688,74.05000305175781,3162500,ICE
2018-10-26,66.73776245117188,73.73999786376953,74.41999816894531,73.37000274658203,73.44000244140625,4018500,ICE
2018-10-29,65.95036315917969,72.87000274658203,74.37999725341797,72.11000061035156,73.73999786376953,4264000,ICE
2018-10-30,66.15853118896484,73.0999984741211,73.69999694824219,72.48999786376953,73.41000366210938,8262900,ICE
2018-10-31,69.72440338134766,77.04000091552734,77.37999725341797,73.27999877929688,74.01000213623047,7718500,ICE
2018-11-01,68.65642547607422,75.86000061035156,77.73999786376953,75.6500015258789,77.62999725341797,4054600,ICE
2018-11-02,69.60672760009766,76.91000366210938,76.91999816894531,75.83999633789062,76.54000091552734,2648900,ICE
2018-11-05,70.79235076904297,78.22000122070312,78.62999725341797,76.9800033569336,77.0,2775100,ICE
2018-11-06,70.6837158203125,78.0999984741211,78.51000213623047,77.70999908447266,78.19999694824219,1749100,ICE
2018-11-07,71.09101104736328,78.55000305175781,78.86000061035156,78.0199966430664,78.54000091552734,2184600,ICE
2018-11-08,72.3580322265625,79.94999694824219,80.0,78.23999786376953,78.23999786376953,3599700,ICE
2018-11-09,71.5706787109375,79.08000183105469,79.94000244140625,78.26000213623047,79.79000091552734,2842400,ICE
2018-11-12,70.5027084350586,77.9000015258789,79.44000244140625,77.88999938964844,79.02999877929688,2317100,ICE
2018-11-13,71.41682434082031,78.91000366210938,79.16000366210938,78.11000061035156,78.2699966430664,3250600,ICE
2018-11-14,71.3172607421875,78.80000305175781,79.97000122070312,78.08999633789062,79.62000274658203,3141200,ICE
2018-11-15,72.57526397705078,80.19000244140625,80.22000122070312,77.80000305175781,78.22000122070312,3167700,ICE
2018-11-16,73.50745391845703,81.22000122070312,81.29000091552734,79.44000244140625,79.73999786376953,4531600,ICE
2018-11-19,73.66131591796875,81.38999938964844,81.94999694824219,80.79000091552734,81.08999633789062,2957600,ICE
2018-11-20,72.33090209960938,79.91999816894531,80.33999633789062,78.80999755859375,80.31999969482422,4050900,ICE
2018-11-21,71.79694366455078,79.33000183105469,80.37999725341797,79.31999969482422,80.13999938964844,2861100,ICE
2018-11-23,71.42586517333984,78.91999816894531,79.33000183105469,78.69000244140625,79.05999755859375,1179700,ICE
2018-11-26,72.73817443847656,80.37000274658203,80.62999725341797,79.30000305175781,79.3499984741211,3217800,ICE
2018-11-27,73.64321899414062,81.37000274658203,81.5199966430664,79.97000122070312,79.98999786376953,3418000,ICE
2018-11-28,73.90568542480469,81.66000366210938,81.76000213623047,80.2300033569336,81.38999938964844,3682100,ICE
2018-11-29,73.38980102539062,81.08999633789062,81.77999877929688,80.62000274658203,81.27999877929688,3218500,ICE
2018-11-30,73.9599838256836,81.72000122070312,81.83000183105469,81.0,81.08999633789062,4717700,ICE
2018-12-03,73.42601013183594,81.12999725341797,82.6500015258789,80.6500015258789,82.20999908447266,3486200,ICE
2018-12-04,71.60688781738281,79.12000274658203,80.9800033569336,78.95999908447266,80.5999984741211,4654800,ICE
2018-12-06,71.73358154296875,79.26000213623047,79.55000305175781,77.9800033569336,78.2699966430664,4963800,ICE
2018-12-07,71.09101104736328,78.55000305175781,79.97000122070312,77.80000305175781,79.47000122070312,2590200,ICE
2018-12-10,71.4349136352539,78.93000030517578,79.12000274658203,77.0199966430664,78.5199966430664,2185400,ICE
2018-12-11,70.67466735839844,78.08999633789062,79.87000274658203,77.9800033569336,79.7699966430664,3155100,ICE
2018-12-12,70.59322357177734,78.0,78.9000015258789,77.95999908447266,78.9000015258789,2550100,ICE
2018-12-13,70.43889617919922,77.58999633789062,78.02999877929688,76.91000366210938,78.0199966430664,2078900,ICE
2018-12-14,69.99405670166016,77.0999984741211,77.83000183105469,76.70999908447266,77.05999755859375,2363500,ICE
2018-12-17,69.34040069580078,76.37999725341797,77.37999725341797,76.12999725341797,76.91999816894531,3893700,ICE
2018-12-18,68.09668731689453,75.01000213623047,76.9800033569336,74.6500015258789,76.83999633789062,3543300,ICE
2018-12-19,68.16022491455078,75.08000183105469,76.47000122070312,74.52999877929688,75.16999816894531,3055300,ICE
2018-12-20,66.80753326416016,73.58999633789062,74.91999816894531,73.12000274658203,74.69000244140625,3594800,ICE
2018-12-21,66.10852813720703,72.81999969482422,74.86000061035156,72.45999908447266,73.23999786376953,4875100,ICE
2018-12-24,64.1657485961914,70.68000030517578,72.55999755859375,70.62999725341797,72.1500015258789,1485700,ICE
2018-12-26,66.4988784790039,73.25,73.25,69.69000244140625,71.0199966430664,2884400,ICE
2018-12-27,67.40674591064453,74.25,74.25,71.55000305175781,72.20999908447266,1997600,ICE
2018-12-28,67.58828735351562,74.44999694824219,75.2699966430664,73.58000183105469,74.44999694824219,1617500,ICE
2018-12-31,68.3871841430664,75.33000183105469,75.33000183105469,74.44000244140625,74.72000122070312,1728900,ICE
2019-01-02,68.3871841430664,75.33000183105469,75.47000122070312,74.4000015258789,74.48999786376953,2274300,ICE
2019-01-03,67.16162872314453,73.9800033569336,75.56999969482422,73.83000183105469,75.08999633789062,3066300,ICE
2019-01-04,68.69584655761719,75.66999816894531,75.87999725341797,74.01000213623047,74.83999633789062,3760600,ICE
2019-01-07,66.61688995361328,73.37999725341797,74.76000213623047,73.01000213623047,73.31999969482422,4822800,ICE
2019-01-08,65.50025939941406,72.1500015258789,74.12000274658203,71.19999694824219,73.7699966430664,4845700,ICE
2019-01-09,65.76355743408203,72.44000244140625,73.0199966430664,71.93000030517578,72.18000030517578,3301900,ICE
2019-01-10,66.07217407226562,72.77999877929688,72.9800033569336,72.08000183105469,72.30000305175781,2758600,ICE
2019-01-11,66.36272430419922,73.0999984741211,73.18000030517578,72.16999816894531,72.43000030517578,1647700,ICE
2019-01-14,65.99955749511719,72.69999694824219,72.97000122070312,72.0999984741211,72.3499984741211,3197400,ICE
2019-01-15,66.73492431640625,73.51000213623047,73.55999755859375,72.38999938964844,72.58000183105469,1604100,ICE
2019-01-16,67.64276885986328,74.51000213623047,75.05000305175781,74.04000091552734,74.41999816894531,2888900,ICE
2019-01-17,67.95142364501953,74.8499984741211,75.02999877929688,74.05000305175781,74.2300033569336,2545900,ICE
2019-01-18,68.6595458984375,75.62999725341797,75.83000183105469,74.7300033569336,75.19000244140625,3166000,ICE
2019-01-22,68.87742614746094,75.87000274658203,76.30999755859375,75.31999969482422,75.5,2757800,ICE
2019-01-23,69.04989624023438,76.05999755859375,76.41999816894531,75.36000061035156,76.13999938964844,1743800,ICE
2019-01-24,68.27825927734375,75.20999908447266,76.16999816894531,75.12000274658203,75.97000122070312,2277100,ICE
2019-01-25,68.77755737304688,75.76000213623047,76.33000183105469,75.20999908447266,75.88999938964844,2573000,ICE
2019-01-28,68.73217010498047,75.70999908447266,75.80000305175781,75.01000213623047,75.4000015258789,1412600,ICE
2019-01-29,68.40533447265625,75.3499984741211,75.87000274658203,74.91000366210938,75.58999633789062,2140600,ICE
2019-01-30,69.1951675415039,76.22000122070312,76.41999816894531,75.08000183105469,75.22000122070312,2617600,ICE
2019-01-31,69.68537139892578,76.76000213623047,76.88999938964844,75.72000122070312,75.80999755859375,2554500,ICE
2019-02-01,70.3753433227539,77.5199966430664,77.83999633789062,76.80999755859375,77.04000091552734,2589600,ICE
2019-02-04,69.99405670166016,77.0999984741211,77.7300033569336,76.31999969482422,77.55999755859375,3107700,ICE
2019-02-05,70.1846923828125,77.30999755859375,77.4000015258789,76.79000091552734,77.16999816894531,3217800,ICE
2019-02-06,70.25730895996094,77.38999938964844,80.0999984741211,76.66999816894531,77.0199966430664,3572500,ICE
2019-02-07,68.58690643310547,75.55000305175781,76.37999725341797,74.27999877929688,76.33999633789062,5770600,ICE
2019-02-08,69.14070892333984,76.16000366210938,76.22000122070312,74.62999725341797,75.12999725341797,3863500,ICE
2019-02-11,68.55967712402344,75.5199966430664,76.54000091552734,75.19000244140625,76.12999725341797,2915700,ICE
2019-02-12,69.11345672607422,76.12999725341797,76.66999816894531,75.66999816894531,75.95999908447266,2608800,ICE
2019-02-13,69.61273956298828,76.68000030517578,77.36000061035156,76.23999786376953,76.44999694824219,2701700,ICE
2019-02-14,68.95003509521484,75.94999694824219,76.68000030517578,75.69000244140625,76.55000305175781,3497500,ICE
2019-02-15,68.54151916503906,75.5,76.11000061035156,74.48999786376953,75.47000122070312,7395600,ICE
2019-02-19,67.96050262451172,74.86000061035156,75.69999694824219,74.01000213623047,75.29000091552734,2356100,ICE
2019-02-20,67.61552429199219,74.4800033569336,74.88999938964844,74.02999877929688,74.75,3735600,ICE
2019-02-21,67.96961212158203,74.87000274658203,75.18000030517578,74.54000091552734,74.73999786376953,2898800,ICE
2019-02-22,68.25100708007812,75.18000030517578,75.36000061035156,74.94000244140625,75.05000305175781,2580800,ICE
2019-02-25,68.39627838134766,75.33999633789062,76.27999877929688,75.23999786376953,75.68000030517578,2403900,ICE
2019-02-26,68.35994720458984,75.30000305175781,75.5999984741211,75.0999984741211,75.13999938964844,2426200,ICE
2019-02-27,69.18609619140625,76.20999908447266,76.44000244140625,75.0199966430664,75.12999725341797,2799100,ICE
2019-02-28,70.03945922851562,77.1500015258789,77.47000122070312,76.2699966430664,76.2699966430664,4001400,ICE
2019-03-01,70.07575225830078,77.19000244140625,78.16000366210938,77.08000183105469,77.5199966430664,3054600,ICE
2019-03-04,69.15885162353516,76.18000030517578,77.68000030517578,76.0,77.30000305175781,4659000,ICE
2019-03-05,68.43258666992188,75.37999725341797,76.41999816894531,75.2300033569336,76.23999786376953,2484400,ICE
2019-03-06,67.98773956298828,74.88999938964844,75.70999908447266,74.72000122070312,75.58000183105469,1656200,ICE
2019-03-07,66.86203002929688,73.6500015258789,74.80000305175781,73.55999755859375,74.66999816894531,2976100,ICE
2019-03-08,65.81803131103516,72.5,73.0,71.9000015258789,73.0,3328900,ICE
2019-03-11,65.86341857910156,72.55000305175781,73.16999816894531,72.25,72.87000274658203,2642300,ICE
2019-03-12,66.3808822631836,73.12000274658203,73.4800033569336,72.55999755859375,72.76000213623047,2645600,ICE
2019-03-13,67.22516632080078,74.05000305175781,74.27999877929688,73.08999633789062,73.18000030517578,3467300,ICE
2019-03-14,67.32997131347656,73.88999938964844,74.0999984741211,73.41000366210938,73.72000122070312,1961200,ICE
2019-03-15,68.0042495727539,74.62999725341797,74.6500015258789,73.69999694824219,73.75,3861900,ICE
2019-03-18,67.98603057861328,74.61000061035156,75.25,74.47000122070312,74.83999633789062,3606700,ICE
2019-03-19,67.65800476074219,74.25,75.12999725341797,74.02999877929688,75.0199966430664,2389700,ICE
2019-03-20,66.70121765136719,73.19999694824219,74.31999969482422,73.16000366210938,74.30000305175781,3225000,ICE
2019-03-21,66.87434387207031,73.38999938964844,73.83999633789062,72.86000061035156,72.88999938964844,2284500,ICE
2019-03-22,66.30027770996094,72.76000213623047,73.25,72.47000122070312,73.0199966430664,2886700,ICE
2019-03-25,67.22970581054688,73.77999877929688,74.0,72.7300033569336,72.8499984741211,2998500,ICE
2019-03-26,67.42106628417969,73.98999786376953,74.52999877929688,73.37999725341797,74.33000183105469,2566400,ICE
2019-03-27,67.30260467529297,73.86000061035156,74.2699966430664,73.5999984741211,73.9000015258789,2038500,ICE
2019-03-28,68.13180541992188,74.7699966430664,74.81999969482422,73.6500015258789,73.97000122070312,2063400,ICE
2019-03-29,69.38017272949219,76.13999938964844,76.19999694824219,75.16999816894531,75.26000213623047,4317200,ICE
2019-04-01,70.16381072998047,77.0,77.08999633789062,76.48999786376953,76.61000061035156,2972900,ICE
2019-04-02,70.50099182128906,77.37000274658203,77.69999694824219,76.95999908447266,77.1500015258789,2430700,ICE
2019-04-03,70.54653930664062,77.41999816894531,77.88999938964844,77.13999938964844,77.83000183105469,2295000,ICE
2019-04-04,70.4007568359375,77.26000213623047,77.56999969482422,76.95999908447266,77.38999938964844,2404700,ICE
2019-04-05,70.4007568359375,77.26000213623047,77.56999969482422,76.94000244140625,77.33999633789062,2370800,ICE
2019-04-08,70.16381072998047,77.0,77.12999725341797,76.56999969482422,76.95999908447266,2484900,ICE
2019-04-09,70.1364974975586,76.97000122070312,77.18000030517578,76.62000274658203,76.81999969482422,3121900,ICE
2019-04-10,70.02714538574219,76.8499984741211,77.08000183105469,76.72000122070312,76.97000122070312,1976500,ICE
2019-04-11,70.21849822998047,77.05999755859375,77.36000061035156,76.80000305175781,77.12999725341797,2193800,ICE
2019-04-12,70.41897583007812,77.27999877929688,78.12999725341797,77.0,77.7699966430664,5511000,ICE
2019-04-15,71.65823364257812,78.63999938964844,78.91999816894531,77.23999786376953,77.4000015258789,3970500,ICE
2019-04-16,72.38720703125,79.44000244140625,79.87000274658203,78.58000183105469,78.7699966430664,2566200,ICE
2019-04-17,73.04328155517578,80.16000366210938,80.5999984741211,79.37999725341797,79.69000244140625,3266200,ICE
2019-04-18,72.76992797851562,79.86000061035156,80.5,79.80999755859375,80.08999633789062,2934900,ICE
2019-04-22,73.35310363769531,80.5,80.56999969482422,79.5199966430664,79.61000061035156,1474900,ICE
2019-04-23,73.38043212890625,80.52999877929688,80.83000183105469,79.98999786376953,80.66000366210938,2821300,ICE
2019-04-24,73.32577514648438,80.47000122070312,80.8499984741211,80.16999816894531,80.4800033569336,2603900,ICE
2019-04-25,73.64468383789062,80.81999969482422,81.01000213623047,80.01000213623047,80.27999877929688,1401200,ICE
2019-04-26,73.98184967041016,81.19000244140625,81.19999694824219,80.70999908447266,81.18000030517578,1585700,ICE
2019-04-29,74.43745422363281,81.69000244140625,81.94000244140625,81.08999633789062,81.18000030517578,1846200,ICE
2019-04-30,74.12765502929688,81.3499984741211,81.98999786376953,81.30000305175781,81.6500015258789,3095700,ICE
2019-05-01,73.50801849365234,80.66999816894531,81.5999984741211,80.66999816894531,81.23999786376953,3852500,ICE
2019-05-02,72.64238739013672,79.72000122070312,81.41999816894531,79.54000091552734,80.75,3360500,ICE
2019-05-03,72.61500549316406,79.69000244140625,80.45999908447266,79.5,79.9000015258789,2630200,ICE
2019-05-06,73.76314544677734,80.94999694824219,81.20999908447266,78.87000274658203,78.93000030517578,2850500,ICE
2019-05-07,72.91571807861328,80.0199966430664,80.7699966430664,79.55000305175781,80.4000015258789,2999700,ICE
2019-05-08,73.27111053466797,80.41000366210938,80.9000015258789,79.63999938964844,79.87999725341797,1941000,ICE
2019-05-09,73.62646484375,80.80000305175781,81.08000183105469,79.54000091552734,79.70999908447266,1915200,ICE
2019-05-10,74.13676452636719,81.36000061035156,81.58999633789062,79.9000015258789,80.76000213623047,1628000,ICE
2019-05-13,73.37132263183594,80.5199966430664,80.73999786376953,79.79000091552734,80.16999816894531,1943900,ICE
2019-05-14,74.0911865234375,81.30999755859375,81.98999786376953,80.55000305175781,80.55999755859375,3179400,ICE
2019-05-15,73.45333099365234,80.61000061035156,81.37000274658203,80.58999633789062,80.72000122070312,1370400,ICE
2019-05-16,74.1185302734375,81.33999633789062,81.66000366210938,80.79000091552734,80.98999786376953,2443000,ICE
2019-05-17,74.0091781616211,81.22000122070312,81.58000183105469,80.72000122070312,80.72000122070312,1284400,ICE
2019-05-20,73.89981079101562,81.0999984741211,81.61000061035156,80.87000274658203,81.25,1788400,ICE
2019-05-21,74.54680633544922,81.80999755859375,82.06999969482422,81.33000183105469,81.5,2300900,ICE
2019-05-22,73.91806030273438,81.12000274658203,81.7300033569336,81.01000213623047,81.4000015258789,2333000,ICE
2019-05-23,74.0365219116211,81.25,81.45999908447266,80.47000122070312,80.76000213623047,3167200,ICE
2019-05-24,74.56503295898438,81.83000183105469,81.83000183105469,80.8499984741211,81.55999755859375,2693700,ICE
2019-05-28,74.78372955322266,82.06999969482422,82.79000091552734,81.69000244140625,81.80000305175781,4187800,ICE
2019-05-29,74.7655029296875,82.05000305175781,82.16999816894531,81.27999877929688,81.58000183105469,1800100,ICE
2019-05-30,75.27576446533203,82.61000061035156,82.72000122070312,82.01000213623047,82.19000244140625,1946300,ICE
2019-05-31,74.91129302978516,82.20999908447266,82.41000366210938,81.77999877929688,81.87999725341797,2540700,ICE
2019-06-03,75.19377136230469,82.5199966430664,82.66000366210938,81.94000244140625,82.30000305175781,3539000,ICE
2019-06-04,76.36920166015625,83.80999755859375,83.94000244140625,82.83000183105469,83.0,3872500,ICE
2019-06-05,77.40802764892578,84.94999694824219,85.01000213623047,84.0,84.16999816894531,2136300,ICE
2019-06-06,77.62674713134766,85.19000244140625,85.47000122070312,84.62999725341797,85.0999984741211,1815300,ICE
2019-06-07,77.79985046386719,85.37999725341797,85.8499984741211,85.27999877929688,85.29000091552734,1633200,ICE
2019-06-10,78.43769836425781,86.08000183105469,86.45999908447266,85.52999877929688,85.9000015258789,2669100,ICE
2019-06-11,77.39893341064453,84.94000244140625,86.77999877929688,84.68000030517578,86.5199966430664,1747900,ICE
2019-06-12,77.89098358154297,85.4800033569336,85.4800033569336,84.75,84.93000030517578,1431000,ICE
2019-06-13,77.31047821044922,84.56999969482422,85.45999908447266,84.25,85.45999908447266,1505400,ICE
2019-06-14,77.63956451416016,84.93000030517578,85.11000061035156,84.45999908447266,84.69000244140625,1248400,ICE
2019-06-17,76.82596588134766,84.04000091552734,85.37999725341797,83.94999694824219,85.16000366210938,1927100,ICE
2019-06-18,77.420166015625,84.69000244140625,84.87000274658203,84.05000305175781,84.3499984741211,1682400,ICE
2019-06-19,78.14237976074219,85.4800033569336,85.58999633789062,84.7699966430664,84.94000244140625,1493100,ICE
2019-06-20,79.01081085205078,86.43000030517578,86.6500015258789,85.43000030517578,85.43000030517578,1721900,ICE
2019-06-21,79.32164001464844,86.7699966430664,87.26000213623047,86.36000061035156,86.66999816894531,4287900,ICE
2019-06-24,79.16622924804688,86.5999984741211,87.12000274658203,86.41999816894531,86.58999633789062,2043400,ICE
2019-06-25,79.10224151611328,86.52999877929688,86.66999816894531,85.9000015258789,86.55000305175781,1738800,ICE
2019-06-26,77.2647705078125,84.5199966430664,86.5999984741211,84.5,86.5999984741211,1987900,ICE
2019-06-27,78.1697998046875,85.51000213623047,86.0199966430664,84.93000030517578,85.08999633789062,1434600,ICE
2019-06-28,78.5628890991211,85.94000244140625,85.94000244140625,85.25,85.51000213623047,3252900,ICE
2019-07-01,78.76399993896484,86.16000366210938,86.73999786376953,85.70999908447266,86.69000244140625,1579300,ICE
2019-07-02,79.8792724609375,87.37999725341797,87.37999725341797,86.1500015258789,86.1500015258789,1779500,ICE
2019-07-03,80.98539733886719,88.58999633789062,88.66000366210938,87.54000091552734,87.61000061035156,1665600,ICE
2019-07-05,81.8355712890625,89.5199966430664,89.58999633789062,88.45999908447266,88.81999969482422,1799300,ICE
2019-07-08,81.73501586914062,89.41000366210938,89.58000183105469,88.86000061035156,89.3499984741211,1722900,ICE
2019-07-09,81.9087142944336,89.5999984741211,89.63999938964844,89.05000305175781,89.19999694824219,1652800,ICE
2019-07-10,82.53948974609375,90.29000091552734,90.45999908447266,89.38999938964844,89.41999816894531,1837600,ICE
2019-07-11,83.85586547851562,91.7300033569336,91.7699966430664,90.22000122070312,90.5999984741211,2727700,ICE
2019-07-12,83.69132232666016,91.55000305175781,91.7300033569336,91.06999969482422,91.5,1773200,ICE
2019-07-15,84.00210571289062,91.88999938964844,91.91999816894531,91.06999969482422,91.79000091552734,1291100,ICE
2019-07-16,83.89241790771484,91.7699966430664,92.30999755859375,91.30000305175781,91.95999908447266,1176800,ICE
2019-07-17,83.11538696289062,90.91999816894531,91.9000015258789,90.77999877929688,91.56999969482422,1612200,ICE
2019-07-18,83.68217468261719,91.54000091552734,91.63999938964844,90.76000213623047,90.87000274658203,1859200,ICE
2019-07-19,82.97825622558594,90.7699966430664,91.81999969482422,90.69999694824219,91.79000091552734,1510500,ICE
2019-07-22,82.92343139648438,90.70999908447266,91.05999755859375,89.16999816894531,90.20999908447266,1671800,ICE
2019-07-23,83.09708404541016,90.9000015258789,91.08000183105469,89.97000122070312,90.69000244140625,2011400,ICE
2019-07-24,81.58875274658203,89.25,90.66000366210938,87.0999984741211,90.54000091552734,4039400,ICE
2019-07-25,81.89955139160156,89.58999633789062,89.91999816894531,89.01000213623047,89.3499984741211,1664500,ICE
2019-07-26,81.89955139160156,89.58999633789062,89.86000061035156,89.13999938964844,89.66000366210938,1548500,ICE
2019-07-29,80.61061096191406,88.18000030517578,89.55999755859375,87.9800033569336,89.55999755859375,2194500,ICE
2019-07-30,80.32720947265625,87.87000274658203,88.80000305175781,87.79000091552734,88.06999969482422,1382800,ICE
2019-07-31,80.31806945800781,87.86000061035156,88.4800033569336,87.37000274658203,87.95999908447266,2533300,ICE
2019-08-01,81.54301452636719,89.19999694824219,89.38999938964844,85.79000091552734,87.0199966430664,3272500,ICE
2019-08-02,82.6583251953125,90.41999816894531,90.68000030517578,88.5,89.1500015258789,2635000,ICE
2019-08-05,80.82999420166016,88.41999816894531,90.23999786376953,88.27999877929688,89.51000213623047,3134600,ICE
2019-08-06,82.79542541503906,90.56999969482422,90.5999984741211,88.25,88.7699966430664,2326200,ICE
2019-08-07,83.05140686035156,90.8499984741211,91.16999816894531,88.91999816894531,89.69999694824219,1913200,ICE
2019-08-08,84.02040100097656,91.91000366210938,92.13999938964844,90.47000122070312,91.16000366210938,1590900,ICE
2019-08-09,84.90714263916016,92.87999725341797,93.4000015258789,91.94000244140625,92.25,1693600,ICE
2019-08-12,82.81372833251953,90.58999633789062,92.41999816894531,90.4800033569336,92.38999938964844,2009800,ICE
2019-08-13,84.11180877685547,92.01000213623047,92.25,90.12000274658203,90.41000366210938,1971100,ICE
2019-08-14,81.60702514648438,89.2699966430664,91.91000366210938,89.26000213623047,90.9000015258789,2074600,ICE
2019-08-15,82.73143768310547,90.5,90.86000061035156,89.63999938964844,89.9000015258789,1365400,ICE
2019-08-16,83.8010025024414,91.66999816894531,91.94999694824219,90.47000122070312,90.93000030517578,1922500,ICE
2019-08-19,84.87971496582031,92.8499984741211,93.1500015258789,92.19000244140625,92.55000305175781,1649600,ICE
2019-08-20,84.13011169433594,92.02999877929688,93.12000274658203,91.93000030517578,92.80000305175781,1303100,ICE
2019-08-21,84.76089477539062,92.72000122070312,92.75,91.97000122070312,92.2300033569336,1339400,ICE
2019-08-22,84.57804107666016,92.5199966430664,93.33000183105469,91.94999694824219,93.0,1721200,ICE
2019-08-23,83.59075164794922,91.44000244140625,92.80000305175781,90.94999694824219,92.5,2116900,ICE
2019-08-26,84.56889343261719,92.51000213623047,92.54000091552734,91.55999755859375,92.11000061035156,1124200,ICE
2019-08-27,85.12654876708984,93.12000274658203,93.30999755859375,92.45999908447266,92.69999694824219,1816700,ICE
2019-08-28,85.26367950439453,93.2699966430664,93.27999877929688,92.16999816894531,93.0,1741500,ICE
2019-08-29,84.81573486328125,92.77999877929688,93.87999725341797,92.47000122070312,93.5,1591800,ICE
2019-08-30,85.45563507080078,93.4800033569336,93.7699966430664,92.68000030517578,93.5,1473600,ICE
2019-09-03,85.72073364257812,93.7699966430664,93.80000305175781,93.08999633789062,93.12000274658203,1871600,ICE
2019-09-04,86.16869354248047,94.26000213623047,94.87999725341797,93.76000213623047,94.19000244140625,1303300,ICE
2019-09-05,86.59835815429688,94.7300033569336,95.44999694824219,94.25,95.04000091552734,2331300,ICE
2019-09-06,86.74459838867188,94.88999938964844,95.5199966430664,94.68000030517578,95.0,1573100,ICE
2019-09-09,84.26724243164062,92.18000030517578,95.55000305175781,91.5999984741211,95.55000305175781,2753100,ICE
2019-09-10,82.38407135009766,90.12000274658203,91.94000244140625,89.04000091552734,91.87999725341797,2814700,ICE
2019-09-11,81.41503143310547,89.05999755859375,90.72000122070312,88.98999786376953,90.56999969482422,2431100,ICE
2019-09-12,82.54862213134766,90.30000305175781,90.63999938964844,89.25,89.25,2527800,ICE
2019-09-13,83.28675842285156,90.83000183105469,90.95999908447266,89.2699966430664,90.2699966430664,2066300,ICE
2019-09-16,84.24954986572266,91.87999725341797,94.22000122070312,90.66000366210938,91.0,3139600,ICE
2019-09-17,85.50578308105469,93.25,94.05000305175781,92.33000183105469,92.33000183105469,2455600,ICE
2019-09-18,85.57914733886719,93.33000183105469,94.62000274658203,92.20999908447266,94.44999694824219,1649900,ICE
2019-09-19,85.76251983642578,93.52999877929688,94.04000091552734,92.69000244140625,93.06999969482422,1380100,ICE
2019-09-20,84.66217041015625,92.33000183105469,93.9000015258789,92.05999755859375,93.86000061035156,3194200,ICE
2019-09-23,84.81806182861328,92.5,92.81999969482422,92.16999816894531,92.36000061035156,1291200,ICE
2019-09-24,85.18486022949219,92.9000015258789,93.91999816894531,92.38999938964844,92.81999969482422,1526600,ICE
2019-09-25,85.62498474121094,93.37999725341797,93.55999755859375,92.08000183105469,93.13999938964844,1440000,ICE
2019-09-26,86.349365234375,94.16999816894531,94.2300033569336,93.0,93.62999725341797,2138700,ICE
2019-09-27,84.72637939453125,92.4000015258789,94.91000366210938,92.05999755859375,94.5,2552700,ICE
2019-09-30,84.60719299316406,92.2699966430664,92.94000244140625,91.93000030517578,92.7300033569336,2087300,ICE
2019-10-01,84.66217041015625,92.33000183105469,92.80000305175781,91.72000122070312,92.19999694824219,2361600,ICE
2019-10-02,82.91997528076172,90.43000030517578,92.19999694824219,90.22000122070312,92.0,2064900,ICE
2019-10-03,83.76356506347656,91.3499984741211,91.36000061035156,89.94000244140625,90.3499984741211,1720800,ICE
2019-10-04,86.19348907470703,94.0,94.06999969482422,91.52999877929688,91.76000213623047,1608000,ICE
2019-10-07,86.52360534667969,94.36000061035156,94.7699966430664,93.4000015258789,93.6500015258789,2304300,ICE
2019-10-08,85.22151947021484,92.94000244140625,94.29000091552734,92.93000030517578,93.95999908447266,1421300,ICE
2019-10-09,86.31269836425781,94.12999725341797,94.37000274658203,93.38999938964844,93.66000366210938,1809200,ICE
2019-10-10,86.87203979492188,94.73999786376953,95.27999877929688,93.75,93.75,2741600,ICE
2019-10-11,86.13848876953125,93.94000244140625,95.55999755859375,93.80999755859375,95.55999755859375,2536100,ICE
2019-10-14,85.7350082397461,93.5,94.62999725341797,93.16000366210938,94.11000061035156,1467000,ICE
2019-10-15,85.55162048339844,93.30000305175781,94.16999816894531,93.16999816894531,93.9800033569336,2127500,ICE
2019-10-16,85.82672119140625,93.5999984741211,93.87000274658203,92.41999816894531,93.66000366210938,2043600,ICE
2019-10-17,86.45024108886719,94.27999877929688,94.55000305175781,93.79000091552734,93.93000030517578,1598500,ICE
2019-10-18,86.56028747558594,94.4000015258789,94.80999755859375,93.93000030517578,94.43000030517578,2177500,ICE
2019-10-21,85.57914733886719,93.33000183105469,94.56999969482422,93.1500015258789,94.54000091552734,2259400,ICE
2019-10-22,84.24040985107422,91.87000274658203,94.33999633789062,91.80999755859375,93.2699966430664,2511800,ICE
2019-10-23,85.21234893798828,92.93000030517578,93.2699966430664,91.76000213623047,91.76000213623047,1995500,ICE
2019-10-24,85.19401550292969,92.91000366210938,93.94000244140625,92.81999969482422,92.81999969482422,1657400,ICE
2019-10-25,84.32292175292969,91.95999908447266,93.41000366210938,91.93000030517578,92.83000183105469,1407500,ICE
2019-10-28,83.9928207397461,91.5999984741211,92.38999938964844,91.41999816894531,92.38999938964844,2520700,ICE
2019-10-29,83.76356506347656,91.3499984741211,92.76000213623047,91.27999877929688,91.7300033569336,2130100,ICE
2019-10-30,85.44158172607422,93.18000030517578,93.25,91.36000061035156,91.45999908447266,2372400,ICE
2019-10-31,86.4869155883789,94.31999969482422,95.13999938964844,92.75,93.8499984741211,3281200,ICE
2019-11-01,85.21234893798828,92.93000030517578,95.27999877929688,92.76000213623047,94.94000244140625,2536900,ICE
2019-11-04,83.5985107421875,91.16999816894531,93.43000030517578,90.72000122070312,93.20999908447266,2807700,ICE
2019-11-05,81.98468017578125,89.41000366210938,91.30999755859375,89.08999633789062,91.0199966430664,4368000,ICE
2019-11-06,83.54349517822266,91.11000061035156,91.20999908447266,89.4800033569336,89.80000305175781,3407700,ICE
2019-11-07,83.11253356933594,90.63999938964844,91.43000030517578,90.37000274658203,91.38999938964844,2905400,ICE
2019-11-08,82.95664978027344,90.47000122070312,91.66999816894531,90.37999725341797,90.9000015258789,2064300,ICE
2019-11-11,83.60771942138672,91.18000030517578,91.44000244140625,90.0199966430664,90.62000274658203,1718100,ICE
2019-11-12,83.8094253540039,91.4000015258789,91.77999877929688,91.20999908447266,91.25,1548000,ICE
2019-11-13,84.97396087646484,92.66999816894531,92.80000305175781,91.3499984741211,91.5199966430664,1808200,ICE
2019-11-14,85.43241882324219,93.16999816894531,93.25,92.23999786376953,92.69000244140625,1919300,ICE
2019-11-15,85.23988342285156,92.95999908447266,93.5,92.55000305175781,93.44999694824219,2833600,ICE
2019-11-18,85.11149597167969,92.81999969482422,93.5999984741211,92.55000305175781,93.31999969482422,3077900,ICE
2019-11-19,86.17517852783203,93.9800033569336,94.33000183105469,92.51000213623047,92.8499984741211,2389700,ICE
2019-11-20,86.6336441040039,94.4800033569336,95.33999633789062,93.93000030517578,94.0199966430664,1502300,ICE
2019-11-21,86.0926513671875,93.88999938964844,94.87000274658203,93.56999969482422,94.5999984741211,1978400,ICE
2019-11-22,85.96427917480469,93.75,94.56999969482422,93.41999816894531,93.87000274658203,1958400,ICE
2019-11-25,86.4869155883789,94.31999969482422,94.77999877929688,93.83000183105469,93.97000122070312,2144000,ICE
2019-11-26,86.62445831298828,94.47000122070312,94.73999786376953,93.9800033569336,94.26000213623047,4586700,ICE
2019-11-27,85.67085266113281,93.43000030517578,94.47000122070312,92.83999633789062,94.30999755859375,2423500,ICE
2019-11-29,86.349365234375,94.16999816894531,94.51000213623047,93.13999938964844,93.13999938964844,1259200,ICE
2019-12-02,85.55162048339844,93.30000305175781,94.61000061035156,92.97000122070312,94.16000366210938,2141200,ICE
2019-12-03,85.68917083740234,93.44999694824219,93.7699966430664,92.8499984741211,92.98999786376953,2425700,ICE
2019-12-04,85.56995391845703,93.31999969482422,94.12000274658203,93.08999633789062,93.36000061035156,2260400,ICE
2019-12-05,85.87256622314453,93.6500015258789,93.83999633789062,92.87000274658203,93.2699966430664,1544000,ICE
2019-12-06,86.01012420654297,93.80000305175781,94.45999908447266,93.63999938964844,94.12999725341797,2170400,ICE
2019-12-09,85.16651153564453,92.87999725341797,93.69999694824219,92.44999694824219,93.69999694824219,3062900,ICE
2019-12-10,84.66217041015625,92.33000183105469,93.04000091552734,92.11000061035156,92.9000015258789,2317300,ICE
2019-12-11,84.64382934570312,92.30999755859375,93.23999786376953,92.19999694824219,92.66000366210938,3048800,ICE
2019-12-12,83.18587493896484,90.72000122070312,92.36000061035156,90.6500015258789,92.2300033569336,6006600,ICE
2019-12-13,84.53331756591797,91.91000366210938,92.06999969482422,90.01000213623047,90.44000244140625,2861800,ICE
2019-12-16,84.86444091796875,92.2699966430664,92.52999877929688,91.80999755859375,92.43000030517578,2883300,ICE
2019-12-17,85.16791534423828,92.5999984741211,92.77999877929688,90.77999877929688,91.91999816894531,4126500,ICE
2019-12-18,84.4873275756836,91.86000061035156,92.98999786376953,91.69999694824219,92.98999786376953,3521200,ICE
2019-12-19,85.98649597167969,93.48999786376953,93.56999969482422,91.61000061035156,91.73999786376953,2233400,ICE
2019-12-20,85.56342315673828,93.02999877929688,94.12000274658203,92.72000122070312,93.83999633789062,4585600,ICE
2019-12-23,84.94720458984375,92.36000061035156,93.44999694824219,92.13999938964844,93.2300033569336,2696000,ICE
2019-12-24,84.79086303710938,92.19000244140625,92.51000213623047,91.95999908447266,92.4000015258789,731200,ICE
2019-12-26,85.41627502441406,92.87000274658203,93.05000305175781,92.20999908447266,92.45999908447266,1212700,ICE
2019-12-27,85.53582763671875,93.0,93.22000122070312,92.63999938964844,93.01000213623047,1226400,ICE
2019-12-30,85.02078247070312,92.44000244140625,93.22000122070312,92.27999877929688,93.08000183105469,2059600,ICE
2019-12-31,85.12196350097656,92.55000305175781,92.83000183105469,91.70999908447266,92.4000015258789,2358100,ICE
2020-01-02,85.23231506347656,92.66999816894531,93.06999969482422,92.18000030517578,92.83999633789062,3045300,ICE
2020-01-03,87.0718002319336,94.66999816894531,94.9800033569336,91.94999694824219,92.0999984741211,2544500,ICE
2020-01-06,87.09939575195312,94.69999694824219,95.47000122070312,94.0199966430664,94.69999694824219,2649700,ICE
2020-01-07,86.85106658935547,94.43000030517578,94.93000030517578,93.7699966430664,94.08000183105469,2343900,ICE
2020-01-08,86.08769226074219,93.5999984741211,94.9000015258789,93.4800033569336,94.66000366210938,3013700,ICE
2020-01-09,86.85106658935547,94.43000030517578,94.9800033569336,93.62000274658203,93.62000274658203,2268300,ICE
2020-01-10,86.68551635742188,94.25,94.80000305175781,94.06999969482422,94.41000366210938,1510500,ICE
2020-01-13,87.40290069580078,95.02999877929688,95.06999969482422,94.02999877929688,94.19999694824219,2627700,ICE
2020-01-14,86.24403381347656,93.7699966430664,95.12000274658203,93.51000213623047,95.05000305175781,3366100,ICE
2020-01-15,88.08349609375,95.7699966430664,96.25,93.5999984741211,94.05999755859375,3015800,ICE
2020-01-16,88.54338836669922,96.2699966430664,96.98999786376953,95.58000183105469,96.7300033569336,2686500,ICE
2020-01-17,89.00326538085938,96.7699966430664,97.05000305175781,96.05000305175781,96.05000305175781,2468700,ICE
2020-01-21,88.99405670166016,96.76000213623047,97.44999694824219,96.5999984741211,96.69000244140625,2263600,ICE
2020-01-22,88.6905517578125,96.43000030517578,97.0999984741211,96.33999633789062,96.62999725341797,1930400,ICE
2020-01-23,89.49073028564453,97.30000305175781,97.41999816894531,96.01000213623047,96.1500015258789,2333000,ICE
2020-01-24,89.31597900390625,97.11000061035156,98.08999633789062,96.86000061035156,97.30000305175781,1880200,ICE
2020-01-27,90.30006408691406,98.18000030517578,98.38999938964844,95.63999938964844,96.30999755859375,2343600,ICE
2020-01-28,90.99909210205078,98.94000244140625,99.0999984741211,98.08999633789062,98.13999938964844,2034000,ICE
2020-01-29,90.97149658203125,98.91000366210938,99.80000305175781,98.55000305175781,99.26000213623047,1762400,ICE
2020-01-30,92.13036346435547,100.16999816894531,100.18000030517578,98.44999694824219,98.58000183105469,1463800,ICE
2020-01-31,91.73487854003906,99.73999786376953,100.43000030517578,99.38999938964844,99.86000061035156,2067900,ICE
2020-02-03,92.01080322265625,100.04000091552734,100.43000030517578,99.5199966430664,100.1500015258789,1920000,ICE
2020-02-04,85.15875244140625,92.58999633789062,101.93000030517578,91.05000305175781,100.76000213623047,11043200,ICE
2020-02-05,85.42546081542969,92.87999725341797,94.0199966430664,91.33000183105469,93.61000061035156,12768000,ICE
2020-02-06,82.87779235839844,90.11000061035156,92.83000183105469,86.83000183105469,92.75,17797700,ICE
2020-02-07,85.19550323486328,92.62999725341797,95.45999908447266,92.12000274658203,93.9000015258789,12776900,ICE
2020-02-10,87.20975494384766,94.81999969482422,94.97000122070312,92.52999877929688,92.54000091552734,5715000,ICE
2020-02-11,87.15457916259766,94.76000213623047,95.1500015258789,94.66999816894531,94.9000015258789,3827800,ICE
2020-02-12,86.81425476074219,94.38999938964844,94.98999786376953,93.93000030517578,94.69999694824219,4506100,ICE
2020-02-13,86.63032531738281,94.19000244140625,94.66999816894531,93.88999938964844,94.61000061035156,5791300,ICE
2020-02-14,89.08602905273438,96.86000061035156,96.9000015258789,94.44999694824219,94.5,5111600,ICE
2020-02-18,88.47901153564453,96.19999694824219,96.5999984741211,95.01000213623047,95.8499984741211,2656200,ICE
2020-02-19,87.76158905029297,95.41999816894531,96.94999694824219,95.41000366210938,96.72000122070312,2520300,ICE
2020-02-20,87.56845092773438,95.20999908447266,95.69000244140625,94.4800033569336,95.13999938964844,1880700,ICE
2020-02-21,87.1453628540039,94.75,95.19999694824219,94.5,95.08000183105469,2047300,ICE
2020-02-24,86.317626953125,93.8499984741211,94.73999786376953,93.05999755859375,93.5,2558900,ICE
2020-02-25,84.58850860595703,91.97000122070312,94.51000213623047,91.56999969482422,94.02999877929688,3063600,ICE
2020-02-26,86.32681274414062,93.86000061035156,94.5,91.7699966430664,92.1500015258789,3923900,ICE
2020-02-27,84.45052337646484,91.81999969482422,95.30999755859375,91.80000305175781,93.08000183105469,5272800,ICE
2020-02-28,82.0592269897461,89.22000122070312,92.63999938964844,87.41999816894531,90.66000366210938,7199900,ICE
2020-03-02,85.90370178222656,93.4000015258789,93.4000015258789,89.52999877929688,89.94000244140625,7056100,ICE
2020-03-03,87.32012939453125,94.94000244140625,96.22000122070312,92.23999786376953,93.62000274658203,6139200,ICE
2020-03-04,92.13036346435547,100.16999816894531,100.45999908447266,94.86000061035156,95.25,5223500,ICE
2020-03-05,90.05175018310547,97.91000366210938,99.30999755859375,96.7699966430664,98.20999908447266,3752300,ICE
2020-03-06,86.49236297607422,94.04000091552734,96.58000183105469,92.18000030517578,95.12999725341797,5964000,ICE
2020-03-09,81.50735473632812,88.62000274658203,91.93000030517578,87.66999816894531,88.93000030517578,5790200,ICE
2020-03-10,83.282470703125,90.55000305175781,91.5,86.8499984741211,90.81999969482422,5243100,ICE
2020-03-11,79.28160858154297,86.19999694824219,89.30999755859375,84.95999908447266,88.23999786376953,4539900,ICE
2020-03-12,69.54155731201172,75.61000061035156,83.04000091552734,75.45999908447266,80.43000030517578,6554300,ICE
2020-03-13,76.44881439208984,83.12000274658203,83.29000091552734,76.77999877929688,79.7699966430664,7338700,ICE
2020-03-16,68.42731475830078,74.12999725341797,79.94999694824219,72.81999969482422,75.02999877929688,5791800,ICE
2020-03-17,70.88268280029297,76.79000091552734,78.87999725341797,73.70999908447266,75.80999755859375,7108100,ICE
2020-03-18,64.68888092041016,70.08000183105469,73.58000183105469,66.04000091552734,72.72000122070312,8145300,ICE
2020-03-19,68.01192474365234,73.68000030517578,74.94000244140625,64.11000061035156,70.02999877929688,5503100,ICE
2020-03-20,67.375,72.98999786376953,74.0999984741211,68.81999969482422,73.7699966430664,8462600,ICE
2020-03-23,61.70734405517578,66.8499984741211,72.41000366210938,63.5099983215332,72.23999786376953,6813600,ICE
2020-03-24,67.99347686767578,73.66000366210938,74.1500015258789,69.88999938964844,70.30000305175781,5101200,ICE
2020-03-25,68.78731536865234,74.5199966430664,77.54000091552734,72.51000213623047,73.48999786376953,4553200,ICE
2020-03-26,73.67959594726562,79.81999969482422,80.69999694824219,75.41000366210938,75.41000366210938,4670400,ICE
2020-03-27,74.99956512451172,81.25,84.3499984741211,77.31999969482422,77.66000366210938,4639700,ICE
2020-03-30,77.3626480102539,83.80999755859375,84.5,81.26000213623047,82.06999969482422,4768800,ICE
2020-03-31,74.53804016113281,80.75,82.95999908447266,80.29000091552734,82.55000305175781,3815600,ICE
2020-04-01,73.20881652832031,79.30999755859375,80.12000274658203,77.37999725341797,77.37999725341797,3229100,ICE
2020-04-02,74.89803314208984,81.13999938964844,81.38999938964844,77.16999816894531,79.0,2963200,ICE
2020-04-03,74.75958251953125,80.98999786376953,82.94999694824219,80.70999908447266,80.8499984741211,4932300,ICE
2020-04-06,77.9349365234375,84.43000030517578,85.66000366210938,82.44999694824219,83.54000091552734,4128100,ICE
2020-04-07,75.96881103515625,82.30000305175781,87.16999816894531,82.11000061035156,87.16999816894531,4680500,ICE
2020-04-08,78.77494812011719,85.33999633789062,85.95999908447266,82.30000305175781,83.19000244140625,3512100,ICE
2020-04-09,80.65802764892578,87.37999725341797,87.87000274658203,85.86000061035156,86.19999694824219,4285600,ICE
2020-04-13,78.62725067138672,85.18000030517578,86.69000244140625,84.66999816894531,86.69000244140625,2499300,ICE
2020-04-14,80.30723571777344,87.0,87.5,86.16000366210938,86.70999908447266,3350600,ICE
2020-04-15,79.61494445800781,86.25,86.73999786376953,85.4000015258789,86.0199966430664,3483100,ICE
2020-04-16,81.32262420654297,88.0999984741211,88.44000244140625,86.0,86.6500015258789,2675800,ICE
2020-04-17,83.4457015991211,90.4000015258789,90.55000305175781,87.87000274658203,89.70999908447266,3854600,ICE
2020-04-20,82.52263641357422,89.4000015258789,91.7300033569336,88.18000030517578,90.83000183105469,4323000,ICE
2020-04-21,80.79646301269531,87.52999877929688,88.98999786376953,86.73999786376953,87.83999633789062,3154600,ICE
2020-04-22,82.32877349853516,89.19000244140625,90.05000305175781,87.04000091552734,88.73999786376953,2237300,ICE
2020-04-23,81.69184112548828,88.5,90.30999755859375,88.1500015258789,89.06999969482422,2204600,ICE
2020-04-24,82.07952880859375,88.91999816894531,89.33000183105469,87.80999755859375,89.20999908447266,1804400,ICE
2020-04-27,85.24568176269531,92.3499984741211,92.58000183105469,89.80000305175781,90.01000213623047,2273800,ICE
2020-04-28,83.34416961669922,90.29000091552734,94.19999694824219,90.16000366210938,93.51000213623047,2333000,ICE
2020-04-29,83.72260284423828,90.69999694824219,92.26000213623047,90.55999755859375,91.69999694824219,2054500,ICE
2020-04-30,82.56877136230469,89.44999694824219,91.8499984741211,89.02999877929688,90.04000091552734,3764200,ICE
2020-05-01,81.8487777709961,88.66999816894531,90.63999938964844,88.12000274658203,88.55000305175781,3026200,ICE
2020-05-04,82.77184295654297,89.66999816894531,90.5,87.51000213623047,88.1500015258789,3015400,ICE
2020-05-05,85.81797790527344,92.97000122070312,93.77999877929688,89.68000030517578,89.8499984741211,2676900,ICE
2020-05-06,84.68258666992188,91.73999786376953,93.44000244140625,91.6500015258789,93.33999633789062,2318900,ICE
2020-05-07,85.92874908447266,93.08999633789062,94.68000030517578,92.61000061035156,92.98999786376953,2064500,ICE
2020-05-08,86.3256607055664,93.5199966430664,94.69999694824219,92.7699966430664,94.66000366210938,2126700,ICE
2020-05-11,86.86104583740234,94.0999984741211,94.31999969482422,92.69999694824219,93.22000122070312,3081300,ICE
2020-05-12,85.4302978515625,92.55000305175781,94.69999694824219,92.51000213623047,94.66000366210938,2624500,ICE
2020-05-13,86.12258911132812,93.30000305175781,93.98999786376953,91.41000366210938,92.16999816894531,3332700,ICE
2020-05-14,86.07642364501953,93.25,93.2699966430664,91.01000213623047,91.7699966430664,2450400,ICE
2020-05-15,86.27951049804688,93.47000122070312,94.08999633789062,92.68000030517578,92.91999816894531,2595800,ICE
2020-05-18,88.61487579345703,96.0,96.73999786376953,94.38999938964844,95.26000213623047,2872200,ICE
2020-05-19,85.80876159667969,92.95999908447266,96.13999938964844,92.69000244140625,95.51000213623047,2656300,ICE
2020-05-20,86.26104736328125,93.44999694824219,94.36000061035156,93.08999633789062,94.05999755859375,3702000,ICE
2020-05-21,85.71644592285156,92.86000061035156,93.72000122070312,92.04000091552734,93.19999694824219,2397500,ICE
2020-05-22,86.55643463134766,93.7699966430664,93.83999633789062,92.41999816894531,93.16000366210938,1747500,ICE
2020-05-26,86.98104095458984,94.2300033569336,95.69000244140625,94.0199966430664,95.33999633789062,2689600,ICE
2020-05-27,85.68875122070312,92.83000183105469,94.98999786376953,91.88999938964844,94.87000274658203,3450100,ICE
2020-05-28,87.57181549072266,94.87000274658203,95.62999725341797,93.11000061035156,93.87000274658203,2682000,ICE
2020-05-29,89.76871490478516,97.25,97.37000274658203,94.54000091552734,94.91999816894531,3405600,ICE
2020-06-01,90.11023712158203,97.62000274658203,98.4800033569336,96.93000030517578,97.4000015258789,2137300,ICE
2020-06-02,88.93795776367188,96.3499984741211,98.12000274658203,95.93000030517578,98.04000091552734,3342800,ICE
2020-06-03,90.35025024414062,97.87999725341797,98.16000366210938,95.94999694824219,96.62999725341797,2781800,ICE
2020-06-04,88.42105865478516,95.79000091552734,97.47000122070312,95.0,97.20999908447266,3720900,ICE
2020-06-05,90.28565979003906,97.80999755859375,98.38999938964844,93.4800033569336,96.0,3964700,ICE
2020-06-08,89.98104095458984,97.4800033569336,97.7300033569336,96.41999816894531,97.25,5449400,ICE
2020-06-09,89.9441146850586,97.44000244140625,98.16999816894531,96.68000030517578,97.05999755859375,2202200,ICE
2020-06-10,89.82411193847656,97.30999755859375,97.91000366210938,96.56999969482422,97.4800033569336,2466900,ICE
2020-06-11,84.95952606201172,92.04000091552734,97.0,91.77999877929688,96.98999786376953,3560700,ICE
2020-06-12,86.08566284179688,93.26000213623047,94.45999908447266,91.55999755859375,93.58999633789062,2808800,ICE
2020-06-15,86.83576202392578,93.7699966430664,94.04000091552734,90.76000213623047,91.33999633789062,2437000,ICE
2020-06-16,87.65996551513672,94.66000366210938,95.75,93.4000015258789,95.75,2266200,ICE
2020-06-17,87.62291717529297,94.62000274658203,95.22000122070312,94.36000061035156,95.16999816894531,3188400,ICE
2020-06-18,87.40991973876953,94.38999938964844,94.63999938964844,93.66000366210938,94.43000030517578,1944200,ICE
2020-06-19,87.53032684326172,94.5199966430664,95.76000213623047,93.48999786376953,95.7300033569336,4015800,ICE
2020-06-22,87.33583068847656,94.30999755859375,94.94999694824219,93.73999786376953,94.16999816894531,1570600,ICE
2020-06-23,86.58573150634766,93.5,95.25,93.44999694824219,95.02999877929688,2055000,ICE
2020-06-24,84.00206756591797,90.70999908447266,93.26000213623047,90.44999694824219,92.91999816894531,3967700,ICE
2020-06-25,85.96527862548828,92.83000183105469,92.95999908447266,90.01000213623047,90.86000061035156,2718900,ICE
2020-06-26,83.71498107910156,90.4000015258789,92.79000091552734,90.33000183105469,92.13999938964844,3368700,ICE
2020-06-29,83.71498107910156,90.4000015258789,91.29000091552734,90.0999984741211,91.29000091552734,2186600,ICE
2020-06-30,84.82623291015625,91.5999984741211,91.86000061035156,90.30999755859375,90.30999755859375,5300800,ICE
2020-07-01,86.40052795410156,93.30000305175781,93.9000015258789,91.56999969482422,91.68000030517578,2304000,ICE
2020-07-02,85.43744659423828,92.26000213623047,94.5999984741211,92.19000244140625,94.55000305175781,2084900,ICE
2020-07-06,85.68743896484375,92.52999877929688,93.54000091552734,92.1500015258789,93.5,1921600,ICE
2020-07-07,85.72451782226562,92.56999969482422,93.11000061035156,91.98999786376953,92.0,2085700,ICE
2020-07-08,86.90058898925781,93.83999633789062,93.87000274658203,92.55000305175781,92.68000030517578,2530000,ICE
2020-07-09,85.32630157470703,92.13999938964844,94.12999725341797,91.5,94.12999725341797,1888600,ICE
2020-07-10,85.70599365234375,92.55000305175781,92.69999694824219,91.55000305175781,92.23999786376953,1784100,ICE
2020-07-13,85.03923034667969,91.83000183105469,94.31999969482422,91.72000122070312,92.7300033569336,2435800,ICE
2020-07-14,84.93737030029297,91.72000122070312,92.33999633789062,90.83999633789062,91.83999633789062,2387100,ICE
2020-07-15,86.34495544433594,93.23999786376953,93.81999969482422,91.51000213623047,92.76000213623047,3542200,ICE
2020-07-16,85.5392837524414,92.37000274658203,93.61000061035156,92.05999755859375,92.88999938964844,2401400,ICE
2020-07-17,86.89134216308594,93.83000183105469,94.04000091552734,92.55000305175781,92.83000183105469,2094900,ICE
2020-07-20,87.2802734375,94.25,94.62999725341797,93.22000122070312,93.38999938964844,1900400,ICE
2020-07-21,88.07666778564453,95.11000061035156,95.45999908447266,94.26000213623047,94.29000091552734,2420300,ICE
2020-07-22,88.9564208984375,96.05999755859375,96.20999908447266,94.38999938964844,94.66000366210938,2908100,ICE
2020-07-23,88.761962890625,95.8499984741211,97.04000091552734,95.5199966430664,96.29000091552734,3245200,ICE
2020-07-24,89.19718170166016,96.31999969482422,96.54000091552734,95.5,95.8499984741211,3222000,ICE
2020-07-27,87.54883575439453,94.54000091552734,96.52999877929688,94.54000091552734,95.91999816894531,3023700,ICE
2020-07-28,86.04862213134766,92.91999816894531,94.68000030517578,92.81999969482422,94.58000183105469,3218700,ICE
2020-07-29,87.32656860351562,94.30000305175781,94.7699966430664,92.80999755859375,92.8499984741211,2489500,ICE
2020-07-30,87.39140319824219,94.37000274658203,95.37999725341797,93.3499984741211,93.62999725341797,3402900,ICE
2020-07-31,89.62317657470703,96.77999877929688,96.83000183105469,93.91000366210938,94.72000122070312,3423700,ICE
2020-08-03,89.16016387939453,96.27999877929688,97.9000015258789,95.94000244140625,97.12000274658203,2873300,ICE
2020-08-04,88.6971435546875,95.77999877929688,96.0199966430664,95.04000091552734,95.70999908447266,1834600,ICE
2020-08-05,89.04902648925781,96.16000366210938,96.56999969482422,95.68000030517578,96.1500015258789,2217900,ICE
2020-08-06,90.25287628173828,97.45999908447266,97.73999786376953,95.77999877929688,95.9000015258789,3174300,ICE
2020-08-07,93.49407958984375,100.95999908447266,101.11000061035156,95.27999877929688,96.91999816894531,5646100,ICE
2020-08-10,91.82719421386719,99.16000366210938,101.11000061035156,98.5,100.95999908447266,3587500,ICE
2020-08-11,91.31785583496094,98.61000061035156,99.87000274658203,98.37000274658203,99.87000274658203,3825200,ICE
2020-08-12,92.07721710205078,99.43000030517578,100.0999984741211,99.0999984741211,99.33000183105469,2859800,ICE
2020-08-13,92.79026794433594,100.19999694824219,100.73999786376953,98.87999725341797,99.18000030517578,5028700,ICE
2020-08-14,94.91092681884766,102.48999786376953,102.95999908447266,100.08999633789062,100.11000061035156,4239600,ICE
2020-08-17,96.3555679321289,104.05000305175781,104.30000305175781,102.0999984741211,102.5,4852100,ICE
2020-08-18,96.66117858886719,104.37999725341797,104.5999984741211,102.91000366210938,103.31999969482422,3333700,ICE
2020-08-19,95.87403869628906,103.52999877929688,104.83000183105469,103.26000213623047,104.62000274658203,2726700,ICE
2020-08-20,96.07775115966797,103.75,104.18000030517578,102.95999908447266,103.0,3332400,ICE
2020-08-21,96.4944839477539,104.19999694824219,104.44000244140625,103.33000183105469,103.79000091552734,2333500,ICE
2020-08-24,97.98541259765625,105.80999755859375,105.98999786376953,103.98999786376953,104.70999908447266,3492300,ICE
2020-08-25,96.71672058105469,104.44000244140625,105.88999938964844,104.01000213623047,105.88999938964844,3434800,ICE
2020-08-26,97.23532104492188,105.0,105.41999816894531,103.5999984741211,104.5,1944400,ICE
2020-08-27,97.24457550048828,105.01000213623047,105.47000122070312,104.43000030517578,105.16999816894531,2968300,ICE
2020-08-28,97.75391387939453,105.55999755859375,105.8499984741211,104.83999633789062,105.7300033569336,2053100,ICE
2020-08-31,98.3743667602539,106.2300033569336,106.62999725341797,105.45999908447266,105.75,2321500,ICE
2020-09-01,98.64290618896484,106.5199966430664,106.55000305175781,105.76000213623047,105.9000015258789,2670700,ICE
2020-09-02,98.46697235107422,106.33000183105469,106.98999786376953,105.66999816894531,106.01000213623047,3027800,ICE
2020-09-03,95.58692932128906,103.22000122070312,106.87000274658203,102.6500015258789,106.76000213623047,4110300,ICE
2020-09-04,92.67914581298828,100.08000183105469,103.72000122070312,98.63999938964844,103.33000183105469,4906700,ICE
2020-09-08,91.51229858398438,98.81999969482422,99.6500015258789,98.37000274658203,99.33000183105469,3258100,ICE
2020-09-09,93.7255859375,101.20999908447266,102.08999633789062,99.31999969482422,99.77999877929688,2718400,ICE
2020-09-10,90.98448181152344,98.25,100.37999725341797,98.19000244140625,99.83999633789062,5602700,ICE
2020-09-11,90.9659652709961,98.2300033569336,99.26000213623047,97.51000213623047,98.69000244140625,3219900,ICE
2020-09-14,93.03105163574219,100.45999908447266,100.86000061035156,98.9000015258789,99.37000274658203,2994400,ICE
2020-09-15,93.37469482421875,100.52999877929688,101.3499984741211,100.33000183105469,100.58999633789062,3270600,ICE
2020-09-16,93.72767639160156,100.91000366210938,102.47000122070312,100.73999786376953,101.0,2258100,ICE
2020-09-17,92.84527587890625,99.95999908447266,100.4000015258789,99.23999786376953,99.86000061035156,2520700,ICE
2020-09-18,92.1486587524414,99.20999908447266,100.5999984741211,98.76000213623047,100.0,4798600,ICE
2020-09-21,92.20437622070312,99.2699966430664,99.33999633789062,97.63999938964844,97.7699966430664,2923300,ICE
2020-09-22,91.7678451538086,98.80000305175781,100.0,97.62000274658203,99.37000274658203,2522500,ICE
2020-09-23,90.09596252441406,97.0,99.72000122070312,96.79000091552734,98.94999694824219,2456300,ICE
2020-09-24,91.331298828125,98.33000183105469,98.69999694824219,96.66999816894531,97.20999908447266,2531000,ICE
2020-09-25,93.40257263183594,100.55999755859375,100.62000274658203,97.44000244140625,97.47000122070312,2512400,ICE
2020-09-28,94.0248794555664,101.2300033569336,102.30999755859375,101.11000061035156,101.27999877929688,1855900,ICE
2020-09-29,92.11153411865234,99.16999816894531,101.77999877929688,96.9000015258789,101.41000366210938,4536100,ICE
2020-09-30,92.9288558959961,100.05000305175781,101.1500015258789,99.16999816894531,99.54000091552734,2344600,ICE
2020-10-01,94.21066284179688,101.43000030517578,102.11000061035156,100.52999877929688,101.08999633789062,2239200,ICE
2020-10-02,94.12705993652344,101.33999633789062,101.8499984741211,100.19000244140625,100.2300033569336,1925400,ICE
2020-10-05,94.56361389160156,101.80999755859375,102.06999969482422,100.7699966430664,101.77999877929688,1635700,ICE
2020-10-06,93.82056427001953,101.01000213623047,102.48999786376953,100.5999984741211,102.48999786376953,2470300,ICE
2020-10-07,93.67194366455078,100.8499984741211,102.16000366210938,100.29000091552734,101.4800033569336,2383200,ICE
2020-10-08,94.21991729736328,101.44000244140625,102.2699966430664,100.94000244140625,101.29000091552734,2251500,ICE
2020-10-09,94.17351531982422,101.38999938964844,102.29000091552734,101.16000366210938,101.97000122070312,1910900,ICE
2020-10-12,95.63175201416016,102.95999908447266,103.11000061035156,101.55000305175781,101.68000030517578,3357400,ICE
2020-10-13,95.34382629394531,102.6500015258789,103.87999725341797,101.9800033569336,103.0,3454100,ICE
2020-10-14,95.02799987792969,102.30999755859375,103.44999694824219,101.5999984741211,102.87000274658203,2602900,ICE
2020-10-15,94.80509948730469,102.06999969482422,102.25,100.9000015258789,101.2300033569336,2144700,ICE
2020-10-16,94.08992004394531,101.30000305175781,102.62999725341797,101.16999816894531,102.47000122070312,2410600,ICE
2020-10-19,91.44274139404297,98.44999694824219,101.66999816894531,98.31999969482422,101.6500015258789,2806000,ICE
2020-10-20,92.83598327636719,99.94999694824219,100.97000122070312,98.83999633789062,98.94000244140625,2026500,ICE
2020-10-21,92.39014434814453,99.47000122070312,100.76000213623047,99.06999969482422,99.81999969482422,1847900,ICE
2020-10-22,92.28799438476562,99.36000061035156,100.20999908447266,99.12000274658203,99.5999984741211,1973800,ICE
2020-10-23,91.90716552734375,98.94999694824219,100.08000183105469,98.75,100.0,2039900,ICE
2020-10-26,90.80187225341797,97.76000213623047,98.25,97.18000030517578,98.05000305175781,2552100,ICE
2020-10-27,90.61609649658203,97.55999755859375,98.63999938964844,97.4800033569336,97.95999908447266,1922700,ICE
2020-10-28,87.0958480834961,93.7699966430664,96.11000061035156,93.63999938964844,95.8499984741211,3170400,ICE
2020-10-29,88.88851165771484,95.69999694824219,96.33000183105469,92.41000366210938,93.36000061035156,3823000,ICE
2020-10-30,87.6810302734375,94.4000015258789,95.87000274658203,93.36000061035156,94.94999694824219,3520600,ICE
2020-11-02,87.92251586914062,94.66000366210938,97.33999633789062,93.97000122070312,95.87000274658203,3016600,ICE
2020-11-03,89.22286987304688,96.05999755859375,97.86000061035156,95.30000305175781,95.95999908447266,2251200,ICE
2020-11-04,91.35916137695312,98.36000061035156,100.62999725341797,96.56999969482422,97.52999877929688,2989700,ICE
2020-11-05,93.77409362792969,100.95999908447266,102.33000183105469,100.44000244140625,101.91000366210938,6270000,ICE
2020-11-06,93.4954605102539,100.66000366210938,101.48999786376953,98.56999969482422,101.19000244140625,2542300,ICE
2020-11-09,91.2291259765625,98.22000122070312,105.04000091552734,97.9000015258789,105.04000091552734,5231500,ICE
2020-11-10,91.02478790283203,98.0,98.30999755859375,96.13999938964844,98.0199966430664,3570100,ICE
2020-11-11,92.86387634277344,99.9800033569336,100.86000061035156,99.06999969482422,99.08000183105469,2352600,ICE
2020-11-12,91.31270599365234,98.30999755859375,99.77999877929688,97.58000183105469,99.77999877929688,2104200,ICE
2020-11-13,92.27869415283203,99.3499984741211,99.68000030517578,98.4000015258789,98.72000122070312,1446000,ICE
2020-11-16,92.6130599975586,99.70999908447266,100.36000061035156,98.9000015258789,100.13999938964844,1996700,ICE
2020-11-17,92.9102783203125,100.02999877929688,100.47000122070312,98.75,99.29000091552734,2056500,ICE
2020-11-18,92.38086700439453,99.45999908447266,100.68000030517578,99.22000122070312,99.87999725341797,1954300,ICE
2020-11-19,93.71837615966797,100.9000015258789,101.76000213623047,99.5199966430664,101.0,2278900,ICE
2020-11-20,93.86698913574219,101.05999755859375,101.79000091552734,100.88999938964844,100.88999938964844,3639400,ICE
2020-11-23,95.07445526123047,102.36000061035156,103.1500015258789,101.2699966430664,101.5,2131300,ICE
2020-11-24,95.73391723632812,103.06999969482422,103.95999908447266,102.0999984741211,102.61000061035156,2470400,ICE
2020-11-25,96.53272247314453,103.93000030517578,104.12999725341797,102.5,103.44999694824219,1930100,ICE
2020-11-27,97.51726531982422,104.98999786376953,105.02999877929688,103.94999694824219,104.12999725341797,1593300,ICE
2020-11-30,98.0002670288086,105.51000213623047,105.6500015258789,104.55000305175781,104.97000122070312,4146500,ICE
2020-12-01,99.5328140258789,107.16000366210938,107.37000274658203,105.63999938964844,106.20999908447266,4498900,ICE
2020-12-02,98.97550964355469,106.55999755859375,107.20999908447266,105.6500015258789,106.83999633789062,2627300,ICE
2020-12-03,99.81147003173828,107.45999908447266,108.04000091552734,105.76000213623047,106.38999938964844,4226400,ICE
2020-12-04,101.45549774169922,109.2300033569336,109.8499984741211,108.02999877929688,108.02999877929688,2376200,ICE
2020-12-07,102.43074798583984,110.27999877929688,110.61000061035156,109.04000091552734,109.18000030517578,2293600,ICE
2020-12-08,102.22637939453125,110.05999755859375,110.4000015258789,109.19999694824219,110.01000213623047,2451100,ICE
2020-12-09,102.3285903930664,110.16999816894531,110.70999908447266,109.05000305175781,109.83999633789062,2217300,ICE
2020-12-10,101.46475982666016,109.23999786376953,110.37999725341797,108.81999969482422,109.77999877929688,2193800,ICE
2020-12-11,101.07466125488281,108.81999969482422,109.72000122070312,108.12000274658203,108.80999755859375,1985300,ICE
2020-12-14,100.0436782836914,107.70999908447266,110.19000244140625,107.66000366210938,109.44000244140625,1984500,ICE
2020-12-15,103.36884307861328,110.9800033569336,111.05000305175781,108.05000305175781,108.43000030517578,3565700,ICE
2020-12-16,103.67620849609375,111.30999755859375,112.27999877929688,110.69999694824219,111.27999877929688,2559400,ICE
2020-12-17,105.05470275878906,112.79000091552734,113.01000213623047,111.55999755859375,111.98999786376953,2640400,ICE
2020-12-18,105.09197235107422,112.83000183105469,113.33999633789062,111.8499984741211,112.6500015258789,4366200,ICE
2020-12-21,104.82185363769531,112.54000091552734,112.91000366210938,110.52999877929688,112.0999984741211,2256500,ICE
2020-12-22,105.39933013916016,113.16000366210938,113.30999755859375,112.0999984741211,112.55000305175781,1924500,ICE
2020-12-23,104.48652648925781,112.18000030517578,114.29000091552734,112.11000061035156,113.5999984741211,1185900,ICE
2020-12-24,104.96156311035156,112.69000244140625,112.94999694824219,111.80999755859375,111.95999908447266,511200,ICE
2020-12-28,105.79984283447266,113.58999633789062,113.70999908447266,112.62999725341797,113.55999755859375,1303500,ICE
2020-12-29,105.15716552734375,112.9000015258789,114.12999725341797,112.83999633789062,114.12999725341797,1427600,ICE
2020-12-30,105.39002227783203,113.1500015258789,113.62000274658203,112.87000274658203,113.43000030517578,1080300,ICE
2020-12-31,107.38323974609375,115.29000091552734,115.4000015258789,113.01000213623047,113.23999786376953,1474300,ICE
2021-01-04,105.52972412109375,113.30000305175781,116.25,112.37000274658203,115.9000015258789,2726500,ICE
2021-01-05,105.75326538085938,113.54000091552734,113.80999755859375,112.94999694824219,113.0,2286200,ICE
2021-01-06,107.8023681640625,115.73999786376953,116.56999969482422,112.76000213623047,113.80000305175781,2581600,ICE
2021-01-07,107.86758422851562,115.80999755859375,116.30000305175781,114.88999938964844,115.3499984741211,2357800,ICE
2021-01-08,109.56277465820312,117.62999725341797,118.08000183105469,116.08999633789062,116.48999786376953,2405600,ICE
2021-01-11,109.5813980102539,117.6500015258789,118.80999755859375,116.86000061035156,117.18000030517578,1857300,ICE
2021-01-12,109.7769775390625,117.86000061035156,119.0199966430664,117.2300033569336,118.45999908447266,2775200,ICE
2021-01-13,109.75836181640625,117.83999633789062,118.47000122070312,117.61000061035156,117.66999816894531,2394500,ICE
2021-01-14,107.69062042236328,115.62000274658203,117.62000274658203,114.9000015258789,117.41000366210938,2626300,ICE
2021-01-15,107.29010772705078,115.19000244140625,115.62000274658203,114.5999984741211,115.01000213623047,2586600,ICE
2021-01-19,107.00135803222656,114.87999725341797,115.83999633789062,114.20999908447266,115.44000244140625,2980300,ICE
2021-01-20,106.82440185546875,114.69000244140625,115.45999908447266,113.5199966430664,115.45999908447266,2260300,ICE
2021-01-21,105.17579650878906,112.91999816894531,114.75,112.83000183105469,114.54000091552734,1505100,ICE
2021-01-22,104.24437713623047,111.91999816894531,112.94000244140625,111.58000183105469,112.52999877929688,1926200,ICE
2021-01-25,104.74732971191406,112.45999908447266,113.08999633789062,111.75,111.93000030517578,2811200,ICE
2021-01-26,104.92431640625,112.6500015258789,113.18000030517578,111.8499984741211,112.7300033569336,1564900,ICE
2021-01-27,101.85061645507812,109.3499984741211,112.4000015258789,108.94999694824219,111.9000015258789,2410500,ICE
2021-01-28,104.88703918457031,112.61000061035156,114.5999984741211,109.0999984741211,109.79000091552734,2859700,ICE
2021-01-29,102.78203582763672,110.3499984741211,111.87000274658203,109.22000122070312,111.56999969482422,2791300,ICE
2021-02-01,105.63219451904297,113.41000366210938,113.86000061035156,111.12000274658203,111.54000091552734,2557900,ICE
2021-02-02,108.77106475830078,116.77999877929688,117.5999984741211,113.97000122070312,114.08000183105469,2429000,ICE
2021-02-03,107.3925552368164,115.30000305175781,117.25,115.30000305175781,116.63999938964844,2079800,ICE
2021-02-04,106.69401550292969,114.55000305175781,117.05000305175781,114.08999633789062,116.93000030517578,2856800,ICE
2021-02-05,106.35869598388672,114.19000244140625,115.1500015258789,111.73999786376953,115.0,3430200,ICE
2021-02-08,105.67874908447266,113.45999908447266,114.58000183105469,113.1500015258789,114.4800033569336,2511300,ICE
2021-02-09,105.4924545288086,113.26000213623047,113.95999908447266,113.0999984741211,113.41999816894531,2091600,ICE
2021-02-10,104.002197265625,111.66000366210938,114.05999755859375,110.55000305175781,113.61000061035156,2580500,ICE
2021-02-11,103.66688537597656,111.30000305175781,112.2699966430664,110.11000061035156,112.2699966430664,2274800,ICE
2021-02-12,103.45267486572266,111.06999969482422,111.48999786376953,110.30999755859375,111.08999633789062,1681500,ICE
2021-02-16,104.71009063720703,112.41999816894531,112.56999969482422,110.66999816894531,112.05999755859375,2708600,ICE
2021-02-17,105.04537963867188,112.77999877929688,112.94999694824219,111.19999694824219,112.06999969482422,2730200,ICE
2021-02-18,106.05132293701172,113.86000061035156,114.19999694824219,112.29000091552734,112.63999938964844,1938200,ICE
2021-02-19,105.57630920410156,113.3499984741211,114.48999786376953,113.02999877929688,114.16000366210938,3279700,ICE
2021-02-22,104.05809020996094,111.72000122070312,112.7699966430664,110.6500015258789,112.45999908447266,2294600,ICE
2021-02-23,103.77864837646484,111.41999816894531,111.55999755859375,109.0999984741211,111.30000305175781,3627300,ICE
2021-02-24,103.81592559814453,111.45999908447266,111.93000030517578,110.08999633789062,111.38999938964844,2581400,ICE
2021-02-25,104.31887817382812,112.0,113.58999633789062,110.93000030517578,110.93000030517578,3470600,ICE
2021-02-26,102.74479675292969,110.30999755859375,112.98999786376953,110.13999938964844,112.61000061035156,3260400,ICE
2021-03-01,105.93954467773438,113.73999786376953,114.26000213623047,110.9800033569336,111.12000274658203,2297900,ICE
2021-03-02,105.82778930664062,113.62000274658203,114.97000122070312,113.08000183105469,113.7699966430664,1872400,ICE
2021-03-03,103.98356628417969,111.63999938964844,113.33999633789062,111.54000091552734,113.0,3542600,ICE
2021-03-04,103.50855255126953,111.12999725341797,113.47000122070312,110.0199966430664,111.33000183105469,3317600,ICE
2021-03-05,107.08518981933594,114.97000122070312,115.44000244140625,110.5999984741211,112.04000091552734,3007500,ICE
2021-03-08,105.93954467773438,113.73999786376953,116.05999755859375,113.61000061035156,115.0,2741100,ICE
2021-03-09,106.56360626220703,114.41000366210938,116.7699966430664,114.01000213623047,114.06999969482422,2786600,ICE
2021-03-10,107.65336608886719,115.58000183105469,116.0999984741211,114.62999725341797,115.13999938964844,2116600,ICE
2021-03-11,107.2994155883789,115.19999694824219,116.22000122070312,114.88999938964844,115.87999725341797,1882500,ICE
2021-03-12,107.41120910644531,115.31999969482422,115.7699966430664,114.75,115.5,1485300,ICE
2021-03-15,107.72785186767578,115.66000366210938,116.0,114.62000274658203,115.37000274658203,1756500,ICE
2021-03-16,107.10203552246094,114.66000366210938,116.08000183105469,114.38999938964844,115.69000244140625,1436700,ICE
2021-03-17,106.20532989501953,113.69999694824219,115.23999786376953,113.37999725341797,115.23999786376953,2027400,ICE
2021-03-18,104.2811050415039,111.63999938964844,113.68000030517578,111.55999755859375,113.56999969482422,2876100,ICE
2021-03-19,103.87010192871094,111.19999694824219,112.5199966430664,110.80000305175781,111.44000244140625,3531400,ICE
2021-03-22,104.19703674316406,111.55000305175781,112.19000244140625,110.2300033569336,110.87000274658203,1782900,ICE
2021-03-23,104.29045104980469,111.6500015258789,112.5199966430664,111.20999908447266,111.44999694824219,1948800,ICE
2021-03-24,105.18716430664062,112.61000061035156,113.22000122070312,111.12999725341797,111.69000244140625,1984200,ICE
2021-03-25,104.87891387939453,112.27999877929688,112.72000122070312,111.5,112.72000122070312,2053300,ICE
2021-03-26,106.14925384521484,113.63999938964844,113.72000122070312,111.77999877929688,112.66999816894531,1839700,ICE
2021-03-29,105.8130111694336,113.27999877929688,113.76000213623047,111.70999908447266,113.19999694824219,1966500,ICE
2021-03-30,103.89813232421875,111.2300033569336,113.0199966430664,110.97000122070312,112.56999969482422,1874800,ICE
2021-03-31,104.31846618652344,111.68000030517578,112.83999633789062,110.94000244140625,110.94000244140625,2210500,ICE
2021-04-01,106.67237091064453,114.19999694824219,114.20999908447266,111.93000030517578,112.43000030517578,1956000,ICE
2021-04-05,107.52238464355469,115.11000061035156,115.43000030517578,114.19000244140625,114.86000061035156,1508800,ICE
2021-04-06,106.40148162841797,113.91000366210938,115.2300033569336,113.7300033569336,115.02999877929688,2196300,ICE
2021-04-07,107.18609619140625,114.75,114.87999725341797,113.63999938964844,114.11000061035156,2436100,ICE
2021-04-08,108.39107513427734,116.04000091552734,116.19999694824219,115.05999755859375,115.56999969482422,2644900,ICE
2021-04-09,109.44657897949219,117.16999816894531,117.27999877929688,115.97000122070312,116.5199966430664,1657600,ICE
2021-04-12,109.95099639892578,117.70999908447266,117.88999938964844,116.66000366210938,116.83999633789062,2070800,ICE
2021-04-13,110.8944320678711,118.72000122070312,119.23999786376953,117.25,117.58000183105469,1690400,ICE
2021-04-14,110.39934539794922,118.19000244140625,119.93000030517578,117.95999908447266,118.69999694824219,1773700,ICE
2021-04-15,111.95925903320312,119.86000061035156,119.87999725341797,118.5999984741211,118.63999938964844,2091600,ICE
2021-04-16,112.77193450927734,120.7300033569336,121.08000183105469,119.55999755859375,120.4000015258789,2414400,ICE
2021-04-19,111.84717559814453,119.73999786376953,120.54000091552734,118.95999908447266,120.37999725341797,2085300,ICE
2021-04-20,111.8658676147461,119.76000213623047,120.5,119.33999633789062,119.77999877929688,2693600,ICE
2021-04-21,111.65103149414062,119.52999877929688,120.86000061035156,119.12999725341797,120.2300033569336,1908400,ICE
2021-04-22,111.94058990478516,119.83999633789062,120.79000091552734,118.88999938964844,119.05000305175781,1645100,ICE
2021-04-23,113.27633666992188,121.2699966430664,121.97000122070312,120.0,120.3499984741211,1375500,ICE
2021-04-26,112.89335632324219,120.86000061035156,121.9000015258789,120.77999877929688,121.43000030517578,1156700,ICE
2021-04-27,113.23896789550781,121.2300033569336,121.38999938964844,120.26000213623047,120.68000030517578,1662400,ICE
2021-04-28,111.22135162353516,119.06999969482422,121.51000213623047,118.5,121.4800033569336,2618900,ICE
2021-04-29,109.9229736328125,117.68000030517578,119.0,115.91000366210938,118.94000244140625,3624100,ICE
2021-04-30,109.95099639892578,117.70999908447266,117.70999908447266,115.45999908447266,117.0999984741211,3183300,ICE
2021-05-03,107.84930419921875,115.45999908447266,118.16000366210938,115.06999969482422,117.7699966430664,2672000,ICE
2021-05-04,106.98994445800781,114.54000091552734,114.77999877929688,113.27999877929688,114.6500015258789,3270400,ICE
2021-05-05,107.15807342529297,114.72000122070312,115.87999725341797,114.11000061035156,115.06999969482422,2558100,ICE
2021-05-06,106.13059997558594,113.62000274658203,115.05000305175781,113.05000305175781,114.98999786376953,2269000,ICE
2021-05-07,107.24214172363281,114.80999755859375,115.5199966430664,113.69999694824219,114.12000274658203,2240600,ICE
2021-05-10,106.74710083007812,114.27999877929688,115.93000030517578,114.13999938964844,114.63999938964844,1743100,ICE
2021-05-11,105.61682891845703,113.06999969482422,113.8499984741211,112.0199966430664,113.29000091552734,1904800,ICE
2021-05-12,104.11297607421875,111.45999908447266,113.98999786376953,111.38999938964844,112.97000122070312,2599600,ICE
2021-05-13,104.77617645263672,112.16999816894531,113.41000366210938,111.87000274658203,112.3499984741211,2753600,ICE
2021-05-14,105.79432678222656,113.26000213623047,113.73999786376953,112.11000061035156,112.70999908447266,2163400,ICE
2021-05-17,105.056396484375,112.47000122070312,113.66000366210938,111.93000030517578,113.48999786376953,1537900,ICE
2021-05-18,103.45912170410156,110.76000213623047,112.4000015258789,110.66000366210938,112.23999786376953,2186700,ICE
2021-05-19,103.44044494628906,110.73999786376953,110.98999786376953,109.04000091552734,110.0,3252700,ICE
2021-05-20,104.58002471923828,111.95999908447266,112.81999969482422,110.66000366210938,110.94000244140625,3039100,ICE
2021-05-21,105.700927734375,113.16000366210938,113.69000244140625,112.3499984741211,112.36000061035156,2578900,ICE
2021-05-24,105.52342987060547,112.97000122070312,114.37999725341797,112.69999694824219,113.66000366210938,2218300,ICE
2021-05-25,104.97232818603516,112.37999725341797,113.43000030517578,112.11000061035156,113.2699966430664,1591200,ICE
2021-05-26,104.96299743652344,112.37000274658203,113.80999755859375,111.95999908447266,113.08999633789062,2508800,ICE
2021-05-27,104.63605499267578,112.0199966430664,112.98999786376953,111.97000122070312,112.81999969482422,3545800,ICE
2021-05-28,105.43938446044922,112.87999725341797,113.13999938964844,112.06999969482422,112.41999816894531,3193400,ICE
2021-06-01,102.57173156738281,109.80999755859375,114.0,109.5999984741211,113.86000061035156,3792500,ICE
2021-06-02,104.38385772705078,111.75,111.94000244140625,110.05999755859375,110.05999755859375,3261900,ICE
2021-06-03,104.2437515258789,111.5999984741211,112.55000305175781,110.76000213623047,111.4800033569336,2508300,ICE
2021-06-04,104.7854995727539,112.18000030517578,112.55999755859375,111.41999816894531,111.95999908447266,2367800,ICE
2021-06-07,103.12284088134766,110.4000015258789,112.2300033569336,110.18000030517578,112.2300033569336,1910900,ICE
2021-06-08,103.75801849365234,111.08000183105469,111.41999816894531,110.0199966430664,110.58000183105469,2520500,ICE
2021-06-09,103.54318237304688,110.8499984741211,111.72000122070312,110.73999786376953,111.1500015258789,2018700,ICE
2021-06-10,104.3558349609375,111.72000122070312,111.94999694824219,110.73999786376953,110.79000091552734,2848600,ICE
2021-06-11,105.24320983886719,112.66999816894531,113.1500015258789,112.0999984741211,112.0999984741211,3121900,ICE
2021-06-14,106.33609771728516,113.83999633789062,113.91999816894531,112.23999786376953,112.69999694824219,4195900,ICE
2021-06-15,106.83258819580078,114.04000091552734,114.68000030517578,113.2300033569336,113.88999938964844,2554100,ICE
2021-06-16,106.64523315429688,113.83999633789062,114.9000015258789,113.41000366210938,114.48999786376953,3245400,ICE
2021-06-17,106.8138427734375,114.0199966430664,114.41999816894531,113.01000213623047,113.80000305175781,2813700,ICE
2021-06-18,105.63350677490234,112.76000213623047,113.68000030517578,112.33000183105469,113.5999984741211,7058400,ICE
2021-06-21,106.51406860351562,113.69999694824219,114.22000122070312,112.19999694824219,113.12000274658203,3099500,ICE
2021-06-22,107.21669006347656,114.44999694824219,114.80000305175781,113.54000091552734,113.6500015258789,2329400,ICE
2021-06-23,109.26827239990234,116.63999938964844,117.13999938964844,115.63999938964844,116.45999908447266,3183700,ICE
2021-06-24,110.62663269042969,118.08999633789062,118.11000061035156,116.55999755859375,116.87000274658203,3062300,ICE
2021-06-25,111.77890014648438,119.31999969482422,119.47000122070312,118.30999755859375,118.66999816894531,5260500,ICE
2021-06-28,111.28239440917969,118.79000091552734,119.66000366210938,117.80999755859375,119.2300033569336,3159600,ICE
2021-06-29,111.25428771972656,118.76000213623047,119.44999694824219,118.48999786376953,119.08000183105469,1579800,ICE
2021-06-30,111.19808197021484,118.69999694824219,118.91000366210938,118.26000213623047,118.66000366210938,1750800,ICE
2021-07-01,111.32925415039062,118.83999633789062,119.27999877929688,118.68000030517578,118.91000366210938,1962000,ICE
2021-07-02,111.31986236572266,118.83000183105469,119.1500015258789,118.54000091552734,119.12000274658203,1350400,ICE
2021-07-06,110.52359771728516,117.9800033569336,119.19000244140625,117.19000244140625,119.05999755859375,2200800,ICE
2021-07-07,110.5423355102539,118.0,119.11000061035156,117.69000244140625,118.79000091552734,2201900,ICE
2021-07-08,110.59854125976562,118.05999755859375,118.2300033569336,116.51000213623047,116.8499984741211,2177100,ICE
2021-07-09,111.45101928710938,118.97000122070312,119.0,117.94999694824219,118.08000183105469,1611300,ICE
2021-07-12,111.53533172607422,119.05999755859375,119.3499984741211,118.56999969482422,118.98999786376953,2302200,ICE
2021-07-13,111.18872833251953,118.69000244140625,119.30000305175781,118.41999816894531,119.04000091552734,1359400,ICE
2021-07-14,110.71094512939453,118.18000030517578,118.69000244140625,117.47000122070312,118.30000305175781,2922100,ICE
2021-07-15,110.532958984375,117.98999786376953,118.41999816894531,117.5,117.62000274658203,1607200,ICE
2021-07-16,110.59854125976562,118.05999755859375,118.83999633789062,117.73999786376953,118.36000061035156,1435200,ICE
2021-07-19,109.9427719116211,117.36000061035156,118.4000015258789,116.62000274658203,117.23999786376953,3704600,ICE
2021-07-20,111.61027526855469,119.13999938964844,119.66000366210938,117.41000366210938,117.55000305175781,2180800,ICE
2021-07-21,112.63138580322266,120.2300033569336,120.83000183105469,119.36000061035156,119.5,1541700,ICE
2021-07-22,112.76254272460938,120.37000274658203,120.6500015258789,119.62999725341797,120.5999984741211,1541700,ICE
2021-07-23,113.68997192382812,121.36000061035156,121.5999984741211,120.38999938964844,120.54000091552734,1347100,ICE
2021-07-26,112.81874084472656,120.43000030517578,121.18000030517578,119.79000091552734,121.1500015258789,1283500,ICE
2021-07-27,113.39956665039062,121.05000305175781,121.83999633789062,119.86000061035156,120.27999877929688,1941900,ICE
2021-07-28,113.65248107910156,121.31999969482422,121.80999755859375,120.55000305175781,121.37999725341797,1672400,ICE
2021-07-29,113.18408203125,120.81999969482422,122.41999816894531,119.75,119.81999969482422,3461600,ICE
2021-07-30,112.25665283203125,119.83000183105469,121.38999938964844,119.61000061035156,119.7300033569336,2381300,ICE
2021-08-02,111.88194274902344,119.43000030517578,120.62000274658203,119.23999786376953,120.25,1993200,ICE
2021-08-03,111.59153747558594,119.12000274658203,119.55999755859375,117.55999755859375,119.1500015258789,2256200,ICE
2021-08-04,111.97562408447266,119.52999877929688,119.79000091552734,118.5,119.08999633789062,1459000,ICE
2021-08-05,111.87258911132812,119.41999816894531,119.9800033569336,118.56999969482422,119.93000030517578,1600200,ICE
2021-08-06,112.41593170166016,120.0,120.2300033569336,119.4800033569336,119.88999938964844,1505700,ICE
2021-08-09,112.38780975341797,119.97000122070312,120.5199966430664,119.26000213623047,120.18000030517578,1412900,ICE
2021-08-10,112.03182983398438,119.58999633789062,120.22000122070312,118.75,120.22000122070312,1776400,ICE
2021-08-11,111.21680450439453,118.72000122070312,120.08999633789062,118.51000213623047,119.97000122070312,1600500,ICE
2021-08-12,110.57980346679688,118.04000091552734,118.45999908447266,117.25,118.45999908447266,1733200,ICE
2021-08-13,109.49311065673828,116.87999725341797,118.12000274658203,116.66000366210938,118.0,1356500,ICE
2021-08-16,110.57980346679688,118.04000091552734,118.0999984741211,115.94999694824219,116.44000244140625,1505600,ICE
2021-08-17,110.17697143554688,117.61000061035156,118.30999755859375,117.08999633789062,117.62000274658203,1673700,ICE
2021-08-18,108.09727478027344,115.38999938964844,117.86000061035156,115.30999755859375,117.7699966430664,2444800,ICE
2021-08-19,109.02469635009766,116.37999725341797,116.77999877929688,114.0199966430664,114.27999877929688,2061300,ICE
2021-08-20,109.74605560302734,117.1500015258789,117.91999816894531,116.19000244140625,116.72000122070312,1982400,ICE
2021-08-23,110.6078872680664,118.06999969482422,118.72000122070312,117.52999877929688,117.70999908447266,1504200,ICE
2021-08-24,109.98026275634766,117.4000015258789,118.38999938964844,117.12000274658203,118.30000305175781,989900,ICE
2021-08-25,109.88655853271484,117.30000305175781,117.91000366210938,117.19999694824219,117.61000061035156,1037000,ICE
2021-08-26,110.12075805664062,117.55000305175781,117.77999877929688,117.13999938964844,117.4800033569336,1509100,ICE
2021-08-27,110.9263916015625,118.41000366210938,118.56999969482422,117.55000305175781,117.7699966430664,1598500,ICE
2021-08-30,111.81636810302734,119.36000061035156,120.08000183105469,118.41999816894531,118.69999694824219,1374400,ICE
2021-08-31,111.97562408447266,119.52999877929688,119.94000244140625,119.19999694824219,119.55000305175781,2399700,ICE
2021-09-01,112.99673461914062,120.62000274658203,120.94999694824219,118.94999694824219,119.7300033569336,1398900,ICE
2021-09-02,113.09980010986328,120.7300033569336,121.5,120.01000213623047,120.94000244140625,1376800,ICE
2021-09-03,113.47449493408203,121.12999725341797,121.68000030517578,120.45999908447266,120.45999908447266,1874700,ICE
2021-09-07,111.23554229736328,118.73999786376953,121.01000213623047,118.4000015258789,121.01000213623047,2929300,ICE
2021-09-08,112.1723403930664,119.73999786376953,119.93000030517578,118.25,118.62999725341797,2516500,ICE
2021-09-09,111.90068817138672,119.44999694824219,120.80999755859375,119.41000366210938,119.9000015258789,2099700,ICE
2021-09-10,111.32925415039062,118.83999633789062,120.0,118.72000122070312,120.0,1893800,ICE
2021-09-13,111.05755615234375,118.55000305175781,120.5999984741211,117.31999969482422,119.66999816894531,2654700,ICE
2021-09-14,111.72268676757812,119.26000213623047,119.33000183105469,118.51000213623047,118.94999694824219,1926400,ICE
2021-09-15,111.56298828125,118.76000213623047,119.72000122070312,118.37999725341797,119.12999725341797,3189400,ICE
2021-09-16,111.72268676757812,118.93000030517578,119.2699966430664,118.29000091552734,118.7300033569336,2049900,ICE
2021-09-17,110.56722259521484,117.69999694824219,118.73999786376953,117.29000091552734,118.47000122070312,4100800,ICE
2021-09-20,109.74995422363281,116.83000183105469,117.54000091552734,115.62000274658203,116.45999908447266,2783800,ICE
2021-09-21,109.66541290283203,116.73999786376953,117.9800033569336,116.5,117.01000213623047,2644100,ICE
2021-09-22,109.82511138916016,116.91000366210938,117.52999877929688,116.47000122070312,117.29000091552734,2726100,ICE
2021-09-23,111.70389556884766,118.91000366210938,119.25,117.30000305175781,117.44000244140625,2087500,ICE
2021-09-24,112.48360443115234,119.73999786376953,119.91000366210938,118.37000274658203,118.6500015258789,1796300,ICE
2021-09-27,111.45027160644531,118.63999938964844,119.91999816894531,117.87000274658203,119.91999816894531,2733800,ICE
2021-09-28,109.48690795898438,116.55000305175781,118.29000091552734,115.66999816894531,118.0,2758900,ICE
2021-09-29,109.81571960449219,116.9000015258789,118.30000305175781,116.7699966430664,117.0,2446800,ICE
2021-09-30,107.86176300048828,114.81999969482422,117.69000244140625,114.73999786376953,117.22000122070312,2452500,ICE
2021-10-01,108.4066162109375,115.4000015258789,116.19000244140625,113.9000015258789,115.41000366210938,2465500,ICE
2021-10-04,107.74903869628906,114.69999694824219,116.22000122070312,113.93000030517578,115.2300033569336,2472500,ICE
2021-10-05,110.9241943359375,118.08000183105469,118.5,115.2300033569336,115.58999633789062,2569500,ICE
2021-10-06,115.18907165527344,122.62000274658203,122.68000030517578,117.62000274658203,117.83999633789062,4649300,ICE
2021-10-07,118.73999786376953,126.4000015258789,127.05999755859375,123.5999984741211,123.69999694824219,3649200,ICE
2021-10-08,120.33699035644531,128.10000610351562,128.22999572753906,126.01000213623047,126.73999786376953,2124000,ICE
2021-10-11,119.83910369873047,127.56999969482422,129.3800048828125,127.30000305175781,128.16000366210938,2260900,ICE
2021-10-12,119.81092071533203,127.54000091552734,128.77000427246094,127.23999786376953,127.93000030517578,2012000,ICE
2021-10-13,120.57183837890625,128.35000610351562,128.61000061035156,126.62999725341797,128.0399932861328,1931000,ICE
2021-10-14,120.94757843017578,128.75,129.6699981689453,128.52000427246094,129.49000549316406,2210900,ICE
2021-10-15,121.54879760742188,129.38999938964844,129.80999755859375,128.42999267578125,129.80999755859375,2376100,ICE
2021-10-18,122.40367126464844,130.3000030517578,131.36000061035156,129.35000610351562,131.0,2112100,ICE
2021-10-19,122.97666931152344,130.91000366210938,131.16000366210938,130.25999450683594,130.55999755859375,1419100,ICE
2021-10-20,122.32850646972656,130.22000122070312,131.74000549316406,129.82000732421875,131.35000610351562,1400600,ICE
2021-10-21,121.75547790527344,129.61000061035156,130.55999755859375,129.24000549316406,130.25,1758900,ICE
2021-10-22,123.6248779296875,131.60000610351562,131.86000061035156,129.74000549316406,129.75,1575800,ICE
2021-10-25,124.97761535644531,133.0399932861328,133.22999572753906,131.30999755859375,131.85000610351562,1532200,ICE
2021-10-26,125.61639404296875,133.72000122070312,135.82000732421875,133.67999267578125,134.0800018310547,2401300,ICE
2021-10-27,124.90245819091797,132.9600067138672,134.7100067138672,132.82000732421875,133.3300018310547,2203400,ICE
2021-10-28,127.27914428710938,135.49000549316406,138.0,133.1300048828125,133.1300048828125,3167000,ICE
2021-10-29,130.06912231445312,138.4600067138672,138.82000732421875,135.0500030517578,135.08999633789062,2588800,ICE
2021-11-01,128.8197784423828,137.1300048828125,139.3300018310547,136.9499969482422,138.8699951171875,1859100,ICE
2021-11-02,130.39793395996094,138.80999755859375,139.7899932861328,137.35000610351562,137.39999389648438,2522100,ICE
2021-11-03,128.87612915039062,137.19000244140625,138.97000122070312,136.10000610351562,138.3000030517578,2166900,ICE
2021-11-04,128.2467498779297,136.52000427246094,138.32000732421875,136.02999877929688,137.49000549316406,3529100,ICE
2021-11-05,127.8333740234375,136.0800018310547,137.99000549316406,135.63999938964844,137.19000244140625,2482700,ICE
2021-11-08,127.52338409423828,135.75,136.77000427246094,135.13999938964844,136.42999267578125,2434300,ICE
2021-11-09,127.26976013183594,135.47999572753906,135.97000122070312,134.9199981689453,135.5399932861328,2365800,ICE
2021-11-10,126.07671356201172,134.2100067138672,135.5500030517578,133.77999877929688,135.0800018310547,2056200,ICE
2021-11-11,125.87942504882812,134.0,134.66000366210938,133.5399932861328,134.0,1498700,ICE
2021-11-12,127.09125518798828,135.2899932861328,135.39999389648438,134.07000732421875,134.60000610351562,3116100,ICE
2021-11-15,127.09125518798828,135.2899932861328,136.14999389648438,134.8300018310547,135.6699981689453,1367200,ICE
2021-11-16,127.8239517211914,136.07000732421875,136.8000030517578,135.36000061035156,135.47999572753906,1744000,ICE
2021-11-17,128.01187133789062,136.27000427246094,136.50999450683594,134.77999877929688,135.72999572753906,1979400,ICE
2021-11-18,127.16639709472656,135.3699951171875,136.86000061035156,135.33999633789062,136.77999877929688,1686300,ICE
2021-11-19,125.22185516357422,133.3000030517578,135.32000732421875,133.24000549316406,135.27000427246094,2477200,ICE
2021-11-22,124.92122650146484,132.97999572753906,134.77999877929688,132.77999877929688,133.66000366210938,1888400,ICE
2021-11-23,124.04759979248047,132.0500030517578,132.88999938964844,130.91000366210938,132.4499969482422,2324900,ICE
2021-11-24,124.25428009033203,132.27000427246094,132.58999633789062,131.32000732421875,132.11000061035156,2007700,ICE
2021-11-26,121.82121276855469,129.67999267578125,132.2100067138672,129.24000549316406,131.16000366210938,1539100,ICE
2021-11-29,123.90666961669922,131.89999389648438,132.61000061035156,130.50999450683594,130.72000122070312,2275100,ICE
2021-11-30,122.79822540283203,130.72000122070312,132.57000732421875,130.27999877929688,130.82000732421875,4043600,ICE
2021-12-01,121.20122528076172,129.02000427246094,132.9600067138672,128.9600067138672,132.10000610351562,2845400,ICE
2021-12-02,123.26789093017578,131.22000122070312,132.5399932861328,129.0800018310547,129.4600067138672,2648800,ICE
2021-12-03,122.30030059814453,130.19000244140625,132.0399932861328,128.5399932861328,131.75,2604600,ICE
2021-12-06,122.9297103881836,130.86000061035156,131.7899932861328,130.25999450683594,131.60000610351562,1889100,ICE
2021-12-07,125.88880920410156,134.00999450683594,134.27999877929688,131.94000244140625,132.38999938964844,3090900,ICE
2021-12-08,127.34489440917969,135.55999755859375,135.92999267578125,133.75,134.27000427246094,1807400,ICE
2021-12-09,126.44308471679688,134.60000610351562,135.4199981689453,133.8699951171875,134.97999572753906,2095500,ICE
2021-12-10,127.32610321044922,135.5399932861328,135.97999572753906,134.3300018310547,135.1999969482422,1742500,ICE
2021-12-13,127.3636703491211,135.5800018310547,136.17999267578125,135.00999450683594,135.58999633789062,2716300,ICE
2021-12-14,125.70091247558594,133.80999755859375,135.0,131.9199981689453,134.82000732421875,2806100,ICE
2021-12-15,126.93157958984375,135.1199951171875,135.25999450683594,133.0399932861328,134.0800018310547,1692300,ICE
2021-12-16,128.06161499023438,135.99000549316406,136.72999572753906,135.02999877929688,135.44000244140625,2603100,ICE
2021-12-17,125.60379028320312,133.3800048828125,135.6199951171875,133.1999969482422,135.5800018310547,4208000,ICE
2021-12-20,124.83158874511719,132.55999755859375,132.77000427246094,130.88999938964844,132.1699981689453,1516400,ICE
2021-12-21,126.24412536621094,134.05999755859375,134.25999450683594,132.55999755859375,133.3800048828125,1713500,ICE
2021-12-22,127.35533142089844,135.24000549316406,135.33999633789062,133.3699951171875,133.89999389648438,1083500,ICE
2021-12-23,127.92036437988281,135.83999633789062,136.6199951171875,135.36000061035156,135.60000610351562,1212300,ICE
2021-12-27,129.71896362304688,137.75,137.8300018310547,135.85000610351562,135.85000610351562,852800,ICE
2021-12-28,129.60598754882812,137.6300048828125,138.24000549316406,137.41000366210938,137.8000030517578,1033500,ICE
2021-12-29,129.23870849609375,137.24000549316406,138.4600067138672,137.1300048828125,137.9600067138672,946100,ICE
2021-12-30,128.8055419921875,136.77999877929688,137.99000549316406,136.67999267578125,137.3800048828125,758000,ICE
2021-12-31,128.796142578125,136.77000427246094,137.42999267578125,136.47999572753906,136.47999572753906,856900,ICE
2022-01-03,126.14055633544922,133.9499969482422,136.6999969482422,133.17999267578125,136.52999877929688,1792000,ICE
2022-01-04,126.25358581542969,134.07000732421875,134.80999755859375,132.6300048828125,134.22000122070312,1857200,ICE
2022-01-05,124.67149353027344,132.38999938964844,134.83999633789062,132.3000030517578,134.3300018310547,1846800,ICE
2022-01-06,125.39657592773438,133.16000366210938,133.41000366210938,131.38999938964844,132.66000366210938,2205700,ICE
2022-01-07,125.48136138916016,133.25,133.8300018310547,131.5399932861328,133.24000549316406,1962200,ICE
2022-01-10,123.83340454101562,131.5,132.72999572753906,130.4499969482422,132.25999450683594,2510200,ICE
2022-01-11,124.25711822509766,131.9499969482422,132.05999755859375,129.2899932861328,131.52999877929688,2479700,ICE
2022-01-12,125.6978988647461,133.47999572753906,133.89999389648438,132.00999450683594,132.22999572753906,2156300,ICE
2022-01-13,122.00645446777344,129.55999755859375,134.11000061035156,129.22999572753906,133.8800048828125,1893800,ICE
2022-01-14,119.21903228759766,126.5999984741211,128.63999938964844,125.62999725341797,128.5800018310547,3628600,ICE
2022-01-18,119.0118637084961,126.37999725341797,127.01000213623047,124.26000213623047,125.55999755859375,3195400,ICE
2022-01-19,118.47509765625,125.80999755859375,128.30999755859375,125.80999755859375,126.87000274658203,2549700,ICE
2022-01-20,118.76704406738281,126.12000274658203,128.02999877929688,125.86000061035156,126.4800033569336,2744800,ICE
2022-01-21,118.31503295898438,125.63999938964844,127.44000244140625,125.4000015258789,126.19999694824219,4442300,ICE
2022-01-24,118.013671875,125.31999969482422,125.94999694824219,121.12999725341797,123.5999984741211,4011800,ICE
2022-01-25,116.7235336303711,123.94999694824219,124.94999694824219,121.7300033569336,123.7300033569336,3164500,ICE
2022-01-26,115.02848815917969,122.1500015258789,125.75,120.97000122070312,125.33999633789062,3084000,ICE
2022-01-27,115.26393127441406,122.4000015258789,125.20999908447266,121.52999877929688,123.41999816894531,3255200,ICE
2022-01-28,117.1002197265625,124.3499984741211,124.54000091552734,120.58000183105469,122.45999908447266,3736100,ICE
2022-01-31,119.27555847167969,126.66000366210938,126.88999938964844,124.41999816894531,124.55999755859375,3022900,ICE
2022-02-01,119.6333999633789,127.04000091552734,127.33000183105469,125.29000091552734,127.04000091552734,2355200,ICE
2022-02-02,121.50738525390625,129.02999877929688,129.1999969482422,126.61000061035156,126.79000091552734,2584600,ICE
2022-02-03,120.433837890625,127.88999938964844,128.5800018310547,125.66000366210938,127.2699966430664,2919700,ICE
2022-02-04,122.19483184814453,129.75999450683594,130.75999450683594,126.9800033569336,127.44000244140625,4300100,ICE
2022-02-07,120.236083984375,127.68000030517578,130.0,127.30000305175781,129.7899932861328,1795300,ICE
2022-02-08,120.15132141113281,127.58999633789062,128.0800018310547,124.51000213623047,127.01000213623047,3400300,ICE
2022-02-09,121.52619934082031,129.0500030517578,130.6999969482422,128.83999633789062,129.00999450683594,2172900,ICE
2022-02-10,119.33206176757812,126.72000122070312,128.64999389648438,126.27999877929688,127.0,2670100,ICE
2022-02-11,118.5881118774414,125.93000030517578,127.45999908447266,124.9000015258789,126.62000274658203,3018400,ICE
2022-02-14,117.5616455078125,124.83999633789062,126.62999725341797,123.93000030517578,125.87000274658203,2736200,ICE
2022-02-15,117.91950225830078,125.22000122070312,127.06999969482422,124.7699966430664,126.5,2252100,ICE
2022-02-16,118.39034271240234,125.72000122070312,126.56999969482422,124.30999755859375,124.5999984741211,2600300,ICE
2022-02-17,116.0643539428711,123.25,125.06999969482422,123.0999984741211,124.91999816894531,3017100,ICE
2022-02-18,115.7065200805664,122.87000274658203,124.19000244140625,122.11000061035156,123.54000091552734,2332100,ICE
2022-02-22,115.94193267822266,123.12000274658203,123.86000061035156,122.45999908447266,122.87000274658203,2513500,ICE
2022-02-23,116.47869873046875,123.69000244140625,126.12000274658203,123.2300033569336,123.3499984741211,4009000,ICE
2022-02-24,120.46209716796875,127.91999816894531,128.07000732421875,120.9000015258789,120.94999694824219,5109200,ICE
2022-02-25,120.98002624511719,128.47000122070312,128.80999755859375,126.36000061035156,127.75,3997400,ICE
2022-02-28,120.65042114257812,128.1199951171875,128.77000427246094,126.41999816894531,126.41999816894531,3358100,ICE
2022-03-01,120.3020248413086,127.75,129.10000610351562,127.02999877929688,128.16000366210938,3858300,ICE
2022-03-02,122.37374114990234,129.9499969482422,130.69000244140625,128.49000549316406,129.4199981689453,2463300,ICE
2022-03-03,123.73919677734375,131.39999389648438,132.72000122070312,130.25999450683594,130.49000549316406,2894100,ICE
2022-03-04,127.78850555419922,135.6999969482422,135.86000061035156,130.25999450683594,130.9499969482422,4346200,ICE
2022-03-07,124.67149353027344,132.38999938964844,137.22999572753906,132.3300018310547,135.9199981689453,5369400,ICE
2022-03-08,117.40157318115234,124.66999816894531,131.1699981689453,124.61000061035156,131.0,5014700,ICE
2022-03-09,121.27194213867188,128.77999877929688,129.38999938964844,124.63999938964844,126.30000305175781,3240800,ICE
2022-03-10,122.00645446777344,129.55999755859375,129.67999267578125,126.5999984741211,126.5999984741211,3456100,ICE
2022-03-11,118.99303436279297,126.36000061035156,129.9199981689453,126.19000244140625,129.32000732421875,2582100,ICE
2022-03-14,118.8612060546875,126.22000122070312,128.42999267578125,125.58000183105469,126.58000183105469,2560700,ICE
2022-03-15,122.66565704345703,130.25999450683594,130.61000061035156,127.01000213623047,127.63999938964844,2567200,ICE
2022-03-16,124.30902099609375,131.6199951171875,131.83999633789062,129.1199951171875,130.44000244140625,2430200,ICE
2022-03-17,126.17903137207031,133.60000610351562,133.61000061035156,131.4600067138672,131.4600067138672,2077500,ICE
2022-03-18,129.29568481445312,136.89999389648438,137.39999389648438,134.0,134.02999877929688,3078300,ICE
2022-03-21,128.41737365722656,135.97000122070312,137.2100067138672,135.25,136.25,1774800,ICE
2022-03-22,128.82350158691406,136.39999389648438,136.91000366210938,135.6199951171875,135.89999389648438,1967000,ICE
2022-03-23,127.40682983398438,134.89999389648438,136.0399932861328,134.69000244140625,136.0,2302200,ICE
2022-03-24,127.58628845214844,135.08999633789062,135.64999389648438,134.07000732421875,135.47999572753906,2553300,ICE
2022-03-25,127.746826171875,135.25999450683594,135.8800048828125,134.50999450683594,135.6199951171875,2159900,ICE
2022-03-28,127.67127990722656,135.17999267578125,135.60000610351562,134.7100067138672,135.1699981689453,1798200,ICE
2022-03-29,125.28179931640625,132.64999389648438,135.49000549316406,131.47999572753906,135.27999877929688,2520300,ICE
2022-03-30,126.88735961914062,134.35000610351562,134.69000244140625,132.64999389648438,132.64999389648438,1861900,ICE
2022-03-31,124.78124237060547,132.1199951171875,136.0399932861328,132.11000061035156,134.27000427246094,3263500,ICE
2022-04-01,125.32903289794922,132.6999969482422,133.0500030517578,131.50999450683594,132.1300048828125,1731200,ICE
2022-04-04,123.36455535888672,130.6199951171875,132.92999267578125,130.0399932861328,132.6999969482422,1687700,ICE
2022-04-05,123.27955627441406,130.52999877929688,133.52000427246094,130.02000427246094,130.75,2174800,ICE
2022-04-06,121.95732879638672,129.1300048828125,130.4199981689453,128.3699951171875,129.75999450683594,3364700,ICE
2022-04-07,122.66567993164062,129.8800048828125,130.3800048828125,128.10000610351562,129.11000061035156,3611800,ICE
2022-04-08,122.67510986328125,129.88999938964844,132.3000030517578,129.67999267578125,130.41000366210938,5297000,ICE
2022-04-11,120.98455047607422,128.10000610351562,129.7899932861328,126.72000122070312,129.49000549316406,4007700,ICE
2022-04-12,117.89618682861328,124.83000183105469,129.27000427246094,124.5999984741211,127.88999938964844,2955100,ICE
2022-04-13,118.84062957763672,125.83000183105469,126.0999984741211,124.22000122070312,124.73999786376953,2049400,ICE
2022-04-14,117.61283874511719,124.52999877929688,126.52999877929688,124.04000091552734,125.7300033569336,4302000,ICE
2022-04-18,115.80892181396484,122.62000274658203,124.58999633789062,122.08999633789062,124.0,2046900,ICE
2022-04-19,116.1017074584961,122.93000030517578,123.05000305175781,121.55999755859375,122.5999984741211,4039900,ICE
2022-04-20,116.97059631347656,123.8499984741211,125.37000274658203,122.62000274658203,123.16999816894531,2579100,ICE
2022-04-21,114.00502014160156,120.70999908447266,124.48999786376953,120.38999938964844,124.48999786376953,2882400,ICE
2022-04-22,110.73722076416016,117.25,120.97000122070312,117.08999633789062,120.43000030517578,3896100,ICE
2022-04-25,110.35942840576172,116.8499984741211,116.91999816894531,114.5,116.56999969482422,5443600,ICE
2022-04-26,107.97940063476562,114.33000183105469,117.13999938964844,114.2300033569336,117.01000213623047,3108400,ICE
2022-04-27,110.21775817871094,116.69999694824219,117.3499984741211,114.19000244140625,114.36000061035156,3542500,ICE
2022-04-28,112.6261215209961,119.25,119.5999984741211,116.83999633789062,117.58999633789062,2922600,ICE
2022-04-29,109.37718200683594,115.80999755859375,119.47000122070312,115.52999877929688,118.3499984741211,3641700,ICE
2022-05-02,107.17662048339844,113.4800033569336,116.68000030517578,111.72000122070312,115.26000213623047,2825500,ICE
2022-05-03,108.12107849121094,114.4800033569336,115.2300033569336,113.23999786376953,113.47000122070312,3704100,ICE
2022-05-04,103.75770568847656,109.86000061035156,114.80000305175781,103.0,114.66999816894531,8336400,ICE
2022-05-05,95.9848403930664,101.62999725341797,108.48999786376953,100.88999938964844,108.16999816894531,9393400,ICE
2022-05-06,94.26593017578125,99.80999755859375,101.4800033569336,98.66999816894531,101.36000061035156,7995700,ICE
2022-05-09,91.60256958007812,96.98999786376953,102.01000213623047,96.55000305175781,97.87000274658203,5503600,ICE
2022-05-10,91.11145782470703,96.47000122070312,100.06999969482422,95.43000030517578,99.19000244140625,5215700,ICE
2022-05-11,89.29811096191406,94.55000305175781,97.73999786376953,94.5199966430664,95.8499984741211,4052700,ICE
2022-05-12,90.19534301757812,95.5,97.19000244140625,93.5199966430664,94.29000091552734,4099600,ICE
2022-05-13,92.81147766113281,98.2699966430664,99.25,95.7699966430664,96.55999755859375,3984500,ICE
2022-05-16,91.90478515625,97.30999755859375,98.27999877929688,96.23999786376953,97.76000213623047,2811800,ICE
2022-05-17,93.61425018310547,99.12000274658203,99.5,97.36000061035156,98.83999633789062,3343800,ICE
2022-05-18,89.82701110839844,95.11000061035156,98.36000061035156,94.69000244140625,97.86000061035156,3181200,ICE
2022-05-19,90.57312774658203,95.9000015258789,96.91999816894531,93.44999694824219,93.61000061035156,3671900,ICE
2022-05-20,92.19759368896484,97.62000274658203,97.88999938964844,95.69999694824219,96.4800033569336,3235900,ICE
2022-05-23,92.66036987304688,98.11000061035156,99.08000183105469,96.68000030517578,99.08000183105469,3024000,ICE
2022-05-24,92.89649963378906,98.36000061035156,98.75,96.5,97.66000366210938,2168600,ICE
2022-05-25,92.1031494140625,97.5199966430664,98.55999755859375,96.62000274658203,97.5999984741211,4443700,ICE
2022-05-26,94.0014877319336,99.52999877929688,100.12999725341797,97.2300033569336,98.12000274658203,3645400,ICE
2022-05-27,96.99540710449219,102.69999694824219,102.69999694824219,100.22000122070312,100.69000244140625,2482100,ICE
2022-05-31,96.70264434814453,102.38999938964844,102.88999938964844,101.72000122070312,102.27999877929688,4122000,ICE
2022-06-01,96.3248519897461,101.98999786376953,103.48999786376953,101.52999877929688,102.31999969482422,3182900,ICE
2022-06-02,97.18431091308594,102.9000015258789,103.0999984741211,101.86000061035156,102.38999938964844,2296000,ICE
2022-06-03,95.33316802978516,100.94000244140625,102.55000305175781,100.9000015258789,102.13999938964844,2366900,ICE
2022-06-06,95.25760650634766,100.86000061035156,102.77999877929688,100.55000305175781,101.12999725341797,2371700,ICE
2022-06-07,96.10762023925781,101.76000213623047,101.91000366210938,100.16000366210938,100.30000305175781,3503400,ICE
2022-06-08,95.74872589111328,101.37999725341797,103.66000366210938,101.23999786376953,102.19999694824219,2791000,ICE
2022-06-09,93.97315216064453,99.5,101.23999786376953,99.38999938964844,100.22000122070312,2304500,ICE
2022-06-10,92.34871673583984,97.77999877929688,98.79000091552734,97.04000091552734,98.13999938964844,2705300,ICE
2022-06-13,91.4420166015625,96.81999969482422,97.9800033569336,95.2300033569336,96.37000274658203,2995400,ICE
2022-06-14,89.17588806152344,94.05000305175781,96.41000366210938,93.5199966430664,96.13999938964844,3975400,ICE
2022-06-15,90.67398834228516,95.62999725341797,96.93000030517578,93.62000274658203,94.83000183105469,3087500,ICE
2022-06-16,89.93444061279297,94.8499984741211,95.23999786376953,93.3499984741211,93.72000122070312,2618800,ICE
2022-06-17,85.64867401123047,90.33000183105469,94.69999694824219,90.05000305175781,93.93000030517578,10178000,ICE
2022-06-21,88.94832611083984,93.80999755859375,94.12000274658203,91.22000122070312,91.56999969482422,4550500,ICE
2022-06-22,89.09053039550781,93.95999908447266,95.19999694824219,92.27999877929688,92.55000305175781,2835100,ICE
2022-06-23,91.66958618164062,96.68000030517578,96.91000366210938,94.58000183105469,94.80000305175781,2131600,ICE
2022-06-24,92.83583068847656,97.91000366210938,97.94999694824219,96.19999694824219,97.04000091552734,3064200,ICE
2022-06-27,93.56593322753906,98.68000030517578,99.12999725341797,97.4000015258789,98.33000183105469,3143400,ICE
2022-06-28,91.73595428466797,96.75,99.36000061035156,96.72000122070312,98.69000244140625,2993900,ICE
2022-06-29,91.41357421875,96.41000366210938,97.29000091552734,95.51000213623047,96.52999877929688,2194800,ICE
2022-06-30,89.16638946533203,94.04000091552734,95.51000213623047,93.33000183105469,95.41000366210938,2917100,ICE
2022-07-01,90.29473114013672,95.2300033569336,95.41999816894531,93.0199966430664,93.86000061035156,2293900,ICE
2022-07-05,91.04377746582031,96.0199966430664,96.08999633789062,93.69000244140625,94.5199966430664,4313200,ICE
2022-07-06,90.55073547363281,95.5,96.94000244140625,94.9000015258789,96.30000305175781,2108300,ICE
2022-07-07,91.66958618164062,96.68000030517578,97.3499984741211,95.55000305175781,95.6500015258789,1672000,ICE
2022-07-08,90.90156555175781,95.87000274658203,96.55999755859375,95.55000305175781,95.80999755859375,1260200,ICE
2022-07-11,89.64048767089844,94.54000091552734,95.63999938964844,94.11000061035156,95.26000213623047,1846400,ICE
2022-07-12,88.50267791748047,93.33999633789062,96.44999694824219,93.18000030517578,94.9000015258789,2254700,ICE
2022-07-13,89.59308624267578,94.48999786376953,95.0,91.83999633789062,92.1500015258789,3378200,ICE
2022-07-14,88.7681655883789,93.62000274658203,93.9000015258789,92.48999786376953,93.18000030517578,3046700,ICE
2022-07-15,90.86363220214844,95.83000183105469,95.9800033569336,94.79000091552734,94.97000122070312,3338200,ICE
2022-07-18,89.96286010742188,94.87999725341797,97.16000366210938,94.66000366210938,96.8499984741211,2700100,ICE
2022-07-19,91.7928237915039,96.80999755859375,97.02999877929688,94.83000183105469,95.47000122070312,2257300,ICE
2022-07-20,93.3383560180664,98.44000244140625,98.91000366210938,96.87000274658203,97.22000122070312,3179000,ICE
2022-07-21,94.31497955322266,99.47000122070312,99.58999633789062,97.88999938964844,98.29000091552734,2800900,ICE
2022-07-22,93.97364044189453,99.11000061035156,100.48999786376953,98.29000091552734,99.4800033569336,2886700,ICE
2022-07-25,93.84088897705078,98.97000122070312,99.68000030517578,98.0999984741211,99.41000366210938,1710400,ICE
2022-07-26,92.57982635498047,97.63999938964844,98.56999969482422,96.7699966430664,98.2300033569336,1940700,ICE
2022-07-27,92.45655822753906,97.51000213623047,97.98999786376953,96.12000274658203,97.6500015258789,2363500,ICE
2022-07-28,97.2448501586914,102.55999755859375,103.05000305175781,97.80000305175781,97.98999786376953,3033800,ICE
2022-07-29,96.70439147949219,101.98999786376953,102.86000061035156,101.31999969482422,101.9000015258789,2266300,ICE
2022-08-01,95.19678497314453,100.4000015258789,101.68000030517578,100.05999755859375,100.95999908447266,1952500,ICE
2022-08-02,95.44332885742188,100.66000366210938,101.5199966430664,99.55999755859375,99.73999786376953,2083100,ICE
2022-08-03,97.68099975585938,103.0199966430664,103.44999694824219,101.12999725341797,101.12999725341797,2561800,ICE
2022-08-04,101.8719482421875,107.44000244140625,108.30999755859375,106.12000274658203,106.79000091552734,3800800,ICE
2022-08-05,99.5773696899414,105.0199966430664,107.0,104.04000091552734,106.33999633789062,2773200,ICE
2022-08-08,98.89466857910156,104.30000305175781,106.0999984741211,103.87999725341797,105.62000274658203,1812200,ICE
2022-08-09,99.47306060791016,104.91000366210938,104.94999694824219,103.62000274658203,104.05999755859375,1597000,ICE
2022-08-10,100.5539779663086,106.05000305175781,106.9000015258789,105.44000244140625,106.11000061035156,1779500,ICE
2022-08-11,101.10391235351562,106.62999725341797,107.94000244140625,106.23999786376953,106.7699966430664,1937400,ICE
2022-08-12,103.995849609375,109.68000030517578,109.81999969482422,107.2300033569336,107.26000213623047,1971500,ICE
2022-08-15,103.91999053955078,109.5999984741211,110.36000061035156,108.9800033569336,109.4000015258789,2548200,ICE
2022-08-16,105.30433654785156,111.05999755859375,111.55000305175781,108.77999877929688,108.91000366210938,2148600,ICE
2022-08-17,105.91117095947266,111.69999694824219,111.86000061035156,110.01000213623047,110.4800033569336,1877100,ICE
2022-08-18,106.78349304199219,112.62000274658203,113.06999969482422,111.33000183105469,111.6500015258789,2338200,ICE
2022-08-19,103.43643951416016,109.08999633789062,112.05000305175781,108.8499984741211,111.66999816894531,4531000,ICE
2022-08-22,102.24173736572266,107.83000183105469,109.23999786376953,106.73999786376953,107.51000213623047,2312500,ICE
2022-08-23,100.9332504272461,106.44999694824219,107.7300033569336,105.94000244140625,107.7300033569336,1498500,ICE
2022-08-24,101.37889862060547,106.91999816894531,107.11000061035156,106.02999877929688,106.38999938964844,2525700,ICE
2022-08-25,101.46424102783203,107.01000213623047,107.80999755859375,106.0,107.25,1855300,ICE
2022-08-26,98.22147369384766,103.58999633789062,107.18000030517578,103.51000213623047,107.0,1684200,ICE
2022-08-29,96.32511901855469,101.58999633789062,103.12000274658203,101.54000091552734,103.06999969482422,3118700,ICE
2022-08-30,95.30108642578125,100.51000213623047,102.48999786376953,100.16999816894531,101.88999938964844,2939700,ICE
2022-08-31,95.62346649169922,100.8499984741211,102.0,100.62000274658203,101.36000061035156,3005400,ICE
2022-09-01,96.75180053710938,102.04000091552734,102.0999984741211,99.06999969482422,100.26000213623047,2713500,ICE
2022-09-02,96.03117370605469,101.27999877929688,103.5199966430664,100.83000183105469,103.0199966430664,2360700,ICE
2022-09-06,94.73218536376953,99.91000366210938,101.69999694824219,99.73999786376953,101.4000015258789,2560500,ICE
2022-09-07,96.99832153320312,102.30000305175781,102.43000030517578,99.72000122070312,99.72000122070312,2281700,ICE
2022-09-08,97.86116027832031,103.20999908447266,103.44000244140625,101.36000061035156,101.83000183105469,1902500,ICE
2022-09-09,98.04132843017578,103.4000015258789,103.9000015258789,102.75,103.43000030517578,2077000,ICE
2022-09-12,98.695556640625,104.08999633789062,104.1500015258789,103.3499984741211,103.7699966430664,2075000,ICE
2022-09-13,94.68478393554688,99.86000061035156,102.13999938964844,99.68000030517578,102.0,2586200,ICE
2022-09-14,94.68478393554688,99.86000061035156,100.88999938964844,98.93000030517578,100.69000244140625,2443500,ICE
2022-09-15,93.64730834960938,98.38999938964844,100.16000366210938,98.19999694824219,99.2699966430664,1340800,ICE
2022-09-16,92.58130645751953,97.2699966430664,98.12000274658203,96.77999877929688,97.62000274658203,3136800,ICE
2022-09-19,92.3433609008789,97.0199966430664,97.4800033569336,96.16000366210938,96.9000015258789,2252200,ICE
2022-09-20,90.2779769897461,94.8499984741211,96.62000274658203,93.77999877929688,96.3499984741211,3095500,ICE
2022-09-21,89.09773254394531,93.61000061035156,96.11000061035156,93.55999755859375,95.5199966430664,3828400,ICE
2022-09-22,89.52603149414062,94.05999755859375,94.55000305175781,92.97000122070312,93.45999908447266,2653600,ICE
2022-09-23,88.74555206298828,93.23999786376953,93.94999694824219,91.95999908447266,93.45999908447266,2980200,ICE
2022-09-26,87.17509460449219,91.58999633789062,93.05000305175781,91.55000305175781,92.86000061035156,4205000,ICE
2022-09-27,87.08943939208984,91.5,92.38999938964844,90.5,92.19000244140625,3650800,ICE
2022-09-28,88.56471252441406,93.05000305175781,93.27999877929688,90.94000244140625,91.76000213623047,3862200,ICE
2022-09-29,86.37557983398438,90.75,92.36000061035156,90.66999816894531,92.06999969482422,2430100,ICE
2022-09-30,85.99488067626953,90.3499984741211,92.56999969482422,90.31999969482422,90.58999633789062,3007700,ICE
2022-10-03,88.34579467773438,92.81999969482422,93.26000213623047,90.36000061035156,90.94000244140625,2187100,ICE
2022-10-04,89.62123107910156,94.16000366210938,94.87000274658203,93.44000244140625,93.7699966430664,3751000,ICE
2022-10-05,88.90738677978516,93.41000366210938,94.52999877929688,93.11000061035156,93.87999725341797,2246000,ICE
2022-10-06,88.85025787353516,93.3499984741211,93.87000274658203,92.79000091552734,93.11000061035156,3296300,ICE
2022-10-07,85.68077850341797,90.0199966430664,92.75,89.20999908447266,92.5199966430664,3887300,ICE
2022-10-10,85.90921783447266,90.26000213623047,90.69000244140625,89.58000183105469,90.33999633789062,2320900,ICE
2022-10-11,86.41365051269531,90.79000091552734,91.98999786376953,89.66000366210938,90.25,3677100,ICE
2022-10-12,86.24235534667969,90.61000061035156,91.79000091552734,90.30999755859375,90.54000091552734,2670400,ICE
2022-10-13,88.0126724243164,92.47000122070312,92.86000061035156,88.5999984741211,89.02999877929688,3026700,ICE
2022-10-14,85.80451965332031,90.1500015258789,94.48999786376953,89.91999816894531,93.25,2929700,ICE
2022-10-17,87.35594940185547,91.77999877929688,92.5999984741211,90.95999908447266,90.97000122070312,3045100,ICE
2022-10-18,88.2411117553711,92.70999908447266,94.44999694824219,91.98999786376953,94.18000030517578,2829900,ICE
2022-10-19,87.2131576538086,91.62999725341797,92.83999633789062,90.55999755859375,92.38999938964844,2198100,ICE
2022-10-20,85.97583770751953,90.33000183105469,92.1500015258789,90.16000366210938,91.83999633789062,2487800,ICE
2022-10-21,88.56471252441406,93.05000305175781,93.13999938964844,89.48999786376953,90.30999755859375,4954400,ICE
2022-10-24,88.74555206298828,93.23999786376953,94.62999725341797,92.97000122070312,93.7300033569336,2282000,ICE
2022-10-25,90.57301330566406,95.16000366210938,95.18000030517578,92.43000030517578,92.91000366210938,3096600,ICE
2022-10-26,89.36424255371094,93.88999938964844,95.98999786376953,93.80000305175781,95.16000366210938,2842400,ICE
2022-10-27,91.02035522460938,95.62999725341797,96.47000122070312,93.93000030517578,94.5199966430664,2611600,ICE
2022-10-28,92.0197525024414,96.68000030517578,96.81999969482422,95.0999984741211,95.4000015258789,1779500,ICE
2022-10-31,90.96324920654297,95.56999969482422,96.86000061035156,95.27999877929688,96.5999984741211,2007300,ICE
2022-11-01,89.48796844482422,94.0199966430664,96.69000244140625,93.9000015258789,96.5,5011300,ICE
2022-11-02,88.16497039794922,92.62999725341797,94.80999755859375,92.33000183105469,93.79000091552734,4570900,ICE
2022-11-03,90.86807250976562,95.47000122070312,97.37999725341797,92.26000213623047,92.61000061035156,3604500,ICE
2022-11-04,91.96263885498047,96.62000274658203,96.70999908447266,94.19000244140625,96.4800033569336,3173700,ICE
2022-11-07,92.80023193359375,97.5,97.79000091552734,96.61000061035156,97.69000244140625,2081700,ICE
2022-11-08,94.6371841430664,99.43000030517578,101.2300033569336,97.36000061035156,97.7300033569336,2934900,ICE
2022-11-09,92.57179260253906,97.26000213623047,99.51000213623047,97.08000183105469,99.36000061035156,1676800,ICE
2022-11-10,97.5972900390625,102.54000091552734,102.62999725341797,99.08000183105469,100.61000061035156,2863700,ICE
2022-11-11,99.29147338867188,104.31999969482422,104.63999938964844,102.0199966430664,103.05000305175781,2450600,ICE
2022-11-14,99.08207702636719,104.0999984741211,105.87000274658203,103.51000213623047,103.93000030517578,2817800,ICE
2022-11-15,99.9863052368164,105.05000305175781,106.22000122070312,103.56999969482422,105.2300033569336,2745400,ICE
2022-11-16,99.00592803955078,104.0199966430664,105.93000030517578,103.55999755859375,105.05000305175781,2261700,ICE
2022-11-17,99.08207702636719,104.0999984741211,104.58000183105469,102.4800033569336,103.58000183105469,2354200,ICE
2022-11-18,99.18677520751953,104.20999908447266,105.56999969482422,103.22000122070312,105.43000030517578,1590600,ICE
2022-11-21,100.2718276977539,105.3499984741211,106.31999969482422,103.11000061035156,103.94999694824219,1994700,ICE
2022-11-22,100.9190444946289,106.02999877929688,106.2699966430664,104.80000305175781,105.94999694824219,1518600,ICE
2022-11-23,101.7851791381836,106.94000244140625,107.69999694824219,105.41000366210938,105.9800033569336,1347000,ICE
2022-11-25,101.9565200805664,107.12000274658203,107.45999908447266,106.31999969482422,106.41000366210938,817700,ICE
2022-11-28,100.01483917236328,105.08000183105469,106.94999694824219,104.68000030517578,106.41999816894531,2261300,ICE
2022-11-29,100.26229858398438,105.33999633789062,106.30999755859375,104.79000091552734,104.93000030517578,1414100,ICE
2022-11-30,103.08915710449219,108.30999755859375,108.37999725341797,104.61000061035156,105.0999984741211,3504400,ICE
2022-12-01,104.25032806396484,109.52999877929688,109.97000122070312,108.27999877929688,108.88999938964844,1745100,ICE
2022-12-02,103.98382568359375,109.25,109.70999908447266,107.37000274658203,107.97000122070312,1171800,ICE
2022-12-05,101.92794799804688,107.08999633789062,109.2300033569336,106.69999694824219,108.87000274658203,1841600,ICE
2022-12-06,100.64302825927734,105.73999786376953,107.4800033569336,105.47000122070312,107.11000061035156,1871100,ICE
2022-12-07,98.53955841064453,103.52999877929688,105.95999908447266,103.23999786376953,105.02999877929688,3043800,ICE
2022-12-08,99.40570068359375,104.44000244140625,105.0,103.3499984741211,103.91000366210938,2133300,ICE
2022-12-09,98.34919738769531,103.33000183105469,104.72000122070312,103.2699966430664,104.0999984741211,2155200,ICE
2022-12-12,100.18617248535156,105.26000213623047,105.30000305175781,102.6500015258789,102.8499984741211,2226700,ICE
2022-12-13,101.25216674804688,106.37999725341797,108.37999725341797,105.69000244140625,108.25,2295000,ICE
2022-12-14,99.27490234375,103.93000030517578,106.87000274658203,103.45999908447266,105.55000305175781,2237600,ICE
2022-12-15,97.6414794921875,102.22000122070312,103.13999938964844,101.33999633789062,102.62000274658203,2023900,ICE
2022-12-16,96.24689483642578,100.76000213623047,101.75,100.08999633789062,101.1500015258789,6124800,ICE
2022-12-19,95.78839874267578,100.27999877929688,101.5999984741211,99.58000183105469,100.83000183105469,1674100,ICE
2022-12-20,95.8934326171875,100.38999938964844,101.2300033569336,99.87000274658203,100.44999694824219,1639300,ICE
2022-12-21,97.95671081542969,102.55000305175781,102.83000183105469,100.80999755859375,100.83000183105469,2415700,ICE
2022-12-22,97.87073516845703,102.45999908447266,102.51000213623047,100.75,101.33000183105469,2160400,ICE
2022-12-23,98.20504760742188,102.80999755859375,103.22000122070312,102.1500015258789,102.5,1321200,ICE
2022-12-27,97.53642272949219,102.11000061035156,103.1500015258789,101.63999938964844,102.79000091552734,2693500,ICE
2022-12-28,97.68926239013672,102.2699966430664,103.5199966430664,102.22000122070312,102.80999755859375,1587300,ICE
2022-12-29,99.4372787475586,104.0999984741211,104.62000274658203,102.87000274658203,103.13999938964844,993800,ICE
2022-12-30,97.99491882324219,102.58999633789062,103.9000015258789,101.5,103.23999786376953,1175500,ICE
2023-01-03,98.60626983642578,103.2300033569336,104.47000122070312,102.41999816894531,103.62000274658203,1919700,ICE
2023-01-04,99.27490234375,103.93000030517578,104.76000213623047,103.36000061035156,104.44000244140625,1527100,ICE
2023-01-05,97.98535919189453,102.58000183105469,103.66999816894531,102.37999725341797,102.94999694824219,1223500,ICE
2023-01-06,100.20146179199219,104.9000015258789,105.25,102.1500015258789,103.41000366210938,1594500,ICE
2023-01-09,100.52620697021484,105.23999786376953,106.55999755859375,104.8499984741211,105.27999877929688,3975500,ICE
2023-01-10,101.87306213378906,106.6500015258789,106.8499984741211,104.8499984741211,105.11000061035156,1468100,ICE
2023-01-11,103.8216781616211,108.69000244140625,109.06999969482422,106.88999938964844,107.2699966430664,2651600,ICE
2023-01-12,104.14646911621094,109.02999877929688,109.58999633789062,107.72000122070312,109.0,2816200,ICE
2023-01-13,102.80916595458984,107.62999725341797,108.26000213623047,106.37999725341797,108.08999633789062,1726300,ICE
2023-01-17,102.59901428222656,107.41000366210938,108.4000015258789,106.95999908447266,107.44999694824219,2424000,ICE
2023-01-18,102.84737396240234,107.66999816894531,108.86000061035156,107.25,107.6500015258789,2399800,ICE
2023-01-19,102.1309814453125,106.91999816894531,107.80000305175781,106.30000305175781,107.05999755859375,2182400,ICE
2023-01-20,103.62110900878906,108.4800033569336,108.56999969482422,106.5,107.05000305175781,1688900,ICE
2023-01-23,103.8025894165039,108.66999816894531,109.58000183105469,107.66000366210938,108.56999969482422,1964000,ICE
2023-01-24,101.4909896850586,106.25,108.8499984741211,105.79000091552734,108.80000305175781,2516200,ICE
2023-01-25,101.7202377319336,106.48999786376953,106.98999786376953,104.19999694824219,104.91999816894531,2384100,ICE
2023-01-26,103.34407806396484,108.19000244140625,108.27999877929688,106.3499984741211,106.93000030517578,1339900,ICE
2023-01-27,103.10527801513672,107.94000244140625,108.45999908447266,106.43000030517578,107.3499984741211,3466400,ICE
2023-01-30,101.88262939453125,106.66000366210938,108.16000366210938,106.55999755859375,107.26000213623047,1966300,ICE
2023-01-31,102.73274993896484,107.55000305175781,107.58999633789062,106.51000213623047,106.76000213623047,2150500,ICE
2023-02-01,104.12736511230469,109.01000213623047,109.55999755859375,106.77999877929688,106.81999969482422,2438300,ICE
2023-02-02,103.4778060913086,108.33000183105469,111.29000091552734,107.48999786376953,110.33999633789062,3469000,ICE
2023-02-03,102.83782958984375,107.66000366210938,108.6500015258789,106.30999755859375,107.33000183105469,2314100,ICE
2023-02-06,103.46826934814453,108.31999969482422,108.58999633789062,105.61000061035156,106.52999877929688,2097400,ICE
2023-02-07,104.45213317871094,109.3499984741211,109.6500015258789,107.19000244140625,107.48999786376953,2043700,ICE
2023-02-08,104.35660552978516,109.25,109.87000274658203,108.30000305175781,108.48999786376953,2338300,ICE
2023-02-09,102.72320556640625,107.54000091552734,109.9000015258789,107.27999877929688,109.69000244140625,3564500,ICE
2023-02-10,103.84078979492188,108.70999908447266,108.88999938964844,106.9000015258789,107.13999938964844,1592900,ICE
2023-02-13,104.29930114746094,109.19000244140625,109.37000274658203,108.62999725341797,109.05999755859375,1572900,ICE
2023-02-14,103.54467010498047,108.4000015258789,110.05000305175781,107.77999877929688,109.06999969482422,1959400,ICE
2023-02-15,103.77393341064453,108.63999938964844,109.26000213623047,107.61000061035156,108.06999969482422,1429900,ICE
2023-02-16,102.33155822753906,107.12999725341797,108.23999786376953,106.9800033569336,107.33000183105469,2219900,ICE
2023-02-17,102.31246948242188,107.11000061035156,107.52999877929688,106.29000091552734,106.79000091552734,1700100,ICE
2023-02-21,99.49458312988281,104.16000366210938,106.55000305175781,103.52999877929688,106.19999694824219,2639800,ICE
2023-02-22,99.6187744140625,104.29000091552734,104.63999938964844,103.2300033569336,103.9000015258789,2323800,ICE
2023-02-23,99.11251831054688,103.76000213623047,104.97000122070312,102.76000213623047,104.80000305175781,2729300,ICE
2023-02-24,97.91850280761719,102.51000213623047,103.12999725341797,101.55000305175781,102.83000183105469,2765700,ICE
2023-02-27,96.96329498291016,101.51000213623047,103.58999633789062,101.11000061035156,102.94000244140625,4052200,ICE
2023-02-28,97.24029541015625,101.80000305175781,102.41999816894531,100.87000274658203,101.31999969482422,4180100,ICE
2023-03-01,96.380615234375,100.9000015258789,102.12000274658203,100.62999725341797,101.70999908447266,2864200,ICE
2023-03-02,98.10954284667969,102.70999908447266,102.76000213623047,100.18000030517578,100.18000030517578,5821600,ICE
2023-03-03,97.88983917236328,102.4800033569336,102.87000274658203,101.93000030517578,102.87000274658203,2938200,ICE
2023-03-06,98.61579895019531,103.23999786376953,104.37000274658203,102.55000305175781,102.9000015258789,2383000,ICE
2023-03-07,98.34834289550781,102.95999908447266,106.12000274658203,102.75,104.27999877929688,4810300,ICE
2023-03-08,98.0140151977539,102.61000061035156,103.62999725341797,102.16999816894531,103.0,2651700,ICE
2023-03-09,95.61644744873047,100.0999984741211,102.83000183105469,99.55000305175781,102.69999694824219,3507900,ICE
2023-03-10,91.11741638183594,95.38999938964844,99.72000122070312,94.72000122070312,99.4000015258789,5375100,ICE
2023-03-13,93.29528045654297,97.66999816894531,98.18000030517578,94.16000366210938,94.4000015258789,5413900,ICE
2023-03-14,94.42243194580078,98.8499984741211,99.7699966430664,98.20999908447266,99.33000183105469,3523500,ICE
2023-03-15,93.15200805664062,97.5199966430664,98.55999755859375,96.7300033569336,96.9800033569336,4261300,ICE
2023-03-16,95.19540405273438,99.2300033569336,100.0,96.19999694824219,96.4800033569336,3963200,ICE
2023-03-17,93.05607604980469,97.0,99.55999755859375,96.43000030517578,98.79000091552734,6094000,ICE
2023-03-20,94.05377960205078,98.04000091552734,98.26000213623047,96.80999755859375,97.36000061035156,3112500,ICE
2023-03-21,95.66547393798828,99.72000122070312,100.08999633789062,98.87000274658203,99.30000305175781,2618300,ICE
2023-03-22,93.4397964477539,97.4000015258789,100.33999633789062,97.31999969482422,100.33999633789062,2157100,ICE
2023-03-23,92.60518646240234,96.52999877929688,97.69999694824219,95.66000366210938,97.36000061035156,3436000,ICE
2023-03-24,93.52613067626953,97.48999786376953,97.77999877929688,95.72000122070312,96.05999755859375,1995200,ICE
2023-03-27,94.06336975097656,98.05000305175781,98.91999816894531,97.62000274658203,98.36000061035156,2229500,ICE
2023-03-28,95.07069396972656,99.0999984741211,99.31999969482422,98.41999816894531,98.58999633789062,1752600,ICE
2023-03-29,97.53619384765625,101.66999816894531,101.87000274658203,99.83999633789062,100.18000030517578,3677700,ICE
2023-03-30,98.55309295654297,102.7300033569336,103.02999877929688,101.83000183105469,102.54000091552734,2908900,ICE
2023-03-31,100.04966735839844,104.29000091552734,104.37999725341797,103.30000305175781,103.5,3192300,ICE
2023-04-03,101.13372039794922,105.41999816894531,105.48999786376953,104.08999633789062,104.4800033569336,2661400,ICE
2023-04-04,101.72852325439453,106.04000091552734,106.77999877929688,105.12999725341797,105.8499984741211,3159700,ICE
2023-04-05,101.90120697021484,106.22000122070312,107.19000244140625,105.47000122070312,106.45999908447266,2964600,ICE
2023-04-06,103.84864807128906,108.25,108.31999969482422,106.23999786376953,106.30999755859375,3104300,ICE
2023-04-10,102.05467987060547,106.37999725341797,107.76000213623047,105.73999786376953,107.52999877929688,1780900,ICE
2023-04-11,101.8148422241211,106.12999725341797,107.18000030517578,105.88999938964844,106.52999877929688,2512300,ICE
2023-04-12,102.73582458496094,107.08999633789062,107.6500015258789,106.52999877929688,106.91000366210938,2256500,ICE
2023-04-13,103.13874053955078,107.51000213623047,107.95999908447266,106.77999877929688,107.12999725341797,1734300,ICE
2023-04-14,103.13874053955078,107.51000213623047,107.88999938964844,106.7300033569336,107.69999694824219,2051200,ICE
2023-04-17,103.59922790527344,107.98999786376953,107.98999786376953,107.02999877929688,107.33000183105469,2216500,ICE
2023-04-18,103.11954498291016,107.48999786376953,108.20999908447266,107.44999694824219,107.94000244140625,1923100,ICE
2023-04-19,103.93499755859375,108.33999633789062,109.0999984741211,107.33999633789062,107.33999633789062,1580800,ICE
2023-04-20,103.37857818603516,107.76000213623047,108.41999816894531,107.18000030517578,108.0199966430664,1502800,ICE
2023-04-21,103.94458770751953,108.3499984741211,108.48999786376953,107.08000183105469,107.93000030517578,1667000,ICE
2023-04-24,103.54165649414062,107.93000030517578,108.93000030517578,107.63999938964844,108.80999755859375,1355600,ICE
2023-04-25,102.01631164550781,106.33999633789062,107.52999877929688,106.05000305175781,107.5,1859900,ICE
2023-04-26,100.35667419433594,104.61000061035156,105.75,103.97000122070312,105.45999908447266,3437700,ICE
2023-04-27,103.05240631103516,107.41999816894531,107.51000213623047,104.87999725341797,105.31999969482422,2007800,ICE
2023-04-28,104.50100708007812,108.93000030517578,108.94999694824219,107.19000244140625,107.30000305175781,2179500,ICE
2023-05-01,104.20361328125,108.62000274658203,109.19000244140625,108.12999725341797,108.77999877929688,1616200,ICE
2023-05-02,102.75501251220703,107.11000061035156,108.61000061035156,105.69000244140625,108.38999938964844,2163500,ICE
2023-05-03,100.56771087646484,104.83000183105469,107.3499984741211,104.79000091552734,107.2699966430664,2684400,ICE
2023-05-04,102.40965270996094,106.75,107.48999786376953,104.26000213623047,104.5,3122100,ICE
2023-05-05,103.9062271118164,108.30999755859375,108.5199966430664,106.72000122070312,107.2300033569336,2010300,ICE
2023-05-08,102.86053466796875,107.22000122070312,108.4000015258789,107.16000366210938,108.4000015258789,1594000,ICE
2023-05-09,101.89158630371094,106.20999908447266,107.01000213623047,106.05999755859375,106.80999755859375,1975700,ICE
2023-05-10,104.07890319824219,108.48999786376953,108.87999725341797,106.55000305175781,106.79000091552734,1748200,ICE
2023-05-11,103.8102798461914,108.20999908447266,108.4800033569336,107.41000366210938,108.37999725341797,1320100,ICE
2023-05-12,104.17481994628906,108.58999633789062,108.9800033569336,108.0,108.37999725341797,1621000,ICE
2023-05-15,105.39319610595703,109.86000061035156,109.93000030517578,108.88999938964844,109.02999877929688,2170600,ICE
2023-05-16,104.56816864013672,109.0,110.16000366210938,108.94999694824219,109.81999969482422,2292900,ICE
2023-05-17,104.1844253540039,108.5999984741211,109.6500015258789,107.25,109.47000122070312,3467800,ICE
2023-05-18,104.1364517211914,108.55000305175781,108.98999786376953,107.48999786376953,108.91000366210938,2166700,ICE
2023-05-19,103.6375961303711,108.02999877929688,109.16999816894531,107.94000244140625,108.97000122070312,3565600,ICE
2023-05-22,104.74083709716797,109.18000030517578,109.51000213623047,108.16999816894531,108.45999908447266,1736700,ICE
2023-05-23,103.50328063964844,107.88999938964844,108.87000274658203,107.25,108.4800033569336,2321100,ICE
2023-05-24,102.24656677246094,106.58000183105469,107.58999633789062,106.25,107.4000015258789,1457600,ICE
2023-05-25,100.83631896972656,105.11000061035156,106.38999938964844,104.47000122070312,106.38999938964844,2835900,ICE
2023-05-26,100.8843002319336,105.16000366210938,105.79000091552734,104.62000274658203,105.04000091552734,1516200,ICE
2023-05-30,100.15519714355469,104.4000015258789,105.61000061035156,103.80999755859375,105.5199966430664,1541200,ICE
2023-05-31,101.64216613769531,105.94999694824219,106.5,103.87000274658203,104.04000091552734,4457000,ICE
2023-06-01,102.04508209228516,106.37000274658203,106.51000213623047,105.25,106.0999984741211,1966400,ICE
2023-06-02,103.58963775634766,107.9800033569336,109.0,106.51000213623047,106.98999786376953,2296900,ICE
2023-06-05,103.91580963134766,108.31999969482422,109.02999877929688,107.5199966430664,108.44999694824219,2181100,ICE
2023-06-06,104.03092956542969,108.44000244140625,109.20999908447266,107.86000061035156,108.5,2655100,ICE
2023-06-07,103.91580963134766,108.31999969482422,108.80999755859375,107.73999786376953,108.37999725341797,2296100,ICE
2023-06-08,106.10310363769531,110.5999984741211,110.80999755859375,108.1500015258789,108.31999969482422,2463200,ICE
2023-06-09,105.48912811279297,109.95999908447266,110.69999694824219,109.75,110.5199966430664,2075700,ICE
2023-06-12,104.0885009765625,108.5,109.86000061035156,107.54000091552734,109.69000244140625,2904200,ICE
2023-06-13,104.55856323242188,108.98999786376953,109.54000091552734,108.26000213623047,108.61000061035156,1755500,ICE
2023-06-14,106.58097839355469,110.66999816894531,110.83999633789062,108.5199966430664,108.76000213623047,2096800,ICE
2023-06-15,108.22779083251953,112.37999725341797,113.1500015258789,110.75,110.87000274658203,2220700,ICE
2023-06-16,107.55367279052734,111.68000030517578,113.06999969482422,111.4000015258789,112.81999969482422,3806200,ICE
2023-06-20,108.02554321289062,112.16999816894531,112.4800033569336,110.9000015258789,111.20999908447266,3489800,ICE
2023-06-21,107.09138488769531,111.19999694824219,112.0999984741211,110.77999877929688,112.0999984741211,1885300,ICE
2023-06-22,106.59059143066406,110.68000030517578,111.08000183105469,110.19000244140625,111.0199966430664,1427400,ICE
2023-06-23,106.9854507446289,111.08999633789062,111.31999969482422,109.91999816894531,110.5,2727900,ICE
2023-06-26,106.0609359741211,110.12999725341797,111.0999984741211,109.77999877929688,110.97000122070312,2640000,ICE
2023-06-27,106.7735824584961,110.87000274658203,111.0,110.0,110.56999969482422,1708500,ICE
2023-06-28,107.5921859741211,111.72000122070312,111.87000274658203,110.52999877929688,111.02999877929688,1774500,ICE
2023-06-29,108.13148498535156,112.27999877929688,112.31999969482422,111.16999816894531,111.68000030517578,1725200,ICE
2023-06-30,108.90193939208984,113.08000183105469,114.11000061035156,112.86000061035156,113.1500015258789,3124900,ICE
2023-07-03,108.75748443603516,112.93000030517578,112.93000030517578,111.41000366210938,112.5199966430664,1484300,ICE
2023-07-05,108.16036987304688,112.30999755859375,112.86000061035156,111.51000213623047,112.30999755859375,2227900,ICE
2023-07-06,107.86182403564453,112.0,112.91000366210938,111.66999816894531,111.68000030517578,2989200,ICE
2023-07-07,108.14111328125,112.29000091552734,112.9000015258789,111.43000030517578,112.02999877929688,1642700,ICE
2023-07-10,108.9789810180664,113.16000366210938,113.5999984741211,112.41000366210938,112.5999984741211,1249000,ICE
2023-07-11,110.18280029296875,114.41000366210938,114.48999786376953,113.0199966430664,113.30999755859375,2355300,ICE
2023-07-12,111.11695098876953,115.37999725341797,115.94000244140625,114.79000091552734,115.54000091552734,1980700,ICE
2023-07-13,112.71563720703125,117.04000091552734,117.18000030517578,115.51000213623047,115.69000244140625,1996900,ICE
2023-07-14,113.16825866699219,117.51000213623047,117.8499984741211,116.27999877929688,116.97000122070312,2115700,ICE
2023-07-17,112.33040618896484,116.63999938964844,117.72000122070312,113.76000213623047,116.7300033569336,2818700,ICE
2023-07-18,111.7814712524414,116.06999969482422,117.04000091552734,115.87999725341797,116.1500015258789,2600200,ICE
2023-07-19,111.38661193847656,115.66000366210938,117.18000030517578,115.55000305175781,116.0,3044700,ICE
2023-07-20,111.35769653320312,115.62999725341797,115.98999786376953,114.9800033569336,115.6500015258789,1986500,ICE
2023-07-21,111.92591094970703,116.22000122070312,116.38999938964844,115.4800033569336,116.05000305175781,1608300,ICE
2023-07-24,111.98370361328125,116.27999877929688,116.76000213623047,115.61000061035156,116.5,3312500,ICE
2023-07-25,112.23410034179688,116.54000091552734,116.7300033569336,115.19999694824219,115.6500015258789,1850100,ICE
2023-07-26,112.41706848144531,116.7300033569336,116.80000305175781,115.33000183105469,116.2300033569336,1616900,ICE
2023-07-27,110.68357849121094,114.93000030517578,117.2300033569336,114.81999969482422,117.0,2237700,ICE
2023-07-28,110.8761978149414,115.12999725341797,116.23999786376953,114.66999816894531,115.68000030517578,1630500,ICE
2023-07-31,110.55839538574219,114.80000305175781,115.20999908447266,114.33999633789062,115.16999816894531,1939000,ICE
2023-08-01,110.78952026367188,115.04000091552734,115.22000122070312,113.77999877929688,114.02999877929688,1995400,ICE
2023-08-02,110.75100708007812,115.0,115.22000122070312,114.19999694824219,115.0,2017500,ICE
2023-08-03,107.92924499511719,112.06999969482422,112.23999786376953,107.30999755859375,110.0,5017100,ICE
2023-08-04,109.7879409790039,114.0,116.5,112.93000030517578,113.33000183105469,2743100,ICE
2023-08-07,111.7814712524414,116.06999969482422,116.08000183105469,114.04000091552734,114.16999816894531,3191000,ICE
2023-08-08,110.62580871582031,114.87000274658203,116.27999877929688,114.2300033569336,116.19000244140625,1966900,ICE
2023-08-09,109.98053741455078,114.19999694824219,115.41000366210938,113.44999694824219,113.51000213623047,1465900,ICE
2023-08-10,110.55839538574219,114.80000305175781,115.69999694824219,114.51000213623047,114.6500015258789,1778200,ICE
2023-08-11,109.7782974243164,113.98999786376953,114.8499984741211,113.6500015258789,114.7300033569336,1484700,ICE
2023-08-14,110.67395782470703,114.91999816894531,115.01000213623047,113.63999938964844,113.91999816894531,1546700,ICE
2023-08-15,109.89388275146484,114.11000061035156,115.19000244140625,113.81999969482422,114.36000061035156,1491100,ICE
2023-08-16,109.75904846191406,113.97000122070312,114.81999969482422,113.51000213623047,113.97000122070312,1565600,ICE
2023-08-17,109.41234588623047,113.61000061035156,114.80000305175781,113.20999908447266,114.30999755859375,1518600,ICE
2023-08-18,109.54718017578125,113.75,114.0,112.69999694824219,112.80000305175781,3858700,ICE
2023-08-21,109.65311431884766,113.86000061035156,114.0999984741211,113.0999984741211,113.55999755859375,2339800,ICE
2023-08-22,109.0656509399414,113.25,114.05999755859375,112.93000030517578,113.9800033569336,2877600,ICE
2023-08-23,110.58726501464844,114.83000183105469,115.1500015258789,113.13999938964844,113.98999786376953,1788000,ICE
2023-08-24,111.00138854980469,115.26000213623047,116.19000244140625,114.77999877929688,114.83999633789062,1618800,ICE
2023-08-25,111.52142333984375,115.80000305175781,116.3499984741211,114.83999633789062,115.62999725341797,1500100,ICE
2023-08-28,113.15862274169922,117.5,117.58999633789062,116.05999755859375,116.30000305175781,1831900,ICE
2023-08-29,114.18909454345703,118.56999969482422,118.62999725341797,117.30000305175781,117.58000183105469,2433800,ICE
2023-08-30,113.54385375976562,117.9000015258789,118.79000091552734,117.70999908447266,118.63999938964844,2801600,ICE
2023-08-31,113.6305160522461,117.98999786376953,118.31999969482422,117.66000366210938,118.12000274658203,2713300,ICE
2023-09-01,112.68672180175781,117.01000213623047,118.69000244140625,116.43000030517578,118.69000244140625,5990800,ICE
2023-09-05,110.40428924560547,114.63999938964844,116.01000213623047,114.48999786376953,115.80999755859375,4402000,ICE
2023-09-06,109.41234588623047,113.61000061035156,115.0,112.31999969482422,114.86000061035156,3594200,ICE
2023-09-07,110.97249603271484,115.2300033569336,115.48999786376953,112.9800033569336,113.48999786376953,2622800,ICE
2023-09-08,110.71247100830078,114.95999908447266,115.4800033569336,114.52999877929688,115.43000030517578,2177700,ICE
2023-09-11,110.77987670898438,115.02999877929688,115.43000030517578,114.44999694824219,115.43000030517578,1704000,ICE
2023-09-12,111.70439910888672,115.98999786376953,116.20999908447266,114.75,114.91999816894531,2367300,ICE
2023-09-13,112.45558166503906,116.7699966430664,116.95999908447266,115.11000061035156,115.72000122070312,3258200,ICE
2023-09-14,112.98719024658203,116.9000015258789,117.13999938964844,115.77999877929688,117.13999938964844,1828400,ICE
2023-09-15,111.84668731689453,115.72000122070312,117.06999969482422,115.38999938964844,116.16999816894531,3817900,ICE
2023-09-18,112.010986328125,115.88999938964844,116.22000122070312,115.37000274658203,115.44999694824219,1593300,ICE
2023-09-19,111.60505676269531,115.47000122070312,116.33999633789062,115.41999816894531,116.08000183105469,2091500,ICE
2023-09-20,111.48905181884766,115.3499984741211,116.44999694824219,115.13999938964844,115.88999938964844,1621200,ICE
2023-09-21,108.65713500976562,112.41999816894531,114.98999786376953,112.37000274658203,114.80000305175781,2362200,ICE
2023-09-22,106.48243713378906,110.16999816894531,112.41999816894531,110.05999755859375,111.83999633789062,2268500,ICE
2023-09-25,105.52558135986328,109.18000030517578,110.08999633789062,109.01000213623047,109.87999725341797,2569300,ICE
2023-09-26,103.64086151123047,107.2300033569336,108.52999877929688,107.16000366210938,108.41999816894531,3731600,ICE
2023-09-27,104.64604187011719,108.2699966430664,108.61000061035156,107.23999786376953,107.79000091552734,3876400,ICE
2023-09-28,107.1106948852539,110.81999969482422,111.31999969482422,108.68000030517578,108.72000122070312,3271100,ICE
2023-09-29,106.33746337890625,110.0199966430664,111.44000244140625,109.26000213623047,111.33999633789062,2960800,ICE
2023-10-02,105.56423950195312,109.22000122070312,109.79000091552734,108.20999908447266,109.41999816894531,2320400,ICE
2023-10-03,103.9887924194336,107.58999633789062,109.2699966430664,107.0199966430664,108.98999786376953,2786400,ICE
2023-10-04,105.38059997558594,109.02999877929688,109.11000061035156,107.0199966430664,108.02999877929688,2750300,ICE
2023-10-05,106.01851654052734,109.69000244140625,109.80999755859375,108.51000213623047,108.72000122070312,1368700,ICE
2023-10-06,107.16868591308594,110.87999725341797,111.37000274658203,108.69999694824219,109.3499984741211,2078600,ICE
2023-10-09,108.37684631347656,112.12999725341797,112.41000366210938,110.44000244140625,110.4800033569336,2442800,ICE
2023-10-10,108.01924896240234,111.76000213623047,112.58000183105469,111.19999694824219,111.94000244140625,1425300,ICE
2023-10-11,107.71961212158203,111.44999694824219,112.48999786376953,110.83999633789062,112.18000030517578,1302200,ICE
2023-10-12,107.0623779296875,110.7699966430664,112.11000061035156,110.16000366210938,112.04000091552734,1794200,ICE
2023-10-13,106.73374938964844,110.43000030517578,111.44000244140625,109.73999786376953,110.8499984741211,1512400,ICE
2023-10-16,108.17386627197266,111.91999816894531,112.12000274658203,110.73999786376953,111.12999725341797,1556600,ICE
2023-10-17,108.01924896240234,111.76000213623047,112.7699966430664,111.0999984741211,111.55000305175781,3162300,ICE
2023-10-18,105.97018432617188,109.63999938964844,112.37999725341797,109.44000244140625,111.56999969482422,3336700,ICE
2023-10-19,105.90251922607422,109.56999969482422,110.41999816894531,108.94999694824219,109.33999633789062,2693900,ICE
2023-10-20,104.4043960571289,108.0199966430664,110.05000305175781,107.97000122070312,110.02999877929688,1952000,ICE
2023-10-23,104.10479736328125,107.70999908447266,108.66999816894531,107.44999694824219,107.52999877929688,2627700,ICE
2023-10-24,103.35090637207031,106.93000030517578,109.12000274658203,106.69999694824219,108.0,2784900,ICE
2023-10-25,103.15760040283203,106.7300033569336,107.05000305175781,105.68000030517578,106.66000366210938,3103700,ICE
2023-10-26,103.6988525390625,107.29000091552734,108.02999877929688,105.77999877929688,106.01000213623047,2725500,ICE
2023-10-27,101.21487426757812,104.72000122070312,107.58000183105469,104.48999786376953,107.2300033569336,2508700,ICE
2023-10-30,102.48102569580078,106.02999877929688,106.44000244140625,105.04000091552734,105.30000305175781,1413700,ICE
2023-10-31,103.84383392333984,107.44000244140625,107.54000091552734,105.95999908447266,106.23999786376953,2401500,ICE
2023-11-01,104.62671661376953,108.25,108.87000274658203,107.62000274658203,107.69999694824219,2643200,ICE
2023-11-02,102.70332336425781,106.26000213623047,108.36000061035156,104.91000366210938,106.88999938964844,5667100,ICE
2023-11-03,104.29810333251953,107.91000366210938,108.55999755859375,106.43000030517578,106.55000305175781,3156400,ICE
2023-11-06,104.18212890625,107.79000091552734,108.44999694824219,107.4000015258789,108.0,1702000,ICE
2023-11-07,104.59772491455078,108.22000122070312,108.58000183105469,107.79000091552734,108.11000061035156,2296500,ICE
2023-11-08,105.51592254638672,109.16999816894531,109.36000061035156,107.76000213623047,108.30999755859375,2686600,ICE
2023-11-09,104.91667175292969,108.55000305175781,109.7300033569336,108.44000244140625,109.66000366210938,2220600,ICE
2023-11-10,106.10551452636719,109.77999877929688,110.05999755859375,108.55999755859375,109.16999816894531,2422700,ICE
2023-11-13,105.02299499511719,108.66000366210938,109.52999877929688,108.62000274658203,109.4000015258789,1562800,ICE
2023-11-14,106.75306701660156,110.44999694824219,111.63999938964844,108.94000244140625,109.0,2359800,ICE
2023-11-15,107.33299255371094,111.05000305175781,111.30999755859375,110.11000061035156,110.2300033569336,2130300,ICE
2023-11-16,108.51215362548828,112.2699966430664,112.41999816894531,111.52999877929688,111.83000183105469,2430900,ICE
2023-11-17,107.6712875366211,111.4000015258789,112.6500015258789,111.30999755859375,112.6500015258789,1785500,ICE
2023-11-20,108.39617919921875,112.1500015258789,112.36000061035156,110.63999938964844,111.16999816894531,1749400,ICE
2023-11-21,109.65264892578125,113.44999694824219,113.81999969482422,112.23999786376953,112.37999725341797,2050300,ICE
2023-11-22,110.49354553222656,114.31999969482422,114.91000366210938,113.6500015258789,113.93000030517578,2481500,ICE
2023-11-24,110.56119537353516,114.38999938964844,114.76000213623047,113.7699966430664,114.45999908447266,809500,ICE
2023-11-27,109.35303497314453,113.13999938964844,114.30999755859375,112.98999786376953,114.22000122070312,2240800,ICE
2023-11-28,109.00508880615234,112.77999877929688,113.91000366210938,112.68000030517578,112.95999908447266,3058500,ICE
2023-11-29,108.91810607910156,112.69000244140625,113.80000305175781,112.55000305175781,113.80000305175781,2376900,ICE
2023-11-30,110.02960968017578,113.83999633789062,113.91000366210938,112.68000030517578,112.8499984741211,6601300,ICE
2023-12-01,110.41620635986328,114.23999786376953,114.2699966430664,112.72000122070312,113.19999694824219,3492100,ICE
2023-12-04,111.17977142333984,115.02999877929688,115.2699966430664,113.80999755859375,113.91000366210938,3818200,ICE
2023-12-05,110.2615737915039,114.08000183105469,114.86000061035156,113.63999938964844,114.70999908447266,2821400,ICE
2023-12-06,109.29505920410156,113.08000183105469,114.66000366210938,112.55999755859375,114.30999755859375,2217600,ICE
2023-12-07,108.76345825195312,112.52999877929688,113.63999938964844,111.81999969482422,113.31999969482422,2880100,ICE
2023-12-08,109.54634094238281,113.33999633789062,113.44000244140625,112.19999694824219,112.33999633789062,2505800,ICE
2023-12-11,112.25261688232422,116.13999938964844,116.7300033569336,113.87000274658203,113.91999816894531,3433100,ICE
2023-12-12,113.98273468017578,117.93000030517578,118.05999755859375,116.20999908447266,116.45999908447266,4207900,ICE
2023-12-13,117.8917465209961,121.54000091552734,121.7300033569336,117.48999786376953,117.80999755859375,4580000,ICE
2023-12-14,119.62800598144531,123.33000183105469,125.0199966430664,122.41999816894531,122.72000122070312,5157100,ICE
2023-12-15,119.4049072265625,123.0999984741211,123.4000015258789,121.55999755859375,122.9800033569336,4795600,ICE
2023-12-18,119.85111236572266,123.55999755859375,123.8499984741211,122.41999816894531,123.19000244140625,1999400,ICE
2023-12-19,120.05480194091797,123.7699966430664,123.95999908447266,123.06999969482422,123.55999755859375,1785000,ICE
2023-12-20,118.68712615966797,122.36000061035156,124.05000305175781,122.30999755859375,123.56999969482422,2350500,ICE
2023-12-21,120.50100708007812,124.2300033569336,124.33000183105469,122.6500015258789,122.72000122070312,1895400,ICE
2023-12-22,121.94627380371094,125.72000122070312,125.91000366210938,124.30000305175781,124.91000366210938,2237000,ICE
2023-12-26,122.84835815429688,126.6500015258789,126.9000015258789,125.75,125.75,2032000,ICE
2023-12-27,123.95413970947266,127.79000091552734,127.83999633789062,126.41999816894531,126.83000183105469,2202000,ICE
2023-12-28,124.7398452758789,128.60000610351562,128.74000549316406,127.83999633789062,127.87999725341797,2895700,ICE
2023-12-29,124.57492065429688,128.42999267578125,129.16000366210938,127.66999816894531,128.6199951171875,2966400,ICE
2024-01-02,122.65435791015625,126.44999694824219,128.4199981689453,125.69999694824219,128.02000427246094,2228000,ICE
2024-01-03,121.06358337402344,124.80999755859375,126.27999877929688,124.79000091552734,126.05999755859375,3102100,ICE
2024-01-04,121.84928131103516,125.62000274658203,126.51000213623047,124.36000061035156,124.8499984741211,2845500,ICE
2024-01-05,122.01416778564453,125.79000091552734,126.2300033569336,125.06999969482422,125.7699966430664,2061500,ICE
2024-01-08,124.5555419921875,128.41000366210938,128.5,126.94999694824219,127.16000366210938,3165500,ICE
2024-01-09,123.22665405273438,127.04000091552734,128.5,126.72000122070312,127.70999908447266,1835600,ICE
2024-01-10,123.8183364868164,127.6500015258789,127.69000244140625,126.18000030517578,127.22000122070312,1977000,ICE
2024-01-11,122.96473693847656,126.7699966430664,128.16000366210938,126.16999816894531,127.80000305175781,1723300,ICE
2024-01-12,123.1490478515625,126.95999908447266,127.88999938964844,126.63999938964844,127.30999755859375,1555000,ICE
2024-01-16,122.2469711303711,126.02999877929688,126.83999633789062,125.8499984741211,126.47000122070312,2289100,ICE
2024-01-17,122.052978515625,125.83000183105469,126.27999877929688,124.6500015258789,125.12999725341797,1535700,ICE
2024-01-18,122.8289566040039,126.62999725341797,126.76000213623047,125.38999938964844,125.7699966430664,2267300,ICE
2024-01-19,122.65435791015625,126.44999694824219,127.30999755859375,125.69000244140625,127.08999633789062,3047200,ICE
2024-01-22,123.4788589477539,127.30000305175781,127.79000091552734,126.72000122070312,126.80000305175781,1904600,ICE
2024-01-23,123.32363891601562,127.13999938964844,127.69999694824219,126.7699966430664,127.12999725341797,1543400,ICE
2024-01-24,123.22665405273438,127.04000091552734,127.58000183105469,126.3499984741211,127.58000183105469,2278600,ICE
2024-01-25,123.46915435791016,127.29000091552734,127.72000122070312,126.23999786376953,127.48999786376953,2043500,ICE
2024-01-26,123.44004821777344,127.26000213623047,127.63999938964844,126.3499984741211,127.08999633789062,1497800,ICE
2024-01-29,124.33242797851562,128.17999267578125,128.1999969482422,126.83999633789062,127.19000244140625,1934300,ICE
2024-01-30,125.14723205566406,129.02000427246094,129.39999389648438,128.02000427246094,128.22000122070312,1646900,ICE
2024-01-31,123.5079574584961,127.33000183105469,129.92999267578125,127.0,129.35000610351562,2406400,ICE
2024-02-01,125.83589172363281,129.72999572753906,129.86000061035156,127.06999969482422,127.06999969482422,2380800,ICE
2024-02-02,124.83683013916016,128.6999969482422,129.9600067138672,127.68000030517578,129.60000610351562,1810900,ICE
2024-02-05,122.94535827636719,126.75,127.98999786376953,126.5199966430664,127.98999786376953,2405500,ICE
2024-02-06,122.53797149658203,126.33000183105469,127.1500015258789,125.72000122070312,126.72000122070312,2901400,ICE
2024-02-07,124.23543548583984,128.0800018310547,128.2100067138672,126.36000061035156,126.62999725341797,2243800,ICE
2024-02-08,130.09413146972656,134.1199951171875,135.97999572753906,131.0,132.02999877929688,5492000,ICE
2024-02-09,131.42300415039062,135.49000549316406,135.74000549316406,132.9199981689453,134.50999450683594,4066600,ICE
2024-02-12,131.39393615722656,135.4600067138672,136.22000122070312,134.67999267578125,135.7899932861328,2099300,ICE
2024-02-13,130.37542724609375,134.41000366210938,135.35000610351562,133.66000366210938,134.02999877929688,3024700,ICE
2024-02-14,132.5579071044922,136.66000366210938,136.72999572753906,134.83999633789062,135.19000244140625,2125500,ICE
2024-02-15,132.78097534179688,136.88999938964844,137.9199981689453,136.67999267578125,136.92999267578125,2020300,ICE
2024-02-16,133.00405883789062,137.1199951171875,138.33999633789062,136.99000549316406,137.22999572753906,2084200,ICE
2024-02-20,132.33477783203125,136.42999267578125,137.14999389648438,135.94000244140625,136.22999572753906,2501500,ICE
2024-02-21,132.5869903564453,136.69000244140625,137.1199951171875,135.4199981689453,136.00999450683594,2585300,ICE
2024-02-22,135.1089324951172,139.2899932861328,139.99000549316406,137.5399932861328,138.2899932861328,2839900,ICE
2024-02-23,134.2262725830078,138.3800048828125,139.77999877929688,138.0500030517578,139.42999267578125,2174000,ICE
2024-02-26,133.77037048339844,137.91000366210938,138.92999267578125,137.82000732421875,138.4499969482422,2446600,ICE
2024-02-27,134.46876525878906,138.6300048828125,138.9499969482422,137.38999938964844,137.75999450683594,2023600,ICE
2024-02-28,134.67247009277344,138.83999633789062,139.69000244140625,138.4499969482422,138.6199951171875,1646300,ICE
2024-02-29,134.2650604248047,138.4199981689453,139.72999572753906,138.25,139.0,2873200,ICE
2024-03-01,134.41053771972656,138.57000732421875,138.74000549316406,137.22000122070312,138.07000732421875,1423700,ICE
2024-03-04,133.92556762695312,138.07000732421875,138.67999267578125,137.5,138.0500030517578,1859000,ICE
2024-03-05,135.2350616455078,139.4199981689453,139.8300018310547,137.8000030517578,137.8800048828125,2483700,ICE
2024-03-06,135.24473571777344,139.42999267578125,139.8000030517578,137.50999450683594,138.66000366210938,2030500,ICE
2024-03-07,134.68215942382812,138.85000610351562,140.42999267578125,138.33999633789062,140.0,2403100,ICE
2024-03-08,134.49786376953125,138.66000366210938,139.86000061035156,138.17999267578125,138.17999267578125,1316000,ICE
2024-03-11,132.8585968017578,136.97000122070312,137.50999450683594,135.0,136.50999450683594,2380900,ICE
2024-03-12,132.87799072265625,136.99000549316406,138.22000122070312,136.63999938964844,137.0500030517578,1893300,ICE
2024-03-13,133.3435821533203,137.47000122070312,137.7100067138672,136.74000549316406,136.97000122070312,2298700,ICE
2024-03-14,131.81568908691406,135.4499969482422,137.0399932861328,134.61000061035156,136.8800048828125,2359300,ICE
2024-03-15,131.0274200439453,134.63999938964844,135.9199981689453,134.1699981689453,134.2100067138672,6698300,ICE
2024-03-18,130.7938690185547,134.39999389648438,135.6300048828125,134.1699981689453,135.1199951171875,3721400,ICE
2024-03-19,131.86434936523438,135.5,136.50999450683594,134.42999267578125,134.52000427246094,4332400,ICE
2024-03-20,132.44825744628906,136.10000610351562,136.4199981689453,134.14999389648438,135.27000427246094,2243100,ICE
2024-03-21,134.39462280273438,138.10000610351562,138.63999938964844,135.92999267578125,136.3699951171875,2640900,ICE
2024-03-22,132.5747528076172,136.22999572753906,138.38999938964844,135.99000549316406,138.25,2024100,ICE
2024-03-25,132.16600036621094,135.80999755859375,136.36000061035156,135.25999450683594,136.0800018310547,1984500,ICE
2024-03-26,133.44088745117188,137.1199951171875,137.9499969482422,135.99000549316406,136.0800018310547,2555100,ICE
2024-03-27,133.30462646484375,136.97999572753906,138.47000122070312,136.0399932861328,138.16000366210938,2050500,ICE
2024-03-28,133.74256896972656,137.42999267578125,137.94000244140625,136.36000061035156,137.36000061035156,2596800,ICE
2024-04-01,133.35328674316406,137.02999877929688,137.97999572753906,136.22999572753906,137.66000366210938,1640500,ICE
2024-04-02,133.8107147216797,137.5,137.52999877929688,136.02000427246094,136.8699951171875,1834300,ICE
2024-04-03,133.70364379882812,137.38999938964844,138.16000366210938,136.66000366210938,137.3300018310547,2426600,ICE
2024-04-04,133.0321502685547,136.6999969482422,138.8699951171875,136.25,138.25,2744700,ICE
2024-04-05,134.17076110839844,137.8699951171875,137.97999572753906,136.05999755859375,136.74000549316406,2328200,ICE
2024-04-08,133.20733642578125,136.8800048828125,138.1999969482422,136.7899932861328,138.1999969482422,1980800,ICE
2024-04-09,131.4361572265625,135.05999755859375,137.75,134.5399932861328,137.42999267578125,2140000,ICE
2024-04-10,129.37306213378906,132.94000244140625,134.80999755859375,132.4499969482422,133.47999572753906,2151900,ICE
2024-04-11,129.89857482910156,133.47999572753906,134.3300018310547,132.33999633789062,132.97999572753906,2256600,ICE
2024-04-12,129.9666748046875,133.5500030517578,134.49000549316406,132.64999389648438,132.8000030517578,3255800,ICE
2024-04-15,127.03742980957031,130.5399932861328,134.85000610351562,130.16000366210938,134.80999755859375,2264800,ICE
2024-04-16,126.41461181640625,129.89999389648438,131.30999755859375,129.4600067138672,130.60000610351562,2637600,ICE
2024-04-17,127.23208618164062,130.74000549316406,132.0,130.0,132.0,2362400,ICE
2024-04-18,127.46563720703125,130.97999572753906,131.5,130.17999267578125,131.5,2015000,ICE
2024-04-19,127.68946075439453,131.2100067138672,131.77999877929688,130.24000549316406,131.3699951171875,2263400,ICE
2024-04-22,128.11764526367188,131.64999389648438,132.3699951171875,131.1199951171875,132.10000610351562,1877300,ICE
2024-04-23,128.77940368652344,132.3300018310547,132.47000122070312,131.39999389648438,132.0,2375900,ICE
2024-04-24,129.01296997070312,132.57000732421875,132.64999389648438,131.0399932861328,132.0,2498900,ICE
2024-04-25,128.28311157226562,131.82000732421875,132.0399932861328,130.42999267578125,131.9600067138672,1923000,ICE
2024-04-26,128.1663055419922,131.6999969482422,132.3000030517578,130.88999938964844,131.74000549316406,2406700,ICE
2024-04-29,127.27098083496094,130.77999877929688,132.8699951171875,130.52000427246094,131.64999389648438,1557900,ICE
2024-04-30,125.3051986694336,128.75999450683594,130.7100067138672,128.74000549316406,130.0500030517578,2304500,ICE
2024-05-01,125.22733306884766,128.67999267578125,130.47000122070312,128.4499969482422,128.8300018310547,3116700,ICE
2024-05-02,123.14476776123047,126.54000091552734,130.1999969482422,124.33999633789062,129.35000610351562,4364100,ICE
2024-05-03,126.9985122680664,130.5,131.67999267578125,127.80000305175781,127.80000305175781,3991200,ICE
2024-05-06,127.75758361816406,131.27999877929688,131.77999877929688,130.38999938964844,130.82000732421875,1738900,ICE
2024-05-07,130.1321258544922,133.72000122070312,133.7899932861328,131.60000610351562,132.22000122070312,2397900,ICE
2024-05-08,129.81097412109375,133.38999938964844,133.82000732421875,132.25,133.2899932861328,1405200,ICE
2024-05-09,131.32911682128906,134.9499969482422,135.0500030517578,133.10000610351562,133.39999389648438,1474200,ICE
2024-05-10,130.39488220214844,133.99000549316406,135.88999938964844,133.4499969482422,135.27999877929688,1933300,ICE
2024-05-13,130.15158081054688,133.74000549316406,134.99000549316406,133.55999755859375,134.39999389648438,1473800,ICE
2024-05-14,130.78411865234375,134.38999938964844,134.6199951171875,133.47000122070312,134.25,1415800,ICE
2024-05-15,134.17076110839844,137.8699951171875,138.1199951171875,134.88999938964844,134.88999938964844,2508500,ICE
2024-05-16,133.43116760253906,137.11000061035156,138.5,137.0399932861328,137.80999755859375,2205800,ICE
2024-05-17,134.68655395507812,138.39999389648438,138.4600067138672,137.00999450683594,137.80999755859375,2060700,ICE
2024-05-20,133.2754669189453,136.9499969482422,138.08999633789062,136.83999633789062,137.85000610351562,1418700,ICE
2024-05-21,133.58688354492188,137.27000427246094,137.5500030517578,136.61000061035156,137.14999389648438,1681700,ICE
2024-05-22,133.21707153320312,136.88999938964844,137.5,135.77000427246094,136.47999572753906,1295700,ICE
2024-05-23,131.7670135498047,135.39999389648438,137.57000732421875,134.82000732421875,137.57000732421875,1595900,ICE
2024-05-24,132.6818389892578,136.33999633789062,136.5500030517578,135.7100067138672,135.80999755859375,926100,ICE
2024-05-28,130.0931854248047,133.67999267578125,136.6199951171875,133.60000610351562,136.3699951171875,1815500,ICE
2024-05-29,128.40960693359375,131.9499969482422,132.9600067138672,131.8699951171875,132.7100067138672,1471400,ICE
2024-05-30,129.6649932861328,133.24000549316406,133.60000610351562,131.7899932861328,132.3300018310547,2844900,ICE
2024-05-31,130.3072967529297,133.89999389648438,134.32000732421875,132.9199981689453,133.3300018310547,2964500,ICE
2024-06-03,130.06398010253906,133.64999389648438,134.8300018310547,132.57000732421875,134.39999389648438,2043400,ICE
2024-06-04,131.14419555664062,134.75999450683594,135.30999755859375,132.91000366210938,133.16000366210938,2235100,ICE
2024-06-05,131.7086639404297,135.33999633789062,135.8000030517578,133.1999969482422,134.5,2259300,ICE
2024-06-06,131.2415008544922,134.86000061035156,135.64999389648438,134.32000732421875,135.6300048828125,1242800,ICE
2024-06-07,130.2002410888672,133.7899932861328,134.8000030517578,133.55999755859375,134.35000610351562,2843900,ICE
2024-06-10,130.2877960205078,133.8800048828125,134.41000366210938,133.07000732421875,133.5,2323000,ICE
2024-06-11,130.97877502441406,134.58999633789062,134.7100067138672,132.92999267578125,133.5800018310547,2427200,ICE
2024-06-12,132.3996124267578,136.0500030517578,137.32000732421875,135.99000549316406,136.36000061035156,3516400,ICE
2024-06-13,132.06761169433594,135.25999450683594,135.67999267578125,134.57000732421875,135.52999877929688,1971500,ICE
2024-06-14,132.46795654296875,135.6699981689453,135.83999633789062,134.0,134.67999267578125,1515300,ICE
2024-06-17,132.98541259765625,136.1999969482422,136.42999267578125,133.97000122070312,134.97999572753906,2077200,ICE
2024-06-18,133.16119384765625,136.3800048828125,136.92999267578125,135.4199981689453,136.2100067138672,3034600,ICE
2024-06-20,133.87396240234375,137.11000061035156,137.38999938964844,134.77999877929688,135.6300048828125,2286100,ICE
2024-06-21,134.58673095703125,137.83999633789062,137.97999572753906,136.0800018310547,136.9600067138672,4971200,ICE
2024-06-24,135.44595336914062,138.72000122070312,139.5500030517578,137.49000549316406,138.1199951171875,2368900,ICE
2024-06-25,134.08876037597656,137.3300018310547,139.08999633789062,136.6199951171875,138.66000366210938,2247100,ICE
2024-06-26,134.14736938476562,137.38999938964844,137.6999969482422,136.58999633789062,136.66000366210938,2389200,ICE
2024-06-27,134.22547912597656,137.47000122070312,137.6199951171875,136.60000610351562,137.2100067138672,2112300,ICE
2024-06-28,133.65916442871094,136.88999938964844,138.08999633789062,136.2100067138672,137.80999755859375,4067400,ICE
2024-07-01,133.69818115234375,136.92999267578125,138.6999969482422,136.25,138.64999389648438,2386100,ICE
2024-07-02,137.49639892578125,140.82000732421875,140.97999572753906,136.9600067138672,137.11000061035156,3321000,ICE
2024-07-03,137.828369140625,141.16000366210938,141.58999633789062,140.25,141.25,2070100,ICE
2024-07-05,137.46707153320312,140.7899932861328,141.16000366210938,139.61000061035156,141.16000366210938,2099900,ICE
2024-07-08,137.838134765625,141.1699981689453,142.19000244140625,140.83999633789062,141.1300048828125,2307400,ICE
2024-07-09,139.0977020263672,142.4600067138672,142.49000549316406,140.32000732421875,141.30999755859375,2368000,ICE
2024-07-10,141.00167846679688,144.41000366210938,144.47000122070312,142.77999877929688,143.0,2873900,ICE
2024-07-11,143.67697143554688,147.14999389648438,147.32000732421875,145.2100067138672,145.4499969482422,3340300,ICE
2024-07-12,144.89747619628906,148.39999389648438,149.44000244140625,147.5,147.72999572753906,3718900,ICE
2024-07-15,144.3311767578125,147.82000732421875,149.11000061035156,147.47999572753906,148.91000366210938,2950900,ICE
2024-07-16,145.40524291992188,148.9199981689453,149.35000610351562,147.61000061035156,148.0399932861328,3823600,ICE
2024-07-17,145.8836669921875,149.41000366210938,149.52000427246094,148.17999267578125,148.60000610351562,2794300,ICE
2024-07-18,144.2725830078125,147.75999450683594,149.60000610351562,147.4499969482422,149.08999633789062,3255500,ICE
2024-07-19,144.1945037841797,147.67999267578125,148.57000732421875,146.69000244140625,148.57000732421875,2584700,ICE
2024-07-22,145.71766662597656,149.24000549316406,149.47000122070312,147.75,147.75,2697300,ICE
2024-07-23,145.06349182128906,148.57000732421875,150.0,148.3800048828125,149.9199981689453,3545700,ICE
2024-07-24,144.02850341796875,147.50999450683594,149.0500030517578,147.17999267578125,148.25,2939500,ICE
2024-07-25,145.51263427734375,149.02999877929688,150.38999938964844,147.55999755859375,148.0,3164800,ICE
2024-07-26,147.43612670898438,151.0,151.72000122070312,149.55999755859375,149.75,2066900,ICE
2024-07-29,147.59237670898438,151.16000366210938,151.5,150.38999938964844,151.10000610351562,1186100,ICE
2024-07-30,147.7290496826172,151.3000030517578,152.3800048828125,151.14999389648438,151.36000061035156,2477800,ICE
2024-07-31,147.98292541503906,151.55999755859375,152.9600067138672,151.3000030517578,152.47999572753906,3890300,ICE
2024-08-01,147.43612670898438,151.0,153.27999877929688,148.3300018310547,150.27999877929688,4537000,ICE
2024-08-02,146.31326293945312,149.85000610351562,151.97000122070312,148.47000122070312,150.0,4482300,ICE
2024-08-05,145.26852416992188,148.77999877929688,152.38999938964844,146.6699981689453,152.38999938964844,4003300,ICE
2024-08-06,146.9576873779297,150.50999450683594,152.1300048828125,148.1699981689453,149.22000122070312,2949200,ICE
2024-08-07,147.55328369140625,151.1199951171875,152.6300048828125,150.77000427246094,151.50999450683594,3314700,ICE
2024-08-08,150.1309814453125,153.75999450683594,154.02000427246094,150.9499969482422,151.52999877929688,3647900,ICE
2024-08-09,150.44342041015625,154.0800018310547,154.3800048828125,152.8300018310547,153.72999572753906,2787400,ICE
2024-08-12,150.25791931152344,153.88999938964844,154.6300048828125,152.97999572753906,154.0,2829200,ICE
2024-08-13,151.00975036621094,154.66000366210938,155.16000366210938,152.8699951171875,154.60000610351562,3558200,ICE
2024-08-14,152.43527221679688,156.1199951171875,156.5399932861328,153.8000030517578,154.8699951171875,1994600,ICE
2024-08-15,151.82992553710938,155.5,157.17999267578125,154.52999877929688,156.7100067138672,2659700,ICE
2024-08-16,152.84536743164062,156.5399932861328,156.67999267578125,155.19000244140625,155.8699951171875,2004500,ICE
2024-08-19,153.5581512451172,157.27000427246094,157.49000549316406,156.22999572753906,156.5399932861328,1369300,ICE
2024-08-20,154.0268096923828,157.75,157.85000610351562,156.49000549316406,157.5,2029100,ICE
2024-08-21,154.37831115722656,158.11000061035156,158.4600067138672,156.9600067138672,157.75999450683594,2179700,ICE
2024-08-22,154.85675048828125,158.60000610351562,158.6999969482422,157.39999389648438,158.11000061035156,2288800,ICE
2024-08-23,156.2334747314453,160.00999450683594,160.25,158.8699951171875,158.97999572753906,2665200,ICE
2024-08-26,156.52638244628906,160.30999755859375,161.11000061035156,159.8699951171875,160.50999450683594,926000,ICE
2024-08-27,156.80955505371094,160.60000610351562,161.49000549316406,159.74000549316406,160.49000549316406,1344700,ICE
2024-08-28,156.97555541992188,160.77000427246094,161.97000122070312,160.2100067138672,160.8000030517578,2341500,ICE
2024-08-29,156.4385223388672,160.22000122070312,161.27999877929688,160.0800018310547,160.77000427246094,2119800,ICE
2024-08-30,157.73715209960938,161.5500030517578,161.75999450683594,159.9499969482422,160.47000122070312,3067700,ICE
2024-09-03,157.62973022460938,161.44000244140625,162.39999389648438,160.22000122070312,161.44000244140625,2556000,ICE
2024-09-04,158.5963592529297,162.42999267578125,162.75999450683594,161.19000244140625,161.6300048828125,2320700,ICE
2024-09-05,158.76234436035156,162.60000610351562,162.9199981689453,161.0500030517578,162.17999267578125,1905500,ICE
2024-09-06,156.7021484375,160.49000549316406,163.7100067138672,159.7100067138672,162.97000122070312,2902200,ICE
2024-09-09,157.88360595703125,161.6999969482422,162.8000030517578,160.9499969482422,161.42999267578125,3669100,ICE
2024-09-10,158.14720153808594,161.97000122070312,162.75999450683594,161.0,162.13999938964844,2008500,ICE
2024-09-11,156.21397399902344,159.99000549316406,161.52999877929688,157.8800048828125,161.27000427246094,3072500,ICE
2024-09-12,157.33682250976562,161.13999938964844,161.5500030517578,159.63999938964844,160.0500030517578,4332200,ICE
2024-09-13,157.55160522460938,161.36000061035156,161.6300048828125,160.6999969482422,161.32000732421875,2418700,ICE
2024-09-16,158.53074645996094,161.91000366210938,162.80999755859375,161.25,161.4600067138672,1681500,ICE
2024-09-17,159.4119415283203,162.80999755859375,163.27000427246094,161.7100067138672,161.7899932861328,2319400,ICE
2024-09-18,157.8551483154297,161.22000122070312,163.27000427246094,161.13999938964844,162.80999755859375,2917100,ICE
2024-09-19,155.55416870117188,158.8699951171875,162.38999938964844,157.9499969482422,162.17999267578125,4459100,ICE
2024-09-20,156.50393676757812,159.83999633789062,159.85000610351562,158.22999572753906,159.02000427246094,4843400,ICE
2024-09-23,156.6116180419922,159.9499969482422,160.97999572753906,159.39999389648438,159.83999633789062,1639300,ICE
2024-09-24,155.4366912841797,158.75,159.7899932861328,157.47999572753906,159.6300048828125,2826700,ICE
2024-09-25,156.1220703125,159.4499969482422,159.8000030517578,158.50999450683594,158.91000366210938,2827100,ICE
2024-09-26,154.81983947753906,158.1199951171875,160.32000732421875,157.85000610351562,159.57000732421875,3239900,ICE
2024-09-27,155.3094024658203,158.6199951171875,159.2899932861328,157.74000549316406,158.27000427246094,3329500,ICE
2024-09-30,157.28726196289062,160.63999938964844,160.77999877929688,158.22000122070312,158.9499969482422,1760300,ICE
2024-10-01,157.77682495117188,161.13999938964844,162.1199951171875,159.32000732421875,161.07000732421875,3076900,ICE
2024-10-02,157.56141662597656,160.9199981689453,161.14999389648438,159.6199951171875,160.52000427246094,1982900,ICE
2024-10-03,159.8525390625,163.25999450683594,163.35000610351562,160.67999267578125,161.13999938964844,2585800,ICE
2024-10-04,159.36300659179688,162.75999450683594,164.17999267578125,162.47999572753906,163.57000732421875,2233000,ICE
2024-10-07,156.210205078125,159.5399932861328,162.5399932861328,159.22999572753906,162.22000122070312,2688600,ICE
2024-10-08,158.7069549560547,162.08999633789062,162.25,160.38999938964844,160.94000244140625,2006500,ICE
2024-10-09,158.36427307128906,161.74000549316406,162.85000610351562,161.6999969482422,162.0,1808500,ICE
2024-10-10,157.2970428466797,160.64999389648438,161.94000244140625,159.80999755859375,161.6699981689453,1734600,ICE
2024-10-11,159.17697143554688,162.57000732421875,162.82000732421875,160.72999572753906,161.38999938964844,2609400,ICE
2024-10-14,160.94920349121094,164.3800048828125,164.75,162.27999877929688,162.47999572753906,2743000,ICE
2024-10-15,161.73248291015625,165.17999267578125,167.22999572753906,164.91000366210938,165.91000366210938,2621800,ICE
2024-10-16,161.6835479736328,165.1300048828125,165.3300018310547,163.32000732421875,164.19000244140625,1735500,ICE
2024-10-17,161.37022399902344,164.80999755859375,166.2899932861328,164.7899932861328,166.19000244140625,2145600,ICE
2024-10-18,163.34805297851562,166.8300018310547,167.05999755859375,164.39999389648438,165.0,2310800,ICE
2024-10-21,162.8682861328125,166.33999633789062,166.6300048828125,165.58999633789062,165.72999572753906,2354300,ICE
2024-10-22,162.4766387939453,165.94000244140625,166.6699981689453,165.0,165.25,2120800,ICE
2024-10-23,161.55624389648438,165.0,166.02999877929688,163.97000122070312,165.6199951171875,4461800,ICE
2024-10-24,163.41661071777344,166.89999389648438,167.5500030517578,164.77999877929688,165.2899932861328,4889900,ICE
2024-10-25,161.85980224609375,165.30999755859375,167.63999938964844,165.22999572753906,167.27000427246094,2994100,ICE
2024-10-28,162.9661865234375,166.44000244140625,166.9499969482422,165.75999450683594,166.3800048828125,2708600,ICE
2024-10-29,163.2403564453125,166.72000122070312,167.16000366210938,165.57000732421875,165.6199951171875,3430500,ICE
2024-10-30,163.0543212890625,166.52999877929688,167.99000549316406,166.3800048828125,166.75999450683594,2726300,ICE
2024-10-31,152.61679077148438,155.8699951171875,159.58999633789062,153.9499969482422,159.32000732421875,8152800,ICE
2024-11-01,151.41246032714844,154.63999938964844,156.36000061035156,153.1999969482422,153.47999572753906,4510300,ICE
2024-11-04,151.26564025878906,154.49000549316406,156.07000732421875,154.0399932861328,155.50999450683594,2540800,ICE
2024-11-05,154.5554962158203,157.85000610351562,157.91000366210938,154.6999969482422,154.8699951171875,2192000,ICE
2024-11-06,152.53846740722656,155.7899932861328,160.61000061035156,152.32000732421875,160.25999450683594,6013200,ICE
2024-11-07,152.851806640625,156.11000061035156,156.4600067138672,155.16000366210938,156.05999755859375,2431800,ICE
2024-11-08,153.15530395507812,156.4199981689453,159.0399932861328,156.39999389648438,157.52000427246094,4946600,ICE
2024-11-11,153.8015594482422,157.0800018310547,159.80999755859375,156.67999267578125,158.77999877929688,3079900,ICE
2024-11-12,152.80284118652344,156.05999755859375,157.67999267578125,155.9199981689453,157.67999267578125,2047500,ICE
2024-11-13,152.58740234375,155.83999633789062,157.10000610351562,155.5,156.8300018310547,2040000,ICE
2024-11-14,153.2042999267578,156.47000122070312,157.66000366210938,155.52000427246094,155.64999389648438,2550100,ICE
2024-11-15,152.30349731445312,155.5500030517578,156.9600067138672,155.1300048828125,155.7899932861328,2795400,ICE
2024-11-18,154.39883422851562,157.69000244140625,157.77999877929688,154.85000610351562,154.99000549316406,3973900,ICE
2024-11-19,154.6337890625,157.92999267578125,158.5800018310547,156.75999450683594,157.55999755859375,2847500,ICE
2024-11-20,152.5188751220703,155.77000427246094,158.2899932861328,155.1999969482422,158.0500030517578,1867700,ICE
2024-11-21,155.0450439453125,158.35000610351562,159.0399932861328,155.50999450683594,156.6999969482422,2514300,ICE
2024-11-22,155.9654083251953,159.2899932861328,159.3699951171875,158.02000427246094,158.3699951171875,2080100,ICE
2024-11-25,156.29833984375,159.6300048828125,160.38999938964844,158.7899932861328,160.0,3062700,ICE
2024-11-26,157.140380859375,160.49000549316406,161.4600067138672,158.8800048828125,159.7100067138672,3463800,ICE
2024-11-27,157.8257598876953,161.19000244140625,161.99000549316406,159.99000549316406,160.8000030517578,2481600,ICE
2024-11-29,157.60055541992188,160.9600067138672,161.92999267578125,160.52999877929688,161.92999267578125,1439500,ICE
2024-12-02,154.98629760742188,158.2899932861328,160.61000061035156,157.33999633789062,160.42999267578125,4154200,ICE
2024-12-03,152.99867248535156,156.25999450683594,158.64999389648438,156.0,158.64999389648438,2908500,ICE
2024-12-04,152.84201049804688,156.10000610351562,156.8699951171875,155.32000732421875,155.7100067138672,3249100,ICE
2024-12-05,153.10635375976562,156.3699951171875,157.41000366210938,155.58999633789062,156.4600067138672,4459600,ICE
2024-12-06,152.67555236816406,155.92999267578125,157.63999938964844,155.52000427246094,157.08999633789062,3274900,ICE
2024-12-09,152.81265258789062,156.07000732421875,156.7899932861328,155.6999969482422,156.17999267578125,3750300,ICE
2024-12-10,155.10379028320312,158.41000366210938,158.75999450683594,155.77000427246094,156.0800018310547,3232300,ICE
2024-12-11,154.8785858154297,158.17999267578125,159.80999755859375,157.6199951171875,158.67999267578125,3249200,ICE
2024-12-12,153.28260803222656,156.5500030517578,158.91000366210938,156.3300018310547,158.52999877929688,2007100,ICE
2024-12-13,152.33285522460938,155.5800018310547,157.41000366210938,155.42999267578125,156.69000244140625,2411600,ICE
2024-12-16,151.79275512695312,154.5800018310547,155.77999877929688,154.36000061035156,155.52999877929688,2331500,ICE
2024-12-17,150.0350341796875,152.7899932861328,154.2899932861328,152.5800018310547,154.11000061035156,3634100,ICE
2024-12-18,146.902587890625,149.60000610351562,154.38999938964844,149.52999877929688,152.99000549316406,4571900,ICE
2024-12-19,145.61618041992188,148.2899932861328,151.1699981689453,148.05999755859375,150.0,4870500,ICE
2024-12-20,147.59976196289062,150.30999755859375,151.33999633789062,148.0,148.35000610351562,6446800,ICE
2024-12-23,147.4524688720703,150.16000366210938,150.4199981689453,148.77000427246094,149.38999938964844,2853800,ICE
2024-12-24,147.74705505371094,150.4600067138672,150.57000732421875,149.60000610351562,150.16000366210938,1084600,ICE
2024-12-26,148.2969512939453,151.02000427246094,151.3699951171875,149.1999969482422,149.1999969482422,1168100,ICE
2024-12-27,147.6095733642578,150.32000732421875,151.35000610351562,149.52999877929688,149.8800048828125,1212400,ICE
2024-12-30,146.6767120361328,149.3699951171875,149.9499969482422,148.35000610351562,149.16000366210938,2444000,ICE
2024-12-31,146.3231964111328,149.00999450683594,150.0,148.52000427246094,149.57000732421875,1562100,ICE
2025-01-02,146.64723205566406,149.33999633789062,150.14999389648438,148.4600067138672,150.0399932861328,1921600,ICE
2025-01-03,147.1382293701172,149.83999633789062,150.0,148.72999572753906,149.3800048828125,1227600,ICE
2025-01-06,143.93701171875,146.5800018310547,149.1699981689453,145.8800048828125,148.9199981689453,3742900,ICE
2025-01-07,143.799560546875,146.44000244140625,147.38999938964844,145.61000061035156,146.5800018310547,3135700,ICE
2025-01-08,143.92721557617188,146.57000732421875,146.6199951171875,143.8300018310547,144.92999267578125,3719000,ICE
2025-01-10,140.2251739501953,142.8000030517578,145.47999572753906,142.4499969482422,144.7899932861328,3979400,ICE
2025-01-13,141.29551696777344,143.88999938964844,143.94000244140625,142.2899932861328,142.41000366210938,3358000,ICE
2025-01-14,142.6309814453125,145.25,145.66000366210938,144.10000610351562,144.66000366210938,3229600,ICE
2025-01-15,145.56710815429688,148.24000549316406,148.7100067138672,146.38999938964844,147.72999572753906,5105100,ICE
2025-01-16,147.52120971679688,150.22999572753906,150.25,148.0,148.4199981689453,2823400,ICE
2025-01-17,146.42138671875,149.11000061035156,151.07000732421875,148.94000244140625,150.8800048828125,3364600,ICE
2025-01-21,148.9843292236328,151.72000122070312,151.8000030517578,149.61000061035156,149.74000549316406,4420600,ICE
2025-01-22,151.39016723632812,154.1699981689453,154.8000030517578,151.3000030517578,151.8699951171875,4981200,ICE
2025-01-23,154.8368682861328,157.67999267578125,158.6300048828125,153.2899932861328,153.88999938964844,3989100,ICE
2025-01-24,154.63067626953125,157.47000122070312,157.9499969482422,156.69000244140625,157.11000061035156,1944800,ICE
2025-01-27,157.93006896972656,160.8300018310547,160.91000366210938,157.2899932861328,157.44000244140625,3136300,ICE
2025-01-28,155.9759521484375,158.83999633789062,160.41000366210938,158.0,160.30999755859375,2532300,ICE
2025-01-29,154.38516235351562,157.22000122070312,158.86000061035156,156.94000244140625,158.5800018310547,2592800,ICE
2025-01-30,156.5651397705078,159.44000244140625,160.77999877929688,157.42999267578125,158.13999938964844,1941700,ICE
2025-01-31,156.94810485839844,159.8300018310547,161.17999267578125,158.5500030517578,159.1999969482422,2624000,ICE
2025-02-03,157.49801635742188,160.38999938964844,160.88999938964844,157.22000122070312,158.83999633789062,1986600,ICE
2025-02-04,156.4473114013672,159.32000732421875,160.8800048828125,159.16000366210938,159.60000610351562,2472400,ICE
2025-02-05,157.80242919921875,160.6999969482422,161.63999938964844,159.61000061035156,160.85000610351562,2971600,ICE
2025-02-06,164.6565704345703,167.67999267578125,169.75,164.0,165.52999877929688,4423800,ICE
2025-02-07,163.82188415527344,166.8300018310547,167.8699951171875,164.13999938964844,166.47000122070312,3072900,ICE
2025-02-10,164.10667419433594,167.1199951171875,167.75,165.77000427246094,167.30999755859375,3650200,ICE
2025-02-11,163.92991638183594,166.94000244140625,167.07000732421875,165.10000610351562,166.72000122070312,2168800,ICE
2025-02-12,163.55674743652344,166.55999755859375,166.86000061035156,164.33999633789062,165.75999450683594,2557500,ICE
2025-02-13,165.530517578125,168.57000732421875,169.0399932861328,167.02999877929688,167.3699951171875,1853600,ICE
2025-02-14,163.70404052734375,166.7100067138672,169.77999877929688,166.67999267578125,169.77999877929688,1776100,ICE
2025-02-18,163.4978485107422,166.5,167.08999633789062,165.33999633789062,166.83999633789062,2230000,ICE
2025-02-19,163.94955444335938,166.9600067138672,167.57000732421875,166.0399932861328,166.91000366210938,2505500,ICE
2025-02-20,163.78260803222656,166.7899932861328,167.47999572753906,165.8300018310547,167.0,1643400,ICE
2025-02-21,164.8431396484375,167.8699951171875,168.49000549316406,166.33999633789062,166.72999572753906,2853100,ICE
2025-02-24,165.3832244873047,168.4199981689453,169.88999938964844,167.3000030517578,168.4199981689453,3467500,ICE
2025-02-25,168.1229248046875,171.2100067138672,171.61000061035156,168.9499969482422,169.13999938964844,3456400,ICE
2025-02-26,168.08363342285156,171.1699981689453,172.6300048828125,170.14999389648438,170.57000732421875,3256000,ICE
2025-02-27,167.7595672607422,170.83999633789062,173.52000427246094,170.3800048828125,171.1699981689453,2805700,ICE
2025-02-28,170.1064910888672,173.22999572753906,173.5399932861328,170.6699981689453,170.9499969482422,5508600,ICE
2025-03-03,170.0770263671875,173.1999969482422,175.41000366210938,172.3300018310547,172.91000366210938,3658500,ICE
2025-03-04,166.7874298095703,169.85000610351562,174.16000366210938,169.72000122070312,173.17999267578125,3034200,ICE
2025-03-05,168.5157012939453,171.61000061035156,171.9600067138672,169.35000610351562,170.0,3216500,ICE
2025-03-06,166.59104919433594,169.64999389648438,171.00999450683594,168.27000427246094,169.8000030517578,3104700,ICE
2025-03-07,167.17039489746094,170.24000549316406,170.75,167.61000061035156,169.35000610351562,3541800,ICE
2025-03-10,166.10003662109375,169.14999389648438,171.5500030517578,167.6699981689453,169.92999267578125,4806200,ICE
2025-03-11,165.32431030273438,168.36000061035156,170.35000610351562,168.1999969482422,169.0399932861328,3855700,ICE
2025-03-12,165.972412109375,169.02000427246094,169.94000244140625,167.6199951171875,169.13999938964844,4066800,ICE
2025-03-13,166.09024047851562,169.13999938964844,171.07000732421875,168.5800018310547,169.0800018310547,2919100,ICE
2025-03-14,167.97561645507812,171.05999755859375,171.4499969482422,168.8800048828125,169.8800048828125,3018600,ICE
2025-03-17,170.18142700195312,172.82000732421875,173.6699981689453,170.1199951171875,170.92999267578125,2483400,ICE
2025-03-18,170.20111083984375,172.83999633789062,173.72999572753906,171.9499969482422,173.07000732421875,2995100,ICE
2025-03-19,171.0381317138672,173.69000244140625,174.52000427246094,172.1699981689453,173.16000366210938,2609300,ICE
2025-03-20,172.90911865234375,175.58999633789062,175.89999389648438,173.00999450683594,173.1300048828125,2746700,ICE
2025-03-21,171.72744750976562,174.38999938964844,175.99000549316406,173.10000610351562,175.6699981689453,4717100,ICE
2025-03-24,172.5742950439453,175.25,176.16000366210938,174.16000366210938,174.32000732421875,2982400,ICE
2025-03-25,172.94850158691406,175.6300048828125,176.49000549316406,174.47999572753906,176.14999389648438,2777100,ICE
2025-03-26,173.07652282714844,175.75999450683594,176.82000732421875,174.99000549316406,175.92999267578125,2575200,ICE
2025-03-27,173.66737365722656,176.36000061035156,177.4499969482422,175.1199951171875,175.91000366210938,2946000,ICE
2025-03-28,172.04257202148438,174.7100067138672,177.02000427246094,174.47999572753906,176.1300048828125,3199200,ICE
2025-03-31,169.8662872314453,172.5,173.5399932861328,171.2899932861328,172.82000732421875,6282800,ICE
2025-04-01,168.87171936035156,171.49000549316406,172.7100067138672,170.58999633789062,171.8000030517578,3877200,ICE
2025-04-02,167.83773803710938,170.44000244140625,172.0,169.61000061035156,170.19000244140625,6613000,ICE
2025-04-03,165.00172424316406,167.55999755859375,172.57000732421875,167.27999877929688,169.22000122070312,6043400,ICE
2025-04-04,154.34693908691406,156.74000549316406,166.50999450683594,156.5500030517578,165.39999389648438,6340400,ICE
2025-04-07,152.28880310058594,154.64999389648438,159.49000549316406,150.47000122070312,152.3300018310547,6950500,ICE
2025-04-08,149.30508422851562,151.6199951171875,158.7899932861328,149.4600067138672,158.5399932861328,6466300,ICE
2025-04-09,154.41583251953125,156.80999755859375,157.27000427246094,147.24000549316406,150.86000061035156,7429300,ICE
2025-04-10,152.82057189941406,155.19000244140625,157.00999450683594,150.82000732421875,156.1999969482422,4719200,ICE
2025-04-11,153.5295867919922,155.91000366210938,156.80999755859375,152.25999450683594,154.6199951171875,2786500,ICE
2025-04-14,157.35035705566406,159.7899932861328,160.2899932861328,157.1999969482422,158.27999877929688,2946400,ICE
2025-04-15,157.5078887939453,159.9499969482422,160.99000549316406,157.99000549316406,160.52999877929688,2675600,ICE
2025-04-16,156.02096557617188,158.44000244140625,160.3699951171875,157.36000061035156,159.83999633789062,2628900,ICE
2025-04-17,156.21791076660156,158.63999938964844,160.80999755859375,158.0500030517578,159.4499969482422,2742700,ICE
2025-04-21,152.66302490234375,155.02999877929688,157.82000732421875,153.1300048828125,157.4199981689453,2815000,ICE
2025-04-22,158.22674560546875,160.67999267578125,160.97000122070312,156.52999877929688,156.52999877929688,2909600,ICE
2025-04-23,158.5320281982422,160.99000549316406,163.14999389648438,159.4600067138672,162.10000610351562,2876100,ICE
2025-04-24,160.49163818359375,162.97999572753906,163.3000030517578,160.00999450683594,161.07000732421875,1559700,ICE
2025-04-25,160.73782348632812,163.22999572753906,163.6300048828125,161.61000061035156,162.44000244140625,1642800,ICE
2025-04-28,160.9840087890625,163.47999572753906,164.3800048828125,162.2899932861328,163.3000030517578,2337500,ICE
2025-04-29,163.79049682617188,166.3300018310547,166.6199951171875,163.41000366210938,163.47000122070312,2114600,ICE
2025-04-30,165.4054718017578,167.97000122070312,168.77999877929688,164.5500030517578,166.0500030517578,3672000,ICE
2025-05-01,168.23162841796875,170.83999633789062,172.30999755859375,162.94000244140625,166.24000549316406,4008900,ICE
2025-05-02,170.80178833007812,173.4499969482422,174.5,171.22999572753906,173.08999633789062,2921400,ICE
2025-05-05,171.32369995117188,173.97999572753906,175.1699981689453,172.58999633789062,173.72000122070312,2239100,ICE
2025-05-06,172.51524353027344,175.19000244140625,176.2100067138672,172.9600067138672,172.9600067138672,2744300,ICE
2025-05-07,173.83477783203125,176.52999877929688,177.02000427246094,174.52000427246094,174.97999572753906,2025800,ICE
2025-05-08,173.7756805419922,176.47000122070312,178.8000030517578,176.39999389648438,177.19000244140625,4378300,ICE
2025-05-09,175.60728454589844,178.3300018310547,179.44000244140625,176.77999877929688,176.8800048828125,3313500,ICE
2025-05-12,170.7919464111328,173.44000244140625,178.9199981689453,170.5800018310547,178.9199981689453,4617700,ICE
2025-05-13,170.20111083984375,172.83999633789062,174.8000030517578,172.77999877929688,173.52000427246094,2122900,ICE
2025-05-14,169.31484985351562,171.94000244140625,174.0,170.9199981689453,173.0800018310547,4025800,ICE
2025-05-15,172.180419921875,174.85000610351562,175.22000122070312,171.86000061035156,172.22999572753906,2563600,ICE
2025-05-16,173.5590362548828,176.25,176.25999450683594,173.82000732421875,175.5500030517578,2330900,ICE
2025-05-19,174.05140686035156,176.75,177.41000366210938,174.55999755859375,175.0,2731500,ICE
2025-05-20,173.5984344482422,176.2899932861328,177.3800048828125,175.5399932861328,175.89999389648438,2150800,ICE
2025-05-21,172.0524139404297,174.72000122070312,177.1699981689453,174.19000244140625,175.85000610351562,4479600,ICE
2025-05-22,171.34339904785156,174.0,175.4199981689453,173.57000732421875,174.52000427246094,2896200,ICE
2025-05-23,173.4310302734375,176.1199951171875,176.7899932861328,172.91000366210938,173.5,2248100,ICE
2025-05-27,175.81407165527344,178.5399932861328,178.9600067138672,176.5500030517578,177.11000061035156,2831500,ICE
2025-05-28,175.08538818359375,177.8000030517578,178.63999938964844,177.5800018310547,177.6199951171875,2297700,ICE
2025-05-29,175.80422973632812,178.52999877929688,178.7899932861328,176.8699951171875,177.75999450683594,1789700,ICE
2025-05-30,177.0548553466797,179.8000030517578,180.63999938964844,178.00999450683594,178.4499969482422,5439100,ICE
2025-06-02,177.56690979003906,180.32000732421875,180.33999633789062,177.6699981689453,178.75,1854700,ICE
2025-06-03,176.6018524169922,179.33999633789062,180.88999938964844,177.8000030517578,180.24000549316406,2387700,ICE
2025-06-04,176.3950653076172,179.1300048828125,179.9499969482422,177.92999267578125,179.7899932861328,1869900,ICE
2025-06-05,175.83377075195312,178.55999755859375,179.67999267578125,177.66000366210938,179.57000732421875,2438400,ICE
2025-06-06,175.95193481445312,178.67999267578125,178.8800048828125,177.36000061035156,178.1999969482422,3245200,ICE
2025-06-09,173.28330993652344,175.97000122070312,178.8300018310547,174.7899932861328,177.8000030517578,2776000,ICE
2025-06-10,172.85003662109375,175.52999877929688,176.33999633789062,174.74000549316406,176.0,1898200,ICE
2025-06-11,174.7899627685547,177.5,177.55999755859375,174.9499969482422,176.00999450683594,1677200,ICE
2025-06-12,176.34585571289062,179.0800018310547,179.13999938964844,176.99000549316406,177.00999450683594,1841500,ICE
2025-06-13,176.1878662109375,178.44000244140625,179.9499969482422,177.4499969482422,179.0800018310547,2500300,ICE
2025-06-16,177.53070068359375,179.8000030517578,181.6300048828125,179.0,179.57000732421875,2150700,ICE
2025-06-17,178.7056884765625,180.99000549316406,181.64999389648438,178.72000122070312,179.1999969482422,3230500,ICE
2025-06-18,177.49119567871094,179.75999450683594,181.3300018310547,179.50999450683594,180.99000549316406,2055300,ICE
2025-06-20,176.177978515625,178.42999267578125,180.89999389648438,177.47000122070312,179.00999450683594,3910100,ICE
2025-06-23,177.46156311035156,179.72999572753906,179.9600067138672,178.1999969482422,178.85000610351562,2017400,ICE
2025-06-24,178.56744384765625,180.85000610351562,181.30999755859375,178.4600067138672,180.38999938964844,2101700,ICE
2025-06-25,178.25146484375,180.52999877929688,181.4499969482422,179.63999938964844,180.30999755859375,1560700,ICE
2025-06-26,178.51808166503906,180.8000030517578,181.6199951171875,180.22000122070312,181.02999877929688,1504500,ICE
2025-06-27,179.4560546875,181.75,182.61000061035156,180.4199981689453,180.7100067138672,2137100,ICE
2025-06-30,181.1543731689453,183.47000122070312,183.75999450683594,181.36000061035156,181.9600067138672,3214000,ICE
2025-07-01,179.56468200683594,181.86000061035156,183.72999572753906,179.30999755859375,183.3000030517578,2223700,ICE
2025-07-02,179.4462127685547,181.74000549316406,181.86000061035156,179.60000610351562,181.10000610351562,1631100,ICE
2025-07-03,180.7989044189453,183.11000061035156,183.11000061035156,181.7899932861328,182.0,1082800,ICE
2025-07-07,180.77914428710938,183.08999633789062,183.99000549316406,181.7100067138672,183.3800048828125,1634700,ICE
2025-07-08,178.69580078125,180.97999572753906,183.0,180.61000061035156,182.30999755859375,1950300,ICE
2025-07-09,179.8609161376953,182.16000366210938,182.19000244140625,178.72999572753906,180.61000061035156,1789000,ICE
2025-07-10,179.52520751953125,181.82000732421875,182.85000610351562,180.6300048828125,181.8300018310547,1894300,ICE
2025-07-11,178.23171997070312,180.50999450683594,182.05999755859375,180.17999267578125,181.1999969482422,1576900,ICE
2025-07-14,179.52520751953125,181.82000732421875,182.39999389648438,179.66000366210938,180.3800048828125,1773000,ICE
2025-07-15,177.52081298828125,179.7899932861328,181.82000732421875,179.27999877929688,181.61000061035156,1513000,ICE
2025-07-16,178.51808166503906,180.8000030517578,181.22000122070312,179.00999450683594,180.1999969482422,1629600,ICE
2025-07-17,179.64369201660156,181.94000244140625,182.14999389648438,180.0,180.3300018310547,1806800,ICE
2025-07-18,178.4390869140625,180.72000122070312,182.66000366210938,180.35000610351562,181.99000549316406,2483000,ICE
2025-07-21,178.5279541015625,180.80999755859375,182.16000366210938,180.44000244140625,180.89999389648438,1757900,ICE
2025-07-22,178.51808166503906,180.8000030517578,181.13999938964844,179.6199951171875,180.6300048828125,1952700,ICE
2025-07-23,178.71556091308594,181.0,181.58999633789062,179.72999572753906,180.6300048828125,1994100,ICE
2025-07-24,181.26296997070312,183.5800018310547,184.02999877929688,180.4199981689453,181.4199981689453,2981200,ICE
2025-07-25,182.1121368408203,184.44000244140625,185.3000030517578,183.25999450683594,183.30999755859375,2588800,ICE
2025-07-28,180.48294067382812,182.7899932861328,184.66000366210938,182.42999267578125,184.0,2353400,ICE
2025-07-29,182.37872314453125,184.7100067138672,184.85000610351562,183.10000610351562,183.94000244140625,3035700,ICE
2025-07-30,183.39572143554688,185.74000549316406,187.3800048828125,184.3699951171875,184.9499969482422,3507700,ICE
2025-07-31,182.4971923828125,184.8300018310547,187.3800048828125,182.6999969482422,185.74000549316406,4429300,ICE
2025-08-01,182.2700958251953,184.60000610351562,185.2100067138672,182.0,182.11000061035156,3795800,ICE
2025-08-04,186.07151794433594,188.4499969482422,188.58999633789062,184.8300018310547,185.36000061035156,3777300,ICE
2025-08-05,185.0347442626953,187.39999389648438,189.22999572753906,186.72000122070312,189.16000366210938,2929400,ICE
2025-08-06,185.67657470703125,188.0500030517578,188.5399932861328,186.7899932861328,187.83999633789062,2690500,ICE
2025-08-07,185.64694213867188,188.02000427246094,188.97999572753906,187.2899932861328,188.4499969482422,2697700,ICE
2025-08-08,184.04739379882812,186.39999389648438,189.35000610351562,186.3800048828125,188.5500030517578,2783600,ICE
2025-08-11,183.58331298828125,185.92999267578125,187.08999633789062,184.67999267578125,186.39999389648438,2036900,ICE
2025-08-12,180.43359375,182.74000549316406,186.1999969482422,181.47999572753906,186.1999969482422,3849100,ICE
2025-08-13,179.12037658691406,181.41000366210938,183.64999389648438,180.2100067138672,183.64999389648438,3723300,ICE
2025-08-14,180.37432861328125,182.67999267578125,183.1300048828125,180.97000122070312,181.61000061035156,6079900,ICE
2025-08-15,178.91302490234375,181.1999969482422,182.86000061035156,180.8000030517578,182.4199981689453,2840900,ICE
2025-08-18,175.6941680908203,177.94000244140625,181.4499969482422,177.94000244140625,180.94000244140625,3606100,ICE
2025-08-19,176.02001953125,178.27000427246094,178.6699981689453,177.07000732421875,178.1300048828125,2586500,ICE
2025-08-20,179.01174926757812,181.3000030517578,181.72000122070312,177.9600067138672,178.4499969482422,2921700,ICE
2025-08-21,176.96788024902344,179.22999572753906,180.91000366210938,178.6999969482422,180.5,1973600,ICE
2025-08-22,178.38970947265625,180.6699981689453,180.9600067138672,179.25,179.75999450683594,2247800,ICE
2025-08-25,176.8790283203125,179.13999938964844,181.64999389648438,179.05999755859375,180.74000549316406,3101800,ICE
2025-08-26,176.4840850830078,178.74000549316406,178.88999938964844,177.75,178.3300018310547,2578900,ICE
2025-08-27,175.062255859375,177.3000030517578,179.1999969482422,177.27000427246094,178.33999633789062,1933700,ICE
2025-08-28,174.90426635742188,177.13999938964844,177.6999969482422,176.11000061035156,177.02000427246094,2170900,ICE
2025-08-29,174.37107849121094,176.60000610351562,177.75999450683594,176.1300048828125,177.00999450683594,1775500,ICE
2025-09-02,172.88014221191406,175.08999633789062,177.0,173.66000366210938,175.55999755859375,3226400,ICE
2025-09-03,172.9196319580078,175.1300048828125,175.4600067138672,173.77000427246094,174.7100067138672,1903000,ICE
2025-09-04,172.3173370361328,174.52000427246094,176.0500030517578,173.22000122070312,175.91000366210938,2950100,ICE
2025-09-05,172.07049560546875,174.27000427246094,175.13999938964844,172.88999938964844,175.13999938964844,3104200,ICE
2025-09-08,171.69528198242188,173.88999938964844,174.13999938964844,172.0,173.38999938964844,2322600,ICE
2025-09-09,171.27072143554688,173.4600067138672,174.7899932861328,173.0399932861328,173.6699981689453,3466700,ICE
2025-09-10,170.0562286376953,172.22999572753906,173.99000549316406,171.3300018310547,173.5,2381000,ICE
2025-09-11,173.94650268554688,176.1699981689453,176.39999389648438,172.33999633789062,172.75,2697600,ICE
2025-09-12,171.77427673339844,173.97000122070312,176.58999633789062,173.0800018310547,175.6199951171875,2300500,ICE
2025-09-15,170.0562286376953,172.22999572753906,174.3699951171875,171.83999633789062,174.16000366210938,2669700,ICE
2025-09-16,169.70968627929688,171.39999389648438,171.8699951171875,170.25,171.57000732421875,3179400,ICE
2025-09-17,170.5513153076172,172.25,173.10000610351562,171.0500030517578,171.8300018310547,2443000,ICE
2025-09-18,169.44235229492188,171.1300048828125,173.3000030517578,169.91000366210938,172.1699981689453,5990200,ICE
2025-09-19,168.0957489013672,169.77000427246094,171.52999877929688,168.94000244140625,171.10000610351562,4806500,ICE
2025-09-22,168.4423065185547,170.1199951171875,170.38999938964844,168.2899932861328,169.5800018310547,4257400,ICE
2025-09-23,166.4323272705078,168.08999633789062,170.82000732421875,167.5,170.13999938964844,2586600,ICE
2025-09-24,166.39273071289062,168.0500030517578,168.4499969482422,166.5800018310547,167.52999877929688,3771900,ICE
2025-09-25,165.63031005859375,167.27999877929688,167.8300018310547,165.4499969482422,167.05999755859375,2977400,ICE
2025-09-26,166.0758819580078,167.72999572753906,169.0500030517578,167.5399932861328,168.02999877929688,2564900,ICE
2025-09-29,166.33331298828125,167.99000549316406,168.83999633789062,166.8300018310547,168.25,2661000,ICE
2025-09-30,166.8184814453125,168.47999572753906,169.1999969482422,167.5500030517578,167.88999938964844,2801300,ICE
2025-10-01,161.0360870361328,162.63999938964844,167.2100067138672,162.32000732421875,167.2100067138672,4121600,ICE
2025-10-02,159.3924560546875,160.97999572753906,162.5,160.6999969482422,162.0500030517578,3335900,ICE
2025-10-03,161.0162811279297,162.6199951171875,162.9499969482422,160.25,160.74000549316406,2910800,ICE
2025-10-06,157.4913787841797,159.05999755859375,162.6699981689453,158.22999572753906,162.07000732421875,3908100,ICE
2025-10-07,160.38258361816406,161.97999572753906,162.8300018310547,159.1699981689453,161.47000122070312,5758300,ICE
2025-10-08,157.79832458496094,159.3699951171875,162.69000244140625,156.44000244140625,162.69000244140625,5054400,ICE
2025-10-09,157.72901916503906,159.3000030517578,160.9600067138672,158.25999450683594,160.9600067138672,3838700,ICE
2025-10-10,155.94676208496094,157.5,159.75,157.42999267578125,159.6199951171875,4175400,ICE
2025-10-13,157.18443298339844,158.75,159.33999633789062,157.33999633789062,157.4600067138672,3074300,ICE
2025-10-14,156.7091827392578,158.27000427246094,160.5,157.92999267578125,159.1699981689453,2849100,ICE
2025-10-15,155.90716552734375,157.4600067138672,158.83999633789062,155.89999389648438,158.19000244140625,4174200,ICE
2025-10-16,151.84759521484375,153.36000061035156,157.52000427246094,153.1199951171875,157.52000427246094,5576400,ICE
2025-10-17,152.08523559570312,153.60000610351562,154.02000427246094,152.72999572753906,153.77000427246094,4090300,ICE
2025-10-20,153.75856018066406,155.2899932861328,155.4199981689453,153.25999450683594,153.9499969482422,2884400,ICE
2025-10-21,155.24375915527344,156.7899932861328,157.36000061035156,155.00999450683594,155.07000732421875,3560000,ICE
2025-10-22,155.40219116210938,156.9499969482422,157.39999389648438,155.5500030517578,156.47999572753906,4676300,ICE
2025-10-23,155.89727783203125,157.4499969482422,158.44000244140625,155.83999633789062,158.0,5803100,ICE
2025-10-24,156.09527587890625,157.64999389648438,158.6699981689453,157.5800018310547,158.24000549316406,4185800,ICE
2025-10-27,158.26370239257812,159.83999633789062,160.1999969482422,158.0,158.25999450683594,4078300,ICE
2025-10-28,155.7190399169922,157.27000427246094,160.11000061035156,157.17999267578125,159.5500030517578,3322400,ICE
2025-10-29,149.13462829589844,150.6199951171875,156.13999938964844,150.0,155.75999450683594,7586500,ICE
2025-10-30,147.05532836914062,148.52000427246094,152.22000122070312,146.0500030517578,146.5500030517578,6950500,ICE
2025-10-31,144.84732055664062,146.2899932861328,149.0,145.00999450683594,148.32000732421875,7069600,ICE
2025-11-03,144.1542205810547,145.58999633789062,146.2100067138672,143.1699981689453,145.49000549316406,4428200,ICE
2025-11-04,145.53050231933594,146.97999572753906,147.25999450683594,145.50999450683594,146.47000122070312,3135800,ICE
2025-11-05,144.76809692382812,146.2100067138672,150.0,146.2100067138672,147.50999450683594,3980900,ICE
2025-11-06,146.06520080566406,147.52000427246094,148.05999755859375,145.74000549316406,145.75999450683594,3497500,ICE
2025-11-07,147.5305938720703,149.0,149.08999633789062,146.9499969482422,147.1300048828125,3487100,ICE
2025-11-10,148.02565002441406,149.5,149.64999389648438,147.52999877929688,148.66000366210938,3231200,ICE
2025-11-11,150.49110412597656,151.99000549316406,152.13999938964844,150.13999938964844,150.2899932861328,2854600,ICE
2025-11-12,152.53079223632812,154.0500030517578,154.1699981689453,151.6999969482422,152.07000732421875,3032100,ICE
2025-11-13,151.194091796875,152.6999969482422,154.22999572753906,152.52000427246094,153.39999389648438,3484800,ICE
2025-11-14,150.57032775878906,152.07000732421875,153.67999267578125,150.97000122070312,153.67999267578125,2554300,ICE
2025-11-17,148.84747314453125,150.3300018310547,152.85000610351562,149.88999938964844,151.8300018310547,2737300,ICE
2025-11-18,151.2733154296875,152.77999877929688,154.00999450683594,149.86000061035156,150.6699981689453,5191000,ICE
2025-11-19,152.1347198486328,153.64999389648438,153.69000244140625,151.97999572753906,152.52000427246094,4432700,ICE
2025-11-20,150.16436767578125,151.66000366210938,154.67999267578125,151.1300048828125,153.64999389648438,4304300,ICE
2025-11-21,152.9070281982422,154.42999267578125,155.35000610351562,152.36000061035156,153.02999877929688,4777400,ICE
2025-11-24,151.39212036132812,152.89999389648438,154.27999877929688,152.22000122070312,154.0399932861328,4135700,ICE
2025-11-25,154.42196655273438,155.9600067138672,156.25999450683594,153.41000366210938,154.0500030517578,2274700,ICE
2025-11-26,154.7487030029297,156.2899932861328,157.02000427246094,155.42999267578125,155.83999633789062,2286800,ICE
2025-11-28,155.74874877929688,157.3000030517578,158.3699951171875,156.72000122070312,157.0,1323700,ICE
2025-12-01,155.3922882080078,156.94000244140625,157.5,155.9499969482422,156.5,2834000,ICE
2025-12-02,153.82786560058594,155.36000061035156,157.6300048828125,155.10000610351562,156.85000610351562,4802100,ICE
2025-12-03,155.30319213867188,156.85000610351562,157.72999572753906,155.97999572753906,156.32000732421875,2848700,ICE
2025-12-04,157.54087829589844,159.11000061035156,159.30999755859375,156.75999450683594,157.19000244140625,3804600,ICE
2025-12-05,156.2636260986328,157.82000732421875,159.1999969482422,157.30999755859375,158.6300048828125,3852100,ICE
2025-12-08,155.4813995361328,157.02999877929688,157.85000610351562,155.75999450683594,157.8300018310547,5387600,ICE
2025-12-09,156.4517364501953,158.00999450683594,159.3300018310547,157.39999389648438,157.58999633789062,3558500,ICE
2025-12-10,158.79837036132812,160.3800048828125,161.36000061035156,157.50999450683594,157.82000732421875,4524800,ICE
2025-12-11,161.49154663085938,163.10000610351562,163.4600067138672,161.0,161.14999389648438,3855900,ICE
2025-12-12,161.6004638671875,163.2100067138672,164.3699951171875,162.72999572753906,163.1999969482422,2700500,ICE
2025-12-15,159.8083038330078,161.39999389648438,163.4499969482422,160.58999633789062,163.4499969482422,3206800,ICE
2025-12-16,158.94432067871094,160.0500030517578,162.0,159.9199981689453,161.5,4222000,ICE
2025-12-17,159.74871826171875,160.86000061035156,161.77999877929688,159.58999633789062,159.6300048828125,3563700,ICE
2025-12-18,158.9641876220703,160.07000732421875,162.2899932861328,160.02000427246094,161.25,2639300,ICE
2025-12-19,159.1925811767578,160.3000030517578,161.0500030517578,159.66000366210938,159.97000122070312,5747900,ICE
2025-12-22,160.3346405029297,161.4499969482422,162.17999267578125,159.6699981689453,160.14999389648438,2152100,ICE
2025-12-23,160.83119201660156,161.9499969482422,162.58999633789062,161.17999267578125,161.25999450683594,1997500,ICE
2025-12-24,161.50650024414062,162.6300048828125,163.1999969482422,161.77999877929688,161.94000244140625,761800,ICE
2025-12-26,162.39035034179688,163.52000427246094,163.5500030517578,162.19000244140625,162.4499969482422,1045000,ICE
2025-12-29,162.84716796875,163.97999572753906,164.4199981689453,162.7899932861328,163.6199951171875,1582300,ICE
2025-12-30,162.0328369140625,163.16000366210938,163.97000122070312,163.0,163.50999450683594,1142500,ICE
2025-12-31,160.84112548828125,161.9600067138672,163.77000427246094,161.9199981689453,162.80999755859375,1342600,ICE
2026-01-02,158.88473510742188,159.99000549316406,161.5399932861328,159.58999633789062,161.33999633789062,2068700,ICE
2026-01-05,164.475830078125,165.6199951171875,166.39999389648438,159.2100067138672,159.47999572753906,3370200,ICE
2026-01-06,164.86312866210938,166.00999450683594,166.99000549316406,165.1699981689453,165.94000244140625,2605100,ICE
2026-01-07,160.8013916015625,161.9199981689453,166.85000610351562,161.91000366210938,165.99000549316406,2544900,ICE
2026-01-08,160.86097717285156,161.97999572753906,164.2899932861328,161.24000549316406,161.35000610351562,2852400,ICE
2026-01-09,164.83334350585938,165.97999572753906,166.0800018310547,162.10000610351562,162.5399932861328,3310500,ICE
2026-01-12,165.1014862060547,166.25,169.63999938964844,165.7100067138672,166.67999267578125,4244600,ICE
2026-01-13,165.5384521484375,166.69000244140625,166.75,163.60000610351562,166.25,2968500,ICE
2026-01-14,171.74526977539062,172.94000244140625,173.0500030517578,165.91000366210938,166.44000244140625,5261800,ICE
2026-01-15,172.08291625976562,173.27999877929688,174.3800048828125,171.2100067138672,173.77999877929688,4660100,ICE
2026-01-16,172.778076171875,173.97999572753906,175.36000061035156,171.86000061035156,173.2100067138672,4415800,ICE
2026-01-20,169.76901245117188,170.9499969482422,174.2899932861328,169.4199981689453,171.0,3771000,ICE
2026-01-21,170.71243286132812,171.89999389648438,173.25999450683594,171.32000732421875,171.4600067138672,2597700,ICE
2026-01-22,173.14552307128906,174.35000610351562,174.82000732421875,171.75,171.97000122070312,2967900,ICE
2026-01-23,171.73533630371094,172.92999267578125,174.42999267578125,172.64999389648438,174.1300048828125,2697900,ICE
2026-01-26,173.89035034179688,175.10000610351562,175.3800048828125,172.9600067138672,173.19000244140625,2615800,ICE
2026-01-27,172.08291625976562,173.27999877929688,175.3800048828125,172.85000610351562,174.55999755859375,2866900,ICE
2026-01-28,171.24871826171875,172.44000244140625,173.75,171.36000061035156,172.52000427246094,3209300,ICE
2026-01-29,173.89035034179688,175.10000610351562,176.0500030517578,173.0399932861328,173.0399932861328,3193100,ICE
2026-01-30,172.5794677734375,173.77999877929688,175.0500030517578,171.2100067138672,174.24000549316406,3305900,ICE
2026-02-02,171.9835968017578,173.17999267578125,175.38999938964844,171.1699981689453,174.0,3467200,ICE
2026-02-03,161.94346618652344,163.07000732421875,171.1999969482422,158.8300018310547,170.5800018310547,9070400,ICE
2026-02-04,163.71116638183594,164.85000610351562,165.47999572753906,159.8300018310547,161.58999633789062,6603600,ICE
2026-02-05,167.12738037109375,168.2899932861328,174.30999755859375,166.00999450683594,168.67999267578125,5663800,ICE
2026-02-06,167.8324737548828,169.0,173.86000061035156,166.80999755859375,169.85000610351562,3539800,ICE
2026-02-09,168.3091583251953,169.47999572753906,170.8699951171875,168.27000427246094,168.4600067138672,3332300,ICE
2026-02-10,163.6714324951172,164.80999755859375,168.2100067138672,163.57000732421875,164.5,4870100,ICE
2026-02-11,150.94000244140625,151.99000549316406,164.99000549316406,151.0500030517578,164.3800048828125,9096900,ICE
2026-02-12,148.794921875,149.8300018310547,152.1300048828125,144.17999267578125,151.63999938964844,11830400,ICE
2026-02-13,151.22799682617188,152.27999877929688,153.36000061035156,150.97000122070312,151.3000030517578,4166300,ICE
2026-02-17,152.37998962402344,153.44000244140625,154.52999877929688,149.3699951171875,152.77000427246094,5868900,ICE
2026-02-18,154.11790466308594,155.19000244140625,155.92999267578125,153.6699981689453,154.77000427246094,3086400,ICE
2026-02-19,153.0453643798828,154.11000061035156,155.9499969482422,152.39999389648438,154.0,3727900,ICE
2026-02-20,152.946044921875,154.00999450683594,155.41000366210938,152.38999938964844,154.27000427246094,3370600,ICE
2026-02-23,153.03543090820312,154.10000610351562,154.88999938964844,151.77000427246094,153.3800048828125,3639600,ICE
2026-02-24,154.28672790527344,155.36000061035156,156.82000732421875,153.5399932861328,153.5399932861328,3114200,ICE
2026-02-25,159.22238159179688,160.3300018310547,160.85000610351562,155.42999267578125,156.07000732421875,6195300,ICE
2026-02-26,161.7646942138672,162.88999938964844,163.22999572753906,160.8300018310547,161.47000122070312,3209600,ICE
2026-02-27,162.9961395263672,164.1300048828125,165.75,161.0,161.8300018310547,4346800,ICE
2026-03-02,163.6416473388672,164.77999877929688,168.0,163.99000549316406,165.25999450683594,4452400,ICE
2026-03-03,163.6416473388672,164.77999877929688,166.77999877929688,163.0399932861328,163.3699951171875,4186400,ICE
2026-03-04,165.14120483398438,166.2899932861328,166.5399932861328,161.80999755859375,163.47000122070312,2840300,ICE
2026-03-05,162.86703491210938,164.0,167.14999389648438,163.00999450683594,164.6699981689453,4117400,ICE
2026-03-06,165.04190063476562,166.19000244140625,167.3000030517578,162.5800018310547,164.0500030517578,4552900,ICE
2026-03-09,164.65460205078125,165.8000030517578,166.35000610351562,162.5,164.9600067138672,3458700,ICE
2026-03-10,159.06349182128906,160.1699981689453,164.86000061035156,158.85000610351562,164.86000061035156,3398100,ICE
2026-03-11,155.93524169921875,157.02000427246094,159.9199981689453,153.63999938964844,159.4199981689453,4585300,ICE
2026-03-12,157.51426696777344,158.61000061035156,159.77000427246094,156.97000122070312,157.86000061035156,3585900,ICE
2026-03-13,158.1001739501953,159.1999969482422,160.60000610351562,157.8800048828125,159.8699951171875,2483700,ICE
2026-03-16,160.37437438964844,161.49000549316406,161.5399932861328,159.8699951171875,160.8300018310547,3066900,ICE
2026-03-17,160.2249298095703,160.82000732421875,162.8699951171875,160.16000366210938,161.25,2095500,ICE
2026-03-18,156.57847595214844,157.16000366210938,159.9600067138672,156.88999938964844,159.16000366210938,2938100,ICE
2026-03-19,157.91351318359375,158.5,159.1699981689453,155.9600067138672,156.94000244140625,3286700,ICE
2026-03-20,157.84376525878906,158.42999267578125,159.38999938964844,157.6999969482422,159.11000061035156,4516000,ICE
2026-03-23,156.5884246826172,157.1699981689453,159.75999450683594,156.52999877929688,159.27999877929688,3290500,ICE
2026-03-24,155.24343872070312,155.82000732421875,157.02999877929688,153.97999572753906,156.50999450683594,3106600,ICE
2026-03-25,156.24969482421875,156.8300018310547,158.0399932861328,153.5800018310547,156.66000366210938,4118800,ICE
2026-03-26,155.38291931152344,155.9600067138672,157.3800048828125,155.52999877929688,156.1699981689453,3031300,ICE
2026-03-27,152.10508728027344,152.6699981689453,156.49000549316406,152.3800048828125,155.69000244140625,2702200,ICE
2026-03-30,156.35928344726562,156.94000244140625,157.25,153.89999389648438,154.19000244140625,2928500,ICE
2026-03-31,156.69802856445312,157.27999877929688,158.94000244140625,155.91000366210938,158.08999633789062,3754900,ICE
2026-04-01,157.4950714111328,158.0800018310547,158.5,155.24000549316406,156.77000427246094,2789300,ICE
2026-04-02,162.37692260742188,162.97999572753906,163.64999389648438,158.0399932861328,158.1300048828125,4308400,ICE
2026-04-06,165.77430725097656,166.38999938964844,167.0,163.27000427246094,163.27000427246094,2348200,ICE
2026-04-07,165.6846466064453,166.3000030517578,167.77999877929688,165.97999572753906,166.72999572753906,2568700,ICE
2026-04-08,167.16912841796875,167.7899932861328,168.1999969482422,163.8000030517578,165.4199981689453,2509900,ICE
2026-04-09,161.37066650390625,161.97000122070312,167.75,161.66000366210938,167.52999877929688,3434300,ICE
2026-04-10,160.0057373046875,160.60000610351562,162.61000061035156,157.77999877929688,161.07000732421875,2754500,ICE
2026-04-13,163.70201110839844,164.30999755859375,164.61000061035156,160.47000122070312,160.47000122070312,1871600,ICE
2026-04-14,161.44039916992188,162.0399932861328,164.16000366210938,161.50999450683594,163.4600067138672,2684500,ICE
2026-04-15,164.45921325683594,165.07000732421875,165.8000030517578,162.3300018310547,163.19000244140625,2001800,ICE
2026-04-16,163.1440887451172,163.75,165.88999938964844,162.89999389648438,165.07000732421875,2847500,ICE
2026-04-17,160.64337158203125,161.24000549316406,164.3300018310547,159.83999633789062,164.0,4881700,ICE
2026-04-20,160.0157012939453,160.61000061035156,163.0,160.3000030517578,161.41000366210938,2752600,ICE
2026-04-21,158.04302978515625,158.6300048828125,161.92999267578125,158.3000030517578,160.89999389648438,3103800,ICE
2026-04-22,158.23233032226562,158.82000732421875,160.2899932861328,158.05999755859375,159.58999633789062,2239000,ICE
2026-04-23,156.89727783203125,157.47999572753906,159.25,155.30999755859375,158.16000366210938,2593800,ICE
2026-04-24,157.8636932373047,158.4499969482422,158.94000244140625,155.8300018310547,156.39999389648438,2975100,ICE
2026-04-27,156.36924743652344,156.9499969482422,159.44000244140625,156.8699951171875,159.4199981689453,2956900,ICE
2026-04-28,155.72164916992188,156.3000030517578,159.69000244140625,156.0500030517578,158.89999389648438,2772000,ICE
2026-04-29,155.612060546875,156.19000244140625,156.4499969482422,153.9600067138672,155.0,2794900,ICE
2026-04-30,157.50502014160156,158.08999633789062,161.33999633789062,152.5,155.05999755859375,5847300,ICE
2026-05-01,154.17738342285156,154.75,161.0,154.74000549316406,159.05999755859375,3222600,ICE
2026-05-04,155.8611297607422,156.44000244140625,158.5800018310547,154.3000030517578,154.3000030517578,3988100,ICE
2026-05-05,154.70542907714844,155.27999877929688,157.41000366210938,153.4499969482422,157.00999450683594,4650500,ICE
2026-05-06,152.83238220214844,153.39999389648438,155.85000610351562,153.3000030517578,155.27000427246094,3104400,ICE
2026-05-07,155.5323486328125,156.11000061035156,156.35000610351562,152.35000610351562,152.4199981689453,3549700,ICE
2026-05-08,155.24343872070312,155.82000732421875,156.97000122070312,153.58999633789062,156.0800018310547,2952900,ICE
2026-05-11,157.2360382080078,157.82000732421875,157.86000061035156,154.0500030517578,155.05999755859375,2886900,ICE
2026-05-12,155.23345947265625,155.80999755859375,158.89999389648438,155.35000610351562,158.11000061035156,2810400,ICE
2026-05-13,154.22720336914062,154.8000030517578,155.6199951171875,152.6699981689453,154.77000427246094,2097900,ICE
2026-05-14,155.143798828125,155.72000122070312,156.0,154.00999450683594,155.82000732421875,1989700,ICE
2026-05-15,153.78883361816406,154.36000061035156,157.0,154.0399932861328,156.3699951171875,2191100,ICE
2026-05-18,155.4127960205078,155.99000549316406,157.17999267578125,153.63999938964844,154.3300018310547,3265400,ICE
2026-05-19,153.5397491455078,154.11000061035156,157.38999938964844,154.0800018310547,156.63999938964844,3486300,ICE
2026-05-20,151.1287078857422,151.69000244140625,153.74000549316406,151.52000427246094,153.22000122070312,3770400,ICE
2026-05-21,150.92945861816406,151.49000549316406,151.83999633789062,149.6699981689453,150.3699951171875,4174900,ICE
2026-05-22,152.4039764404297,152.97000122070312,153.72000122070312,151.16000366210938,151.27999877929688,2827800,ICE
2026-05-26,150.0825958251953,150.63999938964844,152.80999755859375,149.97000122070312,152.55999755859375,2955700,ICE
2026-05-27,149.15603637695312,149.7100067138672,150.5500030517578,148.11000061035156,149.86000061035156,3525800,ICE
2026-05-28,147.75125122070312,148.3000030517578,150.4499969482422,147.88999938964844,149.02999877929688,3994700,ICE
2026-05-29,147.30291748046875,147.85000610351562,150.0500030517578,147.10000610351562,147.8000030517578,8078200,ICE
2026-06-01,144.42361450195312,144.9600067138672,148.8800048828125,143.00999450683594,148.00999450683594,5439900,ICE
2026-06-02,141.85316467285156,142.3800048828125,145.38999938964844,136.6699981689453,145.27000427246094,9903900,ICE
2026-06-03,137.9376983642578,138.4499969482422,142.0,136.89999389648438,141.99000549316406,5909700,ICE
2026-06-04,141.53433227539062,142.05999755859375,144.49000549316406,141.13999938964844,141.74000549316406,4707700,ICE
2026-06-05,140.97640991210938,141.5,143.22000122070312,139.0,142.60000610351562,5650000,ICE
2026-06-08,138.5354766845703,139.0500030517578,141.0,138.39999389648438,141.0,6302200,ICE
2026-06-09,141.03619384765625,141.55999755859375,142.47000122070312,137.89999389648438,138.5,5706700,ICE
2026-06-10,139.82070922851562,140.33999633789062,142.47999572753906,140.0500030517578,141.94000244140625,3296500,ICE
2026-06-11,138.46572875976562,138.97999572753906,141.47000122070312,138.74000549316406,140.1999969482422,3079400,ICE
2026-06-12,140.00999450683594,140.52999877929688,140.8000030517578,137.75999450683594,139.4600067138672,3172100,ICE
2026-06-15,140.10000610351562,140.10000610351562,142.22000122070312,139.69000244140625,140.00999450683594,3519500,ICE
2026-06-16,141.27999877929688,141.27999877929688,142.0,137.4600067138672,141.0500030517578,4735900,ICE
2026-06-17,134.58999633789062,134.58999633789062,140.7899932861328,133.72999572753906,139.83999633789062,6811200,ICE
2026-06-18,133.8800048828125,133.8800048828125,136.77999877929688,132.83999633789062,136.19000244140625,6109400,ICE
2026-06-22,131.33999633789062,131.33999633789062,134.33999633789062,129.8300018310547,132.6699981689453,5650200,ICE
2026-06-23,133.0,133.0,133.85000610351562,132.07000732421875,133.60000610351562,4574900,ICE
2026-06-24,130.02000427246094,130.02000427246094,133.27000427246094,129.88999938964844,133.0,3748900,ICE
2026-06-25,124.48999786376953,124.48999786376953,130.1999969482422,124.33000183105469,130.05999755859375,6538100,ICE
2026-06-26,123.86000061035156,123.86000061035156,127.86000061035156,123.73999786376953,126.33000183105469,5996600,ICE
2026-06-29,122.91000366210938,122.91000366210938,126.4000015258789,121.79000091552734,126.0,6593500,ICE
2026-06-30,123.11000061035156,123.11000061035156,124.55000305175781,121.80000305175781,122.30000305175781,7116500,ICE
2026-07-01,126.7300033569336,126.7300033569336,128.6999969482422,123.61000061035156,124.05999755859375,5893600,ICE
2026-07-02,132.99000549316406,132.99000549316406,133.00999450683594,128.42999267578125,129.5,4601700,ICE
2026-07-06,134.91000366210938,134.91000366210938,135.5,131.66000366210938,133.6999969482422,7583700,ICE
2026-07-07,136.4499969482422,136.4499969482422,138.13999938964844,134.60000610351562,134.60000610351562,4311100,ICE
2026-07-08,137.1699981689453,137.1699981689453,138.52999877929688,134.9499969482422,135.63999938964844,4791300,ICE
2026-07-09,135.11000061035156,135.11000061035156,135.2899932861328,131.52000427246094,134.8800048828125,5106800,ICE
2026-07-10,135.25999450683594,135.25999450683594,136.49000549316406,134.1699981689453,136.25,3013600,ICE
2026-07-13,137.6699981689453,137.6699981689453,138.24000549316406,135.5800018310547,136.0,3061800,ICE
2026-07-14,137.61000061035156,137.61000061035156,138.92999267578125,135.47999572753906,135.83999633789062,3802000,ICE
2026-07-15,139.83999633789062,139.83999633789062,141.5,138.25999450683594,139.0,3157800,ICE
2026-07-16,141.75999450683594,141.75999450683594,142.39999389648438,139.2100067138672,141.0,2805900,ICE
2026-07-17,139.64999389648438,139.64999389648438,144.5500030517578,139.0800018310547,142.5,3152400,ICE
2026-07-20,141.57000732421875,141.57000732421875,142.14999389648438,137.75999450683594,138.3800048828125,3995300,ICE
2026-07-21,138.6699981689453,138.6699981689453,140.85000610351562,138.38999938964844,139.41000366210938,2284100,ICE
2026-07-22,142.52999877929688,142.52999877929688,143.49000549316406,139.9600067138672,140.5,3541800,ICE
2026-07-23,143.2100067138672,143.2100067138672,143.8699951171875,141.67999267578125,142.0500030517578,3261300,ICE
2026-07-24,145.7899932861328,145.7899932861328,146.11000061035156,142.77999877929688,143.72999572753906,3614700,ICE
2026-07-27,148.72999572753906,148.72999572753906,148.72999572753906,144.88999938964844,146.75,4314300,ICE
2026-07-28,152.72000122070312,152.72000122070312,153.2100067138672,148.10000610351562,148.52999877929688,6963900,ICE
2026-07-29,154.27999877929688,154.27999877929688,155.3000030517578,151.5399932861328,152.19000244140625,4434200,ICE
2026-07-30,156.27000427246094,156.27000427246094,158.5500030517578,151.05999755859375,155.02999877929688,7991600,ICE
2026-07-31,152.47999572753906,152.47999572753906,155.69000244140625,151.5800018310547,155.02000427246094,5667800,ICE
2026-08-03,151.8000030517578,151.8000030517578,154.5500030517578,150.6199951171875,154.3699951171875,5682400,ICE
2026-08-04,149.1999969482422,149.1999969482422,151.44000244140625,147.67999267578125,150.0399932861328,3819500,ICE
2026-08-05,149.83999633789062,149.83999633789062,150.61000061035156,147.5800018310547,150.0,4533400,ICE
2026-08-06,149.75,149.75,151.74000549316406,147.47000122070312,150.6699981689453,5233100,ICE
2026-08-07,150.3000030517578,150.3000030517578,153.32000732421875,149.91000366210938,150.0,3132100,ICE
2026-08-10,150.5399932861328,150.5399932861328,152.39999389648438,149.75,150.19000244140625,2687200,ICE
2026-08-11,151.25,151.25,151.66000366210938,149.5399932861328,150.13999938964844,5117000,ICE
2026-08-12,151.3300018310547,151.3300018310547,151.89999389648438,149.4199981689453,150.77000427246094,2037400,ICE
2026-08-13,155.24000549316406,155.24000549316406,155.4199981689453,151.22000122070312,151.82000732421875,2364000,ICE
2026-08-14,154.74000549316406,154.74000549316406,155.35000610351562,153.26400756835938,155.24000549316406,1172083,ICE
