Date,Adj Close,Close,High,Low,Open,Volume,Ticker
2016-08-15,204.56027221679688,266.5,266.92999267578125,264.20001220703125,264.2200012207031,9143800,LMT
2016-08-16,197.0917205810547,256.7699890136719,266.04998779296875,254.44000244140625,265.2300109863281,7884400,LMT
2016-08-17,196.2243194580078,255.63999938964844,257.5,251.5500030517578,256.70001220703125,4381100,LMT
2016-08-18,196.05543518066406,255.4199981689453,255.99000549316406,254.10000610351562,255.63999938964844,2596300,LMT
2016-08-19,195.05758666992188,254.1199951171875,255.0,252.6999969482422,254.72999572753906,2412700,LMT
2016-08-22,195.11903381347656,254.1999969482422,256.4200134277344,253.75,254.3699951171875,3791000,LMT
2016-08-23,191.70326232910156,249.75,255.24000549316406,248.13999938964844,255.24000549316406,10627900,LMT
2016-08-24,190.4521026611328,248.1199951171875,249.75,244.8000030517578,248.75999450683594,10559900,LMT
2016-08-25,190.76686096191406,248.52999877929688,250.19000244140625,246.0,247.61000061035156,4383900,LMT
2016-08-26,187.62745666503906,244.44000244140625,249.8000030517578,243.64999389648438,249.0,4697100,LMT
2016-08-29,187.51998901367188,244.3000030517578,246.0800018310547,244.0399932861328,245.0,1637600,LMT
2016-08-30,185.04698181152344,239.4499969482422,243.30999755859375,238.85000610351562,242.64999389648438,1887400,LMT
2016-08-31,187.7672576904297,242.97000122070312,243.6199951171875,238.60000610351562,239.0,2890200,LMT
2016-09-01,188.2618408203125,243.61000061035156,243.83999633789062,241.89999389648438,243.1300048828125,1337100,LMT
2016-09-02,188.0377197265625,243.32000732421875,245.0,242.25999450683594,243.75,1492700,LMT
2016-09-06,187.79049682617188,243.0,244.49000549316406,242.25999450683594,244.24000549316406,1599800,LMT
2016-09-07,186.53076171875,241.3699951171875,243.0,241.14999389648438,242.16000366210938,1245900,LMT
2016-09-08,186.7317352294922,241.6300048828125,242.25,240.0,240.49000549316406,1249600,LMT
2016-09-09,183.8800811767578,237.94000244140625,240.63999938964844,237.88999938964844,240.13999938964844,1574200,LMT
2016-09-12,184.544677734375,238.8000030517578,239.5,235.27999877929688,236.5,1822000,LMT
2016-09-13,183.4705352783203,237.41000366210938,238.72000122070312,237.0,237.6699981689453,1609000,LMT
2016-09-14,183.4705352783203,237.41000366210938,239.00999450683594,236.91000366210938,237.41000366210938,1494500,LMT
2016-09-15,184.76878356933594,239.08999633789062,239.49000549316406,236.6999969482422,237.41000366210938,1267100,LMT
2016-09-16,183.50140380859375,237.4499969482422,238.63999938964844,237.25,238.4199981689453,2892900,LMT
2016-09-19,186.152099609375,240.8800048828125,241.88999938964844,239.0800018310547,239.3000030517578,1456600,LMT
2016-09-20,185.84291076660156,240.47999572753906,242.24000549316406,240.47999572753906,241.35000610351562,1007900,LMT
2016-09-21,188.4241180419922,243.82000732421875,243.8699951171875,240.6199951171875,241.13999938964844,1660200,LMT
2016-09-22,190.58799743652344,246.6199951171875,247.02999877929688,244.74000549316406,244.9499969482422,1173000,LMT
2016-09-23,189.98519897460938,245.83999633789062,246.5399932861328,244.63999938964844,246.0800018310547,858800,LMT
2016-09-26,189.74559020996094,245.52999877929688,247.47999572753906,245.00999450683594,245.7100067138672,880700,LMT
2016-09-27,189.94654846191406,245.7899932861328,247.02000427246094,245.3000030517578,246.0399932861328,946500,LMT
2016-09-28,189.9156494140625,245.75,246.9600067138672,244.86000061035156,246.1300048828125,1352500,LMT
2016-09-29,187.28042602539062,242.33999633789062,246.0800018310547,240.9600067138672,246.0800018310547,1134100,LMT
2016-09-30,185.25570678710938,239.72000122070312,243.47000122070312,237.3300018310547,243.05999755859375,2167000,LMT
2016-10-03,185.9202423095703,240.5800018310547,241.3000030517578,237.5399932861328,238.7100067138672,1338300,LMT
2016-10-04,183.23092651367188,237.10000610351562,241.0500030517578,236.5,240.9600067138672,1409600,LMT
2016-10-05,182.8445281982422,236.60000610351562,239.0500030517578,236.5,239.0500030517578,1172100,LMT
2016-10-06,181.3916778564453,234.72000122070312,237.02000427246094,234.47999572753906,237.0,1899700,LMT
2016-10-07,180.47203063964844,233.52999877929688,233.99000549316406,231.57000732421875,233.1999969482422,2183900,LMT
2016-10-10,180.28652954101562,233.2899932861328,234.92999267578125,233.1199951171875,233.82000732421875,990000,LMT
2016-10-11,179.17373657226562,231.85000610351562,233.6300048828125,231.63999938964844,233.0,1060700,LMT
2016-10-12,179.36688232421875,232.10000610351562,233.1199951171875,231.3699951171875,231.92999267578125,1256000,LMT
2016-10-13,180.0547332763672,232.99000549316406,233.4199981689453,231.0500030517578,231.66000366210938,1112000,LMT
2016-10-14,179.7301788330078,232.57000732421875,234.08999633789062,231.92999267578125,233.3800048828125,1081000,LMT
2016-10-17,179.8847198486328,232.77000427246094,234.3300018310547,232.60000610351562,232.67999267578125,793300,LMT
2016-10-18,179.90011596679688,232.7899932861328,239.60000610351562,232.5800018310547,234.2899932861328,867900,LMT
2016-10-19,179.5447235107422,232.3300018310547,233.74000549316406,231.5800018310547,233.0800018310547,992400,LMT
2016-10-20,179.15826416015625,231.8300018310547,232.7100067138672,230.72000122070312,232.14999389648438,922800,LMT
2016-10-21,178.14588928222656,230.52000427246094,231.16000366210938,228.5,231.07000732421875,1553000,LMT
2016-10-24,179.41334533691406,232.16000366210938,232.49000549316406,230.9199981689453,231.5,1304900,LMT
2016-10-25,192.628173828125,249.25999450683594,249.7899932861328,238.63999938964844,241.0800018310547,3130700,LMT
2016-10-26,193.26962280273438,250.08999633789062,252.0,247.49000549316406,248.60000610351562,2112300,LMT
2016-10-27,192.06405639648438,248.52999877929688,251.24000549316406,248.0500030517578,250.27999877929688,1294400,LMT
2016-10-28,191.65443420410156,248.0,250.1699981689453,247.69000244140625,248.72000122070312,1119000,LMT
2016-10-31,190.4025115966797,246.3800048828125,248.80999755859375,245.67999267578125,248.24000549316406,1320900,LMT
2016-11-01,189.32064819335938,244.97999572753906,247.19000244140625,244.22999572753906,247.19000244140625,1081000,LMT
2016-11-02,189.42105102539062,245.11000061035156,247.64999389648438,244.1999969482422,244.9499969482422,953800,LMT
2016-11-03,184.4674072265625,238.6999969482422,243.39999389648438,237.11000061035156,242.5500030517578,1695100,LMT
2016-11-04,182.59722900390625,236.27999877929688,239.6999969482422,236.2100067138672,238.85000610351562,1512200,LMT
2016-11-07,184.9078826904297,239.27000427246094,239.9199981689453,237.52000427246094,239.8300018310547,1376000,LMT
2016-11-08,184.84609985351562,239.19000244140625,240.9199981689453,238.60000610351562,239.0,1259300,LMT
2016-11-09,195.87391662597656,253.4600067138672,257.4800109863281,250.0,256.5899963378906,4184300,LMT
2016-11-10,198.8183135986328,257.2699890136719,258.19000244140625,252.77000427246094,257.5,2627400,LMT
2016-11-11,200.28665161132812,259.1700134277344,259.7300109863281,255.05999755859375,257.9599914550781,2002900,LMT
2016-11-14,206.52313232421875,267.239990234375,267.80999755859375,260.79998779296875,261.2300109863281,2455100,LMT
2016-11-15,205.51077270507812,265.92999267578125,269.739990234375,261.8500061035156,268.7900085449219,2014600,LMT
2016-11-16,203.5169219970703,263.3500061035156,266.1700134277344,261.4599914550781,265.8699951171875,1464200,LMT
2016-11-17,203.46279907226562,263.2799987792969,264.4700012207031,262.3900146484375,263.5,913500,LMT
2016-11-18,203.31602478027344,263.0899963378906,264.4599914550781,261.5799865722656,263.1400146484375,1197100,LMT
2016-11-21,203.57106018066406,263.4200134277344,264.3299865722656,262.6400146484375,264.04998779296875,965500,LMT
2016-11-22,204.529296875,264.6600036621094,265.6400146484375,263.4200134277344,264.489990234375,1244700,LMT
2016-11-23,204.32839965820312,264.3999938964844,265.82000732421875,263.55999755859375,264.9100036621094,1038000,LMT
2016-11-25,205.50303649902344,265.9200134277344,266.489990234375,264.6499938964844,265.3399963378906,653000,LMT
2016-11-28,205.51077270507812,265.92999267578125,266.2300109863281,264.8599853515625,265.7300109863281,1364900,LMT
2016-11-29,207.43272399902344,266.5799865722656,267.7699890136719,263.7099914550781,264.5,1209500,LMT
2016-11-30,206.3977813720703,265.25,267.95001220703125,265.25,267.54998779296875,1468000,LMT
2016-12-01,207.2926483154297,266.3999938964844,266.5299987792969,264.30999755859375,265.2900085449219,874900,LMT
2016-12-02,208.24195861816406,267.6199951171875,268.1499938964844,266.010009765625,266.5799865722656,1091000,LMT
2016-12-05,207.70506286621094,266.92999267578125,269.8999938964844,266.30999755859375,268.95001220703125,1270300,LMT
2016-12-06,206.9813995361328,266.0,266.79998779296875,264.010009765625,265.8299865722656,1145900,LMT
2016-12-07,207.277099609375,266.3800048828125,267.0,264.3500061035156,266.07000732421875,1269400,LMT
2016-12-08,201.72911071777344,259.25,266.3800048828125,258.6099853515625,266.3800048828125,2767300,LMT
2016-12-09,201.94696044921875,259.5299987792969,260.2200012207031,258.05999755859375,258.6000061035156,1545300,LMT
2016-12-12,196.9513702392578,253.11000061035156,253.6999969482422,245.5,251.77999877929688,7080300,LMT
2016-12-13,195.84642028808594,251.69000244140625,255.5,250.1199951171875,254.6699981689453,2519200,LMT
2016-12-14,196.32110595703125,252.3000030517578,254.8300018310547,252.0800018310547,252.30999755859375,1844900,LMT
2016-12-15,195.03717041015625,250.64999389648438,253.30999755859375,250.41000366210938,252.33999633789062,1855600,LMT
2016-12-16,194.59364318847656,250.0800018310547,252.7899932861328,249.02999877929688,251.27999877929688,2138100,LMT
2016-12-19,196.22775268554688,252.17999267578125,252.4600067138672,249.5399932861328,249.5399932861328,1045600,LMT
2016-12-20,197.43382263183594,253.72999572753906,253.77999877929688,252.10000610351562,252.17999267578125,900200,LMT
2016-12-21,196.4923095703125,252.52000427246094,254.5,252.27999877929688,254.5,819600,LMT
2016-12-22,196.7101593017578,252.8000030517578,253.5,251.10000610351562,252.00999450683594,831100,LMT
2016-12-23,194.21241760253906,249.58999633789062,251.8800048828125,247.00999450683594,248.1699981689453,2086400,LMT
2016-12-27,195.20059204101562,250.86000061035156,251.75,250.1999969482422,250.77999877929688,788800,LMT
2016-12-28,194.20460510253906,249.5800018310547,251.0,248.52000427246094,250.44000244140625,1007700,LMT
2016-12-29,194.990478515625,250.58999633789062,251.9199981689453,249.4499969482422,250.19000244140625,900900,LMT
2016-12-30,194.48471069335938,249.94000244140625,251.32000732421875,248.77999877929688,250.52999877929688,1058100,LMT
2017-01-03,197.1070098876953,253.30999755859375,254.11000061035156,250.75999450683594,251.1999969482422,1667700,LMT
2017-01-04,197.6361083984375,253.99000549316406,254.89999389648438,253.33999633789062,254.10000610351562,1077600,LMT
2017-01-05,199.1846160888672,255.97999572753906,258.0199890136719,254.10000610351562,254.3699951171875,1279200,LMT
2017-01-06,200.6396942138672,257.8500061035156,258.57000732421875,255.47999572753906,255.47999572753906,1246000,LMT
2017-01-09,200.60855102539062,257.80999755859375,258.989990234375,257.42999267578125,258.0,1067100,LMT
2017-01-10,199.3324737548828,256.1700134277344,258.9599914550781,256.1700134277344,258.1600036621094,1146400,LMT
2017-01-11,198.523193359375,255.1300048828125,257.0,251.7100067138672,256.29998779296875,1613000,LMT
2017-01-12,196.57003784179688,252.6199951171875,255.3300018310547,251.30999755859375,254.91000366210938,1153300,LMT
2017-01-13,198.0563201904297,254.52999877929688,255.9499969482422,252.02000427246094,252.74000549316406,1162000,LMT
2017-01-17,197.73727416992188,254.1199951171875,254.33999633789062,252.05999755859375,253.4600067138672,1431000,LMT
2017-01-18,197.69839477539062,254.07000732421875,254.72999572753906,252.94000244140625,254.10000610351562,925300,LMT
2017-01-19,200.00161743164062,257.0299987792969,257.44000244140625,255.19000244140625,255.57000732421875,1076500,LMT
2017-01-20,200.5463409423828,257.7300109863281,258.0799865722656,256.1000061035156,257.9599914550781,1184400,LMT
2017-01-23,200.351806640625,257.4800109863281,259.739990234375,255.02000427246094,258.1499938964844,1606300,LMT
2017-01-24,196.79574584960938,252.91000366210938,253.4499969482422,249.02000427246094,250.3800048828125,2985000,LMT
2017-01-25,195.3095245361328,251.0,254.3300018310547,248.0,253.05999755859375,2329900,LMT
2017-01-26,198.398681640625,254.97000122070312,254.99000549316406,249.5500030517578,250.0,1956700,LMT
2017-01-27,197.25485229492188,253.5,259.1199951171875,250.1300048828125,254.97999572753906,2597200,LMT
2017-01-30,196.73348999023438,252.8300018310547,256.2799987792969,251.8800048828125,254.3300018310547,1537400,LMT
2017-01-31,195.56631469726562,251.3300018310547,252.5,249.9600067138672,252.32000732421875,1276300,LMT
2017-02-01,195.23170471191406,250.89999389648438,252.55999755859375,249.97999572753906,250.8300018310547,1210400,LMT
2017-02-02,196.06430053710938,251.97000122070312,252.1699981689453,250.33999633789062,250.89999389648438,1045700,LMT
2017-02-03,198.00184631347656,254.4600067138672,256.4599914550781,251.5,252.6699981689453,1803700,LMT
2017-02-06,198.66322326660156,255.30999755859375,257.07000732421875,254.11000061035156,254.42999267578125,980800,LMT
2017-02-07,199.48806762695312,256.3699951171875,257.29998779296875,255.5800018310547,256.0,977800,LMT
2017-02-08,199.7759552001953,256.739990234375,257.80999755859375,256.3999938964844,256.92999267578125,973400,LMT
2017-02-09,200.9120635986328,258.20001220703125,259.0400085449219,256.739990234375,256.739990234375,869300,LMT
2017-02-10,202.74063110351562,260.54998779296875,260.9200134277344,258.0,258.4800109863281,748800,LMT
2017-02-13,204.1412353515625,262.3500061035156,263.1099853515625,261.0199890136719,261.04998779296875,906700,LMT
2017-02-14,204.3046417236328,262.55999755859375,263.1600036621094,261.8500061035156,262.19000244140625,824200,LMT
2017-02-15,205.0050048828125,263.4599914550781,263.760009765625,261.07000732421875,262.0,1063800,LMT
2017-02-16,206.46006774902344,265.3299865722656,265.3999938964844,262.7300109863281,263.9200134277344,858500,LMT
2017-02-17,206.47564697265625,265.3500061035156,265.42999267578125,263.5,264.7099914550781,882100,LMT
2017-02-21,206.7168731689453,265.6600036621094,266.07000732421875,264.19000244140625,264.80999755859375,957300,LMT
2017-02-22,206.91917419433594,265.9200134277344,266.0199890136719,264.2099914550781,265.0,712700,LMT
2017-02-23,206.08656311035156,264.8500061035156,266.30999755859375,263.7699890136719,266.30999755859375,1008300,LMT
2017-02-24,206.9813995361328,266.0,266.0,263.17999267578125,264.57000732421875,929200,LMT
2017-02-27,211.03985595703125,269.3599853515625,270.0,264.20001220703125,265.0,1499700,LMT
2017-02-28,208.86178588867188,266.5799865722656,269.7200012207031,266.45001220703125,269.6400146484375,2049400,LMT
2017-03-01,210.2720947265625,268.3800048828125,270.0,267.3299865722656,269.0899963378906,1125600,LMT
2017-03-02,209.18304443359375,266.989990234375,269.0,266.2200012207031,269.0,954200,LMT
2017-03-03,209.78631591796875,267.760009765625,268.3299865722656,266.25,267.07000732421875,771100,LMT
2017-03-06,209.75502014160156,267.7200012207031,268.4800109863281,266.79998779296875,267.42999267578125,778300,LMT
2017-03-07,210.78919982910156,269.0400085449219,269.3800048828125,267.29998779296875,267.30999755859375,884000,LMT
2017-03-08,209.75502014160156,267.7200012207031,269.04998779296875,267.30999755859375,269.0,818000,LMT
2017-03-09,210.50709533691406,268.67999267578125,269.0,267.5400085449219,268.0,729400,LMT
2017-03-10,210.4914093017578,268.6600036621094,269.8999938964844,267.2699890136719,269.8999938964844,687200,LMT
2017-03-13,210.9066925048828,269.19000244140625,269.260009765625,268.0,268.510009765625,819100,LMT
2017-03-14,209.97427368164062,268.0,269.1499938964844,267.3800048828125,268.92999267578125,701600,LMT
2017-03-15,211.10255432128906,269.44000244140625,269.8699951171875,267.75,268.0,748500,LMT
2017-03-16,209.92733764648438,267.94000244140625,270.67999267578125,267.1300048828125,270.67999267578125,982200,LMT
2017-03-17,213.0925750732422,271.9800109863281,272.17999267578125,268.29998779296875,268.7799987792969,2127700,LMT
2017-03-20,213.13180541992188,272.0299987792969,274.57000732421875,271.6300048828125,272.1600036621094,1325000,LMT
2017-03-21,210.7578125,269.0,273.0199890136719,268.3599853515625,272.3500061035156,1359600,LMT
2017-03-22,211.08688354492188,269.4200134277344,270.2799987792969,267.9100036621094,268.8299865722656,1021200,LMT
2017-03-23,211.14959716796875,269.5,271.4700012207031,268.9800109863281,269.4200134277344,803800,LMT
2017-03-24,209.5199432373047,267.4200134277344,269.9800109863281,266.7300109863281,269.8299865722656,870500,LMT
2017-03-27,209.31626892089844,267.1600036621094,267.8800048828125,264.0400085449219,265.6499938964844,994300,LMT
2017-03-28,210.85182189941406,269.1199951171875,270.7900085449219,266.0199890136719,266.6300048828125,1021300,LMT
2017-03-29,210.16238403320312,268.239990234375,268.9200134277344,267.260009765625,268.9200134277344,814100,LMT
2017-03-30,211.96441650390625,270.5400085449219,270.92999267578125,268.2099914550781,268.55999755859375,562200,LMT
2017-03-31,209.6609344482422,267.6000061035156,270.4700012207031,267.6000061035156,270.4700012207031,1214400,LMT
2017-04-03,210.50709533691406,268.67999267578125,269.29998779296875,267.3500061035156,267.6000061035156,799100,LMT
2017-04-04,211.19656372070312,269.55999755859375,270.04998779296875,268.25,268.5400085449219,567900,LMT
2017-04-05,209.1751708984375,266.9800109863281,270.95001220703125,266.80999755859375,269.8399963378906,949500,LMT
2017-04-06,209.2770233154297,267.1099853515625,267.7900085449219,266.32000732421875,266.8699951171875,740400,LMT
2017-04-07,211.72152709960938,270.2300109863281,272.3399963378906,268.17999267578125,272.3399963378906,1020800,LMT
2017-04-10,210.78128051757812,269.0299987792969,271.3599853515625,268.8299865722656,270.19000244140625,789300,LMT
2017-04-11,211.75279235839844,270.2699890136719,270.5199890136719,268.17999267578125,269.0,744400,LMT
2017-04-12,210.37384033203125,268.510009765625,270.4800109863281,268.0400085449219,269.8900146484375,955400,LMT
2017-04-13,209.97427368164062,268.0,270.2799987792969,268.0,268.1400146484375,764000,LMT
2017-04-17,211.4473114013672,269.8800048828125,269.8999938964844,267.9100036621094,268.1300048828125,811600,LMT
2017-04-18,210.58543395996094,268.7799987792969,270.70001220703125,268.2200012207031,269.8800048828125,762800,LMT
2017-04-19,211.2513885498047,269.6300048828125,270.04998779296875,268.6700134277344,269.69000244140625,815900,LMT
2017-04-20,212.99070739746094,271.8500061035156,273.20001220703125,269.6700134277344,270.1499938964844,814600,LMT
2017-04-21,213.96229553222656,273.0899963378906,274.489990234375,272.0,272.20001220703125,955500,LMT
2017-04-24,216.40676879882812,276.2099914550781,276.6400146484375,274.30999755859375,275.5400085449219,1098800,LMT
2017-04-25,211.5570068359375,270.0199890136719,274.5,267.67999267578125,273.8999938964844,2963900,LMT
2017-04-26,211.8155517578125,270.3500061035156,272.510009765625,269.5400085449219,270.5899963378906,1477200,LMT
2017-04-27,212.43447875976562,271.1400146484375,272.7699890136719,269.94000244140625,270.8399963378906,953800,LMT
2017-04-28,211.1103515625,269.45001220703125,271.5400085449219,268.6199951171875,271.07000732421875,1004200,LMT
2017-05-01,210.31124877929688,268.42999267578125,270.1099853515625,268.3699951171875,269.54998779296875,841500,LMT
2017-05-02,211.1417236328125,269.489990234375,269.8699951171875,268.0,268.19000244140625,737100,LMT
2017-05-03,211.22792053222656,269.6000061035156,269.95001220703125,268.20001220703125,268.75,636500,LMT
2017-05-04,211.94091796875,270.510009765625,270.7099914550781,268.8599853515625,269.8699951171875,691100,LMT
2017-05-05,213.91526794433594,273.0299987792969,273.1000061035156,270.2099914550781,270.67999267578125,812700,LMT
2017-05-08,213.5,272.5,274.0,272.1000061035156,272.9200134277344,674800,LMT
2017-05-09,214.57337951660156,273.8699951171875,274.2200012207031,272.2699890136719,273.0,897900,LMT
2017-05-10,212.90451049804688,271.739990234375,273.7099914550781,270.1700134277344,272.8800048828125,934500,LMT
2017-05-11,213.1787567138672,272.0899963378906,272.25,270.20001220703125,271.1400146484375,605500,LMT
2017-05-12,212.52847290039062,271.260009765625,271.70001220703125,270.75,270.9100036621094,599700,LMT
2017-05-15,213.3824920654297,272.3500061035156,272.4700012207031,271.04998779296875,271.2799987792969,616500,LMT
2017-05-16,212.8340606689453,271.6499938964844,273.260009765625,271.42999267578125,272.0799865722656,614100,LMT
2017-05-17,210.94581604003906,269.239990234375,271.6499938964844,268.9100036621094,271.6499938964844,943300,LMT
2017-05-18,209.4415283203125,267.32000732421875,269.0,266.010009765625,268.5400085449219,1245900,LMT
2017-05-19,213.72727966308594,272.7900085449219,272.8800048828125,268.1099853515625,268.70001220703125,1254100,LMT
2017-05-22,217.04922485351562,277.0299987792969,280.7900085449219,276.2200012207031,280.7900085449219,1601200,LMT
2017-05-23,218.09124755859375,278.3599853515625,278.6199951171875,276.1000061035156,278.0,874700,LMT
2017-05-24,219.4153594970703,280.04998779296875,280.55999755859375,278.1099853515625,278.2200012207031,871700,LMT
2017-05-25,220.9901123046875,282.05999755859375,282.3299865722656,280.55999755859375,281.0,834300,LMT
2017-05-26,222.23583984375,283.6499938964844,284.0,281.5400085449219,282.0400085449219,854600,LMT
2017-05-30,220.86386108398438,280.0899963378906,282.8399963378906,279.7300109863281,281.8299865722656,902200,LMT
2017-05-31,221.6838836669922,281.1300048828125,281.2799987792969,279.2699890136719,279.4700012207031,1506600,LMT
2017-06-01,221.5498504638672,280.9599914550781,281.70001220703125,279.5,281.17999267578125,829300,LMT
2017-06-02,222.18069458007812,281.760009765625,282.8900146484375,280.75,281.2799987792969,748500,LMT
2017-06-05,220.89535522460938,280.1300048828125,282.29998779296875,280.0899963378906,281.5,622500,LMT
2017-06-06,218.3326416015625,276.8800048828125,279.95001220703125,276.7200012207031,279.5400085449219,890800,LMT
2017-06-07,218.72683715820312,277.3800048828125,277.8500061035156,276.239990234375,277.4100036621094,658900,LMT
2017-06-08,218.9160919189453,277.6199951171875,278.69000244140625,276.6700134277344,277.3800048828125,1116400,LMT
2017-06-09,218.42718505859375,277.0,279.19000244140625,276.6099853515625,277.6600036621094,1021700,LMT
2017-06-12,218.3404998779297,276.8900146484375,277.2300109863281,273.9200134277344,277.0,835900,LMT
2017-06-13,219.4995880126953,278.3599853515625,278.94000244140625,275.4800109863281,276.8999938964844,638500,LMT
2017-06-14,221.0294189453125,280.29998779296875,282.32000732421875,278.0,278.1000061035156,828900,LMT
2017-06-15,221.52618408203125,280.92999267578125,281.57000732421875,277.7699890136719,279.75,617700,LMT
2017-06-16,221.66812133789062,281.1099853515625,282.2799987792969,280.67999267578125,282.1300048828125,1287600,LMT
2017-06-19,222.60647583007812,282.29998779296875,284.4800109863281,281.3900146484375,281.75,1064100,LMT
2017-06-20,223.07180786132812,282.8900146484375,284.9800109863281,282.3999938964844,282.95001220703125,967600,LMT
2017-06-21,223.15060424804688,282.989990234375,284.0199890136719,282.3399963378906,283.67999267578125,801400,LMT
2017-06-22,221.13194274902344,280.42999267578125,283.7099914550781,280.3800048828125,282.7300109863281,694000,LMT
2017-06-23,221.2975616455078,280.6400146484375,281.4800109863281,280.0299987792969,280.0299987792969,1026800,LMT
2017-06-26,220.5562744140625,279.70001220703125,283.20001220703125,279.489990234375,281.1700134277344,886500,LMT
2017-06-27,219.08172607421875,277.8299865722656,280.2099914550781,277.8299865722656,279.32000732421875,740500,LMT
2017-06-28,220.80862426757812,280.0199890136719,280.9200134277344,278.3699951171875,279.0799865722656,955700,LMT
2017-06-29,218.21429443359375,276.7300109863281,279.8500061035156,274.69000244140625,279.8500061035156,905200,LMT
2017-06-30,218.90821838378906,277.6099853515625,278.9200134277344,276.32000732421875,277.6199951171875,1085900,LMT
2017-07-03,219.9412384033203,278.9200134277344,280.4800109863281,277.20001220703125,277.3900146484375,462800,LMT
2017-07-05,222.6853790283203,282.3999938964844,283.7200012207031,279.3999938964844,279.5,869500,LMT
2017-07-06,221.5498504638672,280.9599914550781,283.4800109863281,280.3999938964844,282.0,766000,LMT
2017-07-07,224.893310546875,285.20001220703125,286.95001220703125,281.5,281.6600036621094,1197200,LMT
2017-07-10,225.18504333496094,285.57000732421875,287.9100036621094,284.2200012207031,285.5,1347800,LMT
2017-07-11,225.85536193847656,286.4200134277344,287.75,285.05999755859375,285.57000732421875,915600,LMT
2017-07-12,225.8080291748047,286.3599853515625,288.7699890136719,286.3599853515625,287.1499938964844,812600,LMT
2017-07-13,226.1234588623047,286.760009765625,287.8500061035156,285.7799987792969,287.1199951171875,705100,LMT
2017-07-14,227.20376586914062,288.1300048828125,288.7699890136719,286.7099914550781,287.04998779296875,887900,LMT
2017-07-17,227.48757934570312,288.489990234375,290.05999755859375,287.6099853515625,288.5,1319300,LMT
2017-07-18,226.14712524414062,286.7900085449219,292.9700012207031,286.0299987792969,290.6400146484375,1811000,LMT
2017-07-19,229.20663452148438,290.6700134277344,291.2799987792969,287.0400085449219,287.67999267578125,1139700,LMT
2017-07-20,228.41810607910156,289.6700134277344,290.739990234375,288.94000244140625,290.5799865722656,1150900,LMT
2017-07-21,227.98435974121094,289.1199951171875,290.07000732421875,286.8599853515625,288.29998779296875,1230100,LMT
2017-07-24,228.8990936279297,290.2799987792969,291.239990234375,289.20001220703125,289.4700012207031,768700,LMT
2017-07-25,228.5442352294922,289.8299865722656,292.07000732421875,289.7200012207031,291.4800109863281,805200,LMT
2017-07-26,228.56007385253906,289.8500061035156,290.989990234375,288.7699890136719,290.82000732421875,882400,LMT
2017-07-27,227.20376586914062,288.1300048828125,290.489990234375,286.1700134277344,290.20001220703125,1117400,LMT
2017-07-28,229.00164794921875,290.4100036621094,290.7699890136719,286.5799865722656,288.07000732421875,1086200,LMT
2017-07-31,230.3578643798828,292.1300048828125,293.8399963378906,291.0299987792969,291.4200134277344,1139200,LMT
2017-08-01,230.76792907714844,292.6499938964844,294.3299865722656,291.8999938964844,293.92999267578125,1036700,LMT
2017-08-02,232.38449096679688,294.70001220703125,294.8399963378906,292.1499938964844,292.7300109863281,983700,LMT
2017-08-03,233.26759338378906,295.82000732421875,295.9100036621094,292.79998779296875,294.0,983600,LMT
2017-08-04,234.19813537597656,297.0,297.0,295.0400085449219,296.2699890136719,796400,LMT
2017-08-07,234.3164520263672,297.1499938964844,297.7300109863281,296.6000061035156,297.30999755859375,769100,LMT
2017-08-08,236.6426544189453,300.1000061035156,300.4200134277344,297.3299865722656,297.7900085449219,1009300,LMT
2017-08-09,240.68006896972656,305.2200012207031,305.5400085449219,301.0,301.20001220703125,1750600,LMT
2017-08-10,239.12657165527344,303.25,307.1000061035156,303.0,306.54998779296875,1339600,LMT
2017-08-11,239.52081298828125,303.75,306.45001220703125,302.5799865722656,302.8399963378906,987800,LMT
2017-08-14,242.54087829589844,307.5799865722656,308.05999755859375,304.260009765625,305.45001220703125,1203000,LMT
2017-08-15,241.45274353027344,306.20001220703125,308.4800109863281,305.5199890136719,307.9700012207031,1020300,LMT
2017-08-16,241.13729858398438,305.79998779296875,306.80999755859375,305.3500061035156,305.8800048828125,1035600,LMT
2017-08-17,237.6835174560547,301.4200134277344,305.6499938964844,301.2699890136719,305.260009765625,1067000,LMT
2017-08-18,235.93295288085938,299.20001220703125,301.260009765625,298.82000732421875,300.8699951171875,1204700,LMT
2017-08-21,238.04627990722656,301.8800048828125,302.2300109863281,297.7699890136719,300.0,962200,LMT
2017-08-22,240.34878540039062,304.79998779296875,305.4800109863281,302.9700012207031,303.510009765625,960400,LMT
2017-08-23,238.80323791503906,302.8399963378906,304.55999755859375,302.5299987792969,304.0,697100,LMT
2017-08-24,238.61398315429688,302.6000061035156,304.04998779296875,301.25,303.510009765625,574400,LMT
2017-08-25,238.77169799804688,302.79998779296875,304.67999267578125,302.7099914550781,303.9200134277344,571100,LMT
2017-08-28,239.41036987304688,303.6099853515625,303.8500061035156,302.510009765625,303.7300109863281,830400,LMT
2017-08-29,242.9825439453125,308.1400146484375,308.17999267578125,304.5,304.5,1277600,LMT
2017-08-30,242.9666290283203,306.29998779296875,307.2200012207031,305.5,306.4200134277344,1273000,LMT
2017-08-31,242.24476623535156,305.3900146484375,306.8599853515625,304.9700012207031,306.8599853515625,982400,LMT
2017-09-01,239.70643615722656,302.19000244140625,306.3399963378906,302.19000244140625,305.9599914550781,1188800,LMT
2017-09-05,239.71437072753906,302.20001220703125,304.5299987792969,301.9100036621094,304.45001220703125,1387200,LMT
2017-09-06,239.11944580078125,301.45001220703125,303.94000244140625,301.30999755859375,303.4100036621094,1217400,LMT
2017-09-07,239.83346557617188,302.3500061035156,302.7699890136719,300.239990234375,301.45001220703125,923400,LMT
2017-09-08,240.26968383789062,302.8999938964844,303.6600036621094,301.5199890136719,301.5199890136719,1161100,LMT
2017-09-11,241.52293395996094,304.4800109863281,304.5899963378906,302.2099914550781,303.70001220703125,917600,LMT
2017-09-12,240.92799377441406,303.7300109863281,304.760009765625,302.9100036621094,304.45001220703125,640800,LMT
2017-09-13,238.12794494628906,300.20001220703125,303.05999755859375,300.1099853515625,303.05999755859375,1143100,LMT
2017-09-14,239.03219604492188,301.3399963378906,301.3900146484375,298.3999938964844,300.20001220703125,1507600,LMT
2017-09-15,239.79379272460938,302.29998779296875,303.3500061035156,301.0299987792969,302.3399963378906,2025900,LMT
2017-09-18,240.98353576660156,303.79998779296875,304.3299865722656,302.3999938964844,302.8599853515625,1005500,LMT
2017-09-19,242.45101928710938,305.6499938964844,307.260009765625,303.6600036621094,304.2900085449219,1365100,LMT
2017-09-20,244.23583984375,307.8999938964844,307.9599914550781,305.239990234375,305.3599853515625,1265000,LMT
2017-09-21,244.3230438232422,308.010009765625,308.9100036621094,307.3900146484375,308.1000061035156,875600,LMT
2017-09-22,244.74343872070312,308.5400085449219,311.3599853515625,308.260009765625,308.6499938964844,1018600,LMT
2017-09-25,243.4029083251953,306.8500061035156,308.9700012207031,304.7099914550781,308.4800109863281,1222400,LMT
2017-09-26,245.56845092773438,309.5799865722656,310.69000244140625,308.2099914550781,308.54998779296875,1025800,LMT
2017-09-27,246.0047607421875,310.1300048828125,311.32000732421875,309.010009765625,309.70001220703125,973300,LMT
2017-09-28,245.2114715576172,309.1300048828125,310.3699951171875,306.5799865722656,309.010009765625,824200,LMT
2017-09-29,246.13169860839844,310.2900085449219,310.3599853515625,308.69000244140625,308.95001220703125,911500,LMT
2017-10-02,246.95654296875,311.3299865722656,311.3800048828125,309.2699890136719,310.7900085449219,1007800,LMT
2017-10-03,248.1702880859375,312.8599853515625,314.0199890136719,311.29998779296875,311.3800048828125,803000,LMT
2017-10-04,248.29722595214844,313.0199890136719,314.1000061035156,312.4599914550781,313.2799987792969,903700,LMT
2017-10-05,249.5346221923828,314.5799865722656,315.2900085449219,312.6400146484375,312.82000732421875,950400,LMT
2017-10-06,251.02587890625,316.4599914550781,316.4599914550781,314.2799987792969,315.0,857700,LMT
2017-10-09,251.69227600097656,317.29998779296875,318.3399963378906,315.5,316.6199951171875,880100,LMT
2017-10-10,252.01744079589844,317.7099914550781,318.32000732421875,316.2200012207031,318.32000732421875,941500,LMT
2017-10-11,252.71543884277344,318.5899963378906,318.79998779296875,317.04998779296875,317.6499938964844,706300,LMT
2017-10-12,254.74624633789062,321.1499938964844,321.55999755859375,318.2799987792969,318.3500061035156,867700,LMT
2017-10-13,253.3500518798828,319.3900146484375,322.19000244140625,319.1400146484375,321.6199951171875,1095500,LMT
2017-10-16,252.9931182861328,318.94000244140625,320.6700134277344,317.739990234375,319.739990234375,588200,LMT
2017-10-17,252.461669921875,318.2699890136719,318.92999267578125,317.0199890136719,318.70001220703125,741600,LMT
2017-10-18,250.31993103027344,315.57000732421875,318.82000732421875,314.70001220703125,318.3299865722656,1131100,LMT
2017-10-19,251.3273468017578,316.8399963378906,317.07000732421875,313.0199890136719,315.57000732421875,727600,LMT
2017-10-20,253.8339385986328,320.0,320.0,316.6000061035156,317.92999267578125,933400,LMT
2017-10-23,254.4130859375,320.7300109863281,321.55999755859375,319.8699951171875,321.05999755859375,1239000,LMT
2017-10-24,248.40028381347656,313.1499938964844,317.0,310.6099853515625,314.69000244140625,2567800,LMT
2017-10-25,247.82923889160156,312.42999267578125,315.9599914550781,311.30999755859375,312.8599853515625,1658800,LMT
2017-10-26,244.22793579101562,307.8900146484375,314.4200134277344,303.30999755859375,313.44000244140625,1599400,LMT
2017-10-27,244.3151397705078,308.0,310.3800048828125,307.75,307.95001220703125,998600,LMT
2017-10-30,244.81500244140625,308.6300048828125,310.4200134277344,307.82000732421875,308.5,1157300,LMT
2017-10-31,244.44212341308594,308.1600036621094,309.8299865722656,308.1400146484375,309.1600036621094,693900,LMT
2017-11-01,243.20462036132812,306.6000061035156,309.6600036621094,306.2300109863281,309.04998779296875,1016100,LMT
2017-11-02,246.58375549316406,310.8599853515625,310.8599853515625,306.1099853515625,306.1099853515625,868900,LMT
2017-11-03,245.8936767578125,309.989990234375,311.8500061035156,309.0400085449219,310.9200134277344,652200,LMT
2017-11-06,245.96505737304688,310.0799865722656,311.92999267578125,308.67999267578125,309.7200012207031,717300,LMT
2017-11-07,248.51136779785156,313.2900085449219,313.3699951171875,310.0799865722656,310.0799865722656,874200,LMT
2017-11-08,250.37550354003906,315.6400146484375,315.70001220703125,313.29998779296875,313.44000244140625,729600,LMT
2017-11-09,246.7583770751953,311.0799865722656,315.05999755859375,310.2799987792969,314.8500061035156,890600,LMT
2017-11-10,246.8297119140625,311.1700134277344,311.67999267578125,309.760009765625,310.29998779296875,630800,LMT
2017-11-13,248.2416534423828,312.95001220703125,313.2799987792969,310.30999755859375,311.0,702800,LMT
2017-11-14,248.86839294433594,313.739990234375,314.0,310.70001220703125,312.0,605700,LMT
2017-11-15,246.4093475341797,310.6400146484375,313.7799987792969,310.5400085449219,313.1000061035156,754900,LMT
2017-11-16,248.00367736816406,312.6499938964844,312.79998779296875,311.0,311.0899963378906,635500,LMT
2017-11-17,245.66366577148438,309.70001220703125,312.42999267578125,309.5,311.5899963378906,692300,LMT
2017-11-20,249.59011840820312,314.6499938964844,315.57000732421875,310.010009765625,310.20001220703125,901800,LMT
2017-11-21,251.40664672851562,316.94000244140625,317.6199951171875,314.6099853515625,315.239990234375,858000,LMT
2017-11-22,249.7646026611328,314.8699951171875,316.8599853515625,314.3500061035156,316.30999755859375,685700,LMT
2017-11-24,250.51820373535156,315.82000732421875,316.2300109863281,315.0199890136719,315.0899963378906,320900,LMT
2017-11-27,251.2162628173828,316.70001220703125,316.8900146484375,315.04998779296875,316.0,657800,LMT
2017-11-28,253.04859924316406,319.010009765625,319.42999267578125,316.1700134277344,316.7799987792969,967200,LMT
2017-11-29,254.43678283691406,320.760009765625,321.2099914550781,318.3299865722656,319.5,1190500,LMT
2017-11-30,254.72418212890625,319.1199951171875,320.94000244140625,318.4800109863281,319.6199951171875,2626200,LMT
2017-12-01,250.29415893554688,313.57000732421875,319.6300048828125,311.1300048828125,319.05999755859375,1707400,LMT
2017-12-04,248.8652801513672,311.7799987792969,316.5199890136719,311.6099853515625,315.94000244140625,1365900,LMT
2017-12-05,247.55628967285156,310.1400146484375,314.5,310.07000732421875,314.5,1171000,LMT
2017-12-06,249.01690673828125,311.9700012207031,313.07000732421875,310.25,311.9800109863281,824800,LMT
2017-12-07,250.9725341796875,314.4200134277344,315.3599853515625,311.80999755859375,311.8299865722656,972300,LMT
2017-12-08,252.114013671875,315.8500061035156,316.55999755859375,313.45001220703125,316.55999755859375,853900,LMT
2017-12-11,252.3693389892578,316.1700134277344,317.239990234375,315.1499938964844,315.45001220703125,765800,LMT
2017-12-12,252.14593505859375,315.8900146484375,316.8999938964844,314.9100036621094,316.3800048828125,1082200,LMT
2017-12-13,253.66250610351562,317.7900085449219,319.8299865722656,316.29998779296875,316.6600036621094,862400,LMT
2017-12-14,253.0399169921875,317.010009765625,319.0299987792969,316.4200134277344,318.2099914550781,867600,LMT
2017-12-15,257.677490234375,322.82000732421875,323.3800048828125,318.42999267578125,318.69000244140625,1929400,LMT
2017-12-18,257.62969970703125,322.760009765625,323.94000244140625,319.0,323.5899963378906,1254400,LMT
2017-12-19,255.40255737304688,319.9700012207031,323.1300048828125,319.7799987792969,322.760009765625,931000,LMT
2017-12-20,253.60667419433594,317.7200012207031,321.260009765625,317.6499938964844,319.8399963378906,932400,LMT
2017-12-21,253.18359375,317.19000244140625,319.20001220703125,317.010009765625,319.0,868700,LMT
2017-12-22,253.85409545898438,318.0299987792969,319.239990234375,317.6000061035156,318.29998779296875,542100,LMT
2017-12-26,254.23721313476562,318.510009765625,319.7699890136719,317.9700012207031,318.3599853515625,516900,LMT
2017-12-27,254.9796600341797,319.44000244140625,319.6700134277344,318.07000732421875,319.6700134277344,574700,LMT
2017-12-28,257.10284423828125,322.1000061035156,322.29998779296875,319.7099914550781,319.8299865722656,721700,LMT
2017-12-29,256.26470947265625,321.04998779296875,323.1499938964844,321.0199890136719,322.2200012207031,731200,LMT
2018-01-02,254.26116943359375,318.5400085449219,322.6199951171875,317.5,322.0,1189600,LMT
2018-01-03,256.39239501953125,321.2099914550781,321.5199890136719,318.6300048828125,318.9800109863281,893400,LMT
2018-01-04,260.7906494140625,326.7200012207031,326.8999938964844,320.989990234375,321.19000244140625,1443000,LMT
2018-01-05,263.1531982421875,329.67999267578125,330.17999267578125,325.9800109863281,325.989990234375,1241100,LMT
2018-01-08,261.9399719238281,328.1600036621094,330.4100036621094,327.80999755859375,328.9599914550781,1084500,LMT
2018-01-09,263.8157043457031,330.510009765625,331.8299865722656,328.4200134277344,329.0,865400,LMT
2018-01-10,264.24676513671875,331.04998779296875,333.739990234375,330.010009765625,331.07000732421875,1504600,LMT
2018-01-11,264.3106384277344,331.1300048828125,332.0799865722656,330.1600036621094,331.8500061035156,1152000,LMT
2018-01-12,268.3974609375,336.25,336.3500061035156,331.0299987792969,331.3500061035156,1428100,LMT
2018-01-16,263.4963684082031,330.1099853515625,336.6700134277344,330.0,336.3500061035156,1374900,LMT
2018-01-17,267.2879638671875,334.8599853515625,335.739990234375,330.32000732421875,331.4599914550781,1009600,LMT
2018-01-18,265.80322265625,333.0,335.9200134277344,332.989990234375,334.1099853515625,973200,LMT
2018-01-19,265.0050964355469,332.0,334.8900146484375,331.7799987792969,334.239990234375,1511800,LMT
2018-01-22,262.6104431152344,329.0,332.70001220703125,328.9700012207031,331.7699890136719,1463000,LMT
2018-01-23,262.37103271484375,328.70001220703125,331.1499938964844,328.510009765625,329.989990234375,1066200,LMT
2018-01-24,263.79974365234375,330.489990234375,332.4800109863281,327.4200134277344,328.8699951171875,1360200,LMT
2018-01-25,267.1762390136719,334.7200012207031,335.19000244140625,330.2099914550781,331.0400085449219,1782900,LMT
2018-01-26,275.3019714355469,344.8999938964844,345.1099853515625,334.739990234375,336.8699951171875,2057300,LMT
2018-01-29,280.5062561035156,351.4200134277344,354.32000732421875,342.1499938964844,350.0,2881100,LMT
2018-01-30,279.68414306640625,350.3900146484375,352.7200012207031,345.04998779296875,346.5199890136719,2032900,LMT
2018-01-31,283.244140625,354.8500061035156,358.5199890136719,352.45001220703125,353.2799987792969,1887200,LMT
2018-02-01,285.2636413574219,357.3800048828125,361.7900085449219,354.010009765625,354.260009765625,1579700,LMT
2018-02-02,281.4960632324219,352.6600036621094,358.0,351.5199890136719,355.0,1958600,LMT
2018-02-05,268.56500244140625,336.4599914550781,353.989990234375,326.1099853515625,348.6300048828125,2947100,LMT
2018-02-06,269.4670104980469,337.5899963378906,340.010009765625,327.2300109863281,328.7099914550781,2603000,LMT
2018-02-07,275.7249755859375,345.42999267578125,350.3399963378906,337.82000732421875,338.2900085449219,2052900,LMT
2018-02-08,266.84088134765625,334.29998779296875,350.989990234375,334.010009765625,350.2099914550781,2627600,LMT
2018-02-09,272.5242614746094,341.4200134277344,344.8800048828125,332.25,338.1000061035156,2366600,LMT
2018-02-12,276.02838134765625,345.80999755859375,348.4700012207031,340.1000061035156,344.5400085449219,1829200,LMT
2018-02-13,279.55645751953125,350.2300109863281,351.05999755859375,344.510009765625,345.20001220703125,1279300,LMT
2018-02-14,283.0924377441406,354.6600036621094,355.3900146484375,348.20001220703125,348.80999755859375,1652100,LMT
2018-02-15,288.1530456542969,361.0,361.0199890136719,354.739990234375,357.3999938964844,1167600,LMT
2018-02-16,287.7779541015625,360.5299987792969,363.0,357.8399963378906,361.0,1084800,LMT
2018-02-20,286.30926513671875,358.69000244140625,362.6700134277344,357.2300109863281,359.1499938964844,1102600,LMT
2018-02-21,285.00811767578125,357.05999755859375,362.9800109863281,357.0,359.0,1391000,LMT
2018-02-22,283.6911315917969,355.4100036621094,358.9700012207031,354.510009765625,358.44000244140625,1432700,LMT
2018-02-23,286.30926513671875,358.69000244140625,358.69000244140625,353.8399963378906,356.25,902500,LMT
2018-02-26,286.3171691894531,358.70001220703125,361.32000732421875,357.0799865722656,360.0,1156300,LMT
2018-02-27,285.8941955566406,358.1700134277344,362.32000732421875,358.0899963378906,359.3500061035156,1379700,LMT
2018-02-28,282.9002380371094,352.44000244140625,359.20001220703125,352.4200134277344,357.3599853515625,988400,LMT
2018-03-01,272.6658020019531,339.69000244140625,353.5799865722656,337.5799865722656,352.4599914550781,2307100,LMT
2018-03-02,274.2953186035156,341.7200012207031,342.8500061035156,335.04998779296875,337.5,1684100,LMT
2018-03-05,274.80902099609375,342.3599853515625,342.7799987792969,337.6199951171875,339.8299865722656,1812400,LMT
2018-03-06,272.5133361816406,339.5,343.989990234375,337.95001220703125,342.8999938964844,1307800,LMT
2018-03-07,274.6805419921875,342.20001220703125,343.19000244140625,334.1000061035156,336.2300109863281,1351000,LMT
2018-03-08,274.3434143066406,341.7799987792969,343.70001220703125,339.3399963378906,343.1199951171875,1056400,LMT
2018-03-09,273.3080139160156,340.489990234375,342.55999755859375,338.0799865722656,341.7799987792969,1568600,LMT
2018-03-12,267.3760681152344,333.1000061035156,341.3500061035156,333.0400085449219,341.0,2283200,LMT
2018-03-13,267.66510009765625,333.4599914550781,335.9100036621094,332.0799865722656,334.7799987792969,1622100,LMT
2018-03-14,266.236328125,331.67999267578125,336.3800048828125,327.5799865722656,335.7099914550781,1712400,LMT
2018-03-15,267.48052978515625,333.2300109863281,334.42999267578125,328.7799987792969,331.94000244140625,1877200,LMT
2018-03-16,266.0115661621094,331.3999938964844,334.3500061035156,329.2300109863281,333.3800048828125,4718100,LMT
2018-03-19,269.1019287109375,335.25,336.2300109863281,330.25,330.29998779296875,1502900,LMT
2018-03-20,269.3829040527344,335.6000061035156,339.5,335.2200012207031,335.7300109863281,1153900,LMT
2018-03-21,269.2784729003906,335.4700012207031,338.7300109863281,332.489990234375,336.260009765625,1270500,LMT
2018-03-22,262.60009765625,327.1499938964844,335.4700012207031,325.7900085449219,333.17999267578125,1536300,LMT
2018-03-23,269.9527587890625,336.30999755859375,344.1400146484375,326.7699890136719,327.0,2898600,LMT
2018-03-26,276.0692443847656,343.92999267578125,344.6000061035156,339.2699890136719,342.3999938964844,1611100,LMT
2018-03-27,271.9916076660156,338.8500061035156,345.94000244140625,336.6000061035156,345.29998779296875,1295100,LMT
2018-03-28,269.16607666015625,335.3299865722656,340.6600036621094,333.2200012207031,340.0,1422000,LMT
2018-03-29,271.2530822753906,337.92999267578125,341.0,335.3900146484375,336.0400085449219,1039300,LMT
2018-04-02,267.29595947265625,333.0,337.8999938964844,328.75,337.05999755859375,1298600,LMT
2018-04-03,268.66839599609375,334.7099914550781,337.0299987792969,330.67999267578125,334.9700012207031,1296500,LMT
2018-04-04,274.3514099121094,341.7900085449219,341.9700012207031,327.5,328.8800048828125,1449400,LMT
2018-04-05,278.2525634765625,346.6499938964844,346.92999267578125,340.010009765625,344.2300109863281,1589400,LMT
2018-04-06,268.62835693359375,334.6600036621094,344.67999267578125,332.8399963378906,343.5899963378906,1417900,LMT
2018-04-09,269.631591796875,335.9100036621094,340.8399963378906,335.4599914550781,337.4800109863281,981200,LMT
2018-04-10,272.40093994140625,339.3599853515625,341.04998779296875,337.1000061035156,340.6300048828125,996300,LMT
2018-04-11,272.4651794433594,339.44000244140625,346.25,337.9800109863281,338.510009765625,1481100,LMT
2018-04-12,275.22637939453125,342.8800048828125,344.5,340.5199890136719,340.6199951171875,1091600,LMT
2018-04-13,275.0017395019531,342.6000061035156,345.05999755859375,340.69000244140625,344.0799865722656,763100,LMT
2018-04-16,277.4900207519531,345.70001220703125,347.739990234375,344.54998779296875,344.8699951171875,1141300,LMT
2018-04-17,280.251220703125,349.1400146484375,350.1199951171875,346.1300048828125,347.7900085449219,1061800,LMT
2018-04-18,281.8646545410156,351.1499938964844,352.25,349.3399963378906,351.29998779296875,843600,LMT
2018-04-19,283.6546630859375,353.3800048828125,354.2099914550781,350.17999267578125,351.6000061035156,781700,LMT
2018-04-20,282.5389404296875,351.989990234375,355.0,351.1300048828125,354.5299987792969,1185300,LMT
2018-04-23,287.8446960449219,358.6000061035156,358.6199951171875,352.45001220703125,352.7900085449219,1986000,LMT
2018-04-24,270.0972900390625,336.489990234375,361.989990234375,330.6400146484375,360.0199890136719,3780500,LMT
2018-04-25,264.4864196777344,329.5,337.1499938964844,320.55999755859375,336.67999267578125,3030800,LMT
2018-04-26,265.2088317871094,330.3999938964844,334.8599853515625,324.1300048828125,330.0,1847500,LMT
2018-04-27,258.49029541015625,322.0299987792969,330.2300109863281,321.70001220703125,329.95001220703125,1580600,LMT
2018-04-30,257.5351257324219,320.8399963378906,325.4599914550781,320.20001220703125,322.3500061035156,1451100,LMT
2018-05-01,247.5978546142578,308.4599914550781,321.239990234375,302.0899963378906,320.489990234375,3880100,LMT
2018-05-02,245.3824462890625,305.70001220703125,313.3999938964844,305.20001220703125,307.2799987792969,2644800,LMT
2018-05-03,248.77777099609375,309.92999267578125,310.5,300.5,303.95001220703125,2889900,LMT
2018-05-04,249.9898681640625,311.44000244140625,312.70001220703125,307.260009765625,308.1099853515625,1675500,LMT
2018-05-07,255.022705078125,317.7099914550781,317.9200134277344,312.0899963378906,312.2300109863281,1816800,LMT
2018-05-08,260.2242126464844,324.19000244140625,325.3900146484375,317.29998779296875,317.7099914550781,2949500,LMT
2018-05-09,261.7732849121094,326.1199951171875,328.54998779296875,324.70001220703125,325.6199951171875,1700000,LMT
2018-05-10,260.4649658203125,324.489990234375,329.0199890136719,322.95001220703125,328.4800109863281,1261600,LMT
2018-05-11,260.1037292480469,324.0400085449219,325.8599853515625,322.760009765625,324.69000244140625,844900,LMT
2018-05-14,256.12237548828125,319.0799865722656,323.9800109863281,317.44000244140625,323.25,1417200,LMT
2018-05-15,256.67626953125,319.7699890136719,320.3500061035156,317.0,317.75,1131200,LMT
2018-05-16,256.32305908203125,319.3299865722656,321.7099914550781,318.8399963378906,320.1000061035156,915800,LMT
2018-05-17,257.1980285644531,320.4200134277344,321.5,317.3999938964844,319.0,961600,LMT
2018-05-18,257.22210693359375,320.45001220703125,322.0,319.79998779296875,320.760009765625,1013900,LMT
2018-05-21,260.2962951660156,324.2799987792969,324.5299987792969,321.1600036621094,322.5,1001500,LMT
2018-05-22,254.55722045898438,317.1300048828125,323.6000061035156,317.0400085449219,323.260009765625,1501700,LMT
2018-05-23,261.1311340332031,325.32000732421875,325.5299987792969,314.1300048828125,315.8299865722656,1603400,LMT
2018-05-24,261.95794677734375,326.3500061035156,329.1300048828125,323.3399963378906,324.6600036621094,1211900,LMT
2018-05-25,257.50299072265625,320.79998779296875,327.2200012207031,319.8599853515625,326.0,1020300,LMT
2018-05-29,254.61329650878906,317.20001220703125,320.69000244140625,315.3599853515625,319.6700134277344,1159800,LMT
2018-05-30,257.6957702636719,321.0400085449219,321.80999755859375,317.1600036621094,319.0299987792969,901400,LMT
2018-05-31,254.06094360351562,314.5400085449219,320.2799987792969,314.4700012207031,319.239990234375,1452700,LMT
2018-06-01,255.7490997314453,316.6300048828125,317.79998779296875,315.4700012207031,316.9200134277344,886900,LMT
2018-06-04,256.9930419921875,318.1700134277344,319.25,316.2200012207031,317.1099853515625,857000,LMT
2018-06-05,258.4871826171875,320.0199890136719,321.239990234375,317.489990234375,318.1099853515625,873100,LMT
2018-06-06,258.39837646484375,319.9100036621094,321.8800048828125,318.510009765625,320.7699890136719,1083400,LMT
2018-06-07,260.0462341308594,321.95001220703125,322.1499938964844,318.94000244140625,320.5,1088200,LMT
2018-06-08,260.3368835449219,322.30999755859375,322.6000061035156,318.1000061035156,321.7300109863281,1260300,LMT
2018-06-11,257.90570068359375,319.29998779296875,322.6199951171875,319.1600036621094,322.1199951171875,911100,LMT
2018-06-12,254.56173706054688,315.1600036621094,320.0299987792969,311.25,319.6300048828125,1743100,LMT
2018-06-13,253.90745544433594,314.3500061035156,317.79998779296875,312.6700134277344,314.6700134277344,2014200,LMT
2018-06-14,250.87037658691406,310.5899963378906,315.79998779296875,310.010009765625,314.5400085449219,1396200,LMT
2018-06-15,250.50697326660156,310.1400146484375,310.9700012207031,306.3399963378906,309.6199951171875,1786300,LMT
2018-06-18,250.00611877441406,309.5199890136719,310.0,306.0,307.3800048828125,1259300,LMT
2018-06-19,244.3521270751953,302.5199890136719,307.6300048828125,301.6499938964844,306.7200012207031,1821600,LMT
2018-06-20,244.62667846679688,302.8599853515625,304.9700012207031,301.2300109863281,302.3699951171875,1620800,LMT
2018-06-21,242.62356567382812,300.3800048828125,302.8599853515625,298.1000061035156,302.6499938964844,1517500,LMT
2018-06-22,241.81582641601562,299.3800048828125,301.80999755859375,298.69000244140625,301.3800048828125,1364200,LMT
2018-06-25,241.3231964111328,298.7699890136719,303.3299865722656,296.07000732421875,297.3500061035156,1944800,LMT
2018-06-26,241.573486328125,299.0799865722656,300.42999267578125,297.0799865722656,298.80999755859375,1670800,LMT
2018-06-27,238.100341796875,294.7799987792969,302.1199951171875,294.5400085449219,299.3900146484375,1523900,LMT
2018-06-28,238.47186279296875,295.239990234375,296.7099914550781,291.5199890136719,295.0,1424300,LMT
2018-06-29,238.62530517578125,295.42999267578125,299.9800109863281,295.260009765625,297.4800109863281,1267800,LMT
2018-07-02,241.60585021972656,299.1199951171875,299.29998779296875,292.32000732421875,294.1700134277344,977900,LMT
2018-07-03,241.88043212890625,299.4599914550781,302.5899963378906,298.6199951171875,300.0,651000,LMT
2018-07-05,241.6623992919922,299.19000244140625,303.1600036621094,297.19000244140625,300.2799987792969,986300,LMT
2018-07-06,241.6623992919922,299.19000244140625,301.510009765625,296.2099914550781,298.4100036621094,1103500,LMT
2018-07-09,247.55072021484375,306.4800109863281,307.4700012207031,300.3599853515625,301.0,1244400,LMT
2018-07-10,249.44886779785156,308.8299865722656,310.9100036621094,307.2099914550781,308.1099853515625,1525500,LMT
2018-07-11,247.63140869140625,306.5799865722656,309.3800048828125,305.92999267578125,307.8299865722656,896200,LMT
2018-07-12,253.06739807128906,313.30999755859375,314.4700012207031,308.79998779296875,309.3999938964844,1283300,LMT
2018-07-13,257.15447998046875,318.3699951171875,319.5,313.5199890136719,313.67999267578125,1662500,LMT
2018-07-16,257.7037353515625,319.04998779296875,323.3800048828125,317.5799865722656,319.3800048828125,1303400,LMT
2018-07-17,256.4516906738281,317.5,320.9800109863281,316.1199951171875,319.8900146484375,868200,LMT
2018-07-18,258.2853088378906,319.7699890136719,320.5799865722656,316.5,317.7099914550781,860400,LMT
2018-07-19,258.1479187011719,319.6000061035156,320.8599853515625,318.17999267578125,319.29998779296875,759900,LMT
2018-07-20,260.53076171875,322.54998779296875,322.8500061035156,317.44000244140625,318.3500061035156,1563900,LMT
2018-07-23,257.1221923828125,318.3299865722656,323.5,316.7900085449219,322.54998779296875,1585300,LMT
2018-07-24,260.5469055175781,322.57000732421875,329.6499938964844,313.0,325.0,3253400,LMT
2018-07-25,261.99273681640625,324.3599853515625,324.9700012207031,316.6700134277344,323.04998779296875,2104600,LMT
2018-07-26,260.84576416015625,322.94000244140625,325.8699951171875,321.1700134277344,324.8299865722656,2011800,LMT
2018-07-27,261.7746887207031,324.0899963378906,325.1400146484375,321.7900085449219,324.3999938964844,1009900,LMT
2018-07-30,258.5599365234375,320.1099853515625,325.989990234375,319.6199951171875,324.1000061035156,1270500,LMT
2018-07-31,263.3981628417969,326.1000061035156,326.42999267578125,321.3800048828125,321.3800048828125,986300,LMT
2018-08-01,262.4532165527344,324.92999267578125,326.07000732421875,322.57000732421875,325.5899963378906,1392200,LMT
2018-08-02,260.1026611328125,322.0199890136719,323.1499938964844,320.239990234375,322.5299987792969,820400,LMT
2018-08-03,258.9152526855469,320.54998779296875,322.6199951171875,319.1099853515625,322.6199951171875,945400,LMT
2018-08-06,255.9832763671875,316.9200134277344,318.6099853515625,313.67999267578125,318.6099853515625,1736700,LMT
2018-08-07,256.3790588378906,317.4100036621094,318.239990234375,313.5799865722656,317.239990234375,1088500,LMT
2018-08-08,254.682861328125,315.30999755859375,317.7799987792969,314.2099914550781,317.5,922600,LMT
2018-08-09,255.00588989257812,315.7099914550781,316.5,312.6700134277344,314.7900085449219,1048200,LMT
2018-08-10,252.91397094726562,313.1199951171875,314.8999938964844,311.3900146484375,314.8999938964844,1081900,LMT
2018-08-13,253.33395385742188,313.6400146484375,315.260009765625,312.0,312.510009765625,790300,LMT
2018-08-14,257.33221435546875,318.5899963378906,320.2099914550781,314.6300048828125,314.8900146484375,974500,LMT
2018-08-15,256.6133117675781,317.70001220703125,318.9100036621094,314.44000244140625,318.3699951171875,1321400,LMT
2018-08-16,263.204345703125,325.8599853515625,326.6199951171875,319.80999755859375,320.0,1195200,LMT
2018-08-17,262.6954650878906,325.2300109863281,327.4200134277344,324.7200012207031,325.8599853515625,1397400,LMT
2018-08-20,261.879638671875,324.2200012207031,325.9700012207031,323.80999755859375,325.260009765625,877400,LMT
2018-08-21,262.0170593261719,324.3900146484375,325.4100036621094,323.1300048828125,324.3999938964844,1167600,LMT
2018-08-22,260.0219421386719,321.9200134277344,324.5199890136719,321.79998779296875,324.04998779296875,690600,LMT
2018-08-23,258.4790954589844,320.010009765625,322.1499938964844,318.8699951171875,322.0799865722656,717700,LMT
2018-08-24,259.5129699707031,321.2900085449219,321.3900146484375,318.7200012207031,320.0,773200,LMT
2018-08-27,261.97662353515625,324.3399963378906,325.0,322.0,322.07000732421875,737500,LMT
2018-08-28,261.97662353515625,324.3399963378906,325.0,322.29998779296875,324.6600036621094,820000,LMT
2018-08-29,261.96044921875,324.32000732421875,324.9200134277344,322.20001220703125,324.4599914550781,966000,LMT
2018-08-30,259.9653625488281,321.8500061035156,326.489990234375,320.92999267578125,324.0,1409700,LMT
2018-08-31,260.4205627441406,320.4100036621094,320.8900146484375,317.010009765625,318.55999755859375,1055500,LMT
2018-09-04,261.6396179199219,321.9100036621094,322.25,317.6000061035156,320.0,947400,LMT
2018-09-05,261.1683044433594,321.3299865722656,321.6700134277344,319.510009765625,320.8900146484375,892700,LMT
2018-09-06,267.3291320800781,328.9100036621094,329.5400085449219,321.29998779296875,321.55999755859375,1326600,LMT
2018-09-07,267.020263671875,328.5299987792969,330.8800048828125,326.8900146484375,328.0299987792969,1292000,LMT
2018-09-10,262.4849853515625,322.95001220703125,329.17999267578125,322.6600036621094,328.7200012207031,1424000,LMT
2018-09-11,261.8997802734375,322.2300109863281,323.8500061035156,320.29998779296875,322.0400085449219,798200,LMT
2018-09-12,264.3788146972656,325.2799987792969,325.8399963378906,321.3800048828125,321.3800048828125,1326400,LMT
2018-09-13,269.2554016113281,331.2799987792969,331.8599853515625,326.5899963378906,326.7200012207031,1294800,LMT
2018-09-14,272.9290771484375,335.79998779296875,336.5,329.5,331.30999755859375,1312000,LMT
2018-09-17,275.8062744140625,339.3399963378906,339.67999267578125,336.0,336.5,1117300,LMT
2018-09-18,278.9598083496094,343.2200012207031,344.8500061035156,339.4800109863281,340.0,1149100,LMT
2018-09-19,275.7737731933594,339.29998779296875,345.7699890136719,336.510009765625,343.2200012207031,1771200,LMT
2018-09-20,270.7590026855469,333.1300048828125,340.29998779296875,329.010009765625,339.8599853515625,2003900,LMT
2018-09-21,274.4408264160156,337.6600036621094,337.9100036621094,334.07000732421875,334.07000732421875,1875700,LMT
2018-09-24,274.3758544921875,337.5799865722656,339.32000732421875,334.29998779296875,336.80999755859375,1176800,LMT
2018-09-25,279.2199401855469,343.5400085449219,345.3299865722656,337.45001220703125,338.4800109863281,1360500,LMT
2018-09-26,278.68359375,342.8800048828125,344.8599853515625,342.3900146484375,343.0,1159900,LMT
2018-09-27,281.2599792480469,346.04998779296875,346.7900085449219,342.4100036621094,344.1600036621094,1170000,LMT
2018-09-28,281.1868591308594,345.9599914550781,348.0,344.7099914550781,345.7200012207031,1827500,LMT
2018-10-01,282.7880554199219,347.92999267578125,348.3299865722656,344.8699951171875,347.0899963378906,809500,LMT
2018-10-02,283.7146301269531,349.07000732421875,349.8800048828125,346.3699951171875,348.6199951171875,960500,LMT
2018-10-03,282.38970947265625,347.44000244140625,351.3500061035156,347.2200012207031,350.0,1237500,LMT
2018-10-04,284.0316162109375,349.4599914550781,349.6600036621094,345.5899963378906,346.82000732421875,1203600,LMT
2018-10-05,282.202880859375,347.2099914550781,350.8999938964844,345.6499938964844,348.29998779296875,889000,LMT
2018-10-08,284.4135437011719,349.92999267578125,350.489990234375,346.2699890136719,346.8900146484375,825100,LMT
2018-10-09,282.2842102050781,347.30999755859375,349.4599914550781,346.1600036621094,348.6199951171875,986100,LMT
2018-10-10,273.7012023925781,336.75,347.25,336.75,346.8500061035156,1792500,LMT
2018-10-11,265.1752624511719,326.260009765625,338.0,325.010009765625,334.7300109863281,1937900,LMT
2018-10-12,266.2806091308594,327.6199951171875,331.4700012207031,322.6000061035156,330.5899963378906,1294000,LMT
2018-10-15,269.2228088378906,331.239990234375,333.9800109863281,327.92999267578125,327.92999267578125,1003600,LMT
2018-10-16,274.0101318359375,337.1300048828125,337.3999938964844,331.1400146484375,332.4700012207031,860300,LMT
2018-10-17,270.97845458984375,333.3999938964844,337.19000244140625,333.32000732421875,335.7200012207031,1181700,LMT
2018-10-18,266.5895080566406,328.0,333.32000732421875,325.0400085449219,331.3500061035156,1323000,LMT
2018-10-19,266.7032775878906,328.1400146484375,330.0400085449219,326.05999755859375,327.20001220703125,1101200,LMT
2018-10-22,265.59783935546875,326.7799987792969,331.6199951171875,324.4700012207031,331.6199951171875,1407700,LMT
2018-10-23,261.18450927734375,321.3500061035156,334.7699890136719,315.5899963378906,325.2300109863281,2995700,LMT
2018-10-24,252.87794494628906,311.1300048828125,328.1099853515625,310.4200134277344,328.1099853515625,2396800,LMT
2018-10-25,249.0417022705078,306.4100036621094,316.54998779296875,305.45001220703125,313.2099914550781,2352500,LMT
2018-10-26,247.93629455566406,305.04998779296875,308.9700012207031,301.6600036621094,303.3999938964844,1909600,LMT
2018-10-29,232.99757385253906,286.6700134277344,309.5,283.2099914550781,309.5,3262900,LMT
2018-10-30,236.57374572753906,291.07000732421875,292.5,283.7200012207031,285.6099853515625,2870000,LMT
2018-10-31,238.833251953125,293.8500061035156,299.1000061035156,293.5299987792969,294.3599853515625,1980100,LMT
2018-11-01,243.36041259765625,299.4200134277344,301.44000244140625,295.010009765625,295.7300109863281,1526900,LMT
2018-11-02,243.2466278076172,299.2799987792969,302.75,297.75,301.0400085449219,1597200,LMT
2018-11-05,246.4408721923828,303.2099914550781,304.29998779296875,300.5899963378906,302.0,1650500,LMT
2018-11-06,249.16355895996094,306.55999755859375,308.760009765625,304.04998779296875,304.04998779296875,1123200,LMT
2018-11-07,251.8131866455078,309.82000732421875,309.9599914550781,304.1600036621094,308.05999755859375,983000,LMT
2018-11-08,250.7891387939453,308.55999755859375,311.0199890136719,306.3599853515625,310.0,879000,LMT
2018-11-09,254.49537658691406,313.1199951171875,314.1600036621094,307.1400146484375,307.19000244140625,1294300,LMT
2018-11-12,247.99325561523438,305.1199951171875,314.2300109863281,304.6000061035156,313.20001220703125,1117800,LMT
2018-11-13,248.4970703125,305.739990234375,308.8599853515625,302.2300109863281,304.80999755859375,1121000,LMT
2018-11-14,246.58712768554688,303.3900146484375,309.67999267578125,303.010009765625,308.2699890136719,1192800,LMT
2018-11-15,248.28582763671875,305.4800109863281,308.0,299.739990234375,302.1700134277344,1233100,LMT
2018-11-16,244.8397216796875,301.239990234375,305.25,299.8699951171875,303.8399963378906,1319500,LMT
2018-11-19,239.43472290039062,294.5899963378906,301.0899963378906,293.2200012207031,301.0899963378906,1558900,LMT
2018-11-20,238.84141540527344,293.8599853515625,295.25,288.55999755859375,291.3599853515625,1281100,LMT
2018-11-21,239.1908721923828,294.2900085449219,297.8500061035156,294.2300109863281,295.0,1355600,LMT
2018-11-23,240.0767822265625,295.3800048828125,297.94000244140625,291.92999267578125,293.05999755859375,434300,LMT
2018-11-26,239.9955596923828,295.2799987792969,298.8500061035156,292.9200134277344,297.0400085449219,1375900,LMT
2018-11-27,240.00375366210938,295.2900085449219,295.6600036621094,289.6000061035156,293.8999938964844,1477400,LMT
2018-11-28,243.7830810546875,299.94000244140625,300.5299987792969,293.94000244140625,297.8500061035156,1282700,LMT
2018-11-29,245.7987518310547,302.4200134277344,304.9800109863281,300.2799987792969,301.0,2788500,LMT
2018-11-30,245.97067260742188,300.42999267578125,303.5299987792969,297.8800048828125,300.75,3666200,LMT
2018-12-03,242.99057006835938,296.7900085449219,305.3299865722656,295.8999938964844,304.94000244140625,1764700,LMT
2018-12-04,234.75408935546875,286.7300109863281,295.7200012207031,286.0299987792969,295.7200012207031,2208100,LMT
2018-12-06,234.44297790527344,286.3500061035156,286.8900146484375,277.20001220703125,282.8999938964844,2793700,LMT
2018-12-07,233.66513061523438,285.3999938964844,290.3500061035156,285.2099914550781,285.3999938964844,1407200,LMT
2018-12-10,244.30870056152344,298.3999938964844,298.92999267578125,289.19000244140625,289.92999267578125,2417900,LMT
2018-12-11,239.1915740966797,292.1499938964844,303.25,290.3299865722656,302.67999267578125,1764500,LMT
2018-12-12,239.47816467285156,292.5,296.79998779296875,292.010009765625,295.989990234375,1121500,LMT
2018-12-13,239.25706481933594,292.2300109863281,295.2699890136719,291.0,293.2699890136719,1125300,LMT
2018-12-14,235.5482635498047,287.70001220703125,291.239990234375,286.6199951171875,290.0,1881600,LMT
2018-12-17,228.61366271972656,279.2300109863281,286.7900085449219,277.8399963378906,286.20001220703125,1649100,LMT
2018-12-18,228.81007385253906,279.4700012207031,283.8399963378906,278.04998779296875,281.54998779296875,1707900,LMT
2018-12-19,224.29888916015625,273.9599914550781,283.80999755859375,271.5199890136719,279.75,1716900,LMT
2018-12-20,217.2006072998047,265.2900085449219,273.82000732421875,261.4100036621094,271.989990234375,2327700,LMT
2018-12-21,210.04486083984375,256.54998779296875,262.6400146484375,255.3000030517578,260.7799987792969,3738600,LMT
2018-12-24,200.7686767578125,245.22000122070312,254.6300048828125,245.00999450683594,253.02999877929688,1515400,LMT
2018-12-26,206.00851440429688,251.6199951171875,251.88999938964844,241.17999267578125,246.30999755859375,1797600,LMT
2018-12-27,212.69754028320312,259.7900085449219,259.7900085449219,248.1999969482422,249.25,2201400,LMT
2018-12-28,213.90106201171875,261.260009765625,264.8299865722656,260.1400146484375,263.010009765625,1983800,LMT
2018-12-31,214.3759307861328,261.8399963378906,265.1099853515625,259.8500061035156,262.1499938964844,1184900,LMT
2019-01-02,216.74203491210938,264.7300109863281,265.29998779296875,256.7900085449219,258.3599853515625,1064700,LMT
2019-01-03,211.29750061035156,258.0799865722656,264.0,257.3800048828125,262.32000732421875,1165600,LMT
2019-01-04,216.995849609375,265.0400085449219,265.489990234375,260.3399963378906,261.9200134277344,1443800,LMT
2019-01-07,219.4847869873047,268.0799865722656,270.0,263.8599853515625,266.0,1465200,LMT
2019-01-08,220.95033264160156,269.8699951171875,271.75,267.80999755859375,271.1300048828125,1791400,LMT
2019-01-09,221.49888610839844,270.5400085449219,272.2200012207031,269.1300048828125,270.1300048828125,1235900,LMT
2019-01-10,227.197265625,277.5,277.67999267578125,269.5,269.6199951171875,1842500,LMT
2019-01-11,227.38552856445312,277.7300109863281,277.760009765625,272.42999267578125,275.7900085449219,1157800,LMT
2019-01-14,227.2053985595703,277.510009765625,279.5199890136719,274.42999267578125,276.6700134277344,1388600,LMT
2019-01-15,225.96910095214844,276.0,278.3299865722656,273.510009765625,278.2300109863281,1193500,LMT
2019-01-16,223.0135498046875,272.3900146484375,275.69000244140625,270.6300048828125,275.3999938964844,1324900,LMT
2019-01-17,228.261474609375,278.79998779296875,279.989990234375,270.8399963378906,271.1700134277344,1242000,LMT
2019-01-18,231.59381103515625,282.8699951171875,285.3699951171875,279.7200012207031,281.17999267578125,2073500,LMT
2019-01-22,228.90835571289062,279.5899963378906,284.6199951171875,278.0,281.3900146484375,1885100,LMT
2019-01-23,232.1178741455078,283.510009765625,285.7300109863281,280.5,282.1099853515625,1631000,LMT
2019-01-24,233.54238891601562,285.25,288.239990234375,282.5899963378906,284.5899963378906,1017500,LMT
2019-01-25,235.00784301757812,287.0400085449219,289.29998779296875,286.1300048828125,288.1700134277344,1050400,LMT
2019-01-28,235.68740844726562,287.8699951171875,288.4100036621094,282.8900146484375,285.0,1166400,LMT
2019-01-29,239.1096649169922,292.04998779296875,292.8599853515625,281.0,281.1099853515625,2037300,LMT
2019-01-30,238.7986297607422,291.6700134277344,293.989990234375,286.7699890136719,293.95001220703125,1781800,LMT
2019-01-31,237.177490234375,289.69000244140625,292.8299865722656,287.7900085449219,290.1700134277344,1311100,LMT
2019-02-01,237.90615844726562,290.5799865722656,292.5799865722656,289.20001220703125,290.8500061035156,1358900,LMT
2019-02-04,244.61166381835938,298.7699890136719,299.05999755859375,290.1099853515625,290.8999938964844,1328900,LMT
2019-02-05,245.1764678955078,299.4599914550781,302.9800109863281,297.2300109863281,300.0,1454800,LMT
2019-02-06,245.4794464111328,299.8299865722656,302.67999267578125,299.010009765625,299.989990234375,1114300,LMT
2019-02-07,245.72506713867188,300.1300048828125,300.3599853515625,296.1400146484375,298.7900085449219,1150100,LMT
2019-02-08,246.84669494628906,301.5,301.6300048828125,297.0,299.2200012207031,1021600,LMT
2019-02-11,245.65139770507812,300.0400085449219,302.75,298.79998779296875,301.7799987792969,1077900,LMT
2019-02-12,248.98358154296875,304.1099853515625,304.32000732421875,300.8599853515625,301.4700012207031,840600,LMT
2019-02-13,249.2374267578125,304.4200134277344,305.95001220703125,303.67999267578125,305.0,958500,LMT
2019-02-14,246.4373016357422,301.0,304.0,300.9100036621094,303.3599853515625,888200,LMT
2019-02-15,251.53802490234375,307.2300109863281,307.3299865722656,304.010009765625,304.010009765625,847700,LMT
2019-02-19,249.85963439941406,305.17999267578125,306.5899963378906,303.760009765625,305.9700012207031,929500,LMT
2019-02-20,251.51348876953125,307.20001220703125,307.20001220703125,304.2900085449219,305.0,870600,LMT
2019-02-21,249.31100463867188,304.510009765625,307.1700134277344,303.2799987792969,307.05999755859375,1045000,LMT
2019-02-22,251.4561004638672,307.1300048828125,307.3599853515625,303.8999938964844,305.9100036621094,581800,LMT
2019-02-25,250.50636291503906,305.9700012207031,309.3999938964844,305.54998779296875,308.8900146484375,1088000,LMT
2019-02-26,250.4327392578125,305.8800048828125,308.0799865722656,305.010009765625,305.6000061035156,871600,LMT
2019-02-27,251.82460021972656,307.5799865722656,307.94000244140625,304.1099853515625,305.0199890136719,1121300,LMT
2019-02-28,255.1478729248047,309.4100036621094,311.75,306.1199951171875,307.44000244140625,1839100,LMT
2019-03-01,255.19737243652344,309.4700012207031,311.55999755859375,306.44000244140625,311.55999755859375,1424900,LMT
2019-03-04,251.255615234375,304.69000244140625,311.7799987792969,303.4800109863281,311.7799987792969,1070900,LMT
2019-03-05,252.1378631591797,305.760009765625,307.2200012207031,304.2200012207031,306.010009765625,907600,LMT
2019-03-06,250.1258087158203,303.32000732421875,308.3500061035156,303.32000732421875,306.4800109863281,879200,LMT
2019-03-07,249.8702392578125,303.010009765625,303.20001220703125,297.4200134277344,302.8999938964844,1255500,LMT
2019-03-08,248.17149353027344,300.95001220703125,301.69000244140625,298.7699890136719,300.57000732421875,1054100,LMT
2019-03-11,251.01651000976562,304.3999938964844,304.5799865722656,298.6300048828125,299.6199951171875,1294400,LMT
2019-03-12,248.9713897705078,301.9200134277344,305.30999755859375,300.7900085449219,304.6000061035156,1248800,LMT
2019-03-13,250.23306274414062,303.45001220703125,304.55999755859375,301.1199951171875,303.05999755859375,1133400,LMT
2019-03-14,246.1593780517578,298.510009765625,304.4599914550781,298.32000732421875,303.4200134277344,1178400,LMT
2019-03-15,244.2132110595703,296.1499938964844,299.2300109863281,293.7699890136719,298.8599853515625,4516500,LMT
2019-03-18,245.44195556640625,297.6400146484375,298.3599853515625,293.2699890136719,295.8699951171875,1793600,LMT
2019-03-19,244.58432006835938,296.6000061035156,302.1400146484375,295.44000244140625,299.4800109863281,1504000,LMT
2019-03-20,244.0731201171875,295.9800109863281,298.7099914550781,295.05999755859375,296.9100036621094,1321800,LMT
2019-03-21,246.57174682617188,299.010009765625,300.07000732421875,295.0,295.3699951171875,1145700,LMT
2019-03-22,242.44857788085938,294.010009765625,298.3999938964844,293.8800048828125,297.6499938964844,942800,LMT
2019-03-25,242.539306640625,294.1199951171875,295.82000732421875,292.5299987792969,294.4100036621094,779700,LMT
2019-03-26,243.1990203857422,294.9200134277344,297.6000061035156,292.69000244140625,296.0899963378906,882300,LMT
2019-03-27,242.39910888671875,293.95001220703125,297.8900146484375,292.8500061035156,295.6199951171875,835600,LMT
2019-03-28,243.75978088378906,295.6000061035156,295.94000244140625,293.6499938964844,295.0299987792969,567100,LMT
2019-03-29,247.52001953125,300.1600036621094,300.5899963378906,296.739990234375,297.5,1212000,LMT
2019-04-01,250.92578125,304.2900085449219,306.1099853515625,301.8399963378906,302.55999755859375,1153900,LMT
2019-04-02,249.9444122314453,303.1000061035156,306.7799987792969,302.8699951171875,304.8699951171875,872600,LMT
2019-04-03,245.13685607910156,297.2699890136719,304.3999938964844,296.1400146484375,303.6099853515625,1178300,LMT
2019-04-04,247.11593627929688,299.6700134277344,302.04998779296875,297.8900146484375,298.1600036621094,789500,LMT
2019-04-05,249.51564025878906,302.5799865722656,302.6600036621094,299.7099914550781,299.9100036621094,705200,LMT
2019-04-08,252.05543518066406,305.6600036621094,305.8599853515625,300.6700134277344,301.989990234375,1121400,LMT
2019-04-09,249.5980224609375,302.67999267578125,304.5799865722656,301.19000244140625,304.3599853515625,867100,LMT
2019-04-10,246.6623992919922,299.1199951171875,302.3500061035156,297.3299865722656,302.2300109863281,1226200,LMT
2019-04-11,251.997802734375,305.5899963378906,305.8299865722656,300.0,300.2300109863281,829500,LMT
2019-04-12,255.38697814941406,309.70001220703125,309.7799987792969,306.0299987792969,307.0,891800,LMT
2019-04-15,254.570556640625,308.7099914550781,310.0,307.5400085449219,309.9599914550781,864800,LMT
2019-04-16,255.68380737304688,310.05999755859375,310.6300048828125,308.1000061035156,309.2200012207031,833900,LMT
2019-04-17,256.04669189453125,310.5,312.42999267578125,309.7799987792969,311.2200012207031,1041400,LMT
2019-04-18,259.14727783203125,314.260009765625,314.57000732421875,309.4700012207031,311.0299987792969,1107100,LMT
2019-04-22,259.971923828125,315.260009765625,316.260009765625,313.2699890136719,314.25,1319000,LMT
2019-04-23,274.6832275390625,333.1000061035156,337.32000732421875,324.5199890136719,326.5199890136719,3425800,LMT
2019-04-24,272.2258605957031,330.1199951171875,335.7799987792969,327.8399963378906,333.8999938964844,2089900,LMT
2019-04-25,271.1950988769531,328.8699951171875,334.2300109863281,328.4599914550781,330.25,1506500,LMT
2019-04-26,270.7496643066406,328.3299865722656,330.75,327.0799865722656,329.6000061035156,873200,LMT
2019-04-29,270.9642028808594,328.5899963378906,331.1499938964844,327.2099914550781,328.3999938964844,969100,LMT
2019-04-30,274.8728942871094,333.3299865722656,333.8599853515625,328.4599914550781,329.5199890136719,990000,LMT
2019-05-01,273.6524658203125,331.8500061035156,337.2099914550781,331.5799865722656,334.25,1104300,LMT
2019-05-02,274.229736328125,332.54998779296875,332.70001220703125,328.239990234375,332.010009765625,962300,LMT
2019-05-03,275.4832458496094,334.07000732421875,335.6400146484375,331.20001220703125,333.5799865722656,806700,LMT
2019-05-06,276.8437805175781,335.7200012207031,336.5299987792969,330.1700134277344,330.5,812800,LMT
2019-05-07,272.86907958984375,330.8999938964844,334.739990234375,328.8399963378906,334.739990234375,1176400,LMT
2019-05-08,275.5738525390625,334.17999267578125,336.8800048828125,330.3500061035156,330.8999938964844,1083800,LMT
2019-05-09,279.8453674316406,339.3599853515625,340.3299865722656,331.94000244140625,334.0,1496500,LMT
2019-05-10,281.4864196777344,341.3500061035156,341.6199951171875,335.2699890136719,337.4100036621094,1204900,LMT
2019-05-13,276.55511474609375,335.3699951171875,339.75,333.20001220703125,335.25,1504000,LMT
2019-05-14,277.2148742675781,336.1700134277344,340.9200134277344,334.75,336.010009765625,1171600,LMT
2019-05-15,275.5491027832031,334.1499938964844,335.7099914550781,329.92999267578125,335.2900085449219,1127000,LMT
2019-05-16,279.8700866699219,339.3900146484375,339.6499938964844,334.8500061035156,335.9200134277344,1092100,LMT
2019-05-17,278.71563720703125,337.989990234375,340.95001220703125,336.4599914550781,336.4599914550781,1268400,LMT
2019-05-20,282.03057861328125,342.010009765625,344.2900085449219,337.239990234375,337.239990234375,1388200,LMT
2019-05-21,283.63043212890625,343.95001220703125,344.79998779296875,339.5,343.6000061035156,1097800,LMT
2019-05-22,281.4451599121094,341.29998779296875,343.2900085449219,339.8800048828125,343.2900085449219,1049300,LMT
2019-05-23,280.4309387207031,340.07000732421875,341.44000244140625,336.0799865722656,339.7200012207031,1461200,LMT
2019-05-24,279.36712646484375,338.7799987792969,341.6199951171875,337.2699890136719,340.6700134277344,1293100,LMT
2019-05-28,278.6331481933594,337.8900146484375,341.2799987792969,337.1000061035156,338.9599914550781,3559400,LMT
2019-05-29,279.8288879394531,339.3399963378906,340.3599853515625,335.2799987792969,336.7799987792969,1184400,LMT
2019-05-30,281.9893798828125,341.9599914550781,343.4800109863281,339.75,340.0,859100,LMT
2019-05-31,280.9769287109375,338.5400085449219,341.1400146484375,337.489990234375,337.5899963378906,1024000,LMT
2019-06-03,285.98150634765625,344.57000732421875,344.7799987792969,337.8999938964844,338.0799865722656,1345100,LMT
2019-06-04,289.9488525390625,349.3500061035156,349.67999267578125,345.8800048828125,345.8800048828125,1573300,LMT
2019-06-05,292.7291564941406,352.70001220703125,352.8599853515625,348.510009765625,349.989990234375,1750500,LMT
2019-06-06,292.5797119140625,352.5199890136719,354.3399963378906,350.1499938964844,353.3699951171875,1149800,LMT
2019-06-07,294.8289794921875,355.2300109863281,356.1499938964844,352.3999938964844,353.45001220703125,1125800,LMT
2019-06-10,291.8162536621094,351.6000061035156,358.6300048828125,350.7300109863281,357.9700012207031,1356200,LMT
2019-06-11,285.5417175292969,344.0400085449219,352.54998779296875,340.8699951171875,352.010009765625,1684300,LMT
2019-06-12,286.76171875,345.510009765625,346.1400146484375,342.32000732421875,344.2300109863281,1131900,LMT
2019-06-13,289.7247314453125,349.0799865722656,349.7099914550781,344.3999938964844,347.5799865722656,1203900,LMT
2019-06-14,290.6045227050781,350.1400146484375,352.4599914550781,348.44000244140625,349.0799865722656,1059400,LMT
2019-06-17,289.4010925292969,348.69000244140625,352.4100036621094,346.760009765625,351.2200012207031,904200,LMT
2019-06-18,293.40972900390625,353.5199890136719,354.2799987792969,348.3900146484375,349.489990234375,826400,LMT
2019-06-19,295.2440185546875,355.7300109863281,356.54998779296875,353.19000244140625,353.760009765625,816500,LMT
2019-06-20,301.1118469238281,362.79998779296875,363.3299865722656,357.7099914550781,357.7699890136719,1048800,LMT
2019-06-21,298.2567138671875,359.3599853515625,362.739990234375,357.57000732421875,362.2300109863281,1544700,LMT
2019-06-24,298.7712707519531,359.9800109863281,362.8800048828125,359.739990234375,360.44000244140625,1766700,LMT
2019-06-25,299.252685546875,360.55999755859375,362.79998779296875,359.739990234375,360.0,1168900,LMT
2019-06-26,298.37286376953125,359.5,362.0,357.0,361.6400146484375,977700,LMT
2019-06-27,298.03265380859375,359.0899963378906,360.5199890136719,357.260009765625,359.92999267578125,826500,LMT
2019-06-28,301.7260437011719,363.5400085449219,363.75,357.6700134277344,359.4800109863281,1369600,LMT
2019-07-01,300.0080261230469,361.4700012207031,366.7699890136719,361.04998779296875,365.4100036621094,1003900,LMT
2019-07-02,305.07073974609375,367.57000732421875,367.57000732421875,361.07000732421875,361.5799865722656,1052800,LMT
2019-07-03,307.4029541015625,370.3800048828125,370.4700012207031,365.3500061035156,367.94000244140625,742100,LMT
2019-07-05,307.021240234375,369.9200134277344,370.8299865722656,366.6700134277344,369.8800048828125,716900,LMT
2019-07-08,306.4071044921875,369.17999267578125,369.9200134277344,366.7799987792969,368.5400085449219,646600,LMT
2019-07-09,306.86358642578125,369.7300109863281,370.25,366.1000061035156,367.75,651000,LMT
2019-07-10,305.560546875,368.1600036621094,373.3699951171875,367.8399963378906,370.0,818700,LMT
2019-07-11,305.6185607910156,368.2300109863281,369.3800048828125,366.2099914550781,368.1600036621094,1358000,LMT
2019-07-12,306.6310729980469,369.45001220703125,369.510009765625,366.8299865722656,369.20001220703125,1148700,LMT
2019-07-15,305.1703796386719,367.69000244140625,370.010009765625,366.8999938964844,369.8399963378906,1010700,LMT
2019-07-16,303.2283020019531,365.3500061035156,368.4200134277344,365.1600036621094,368.0,1027100,LMT
2019-07-17,297.5180969238281,358.4700012207031,365.4700012207031,357.8500061035156,365.3500061035156,1867000,LMT
2019-07-18,295.6424255371094,356.2099914550781,358.3800048828125,352.7900085449219,358.2900085449219,1704900,LMT
2019-07-19,296.26483154296875,356.9599914550781,359.1000061035156,355.8500061035156,357.6400146484375,1463300,LMT
2019-07-22,296.82086181640625,357.6300048828125,358.4700012207031,355.55999755859375,357.44000244140625,1144700,LMT
2019-07-23,296.96197509765625,357.79998779296875,363.0,350.80999755859375,363.0,2343900,LMT
2019-07-24,306.17462158203125,368.8999938964844,368.989990234375,358.0,358.20001220703125,1900400,LMT
2019-07-25,307.3531799316406,370.32000732421875,372.7099914550781,367.1499938964844,368.760009765625,1143300,LMT
2019-07-26,306.6393737792969,369.4599914550781,370.7099914550781,367.7799987792969,369.6099853515625,791300,LMT
2019-07-29,306.77227783203125,369.6199951171875,370.1099853515625,367.95001220703125,369.4100036621094,659200,LMT
2019-07-30,303.7593688964844,365.989990234375,370.6700134277344,365.3299865722656,368.6300048828125,699400,LMT
2019-07-31,300.5889892578125,362.1700134277344,368.7099914550781,359.2900085449219,365.9100036621094,1037100,LMT
2019-08-01,301.3525390625,363.0899963378906,367.3399963378906,359.19000244140625,361.7200012207031,1220300,LMT
2019-08-02,300.3731994628906,361.9100036621094,364.30999755859375,359.489990234375,364.1300048828125,836300,LMT
2019-08-05,297.48492431640625,358.42999267578125,361.1000061035156,353.9700012207031,356.54998779296875,1464600,LMT
2019-08-06,304.4151306152344,366.7799987792969,366.8900146484375,358.8399963378906,361.2799987792969,1124900,LMT
2019-08-07,306.5066223144531,369.29998779296875,370.92999267578125,362.0199890136719,364.0199890136719,1243000,LMT
2019-08-08,313.03851318359375,377.1700134277344,378.3999938964844,370.010009765625,370.010009765625,1185800,LMT
2019-08-09,312.90576171875,377.010009765625,379.3599853515625,373.3299865722656,376.1000061035156,872000,LMT
2019-08-12,312.89739990234375,377.0,378.04998779296875,373.6000061035156,375.0,706100,LMT
2019-08-13,313.0799865722656,377.2200012207031,381.510009765625,375.2799987792969,377.989990234375,1054900,LMT
2019-08-14,306.2078552246094,368.94000244140625,376.0,367.3599853515625,376.0,1469100,LMT
2019-08-15,309.95928955078125,373.4599914550781,374.57000732421875,367.1700134277344,369.1499938964844,1066900,LMT
2019-08-16,312.89739990234375,377.0,378.3399963378906,373.3699951171875,376.1000061035156,821400,LMT
2019-08-19,315.77734375,380.4700012207031,381.67999267578125,378.5199890136719,379.75,799900,LMT
2019-08-20,316.8397216796875,381.75,384.1000061035156,379.5,380.5,920600,LMT
2019-08-21,317.8772277832031,383.0,384.2799987792969,379.2900085449219,384.0,791500,LMT
2019-08-22,320.2675476074219,385.8800048828125,386.6499938964844,380.7200012207031,383.0,742600,LMT
2019-08-23,312.80609130859375,376.8900146484375,386.92999267578125,374.6099853515625,385.2799987792969,1392700,LMT
2019-08-26,315.6528625488281,380.32000732421875,380.55999755859375,375.5,380.0,688100,LMT
2019-08-27,315.37896728515625,379.989990234375,382.2099914550781,377.25,381.75,760300,LMT
2019-08-28,316.1923522949219,380.9700012207031,383.0,376.7699890136719,379.0400085449219,820500,LMT
2019-08-29,319.06402587890625,384.42999267578125,385.7799987792969,380.79998779296875,384.5299987792969,1063500,LMT
2019-08-30,320.6332702636719,384.1099853515625,384.739990234375,381.510009765625,383.25,760700,LMT
2019-09-03,321.11749267578125,384.69000244140625,385.17999267578125,379.7900085449219,380.989990234375,891700,LMT
2019-09-04,324.7820129394531,389.0799865722656,389.70001220703125,385.8999938964844,387.30999755859375,792200,LMT
2019-09-05,321.5014953613281,385.1499938964844,393.42999267578125,384.9800109863281,390.4800109863281,941500,LMT
2019-09-06,322.67840576171875,386.55999755859375,388.45001220703125,385.80999755859375,387.2799987792969,701100,LMT
2019-09-09,317.3778076171875,380.2099914550781,388.2900085449219,380.0400085449219,387.95001220703125,1146900,LMT
2019-09-10,318.3044738769531,381.32000732421875,381.32000732421875,370.4599914550781,377.2900085449219,1297600,LMT
2019-09-11,318.4964294433594,381.54998779296875,385.79998779296875,380.05999755859375,381.20001220703125,1125300,LMT
2019-09-12,322.7369689941406,386.6300048828125,388.510009765625,383.2699890136719,384.489990234375,855100,LMT
2019-09-13,321.2594299316406,384.8599853515625,387.7699890136719,383.6000061035156,387.7699890136719,898600,LMT
2019-09-16,327.77044677734375,392.6600036621094,394.6000061035156,386.8900146484375,388.8999938964844,1689900,LMT
2019-09-17,328.872314453125,393.9800109863281,399.9599914550781,388.42999267578125,392.4700012207031,975800,LMT
2019-09-18,331.42657470703125,397.0400085449219,397.2300109863281,391.54998779296875,394.7799987792969,780300,LMT
2019-09-19,328.4131774902344,393.42999267578125,398.5,393.0299987792969,397.1400146484375,1044400,LMT
2019-09-20,324.08917236328125,388.25,395.44000244140625,388.04998779296875,394.489990234375,2106700,LMT
2019-09-23,323.6050720214844,387.6700134277344,390.05999755859375,386.1099853515625,388.07000732421875,1132200,LMT
2019-09-24,324.857177734375,389.1700134277344,392.989990234375,387.2099914550781,390.0,1162400,LMT
2019-09-25,325.908935546875,390.42999267578125,390.8999938964844,387.7099914550781,390.5799865722656,1336400,LMT
2019-09-26,327.9874572753906,392.9200134277344,394.6400146484375,388.92999267578125,391.25,875400,LMT
2019-09-27,323.77197265625,387.8699951171875,395.95001220703125,386.42999267578125,395.94000244140625,751800,LMT
2019-09-30,325.6000671386719,390.05999755859375,393.82000732421875,388.4200134277344,388.55999755859375,1293200,LMT
2019-10-01,320.7001037597656,384.19000244140625,392.4800109863281,383.8900146484375,391.42999267578125,1240000,LMT
2019-10-02,315.6666259765625,378.1600036621094,383.05999755859375,374.07000732421875,382.739990234375,1759000,LMT
2019-10-03,317.2525329589844,380.05999755859375,381.19000244140625,374.3299865722656,378.8699951171875,849800,LMT
2019-10-04,321.3345947265625,384.95001220703125,385.239990234375,379.489990234375,380.2099914550781,762200,LMT
2019-10-07,320.3578796386719,383.7799987792969,386.67999267578125,382.69000244140625,385.010009765625,850100,LMT
2019-10-08,318.97222900390625,382.1199951171875,385.79998779296875,379.2900085449219,381.05999755859375,1001300,LMT
2019-10-09,321.05072021484375,384.6099853515625,386.3299865722656,382.5,384.8299865722656,712000,LMT
2019-10-10,322.945556640625,386.8800048828125,388.510009765625,383.20001220703125,383.989990234375,690200,LMT
2019-10-11,318.42962646484375,381.4700012207031,390.7300109863281,381.25,389.7900085449219,1327000,LMT
2019-10-14,319.38116455078125,382.6099853515625,385.3699951171875,381.3900146484375,382.7699890136719,622300,LMT
2019-10-15,319.4981384277344,382.75,385.70001220703125,382.07000732421875,383.69000244140625,835300,LMT
2019-10-16,319.5732727050781,382.8399963378906,384.3900146484375,380.2300109863281,382.3900146484375,851300,LMT
2019-10-17,314.74847412109375,377.05999755859375,384.2099914550781,376.2900085449219,383.54998779296875,1004600,LMT
2019-10-18,310.9252014160156,372.4800109863281,377.7099914550781,368.0,376.7200012207031,1935600,LMT
2019-10-21,312.2358093261719,374.04998779296875,375.8900146484375,372.7300109863281,374.010009765625,1160000,LMT
2019-10-22,311.9269714355469,373.67999267578125,377.5,363.0,363.0,2567200,LMT
2019-10-23,311.4344482421875,373.0899963378906,374.989990234375,368.7300109863281,373.7799987792969,1279700,LMT
2019-10-24,312.8117980957031,374.739990234375,377.4599914550781,372.0,373.760009765625,1126900,LMT
2019-10-25,309.4645690917969,370.7300109863281,374.8900146484375,369.5400085449219,374.3800048828125,1173500,LMT
2019-10-28,310.3910827636719,371.8399963378906,375.45001220703125,370.1199951171875,371.3900146484375,1321700,LMT
2019-10-29,309.7733459472656,371.1000061035156,375.25,370.0400085449219,371.6499938964844,1298500,LMT
2019-10-30,316.0673522949219,378.6400146484375,378.989990234375,371.4700012207031,373.2200012207031,1064900,LMT
2019-10-31,314.43121337890625,376.67999267578125,380.17999267578125,375.260009765625,377.9200134277344,911800,LMT
2019-11-01,316.509765625,379.1700134277344,380.95001220703125,376.94000244140625,378.1099853515625,915600,LMT
2019-11-04,312.5948486328125,374.4800109863281,380.7799987792969,372.17999267578125,379.92999267578125,1117500,LMT
2019-11-05,311.8852233886719,373.6300048828125,375.7699890136719,371.30999755859375,374.05999755859375,1364200,LMT
2019-11-06,317.0272521972656,379.7900085449219,379.92999267578125,374.0299987792969,374.489990234375,1505800,LMT
2019-11-07,316.1591491699219,378.75,382.739990234375,377.9100036621094,380.3399963378906,1157200,LMT
2019-11-08,318.755126953125,381.8599853515625,382.8800048828125,377.6000061035156,377.6000061035156,783500,LMT
2019-11-11,318.35443115234375,381.3800048828125,383.4100036621094,379.30999755859375,379.510009765625,580500,LMT
2019-11-12,322.4614562988281,386.29998779296875,387.5,381.55999755859375,381.55999755859375,910700,LMT
2019-11-13,323.6217346191406,387.69000244140625,390.5199890136719,385.0899963378906,385.94000244140625,956100,LMT
2019-11-14,325.68353271484375,390.1600036621094,392.29998779296875,387.2799987792969,387.2799987792969,915600,LMT
2019-11-15,328.5132751464844,393.54998779296875,394.489990234375,390.2799987792969,392.2699890136719,1533600,LMT
2019-11-18,327.85400390625,392.760009765625,395.67999267578125,391.95001220703125,393.0,827700,LMT
2019-11-19,326.2261047363281,390.80999755859375,395.82000732421875,390.5299987792969,394.0,800300,LMT
2019-11-20,327.8038330078125,392.70001220703125,393.5400085449219,390.25,391.05999755859375,907700,LMT
2019-11-21,325.76690673828125,390.260009765625,392.25,389.32000732421875,390.8599853515625,1416900,LMT
2019-11-22,326.167724609375,390.739990234375,391.3900146484375,387.82000732421875,390.19000244140625,758600,LMT
2019-11-25,325.5333557128906,389.9800109863281,393.1000061035156,387.489990234375,391.6000061035156,801400,LMT
2019-11-26,327.6368103027344,392.5,395.95001220703125,389.9800109863281,390.6000061035156,1206600,LMT
2019-11-27,329.08929443359375,394.239990234375,394.4800109863281,391.6199951171875,393.6300048828125,770300,LMT
2019-11-29,328.4090270996094,391.0299987792969,392.20001220703125,390.0400085449219,392.0,401500,LMT
2019-12-02,322.1856689453125,383.6199951171875,391.5299987792969,383.44000244140625,390.7099914550781,1283400,LMT
2019-12-03,320.5059509277344,381.6199951171875,384.6400146484375,380.1400146484375,381.42999267578125,1384300,LMT
2019-12-04,322.9919128417969,384.5799865722656,387.95001220703125,382.2799987792969,383.5299987792969,1081100,LMT
2019-12-05,324.1341552734375,385.94000244140625,386.5,383.010009765625,386.05999755859375,1203700,LMT
2019-12-06,324.9068298339844,386.8599853515625,388.8999938964844,385.1000061035156,387.1700134277344,709600,LMT
2019-12-09,321.9505615234375,383.3399963378906,387.4200134277344,383.2300109863281,386.2200012207031,821600,LMT
2019-12-10,322.8743896484375,384.44000244140625,386.7699890136719,383.25,383.5,862100,LMT
2019-12-11,324.3861083984375,386.239990234375,386.6099853515625,384.0299987792969,385.510009765625,578900,LMT
2019-12-12,322.546875,384.04998779296875,387.7900085449219,383.45001220703125,386.0,736100,LMT
2019-12-13,324.5792236328125,386.4700012207031,387.7799987792969,384.0,384.0,658000,LMT
2019-12-16,324.1426086425781,385.95001220703125,388.3500061035156,384.04998779296875,387.8999938964844,847500,LMT
2019-12-17,324.9320983886719,386.8900146484375,388.0,385.0,385.0,730000,LMT
2019-12-18,319.6240539550781,380.57000732421875,387.6400146484375,379.6600036621094,387.3999938964844,1526000,LMT
2019-12-19,321.79095458984375,383.1499938964844,384.67999267578125,380.2300109863281,380.989990234375,766300,LMT
2019-12-20,324.5792236328125,386.4700012207031,386.6400146484375,383.0,385.0299987792969,1599600,LMT
2019-12-23,329.1396789550781,391.8999938964844,394.69000244140625,387.5899963378906,387.6600036621094,1050400,LMT
2019-12-24,327.6867370605469,390.1700134277344,392.3500061035156,389.5299987792969,392.3500061035156,516300,LMT
2019-12-26,329.4756164550781,392.29998779296875,392.45001220703125,390.4800109863281,390.8999938964844,711600,LMT
2019-12-27,330.5674743652344,393.6000061035156,394.5,391.94000244140625,393.989990234375,728800,LMT
2019-12-30,329.1396789550781,391.8999938964844,393.760009765625,390.8699951171875,393.6499938964844,776900,LMT
2019-12-31,327.023193359375,389.3800048828125,391.9800109863281,387.07000732421875,391.75,775400,LMT
2020-01-02,335.41339111328125,399.3699951171875,399.3699951171875,390.95001220703125,392.8599853515625,1258400,LMT
2020-01-03,347.48211669921875,413.739990234375,417.1700134277344,403.0,404.0199890136719,2990100,LMT
2020-01-06,346.9530944824219,413.1099853515625,417.989990234375,407.69000244140625,417.989990234375,2477800,LMT
2020-01-07,348.1204833984375,414.5,416.1199951171875,408.2900085449219,411.25,1059900,LMT
2020-01-08,345.20611572265625,411.0299987792969,418.17999267578125,409.7200012207031,417.05999755859375,1708100,LMT
2020-01-09,348.4815979003906,414.92999267578125,416.0,410.0,410.489990234375,1064300,LMT
2020-01-10,347.5577697753906,413.8299865722656,415.6000061035156,412.4800109863281,415.0,987800,LMT
2020-01-13,351.9165344238281,419.0199890136719,420.9599914550781,414.6600036621094,414.94000244140625,986800,LMT
2020-01-14,349.49786376953125,416.1400146484375,418.2699890136719,415.07000732421875,417.5899963378906,967200,LMT
2020-01-15,353.5375061035156,420.95001220703125,421.4800109863281,416.1400146484375,416.4200134277344,833000,LMT
2020-01-16,357.5268249511719,425.70001220703125,425.739990234375,420.6700134277344,423.1300048828125,1085200,LMT
2020-01-17,357.4933166503906,425.6600036621094,427.5400085449219,424.5,426.6099853515625,1195600,LMT
2020-01-21,357.90484619140625,426.1499938964844,427.7799987792969,423.010009765625,424.4200134277344,1071400,LMT
2020-01-22,356.4519348144531,424.4200134277344,428.5,424.3599853515625,427.5,918700,LMT
2020-01-23,360.1135559082031,428.7799987792969,429.55999755859375,424.0,424.05999755859375,978400,LMT
2020-01-24,363.23785400390625,432.5,433.5199890136719,429.69000244140625,429.8999938964844,1086700,LMT
2020-01-27,363.1371154785156,432.3800048828125,434.45001220703125,425.8599853515625,425.8599853515625,1737900,LMT
2020-01-28,367.1600341796875,437.1700134277344,438.989990234375,426.2699890136719,434.7699890136719,2063200,LMT
2020-01-29,364.3632507324219,433.8399963378906,437.989990234375,431.0199890136719,437.7200012207031,1268500,LMT
2020-01-30,366.0934143066406,435.8999938964844,437.0,430.3399963378906,430.3399963378906,1210200,LMT
2020-01-31,359.5592956542969,428.1199951171875,435.57000732421875,426.1000061035156,434.92999267578125,1650100,LMT
2020-02-03,355.9814453125,423.8599853515625,430.0,422.0400085449219,429.5199890136719,1795800,LMT
2020-02-04,361.7933044433594,430.7799987792969,431.989990234375,425.4599914550781,425.4599914550781,1216300,LMT
2020-02-05,365.49700927734375,435.19000244140625,435.9200134277344,429.0199890136719,433.32000732421875,1251800,LMT
2020-02-06,368.6717529296875,438.9700012207031,439.8599853515625,434.9100036621094,435.55999755859375,833500,LMT
2020-02-07,368.8397216796875,439.1700134277344,441.2099914550781,437.2900085449219,438.1400146484375,883800,LMT
2020-02-10,369.335205078125,439.760009765625,441.5199890136719,437.82000732421875,439.0,870400,LMT
2020-02-11,369.4107971191406,439.8500061035156,442.5299987792969,437.4700012207031,441.3599853515625,744600,LMT
2020-02-12,366.6813049316406,436.6000061035156,439.69000244140625,434.6000061035156,439.010009765625,1419200,LMT
2020-02-13,365.08551025390625,434.70001220703125,439.2900085449219,434.29998779296875,435.79998779296875,800200,LMT
2020-02-14,367.7311096191406,437.8500061035156,438.4700012207031,434.30999755859375,434.9800109863281,948600,LMT
2020-02-18,365.7994079589844,435.54998779296875,438.95001220703125,434.010009765625,437.0,776100,LMT
2020-02-19,364.9007873535156,434.4800109863281,438.2699890136719,434.3999938964844,437.0,787200,LMT
2020-02-20,357.7535705566406,425.9700012207031,434.989990234375,424.1600036621094,433.6300048828125,1190600,LMT
2020-02-21,359.29058837890625,427.79998779296875,428.7200012207031,422.6600036621094,425.1199951171875,1055500,LMT
2020-02-24,352.1937561035156,419.3500061035156,424.20001220703125,418.1000061035156,419.6499938964844,1117800,LMT
2020-02-25,336.24481201171875,400.3599853515625,421.7300109863281,397.5299987792969,420.1000061035156,1600100,LMT
2020-02-26,336.69842529296875,400.8999938964844,410.5199890136719,399.3399963378906,400.30999755859375,1678000,LMT
2020-02-27,323.0087585449219,384.6000061035156,399.010009765625,384.3299865722656,393.5199890136719,1894100,LMT
2020-02-28,312.5882263183594,369.8699951171875,373.82000732421875,360.3399963378906,369.8599853515625,3363800,LMT
2020-03-02,322.2904052734375,381.3500061035156,383.1000061035156,360.57000732421875,371.3500061035156,2859900,LMT
2020-03-03,318.9521179199219,377.3999938964844,396.8999938964844,376.5899963378906,384.8399963378906,2531400,LMT
2020-03-04,339.76763916015625,402.0299987792969,402.9599914550781,383.19000244140625,385.4200134277344,2025800,LMT
2020-03-05,325.12152099609375,384.70001220703125,397.8500061035156,382.2200012207031,393.9200134277344,1967200,LMT
2020-03-06,323.2369689941406,382.4700012207031,384.95001220703125,368.4599914550781,372.0899963378906,2161000,LMT
2020-03-09,297.5111389160156,352.0299987792969,369.4700012207031,351.2699890136719,359.9800109863281,3086700,LMT
2020-03-10,310.306396484375,367.1700134277344,367.6700134277344,350.6000061035156,363.010009765625,2505600,LMT
2020-03-11,301.6522216796875,356.92999267578125,365.8900146484375,349.7900085449219,356.57000732421875,1950800,LMT
2020-03-12,263.1566162109375,311.3800048828125,339.4200134277344,310.0799865722656,322.0,3892600,LMT
2020-03-13,277.7012634277344,328.5899963378906,329.1600036621094,303.1000061035156,327.3299865722656,3877800,LMT
2020-03-16,243.3468017578125,287.94000244140625,311.55999755859375,285.0,295.010009765625,2351500,LMT
2020-03-17,269.45281982421875,318.8299865722656,319.4700012207031,287.1499938964844,293.0,2626200,LMT
2020-03-18,281.7748107910156,333.4100036621094,339.2300109863281,296.0400085449219,296.9200134277344,3589400,LMT
2020-03-19,265.5399169921875,314.20001220703125,334.1000061035156,311.2099914550781,333.4100036621094,2836700,LMT
2020-03-20,246.11880493164062,291.2200012207031,315.8399963378906,288.2099914550781,314.20001220703125,3040100,LMT
2020-03-23,233.9320526123047,276.79998779296875,287.05999755859375,266.1099853515625,285.0,3172100,LMT
2020-03-24,244.1665802001953,288.9100036621094,294.989990234375,280.239990234375,287.9700012207031,3088400,LMT
2020-03-25,270.1627502441406,319.6700134277344,329.82000732421875,293.6099853515625,300.6199951171875,2950100,LMT
2020-03-26,296.0744323730469,350.3299865722656,352.1000061035156,324.010009765625,326.0,2680900,LMT
2020-03-27,294.4264221191406,348.3800048828125,365.0899963378906,335.010009765625,339.989990234375,3562800,LMT
2020-03-30,294.82366943359375,348.8500061035156,356.4800109863281,342.2799987792969,351.489990234375,1756300,LMT
2020-03-31,286.4568176269531,338.95001220703125,346.9200134277344,336.239990234375,344.80999755859375,2169300,LMT
2020-04-01,286.0934143066406,338.5199890136719,340.989990234375,322.010009765625,324.8299865722656,2082300,LMT
2020-04-02,299.1422424316406,353.9599914550781,354.0,334.54998779296875,335.25,1896200,LMT
2020-04-03,296.2181701660156,350.5,355.8399963378906,349.6099853515625,352.0,2113200,LMT
2020-04-06,310.9656066894531,367.95001220703125,369.95001220703125,361.9100036621094,361.9100036621094,2525400,LMT
2020-04-07,300.25787353515625,355.2799987792969,381.8999938964844,354.04998779296875,380.5,2101500,LMT
2020-04-08,305.4384460449219,361.4100036621094,372.6499938964844,358.5899963378906,361.3699951171875,1447700,LMT
2020-04-09,313.5433044433594,371.0,376.3299865722656,363.5199890136719,369.739990234375,1629400,LMT
2020-04-13,312.6474914550781,369.94000244140625,373.989990234375,365.7099914550781,370.95001220703125,1237200,LMT
2020-04-14,321.1748046875,380.0299987792969,386.5799865722656,374.54998779296875,378.2900085449219,1653400,LMT
2020-04-15,316.39984130859375,374.3800048828125,376.75,367.3599853515625,376.75,1251500,LMT
2020-04-16,319.3577880859375,377.8800048828125,381.29998779296875,372.5,373.6099853515625,1568400,LMT
2020-04-17,339.3282470703125,401.510009765625,402.45001220703125,384.8299865722656,387.4200134277344,1768400,LMT
2020-04-20,323.8622741699219,383.2099914550781,399.9700012207031,383.2099914550781,394.0799865722656,1487200,LMT
2020-04-21,315.6054382324219,373.44000244140625,392.5400085449219,371.010009765625,383.010009765625,2042000,LMT
2020-04-22,321.4875183105469,380.3999938964844,383.94000244140625,375.3299865722656,383.489990234375,1188400,LMT
2020-04-23,318.3858947753906,376.7300109863281,384.8699951171875,376.19000244140625,382.75,1164400,LMT
2020-04-24,322.6453552246094,381.7699890136719,384.05999755859375,372.9800109863281,378.7200012207031,1029200,LMT
2020-04-27,319.9409484863281,378.57000732421875,384.0400085449219,378.0,383.9100036621094,1457400,LMT
2020-04-28,325.14691162109375,384.7300109863281,387.8299865722656,380.4200134277344,381.8599853515625,1313900,LMT
2020-04-29,327.8343505859375,387.9100036621094,393.510009765625,379.5,388.1600036621094,1500400,LMT
2020-04-30,328.806396484375,389.05999755859375,391.44000244140625,380.44000244140625,383.1000061035156,1343300,LMT
2020-05-01,324.08203125,383.4700012207031,387.4100036621094,381.0899963378906,385.6400146484375,911600,LMT
2020-05-04,321.2846984863281,380.1600036621094,382.9700012207031,374.1300048828125,382.0199890136719,1077900,LMT
2020-05-05,329.854248046875,390.29998779296875,392.7799987792969,381.5899963378906,382.4100036621094,1270900,LMT
2020-05-06,319.94940185546875,378.5799865722656,390.8900146484375,378.4100036621094,390.8900146484375,1089800,LMT
2020-05-07,318.2253112792969,376.5400085449219,384.1300048828125,376.0,383.010009765625,1462000,LMT
2020-05-08,319.7972412109375,378.3999938964844,381.1300048828125,376.25,378.0299987792969,1130400,LMT
2020-05-11,318.2422180175781,376.55999755859375,379.5,374.1400146484375,375.0,1287800,LMT
2020-05-12,313.63623046875,371.1099853515625,382.44000244140625,371.0299987792969,378.0,1447700,LMT
2020-05-13,307.7794189453125,364.17999267578125,372.4599914550781,362.010009765625,371.2799987792969,1287400,LMT
2020-05-14,301.10296630859375,356.2799987792969,361.5400085449219,352.260009765625,360.989990234375,1776400,LMT
2020-05-15,304.5848693847656,360.3999938964844,361.510009765625,352.32000732421875,352.5299987792969,1854500,LMT
2020-05-18,319.0704650878906,377.5400085449219,380.489990234375,366.0199890136719,371.2099914550781,1879700,LMT
2020-05-19,313.94891357421875,371.4800109863281,382.4599914550781,371.239990234375,378.07000732421875,1087100,LMT
2020-05-20,306.3681640625,362.510009765625,374.0,362.1099853515625,372.44000244140625,1880500,LMT
2020-05-21,311.7008972167969,368.82000732421875,370.0299987792969,362.6000061035156,362.69000244140625,1179100,LMT
2020-05-22,311.85302734375,369.0,370.1600036621094,365.6199951171875,369.8599853515625,752600,LMT
2020-05-26,314.5574645996094,372.20001220703125,376.95001220703125,370.57000732421875,376.95001220703125,1596100,LMT
2020-05-27,335.6181640625,397.1199951171875,397.1199951171875,376.5799865722656,376.7799987792969,1986900,LMT
2020-05-28,336.7336730957031,398.44000244140625,404.260009765625,398.1600036621094,401.4599914550781,1487900,LMT
2020-05-29,330.271728515625,388.44000244140625,396.239990234375,384.7699890136719,396.0400085449219,1733800,LMT
2020-06-01,330.71392822265625,388.9599914550781,394.0,387.30999755859375,388.94000244140625,1090300,LMT
2020-06-02,331.4024963378906,389.7699890136719,393.2300109863281,386.989990234375,388.6400146484375,1404700,LMT
2020-06-03,342.3368225097656,402.6300048828125,403.6000061035156,392.5899963378906,393.6499938964844,1382200,LMT
2020-06-04,343.2210388183594,403.6700134277344,404.8699951171875,399.0,401.7799987792969,1261700,LMT
2020-06-05,349.2408752441406,410.75,416.0,406.45001220703125,410.0,1702500,LMT
2020-06-08,352.2592468261719,414.29998779296875,417.6199951171875,411.75,415.0,1294600,LMT
2020-06-09,347.3787536621094,408.55999755859375,411.94000244140625,407.0,410.5299987792969,1188400,LMT
2020-06-10,343.30609130859375,403.7699890136719,409.1000061035156,403.45001220703125,406.5,1188200,LMT
2020-06-11,326.3945617675781,383.8800048828125,397.30999755859375,383.57000732421875,392.69000244140625,1698800,LMT
2020-06-12,324.68560791015625,381.8699951171875,394.42999267578125,376.4700012207031,393.3299865722656,1788100,LMT
2020-06-15,317.3818664550781,373.2799987792969,377.1499938964844,367.54998779296875,373.2799987792969,2271300,LMT
2020-06-16,325.4507141113281,382.7699890136719,391.7900085449219,379.5799865722656,386.55999755859375,2038600,LMT
2020-06-17,324.88958740234375,382.1099853515625,386.239990234375,376.9200134277344,382.5,1519000,LMT
2020-06-18,321.7267150878906,378.3900146484375,381.32000732421875,376.07000732421875,379.67999267578125,1562000,LMT
2020-06-19,316.46368408203125,372.20001220703125,383.5899963378906,372.0,383.3399963378906,4322200,LMT
2020-06-22,319.6605529785156,375.9599914550781,376.8399963378906,370.44000244140625,372.260009765625,1370600,LMT
2020-06-23,316.0384826660156,371.70001220703125,378.7799987792969,371.0400085449219,378.25,1469300,LMT
2020-06-24,305.9375305175781,359.82000732421875,371.2300109863281,358.32000732421875,370.8999938964844,2302800,LMT
2020-06-25,308.48834228515625,362.82000732421875,363.30999755859375,353.3299865722656,357.8599853515625,1391600,LMT
2020-06-26,303.3357238769531,356.760009765625,367.4200134277344,355.010009765625,359.55999755859375,2008600,LMT
2020-06-29,312.4674072265625,367.5,367.5,359.489990234375,360.3900146484375,1073000,LMT
2020-06-30,310.2737731933594,364.9200134277344,367.25,362.4100036621094,365.3500061035156,1482100,LMT
2020-07-01,306.44769287109375,360.4200134277344,368.2900085449219,360.30999755859375,366.3399963378906,1430100,LMT
2020-07-02,307.79107666015625,362.0,366.07000732421875,360.69000244140625,363.5299987792969,1396000,LMT
2020-07-06,308.2927551269531,362.5899963378906,367.1199951171875,360.8399963378906,366.4800109863281,1202300,LMT
2020-07-07,300.36834716796875,353.2699890136719,362.9200134277344,352.7799987792969,362.5899963378906,1395900,LMT
2020-07-08,297.7835998535156,350.2300109863281,357.29998779296875,348.6300048828125,353.5,1965100,LMT
2020-07-09,289.05157470703125,339.9599914550781,349.489990234375,339.17999267578125,348.0,1823800,LMT
2020-07-10,296.9503173828125,349.25,349.3299865722656,341.6600036621094,342.3299865722656,1514200,LMT
2020-07-13,300.1898498535156,353.05999755859375,357.0199890136719,348.6000061035156,353.6000061035156,2031300,LMT
2020-07-14,302.4005432128906,355.6600036621094,355.9200134277344,349.0,349.1300048828125,1651900,LMT
2020-07-15,309.96771240234375,364.55999755859375,365.5799865722656,360.55999755859375,361.6400146484375,1617300,LMT
2020-07-16,311.09002685546875,365.8800048828125,365.94000244140625,359.0199890136719,362.29998779296875,955400,LMT
2020-07-17,313.3177490234375,368.5,369.0,362.8500061035156,366.29998779296875,1135500,LMT
2020-07-20,310.79248046875,365.5299987792969,369.0,362.42999267578125,369.0,1444500,LMT
2020-07-21,318.9463195800781,375.1199951171875,378.8999938964844,370.5799865722656,377.9800109863281,1997300,LMT
2020-07-22,335.0671691894531,394.0799865722656,394.6700134277344,375.6199951171875,376.7099914550781,2280700,LMT
2020-07-23,329.5745849609375,387.6199951171875,394.1499938964844,385.7099914550781,393.7699890136719,1442800,LMT
2020-07-24,328.375732421875,386.2099914550781,393.489990234375,383.6099853515625,388.0,1305700,LMT
2020-07-27,324.87255859375,382.0899963378906,385.989990234375,380.1099853515625,384.7300109863281,1047000,LMT
2020-07-28,328.75823974609375,386.6600036621094,390.2099914550781,382.0,382.0,1132100,LMT
2020-07-29,329.30242919921875,387.29998779296875,390.4700012207031,384.6300048828125,389.55999755859375,1209600,LMT
2020-07-30,324.55804443359375,381.7200012207031,385.8399963378906,380.8599853515625,382.7099914550781,983300,LMT
2020-07-31,322.2198791503906,378.9700012207031,381.3699951171875,373.67999267578125,380.54998779296875,1101800,LMT
2020-08-03,320.6298522949219,377.1000061035156,378.4100036621094,371.44000244140625,376.8399963378906,923100,LMT
2020-08-04,321.3865661621094,377.989990234375,380.8399963378906,376.2900085449219,379.0799865722656,900600,LMT
2020-08-05,326.0715637207031,383.5,384.8699951171875,378.2699890136719,380.0,1018500,LMT
2020-08-06,322.8746032714844,379.739990234375,383.19000244140625,378.0899963378906,381.7799987792969,698500,LMT
2020-08-07,327.8741149902344,385.6199951171875,386.6600036621094,378.760009765625,380.010009765625,924900,LMT
2020-08-10,330.96893310546875,389.260009765625,391.1099853515625,385.9599914550781,386.0199890136719,856000,LMT
2020-08-11,333.2646179199219,391.9599914550781,399.489990234375,391.3299865722656,391.510009765625,1312800,LMT
2020-08-12,333.6726989746094,392.44000244140625,396.5199890136719,391.2900085449219,394.0199890136719,878500,LMT
2020-08-13,330.9520263671875,389.239990234375,394.04998779296875,387.0,390.3500061035156,1053600,LMT
2020-08-14,332.80548095703125,391.4200134277344,394.20001220703125,388.0199890136719,388.6400146484375,648600,LMT
2020-08-17,330.71392822265625,388.9599914550781,395.19000244140625,387.7300109863281,393.9800109863281,864100,LMT
2020-08-18,331.8192138671875,390.260009765625,391.9100036621094,388.3399963378906,389.1700134277344,806100,LMT
2020-08-19,331.6405944824219,390.04998779296875,391.9700012207031,388.8399963378906,390.0799865722656,717400,LMT
2020-08-20,329.7955627441406,387.8800048828125,389.20001220703125,383.5799865722656,388.2799987792969,1203700,LMT
2020-08-21,331.2325134277344,389.57000732421875,390.7900085449219,386.8599853515625,387.7099914550781,996000,LMT
2020-08-24,335.8833923339844,395.0400085449219,395.57000732421875,389.8999938964844,390.8299865722656,1006400,LMT
2020-08-25,335.71337890625,394.8399963378906,402.3800048828125,392.3999938964844,395.7200012207031,987400,LMT
2020-08-26,336.22344970703125,395.44000244140625,397.6600036621094,390.55999755859375,393.0,908600,LMT
2020-08-27,335.866455078125,395.0199890136719,400.0899963378906,394.8800048828125,396.8399963378906,700300,LMT
2020-08-28,336.3509521484375,395.5899963378906,396.0,391.7300109863281,395.510009765625,728300,LMT
2020-08-31,333.8445739746094,390.260009765625,395.0,388.4700012207031,392.1700134277344,1030400,LMT
2020-09-01,330.8934020996094,386.80999755859375,389.19000244140625,385.0,387.82000732421875,908400,LMT
2020-09-02,340.5255432128906,398.07000732421875,398.8999938964844,384.1099853515625,385.1499938964844,1214500,LMT
2020-09-03,330.44854736328125,386.2900085449219,401.8800048828125,383.3800048828125,399.5,1500800,LMT
2020-09-04,329.3620910644531,385.0199890136719,391.54998779296875,379.5799865722656,388.510009765625,933600,LMT
2020-09-08,325.2644958496094,380.2300109863281,385.2900085449219,378.3599853515625,383.989990234375,1071600,LMT
2020-09-09,329.55029296875,385.239990234375,389.4200134277344,381.010009765625,382.69000244140625,1218300,LMT
2020-09-10,324.3064270019531,379.1099853515625,388.5299987792969,378.3299865722656,386.0199890136719,716000,LMT
2020-09-11,333.1517639160156,389.45001220703125,390.5,380.75,381.4700012207031,933800,LMT
2020-09-14,336.830078125,393.75,396.6700134277344,391.6199951171875,393.3699951171875,991000,LMT
2020-09-15,335.8035583496094,392.54998779296875,396.0,386.8900146484375,395.6499938964844,955700,LMT
2020-09-16,338.3954772949219,395.5799865722656,399.6000061035156,390.92999267578125,391.1099853515625,1052200,LMT
2020-09-17,338.70343017578125,395.94000244140625,398.54998779296875,389.5400085449219,392.0,959500,LMT
2020-09-18,338.01910400390625,395.1400146484375,399.0,394.1499938964844,394.1499938964844,2636400,LMT
2020-09-21,324.73406982421875,379.6099853515625,389.8699951171875,377.2300109863281,388.5,1447400,LMT
2020-09-22,332.2705383300781,388.4200134277344,392.4800109863281,381.3399963378906,381.8800048828125,1286300,LMT
2020-09-23,327.8393249511719,383.239990234375,394.42999267578125,381.989990234375,389.2300109863281,1223300,LMT
2020-09-24,324.00701904296875,378.760009765625,384.489990234375,375.1000061035156,383.25,1295100,LMT
2020-09-25,330.7992248535156,386.70001220703125,388.3999938964844,376.45001220703125,377.45001220703125,1375400,LMT
2020-09-28,334.0584716796875,390.510009765625,396.6099853515625,389.6499938964844,390.0,980000,LMT
2020-09-29,332.5443115234375,388.739990234375,393.1499938964844,387.510009765625,389.6099853515625,1113100,LMT
2020-09-30,327.8735656738281,383.2799987792969,389.760009765625,380.510009765625,389.4700012207031,1410300,LMT
2020-10-01,325.8290710449219,380.8900146484375,390.0,379.0,384.0,1103900,LMT
2020-10-02,325.56396484375,380.5799865722656,383.4800109863281,374.2799987792969,376.0,1217200,LMT
2020-10-05,328.4552307128906,383.9599914550781,385.8900146484375,378.8599853515625,383.239990234375,825000,LMT
2020-10-06,322.03948974609375,376.4599914550781,386.1099853515625,376.0199890136719,386.0299987792969,954900,LMT
2020-10-07,327.5827331542969,382.94000244140625,383.8399963378906,378.55999755859375,378.6000061035156,826500,LMT
2020-10-08,332.4159851074219,388.5899963378906,389.19000244140625,382.2799987792969,383.8999938964844,694900,LMT
2020-10-09,330.1405029296875,385.92999267578125,390.1000061035156,385.2900085449219,388.4100036621094,675000,LMT
2020-10-12,332.6983337402344,388.9200134277344,390.510009765625,383.260009765625,386.0,807400,LMT
2020-10-13,332.7240295410156,388.95001220703125,390.55999755859375,385.1199951171875,386.1400146484375,973300,LMT
2020-10-14,334.2381286621094,390.7200012207031,395.4599914550781,387.1400146484375,387.1400146484375,1090300,LMT
2020-10-15,330.3031005859375,386.1199951171875,388.8699951171875,383.2200012207031,387.3299865722656,792000,LMT
2020-10-16,330.6280517578125,386.5,389.7799987792969,386.0899963378906,388.489990234375,952100,LMT
2020-10-19,328.2414245605469,383.7099914550781,389.6000061035156,381.6700134277344,387.239990234375,1181000,LMT
2020-10-20,318.40386962890625,372.2099914550781,385.7900085449219,371.79998779296875,382.5899963378906,1779200,LMT
2020-10-21,314.0667419433594,367.1400146484375,375.0,365.0,372.2099914550781,1931200,LMT
2020-10-22,315.6236877441406,368.9599914550781,371.1099853515625,365.1499938964844,367.5,1255100,LMT
2020-10-23,320.2174072265625,374.3299865722656,376.19000244140625,369.010009765625,371.3399963378906,1178800,LMT
2020-10-26,315.27294921875,368.54998779296875,369.8699951171875,362.5,369.42999267578125,1387200,LMT
2020-10-27,310.0376281738281,362.42999267578125,367.9800109863281,360.80999755859375,367.0,977400,LMT
2020-10-28,300.14013671875,350.8599853515625,360.0,350.45001220703125,356.8699951171875,1679900,LMT
2020-10-29,301.4917907714844,352.44000244140625,356.2300109863281,348.2900085449219,350.0,1548000,LMT
2020-10-30,299.5157165527344,350.1300048828125,353.7300109863281,345.6499938964844,350.6400146484375,1309800,LMT
2020-11-02,301.47479248046875,352.4200134277344,359.9100036621094,350.7200012207031,356.1199951171875,1707700,LMT
2020-11-03,310.9016418457031,363.44000244140625,366.20001220703125,356.2099914550781,357.1300048828125,1484600,LMT
2020-11-04,318.3610534667969,372.1600036621094,381.4599914550781,369.510009765625,371.07000732421875,2146400,LMT
2020-11-05,311.9795227050781,364.70001220703125,376.5,363.7699890136719,374.54998779296875,1709300,LMT
2020-11-06,309.0452880859375,361.2699890136719,363.7300109863281,357.95001220703125,363.29998779296875,1401600,LMT
2020-11-09,311.33795166015625,363.95001220703125,381.5199890136719,363.7300109863281,379.6000061035156,1956900,LMT
2020-11-10,317.6082763671875,371.2799987792969,373.44000244140625,363.94000244140625,365.0,1708000,LMT
2020-11-11,315.89739990234375,369.2799987792969,373.3299865722656,365.67999267578125,372.8699951171875,1115200,LMT
2020-11-12,314.7082824707031,367.8900146484375,370.57000732421875,365.510009765625,367.5,856100,LMT
2020-11-13,320.9103088378906,375.1400146484375,376.0,369.2300109863281,370.57000732421875,921000,LMT
2020-11-16,322.6126708984375,377.1300048828125,380.69000244140625,376.0799865722656,378.04998779296875,1306700,LMT
2020-11-17,321.5603942871094,375.8999938964844,380.4800109863281,375.25,375.6600036621094,1321100,LMT
2020-11-18,322.9804992675781,377.55999755859375,383.4700012207031,376.239990234375,377.489990234375,1066800,LMT
2020-11-19,322.03948974609375,376.4599914550781,377.75,372.1700134277344,375.0,1075400,LMT
2020-11-20,314.81951904296875,368.0199890136719,377.239990234375,367.6199951171875,375.9700012207031,1117500,LMT
2020-11-23,317.2405700683594,370.8500061035156,374.5299987792969,369.8599853515625,371.5400085449219,929200,LMT
2020-11-24,323.76751708984375,378.4800109863281,378.4800109863281,373.05999755859375,375.2799987792969,959000,LMT
2020-11-25,323.6477355957031,378.3399963378906,381.95001220703125,376.2300109863281,377.0899963378906,854800,LMT
2020-11-27,320.2259826660156,374.3399963378906,378.80999755859375,373.45001220703125,378.80999755859375,612300,LMT
2020-11-30,314.4199523925781,365.0,372.44000244140625,363.3900146484375,370.7900085449219,1608400,LMT
2020-12-01,314.41131591796875,364.989990234375,373.2900085449219,364.8699951171875,368.4700012207031,1299700,LMT
2020-12-02,311.28436279296875,361.3599853515625,365.989990234375,360.010009765625,364.989990234375,2520000,LMT
2020-12-03,311.8614501953125,362.0299987792969,369.5,360.9599914550781,362.1199951171875,1758400,LMT
2020-12-04,315.8069152832031,366.6099853515625,367.7300109863281,362.1099853515625,363.1199951171875,1222600,LMT
2020-12-07,311.9476013183594,362.1300048828125,366.8999938964844,360.5400085449219,366.8999938964844,1390500,LMT
2020-12-08,309.4495849609375,359.2300109863281,363.1700134277344,358.8399963378906,360.9800109863281,1783600,LMT
2020-12-09,311.2757568359375,361.3500061035156,362.5899963378906,356.95001220703125,359.8500061035156,1522200,LMT
2020-12-10,306.1416015625,355.3900146484375,364.2200012207031,355.20001220703125,359.5199890136719,1378700,LMT
2020-12-11,311.5858459472656,361.7099914550781,363.1199951171875,354.19000244140625,354.54998779296875,1409800,LMT
2020-12-14,308.09710693359375,357.6600036621094,365.6199951171875,357.44000244140625,363.5,1370500,LMT
2020-12-15,308.01953125,357.57000732421875,359.8900146484375,355.45001220703125,358.7300109863281,1521000,LMT
2020-12-16,305.4353332519531,354.57000732421875,357.8999938964844,353.6499938964844,357.25,1986200,LMT
2020-12-17,303.73834228515625,352.6000061035156,357.6600036621094,351.8800048828125,355.92999267578125,1658100,LMT
2020-12-18,306.6929931640625,356.0299987792969,356.7900085449219,350.010009765625,352.0400085449219,4342000,LMT
2020-12-21,300.9386901855469,349.3500061035156,353.94000244140625,346.6000061035156,353.1600036621094,2128700,LMT
2020-12-22,299.70684814453125,347.9200134277344,350.6199951171875,347.3900146484375,349.3500061035156,1820800,LMT
2020-12-23,302.8768310546875,351.6000061035156,355.0,349.3999938964844,349.95001220703125,1307500,LMT
2020-12-24,303.19561767578125,351.9700012207031,354.05999755859375,350.3999938964844,352.8299865722656,508800,LMT
2020-12-28,305.099365234375,354.17999267578125,357.82000732421875,351.7099914550781,353.1099853515625,1023400,LMT
2020-12-29,304.8580322265625,353.8999938964844,357.3500061035156,351.79998779296875,356.0,1055900,LMT
2020-12-30,305.08209228515625,354.1600036621094,356.6099853515625,353.0,353.0,840800,LMT
2020-12-31,305.7884216308594,354.9800109863281,356.0299987792969,352.2300109863281,353.82000732421875,1318500,LMT
2021-01-04,296.8814392089844,344.6400146484375,354.9800109863281,341.07000732421875,354.9800109863281,1887200,LMT
2021-01-05,300.45623779296875,348.7900085449219,351.19000244140625,343.29998779296875,344.6400146484375,1479100,LMT
2021-01-06,299.8016052246094,348.0299987792969,351.9200134277344,342.7799987792969,343.0,1897500,LMT
2021-01-07,295.0809020996094,342.54998779296875,347.8500061035156,341.3399963378906,344.3599853515625,2048900,LMT
2021-01-08,289.52471923828125,336.1000061035156,343.4700012207031,335.010009765625,341.8800048828125,3226300,LMT
2021-01-11,290.8858337402344,337.67999267578125,339.0,333.32000732421875,335.0,3196400,LMT
2021-01-12,294.4779052734375,341.8500061035156,343.3699951171875,335.6300048828125,336.5199890136719,3002200,LMT
2021-01-13,297.6134948730469,345.489990234375,347.20001220703125,339.1700134277344,341.4100036621094,1648100,LMT
2021-01-14,299.2933349609375,347.44000244140625,354.7900085449219,346.8500061035156,348.0,1965600,LMT
2021-01-15,299.1468811035156,347.2699890136719,350.5,344.2799987792969,347.0899963378906,1853100,LMT
2021-01-19,294.17645263671875,341.5,350.9700012207031,341.4800109863281,350.739990234375,2017200,LMT
2021-01-20,294.3229675292969,341.6700134277344,343.7799987792969,339.2200012207031,342.5400085449219,1780000,LMT
2021-01-21,292.60009765625,339.6700134277344,343.6099853515625,338.9599914550781,341.6700134277344,1661800,LMT
2021-01-22,292.781005859375,339.8800048828125,341.8399963378906,337.2099914550781,338.739990234375,1557600,LMT
2021-01-25,295.9078674316406,343.510009765625,346.8900146484375,337.8999938964844,339.3599853515625,1976600,LMT
2021-01-26,284.8644714355469,330.69000244140625,343.9800109863281,330.69000244140625,339.0,3542400,LMT
2021-01-27,286.4322814941406,332.510009765625,335.7300109863281,329.6700134277344,332.2799987792969,2666300,LMT
2021-01-28,282.4869689941406,327.92999267578125,334.67999267578125,327.17999267578125,332.1400146484375,1837800,LMT
2021-01-29,277.2236633300781,321.82000732421875,328.9800109863281,321.7200012207031,327.1000061035156,2101100,LMT
2021-02-01,279.12738037109375,324.0299987792969,325.6499938964844,319.80999755859375,324.8800048828125,1615500,LMT
2021-02-02,286.59600830078125,332.70001220703125,335.20001220703125,326.69000244140625,327.42999267578125,2065400,LMT
2021-02-03,286.3288879394531,332.3900146484375,333.3999938964844,328.29998779296875,331.67999267578125,2683100,LMT
2021-02-04,290.49822998046875,337.2300109863281,338.4200134277344,332.17999267578125,333.989990234375,2174100,LMT
2021-02-05,290.33453369140625,337.0400085449219,341.4200134277344,336.5,339.5899963378906,1454700,LMT
2021-02-08,291.0236511230469,337.8399963378906,339.5,335.20001220703125,339.010009765625,1549900,LMT
2021-02-09,294.9001159667969,342.3399963378906,344.510009765625,336.57000732421875,338.5400085449219,1677500,LMT
2021-02-10,294.77081298828125,342.19000244140625,343.739990234375,339.1499938964844,343.2200012207031,1728900,LMT
2021-02-11,292.1434631347656,339.1400146484375,344.6099853515625,338.0299987792969,340.7799987792969,1181600,LMT
2021-02-12,290.9289245605469,337.7300109863281,340.6400146484375,336.55999755859375,338.3999938964844,1207300,LMT
2021-02-16,288.60302734375,335.0299987792969,340.0,333.82000732421875,339.25,1668400,LMT
2021-02-17,290.29998779296875,337.0,339.2699890136719,332.7900085449219,334.70001220703125,2010900,LMT
2021-02-18,291.0925598144531,337.9200134277344,339.5799865722656,335.2799987792969,336.8800048828125,1296200,LMT
2021-02-19,288.9390869140625,335.4200134277344,339.0899963378906,335.25,339.07000732421875,1849200,LMT
2021-02-22,293.2892761230469,340.4700012207031,343.55999755859375,333.2099914550781,333.79998779296875,1657200,LMT
2021-02-23,298.2510070800781,346.2300109863281,347.4700012207031,338.3299865722656,345.1300048828125,2400000,LMT
2021-02-24,298.5094299316406,346.5299987792969,350.29998779296875,344.6099853515625,347.2799987792969,2068700,LMT
2021-02-25,294.34014892578125,341.69000244140625,349.1000061035156,340.6700134277344,345.79998779296875,1568000,LMT
2021-02-26,286.66680908203125,330.25,338.760009765625,330.0,338.0,2024000,LMT
2021-03-01,289.46173095703125,333.4700012207031,337.7200012207031,332.82000732421875,334.0,1654500,LMT
2021-03-02,293.9060974121094,338.5899963378906,340.010009765625,332.6700134277344,333.2699890136719,2076300,LMT
2021-03-03,295.9199523925781,340.9100036621094,346.3299865722656,338.5899963378906,339.6099853515625,4052300,LMT
2021-03-04,293.61102294921875,338.25,344.3500061035156,334.1499938964844,340.4800109863281,2196700,LMT
2021-03-05,295.50335693359375,340.42999267578125,341.1700134277344,335.1300048828125,338.4700012207031,1451300,LMT
2021-03-08,296.388671875,341.45001220703125,346.05999755859375,338.44000244140625,343.5,1599100,LMT
2021-03-09,292.9599914550781,337.5,342.8500061035156,337.2699890136719,341.4100036621094,1448800,LMT
2021-03-10,295.8592224121094,340.8399963378906,343.19000244140625,335.69000244140625,339.4100036621094,1760100,LMT
2021-03-11,294.8956298828125,339.7300109863281,343.6300048828125,338.4599914550781,341.0,1673500,LMT
2021-03-12,295.2950134277344,340.19000244140625,343.6499938964844,338.6199951171875,339.6400146484375,2151900,LMT
2021-03-15,300.6941223144531,346.4100036621094,346.6400146484375,342.6000061035156,344.3800048828125,2055800,LMT
2021-03-16,301.31915283203125,347.1300048828125,349.0,342.29998779296875,346.510009765625,1687700,LMT
2021-03-17,304.6957092285156,351.0199890136719,355.54998779296875,347.1300048828125,347.8299865722656,2083000,LMT
2021-03-18,311.1452331542969,358.45001220703125,359.0,352.5400085449219,353.8699951171875,2272200,LMT
2021-03-19,308.21124267578125,355.07000732421875,359.42999267578125,350.1000061035156,359.42999267578125,5739100,LMT
2021-03-22,310.4594421386719,357.6600036621094,358.3699951171875,352.0,352.0,2190900,LMT
2021-03-23,306.9438781738281,353.6099853515625,359.25,352.6700134277344,357.1099853515625,1474600,LMT
2021-03-24,309.1226806640625,356.1199951171875,362.67999267578125,354.989990234375,354.989990234375,1592300,LMT
2021-03-25,313.54962158203125,361.2200012207031,361.7900085449219,354.2200012207031,354.7699890136719,1598100,LMT
2021-03-26,316.57904052734375,364.7099914550781,365.25,359.75,362.30999755859375,2010500,LMT
2021-03-29,323.5927429199219,372.7900085449219,374.239990234375,365.0,365.0,2245500,LMT
2021-03-30,321.6396789550781,370.5400085449219,374.1300048828125,368.6099853515625,373.25,1518600,LMT
2021-03-31,320.7369079589844,369.5,372.6099853515625,367.3800048828125,370.75,1375500,LMT
2021-04-01,322.0563049316406,371.0199890136719,372.989990234375,368.3399963378906,368.989990234375,1261600,LMT
2021-04-05,328.76617431640625,378.75,380.3999938964844,372.05999755859375,372.05999755859375,1489300,LMT
2021-04-06,328.9571838378906,378.9700012207031,380.1000061035156,376.32000732421875,376.510009765625,1035700,LMT
2021-04-07,330.0161437988281,380.19000244140625,380.3999938964844,376.07000732421875,378.739990234375,976900,LMT
2021-04-08,335.07672119140625,386.0199890136719,387.4200134277344,378.30999755859375,379.6000061035156,1863400,LMT
2021-04-09,335.2590637207031,386.2300109863281,390.260009765625,383.6600036621094,386.8800048828125,1400900,LMT
2021-04-12,336.6653747558594,387.8500061035156,388.7099914550781,384.2900085449219,387.1300048828125,1067400,LMT
2021-04-13,336.0229187011719,387.1099853515625,388.20001220703125,384.3399963378906,386.55999755859375,1124300,LMT
2021-04-14,337.3770751953125,388.6700134277344,391.239990234375,387.0,387.3999938964844,1078800,LMT
2021-04-15,339.078369140625,390.6300048828125,392.0,387.70001220703125,388.6700134277344,1289400,LMT
2021-04-16,340.1026916503906,391.80999755859375,394.3399963378906,389.79998779296875,392.82000732421875,1499500,LMT
2021-04-19,340.03326416015625,391.7300109863281,392.3900146484375,386.6199951171875,392.0,1317600,LMT
2021-04-20,336.21392822265625,387.3299865722656,391.5,384.6199951171875,388.0,1370100,LMT
2021-04-21,336.1357116699219,387.239990234375,390.8900146484375,384.95001220703125,387.5199890136719,1358500,LMT
2021-04-22,329.9293212890625,380.0899963378906,386.7699890136719,378.3999938964844,386.7699890136719,1670500,LMT
2021-04-23,327.49884033203125,377.2900085449219,378.5899963378906,373.32000732421875,378.5899963378906,1298000,LMT
2021-04-26,322.8896789550781,371.9800109863281,375.30999755859375,370.7200012207031,374.2799987792969,1518100,LMT
2021-04-27,323.9659729003906,373.2200012207031,374.239990234375,370.1400146484375,371.5,1564900,LMT
2021-04-28,323.72296142578125,372.94000244140625,373.8800048828125,370.95001220703125,373.4599914550781,1110400,LMT
2021-04-29,330.15509033203125,380.3500061035156,381.9800109863281,374.8399963378906,375.0,1385600,LMT
2021-04-30,330.33740234375,380.55999755859375,382.0,377.6000061035156,378.8599853515625,1103700,LMT
2021-05-03,334.4604797363281,385.30999755859375,386.3900146484375,379.05999755859375,379.7699890136719,1347400,LMT
2021-05-04,336.3441162109375,387.4800109863281,390.1499938964844,384.5400085449219,387.25,1509600,LMT
2021-05-05,335.380615234375,386.3699951171875,387.4800109863281,381.7099914550781,386.3399963378906,1079300,LMT
2021-05-06,336.2225646972656,387.3399963378906,389.29998779296875,386.0,387.989990234375,1079500,LMT
2021-05-07,338.82672119140625,390.3399963378906,392.6000061035156,385.8900146484375,387.0,1203700,LMT
2021-05-10,341.2572326660156,393.1400146484375,396.989990234375,391.2900085449219,391.3599853515625,1578600,LMT
2021-05-11,336.6392822265625,387.82000732421875,391.67999267578125,384.4100036621094,391.0299987792969,1353200,LMT
2021-05-12,330.38946533203125,380.6199951171875,390.3500061035156,380.20001220703125,387.9700012207031,1633700,LMT
2021-05-13,336.5958557128906,387.7699890136719,390.3800048828125,380.95001220703125,381.7799987792969,1105800,LMT
2021-05-14,339.20855712890625,390.7799987792969,392.1000061035156,388.5899963378906,390.1700134277344,799800,LMT
2021-05-17,339.503662109375,391.1199951171875,392.0299987792969,388.7200012207031,389.6300048828125,979100,LMT
2021-05-18,336.1183776855469,387.2200012207031,394.1700134277344,387.0799865722656,391.2699890136719,1171800,LMT
2021-05-19,334.66009521484375,385.5400085449219,385.7300109863281,381.3500061035156,385.0,995000,LMT
2021-05-20,337.0732727050781,388.32000732421875,389.5400085449219,386.07000732421875,386.7900085449219,1094700,LMT
2021-05-21,336.1183776855469,387.2200012207031,392.19000244140625,385.55999755859375,389.29998779296875,892500,LMT
2021-05-24,336.543701171875,387.7099914550781,389.75,385.9599914550781,389.5,931400,LMT
2021-05-25,334.9291687011719,385.8500061035156,389.5,385.17999267578125,387.8999938964844,978500,LMT
2021-05-26,333.4361877441406,384.1300048828125,386.07000732421875,382.2099914550781,385.57000732421875,999500,LMT
2021-05-27,336.2659912109375,387.3900146484375,387.95001220703125,384.2799987792969,387.3999938964844,3979300,LMT
2021-05-28,334.0026550292969,382.20001220703125,386.0,381.5199890136719,384.70001220703125,935500,LMT
2021-06-01,333.7579040527344,381.9200134277344,384.42999267578125,381.1300048828125,384.2300109863281,962200,LMT
2021-06-02,336.5281982421875,385.0899963378906,385.5,380.6300048828125,382.010009765625,1007600,LMT
2021-06-03,338.5030822753906,387.3500061035156,387.5400085449219,383.1000061035156,383.760009765625,1649700,LMT
2021-06-04,344.4019470214844,394.1000061035156,395.5199890136719,387.6099853515625,388.0,1836100,LMT
2021-06-07,342.1385192871094,391.510009765625,395.7200012207031,389.6099853515625,395.0400085449219,1087900,LMT
2021-06-08,339.5343322753906,388.5299987792969,392.6600036621094,387.07000732421875,391.510009765625,1065000,LMT
2021-06-09,338.0225830078125,386.79998779296875,389.2699890136719,385.1199951171875,389.2699890136719,1046100,LMT
2021-06-10,338.8265075683594,387.7200012207031,389.739990234375,386.0899963378906,389.1400146484375,913700,LMT
2021-06-11,338.8265075683594,387.7200012207031,389.1499938964844,385.1700134277344,388.7799987792969,751000,LMT
2021-06-14,340.0411376953125,389.1099853515625,389.4599914550781,385.8800048828125,387.6099853515625,868400,LMT
2021-06-15,340.6441650390625,389.79998779296875,392.04998779296875,389.05999755859375,390.0,943900,LMT
2021-06-16,335.2260437011719,383.6000061035156,391.0,383.20001220703125,390.80999755859375,1524200,LMT
2021-06-17,334.61431884765625,382.8999938964844,385.5199890136719,379.57000732421875,384.2799987792969,1246400,LMT
2021-06-18,331.3721923828125,379.19000244140625,382.1000061035156,379.0,380.1700134277344,2416200,LMT
2021-06-21,334.2648010253906,382.5,385.44000244140625,380.6099853515625,381.2300109863281,1186900,LMT
2021-06-22,334.247314453125,382.4800109863281,383.8800048828125,379.6499938964844,381.5400085449219,636200,LMT
2021-06-23,329.7466735839844,377.3299865722656,382.510009765625,377.260009765625,382.2099914550781,1024000,LMT
2021-06-24,330.0963439941406,377.7300109863281,379.989990234375,376.8500061035156,379.5199890136719,1032700,LMT
2021-06-25,333.8365478515625,382.010009765625,383.4200134277344,376.8900146484375,376.8900146484375,1708100,LMT
2021-06-28,332.1412048339844,380.07000732421875,382.7300109863281,378.82000732421875,381.6700134277344,778200,LMT
2021-06-29,326.329833984375,373.4200134277344,380.3999938964844,373.25,379.8800048828125,1223900,LMT
2021-06-30,330.6381530761719,378.3500061035156,379.44000244140625,373.6199951171875,374.5,1077600,LMT
2021-07-01,332.2723388671875,380.2200012207031,381.1199951171875,377.2200012207031,377.30999755859375,752800,LMT
2021-07-02,333.3821716308594,381.489990234375,383.19000244140625,378.95001220703125,381.75,778700,LMT
2021-07-06,330.917724609375,378.6700134277344,380.3399963378906,373.67999267578125,380.0,1142700,LMT
2021-07-07,335.1212158203125,383.4800109863281,384.6000061035156,377.4100036621094,378.4100036621094,952900,LMT
2021-07-08,332.0101318359375,379.9200134277344,381.69000244140625,377.92999267578125,379.5299987792969,894500,LMT
2021-07-09,334.7977600097656,383.1099853515625,384.3900146484375,380.7699890136719,382.70001220703125,542900,LMT
2021-07-12,331.26727294921875,379.07000732421875,383.32000732421875,376.2300109863281,381.8999938964844,1008200,LMT
2021-07-13,330.19244384765625,377.8399963378906,380.69000244140625,377.5400085449219,379.0,709500,LMT
2021-07-14,329.301025390625,376.82000732421875,378.3900146484375,375.2099914550781,377.8399963378906,698900,LMT
2021-07-15,330.5506896972656,378.25,378.6499938964844,375.0,375.1199951171875,713400,LMT
2021-07-16,329.5807189941406,377.1400146484375,379.7200012207031,375.2799987792969,378.6199951171875,890800,LMT
2021-07-19,325.1063537597656,372.0199890136719,376.82000732421875,367.55999755859375,375.1499938964844,1357600,LMT
2021-07-20,332.0625915527344,379.9800109863281,380.6400146484375,373.0,373.010009765625,1268000,LMT
2021-07-21,332.85784912109375,380.8900146484375,384.70001220703125,379.3999938964844,379.9800109863281,922800,LMT
2021-07-22,332.01885986328125,379.92999267578125,381.54998779296875,377.8299865722656,380.75,688400,LMT
2021-07-23,332.7528991699219,380.7699890136719,382.5,380.19000244140625,381.9700012207031,795900,LMT
2021-07-26,321.63702392578125,368.04998779296875,374.3599853515625,366.3999938964844,373.0,2720700,LMT
2021-07-27,327.47454833984375,374.7300109863281,375.54998779296875,368.25,368.25,1460600,LMT
2021-07-28,325.7967834472656,372.80999755859375,376.239990234375,370.5899963378906,376.0,775200,LMT
2021-07-29,325.61322021484375,372.6000061035156,375.8599853515625,371.3500061035156,374.8500061035156,754800,LMT
2021-07-30,324.8005065917969,371.6700134277344,373.6400146484375,370.1099853515625,372.07000732421875,798600,LMT
2021-08-02,321.85546875,368.29998779296875,375.0400085449219,368.0799865722656,372.29998779296875,1176500,LMT
2021-08-03,322.86041259765625,369.45001220703125,369.9100036621094,366.0,369.3800048828125,872900,LMT
2021-08-04,316.0352783203125,361.6400146484375,365.3599853515625,359.6099853515625,364.489990234375,1608100,LMT
2021-08-05,315.2837219238281,360.7799987792969,363.0199890136719,359.8800048828125,362.44000244140625,912600,LMT
2021-08-06,316.39361572265625,362.04998779296875,363.4599914550781,360.55999755859375,362.29998779296875,704500,LMT
2021-08-09,315.5110168457031,361.0400085449219,362.4200134277344,359.7799987792969,360.70001220703125,945100,LMT
2021-08-10,316.5596008300781,362.239990234375,363.05999755859375,360.1000061035156,360.19000244140625,842100,LMT
2021-08-11,317.4859619140625,363.29998779296875,364.3500061035156,361.0,362.45001220703125,900100,LMT
2021-08-12,314.3836364746094,359.75,364.29998779296875,358.79998779296875,362.3299865722656,1005400,LMT
2021-08-13,312.8369140625,357.9800109863281,361.07000732421875,357.510009765625,360.25,1222200,LMT
2021-08-16,314.8206481933594,360.25,360.510009765625,355.55999755859375,357.9800109863281,1625700,LMT
2021-08-17,316.0003356933594,361.6000061035156,362.5299987792969,358.6700134277344,359.04998779296875,1571000,LMT
2021-08-18,311.63092041015625,356.6000061035156,360.5,356.55999755859375,359.5,961000,LMT
2021-08-19,309.385009765625,354.0299987792969,359.8999938964844,353.57000732421875,355.2300109863281,1345700,LMT
2021-08-20,312.12896728515625,357.1700134277344,358.80999755859375,353.57000732421875,354.739990234375,904300,LMT
2021-08-23,312.2862548828125,357.3500061035156,359.07000732421875,356.4100036621094,357.94000244140625,827800,LMT
2021-08-24,313.728271484375,359.0,360.489990234375,357.9200134277344,358.9700012207031,822600,LMT
2021-08-25,313.50982666015625,358.75,360.6499938964844,357.989990234375,359.69000244140625,953500,LMT
2021-08-26,316.0178527832031,361.6199951171875,361.9800109863281,357.239990234375,359.1000061035156,1172400,LMT
2021-08-27,316.3411560058594,361.989990234375,364.3299865722656,361.17999267578125,363.2900085449219,1203900,LMT
2021-08-30,316.39361572265625,362.04998779296875,363.9599914550781,361.75,362.25,986000,LMT
2021-08-31,316.70166015625,359.79998779296875,360.8500061035156,358.1000061035156,359.3999938964844,1083900,LMT
2021-09-01,313.9378662109375,356.6600036621094,359.510009765625,356.5400085449219,358.29998779296875,1116000,LMT
2021-09-02,315.1612243652344,358.04998779296875,358.739990234375,355.5199890136719,356.80999755859375,2071500,LMT
2021-09-03,313.3568420410156,356.0,358.2699890136719,355.6300048828125,358.04998779296875,893200,LMT
2021-09-07,307.37139892578125,349.20001220703125,354.7200012207031,349.07000732421875,354.7200012207031,2033500,LMT
2021-09-08,309.3607177734375,351.4599914550781,353.5799865722656,349.4599914550781,350.3900146484375,1215300,LMT
2021-09-09,307.1337585449219,348.92999267578125,351.70001220703125,347.8599853515625,350.510009765625,1098900,LMT
2021-09-10,304.4490966796875,345.8800048828125,350.0799865722656,345.82000732421875,349.44000244140625,1222600,LMT
2021-09-13,304.82757568359375,346.30999755859375,349.2799987792969,342.75,347.9100036621094,1489200,LMT
2021-09-14,303.0935363769531,344.3399963378906,348.29998779296875,342.4800109863281,348.0,1325600,LMT
2021-09-15,303.73614501953125,345.07000732421875,346.92999267578125,343.9100036621094,344.79998779296875,1149700,LMT
2021-09-16,300.59368896484375,341.5,345.94000244140625,340.75,345.4800109863281,1451400,LMT
2021-09-17,300.13604736328125,340.9800109863281,342.80999755859375,339.1499938964844,339.95001220703125,2108000,LMT
2021-09-20,297.9178771972656,338.4599914550781,340.6499938964844,335.8900146484375,338.70001220703125,1709800,LMT
2021-09-21,295.796630859375,336.04998779296875,340.07000732421875,335.1000061035156,338.739990234375,1317000,LMT
2021-09-22,300.7962646484375,341.7300109863281,343.20001220703125,338.0199890136719,338.1400146484375,1335900,LMT
2021-09-23,302.97027587890625,344.20001220703125,344.7799987792969,340.1099853515625,340.2900085449219,1366200,LMT
2021-09-24,307.653076171875,349.5199890136719,352.94000244140625,347.510009765625,348.9700012207031,1693000,LMT
2021-09-27,311.0330505371094,353.3599853515625,357.239990234375,351.32000732421875,352.1400146484375,1866000,LMT
2021-09-28,309.9680480957031,352.1499938964844,355.30999755859375,349.9200134277344,353.3599853515625,1140100,LMT
2021-09-29,308.33087158203125,350.2900085449219,352.5799865722656,344.9700012207031,348.1300048828125,1547700,LMT
2021-09-30,303.76251220703125,345.1000061035156,352.29998779296875,344.8999938964844,351.5299987792969,1054300,LMT
2021-10-01,306.1390686035156,347.79998779296875,349.67999267578125,342.7699890136719,347.30999755859375,960400,LMT
2021-10-04,304.5459289550781,345.989990234375,350.2699890136719,343.70001220703125,347.69000244140625,1127400,LMT
2021-10-05,306.0950622558594,347.75,350.45001220703125,344.82000732421875,346.0,889400,LMT
2021-10-06,308.0668029785156,349.989990234375,350.1400146484375,344.20001220703125,347.0299987792969,995700,LMT
2021-10-07,309.6423645019531,351.7799987792969,354.4800109863281,350.1700134277344,350.1700134277344,1042600,LMT
2021-10-08,311.3763427734375,353.75,355.1600036621094,350.79998779296875,352.0799865722656,768500,LMT
2021-10-11,314.3075256347656,357.0799865722656,359.3299865722656,354.1199951171875,354.8999938964844,996800,LMT
2021-10-12,315.2229309082031,358.1199951171875,360.3800048828125,356.010009765625,356.9800109863281,840200,LMT
2021-10-13,318.4268798828125,361.760009765625,362.3900146484375,353.45001220703125,359.6199951171875,1102100,LMT
2021-10-14,318.6998291015625,362.07000732421875,364.1600036621094,360.3599853515625,362.0199890136719,973300,LMT
2021-10-15,321.8245544433594,365.6199951171875,366.239990234375,363.510009765625,364.1000061035156,952700,LMT
2021-10-18,321.2788391113281,365.0,367.8800048828125,361.8800048828125,364.3299865722656,1014600,LMT
2021-10-19,326.6216735839844,371.07000732421875,371.17999267578125,363.6499938964844,366.5,1051300,LMT
2021-10-20,326.674560546875,371.1300048828125,372.57000732421875,369.79998779296875,371.7799987792969,955200,LMT
2021-10-21,328.4437561035156,373.1400146484375,373.260009765625,367.1400146484375,371.6300048828125,803600,LMT
2021-10-22,329.7288513183594,374.6000061035156,377.0199890136719,372.25,373.92999267578125,1092000,LMT
2021-10-25,331.2516174316406,376.3299865722656,378.1000061035156,374.6099853515625,375.9100036621094,1350300,LMT
2021-10-26,292.1524963378906,331.9100036621094,351.20001220703125,326.0,348.3299865722656,9439700,LMT
2021-10-27,291.29864501953125,330.94000244140625,336.42999267578125,330.5400085449219,333.0,2822900,LMT
2021-10-28,291.69476318359375,331.3900146484375,334.8599853515625,325.1400146484375,330.0,2874600,LMT
2021-10-29,292.5134582519531,332.32000732421875,334.3599853515625,328.8399963378906,330.0,1821500,LMT
2021-11-01,291.28985595703125,330.92999267578125,334.20001220703125,330.07000732421875,330.4700012207031,1865000,LMT
2021-11-02,287.2232971191406,326.30999755859375,332.0400085449219,325.30999755859375,331.45001220703125,2745000,LMT
2021-11-03,291.6595458984375,331.3500061035156,333.1000061035156,324.2300109863281,325.5,1902600,LMT
2021-11-04,295.3125305175781,335.5,335.739990234375,331.29998779296875,331.29998779296875,1847900,LMT
2021-11-05,299.1766052246094,339.8900146484375,340.5199890136719,336.3500061035156,336.95001220703125,2145300,LMT
2021-11-08,300.8401794433594,341.7799987792969,343.0199890136719,337.5799865722656,341.6300048828125,1733000,LMT
2021-11-09,297.6627197265625,338.1700134277344,342.0,337.1000061035156,341.3800048828125,1769200,LMT
2021-11-10,297.1872863769531,337.6300048828125,340.70001220703125,337.5,338.7699890136719,1268700,LMT
2021-11-11,295.65576171875,335.8900146484375,337.2099914550781,333.29998779296875,337.1400146484375,1216500,LMT
2021-11-12,298.44598388671875,339.05999755859375,340.3900146484375,335.0299987792969,335.6199951171875,1097400,LMT
2021-11-15,300.08319091796875,340.9200134277344,341.6499938964844,339.42999267578125,339.54998779296875,1068600,LMT
2021-11-16,299.5992126464844,340.3699951171875,343.6400146484375,339.760009765625,341.8900146484375,1307500,LMT
2021-11-17,301.0250244140625,341.989990234375,343.54998779296875,339.4800109863281,339.4800109863281,1751000,LMT
2021-11-18,301.104248046875,342.0799865722656,343.1099853515625,340.2099914550781,342.7200012207031,1431300,LMT
2021-11-19,300.54095458984375,341.44000244140625,343.0,339.3500061035156,340.8800048828125,1426500,LMT
2021-11-22,303.6569519042969,344.9800109863281,347.5899963378906,341.4800109863281,341.7300109863281,1229400,LMT
2021-11-23,303.83294677734375,345.17999267578125,348.0899963378906,344.6700134277344,344.9800109863281,1212700,LMT
2021-11-24,302.4245910644531,343.5799865722656,347.0,343.04998779296875,344.8599853515625,1134500,LMT
2021-11-26,301.6676025390625,342.7200012207031,343.2300109863281,338.0799865722656,339.2900085449219,1079900,LMT
2021-11-29,300.3560791015625,341.2300109863281,344.6000061035156,339.20001220703125,344.0,1492300,LMT
2021-11-30,295.8209228515625,333.32000732421875,338.3599853515625,333.0299987792969,337.20001220703125,2763200,LMT
2021-12-01,291.4721984863281,328.4200134277344,335.95001220703125,328.20001220703125,335.0,2248300,LMT
2021-12-02,293.3448181152344,330.5299987792969,333.9100036621094,328.3299865722656,330.0,1804100,LMT
2021-12-03,296.25579833984375,333.80999755859375,334.3800048828125,330.3399963378906,331.3500061035156,1603200,LMT
2021-12-06,301.7138977050781,339.9599914550781,342.4100036621094,337.25,337.25,1946900,LMT
2021-12-07,301.0128479003906,339.1700134277344,342.1099853515625,338.79998779296875,340.0,1540700,LMT
2021-12-08,302.70794677734375,341.0799865722656,342.3800048828125,339.0199890136719,339.7099914550781,1376900,LMT
2021-12-09,304.9444580078125,343.6000061035156,345.1099853515625,338.2699890136719,339.94000244140625,1591500,LMT
2021-12-10,306.08050537109375,344.8800048828125,347.239990234375,344.6000061035156,345.8399963378906,1180700,LMT
2021-12-13,306.675048828125,345.54998779296875,346.79998779296875,341.510009765625,344.3999938964844,1740700,LMT
2021-12-14,306.7549133300781,345.6400146484375,348.3999938964844,343.75,343.75,1786000,LMT
2021-12-15,305.67218017578125,344.4200134277344,345.6400146484375,340.0,345.3900146484375,1208900,LMT
2021-12-16,306.0448913574219,344.8399963378906,347.9599914550781,343.6700134277344,345.6700134277344,1185900,LMT
2021-12-17,305.4237365722656,344.1400146484375,347.1600036621094,342.9200134277344,345.54998779296875,2749500,LMT
2021-12-20,299.459716796875,337.4200134277344,341.19000244140625,333.4200134277344,341.0,2315400,LMT
2021-12-21,302.4327697753906,340.7699890136719,343.3800048828125,338.6499938964844,338.7699890136719,2352400,LMT
2021-12-22,304.5361328125,343.1400146484375,344.3500061035156,341.0299987792969,341.1600036621094,1311400,LMT
2021-12-23,307.9796447753906,347.0199890136719,348.32000732421875,343.7799987792969,343.7799987792969,1061200,LMT
2021-12-27,310.8728942871094,350.2799987792969,350.80999755859375,347.0,347.1000061035156,965900,LMT
2021-12-28,313.9525146484375,353.75,355.1700134277344,349.510009765625,350.05999755859375,827500,LMT
2021-12-29,314.4140625,354.2699890136719,355.5,352.69000244140625,353.44000244140625,771700,LMT
2021-12-30,313.80169677734375,353.5799865722656,357.8299865722656,353.510009765625,355.0,778500,LMT
2021-12-31,315.42578125,355.4100036621094,357.05999755859375,351.55999755859375,353.1700134277344,887200,LMT
2022-01-03,314.4939880371094,354.3599853515625,356.5899963378906,353.0299987792969,354.67999267578125,1205700,LMT
2022-01-04,321.2655334472656,361.989990234375,363.5400085449219,355.2099914550781,355.5299987792969,1361100,LMT
2022-01-05,317.8487548828125,358.1400146484375,364.0,357.8699951171875,363.0,1682200,LMT
2022-01-06,317.72442626953125,358.0,361.239990234375,357.54998779296875,360.0,1368800,LMT
2022-01-07,319.6236572265625,360.1400146484375,362.989990234375,358.1499938964844,359.0799865722656,1634600,LMT
2022-01-10,322.3837890625,363.25,369.4599914550781,361.4100036621094,363.0,2389900,LMT
2022-01-11,323.1736755371094,364.1400146484375,365.0400085449219,361.2699890136719,364.010009765625,1128000,LMT
2022-01-12,320.65313720703125,361.29998779296875,366.1600036621094,359.45001220703125,363.3800048828125,1477100,LMT
2022-01-13,324.0965881347656,365.17999267578125,367.3599853515625,360.1199951171875,362.05999755859375,1244000,LMT
2022-01-14,330.6996154785156,372.6199951171875,372.989990234375,363.9700012207031,365.17999267578125,2165000,LMT
2022-01-18,334.1786193847656,376.5400085449219,377.3599853515625,368.8599853515625,370.45001220703125,2471600,LMT
2022-01-19,334.8797302246094,377.3299865722656,381.45001220703125,374.17999267578125,375.5,3336700,LMT
2022-01-20,332.9272155761719,375.1300048828125,381.1499938964844,374.010009765625,377.010009765625,2109100,LMT
2022-01-21,329.439453125,371.20001220703125,377.1000061035156,369.67999267578125,374.0,2795400,LMT
2022-01-24,331.32977294921875,373.3299865722656,374.5400085449219,365.3399963378906,369.54998779296875,3022300,LMT
2022-01-25,343.6127624511719,387.1700134277344,388.0,370.7799987792969,377.8500061035156,3182400,LMT
2022-01-26,347.22479248046875,391.239990234375,393.6300048828125,383.70001220703125,388.0,3640500,LMT
2022-01-27,345.3078918457031,389.0799865722656,395.6000061035156,384.739990234375,389.3900146484375,2566200,LMT
2022-01-28,348.91998291015625,393.1499938964844,393.3299865722656,384.7799987792969,389.1000061035156,2145100,LMT
2022-01-31,345.35223388671875,389.1300048828125,390.989990234375,384.67999267578125,390.5,2363400,LMT
2022-02-01,343.47076416015625,387.010009765625,390.510009765625,386.2099914550781,390.2200012207031,1951100,LMT
2022-02-02,343.76361083984375,387.3399963378906,388.3500061035156,385.010009765625,386.1099853515625,1620600,LMT
2022-02-03,345.85809326171875,389.70001220703125,392.1700134277344,386.3900146484375,388.17999267578125,1649000,LMT
2022-02-04,345.5296936035156,389.3299865722656,392.8399963378906,385.32000732421875,388.0,1645800,LMT
2022-02-07,348.20111083984375,392.3399963378906,395.5799865722656,388.29998779296875,392.0,1243000,LMT
2022-02-08,351.48486328125,396.0400085449219,396.8399963378906,390.6000061035156,395.67999267578125,1311400,LMT
2022-02-09,350.1535339355469,394.5400085449219,397.6199951171875,393.69000244140625,395.5,1541900,LMT
2022-02-10,342.0685119628906,385.42999267578125,395.6600036621094,383.92999267578125,393.0400085449219,2301100,LMT
2022-02-11,351.61798095703125,396.19000244140625,398.8500061035156,385.3500061035156,386.760009765625,3276400,LMT
2022-02-14,343.4353332519531,386.9700012207031,395.5199890136719,383.7900085449219,393.9800109863281,2799800,LMT
2022-02-15,339.21966552734375,382.2200012207031,387.29998779296875,378.32000732421875,381.9100036621094,2418600,LMT
2022-02-16,343.3731384277344,386.8999938964844,388.7099914550781,382.0,382.8500061035156,1776800,LMT
2022-02-17,345.0327453613281,388.7699890136719,391.69000244140625,385.7699890136719,386.1199951171875,1248800,LMT
2022-02-18,342.9825744628906,386.4599914550781,391.0799865722656,385.7099914550781,389.1400146484375,1459900,LMT
2022-02-22,342.75189208984375,386.20001220703125,393.4200134277344,385.07000732421875,391.2699890136719,1680900,LMT
2022-02-23,345.1481018066406,388.8999938964844,390.2799987792969,384.5,389.1700134277344,1839500,LMT
2022-02-24,351.19195556640625,395.7099914550781,398.9800109863281,387.4200134277344,398.2300109863281,4140900,LMT
2022-02-25,363.4217224121094,409.489990234375,414.45001220703125,395.2200012207031,395.2300109863281,3376300,LMT
2022-02-28,387.64739990234375,433.79998779296875,433.8999938964844,413.5,413.80999755859375,5808600,LMT
2022-03-01,408.0306396484375,456.6099853515625,458.5299987792969,435.0,435.0,5719300,LMT
2022-03-02,402.1238708496094,450.0,451.55999755859375,429.2799987792969,445.3699951171875,5003400,LMT
2022-03-03,400.17584228515625,447.82000732421875,455.8999938964844,437.44000244140625,444.7200012207031,4603500,LMT
2022-03-04,409.4067687988281,458.1499938964844,462.6600036621094,443.07000732421875,450.04998779296875,3320300,LMT
2022-03-07,416.55572509765625,466.1499938964844,479.989990234375,463.0,463.010009765625,5210100,LMT
2022-03-08,401.2213439941406,448.989990234375,468.0,448.3599853515625,463.7799987792969,4133700,LMT
2022-03-09,400.9801330566406,448.7200012207031,455.739990234375,432.42999267578125,437.5,3477300,LMT
2022-03-10,397.08392333984375,444.3599853515625,456.9599914550781,442.239990234375,450.6300048828125,3049600,LMT
2022-03-11,392.33001708984375,439.0400085449219,448.69000244140625,438.6099853515625,442.0,2649100,LMT
2022-03-14,397.1644287109375,444.45001220703125,449.7799987792969,439.2099914550781,449.44000244140625,2475700,LMT
2022-03-15,400.9354553222656,448.6700134277344,450.4200134277344,440.2799987792969,444.75,1778700,LMT
2022-03-16,376.5130615234375,421.3399963378906,436.8900146484375,411.3599853515625,435.04998779296875,5815500,LMT
2022-03-17,382.9917297363281,428.5899963378906,431.7799987792969,424.79998779296875,427.05999755859375,2947700,LMT
2022-03-18,380.8381042480469,426.17999267578125,437.489990234375,421.70001220703125,434.6700134277344,5215700,LMT
2022-03-21,393.1877746582031,440.0,447.92999267578125,431.6300048828125,431.6300048828125,3245200,LMT
2022-03-22,393.7150573730469,440.5899963378906,443.8399963378906,434.19000244140625,439.45001220703125,2113800,LMT
2022-03-23,397.8792419433594,445.25,447.5,442.3500061035156,444.0,1715100,LMT
2022-03-24,401.8825988769531,449.7300109863281,451.5,443.2300109863281,445.29998779296875,1375400,LMT
2022-03-25,405.3945007324219,453.6600036621094,457.5299987792969,450.0,450.0299987792969,1646300,LMT
2022-03-28,397.6380310058594,444.9800109863281,450.4599914550781,443.30999755859375,449.32000732421875,1676200,LMT
2022-03-29,390.64105224609375,437.1499938964844,438.1199951171875,429.32000732421875,433.25,2451100,LMT
2022-03-30,398.50482177734375,445.95001220703125,447.05999755859375,439.30999755859375,439.32000732421875,1719500,LMT
2022-03-31,394.43890380859375,441.3999938964844,448.8699951171875,441.0,441.9599914550781,1660700,LMT
2022-04-01,398.5316467285156,445.9800109863281,448.989990234375,438.82000732421875,442.2200012207031,1174200,LMT
2022-04-04,396.771240234375,444.010009765625,448.0,439.54998779296875,447.4800109863281,1166300,LMT
2022-04-05,399.6575927734375,447.239990234375,454.80999755859375,443.3800048828125,445.0,2240200,LMT
2022-04-06,406.21661376953125,454.5799865722656,457.55999755859375,446.3800048828125,446.3800048828125,1941400,LMT
2022-04-07,415.9837646484375,465.510009765625,467.3999938964844,450.7900085449219,453.0,2032700,LMT
2022-04-08,412.4183044433594,461.5199890136719,471.5899963378906,459.6099853515625,467.7200012207031,1710700,LMT
2022-04-11,414.8578186035156,464.25,474.45001220703125,462.19000244140625,463.7900085449219,1911200,LMT
2022-04-12,417.80670166015625,467.54998779296875,471.739990234375,461.3800048828125,466.20001220703125,1502300,LMT
2022-04-13,419.272216796875,469.19000244140625,474.6099853515625,466.25,471.0,1212400,LMT
2022-04-14,417.9049987792969,467.6600036621094,473.7300109863281,466.0400085449219,471.9100036621094,1965200,LMT
2022-04-18,417.70849609375,467.44000244140625,471.9700012207031,459.1099853515625,467.0,1638900,LMT
2022-04-19,410.97064208984375,459.8999938964844,475.5,458.42999267578125,462.489990234375,2044000,LMT
2022-04-20,405.58221435546875,453.8699951171875,461.3599853515625,452.7799987792969,459.8800048828125,1636200,LMT
2022-04-21,392.7767639160156,439.5400085449219,455.95001220703125,438.8500061035156,455.0,1937600,LMT
2022-04-22,398.3618469238281,445.7900085449219,450.8999938964844,438.3900146484375,440.8900146484375,1451700,LMT
2022-04-25,395.7703552246094,442.8900146484375,444.82000732421875,433.2699890136719,443.0,1499800,LMT
2022-04-26,398.6299133300781,446.0899963378906,452.32000732421875,443.17999267578125,447.0400085449219,1440400,LMT
2022-04-27,397.6380310058594,444.9800109863281,452.0,439.2699890136719,446.2300109863281,1017500,LMT
2022-04-28,394.71588134765625,441.7099914550781,449.0,437.5199890136719,449.0,1348800,LMT
2022-04-29,386.1461181640625,432.1199951171875,445.010009765625,430.3800048828125,444.42999267578125,1479500,LMT
2022-05-02,384.9755554199219,430.80999755859375,437.489990234375,426.1499938964844,429.6000061035156,1397100,LMT
2022-05-03,388.51422119140625,434.7699890136719,437.6000061035156,430.9599914550781,434.3800048828125,1332000,LMT
2022-05-04,398.317138671875,445.739990234375,445.989990234375,434.8900146484375,437.0299987792969,1172600,LMT
2022-05-05,396.002685546875,443.1499938964844,447.4700012207031,438.6099853515625,445.739990234375,1183800,LMT
2022-05-06,401.61456298828125,449.42999267578125,449.5799865722656,439.9100036621094,441.5299987792969,1409800,LMT
2022-05-09,392.1512145996094,438.8399963378906,448.7799987792969,437.1199951171875,447.0299987792969,1354500,LMT
2022-05-10,392.410400390625,439.1300048828125,446.5,437.5,439.94000244140625,978500,LMT
2022-05-11,393.5542297363281,440.4100036621094,444.989990234375,436.6199951171875,437.5,1018200,LMT
2022-05-12,388.3533935546875,434.5899963378906,441.32000732421875,428.3500061035156,439.260009765625,1390200,LMT
2022-05-13,388.8716735839844,435.1700134277344,437.7099914550781,429.0,435.3599853515625,1114700,LMT
2022-05-16,390.9985046386719,437.54998779296875,440.3699951171875,432.1600036621094,435.0,1004700,LMT
2022-05-17,394.0814208984375,441.0,442.2200012207031,431.260009765625,439.80999755859375,798100,LMT
2022-05-18,388.1210632324219,434.3299865722656,442.07000732421875,433.1000061035156,441.0,986900,LMT
2022-05-19,380.33770751953125,425.6199951171875,432.989990234375,419.2900085449219,430.8500061035156,1539800,LMT
2022-05-20,379.02410888671875,424.1499938964844,428.0,417.2900085449219,428.0,1632500,LMT
2022-05-23,386.9593200683594,433.0299987792969,435.6499938964844,427.44000244140625,427.44000244140625,1038200,LMT
2022-05-24,395.67205810546875,442.7799987792969,443.30999755859375,433.0,433.0,1034100,LMT
2022-05-25,399.92572021484375,447.5400085449219,448.6300048828125,441.29998779296875,443.4800109863281,1032200,LMT
2022-05-26,400.3277587890625,447.989990234375,454.05999755859375,447.7699890136719,450.0,1143100,LMT
2022-05-27,402.6243591308594,450.55999755859375,451.4700012207031,444.4599914550781,451.1400146484375,1265800,LMT
2022-05-31,395.7455139160156,440.1099853515625,445.0,438.4100036621094,443.0,2539100,LMT
2022-06-01,395.0171203613281,439.29998779296875,443.8500061035156,436.489990234375,443.0299987792969,1199000,LMT
2022-06-02,396.6446838378906,441.1099853515625,442.5400085449219,430.44000244140625,441.760009765625,1210000,LMT
2022-06-03,398.0654296875,442.69000244140625,446.5799865722656,439.1600036621094,440.0,928000,LMT
2022-06-06,398.71282958984375,443.4100036621094,446.0,441.55999755859375,443.82000732421875,690000,LMT
2022-06-07,410.30352783203125,456.29998779296875,456.6700134277344,441.3999938964844,442.0,1126000,LMT
2022-06-08,398.71282958984375,443.4100036621094,454.6400146484375,442.9100036621094,452.0,1151600,LMT
2022-06-09,389.1004333496094,432.7200012207031,443.54998779296875,432.5,443.4200134277344,995100,LMT
2022-06-10,386.8254699707031,430.19000244140625,434.3500061035156,425.75,431.0,1165700,LMT
2022-06-13,381.1964416503906,423.92999267578125,428.3599853515625,421.5199890136719,424.3999938964844,1483000,LMT
2022-06-14,374.2187194824219,416.1700134277344,424.1600036621094,411.1099853515625,424.010009765625,1497800,LMT
2022-06-15,372.3573913574219,414.1000061035156,419.0,408.8699951171875,417.55999755859375,1241700,LMT
2022-06-16,363.9858703613281,404.7900085449219,412.8900146484375,403.0199890136719,410.42999267578125,1580300,LMT
2022-06-17,363.2845153808594,404.010009765625,405.3999938964844,394.6600036621094,403.57000732421875,3757100,LMT
2022-06-21,376.7275085449219,418.9599914550781,420.5,409.010009765625,412.0,1474400,LMT
2022-06-22,373.57122802734375,415.45001220703125,420.4200134277344,411.7900085449219,414.05999755859375,1073300,LMT
2022-06-23,369.22821044921875,410.6199951171875,416.2699890136719,407.17999267578125,415.3699951171875,988700,LMT
2022-06-24,376.79937744140625,419.0400085449219,419.4800109863281,410.67999267578125,415.8399963378906,1768000,LMT
2022-06-27,376.98822021484375,419.25,423.19000244140625,417.4700012207031,419.0400085449219,779000,LMT
2022-06-28,378.3009948730469,420.7099914550781,427.55999755859375,419.3500061035156,423.0,953300,LMT
2022-06-29,376.6645202636719,418.8900146484375,424.4100036621094,416.42999267578125,423.05999755859375,733800,LMT
2022-06-30,386.61859130859375,429.9599914550781,430.32000732421875,416.8800048828125,418.1600036621094,1269500,LMT
2022-07-01,389.81982421875,433.5199890136719,434.9599914550781,424.4800109863281,429.739990234375,1296900,LMT
2022-07-05,373.3914794921875,415.25,425.7699890136719,407.2099914550781,424.7900085449219,1712800,LMT
2022-07-06,382.9588623046875,425.8900146484375,427.8599853515625,415.2799987792969,416.8999938964844,1044900,LMT
2022-07-07,379.63189697265625,422.19000244140625,428.0,419.54998779296875,424.4800109863281,1177100,LMT
2022-07-08,377.97735595703125,420.3500061035156,426.9700012207031,419.9700012207031,425.5400085449219,682000,LMT
2022-07-11,376.8263854980469,419.07000732421875,423.0,415.3800048828125,417.8999938964844,602600,LMT
2022-07-12,372.2584228515625,413.989990234375,419.8900146484375,412.6000061035156,419.4700012207031,680500,LMT
2022-07-13,366.87225341796875,408.0,417.7699890136719,407.7300109863281,409.1099853515625,1155500,LMT
2022-07-14,359.95745849609375,400.30999755859375,405.3699951171875,397.5199890136719,403.19000244140625,1160700,LMT
2022-07-15,358.22198486328125,398.3800048828125,403.7099914550781,397.80999755859375,403.7099914550781,1223200,LMT
2022-07-18,348.240966796875,387.2799987792969,400.0,387.0299987792969,399.9700012207031,2759700,LMT
2022-07-19,351.0284423828125,390.3800048828125,390.57000732421875,373.6700134277344,378.82000732421875,3023800,LMT
2022-07-20,355.3804931640625,395.2200012207031,397.4800109863281,385.6700134277344,390.6600036621094,1560300,LMT
2022-07-21,355.362548828125,395.20001220703125,395.54998779296875,389.6400146484375,394.32000732421875,941000,LMT
2022-07-22,354.94891357421875,394.739990234375,401.9700012207031,393.4599914550781,399.95001220703125,769400,LMT
2022-07-25,359.4988708496094,399.79998779296875,403.7300109863281,393.6300048828125,394.3699951171875,1038300,LMT
2022-07-26,356.81024169921875,396.80999755859375,402.9800109863281,396.57000732421875,400.17999267578125,992400,LMT
2022-07-27,358.3658752441406,398.5400085449219,399.25,394.0,397.7900085449219,838600,LMT
2022-07-28,365.14581298828125,406.0799865722656,406.7699890136719,396.1400146484375,399.1499938964844,1014600,LMT
2022-07-29,372.09661865234375,413.80999755859375,414.1499938964844,402.0,406.489990234375,1493500,LMT
2022-08-01,377.01519775390625,419.2799987792969,428.5,416.6400146484375,418.239990234375,1721900,LMT
2022-08-02,385.5576477050781,428.7799987792969,432.8399963378906,419.1000061035156,425.010009765625,2453900,LMT
2022-08-03,386.0251159667969,429.29998779296875,431.760009765625,419.6400146484375,427.2699890136719,1330500,LMT
2022-08-04,384.97314453125,428.1300048828125,434.6499938964844,426.8900146484375,430.7099914550781,1126400,LMT
2022-08-05,383.4264831542969,426.4100036621094,427.8399963378906,419.5299987792969,425.260009765625,932500,LMT
2022-08-08,381.13348388671875,423.8599853515625,429.3699951171875,421.67999267578125,427.5,814800,LMT
2022-08-09,385.3507385253906,428.54998779296875,431.8800048828125,425.70001220703125,426.95001220703125,747400,LMT
2022-08-10,386.6455993652344,429.989990234375,432.25,426.3399963378906,430.07000732421875,1409300,LMT
2022-08-11,385.6204528808594,428.8500061035156,432.489990234375,427.20001220703125,429.239990234375,949300,LMT
2022-08-12,390.4671630859375,434.239990234375,434.2900085449219,427.19000244140625,428.8999938964844,978000,LMT
2022-08-15,393.857177734375,438.010009765625,439.9700012207031,429.8599853515625,432.67999267578125,884900,LMT
2022-08-16,395.79046630859375,440.1600036621094,445.0,436.9200134277344,436.9200134277344,851100,LMT
2022-08-17,397.0762634277344,441.5899963378906,445.489990234375,435.0,436.1300048828125,996500,LMT
2022-08-18,395.0621032714844,439.3500061035156,444.5799865722656,436.8699951171875,441.9100036621094,866500,LMT
2022-08-19,395.67352294921875,440.0299987792969,440.9200134277344,436.0400085449219,438.4800109863281,1013600,LMT
2022-08-22,388.74969482421875,432.3299865722656,441.6400146484375,431.8399963378906,438.510009765625,1086700,LMT
2022-08-23,389.4600524902344,433.1199951171875,434.7300109863281,430.29998779296875,432.92999267578125,915200,LMT
2022-08-24,389.99066162109375,433.7099914550781,435.45001220703125,430.94000244140625,433.989990234375,740200,LMT
2022-08-25,394.4236755371094,438.6400146484375,438.8399963378906,432.42999267578125,433.7099914550781,727600,LMT
2022-08-26,387.67071533203125,431.1300048828125,442.7799987792969,430.94000244140625,440.3999938964844,876200,LMT
2022-08-29,386.3668518066406,429.67999267578125,433.8999938964844,426.4800109863281,427.6600036621094,868100,LMT
2022-08-30,382.2575378417969,425.1099853515625,430.3699951171875,424.010009765625,429.44000244140625,976100,LMT
2022-08-31,380.26617431640625,420.1099853515625,424.739990234375,420.0199890136719,422.3599853515625,909300,LMT
2022-09-01,382.5290832519531,422.6099853515625,423.5799865722656,417.79998779296875,418.239990234375,948800,LMT
2022-09-02,378.87225341796875,418.57000732421875,425.69000244140625,417.54998779296875,424.989990234375,869800,LMT
2022-09-06,378.1571960449219,417.7799987792969,423.2699890136719,415.7799987792969,419.010009765625,962500,LMT
2022-09-07,380.2933654785156,420.1400146484375,420.8999938964844,412.260009765625,415.3500061035156,1255700,LMT
2022-09-08,379.849853515625,419.6499938964844,421.07000732421875,414.7699890136719,419.57000732421875,1112600,LMT
2022-09-09,381.551513671875,421.5299987792969,423.6199951171875,419.0199890136719,420.69000244140625,1284600,LMT
2022-09-12,378.93560791015625,418.6400146484375,421.489990234375,417.5,421.0,1349700,LMT
2022-09-13,370.508544921875,409.3299865722656,420.79998779296875,407.3599853515625,417.32000732421875,1621200,LMT
2022-09-14,377.11627197265625,416.6300048828125,418.3999938964844,408.29998779296875,410.19000244140625,1004100,LMT
2022-09-15,374.3645324707031,413.5899963378906,414.8299865722656,410.7300109863281,414.8299865722656,1189200,LMT
2022-09-16,374.9981384277344,414.2900085449219,415.7699890136719,410.010009765625,411.25,2023300,LMT
2022-09-19,377.01666259765625,416.5199890136719,417.6400146484375,412.7300109863281,414.0,695500,LMT
2022-09-20,380.69158935546875,420.5799865722656,421.4100036621094,412.3399963378906,416.0,1112100,LMT
2022-09-21,380.3476867675781,420.20001220703125,433.7900085449219,420.0299987792969,427.989990234375,2106400,LMT
2022-09-22,382.0493469238281,422.0799865722656,424.7200012207031,413.0,419.8299865722656,1409900,LMT
2022-09-23,373.8939208984375,413.07000732421875,420.010009765625,407.5799865722656,419.7799987792969,1874600,LMT
2022-09-26,368.9879150390625,407.6499938964844,412.2099914550781,406.510009765625,411.69000244140625,1208300,LMT
2022-09-27,361.8281555175781,399.739990234375,410.32000732421875,398.3699951171875,409.20001220703125,1051900,LMT
2022-09-28,362.0634765625,400.0,402.0899963378906,391.1000061035156,397.20001220703125,1161500,LMT
2022-09-29,352.8218078613281,389.7900085449219,399.4100036621094,385.8900146484375,398.9800109863281,1127700,LMT
2022-09-30,349.6537780761719,386.2900085449219,389.8999938964844,381.54998779296875,381.6300048828125,1343700,LMT
2022-10-03,361.8281555175781,399.739990234375,402.8299865722656,389.0799865722656,389.739990234375,1273800,LMT
2022-10-04,367.5939636230469,406.1099853515625,407.8399963378906,399.8299865722656,403.1099853515625,1060000,LMT
2022-10-05,364.33544921875,402.510009765625,407.6600036621094,400.7799987792969,406.1099853515625,828400,LMT
2022-10-06,361.7104187011719,399.6099853515625,403.6000061035156,398.0799865722656,401.6199951171875,746700,LMT
2022-10-07,365.6479187011719,403.9599914550781,404.6700134277344,396.010009765625,398.55999755859375,1124700,LMT
2022-10-10,371.1059875488281,409.989990234375,418.6300048828125,406.1499938964844,407.5899963378906,1112500,LMT
2022-10-11,372.07452392578125,411.05999755859375,416.1600036621094,405.6600036621094,405.6600036621094,1013600,LMT
2022-10-12,359.7281494140625,397.4200134277344,408.8999938964844,397.1400146484375,406.92999267578125,921700,LMT
2022-10-13,367.4582214355469,405.9599914550781,407.04998779296875,391.2200012207031,393.0,1012700,LMT
2022-10-14,352.4778137207031,389.4100036621094,405.3800048828125,388.1000061035156,404.3299865722656,1369100,LMT
2022-10-17,359.62860107421875,397.30999755859375,400.6099853515625,392.1499938964844,393.0,1617200,LMT
2022-10-18,390.8836975097656,431.8399963378906,435.510009765625,401.5400085449219,403.1499938964844,4588500,LMT
2022-10-19,398.233642578125,439.9599914550781,447.57000732421875,430.3500061035156,433.9700012207031,2623700,LMT
2022-10-20,402.1982116699219,444.3399963378906,445.30999755859375,437.95001220703125,439.6199951171875,1781300,LMT
2022-10-21,411.4941101074219,454.6099853515625,454.69000244140625,440.1499938964844,443.7200012207031,1620200,LMT
2022-10-24,414.0738525390625,457.4599914550781,466.17999267578125,455.55999755859375,459.0799865722656,2013600,LMT
2022-10-25,416.50872802734375,460.1499938964844,463.5400085449219,452.19000244140625,454.04998779296875,1537000,LMT
2022-10-26,418.690185546875,462.55999755859375,470.6400146484375,460.4599914550781,462.1700134277344,1554600,LMT
2022-10-27,427.1714782714844,471.92999267578125,474.17999267578125,464.3999938964844,464.5799865722656,1513700,LMT
2022-10-28,438.88421630859375,484.8699951171875,491.1400146484375,472.29998779296875,474.0,2045300,LMT
2022-10-31,440.5226135253906,486.67999267578125,488.2300109863281,479.42999267578125,480.45001220703125,1288200,LMT
2022-11-01,439.57220458984375,485.6300048828125,491.1600036621094,483.8699951171875,486.0299987792969,1229700,LMT
2022-11-02,436.34075927734375,482.05999755859375,488.8800048828125,481.5,484.5400085449219,1291800,LMT
2022-11-03,438.8389892578125,484.82000732421875,489.9700012207031,478.54998779296875,479.7699890136719,1291100,LMT
2022-11-04,435.9877014160156,481.6700134277344,486.5,472.57000732421875,485.1600036621094,1481100,LMT
2022-11-07,442.2876281738281,488.6300048828125,489.9599914550781,480.9599914550781,482.4800109863281,944800,LMT
2022-11-08,447.2569885253906,494.1199951171875,494.6600036621094,486.8399963378906,488.8800048828125,1221000,LMT
2022-11-09,439.164794921875,485.17999267578125,492.44000244140625,484.239990234375,489.75,1383200,LMT
2022-11-10,444.22467041015625,490.7699890136719,491.2200012207031,479.70001220703125,488.260009765625,1601000,LMT
2022-11-11,419.8668518066406,463.8599853515625,483.8299865722656,462.6099853515625,480.739990234375,3061800,LMT
2022-11-14,418.219482421875,462.0400085449219,471.9800109863281,459.3699951171875,467.3500061035156,2286700,LMT
2022-11-15,422.9353332519531,467.25,474.989990234375,458.04998779296875,465.8399963378906,3272800,LMT
2022-11-16,422.0210876464844,466.239990234375,469.260009765625,461.5899963378906,465.239990234375,1022600,LMT
2022-11-17,427.9317626953125,472.7699890136719,474.7799987792969,464.260009765625,465.0,1401900,LMT
2022-11-18,431.5977478027344,476.82000732421875,480.8699951171875,472.7699890136719,473.6300048828125,2160300,LMT
2022-11-21,435.3269958496094,480.94000244140625,483.9599914550781,478.2300109863281,478.489990234375,1730500,LMT
2022-11-22,434.0235900878906,479.5,484.260009765625,479.2799987792969,482.9700012207031,838400,LMT
2022-11-23,435.4446716308594,481.07000732421875,482.989990234375,478.7200012207031,479.7799987792969,1020200,LMT
2022-11-25,437.6079406738281,483.4599914550781,484.5,481.4200134277344,484.29998779296875,321500,LMT
2022-11-28,437.38165283203125,483.2099914550781,485.239990234375,480.0,480.1099853515625,939000,LMT
2022-11-29,438.18731689453125,484.1000061035156,485.1000061035156,481.739990234375,483.1000061035156,802600,LMT
2022-11-30,441.9124450683594,485.19000244140625,485.95001220703125,477.7300109863281,480.0,1470000,LMT
2022-12-01,440.5462951660156,483.69000244140625,488.0,480.6700134277344,486.5199890136719,913600,LMT
2022-12-02,451.9677734375,496.2300109863281,498.95001220703125,481.80999755859375,481.80999755859375,1744400,LMT
2022-12-05,446.90374755859375,490.6700134277344,494.9800109863281,488.32000732421875,490.8699951171875,1357200,LMT
2022-12-06,440.82861328125,484.0,491.32000732421875,482.20001220703125,491.32000732421875,1076500,LMT
2022-12-07,438.2783508300781,481.20001220703125,489.239990234375,480.4800109863281,484.29998779296875,999800,LMT
2022-12-08,442.0855407714844,485.3800048828125,488.80999755859375,481.54998779296875,485.260009765625,762200,LMT
2022-12-09,440.4460754394531,483.5799865722656,490.3599853515625,483.2099914550781,485.6400146484375,856400,LMT
2022-12-12,442.9417419433594,486.32000732421875,487.1700134277344,482.5,484.95001220703125,1129200,LMT
2022-12-13,437.38580322265625,480.2200012207031,490.3699951171875,478.6700134277344,490.0,1730900,LMT
2022-12-14,441.9124450683594,485.19000244140625,488.2699890136719,480.1400146484375,481.19000244140625,1071800,LMT
2022-12-15,436.08343505859375,478.7900085449219,485.1000061035156,475.1199951171875,481.0,1067300,LMT
2022-12-16,438.81573486328125,481.7900085449219,482.6099853515625,473.6700134277344,475.6300048828125,2590600,LMT
2022-12-19,438.81573486328125,481.7900085449219,487.9800109863281,479.92999267578125,481.7799987792969,929700,LMT
2022-12-20,442.7868347167969,486.1499938964844,491.45001220703125,481.82000732421875,482.8800048828125,1014300,LMT
2022-12-21,444.1530456542969,487.6499938964844,490.57000732421875,485.69000244140625,487.8800048828125,988300,LMT
2022-12-22,436.5478820800781,479.29998779296875,486.82000732421875,473.95001220703125,486.5,1520700,LMT
2022-12-23,440.1820068359375,483.2900085449219,484.17999267578125,478.3599853515625,479.5,661600,LMT
2022-12-27,442.1948547363281,485.5,489.239990234375,483.5,485.0,788800,LMT
2022-12-28,440.11822509765625,483.2200012207031,489.0,482.8999938964844,486.1499938964844,810300,LMT
2022-12-29,443.6065368652344,487.04998779296875,489.57000732421875,483.29998779296875,484.0,764000,LMT
2022-12-30,443.0965576171875,486.489990234375,489.80999755859375,481.239990234375,488.0,910000,LMT
2023-01-03,434.9357604980469,477.5299987792969,484.25,474.010009765625,483.3900146484375,1657200,LMT
2023-01-04,433.99761962890625,476.5,479.70001220703125,469.29998779296875,473.25,1391300,LMT
2023-01-05,434.51678466796875,477.07000732421875,478.1400146484375,469.8999938964844,475.69000244140625,1210100,LMT
2023-01-06,431.0284118652344,473.239990234375,488.0,465.7699890136719,480.0,1969200,LMT
2023-01-09,418.0494689941406,458.989990234375,470.7900085449219,455.29998779296875,467.7900085449219,2377000,LMT
2023-01-10,421.05511474609375,462.2900085449219,465.4700012207031,456.8999938964844,462.17999267578125,1003400,LMT
2023-01-11,421.7018127441406,463.0,465.54998779296875,461.0400085449219,463.3699951171875,1056400,LMT
2023-01-12,420.55413818359375,461.739990234375,465.8800048828125,459.19000244140625,462.989990234375,936600,LMT
2023-01-13,409.7065124511719,449.8299865722656,453.7099914550781,444.739990234375,446.5,2208600,LMT
2023-01-17,407.2746276855469,447.1600036621094,453.5,446.6700134277344,450.29998779296875,1753100,LMT
2023-01-18,401.9100036621094,441.2699890136719,448.2300109863281,440.6499938964844,447.1600036621094,1645100,LMT
2023-01-19,400.1248474121094,439.30999755859375,445.9200134277344,439.0299987792969,442.760009765625,1469900,LMT
2023-01-20,403.74072265625,443.2799987792969,443.3500061035156,437.6199951171875,441.3399963378906,1410000,LMT
2023-01-23,401.91912841796875,441.2799987792969,446.8299865722656,440.8599853515625,443.1099853515625,1739600,LMT
2023-01-24,409.1600646972656,449.2300109863281,450.9599914550781,437.69000244140625,442.1700134277344,2865000,LMT
2023-01-25,413.6502380371094,454.1600036621094,455.80999755859375,444.8399963378906,448.0,2352500,LMT
2023-01-26,418.7962951660156,459.80999755859375,463.760009765625,452.8299865722656,455.3500061035156,2168900,LMT
2023-01-27,418.60504150390625,459.6000061035156,466.67999267578125,457.45001220703125,460.8599853515625,1587700,LMT
2023-01-30,419.50677490234375,460.5899963378906,466.70001220703125,459.8999938964844,462.0,1642000,LMT
2023-01-31,421.9386291503906,463.260009765625,463.4800109863281,459.010009765625,462.2799987792969,2062000,LMT
2023-02-01,421.0187072753906,462.25,465.2799987792969,459.79998779296875,462.510009765625,1242500,LMT
2023-02-02,416.4100036621094,457.19000244140625,460.42999267578125,453.9200134277344,458.3699951171875,2104700,LMT
2023-02-03,418.1314392089844,459.0799865722656,462.6000061035156,454.94000244140625,459.2699890136719,1302900,LMT
2023-02-06,427.2576599121094,469.1000061035156,469.7699890136719,462.75,463.5799865722656,1393500,LMT
2023-02-07,426.55633544921875,468.3299865722656,472.989990234375,463.1499938964844,472.54998779296875,1334800,LMT
2023-02-08,427.75860595703125,469.6499938964844,471.3800048828125,463.32000732421875,464.9700012207031,865000,LMT
2023-02-09,428.15936279296875,470.0899963378906,474.3399963378906,468.20001220703125,472.42999267578125,799000,LMT
2023-02-10,437.94134521484375,480.8299865722656,481.8599853515625,472.3800048828125,472.3800048828125,1436300,LMT
2023-02-13,438.9797058105469,481.9700012207031,489.5,480.1000061035156,485.19000244140625,1203100,LMT
2023-02-14,438.6245422363281,481.5799865722656,485.0,479.6600036621094,482.45001220703125,875600,LMT
2023-02-15,437.64996337890625,480.510009765625,484.25,477.3999938964844,480.8299865722656,927100,LMT
2023-02-16,429.21588134765625,471.25,477.5799865722656,466.1000061035156,477.0,1939500,LMT
2023-02-17,433.2052307128906,475.6300048828125,475.6600036621094,470.8399963378906,471.7900085449219,1184200,LMT
2023-02-21,436.4477233886719,479.19000244140625,482.3999938964844,475.20001220703125,480.510009765625,1379400,LMT
2023-02-22,436.75732421875,479.5299987792969,481.6700134277344,477.4700012207031,478.80999755859375,900300,LMT
2023-02-23,436.3475036621094,479.0799865722656,483.0899963378906,475.5299987792969,480.0,917400,LMT
2023-02-24,437.54974365234375,480.3999938964844,481.79998779296875,477.29998779296875,479.4599914550781,1009300,LMT
2023-02-27,436.72088623046875,479.489990234375,484.1000061035156,477.19000244140625,480.5299987792969,1149000,LMT
2023-02-28,434.67706298828125,474.260009765625,478.5299987792969,471.82000732421875,477.0400085449219,1155500,LMT
2023-03-01,434.7412109375,474.3299865722656,477.2200012207031,471.2900085449219,473.2699890136719,957700,LMT
2023-03-02,438.3890075683594,478.30999755859375,479.1700134277344,472.9700012207031,472.9800109863281,835700,LMT
2023-03-03,438.00408935546875,477.8900146484375,479.5400085449219,476.3800048828125,478.8999938964844,1060500,LMT
2023-03-06,440.09375,480.1700134277344,481.79998779296875,476.82000732421875,476.82000732421875,905700,LMT
2023-03-07,438.70977783203125,478.6600036621094,485.0899963378906,478.0,481.5,1137900,LMT
2023-03-08,439.479736328125,479.5,487.6400146484375,476.7099914550781,481.0400085449219,1252900,LMT
2023-03-09,436.1343688964844,475.8500061035156,483.260009765625,474.6099853515625,483.0,1035000,LMT
2023-03-10,435.8135070800781,475.5,482.29998779296875,474.4200134277344,475.7099914550781,1335000,LMT
2023-03-13,437.4907531738281,477.3299865722656,478.8999938964844,470.79998779296875,471.8699951171875,1701000,LMT
2023-03-14,438.9022521972656,478.8699951171875,481.2699890136719,474.8699951171875,480.2900085449219,1761400,LMT
2023-03-15,433.8062438964844,473.30999755859375,475.1300048828125,464.57000732421875,475.0,2273300,LMT
2023-03-16,433.7421569824219,473.239990234375,478.04998779296875,467.739990234375,470.94000244140625,1633000,LMT
2023-03-17,426.9873046875,465.8699951171875,474.9200134277344,463.2900085449219,474.1199951171875,6525100,LMT
2023-03-20,435.9968566894531,475.70001220703125,477.7699890136719,465.2099914550781,468.2200012207031,1515400,LMT
2023-03-21,435.1353454589844,474.760009765625,479.25,471.29998779296875,478.8699951171875,1069000,LMT
2023-03-22,429.7643127441406,468.8999938964844,476.7699890136719,468.32000732421875,475.44000244140625,1261700,LMT
2023-03-23,428.8478088378906,467.8999938964844,470.95001220703125,466.5,468.6300048828125,1168500,LMT
2023-03-24,434.9336853027344,474.5400085449219,475.6700134277344,467.1499938964844,467.8999938964844,1126000,LMT
2023-03-27,433.879638671875,473.3900146484375,477.55999755859375,472.4100036621094,477.1099853515625,1273000,LMT
2023-03-28,432.0924072265625,471.44000244140625,475.6099853515625,471.1600036621094,474.0,1076100,LMT
2023-03-29,434.61285400390625,474.19000244140625,474.29998779296875,470.67999267578125,471.260009765625,1146400,LMT
2023-03-30,433.6871643066406,473.17999267578125,475.79998779296875,471.7300109863281,474.5400085449219,950300,LMT
2023-03-31,433.27471923828125,472.7300109863281,475.3500061035156,471.0299987792969,474.19000244140625,1409600,LMT
2023-04-03,446.00543212890625,486.6199951171875,487.8999938964844,472.75,473.0,1656700,LMT
2023-04-04,447.76519775390625,488.5400085449219,490.6300048828125,484.75,485.5899963378906,1081100,LMT
2023-04-05,449.0941162109375,489.989990234375,493.8299865722656,487.0299987792969,488.0,1305900,LMT
2023-04-06,449.2591247558594,490.1700134277344,496.9800109863281,489.010009765625,491.4700012207031,1093300,LMT
2023-04-10,455.2899475097656,496.75,498.4200134277344,491.7699890136719,491.7699890136719,1024400,LMT
2023-04-11,447.12359619140625,487.8399963378906,496.75,487.010009765625,496.3800048828125,1224200,LMT
2023-04-12,447.3619079589844,488.1000061035156,491.25,481.69000244140625,482.79998779296875,1105600,LMT
2023-04-13,451.0647277832031,492.1400146484375,493.510009765625,485.9800109863281,486.82000732421875,909500,LMT
2023-04-14,447.26104736328125,487.989990234375,491.5,485.1099853515625,489.94000244140625,843200,LMT
2023-04-17,448.7733154296875,489.6400146484375,492.260009765625,486.57000732421875,486.57000732421875,1287800,LMT
2023-04-18,459.56097412109375,501.4100036621094,508.1000061035156,498.0,499.0,2561800,LMT
2023-04-19,453.8326721191406,495.1600036621094,503.3299865722656,493.8800048828125,502.0,962200,LMT
2023-04-20,449.6531677246094,490.6000061035156,495.8299865722656,489.05999755859375,495.8299865722656,839900,LMT
2023-04-21,442.2750549316406,482.54998779296875,491.2799987792969,480.6099853515625,491.239990234375,1382500,LMT
2023-04-24,440.78118896484375,480.9200134277344,483.5299987792969,478.7200012207031,482.3900146484375,955200,LMT
2023-04-25,435.8868713378906,475.5799865722656,480.9200134277344,475.55999755859375,480.70001220703125,839100,LMT
2023-04-26,423.09197998046875,461.6199951171875,473.95001220703125,459.6000061035156,473.95001220703125,1571900,LMT
2023-04-27,426.18988037109375,465.0,466.3299865722656,461.1499938964844,461.8500061035156,1491400,LMT
2023-04-28,425.6858215332031,464.45001220703125,466.1600036621094,462.3999938964844,464.82000732421875,1040300,LMT
2023-05-01,430.2501220703125,469.42999267578125,471.0799865722656,464.54998779296875,465.0400085449219,1524500,LMT
2023-05-02,420.58984375,458.8900146484375,468.5299987792969,457.25,468.3800048828125,1105500,LMT
2023-05-03,415.255615234375,453.07000732421875,459.4700012207031,452.69000244140625,458.20001220703125,1116700,LMT
2023-05-04,414.2107238769531,451.92999267578125,454.0400085449219,446.2099914550781,453.6600036621094,962700,LMT
2023-05-05,417.5195007324219,455.5400085449219,457.1000061035156,452.0799865722656,452.69000244140625,930600,LMT
2023-05-08,413.32171630859375,450.9599914550781,458.29998779296875,450.07000732421875,456.489990234375,808300,LMT
2023-05-09,414.31158447265625,452.0400085449219,453.9100036621094,450.1000061035156,452.8999938964844,623800,LMT
2023-05-10,415.3289489746094,453.1499938964844,453.2900085449219,448.7099914550781,452.80999755859375,850900,LMT
2023-05-11,413.0742492675781,450.69000244140625,452.2200012207031,448.5400085449219,450.5799865722656,645400,LMT
2023-05-12,413.1658630371094,450.7900085449219,453.8699951171875,447.79998779296875,452.79998779296875,696500,LMT
2023-05-15,414.20159912109375,451.9200134277344,453.3500061035156,449.4200134277344,450.7900085449219,668300,LMT
2023-05-16,410.3612976074219,447.7300109863281,452.44000244140625,447.6600036621094,452.0899963378906,569500,LMT
2023-05-17,419.1325378417969,457.29998779296875,458.4100036621094,449.94000244140625,450.0,1101900,LMT
2023-05-18,417.7119445800781,455.75,456.739990234375,449.3999938964844,455.4100036621094,1456500,LMT
2023-05-19,416.55706787109375,454.489990234375,458.2699890136719,452.8599853515625,457.0299987792969,804100,LMT
2023-05-22,416.76788330078125,454.7200012207031,457.3699951171875,451.5899963378906,454.0,628000,LMT
2023-05-23,414.8523254394531,452.6300048828125,456.3999938964844,450.0,452.1099853515625,1027200,LMT
2023-05-24,414.934814453125,452.7200012207031,456.739990234375,451.17999267578125,453.239990234375,858600,LMT
2023-05-25,405.8702697753906,442.8299865722656,451.5,439.70001220703125,451.5,1205000,LMT
2023-05-26,411.021240234375,448.45001220703125,451.7699890136719,442.1000061035156,442.8599853515625,1135500,LMT
2023-05-30,410.5812683105469,447.9700012207031,449.04998779296875,444.239990234375,448.0799865722656,1163300,LMT
2023-05-31,409.6954650878906,444.010009765625,445.92999267578125,443.0,444.6199951171875,1673500,LMT
2023-06-01,414.9179992675781,449.6700134277344,450.7799987792969,443.4200134277344,445.6000061035156,878700,LMT
2023-06-02,419.36553955078125,454.489990234375,456.3599853515625,450.55999755859375,452.1199951171875,894700,LMT
2023-06-05,419.5500793457031,454.69000244140625,456.760009765625,452.4800109863281,456.1400146484375,807200,LMT
2023-06-06,423.18560791015625,458.6300048828125,459.3399963378906,454.3900146484375,456.5199890136719,816800,LMT
2023-06-07,426.0644836425781,461.75,463.75,455.010009765625,458.1199951171875,893100,LMT
2023-06-08,428.2973327636719,464.1700134277344,466.4200134277344,461.4599914550781,462.17999267578125,863400,LMT
2023-06-09,426.93182373046875,462.69000244140625,465.3900146484375,460.3900146484375,465.3900146484375,713100,LMT
2023-06-12,424.3297424316406,459.8699951171875,462.8699951171875,458.17999267578125,462.7900085449219,954400,LMT
2023-06-13,417.4093933105469,452.3699951171875,456.9700012207031,445.8900146484375,456.010009765625,1486300,LMT
2023-06-14,417.5754699707031,452.54998779296875,453.4200134277344,448.57000732421875,451.4100036621094,945700,LMT
2023-06-15,420.71270751953125,455.95001220703125,458.510009765625,453.9200134277344,454.0,892400,LMT
2023-06-16,423.68389892578125,459.1700134277344,461.7699890136719,456.6000061035156,457.7300109863281,1642800,LMT
2023-06-20,422.95489501953125,458.3800048828125,461.8900146484375,457.4800109863281,459.4800109863281,774800,LMT
2023-06-21,430.0229187011719,466.0400085449219,467.1700134277344,458.010009765625,461.05999755859375,906900,LMT
2023-06-22,427.6146240234375,463.42999267578125,466.04998779296875,461.5,465.5199890136719,688500,LMT
2023-06-23,423.859130859375,459.3599853515625,465.4200134277344,458.1300048828125,463.5199890136719,1348200,LMT
2023-06-26,417.80615234375,452.79998779296875,456.1600036621094,446.67999267578125,455.94000244140625,997200,LMT
2023-06-27,418.12908935546875,453.1499938964844,455.6300048828125,452.4200134277344,452.7900085449219,671100,LMT
2023-06-28,414.9087829589844,449.6600036621094,453.760009765625,447.4599914550781,453.5799865722656,848900,LMT
2023-06-29,422.0875244140625,457.44000244140625,457.5299987792969,448.7799987792969,449.9200134277344,684200,LMT
2023-06-30,424.8003234863281,460.3800048828125,462.6700134277344,456.7900085449219,459.239990234375,982700,LMT
2023-07-03,426.8302917480469,462.5799865722656,463.3299865722656,457.54998779296875,460.0,385400,LMT
2023-07-05,426.9963684082031,462.760009765625,463.3500061035156,458.94000244140625,461.57000732421875,625500,LMT
2023-07-06,425.962890625,461.6400146484375,463.0,459.3399963378906,463.0,675900,LMT
2023-07-07,423.2594299316406,458.7099914550781,461.8900146484375,458.1000061035156,460.0,642200,LMT
2023-07-10,424.8003234863281,460.3800048828125,462.5899963378906,458.04998779296875,458.5,718400,LMT
2023-07-11,430.2536315917969,466.2900085449219,467.1000061035156,459.7900085449219,461.2699890136719,709200,LMT
2023-07-12,426.25823974609375,461.9599914550781,467.2200012207031,461.1199951171875,467.20001220703125,1067100,LMT
2023-07-13,430.33660888671875,466.3800048828125,467.44000244140625,460.3299865722656,461.0,821700,LMT
2023-07-14,428.42657470703125,464.30999755859375,466.5199890136719,462.3599853515625,466.0,933200,LMT
2023-07-17,433.649169921875,469.9700012207031,473.989990234375,465.6199951171875,466.2900085449219,1886300,LMT
2023-07-18,420.4820251464844,455.70001220703125,479.5,454.2799987792969,474.3699951171875,3122600,LMT
2023-07-19,416.6158447265625,451.510009765625,459.2799987792969,448.1099853515625,457.0,2141500,LMT
2023-07-20,420.7680969238281,456.010009765625,458.20001220703125,452.0,452.6300048828125,1353800,LMT
2023-07-21,419.61468505859375,454.760009765625,456.94000244140625,453.3500061035156,454.80999755859375,934300,LMT
2023-07-24,421.4969787597656,456.79998779296875,457.95001220703125,454.0400085449219,456.0,892200,LMT
2023-07-25,419.0517272949219,454.1499938964844,454.760009765625,447.4200134277344,452.42999267578125,1207800,LMT
2023-07-26,417.81536865234375,452.80999755859375,457.04998779296875,451.8699951171875,454.3299865722656,1322300,LMT
2023-07-27,413.9676208496094,448.6400146484375,452.4200134277344,445.32000732421875,451.5,1603600,LMT
2023-07-28,414.2998046875,449.0,450.6499938964844,446.489990234375,448.0,1163100,LMT
2023-07-31,411.87310791015625,446.3699951171875,449.7099914550781,444.6300048828125,449.7099914550781,1806000,LMT
2023-08-01,416.4035949707031,451.2799987792969,453.1199951171875,446.8999938964844,447.0299987792969,1047900,LMT
2023-08-02,413.89385986328125,448.55999755859375,453.1300048828125,447.9100036621094,451.2799987792969,905700,LMT
2023-08-03,413.3032531738281,447.9200134277344,450.20001220703125,445.9800109863281,447.32000732421875,1240700,LMT
2023-08-04,411.2733154296875,445.7200012207031,450.2900085449219,445.30999755859375,448.5799865722656,846800,LMT
2023-08-07,415.0195617675781,449.7799987792969,450.4700012207031,446.2799987792969,447.32000732421875,746800,LMT
2023-08-08,414.7335205078125,449.4700012207031,450.510009765625,447.57000732421875,449.0,791600,LMT
2023-08-09,417.81536865234375,452.80999755859375,454.04998779296875,449.989990234375,450.0799865722656,1211700,LMT
2023-08-10,415.2686462402344,450.04998779296875,453.9700012207031,449.260009765625,452.0,688700,LMT
2023-08-11,418.9595642089844,454.04998779296875,454.0899963378906,450.5199890136719,451.17999267578125,690500,LMT
2023-08-14,415.2962951660156,450.0799865722656,455.6099853515625,449.6600036621094,454.5899963378906,752300,LMT
2023-08-15,409.2987060546875,443.5799865722656,450.0,443.2799987792969,448.0,725300,LMT
2023-08-16,410.7289123535156,445.1300048828125,447.0299987792969,442.29998779296875,442.8599853515625,822000,LMT
2023-08-17,412.1590881347656,446.67999267578125,450.2200012207031,446.44000244140625,446.6400146484375,635800,LMT
2023-08-18,415.2778625488281,450.05999755859375,455.3699951171875,445.3800048828125,445.4200134277344,1075700,LMT
2023-08-21,416.59735107421875,451.489990234375,453.0299987792969,449.0,449.8399963378906,573500,LMT
2023-08-22,417.935302734375,452.94000244140625,453.8900146484375,450.4599914550781,451.739990234375,671800,LMT
2023-08-23,419.4393005371094,454.57000732421875,454.8900146484375,452.0899963378906,454.5799865722656,1043200,LMT
2023-08-24,417.5754699707031,452.54998779296875,457.6700134277344,452.44000244140625,453.260009765625,697800,LMT
2023-08-25,416.2283020019531,451.0899963378906,455.260009765625,449.05999755859375,455.260009765625,785200,LMT
2023-08-28,417.3632507324219,452.32000732421875,453.3299865722656,450.2699890136719,450.80999755859375,641000,LMT
2023-08-29,413.74615478515625,448.3999938964844,453.260009765625,444.489990234375,452.32000732421875,1053700,LMT
2023-08-30,417.44635009765625,452.4100036621094,455.9200134277344,448.489990234375,449.44000244140625,875900,LMT
2023-08-31,416.4616394042969,448.3500061035156,453.6199951171875,448.1400146484375,450.82000732421875,826300,LMT
2023-09-01,416.3037414550781,448.17999267578125,451.8900146484375,447.7799987792969,450.32000732421875,668600,LMT
2023-09-05,413.5263977050781,445.19000244140625,448.3299865722656,445.04998779296875,448.0,854000,LMT
2023-09-06,393.787841796875,423.94000244140625,441.3399963378906,423.6600036621094,440.239990234375,2548000,LMT
2023-09-07,395.6455078125,425.94000244140625,427.7799987792969,422.0,424.0,1195700,LMT
2023-09-08,392.9982604980469,423.0899963378906,426.44000244140625,422.25,426.3299865722656,1162300,LMT
2023-09-11,390.7410583496094,420.6600036621094,422.7300109863281,416.5199890136719,422.2200012207031,1618300,LMT
2023-09-12,388.1123962402344,417.8299865722656,420.1099853515625,415.94000244140625,419.5400085449219,1307700,LMT
2023-09-13,391.0475769042969,420.989990234375,422.25,418.5799865722656,419.82000732421875,971500,LMT
2023-09-14,395.59918212890625,425.8900146484375,426.6600036621094,420.7300109863281,420.7300109863281,992400,LMT
2023-09-15,393.88995361328125,424.04998779296875,428.8800048828125,423.7099914550781,423.9100036621094,1681600,LMT
2023-09-18,399.2867126464844,429.8599853515625,431.45001220703125,426.6000061035156,427.6600036621094,951200,LMT
2023-09-19,395.0603332519531,425.30999755859375,431.0799865722656,425.05999755859375,430.25,862300,LMT
2023-09-20,396.5837097167969,426.95001220703125,430.8500061035156,426.6700134277344,426.95001220703125,1044100,LMT
2023-09-21,387.8429870605469,417.5400085449219,426.6099853515625,417.19000244140625,425.7300109863281,1669400,LMT
2023-09-22,384.2297058105469,413.6499938964844,417.5,413.2300109863281,415.94000244140625,1453300,LMT
2023-09-25,383.5329895019531,412.8999938964844,413.95001220703125,411.510009765625,413.2300109863281,748300,LMT
2023-09-26,379.67816162109375,408.75,411.2699890136719,407.75,410.6300048828125,1108000,LMT
2023-09-27,379.6502990722656,408.7200012207031,410.0,405.7200012207031,409.17999267578125,1317700,LMT
2023-09-28,381.73101806640625,410.9599914550781,412.8599853515625,408.82000732421875,409.8999938964844,819700,LMT
2023-09-29,379.87322998046875,408.9599914550781,411.45001220703125,407.5899963378906,410.9599914550781,764100,LMT
2023-10-02,378.8142395019531,407.82000732421875,410.989990234375,405.8900146484375,408.9599914550781,733200,LMT
2023-10-03,375.1080322265625,403.8299865722656,407.5,402.5899963378906,407.3900146484375,899200,LMT
2023-10-04,372.785888671875,401.3299865722656,402.0,397.1099853515625,400.6600036621094,1243400,LMT
2023-10-05,369.08892822265625,397.3500061035156,401.42999267578125,394.6199951171875,400.9599914550781,1162800,LMT
2023-10-06,372.2285461425781,400.7300109863281,402.4200134277344,393.7699890136719,395.3999938964844,1135600,LMT
2023-10-09,405.48236083984375,436.5299987792969,436.6000061035156,423.3900146484375,428.7200012207031,5343700,LMT
2023-10-10,404.154052734375,435.1000061035156,442.6199951171875,432.5299987792969,441.5199890136719,2626200,LMT
2023-10-11,405.5937805175781,436.6499938964844,438.79998779296875,433.29998779296875,434.7200012207031,1419500,LMT
2023-10-12,403.2623596191406,434.1400146484375,439.0899963378906,430.1099853515625,438.04998779296875,1121900,LMT
2023-10-13,409.6900939941406,441.05999755859375,443.1199951171875,434.6700134277344,438.5299987792969,1519300,LMT
2023-10-16,409.08636474609375,440.4100036621094,443.5,434.3900146484375,439.4200134277344,1931300,LMT
2023-10-17,409.75518798828125,441.1300048828125,452.7900085449219,435.1300048828125,436.55999755859375,3103900,LMT
2023-10-18,414.3438415527344,446.07000732421875,447.8900146484375,440.2699890136719,443.30999755859375,2024100,LMT
2023-10-19,417.2326354980469,449.17999267578125,449.6700134277344,442.19000244140625,443.6600036621094,2012400,LMT
2023-10-20,412.5789794921875,444.1700134277344,452.6000061035156,444.010009765625,451.3699951171875,1715100,LMT
2023-10-23,414.4273986816406,446.1600036621094,452.05999755859375,443.489990234375,444.2099914550781,1502400,LMT
2023-10-24,409.54150390625,440.8999938964844,450.6099853515625,440.3399963378906,449.1300048828125,1367100,LMT
2023-10-25,415.8486328125,447.69000244140625,449.3800048828125,443.67999267578125,444.3399963378906,1228900,LMT
2023-10-26,414.2509765625,445.9700012207031,451.0899963378906,443.67999267578125,448.010009765625,1432000,LMT
2023-10-27,411.8544616699219,443.3900146484375,447.6600036621094,440.239990234375,443.4200134277344,1288400,LMT
2023-10-30,414.1301574707031,445.8399963378906,446.8599853515625,442.79998779296875,444.4200134277344,948800,LMT
2023-10-31,422.3043212890625,454.6400146484375,455.1300048828125,445.4100036621094,447.29998779296875,1418700,LMT
2023-11-01,420.2050476074219,452.3800048828125,456.70001220703125,451.4599914550781,456.3299865722656,1267000,LMT
2023-11-02,425.4624938964844,458.0400085449219,458.2200012207031,450.75,450.75,1242000,LMT
2023-11-03,421.09674072265625,453.3399963378906,457.760009765625,451.1300048828125,455.1099853515625,1365400,LMT
2023-11-06,419.0718688964844,451.1600036621094,454.8399963378906,450.6400146484375,454.8399963378906,1440800,LMT
2023-11-07,418.13360595703125,450.1499938964844,453.1600036621094,449.69000244140625,453.1600036621094,1220100,LMT
2023-11-08,413.0341491699219,444.6600036621094,451.7699890136719,444.0299987792969,450.1499938964844,1386400,LMT
2023-11-09,410.9905700683594,442.4599914550781,445.6099853515625,439.67999267578125,445.4100036621094,1775500,LMT
2023-11-10,413.2291564941406,444.8699951171875,445.8299865722656,440.9700012207031,444.010009765625,1525400,LMT
2023-11-13,413.3778381347656,445.0299987792969,448.57000732421875,443.2900085449219,445.0,1003800,LMT
2023-11-14,412.6253967285156,444.2200012207031,446.7300109863281,441.8599853515625,443.0,1336800,LMT
2023-11-15,413.4799499511719,445.1400146484375,448.010009765625,443.4700012207031,443.4700012207031,1098400,LMT
2023-11-16,413.8979797363281,445.5899963378906,447.6700134277344,443.54998779296875,445.79998779296875,912900,LMT
2023-11-17,413.05267333984375,444.67999267578125,447.2300109863281,444.2200012207031,446.6400146484375,898600,LMT
2023-11-20,412.24456787109375,443.80999755859375,445.5899963378906,440.760009765625,444.0299987792969,982000,LMT
2023-11-21,416.27581787109375,448.1499938964844,448.57000732421875,444.1600036621094,445.0,1177800,LMT
2023-11-22,418.3658752441406,450.3999938964844,451.70001220703125,447.5,447.5,833800,LMT
2023-11-24,419.8613586425781,452.010009765625,452.5899963378906,449.739990234375,451.69000244140625,326600,LMT
2023-11-27,413.8050231933594,445.489990234375,452.8299865722656,445.42999267578125,451.8599853515625,1496900,LMT
2023-11-28,416.38739013671875,448.2699890136719,450.8800048828125,446.0,447.8599853515625,1124900,LMT
2023-11-29,413.35919189453125,445.010009765625,449.5400085449219,443.9100036621094,449.5400085449219,1272900,LMT
2023-11-30,418.8879699707031,447.7699890136719,447.8599853515625,442.510009765625,443.0,1514500,LMT
2023-12-01,420.4222412109375,449.4100036621094,450.6600036621094,448.1499938964844,448.3999938964844,856900,LMT
2023-12-04,421.6196594238281,450.69000244140625,450.9599914550781,446.1099853515625,447.3699951171875,1265700,LMT
2023-12-05,417.4566955566406,446.239990234375,450.6400146484375,445.8999938964844,450.2900085449219,1055700,LMT
2023-12-06,420.4222412109375,449.4100036621094,450.44000244140625,445.5,445.5,864100,LMT
2023-12-07,418.2705078125,447.1099853515625,451.3900146484375,446.2900085449219,450.4200134277344,861100,LMT
2023-12-08,419.12188720703125,448.0199890136719,450.5299987792969,447.4599914550781,448.57000732421875,761100,LMT
2023-12-11,422.1528625488281,451.260009765625,453.260009765625,449.510009765625,451.8800048828125,1021600,LMT
2023-12-12,422.4989929199219,451.6300048828125,453.75,450.3699951171875,451.67999267578125,1008200,LMT
2023-12-13,422.3212890625,451.44000244140625,454.19000244140625,450.5,452.95001220703125,1300300,LMT
2023-12-14,416.54925537109375,445.2699890136719,450.8699951171875,441.44000244140625,450.510009765625,1891000,LMT
2023-12-15,413.31243896484375,441.80999755859375,444.54998779296875,438.7099914550781,441.0,3973400,LMT
2023-12-18,418.0834655761719,446.9100036621094,447.260009765625,442.2699890136719,442.7099914550781,1197300,LMT
2023-12-19,418.90673828125,447.7900085449219,448.5899963378906,446.1499938964844,447.67999267578125,695000,LMT
2023-12-20,414.051513671875,442.6000061035156,448.54998779296875,442.57000732421875,448.0400085449219,1306800,LMT
2023-12-21,419.12188720703125,448.0199890136719,448.1000061035156,444.2200012207031,444.239990234375,637200,LMT
2023-12-22,419.30889892578125,448.2200012207031,451.739990234375,448.1099853515625,450.0,623600,LMT
2023-12-26,421.14251708984375,450.17999267578125,451.44000244140625,447.82000732421875,448.1499938964844,516900,LMT
2023-12-27,420.0105895996094,448.9700012207031,451.0199890136719,448.4100036621094,448.54998779296875,699900,LMT
2023-12-28,422.12481689453125,451.2300109863281,451.8299865722656,448.4599914550781,448.9700012207031,741800,LMT
2023-12-29,424.0051574707031,453.239990234375,453.5,451.1499938964844,452.0,832400,LMT
2024-01-02,426.69940185546875,456.1199951171875,462.04998779296875,454.29998779296875,454.29998779296875,1206500,LMT
2024-01-03,429.5058898925781,459.1199951171875,464.1000061035156,457.80999755859375,458.7900085449219,1174300,LMT
2024-01-04,428.33648681640625,457.8699951171875,463.95001220703125,457.7699890136719,462.30999755859375,1087700,LMT
2024-01-05,427.05487060546875,456.5,460.1099853515625,453.2699890136719,460.0400085449219,705300,LMT
2024-01-08,429.01947021484375,458.6000061035156,458.69000244140625,453.5299987792969,454.4100036621094,716000,LMT
2024-01-09,426.8584289550781,456.2900085449219,458.6099853515625,453.2699890136719,458.54998779296875,732900,LMT
2024-01-10,426.02587890625,455.3999938964844,459.6600036621094,454.7799987792969,456.20001220703125,666100,LMT
2024-01-11,423.9022521972656,453.1300048828125,457.79998779296875,449.3599853515625,456.55999755859375,784800,LMT
2024-01-12,433.3040466308594,463.17999267578125,463.3800048828125,456.5299987792969,457.3699951171875,966500,LMT
2024-01-16,428.3084716796875,457.8399963378906,466.2699890136719,456.3599853515625,466.2699890136719,814900,LMT
2024-01-17,427.02679443359375,456.4700012207031,462.7900085449219,455.0799865722656,457.6700134277344,920800,LMT
2024-01-18,429.9268493652344,459.57000732421875,459.9800109863281,453.5400085449219,456.1000061035156,780300,LMT
2024-01-19,428.2336120605469,457.760009765625,460.8500061035156,455.9599914550781,460.55999755859375,866600,LMT
2024-01-22,429.1691589355469,458.760009765625,460.8299865722656,455.44000244140625,457.5899963378906,1216800,LMT
2024-01-23,411.31048583984375,439.6700134277344,459.0,433.8900146484375,458.5899963378906,3613500,LMT
2024-01-24,403.8077392578125,431.6499938964844,443.20001220703125,431.54998779296875,439.5199890136719,1768900,LMT
2024-01-25,403.23712158203125,431.0400085449219,433.94000244140625,425.75,430.0,1813900,LMT
2024-01-26,402.17999267578125,429.9100036621094,433.4200134277344,426.7099914550781,431.9700012207031,1260500,LMT
2024-01-29,400.4025573730469,428.010009765625,432.0299987792969,425.57000732421875,431.0,1903300,LMT
2024-01-30,403.8358154296875,431.67999267578125,431.8500061035156,427.7799987792969,431.2699890136719,1016400,LMT
2024-01-31,401.7122802734375,429.4100036621094,433.7200012207031,429.05999755859375,432.3500061035156,1120100,LMT
2024-02-01,402.04901123046875,429.7699890136719,431.7699890136719,426.70001220703125,430.2300109863281,1175000,LMT
2024-02-02,398.494140625,425.9700012207031,428.8999938964844,424.3800048828125,428.1400146484375,973900,LMT
2024-02-05,394.4995422363281,421.70001220703125,424.3699951171875,419.8299865722656,424.0,1379600,LMT
2024-02-06,399.4109191894531,426.95001220703125,429.0199890136719,420.3599853515625,421.9800109863281,1065700,LMT
2024-02-07,402.35772705078125,430.1000061035156,430.2900085449219,426.5400085449219,426.5400085449219,980700,LMT
2024-02-08,399.4576721191406,427.0,429.75,425.7300109863281,429.3599853515625,972200,LMT
2024-02-09,398.989990234375,426.5,427.6700134277344,424.4700012207031,427.5299987792969,1038600,LMT
2024-02-12,400.45867919921875,428.07000732421875,430.54998779296875,426.0,426.75,1007200,LMT
2024-02-13,399.0086669921875,426.5199890136719,431.8999938964844,423.239990234375,429.3399963378906,1089300,LMT
2024-02-14,391.2159423828125,418.19000244140625,428.5,413.9200134277344,427.67999267578125,2503800,LMT
2024-02-15,395.8279724121094,423.1199951171875,423.3500061035156,418.5799865722656,418.5799865722656,1136700,LMT
2024-02-16,396.7166748046875,424.07000732421875,425.1600036621094,422.5400085449219,423.1199951171875,806000,LMT
2024-02-20,396.9037780761719,424.2699890136719,428.2900085449219,423.7699890136719,425.19000244140625,1363900,LMT
2024-02-21,399.9721984863281,427.54998779296875,428.2200012207031,424.3699951171875,426.2099914550781,969600,LMT
2024-02-22,401.2257995605469,428.8900146484375,429.4800109863281,423.8299865722656,425.0899963378906,1236900,LMT
2024-02-23,403.3119812011719,431.1199951171875,431.42999267578125,428.20001220703125,428.8699951171875,842200,LMT
2024-02-26,401.4970703125,429.17999267578125,432.45001220703125,426.7900085449219,431.5,980600,LMT
2024-02-27,402.66644287109375,430.42999267578125,431.2300109863281,426.5,428.67999267578125,887000,LMT
2024-02-28,404.584228515625,432.4800109863281,435.0199890136719,430.8399963378906,431.8800048828125,1029300,LMT
2024-02-29,403.5570373535156,428.239990234375,430.75,427.55999755859375,429.3299865722656,1503100,LMT
2024-03-01,401.879638671875,426.4599914550781,428.9100036621094,424.0,427.8999938964844,1059000,LMT
2024-03-04,407.04376220703125,431.94000244140625,433.8800048828125,426.95001220703125,428.57000732421875,1271900,LMT
2024-03-05,407.08148193359375,431.9800109863281,436.010009765625,429.760009765625,433.739990234375,1038000,LMT
2024-03-06,408.4949951171875,433.4800109863281,433.80999755859375,430.9200134277344,431.9800109863281,775300,LMT
2024-03-07,405.2061767578125,429.989990234375,435.5799865722656,429.4800109863281,434.0,1085800,LMT
2024-03-08,407.948486328125,432.8999938964844,432.9800109863281,427.57000732421875,428.5,763200,LMT
2024-03-11,409.6918640136719,434.75,436.010009765625,432.6000061035156,434.30999755859375,951000,LMT
2024-03-12,409.8426513671875,434.9100036621094,435.7799987792969,432.3500061035156,432.9200134277344,825100,LMT
2024-03-13,409.5505065917969,434.6000061035156,437.7900085449219,433.739990234375,435.7099914550781,987100,LMT
2024-03-14,410.6530456542969,435.7699890136719,437.6099853515625,433.29998779296875,436.3599853515625,1153600,LMT
2024-03-15,410.70013427734375,435.82000732421875,438.2099914550781,433.1499938964844,433.1499938964844,5151300,LMT
2024-03-18,408.2311706542969,433.20001220703125,436.0899963378906,431.67999267578125,435.82000732421875,965300,LMT
2024-03-19,411.9912414550781,437.19000244140625,437.2900085449219,433.9800109863281,435.25,898700,LMT
2024-03-20,415.025634765625,440.4100036621094,440.9599914550781,436.55999755859375,437.0299987792969,845000,LMT
2024-03-21,417.61712646484375,443.1600036621094,443.8900146484375,439.3299865722656,441.3599853515625,912100,LMT
2024-03-22,420.1803894042969,445.8800048828125,446.25,443.6700134277344,444.5,1008300,LMT
2024-03-25,420.5855407714844,446.30999755859375,448.54998779296875,444.80999755859375,447.8599853515625,775000,LMT
2024-03-26,420.28399658203125,445.989990234375,448.6199951171875,445.8599853515625,446.5,766700,LMT
2024-03-27,430.45208740234375,456.7799987792969,457.1099853515625,447.8599853515625,447.8800048828125,1277700,LMT
2024-03-28,428.65216064453125,454.8699951171875,457.1099853515625,453.95001220703125,456.79998779296875,1119500,LMT
2024-04-01,426.6920471191406,452.7900085449219,455.3599853515625,451.2200012207031,454.1400146484375,717100,LMT
2024-04-02,427.1160583496094,453.239990234375,455.69000244140625,452.55999755859375,453.6300048828125,837900,LMT
2024-04-03,422.0838623046875,447.8999938964844,454.1499938964844,447.5899963378906,452.9200134277344,758600,LMT
2024-04-04,427.8699645996094,454.0400085449219,455.9800109863281,447.1499938964844,450.260009765625,1398300,LMT
2024-04-05,429.1327819824219,455.3800048828125,455.57000732421875,449.8500061035156,452.4100036621094,892100,LMT
2024-04-08,426.3056335449219,452.3800048828125,457.0,452.2699890136719,456.0,751100,LMT
2024-04-09,421.7729187011719,447.57000732421875,452.05999755859375,446.17999267578125,448.69000244140625,842800,LMT
2024-04-10,425.6742858886719,451.7099914550781,452.6099853515625,442.8399963378906,444.69000244140625,1247700,LMT
2024-04-11,426.2491149902344,452.32000732421875,453.75,448.95001220703125,451.5,942800,LMT
2024-04-12,424.4397888183594,450.3999938964844,457.9800109863281,450.1099853515625,454.1099853515625,1251200,LMT
2024-04-15,426.96533203125,453.0799865722656,459.29998779296875,451.6300048828125,458.989990234375,2442100,LMT
2024-04-16,428.1244812011719,454.30999755859375,458.8500061035156,453.6300048828125,454.7099914550781,1452300,LMT
2024-04-17,429.7640686035156,456.04998779296875,457.239990234375,451.7300109863281,456.7099914550781,848300,LMT
2024-04-18,429.80181884765625,456.0899963378906,458.04998779296875,454.2699890136719,454.8399963378906,714900,LMT
2024-04-19,437.1334228515625,463.8699951171875,465.3599853515625,457.2799987792969,457.79998779296875,1388000,LMT
2024-04-22,434.7398376464844,461.3299865722656,469.5400085449219,460.4100036621094,465.2300109863281,1820900,LMT
2024-04-23,433.5617980957031,460.0799865722656,473.5400085449219,457.6600036621094,466.1099853515625,1789500,LMT
2024-04-24,432.6760559082031,459.1400146484375,463.69000244140625,456.05999755859375,462.70001220703125,1018900,LMT
2024-04-25,437.990966796875,464.7799987792969,465.6000061035156,457.5299987792969,457.95001220703125,927700,LMT
2024-04-26,434.7021179199219,461.2900085449219,466.0,459.1700134277344,463.8999938964844,858000,LMT
2024-04-29,440.6012878417969,467.54998779296875,467.6499938964844,461.9599914550781,461.989990234375,951500,LMT
2024-04-30,438.1322937011719,464.92999267578125,467.9800109863281,463.6199951171875,467.0799865722656,711800,LMT
2024-05-01,435.1167907714844,461.7300109863281,465.3999938964844,460.55999755859375,462.6099853515625,994700,LMT
2024-05-02,436.50201416015625,463.20001220703125,463.6000061035156,459.0,461.1000061035156,1011400,LMT
2024-05-03,435.2863464355469,461.9100036621094,462.92999267578125,457.1700134277344,462.92999267578125,910700,LMT
2024-05-06,436.10626220703125,462.7799987792969,463.5,460.17999267578125,463.1600036621094,796300,LMT
2024-05-07,439.7813720703125,466.67999267578125,466.80999755859375,463.1600036621094,464.0,723400,LMT
2024-05-08,439.2914123535156,466.1600036621094,468.0,463.7799987792969,467.5,599000,LMT
2024-05-09,441.39288330078125,468.3900146484375,468.760009765625,465.2099914550781,466.0799865722656,594800,LMT
2024-05-10,441.8546447753906,468.8800048828125,470.6199951171875,467.9800109863281,469.0,482500,LMT
2024-05-13,443.43780517578125,470.55999755859375,472.3500061035156,469.5,469.8800048828125,634300,LMT
2024-05-14,440.25262451171875,467.17999267578125,471.1099853515625,466.79998779296875,471.1099853515625,565500,LMT
2024-05-15,437.3312683105469,464.0799865722656,467.3999938964844,463.510009765625,466.2799987792969,803900,LMT
2024-05-16,438.03802490234375,464.8299865722656,468.32000732421875,453.0,463.6000061035156,1130800,LMT
2024-05-17,439.3291015625,466.20001220703125,467.0,463.1499938964844,465.8399963378906,677200,LMT
2024-05-20,440.1583557128906,467.0799865722656,468.7699890136719,464.9200134277344,467.7699890136719,735200,LMT
2024-05-21,441.3174743652344,468.30999755859375,469.1199951171875,466.8399963378906,468.0,558900,LMT
2024-05-22,442.63677978515625,469.7099914550781,469.8999938964844,466.7799987792969,467.4700012207031,548700,LMT
2024-05-23,440.1583557128906,467.0799865722656,469.67999267578125,466.2300109863281,468.0899963378906,867000,LMT
2024-05-24,440.412841796875,467.3500061035156,468.6600036621094,465.4700012207031,467.6700134277344,513700,LMT
2024-05-28,432.0540771484375,458.4800109863281,466.0,457.25,465.6099853515625,1150400,LMT
2024-05-29,426.6260681152344,452.7200012207031,456.0,451.79998779296875,455.9800109863281,1268000,LMT
2024-05-30,434.37225341796875,460.94000244140625,462.94000244140625,455.0,455.0,1173600,LMT
2024-05-31,443.2304992675781,470.3399963378906,470.3599853515625,459.489990234375,460.8999938964844,1651600,LMT
2024-06-03,443.6195068359375,467.6000061035156,470.5199890136719,465.010009765625,466.0,990100,LMT
2024-06-04,444.84332275390625,468.8900146484375,470.1600036621094,466.1600036621094,467.510009765625,845800,LMT
2024-06-05,441.3710021972656,465.2300109863281,468.8500061035156,463.6199951171875,468.4200134277344,915300,LMT
2024-06-06,444.5871276855469,468.6199951171875,469.7900085449219,464.3500061035156,465.2300109863281,768100,LMT
2024-06-07,446.0197448730469,470.1300048828125,475.2900085449219,468.6199951171875,468.80999755859375,1042800,LMT
2024-06-10,443.4866027832031,467.4599914550781,470.75,465.760009765625,470.75,900400,LMT
2024-06-11,439.0656433105469,462.79998779296875,466.5799865722656,462.5799865722656,465.67999267578125,908300,LMT
2024-06-12,435.5648498535156,459.1099853515625,463.2300109863281,457.6700134277344,462.29998779296875,1026400,LMT
2024-06-13,435.0430603027344,458.55999755859375,459.75,456.010009765625,458.6400146484375,742000,LMT
2024-06-14,434.8343811035156,458.3399963378906,458.55999755859375,454.44000244140625,456.5,702800,LMT
2024-06-17,435.4700622558594,459.010009765625,459.19000244140625,456.30999755859375,457.75,669700,LMT
2024-06-18,436.4092102050781,460.0,460.70001220703125,457.3900146484375,459.79998779296875,657900,LMT
2024-06-20,442.4240417480469,466.3399963378906,467.489990234375,459.1600036621094,460.0,1041400,LMT
2024-06-21,443.6195068359375,467.6000061035156,469.79998779296875,463.6499938964844,467.1499938964844,3363500,LMT
2024-06-24,447.32891845703125,471.510009765625,475.69000244140625,467.82000732421875,468.9599914550781,1031500,LMT
2024-06-25,444.0653381347656,468.07000732421875,471.6199951171875,466.6600036621094,470.82000732421875,711200,LMT
2024-06-26,443.04071044921875,466.989990234375,468.1000061035156,463.7200012207031,467.0,932100,LMT
2024-06-27,443.173583984375,467.1300048828125,468.8800048828125,465.30999755859375,468.8800048828125,871000,LMT
2024-06-28,443.14508056640625,467.1000061035156,471.75,464.8699951171875,470.04998779296875,3472500,LMT
2024-07-01,442.51898193359375,466.44000244140625,471.67999267578125,464.760009765625,470.7699890136719,562500,LMT
2024-07-02,441.81695556640625,465.70001220703125,466.6700134277344,464.0199890136719,465.6000061035156,502500,LMT
2024-07-03,442.1299743652344,466.0299987792969,466.4700012207031,464.1300048828125,465.489990234375,313300,LMT
2024-07-05,438.4584655761719,462.1600036621094,465.0,459.69000244140625,464.9800109863281,631400,LMT
2024-07-08,438.0789794921875,461.760009765625,464.57000732421875,461.1199951171875,462.67999267578125,447700,LMT
2024-07-09,436.69378662109375,460.29998779296875,462.6199951171875,459.760009765625,461.70001220703125,537100,LMT
2024-07-10,437.367431640625,461.010009765625,461.3900146484375,457.25,460.3699951171875,656000,LMT
2024-07-11,436.76971435546875,460.3800048828125,465.7699890136719,456.1099853515625,459.9200134277344,1132900,LMT
2024-07-12,439.94793701171875,463.7300109863281,464.8999938964844,459.5299987792969,462.3599853515625,579400,LMT
2024-07-15,440.0902099609375,463.8800048828125,467.25,462.7799987792969,466.7099914550781,783000,LMT
2024-07-16,444.5491943359375,468.5799865722656,469.19000244140625,463.75,463.75,736400,LMT
2024-07-17,451.6551208496094,476.07000732421875,476.7799987792969,469.70001220703125,470.0,1123100,LMT
2024-07-18,451.58868408203125,476.0,480.8599853515625,473.0199890136719,474.5,981100,LMT
2024-07-19,450.5640563964844,474.9200134277344,479.5400085449219,472.80999755859375,479.5400085449219,889400,LMT
2024-07-22,450.2509460449219,474.5899963378906,476.1300048828125,472.8500061035156,475.0,881600,LMT
2024-07-23,475.5816955566406,501.2900085449219,501.7699890136719,482.8599853515625,488.8399963378906,2579100,LMT
2024-07-24,488.7783508300781,515.2000122070312,519.5900268554688,501.4100036621094,505.0,2580100,LMT
2024-07-25,494.660400390625,521.4000244140625,526.6900024414062,512.8699951171875,515.0,1923900,LMT
2024-07-26,497.88604736328125,524.7999877929688,528.6400146484375,520.010009765625,522.2899780273438,1141300,LMT
2024-07-29,500.580322265625,527.6400146484375,529.4600219726562,519.260009765625,523.0,961200,LMT
2024-07-30,510.08648681640625,537.6599731445312,538.4600219726562,525.030029296875,527.9500122070312,1234200,LMT
2024-07-31,514.1280517578125,541.9199829101562,547.0,538.1799926757812,543.0,1481500,LMT
2024-08-01,520.7120971679688,548.8599853515625,549.1199951171875,540.6900024414062,544.0399780273438,1271700,LMT
2024-08-02,520.626708984375,548.77001953125,561.1199951171875,541.3900146484375,551.1199951171875,1484800,LMT
2024-08-05,517.4107055664062,545.3800048828125,562.5999755859375,538.239990234375,553.1599731445312,1683800,LMT
2024-08-06,513.7864990234375,541.5599975585938,549.47998046875,541.1400146484375,545.97998046875,1033700,LMT
2024-08-07,520.3800659179688,548.510009765625,552.1699829101562,536.739990234375,539.8699951171875,1306600,LMT
2024-08-08,523.33056640625,551.6199951171875,553.6799926757812,543.6900024414062,545.510009765625,846300,LMT
2024-08-09,523.2925415039062,551.5800170898438,553.6099853515625,548.1300048828125,552.1599731445312,825100,LMT
2024-08-12,528.3491821289062,556.9099731445312,557.5599975585938,550.4000244140625,551.0700073242188,793700,LMT
2024-08-13,530.73046875,559.4199829101562,559.6900024414062,552.3099975585938,556.9000244140625,793600,LMT
2024-08-14,534.3356323242188,563.219970703125,564.219970703125,557.0,558.0800170898438,796700,LMT
2024-08-15,531.555908203125,560.2899780273438,564.0800170898438,558.8300170898438,561.7999877929688,974600,LMT
2024-08-16,531.4041748046875,560.1300048828125,562.4199829101562,557.0,561.2999877929688,912000,LMT
2024-08-19,529.75341796875,558.3900146484375,562.760009765625,555.25,555.3200073242188,709700,LMT
2024-08-20,528.4441528320312,557.010009765625,558.9000244140625,550.9600219726562,557.969970703125,972200,LMT
2024-08-21,525.36083984375,553.760009765625,559.989990234375,553.3099975585938,558.3800048828125,883100,LMT
2024-08-22,528.463134765625,557.030029296875,558.1799926757812,553.27001953125,554.1799926757812,774500,LMT
2024-08-23,526.546630859375,555.010009765625,558.8699951171875,552.780029296875,558.0,870400,LMT
2024-08-26,529.4781494140625,558.0999755859375,560.1400146484375,556.1099853515625,556.1099853515625,795400,LMT
2024-08-27,531.669677734375,560.4099731445312,562.1900024414062,557.02001953125,559.4500122070312,749600,LMT
2024-08-28,535.056640625,563.97998046875,568.72998046875,561.780029296875,562.2000122070312,829300,LMT
2024-08-29,537.779541015625,566.8499755859375,568.5700073242188,563.0,564.0,662300,LMT
2024-08-30,538.9654541015625,568.0999755859375,569.0900268554688,562.5499877929688,564.969970703125,1082800,LMT
2024-09-03,541.1309204101562,567.219970703125,572.0,565.1900024414062,567.3300170898438,1266900,LMT
2024-09-04,548.3433227539062,574.780029296875,578.72998046875,568.719970703125,569.3400268554688,941700,LMT
2024-09-05,542.43798828125,568.5900268554688,575.9199829101562,564.4099731445312,575.2000122070312,841000,LMT
2024-09-06,540.5680541992188,566.6300048828125,572.1099853515625,564.9500122070312,569.0499877929688,976700,LMT
2024-09-09,550.0509033203125,576.5700073242188,578.0,567.47998046875,567.510009765625,810200,LMT
2024-09-10,545.872314453125,572.1900024414062,577.8499755859375,570.4199829101562,577.5599975585938,756400,LMT
2024-09-11,540.8829345703125,566.9600219726562,572.4099731445312,561.0700073242188,571.2000122070312,809200,LMT
2024-09-12,542.1326904296875,568.27001953125,568.969970703125,563.9000244140625,565.0,739400,LMT
2024-09-13,543.6971435546875,569.9099731445312,572.4600219726562,564.530029296875,567.0,638800,LMT
2024-09-16,546.56884765625,572.9199829101562,577.0,568.989990234375,574.4099731445312,597700,LMT
2024-09-17,540.9306640625,567.010009765625,568.1099853515625,563.5999755859375,566.6599731445312,739900,LMT
2024-09-18,539.4805297851562,565.489990234375,569.5399780273438,562.280029296875,566.3200073242188,731700,LMT
2024-09-19,539.184814453125,565.1799926757812,567.530029296875,562.1599731445312,566.469970703125,917500,LMT
2024-09-20,545.6148071289062,571.9199829101562,573.5,562.9400024414062,563.0800170898438,3794400,LMT
2024-09-23,553.809814453125,580.510009765625,581.75,570.8200073242188,571.5,884500,LMT
2024-09-24,552.0161743164062,578.6300048828125,581.1599731445312,576.1500244140625,578.9299926757812,690100,LMT
2024-09-25,551.35791015625,577.9400024414062,583.75,576.8599853515625,581.5599975585938,844500,LMT
2024-09-26,550.8427734375,577.4000244140625,582.530029296875,574.4400024414062,575.0,746200,LMT
2024-09-27,555.5745849609375,582.3599853515625,584.0700073242188,575.3300170898438,577.6500244140625,848100,LMT
2024-09-30,557.6734619140625,584.5599975585938,584.9500122070312,579.2100219726562,584.1400146484375,974900,LMT
2024-10-01,577.9937133789062,605.8599853515625,611.489990234375,581.9099731445312,586.1199951171875,2356200,LMT
2024-10-02,575.4561157226562,603.2000122070312,610.0,601.4199829101562,604.9400024414062,1192500,LMT
2024-10-03,577.9556274414062,605.8200073242188,609.0,601.0,604.4400024414062,856600,LMT
2024-10-04,577.2972412109375,605.1300048828125,606.2899780273438,599.3200073242188,603.6599731445312,559800,LMT
2024-10-07,577.6884155273438,605.5399780273438,611.5900268554688,604.0,607.0,1102200,LMT
2024-10-08,580.0830078125,608.0499877929688,610.75,603.0900268554688,607.219970703125,571800,LMT
2024-10-09,577.2783203125,605.1099853515625,607.1400146484375,603.02001953125,606.7100219726562,543800,LMT
2024-10-10,570.0086669921875,597.489990234375,607.2899780273438,596.219970703125,606.1099853515625,853700,LMT
2024-10-11,576.3815307617188,604.1699829101562,604.5499877929688,600.0900268554688,600.5800170898438,526000,LMT
2024-10-14,582.7733154296875,610.8699951171875,611.989990234375,603.780029296875,606.0,562300,LMT
2024-10-15,577.1734008789062,605.0,614.6199951171875,603.719970703125,612.5,849600,LMT
2024-10-16,584.6431884765625,612.8300170898438,613.010009765625,602.6199951171875,603.0,549200,LMT
2024-10-17,581.5807495117188,609.6199951171875,614.47998046875,607.239990234375,612.8300170898438,617500,LMT
2024-10-18,583.6701049804688,611.8099975585938,613.3699951171875,608.489990234375,611.3900146484375,864100,LMT
2024-10-21,586.3412475585938,614.6099853515625,618.9500122070312,611.3599853515625,615.6400146484375,1017500,LMT
2024-10-22,550.4420776367188,576.97998046875,608.3400268554688,574.0,606.9000244140625,2259200,LMT
2024-10-23,544.83251953125,571.0999755859375,582.1799926757812,571.0,577.02001953125,1402200,LMT
2024-10-24,538.2593383789062,564.2100219726562,573.9299926757812,564.1799926757812,570.72998046875,1102800,LMT
2024-10-25,536.4276123046875,562.2899780273438,569.97998046875,561.0999755859375,566.7000122070312,1077600,LMT
2024-10-28,529.6351318359375,555.1699829101562,563.1599731445312,554.5,563.0,1278700,LMT
2024-10-29,521.6502075195312,546.7999877929688,553.4000244140625,546.4099731445312,552.7999877929688,1041700,LMT
2024-10-30,520.8297729492188,545.9400024414062,551.260009765625,543.2000122070312,546.9000244140625,1005200,LMT
2024-10-31,520.9346923828125,546.0499877929688,551.6799926757812,542.6699829101562,547.0399780273438,1245300,LMT
2024-11-01,520.2667846679688,545.3499755859375,549.3300170898438,544.6199951171875,548.0,792600,LMT
2024-11-04,518.120361328125,543.0999755859375,548.8099975585938,540.4099731445312,545.7000122070312,827600,LMT
2024-11-05,521.6024169921875,546.75,547.1699829101562,542.0,545.0,610100,LMT
2024-11-06,526.4393310546875,551.8200073242188,561.4000244140625,540.0,561.4000244140625,1751300,LMT
2024-11-07,526.4584350585938,551.8400268554688,557.0,549.6699829101562,555.0,818200,LMT
2024-11-08,538.5933227539062,564.5599975585938,566.8099975585938,554.719970703125,555.469970703125,1165700,LMT
2024-11-11,544.3365478515625,570.5800170898438,576.1500244140625,569.7999877929688,570.219970703125,1171400,LMT
2024-11-12,539.928955078125,565.9600219726562,576.4299926757812,564.7999877929688,574.3200073242188,1133500,LMT
2024-11-13,532.0774536132812,557.72998046875,565.0,556.3300170898438,564.0,1118300,LMT
2024-11-14,514.1994018554688,538.989990234375,561.3499755859375,533.7899780273438,561.3499755859375,1972700,LMT
2024-11-15,510.2307434082031,534.8300170898438,542.5399780273438,531.4199829101562,537.8699951171875,1757100,LMT
2024-11-18,506.53875732421875,530.9600219726562,537.97998046875,528.739990234375,536.4000244140625,1298400,LMT
2024-11-19,508.7330322265625,533.260009765625,539.3200073242188,531.2100219726562,537.0800170898438,935700,LMT
2024-11-20,510.13531494140625,534.72998046875,535.22998046875,529.2000122070312,534.1799926757812,994300,LMT
2024-11-21,517.08056640625,542.010009765625,544.6799926757812,533.719970703125,535.1400146484375,1321700,LMT
2024-11-22,517.2808227539062,542.219970703125,546.0,539.9199829101562,545.0,1311000,LMT
2024-11-25,497.885986328125,521.8900146484375,534.1599731445312,514.9000244140625,532.97998046875,3613500,LMT
2024-11-26,497.4661865234375,521.4500122070312,524.0599975585938,519.3900146484375,519.3900146484375,1345800,LMT
2024-11-27,501.5683898925781,525.75,529.989990234375,523.1699829101562,523.5399780273438,890400,LMT
2024-11-29,505.0599670410156,529.4099731445312,529.47998046875,524.5900268554688,527.77001953125,658200,LMT
2024-12-02,499.5209045410156,520.3400268554688,526.7899780273438,519.2999877929688,525.25,1115600,LMT
2024-12-03,496.31451416015625,517.0,521.5,516.25,520.1400146484375,1188400,LMT
2024-12-04,496.7945251464844,517.5,519.8300170898438,513.1400146484375,516.1300048828125,1542800,LMT
2024-12-05,496.7752990722656,517.47998046875,520.5599975585938,514.010009765625,517.4199829101562,1113400,LMT
2024-12-06,492.5033874511719,513.030029296875,517.4400024414062,509.6000061035156,515.719970703125,1284700,LMT
2024-12-09,489.60418701171875,510.010009765625,516.3599853515625,508.54998779296875,511.19000244140625,1170500,LMT
2024-12-10,492.4169921875,512.9400024414062,514.6099853515625,508.1000061035156,509.1600036621094,1178900,LMT
2024-12-11,484.0650939941406,504.239990234375,514.0,503.30999755859375,513.7999877929688,1308000,LMT
2024-12-12,476.7115478515625,496.5799865722656,501.1000061035156,488.7099914550781,500.0,1862800,LMT
2024-12-13,474.8587646484375,494.6499938964844,499.2200012207031,492.17999267578125,495.57000732421875,990100,LMT
2024-12-16,471.9787902832031,491.6499938964844,494.79998779296875,490.1499938964844,494.79998779296875,1483700,LMT
2024-12-17,470.98040771484375,490.6099853515625,493.0,487.760009765625,489.05999755859375,1354500,LMT
2024-12-18,463.6173095703125,482.94000244140625,490.239990234375,482.4100036621094,489.5,1424400,LMT
2024-12-19,460.468505859375,479.6600036621094,484.0,477.30999755859375,480.0,1250400,LMT
2024-12-20,469.4540100097656,489.0199890136719,489.0199890136719,477.7699890136719,479.45001220703125,3973500,LMT
2024-12-23,467.0252380371094,486.489990234375,488.8500061035156,481.8299865722656,487.42999267578125,1053900,LMT
2024-12-24,468.5996398925781,488.1300048828125,488.7300109863281,484.010009765625,486.05999755859375,375900,LMT
2024-12-26,470.3756103515625,489.9800109863281,493.4700012207031,486.2699890136719,488.0,662100,LMT
2024-12-27,469.4060363769531,488.9700012207031,493.3999938964844,486.3800048828125,488.3800048828125,820600,LMT
2024-12-30,464.03009033203125,483.3699951171875,486.54998779296875,481.8500061035156,486.0,887600,LMT
2024-12-31,466.49725341796875,485.94000244140625,486.5299987792969,482.0,484.3800048828125,731900,LMT
2025-01-02,462.9548645019531,482.25,489.7200012207031,481.4200134277344,485.94000244140625,953700,LMT
2025-01-03,462.5420837402344,481.82000732421875,483.9200134277344,480.9100036621094,481.4200134277344,817200,LMT
2025-01-06,447.3551025390625,466.0,480.0,465.8599853515625,478.75,1698600,LMT
2025-01-07,445.39666748046875,463.9599914550781,473.4200134277344,462.94000244140625,465.7200012207031,1276600,LMT
2025-01-08,450.091064453125,468.8500061035156,469.2200012207031,461.239990234375,463.5,998700,LMT
2025-01-10,449.3230285644531,468.04998779296875,471.5899963378906,465.7300109863281,468.0,1127400,LMT
2025-01-13,463.8284606933594,483.1600036621094,484.82000732421875,468.79998779296875,469.0,1435200,LMT
2025-01-14,465.0764465332031,484.4599914550781,485.20001220703125,477.9700012207031,485.0,1162000,LMT
2025-01-15,464.6061096191406,483.9700012207031,487.760009765625,480.3699951171875,487.760009765625,882200,LMT
2025-01-16,467.3804016113281,486.8599853515625,487.0,481.5,481.79998779296875,956400,LMT
2025-01-17,470.7019958496094,490.32000732421875,492.04998779296875,484.19000244140625,487.5400085449219,1337600,LMT
2025-01-21,486.0330505371094,506.2900085449219,509.54998779296875,494.7200012207031,495.0,1615900,LMT
2025-01-22,479.3611145019531,499.3399963378906,505.5299987792969,495.17999267578125,503.239990234375,1324800,LMT
2025-01-23,477.3835144042969,497.2799987792969,506.0,493.9800109863281,503.5199890136719,913000,LMT
2025-01-24,477.0762939453125,496.9599914550781,497.2900085449219,494.6000061035156,495.0,759400,LMT
2025-01-27,483.5370788574219,503.69000244140625,507.1099853515625,496.7799987792969,500.0899963378906,1948600,LMT
2025-01-28,439.14715576171875,457.45001220703125,479.7300109863281,457.2699890136719,473.70001220703125,4023900,LMT
2025-01-29,436.1807556152344,454.3599853515625,462.489990234375,449.3999938964844,460.0,2396800,LMT
2025-01-30,441.2591552734375,459.6499938964844,459.8900146484375,451.32000732421875,456.5799865722656,1911800,LMT
2025-01-31,444.4271240234375,462.95001220703125,464.2300109863281,457.1499938964844,460.0,1473800,LMT
2025-02-03,437.1983642578125,455.4200134277344,461.3299865722656,453.5799865722656,458.79998779296875,1476300,LMT
2025-02-04,435.5279541015625,453.67999267578125,455.4100036621094,451.260009765625,454.0,1234200,LMT
2025-02-05,431.8703918457031,449.8699951171875,457.1000061035156,448.7699890136719,457.0,1139700,LMT
2025-02-06,430.574462890625,448.5199890136719,452.1700134277344,444.6300048828125,450.0,1291800,LMT
2025-02-07,426.6097106933594,444.3900146484375,451.5,443.7799987792969,449.8999938964844,1347400,LMT
2025-02-10,430.2864685058594,448.2200012207031,448.94000244140625,440.7099914550781,444.79998779296875,1427800,LMT
2025-02-11,431.38079833984375,449.3599853515625,451.79998779296875,445.0,447.8999938964844,906100,LMT
2025-02-12,424.2865295410156,441.9700012207031,449.1400146484375,441.04998779296875,447.260009765625,1282800,LMT
2025-02-13,417.3265686035156,434.7200012207031,445.29998779296875,432.010009765625,442.5,2400000,LMT
2025-02-14,406.2579040527344,423.19000244140625,435.1600036621094,419.70001220703125,433.54998779296875,3252800,LMT
2025-02-18,411.39385986328125,428.5400085449219,432.92999267578125,423.5,429.69000244140625,2812500,LMT
2025-02-19,415.6274108886719,432.95001220703125,438.0,425.5799865722656,431.0,2802100,LMT
2025-02-20,418.8337707519531,436.2900085449219,438.0,429.30999755859375,429.5799865722656,1358000,LMT
2025-02-21,423.0865173339844,440.7200012207031,443.7300109863281,435.6700134277344,436.3900146484375,1652400,LMT
2025-02-24,422.6545104980469,440.2699890136719,448.2799987792969,438.5400085449219,442.0,1946200,LMT
2025-02-25,430.5168762207031,448.4599914550781,451.6700134277344,441.0,441.75,1715500,LMT
2025-02-26,423.8352966308594,441.5,448.0,439.3399963378906,445.8299865722656,1466900,LMT
2025-02-27,428.59686279296875,446.4599914550781,447.0799865722656,441.45001220703125,442.19000244140625,1458100,LMT
2025-02-28,432.3504638671875,450.3699951171875,450.79998779296875,445.0299987792969,447.0,1433600,LMT
2025-03-03,437.0600891113281,451.94000244140625,454.42999267578125,448.8299865722656,452.8699951171875,1579400,LMT
2025-03-04,434.04278564453125,448.82000732421875,463.739990234375,448.489990234375,450.7799987792969,2268700,LMT
2025-03-05,445.26092529296875,460.4200134277344,463.4800109863281,449.3699951171875,451.1300048828125,2060100,LMT
2025-03-06,446.30535888671875,461.5,463.5,453.4100036621094,461.32000732421875,1395800,LMT
2025-03-07,458.0552978515625,473.6499938964844,477.489990234375,458.0,458.0,2168700,LMT
2025-03-10,463.3935546875,479.1700134277344,494.20001220703125,473.70001220703125,475.4599914550781,2284400,LMT
2025-03-11,453.4423828125,468.8800048828125,478.6499938964844,466.5400085449219,476.7099914550781,1456900,LMT
2025-03-12,446.30535888671875,461.5,466.82000732421875,456.0,465.1400146484375,1271500,LMT
2025-03-13,452.52362060546875,467.92999267578125,468.5299987792969,459.8599853515625,460.04998779296875,1159200,LMT
2025-03-14,450.82159423828125,466.1700134277344,469.0,461.9599914550781,465.9200134277344,972400,LMT
2025-03-17,452.214111328125,467.6099853515625,472.2699890136719,462.8299865722656,463.8399963378906,1051600,LMT
2025-03-18,453.8291931152344,469.2799987792969,471.6300048828125,465.3900146484375,468.1199951171875,881600,LMT
2025-03-19,455.0573425292969,470.54998779296875,475.69000244140625,466.7699890136719,471.2300109863281,1122700,LMT
2025-03-20,451.3728332519531,466.739990234375,469.8999938964844,464.2099914550781,469.1600036621094,922000,LMT
2025-03-21,425.2231140136719,439.70001220703125,481.5,432.510009765625,478.0899963378906,7141700,LMT
2025-03-24,420.65850830078125,434.9800109863281,435.7699890136719,424.29998779296875,425.6300048828125,3015400,LMT
2025-03-25,427.51507568359375,442.07000732421875,444.010009765625,433.0,436.7699890136719,1600200,LMT
2025-03-26,430.51300048828125,445.1700134277344,451.20001220703125,443.0,444.2799987792969,1349700,LMT
2025-03-27,427.7181396484375,442.2799987792969,448.1400146484375,440.2200012207031,446.0299987792969,1559300,LMT
2025-03-28,426.9541320800781,441.489990234375,445.760009765625,439.55999755859375,442.2300109863281,1595700,LMT
2025-03-31,432.0022888183594,446.7099914550781,451.05999755859375,440.739990234375,441.57000732421875,1690000,LMT
2025-04-01,433.8687744140625,448.6400146484375,451.25,444.4800109863281,448.0,1042400,LMT
2025-04-02,437.95947265625,452.8699951171875,455.9200134277344,445.010009765625,446.2200012207031,1270300,LMT
2025-04-03,439.80657958984375,454.7799987792969,461.8800048828125,450.79998779296875,453.510009765625,1813800,LMT
2025-04-04,417.92169189453125,432.1499938964844,454.92999267578125,432.1300048828125,450.0,2392700,LMT
2025-04-07,416.63543701171875,430.82000732421875,438.9100036621094,418.8800048828125,422.20001220703125,1968100,LMT
2025-04-08,428.7625732421875,443.3599853515625,451.3900146484375,437.42999267578125,448.44000244140625,2151500,LMT
2025-04-09,447.02093505859375,462.239990234375,468.3299865722656,435.3800048828125,439.25,2291600,LMT
2025-04-10,448.43292236328125,463.70001220703125,469.1000061035156,450.3800048828125,460.0,1832600,LMT
2025-04-11,459.26416015625,474.8999938964844,478.17999267578125,460.32000732421875,464.3299865722656,1452300,LMT
2025-04-14,459.6896667480469,475.3399963378906,478.75,467.5899963378906,472.79998779296875,1079600,LMT
2025-04-15,454.11932373046875,469.5799865722656,475.3399963378906,468.0,474.2699890136719,1224300,LMT
2025-04-16,461.3723449707031,477.0799865722656,482.82000732421875,474.5299987792969,477.3299865722656,1529700,LMT
2025-04-17,448.8003845214844,464.0799865722656,469.6700134277344,448.3900146484375,461.6400146484375,3052800,LMT
2025-04-21,443.2396545410156,458.3299865722656,463.2300109863281,452.7900085449219,459.260009765625,1532900,LMT
2025-04-22,446.8662414550781,462.0799865722656,470.7699890136719,442.3500061035156,458.04998779296875,2878000,LMT
2025-04-23,448.287841796875,463.54998779296875,471.3900146484375,457.6499938964844,467.0,1352700,LMT
2025-04-24,451.44049072265625,466.80999755859375,467.5899963378906,460.1600036621094,465.7699890136719,1105000,LMT
2025-04-25,461.9139404296875,477.6400146484375,478.4599914550781,467.8999938964844,469.989990234375,1521700,LMT
2025-04-28,460.6083984375,476.2900085449219,483.7900085449219,474.2900085449219,479.30999755859375,1159700,LMT
2025-04-29,460.2118835449219,475.8800048828125,479.29998779296875,473.3500061035156,475.9800109863281,897100,LMT
2025-04-30,462.0202941894531,477.75,478.6099853515625,471.1300048828125,478.2699890136719,1095000,LMT
2025-05-01,461.9913330078125,477.7200012207031,479.45001220703125,473.0,476.0,986400,LMT
2025-05-02,457.2332458496094,472.79998779296875,491.07000732421875,467.510009765625,484.75,2090500,LMT
2025-05-05,456.03411865234375,471.55999755859375,474.489990234375,469.3399963378906,474.0,1150200,LMT
2025-05-06,452.7944030761719,468.2099914550781,471.1600036621094,463.4599914550781,469.7699890136719,1135400,LMT
2025-05-07,455.802001953125,471.32000732421875,474.8999938964844,467.05999755859375,468.3999938964844,1204400,LMT
2025-05-08,458.9063415527344,474.5299987792969,479.0,471.7300109863281,473.0,1093100,LMT
2025-05-09,457.9295654296875,473.5199890136719,476.6300048828125,468.0799865722656,475.2699890136719,978800,LMT
2025-05-12,457.58148193359375,473.1600036621094,475.69000244140625,465.7799987792969,473.5,1364500,LMT
2025-05-13,444.6903381347656,459.8299865722656,472.80999755859375,459.1400146484375,472.80999755859375,1859400,LMT
2025-05-14,434.3909606933594,449.17999267578125,461.79998779296875,445.05999755859375,460.8399963378906,2129700,LMT
2025-05-15,449.82550048828125,465.1400146484375,465.4100036621094,455.0299987792969,458.9700012207031,1758700,LMT
2025-05-16,452.9007873535156,468.32000732421875,468.489990234375,462.6600036621094,466.2099914550781,1319200,LMT
2025-05-19,457.4847106933594,473.05999755859375,474.44000244140625,467.7799987792969,469.4100036621094,1199700,LMT
2025-05-20,460.15386962890625,475.82000732421875,477.1000061035156,470.8900146484375,471.2300109863281,1058500,LMT
2025-05-21,454.7962341308594,470.2799987792969,480.92999267578125,470.04998779296875,480.8399963378906,1435100,LMT
2025-05-22,454.960693359375,470.45001220703125,472.8699951171875,467.1199951171875,468.7900085449219,885000,LMT
2025-05-23,453.4423828125,468.8800048828125,469.54998779296875,465.55999755859375,467.9599914550781,866700,LMT
2025-05-27,461.14996337890625,476.8500061035156,476.8500061035156,468.6600036621094,470.79998779296875,1548000,LMT
2025-05-28,454.5061340332031,469.9800109863281,478.9800109863281,469.0,477.5400085449219,956500,LMT
2025-05-29,458.0939636230469,473.69000244140625,474.55999755859375,465.32000732421875,467.92999267578125,851000,LMT
2025-05-30,466.4978942871094,482.3800048828125,482.3800048828125,471.05999755859375,473.6700134277344,2196300,LMT
2025-06-02,466.24468994140625,478.82000732421875,479.7300109863281,474.0,478.260009765625,1154200,LMT
2025-06-03,467.55926513671875,480.1700134277344,481.1300048828125,476.5400085449219,479.0,1032300,LMT
2025-06-04,469.545654296875,482.2099914550781,486.8599853515625,481.69000244140625,481.989990234375,1273700,LMT
2025-06-05,465.4754333496094,478.0299987792969,485.1300048828125,471.75,484.3699951171875,1063100,LMT
2025-06-06,469.0393371582031,481.69000244140625,481.9599914550781,476.9700012207031,477.80999755859375,714400,LMT
2025-06-09,468.2018737792969,480.8299865722656,482.8399963378906,476.6199951171875,480.2799987792969,1064100,LMT
2025-06-10,464.3751220703125,476.8999938964844,481.6499938964844,475.6400146484375,480.0,1150400,LMT
2025-06-11,444.6082458496094,456.6000061035156,464.1499938964844,443.4100036621094,464.1499938964844,3618200,LMT
2025-06-12,456.94549560546875,469.2699890136719,469.2699890136719,456.5,457.30999755859375,1700600,LMT
2025-06-13,473.67431640625,486.45001220703125,488.29998779296875,473.3500061035156,478.9700012207031,2729700,LMT
2025-06-16,454.7935485839844,467.05999755859375,482.7300109863281,464.5199890136719,482.010009765625,2766600,LMT
2025-06-17,466.7510681152344,479.3399963378906,481.5799865722656,467.5,470.760009765625,2191200,LMT
2025-06-18,456.2930908203125,468.6000061035156,482.3599853515625,467.9599914550781,478.45001220703125,1871200,LMT
2025-06-20,458.20166015625,470.55999755859375,474.30999755859375,461.1099853515625,469.0,2419400,LMT
2025-06-23,460.05169677734375,472.4599914550781,482.3699951171875,468.5299987792969,472.92999267578125,2666400,LMT
2025-06-24,448.1137390136719,460.20001220703125,468.70001220703125,457.67999267578125,467.8500061035156,1970200,LMT
2025-06-25,446.35125732421875,458.3900146484375,464.8800048828125,456.5,464.2099914550781,1265500,LMT
2025-06-26,445.8741149902344,457.8999938964844,464.07000732421875,456.6400146484375,459.30999755859375,1590100,LMT
2025-06-27,446.5459899902344,458.5899963378906,459.17999267578125,451.4599914550781,455.6400146484375,1996400,LMT
2025-06-30,450.9765319824219,463.1400146484375,463.82000732421875,457.8800048828125,459.45001220703125,1205600,LMT
2025-07-01,453.70294189453125,465.94000244140625,469.44000244140625,460.0,463.0,1242800,LMT
2025-07-02,450.4019775390625,462.54998779296875,466.92999267578125,458.6099853515625,466.0,1127300,LMT
2025-07-03,450.3727722167969,462.5199890136719,465.3500061035156,460.9700012207031,463.7099914550781,707900,LMT
2025-07-07,456.7409973144531,469.05999755859375,470.54998779296875,461.3699951171875,464.5,1224100,LMT
2025-07-08,450.8499450683594,463.010009765625,466.6199951171875,460.6499938964844,464.20001220703125,1243000,LMT
2025-07-09,450.8985595703125,463.05999755859375,465.989990234375,460.2099914550781,465.3800048828125,892700,LMT
2025-07-10,452.11578369140625,464.30999755859375,466.4800109863281,456.0,458.67999267578125,1253300,LMT
2025-07-11,455.23175048828125,467.510009765625,468.2099914550781,461.82000732421875,464.75,1209200,LMT
2025-07-14,461.132568359375,473.57000732421875,474.760009765625,468.0,470.0,1488000,LMT
2025-07-15,457.7731628417969,470.1199951171875,473.94000244140625,468.510009765625,473.2900085449219,1039500,LMT
2025-07-16,459.0877380371094,471.4700012207031,472.6000061035156,466.4100036621094,469.6700134277344,935000,LMT
2025-07-17,456.8773498535156,469.20001220703125,474.3999938964844,467.7099914550781,470.5,926200,LMT
2025-07-18,451.77496337890625,463.9599914550781,471.2099914550781,460.9700012207031,469.2200012207031,1845300,LMT
2025-07-21,448.4350280761719,460.5299987792969,467.3599853515625,460.5299987792969,464.6400146484375,1577800,LMT
2025-07-22,399.95269775390625,410.739990234375,437.45001220703125,410.1099853515625,422.75,8886500,LMT
2025-07-23,408.3755187988281,419.3900146484375,423.3699951171875,411.0,413.760009765625,4578600,LMT
2025-07-24,409.5050354003906,420.54998779296875,426.8800048828125,420.1300048828125,421.0,3083900,LMT
2025-07-25,410.1087951660156,421.1700134277344,425.6700134277344,418.510009765625,421.5400085449219,2461800,LMT
2025-07-28,410.2742919921875,421.3399963378906,428.8599853515625,421.1700134277344,425.8999938964844,2423700,LMT
2025-07-29,409.0960693359375,420.1300048828125,423.6499938964844,417.3500061035156,422.739990234375,2428800,LMT
2025-07-30,407.6841125488281,418.67999267578125,422.79998779296875,417.1499938964844,420.1300048828125,1632100,LMT
2025-07-31,409.92376708984375,420.9800109863281,422.5799865722656,412.54998779296875,417.1300048828125,2178000,LMT
2025-08-01,409.9529724121094,421.010009765625,423.9599914550781,417.0,420.760009765625,2006300,LMT
2025-08-04,412.57232666015625,423.70001220703125,424.6000061035156,419.0,420.0,1548200,LMT
2025-08-05,416.9930725097656,428.239990234375,430.07000732421875,421.8599853515625,423.3299865722656,1643900,LMT
2025-08-06,423.429443359375,434.8500061035156,436.6199951171875,427.6600036621094,427.7699890136719,2032300,LMT
2025-08-07,419.4371643066406,430.75,434.8500061035156,428.04998779296875,430.42999267578125,1490000,LMT
2025-08-08,414.4516296386719,425.6300048828125,433.5899963378906,423.9100036621094,431.19000244140625,1477600,LMT
2025-08-11,415.0650634765625,426.260009765625,427.82000732421875,424.1199951171875,426.0,1462100,LMT
2025-08-12,420.2258605957031,431.55999755859375,431.5899963378906,425.0,425.9200134277344,1492100,LMT
2025-08-13,430.9467468261719,442.57000732421875,443.45001220703125,431.4200134277344,432.5199890136719,1890600,LMT
2025-08-14,425.8345947265625,437.32000732421875,443.8999938964844,434.8399963378906,436.0400085449219,1733600,LMT
2025-08-15,426.06829833984375,437.55999755859375,441.42999267578125,436.4599914550781,437.8399963378906,1501700,LMT
2025-08-18,429.0674133300781,440.6400146484375,443.7699890136719,439.1199951171875,440.54998779296875,1154400,LMT
2025-08-19,429.51531982421875,441.1000061035156,444.5,438.6000061035156,439.8599853515625,1248100,LMT
2025-08-20,434.2866516113281,446.0,447.0799865722656,440.1400146484375,440.1400146484375,1282800,LMT
2025-08-21,435.45513916015625,447.20001220703125,448.489990234375,444.70001220703125,444.989990234375,1026000,LMT
2025-08-22,434.48138427734375,446.20001220703125,452.55999755859375,444.8599853515625,449.989990234375,1890300,LMT
2025-08-25,435.96142578125,447.7200012207031,448.75,445.1000061035156,447.07000732421875,985200,LMT
2025-08-26,443.4981994628906,455.4599914550781,456.3699951171875,447.0,450.5199890136719,2051500,LMT
2025-08-27,442.5341796875,454.4700012207031,459.4700012207031,454.0,456.8699951171875,1293900,LMT
2025-08-28,444.1992492675781,456.17999267578125,456.54998779296875,450.3599853515625,453.8699951171875,1385800,LMT
2025-08-29,443.66375732421875,455.6300048828125,459.8999938964844,454.8800048828125,457.5199890136719,1373200,LMT
2025-09-02,443.83050537109375,452.5,455.7699890136719,447.5899963378906,453.79998779296875,1645600,LMT
2025-09-03,440.4564208984375,449.05999755859375,452.0,446.69000244140625,451.07000732421875,1541800,LMT
2025-09-04,448.09716796875,456.8500061035156,457.1700134277344,449.5,450.9599914550781,1449200,LMT
2025-09-05,455.0120544433594,463.8999938964844,463.9800109863281,456.7699890136719,456.7699890136719,1465200,LMT
2025-09-08,450.3138122558594,459.1099853515625,462.92999267578125,452.7699890136719,462.92999267578125,1477600,LMT
2025-09-09,448.3031005859375,457.05999755859375,457.8699951171875,452.4200134277344,457.6099853515625,1008400,LMT
2025-09-10,454.982666015625,463.8699951171875,464.3800048828125,455.7099914550781,456.2099914550781,1076900,LMT
2025-09-11,461.71124267578125,470.7300109863281,472.3999938964844,462.989990234375,463.8500061035156,1623700,LMT
2025-09-12,462.2801208496094,471.30999755859375,472.9800109863281,467.1700134277344,468.92999267578125,1041100,LMT
2025-09-15,464.18292236328125,473.25,474.2900085449219,468.989990234375,471.4700012207031,1148300,LMT
2025-09-16,465.232421875,474.32000732421875,478.44000244140625,471.6700134277344,473.5899963378906,1156900,LMT
2025-09-17,464.055419921875,473.1199951171875,477.19000244140625,472.6400146484375,474.92999267578125,1016500,LMT
2025-09-18,464.54583740234375,473.6199951171875,474.3599853515625,467.989990234375,471.1199951171875,1107700,LMT
2025-09-19,463.87890625,472.94000244140625,477.0,471.3800048828125,474.2300109863281,2839100,LMT
2025-09-22,471.1861572265625,480.3900146484375,482.07000732421875,473.010009765625,473.6700134277344,1409800,LMT
2025-09-23,477.3458251953125,486.6700134277344,486.7799987792969,479.3399963378906,480.8999938964844,1135500,LMT
2025-09-24,476.9338684082031,486.25,495.239990234375,485.510009765625,487.1499938964844,1424200,LMT
2025-09-25,475.0604553222656,484.3399963378906,490.739990234375,484.05999755859375,489.5799865722656,1205700,LMT
2025-09-26,478.10107421875,487.44000244140625,490.75,484.57000732421875,487.9100036621094,913900,LMT
2025-09-29,482.5541076660156,491.9800109863281,498.989990234375,489.2200012207031,497.0,1391100,LMT
2025-09-30,489.64556884765625,499.2099914550781,499.8900146484375,491.1400146484375,492.5799865722656,1312700,LMT
2025-10-01,489.4395751953125,499.0,504.07000732421875,495.0,496.1700134277344,1187000,LMT
2025-10-02,489.7926940917969,499.3599853515625,503.6000061035156,497.010009765625,499.239990234375,915500,LMT
2025-10-03,494.82440185546875,504.489990234375,506.80999755859375,499.25,499.4200134277344,1006500,LMT
2025-10-06,504.3876037597656,514.239990234375,515.4299926757812,506.6300048828125,506.6300048828125,1389700,LMT
2025-10-07,501.2783203125,511.07000732421875,515.97998046875,509.1400146484375,514.2000122070312,922400,LMT
2025-10-08,504.17181396484375,514.02001953125,516.0,511.2200012207031,515.25,798400,LMT
2025-10-09,498.0317687988281,507.760009765625,515.1900024414062,503.80999755859375,513.8900146484375,1186000,LMT
2025-10-10,495.3736572265625,505.04998779296875,513.4500122070312,500.5400085449219,508.8299865722656,1313800,LMT
2025-10-13,494.177001953125,503.8299865722656,507.42999267578125,500.0,502.29998779296875,926700,LMT
2025-10-14,495.50115966796875,505.17999267578125,507.0,499.0,501.25,1078000,LMT
2025-10-15,489.84173583984375,499.4100036621094,505.0,485.4800109863281,503.0,1678500,LMT
2025-10-16,483.79974365234375,493.25,501.30999755859375,492.0,500.739990234375,1099700,LMT
2025-10-17,485.6633605957031,495.1499938964844,496.67999267578125,488.1000061035156,490.4800109863281,1915500,LMT
2025-10-20,496.2073974609375,505.8999938964844,505.8999938964844,496.42999267578125,496.42999267578125,1433300,LMT
2025-10-21,480.1216125488281,489.5,506.6000061035156,482.7099914550781,482.7099914550781,2870000,LMT
2025-10-22,477.8067932128906,487.1400146484375,492.4100036621094,482.5400085449219,491.4700012207031,1725700,LMT
2025-10-23,478.6993408203125,488.04998779296875,493.9800109863281,486.5199890136719,488.1199951171875,1445700,LMT
2025-10-24,476.1099548339844,485.4100036621094,491.82000732421875,484.0799865722656,490.2799987792969,1368400,LMT
2025-10-27,477.5812072753906,486.9100036621094,487.30999755859375,479.8699951171875,484.0799865722656,1423200,LMT
2025-10-28,476.4630126953125,485.7699890136719,489.3999938964844,483.6199951171875,486.3699951171875,1220600,LMT
2025-10-29,476.0314636230469,485.3299865722656,488.82000732421875,483.6700134277344,485.0,971500,LMT
2025-10-30,480.3373718261719,489.7200012207031,494.4599914550781,485.5,485.57000732421875,1081000,LMT
2025-10-31,482.45599365234375,491.8800048828125,493.6099853515625,486.04998779296875,489.0,1185000,LMT
2025-11-03,478.59149169921875,487.94000244140625,491.510009765625,484.75,491.0,846600,LMT
2025-11-04,475.6882019042969,484.9800109863281,488.5,481.0,484.4599914550781,1169300,LMT
2025-11-05,464.0750732421875,473.1400146484375,485.8500061035156,473.1400146484375,483.0199890136719,1708000,LMT
2025-11-06,459.9359130859375,468.9200134277344,474.17999267578125,466.1099853515625,473.1099853515625,1093600,LMT
2025-11-07,449.56842041015625,458.3500061035156,469.4100036621094,456.20001220703125,468.8999938964844,2514500,LMT
2025-11-10,443.43817138671875,452.1000061035156,457.1000061035156,448.4800109863281,456.0,1630100,LMT
2025-11-11,448.3129577636719,457.07000732421875,461.7699890136719,451.0,451.7699890136719,1322100,LMT
2025-11-12,448.28350830078125,457.0400085449219,459.7699890136719,455.2200012207031,456.1400146484375,935400,LMT
2025-11-13,447.1163024902344,455.8500061035156,460.9100036621094,455.1000061035156,458.010009765625,819600,LMT
2025-11-14,456.84625244140625,465.7699890136719,466.3900146484375,454.0,455.8500061035156,1177300,LMT
2025-11-17,461.76025390625,470.7799987792969,471.6000061035156,464.7200012207031,467.2799987792969,1822400,LMT
2025-11-18,465.624755859375,474.7200012207031,485.0,471.20001220703125,475.2200012207031,1242100,LMT
2025-11-19,460.90692138671875,469.9100036621094,472.4200134277344,468.29998779296875,472.0,861300,LMT
2025-11-20,459.2885437011719,468.260009765625,477.42999267578125,465.0199890136719,473.8800048828125,1044900,LMT
2025-11-21,451.95184326171875,460.7799987792969,469.3999938964844,459.9599914550781,468.6000061035156,1575300,LMT
2025-11-24,442.4180908203125,451.05999755859375,461.19000244140625,450.05999755859375,459.42999267578125,1411200,LMT
2025-11-25,443.7422180175781,452.4100036621094,454.0299987792969,448.4800109863281,451.05999755859375,1615900,LMT
2025-11-26,445.45867919921875,454.1600036621094,457.260009765625,452.9800109863281,453.29998779296875,1299800,LMT
2025-11-28,449.0877685546875,457.8599853515625,457.8599853515625,452.6099853515625,454.5400085449219,748000,LMT
2025-12-01,434.0460510253906,439.19000244140625,454.0899963378906,438.5,453.2799987792969,1659200,LMT
2025-12-02,436.645263671875,441.82000732421875,442.75,437.25,440.9800109863281,1535600,LMT
2025-12-03,441.56689453125,446.79998779296875,448.4700012207031,439.04998779296875,443.4100036621094,1751500,LMT
2025-12-04,443.0987548828125,448.3500061035156,449.5299987792969,445.42999267578125,448.17999267578125,1283700,LMT
2025-12-05,446.9036865234375,452.20001220703125,452.82000732421875,446.4100036621094,447.7799987792969,1290500,LMT
2025-12-08,459.9293212890625,465.3800048828125,465.55999755859375,451.4800109863281,453.5,1390700,LMT
2025-12-09,461.421630859375,466.8900146484375,472.80999755859375,465.0,466.2799987792969,1102300,LMT
2025-12-10,462.4593200683594,467.94000244140625,473.0799865722656,455.8800048828125,465.2099914550781,2313600,LMT
2025-12-11,469.3180236816406,474.8800048828125,479.70001220703125,470.2900085449219,470.2900085449219,1294000,LMT
2025-12-12,474.6251525878906,480.25,480.8399963378906,470.7900085449219,475.6600036621094,1384300,LMT
2025-12-15,478.7463073730469,484.4200134277344,484.7699890136719,477.239990234375,478.989990234375,1002300,LMT
2025-12-16,471.47247314453125,477.05999755859375,479.7900085449219,473.8599853515625,479.6099853515625,1262400,LMT
2025-12-17,469.2290954589844,474.7900085449219,476.8900146484375,462.25,471.0,1989200,LMT
2025-12-18,464.633544921875,470.1400146484375,476.20001220703125,469.0,472.4100036621094,1363900,LMT
2025-12-19,468.5768127441406,474.1300048828125,475.7200012207031,464.8800048828125,466.3399963378906,2826500,LMT
2025-12-22,477.90625,483.57000732421875,485.0199890136719,474.9599914550781,474.9599914550781,1120600,LMT
2025-12-23,476.8981628417969,482.54998779296875,484.95001220703125,481.0,484.0,864000,LMT
2025-12-24,480.0606994628906,485.75,491.17999267578125,484.45001220703125,485.0,581600,LMT
2025-12-26,477.37255859375,483.0299987792969,487.05999755859375,481.17999267578125,485.20001220703125,605700,LMT
2025-12-29,483.1441650390625,488.8699951171875,489.42999267578125,483.2900085449219,483.8299865722656,933400,LMT
2025-12-30,482.28436279296875,488.0,491.70001220703125,487.94000244140625,489.3399963378906,996400,LMT
2025-12-31,478.0050964355469,483.6700134277344,489.67999267578125,483.5199890136719,489.0,669900,LMT
2026-01-02,491.2481384277344,497.07000732421875,497.1600036621094,476.5400085449219,483.25,1126100,LMT
2026-01-05,505.57830810546875,511.57000732421875,515.8800048828125,503.0,503.92999267578125,1982600,LMT
2026-01-06,515.9256591796875,522.0399780273438,538.72998046875,517.0599975585938,517.0599975585938,2813100,LMT
2026-01-07,491.05047607421875,496.8699951171875,532.3800048828125,496.0,525.3099975585938,4084900,LMT
2026-01-08,512.3678588867188,518.4400024414062,542.8699951171875,513.010009765625,531.8900146484375,4108800,LMT
2026-01-09,536.5610961914062,542.9199829101562,546.0700073242188,525.8800048828125,525.8800048828125,2647700,LMT
2026-01-12,544.78369140625,551.239990234375,554.27001953125,540.3099975585938,548.9600219726562,2970000,LMT
2026-01-13,551.760986328125,558.2999877929688,563.2999877929688,550.8400268554688,560.02001953125,2013000,LMT
2026-01-14,565.9923706054688,572.7000122070312,578.0399780273438,556.1199951171875,556.989990234375,2643100,LMT
2026-01-15,571.12158203125,577.8900146484375,579.5999755859375,559.72998046875,568.6599731445312,1763400,LMT
2026-01-16,575.6083374023438,582.4299926757812,582.9299926757812,577.4199829101562,578.2100219726562,2375700,LMT
2026-01-20,569.31298828125,576.0599975585938,586.8499755859375,573.3900146484375,580.0,1521900,LMT
2026-01-21,579.3638305664062,586.22998046875,588.969970703125,576.0599975585938,576.0599975585938,1817700,LMT
2026-01-22,586.9539184570312,593.9099731445312,595.9500122070312,582.5,585.1799926757812,1493600,LMT
2026-01-23,583.9000854492188,590.8200073242188,596.22998046875,586.010009765625,594.6400146484375,1271700,LMT
2026-01-26,574.8473510742188,581.6599731445312,590.4000244140625,575.6300048828125,590.0,1460500,LMT
2026-01-27,587.9817504882812,594.9500122070312,595.8699951171875,573.8200073242188,580.0,1710700,LMT
2026-01-28,590.2745971679688,597.27001953125,599.3200073242188,583.0,592.9000244140625,1324000,LMT
2026-01-29,615.2189331054688,622.510009765625,645.6699829101562,607.5599975585938,609.239990234375,3931900,LMT
2026-01-30,626.791748046875,634.219970703125,641.1900024414062,615.510009765625,621.0,2099600,LMT
2026-02-02,628.5509033203125,636.0,640.97998046875,615.1799926757812,620.0,1967800,LMT
2026-02-03,620.9015502929688,628.260009765625,646.5900268554688,618.4500122070312,640.0,2300700,LMT
2026-02-04,595.7003173828125,602.760009765625,632.0499877929688,596.22998046875,630.8200073242188,2654800,LMT
2026-02-05,602.0450439453125,609.1799926757812,614.0,595.0,602.72998046875,1684400,LMT
2026-02-06,616.2764282226562,623.5800170898438,624.0900268554688,611.2000122070312,614.5900268554688,1095800,LMT
2026-02-09,630.8140869140625,638.2899780273438,638.969970703125,625.010009765625,625.280029296875,1589800,LMT
2026-02-10,622.1864013671875,629.5599975585938,638.2899780273438,626.510009765625,637.469970703125,1211600,LMT
2026-02-11,621.33642578125,628.7000122070312,633.5900268554688,621.6799926757812,631.22998046875,1024600,LMT
2026-02-12,629.9641723632812,637.4299926757812,644.25,630.0,630.0,1745600,LMT
2026-02-13,644.936767578125,652.5800170898438,656.3400268554688,639.0,639.0,1490800,LMT
2026-02-17,641.9718627929688,649.5800170898438,656.219970703125,642.0,653.0,1169600,LMT
2026-02-18,642.19921875,649.8099975585938,660.5499877929688,647.1900024414062,657.1699829101562,1350300,LMT
2026-02-19,658.7035522460938,666.510009765625,669.75,655.5,656.5,1370300,LMT
2026-02-20,650.5501708984375,658.260009765625,668.25,648.4099731445312,666.77001953125,1447700,LMT
2026-02-23,652.882568359375,660.6199951171875,663.27001953125,653.6900024414062,655.6199951171875,1196100,LMT
2026-02-24,656.64794921875,664.4299926757812,669.0999755859375,652.5700073242188,658.2899780273438,1361500,LMT
2026-02-25,639.916259765625,647.5,663.5499877929688,634.0399780273438,662.4400024414062,1664400,LMT
2026-02-26,634.1150512695312,641.6300048828125,647.5,638.030029296875,646.4600219726562,1269200,LMT
2026-02-27,650.3723754882812,658.0800170898438,662.469970703125,647.0999755859375,648.0900268554688,2599900,LMT
2026-03-02,672.2987670898438,676.7000122070312,692.0,664.010009765625,685.5,3246500,LMT
2026-03-03,663.4765625,667.8200073242188,686.469970703125,657.5599975585938,682.0,2142100,LMT
2026-03-04,660.1582641601562,664.47998046875,671.0,652.5399780273438,670.0,1650900,LMT
2026-03-05,650.7399291992188,655.0,663.0,647.22998046875,662.0999755859375,1720100,LMT
2026-03-06,667.40087890625,671.77001953125,672.8599853515625,656.4000244140625,661.6500244140625,1895100,LMT
2026-03-09,659.8304443359375,664.1500244140625,676.0800170898438,657.3499755859375,675.5800170898438,2369700,LMT
2026-03-10,646.9844970703125,651.219970703125,659.8900146484375,646.2000122070312,657.9500122070312,1653000,LMT
2026-03-11,645.245849609375,649.469970703125,657.0,644.1300048828125,645.3200073242188,1364000,LMT
2026-03-12,648.5840454101562,652.8300170898438,661.0,646.6300048828125,651.9500122070312,1411200,LMT
2026-03-13,641.7984619140625,646.0,660.0,640.5,652.6699829101562,1071300,LMT
2026-03-16,641.003662109375,645.2000122070312,651.5499877929688,639.0,645.22998046875,1181000,LMT
2026-03-17,632.1913452148438,636.3300170898438,645.0,632.7899780273438,644.9600219726562,1388800,LMT
2026-03-18,638.1026611328125,642.280029296875,645.8499755859375,636.4500122070312,641.1099853515625,1026200,LMT
2026-03-19,633.3637084960938,637.510009765625,640.0,623.75,639.0599975585938,1540800,LMT
2026-03-20,623.3492431640625,627.4299926757812,638.510009765625,622.3699951171875,635.8599853515625,6511300,LMT
2026-03-23,612.241943359375,616.25,629.6599731445312,610.6300048828125,629.0700073242188,1386600,LMT
2026-03-24,606.2014770507812,610.1699829101562,615.2999877929688,605.0,612.9500122070312,1078200,LMT
2026-03-25,620.1402587890625,624.2000122070312,626.9299926757812,612.4199829101562,612.5,1190300,LMT
2026-03-26,623.2498779296875,627.3300170898438,632.9199829101562,619.7999877929688,619.7999877929688,1262400,LMT
2026-03-27,611.8346557617188,615.8400268554688,631.4500122070312,613.6599731445312,625.7000122070312,1061100,LMT
2026-03-30,594.6769409179688,598.5700073242188,623.3200073242188,593.8800048828125,621.030029296875,1849300,LMT
2026-03-31,600.4591064453125,604.3900146484375,610.0,598.7000122070312,604.5,1327800,LMT
2026-04-01,613.6229248046875,617.6400146484375,619.0999755859375,606.1099853515625,608.8200073242188,1118100,LMT
2026-04-02,618.7393798828125,622.7899780273438,626.510009765625,616.010009765625,616.7000122070312,1116800,LMT
2026-04-06,633.7511596679688,637.9000244140625,637.9199829101562,621.3699951171875,623.1099853515625,1128800,LMT
2026-04-07,623.6174926757812,627.7000122070312,636.7999877929688,625.8200073242188,635.5999755859375,732100,LMT
2026-04-08,624.4122924804688,628.5,630.6699829101562,605.5,612.27001953125,1283400,LMT
2026-04-09,619.8123779296875,623.8699951171875,636.8800048828125,623.0900268554688,627.989990234375,911100,LMT
2026-04-10,609.7283935546875,613.719970703125,621.7000122070312,607.1599731445312,619.280029296875,874000,LMT
2026-04-13,615.6595458984375,619.6900024414062,622.510009765625,615.010009765625,617.8699951171875,678700,LMT
2026-04-14,607.6023559570312,611.5800170898438,617.0,609.0599975585938,617.0,905700,LMT
2026-04-15,607.1254272460938,611.0999755859375,615.5900268554688,607.3400268554688,611.0,879300,LMT
2026-04-16,603.5389404296875,607.489990234375,613.0,601.4099731445312,610.7100219726562,853500,LMT
2026-04-17,588.3384399414062,592.1900024414062,609.3800048828125,588.4099731445312,604.3300170898438,1701600,LMT
2026-04-20,577.4993896484375,581.280029296875,598.0,578.22998046875,593.5999755859375,1722000,LMT
2026-04-21,568.2301025390625,571.9500122070312,580.97998046875,568.8400268554688,580.2899780273438,1603500,LMT
2026-04-22,551.8175048828125,555.4299926757812,576.0700073242188,550.1900024414062,575.8800048828125,2289000,LMT
2026-04-23,526.34423828125,529.7899780273438,538.8099975585938,522.260009765625,533.9099731445312,3212500,LMT
2026-04-24,510.1105651855469,513.4500122070312,526.7999877929688,503.6000061035156,525.0,3089200,LMT
2026-04-27,510.01116943359375,513.3499755859375,527.6599731445312,511.9100036621094,514.0499877929688,2111400,LMT
2026-04-28,508.95806884765625,512.2899780273438,518.6799926757812,507.55999755859375,518.4400024414062,1456100,LMT
2026-04-29,506.4942321777344,509.80999755859375,516.0,501.95001220703125,513.969970703125,1619200,LMT
2026-04-30,514.6011352539062,517.969970703125,518.22998046875,507.8999938964844,511.0799865722656,1588400,LMT
2026-05-01,509.43499755859375,512.77001953125,519.5800170898438,512.1199951171875,517.9500122070312,1403300,LMT
2026-05-04,514.780029296875,518.1500244140625,524.5,512.0,513.4099731445312,1370900,LMT
2026-05-05,505.61993408203125,508.92999267578125,520.0,507.489990234375,520.0,1365200,LMT
2026-05-06,510.915283203125,514.260009765625,514.469970703125,500.30999755859375,508.95001220703125,1590400,LMT
2026-05-07,509.0773010253906,512.4099731445312,515.5,503.0299987792969,515.030029296875,2056300,LMT
2026-05-08,503.2156982421875,506.510009765625,512.0,504.5,508.5899963378906,1293800,LMT
2026-05-11,508.9183654785156,512.25,515.6300048828125,502.45001220703125,505.0,1363600,LMT
2026-05-12,517.6114501953125,521.0,522.510009765625,512.5,512.5,1163000,LMT
2026-05-13,516.558349609375,519.9400024414062,520.8699951171875,510.7900085449219,517.469970703125,824600,LMT
2026-05-14,517.0252685546875,520.4099731445312,521.4299926757812,515.25,520.739990234375,856600,LMT
2026-05-15,512.6539306640625,516.010009765625,524.9299926757812,514.72998046875,521.3599853515625,1299200,LMT
2026-05-18,524.8739013671875,528.3099975585938,528.3900146484375,512.760009765625,517.8099975585938,1382800,LMT
2026-05-19,523.204833984375,526.6300048828125,530.260009765625,523.47998046875,527.510009765625,1107600,LMT
2026-05-20,519.191162109375,522.5900268554688,526.8499755859375,517.0,526.6300048828125,1018900,LMT
2026-05-21,519.3897705078125,522.7899780273438,529.47998046875,517.02001953125,523.239990234375,1639700,LMT
2026-05-22,529.7718505859375,533.239990234375,534.27001953125,524.0,524.8599853515625,1050600,LMT
2026-05-26,529.43408203125,532.9000244140625,536.02001953125,529.0,536.0,1346600,LMT
2026-05-27,527.6854858398438,531.1400146484375,533.5700073242188,524.25,531.97998046875,1044900,LMT
2026-05-28,533.716064453125,537.2100219726562,541.2100219726562,531.1400146484375,534.1599731445312,1137600,LMT
2026-05-29,527.0,530.4500122070312,537.25,527.9500122070312,536.239990234375,2246900,LMT
2026-06-01,516.5,516.5,525.989990234375,515.8800048828125,523.97998046875,1374600,LMT
2026-06-02,513.4299926757812,513.4299926757812,516.7100219726562,510.1000061035156,514.5,1079200,LMT
2026-06-03,512.030029296875,512.030029296875,524.5399780273438,510.5400085449219,512.25,1044000,LMT
2026-06-04,519.0499877929688,519.0499877929688,522.7000122070312,514.1400146484375,517.739990234375,851300,LMT
2026-06-05,523.760009765625,523.760009765625,528.010009765625,519.9500122070312,520.0,903100,LMT
2026-06-08,520.0700073242188,520.0700073242188,527.1099853515625,516.8499755859375,523.0,847600,LMT
2026-06-09,530.1300048828125,530.1300048828125,530.1799926757812,518.8699951171875,519.0,1020700,LMT
2026-06-10,525.02001953125,525.02001953125,535.2000122070312,524.8099975585938,534.25,934300,LMT
2026-06-11,548.6799926757812,548.6799926757812,550.989990234375,528.260009765625,528.6199951171875,1378100,LMT
2026-06-12,540.3300170898438,540.3300170898438,550.8599853515625,538.3099975585938,547.0,1029400,LMT
2026-06-15,530.3599853515625,530.3599853515625,535.7999877929688,528.5900268554688,535.4199829101562,1196900,LMT
2026-06-16,535.9500122070312,535.9500122070312,538.5,527.010009765625,531.260009765625,847700,LMT
2026-06-17,532.3200073242188,532.3200073242188,539.469970703125,528.9000244140625,530.25,1142300,LMT
2026-06-18,510.95001220703125,510.95001220703125,536.9000244140625,505.17999267578125,535.5599975585938,3978800,LMT
2026-06-22,493.6000061035156,493.6000061035156,510.0,490.04998779296875,508.5,1704900,LMT
2026-06-23,503.6700134277344,503.6700134277344,504.29998779296875,496.5299987792969,498.8299865722656,827500,LMT
2026-06-24,491.6400146484375,491.6400146484375,503.3399963378906,491.489990234375,502.94000244140625,1288400,LMT
2026-06-25,505.0199890136719,505.0199890136719,512.5700073242188,494.25,495.95001220703125,1378300,LMT
2026-06-26,507.3999938964844,507.3999938964844,518.239990234375,503.8999938964844,505.25,3672100,LMT
2026-06-29,502.07000732421875,502.07000732421875,510.1400146484375,501.75,508.5,997500,LMT
2026-06-30,509.4599914550781,509.4599914550781,509.4599914550781,498.29998779296875,504.0,1157200,LMT
2026-07-01,521.8200073242188,521.8200073242188,524.239990234375,514.3499755859375,517.0,1278000,LMT
2026-07-02,545.9099731445312,545.9099731445312,545.989990234375,529.0,529.0,1396900,LMT
2026-07-06,538.0,538.0,545.9099731445312,535.1699829101562,545.0,937700,LMT
2026-07-07,535.3800048828125,535.3800048828125,547.469970703125,531.77001953125,546.0,847600,LMT
2026-07-08,527.9600219726562,527.9600219726562,537.6300048828125,525.3499755859375,537.6300048828125,927700,LMT
2026-07-09,518.260009765625,518.260009765625,525.010009765625,515.5499877929688,522.5,989600,LMT
2026-07-10,523.219970703125,523.219970703125,524.0,513.8099975585938,516.4199829101562,662800,LMT
2026-07-13,520.6799926757812,520.6799926757812,527.4500122070312,517.260009765625,525.010009765625,714600,LMT
2026-07-14,514.989990234375,514.989990234375,526.260009765625,514.8699951171875,518.3599853515625,698500,LMT
2026-07-15,514.4600219726562,514.4600219726562,520.6799926757812,512.780029296875,514.8300170898438,816500,LMT
2026-07-16,513.52001953125,513.52001953125,520.1300048828125,511.30999755859375,515.0,758100,LMT
2026-07-17,508.7699890136719,508.7699890136719,527.3300170898438,507.67999267578125,519.0,1274500,LMT
2026-07-20,509.5400085449219,509.5400085449219,515.8400268554688,507.739990234375,510.6300048828125,998400,LMT
2026-07-21,507.0899963378906,507.0899963378906,507.75,487.1499938964844,501.0,1316400,LMT
2026-07-22,514.3599853515625,514.3599853515625,521.0,512.0,515.7899780273438,1141900,LMT
2026-07-23,568.5900268554688,568.5900268554688,576.0,545.0,545.0,3275500,LMT
2026-07-24,582.5999755859375,582.5999755859375,588.4099731445312,568.5900268554688,568.5900268554688,1738900,LMT
2026-07-27,580.0,580.0,587.989990234375,578.0,581.8800048828125,1082300,LMT
2026-07-28,581.3099975585938,581.3099975585938,593.77001953125,576.72998046875,589.0,1277300,LMT
2026-07-29,569.2000122070312,569.2000122070312,587.0,568.739990234375,585.0,1600900,LMT
2026-07-30,574.1099853515625,574.1099853515625,574.760009765625,556.5499877929688,565.760009765625,1512700,LMT
2026-07-31,582.739990234375,582.739990234375,583.8900146484375,570.8900146484375,574.1099853515625,1424700,LMT
2026-08-03,586.2899780273438,586.2899780273438,589.4099731445312,579.030029296875,583.5,1236400,LMT
2026-08-04,589.3300170898438,589.3300170898438,592.5,578.2999877929688,587.1900024414062,1181200,LMT
2026-08-05,577.5999755859375,577.5999755859375,593.6900024414062,577.1300048828125,593.0,954700,LMT
2026-08-06,582.8499755859375,582.8499755859375,588.489990234375,577.8099975585938,584.3099975585938,738400,LMT
2026-08-07,587.9500122070312,587.9500122070312,588.3900146484375,577.0,581.1099853515625,749600,LMT
2026-08-10,603.1599731445312,603.1599731445312,606.6500244140625,589.719970703125,591.77001953125,1185800,LMT
2026-08-11,597.77001953125,597.77001953125,602.75,592.8900146484375,600.3099975585938,924800,LMT
2026-08-12,606.719970703125,606.719970703125,610.3599853515625,588.010009765625,595.489990234375,1036800,LMT
2026-08-13,598.010009765625,598.010009765625,609.780029296875,596.47998046875,609.780029296875,797300,LMT
2026-08-14,608.3499755859375,608.3499755859375,609.239990234375,599.219970703125,603.0,329858,LMT
