Date,Adj Close,Close,High,Low,Open,Volume,Ticker
2016-08-15,90.92994689941406,96.44000244140625,96.55999755859375,96.06999969482422,96.30999755859375,2081200,MA
2016-08-16,90.15680694580078,95.62000274658203,96.26000213623047,95.45999908447266,96.19999694824219,2866200,MA
2016-08-17,90.12850189208984,95.58999633789062,96.06999969482422,95.02999877929688,95.79000091552734,4054700,MA
2016-08-18,89.8267822265625,95.2699966430664,95.87000274658203,95.06999969482422,95.30000305175781,3134200,MA
2016-08-19,89.77962493896484,95.22000122070312,95.29000091552734,94.41000366210938,95.18000030517578,3090800,MA
2016-08-22,90.31707000732422,95.79000091552734,95.94999694824219,94.94999694824219,95.19000244140625,2390800,MA
2016-08-23,90.78851318359375,96.29000091552734,96.76000213623047,95.98999786376953,96.0,3099700,MA
2016-08-24,90.07193756103516,95.52999877929688,96.47000122070312,95.38999938964844,96.29000091552734,2008100,MA
2016-08-25,90.12850189208984,95.58999633789062,95.80999755859375,95.33000183105469,95.47000122070312,1983000,MA
2016-08-26,90.95821380615234,96.47000122070312,97.0,95.7699966430664,95.83999633789062,3123100,MA
2016-08-29,91.25051879882812,96.77999877929688,96.8499984741211,96.2300033569336,96.44999694824219,2590200,MA
2016-08-30,91.54279327392578,97.08999633789062,97.19000244140625,96.33999633789062,96.79000091552734,2634100,MA
2016-08-31,91.10908508300781,96.62999725341797,97.08999633789062,96.12999725341797,96.80999755859375,3499300,MA
2016-09-01,92.04253387451172,97.62000274658203,97.69999694824219,96.51000213623047,96.66999816894531,4198100,MA
2016-09-02,92.29708099365234,97.88999938964844,98.0999984741211,97.37000274658203,97.4000015258789,2572400,MA
2016-09-06,93.14569091796875,98.79000091552734,98.91000366210938,97.69000244140625,97.80999755859375,3879300,MA
2016-09-07,93.88111877441406,99.56999969482422,99.5999984741211,98.26000213623047,98.48999786376953,4198200,MA
2016-09-08,94.26768493652344,99.9800033569336,100.66999816894531,99.38999938964844,99.44999694824219,4605400,MA
2016-09-09,92.54225158691406,98.1500015258789,99.69000244140625,98.1500015258789,99.08000183105469,5458500,MA
2016-09-12,94.3902587890625,100.11000061035156,100.31999969482422,97.48999786376953,97.54000091552734,4264300,MA
2016-09-13,93.71138763427734,99.38999938964844,100.05999755859375,98.9800033569336,99.3499984741211,4732200,MA
2016-09-14,93.07024383544922,98.70999908447266,99.62999725341797,98.37999725341797,99.33999633789062,4400300,MA
2016-09-15,93.78683471679688,99.47000122070312,99.81999969482422,98.44999694824219,98.56999969482422,3485700,MA
2016-09-16,93.68309783935547,99.36000061035156,99.69000244140625,98.58999633789062,99.05000305175781,4498800,MA
2016-09-19,93.98478698730469,99.68000030517578,100.38999938964844,99.41999816894531,99.94999694824219,3056900,MA
2016-09-20,94.74856567382812,100.48999786376953,100.91999816894531,100.01000213623047,100.25,3848700,MA
2016-09-21,95.47456359863281,101.26000213623047,101.30999755859375,99.97000122070312,100.80999755859375,3251900,MA
2016-09-22,96.28540802001953,102.12000274658203,102.2300033569336,101.51000213623047,101.56999969482422,3390600,MA
2016-09-23,95.85169219970703,101.66000366210938,102.0999984741211,101.25,101.91999816894531,2759400,MA
2016-09-26,95.3802719116211,101.16000366210938,101.83000183105469,100.75,100.81999969482422,3468900,MA
2016-09-27,95.6537094116211,101.44999694824219,101.6500015258789,100.55999755859375,101.0,3547700,MA
2016-09-28,95.71024322509766,101.51000213623047,101.58000183105469,100.83000183105469,101.43000030517578,3629500,MA
2016-09-29,94.86168670654297,100.61000061035156,102.30999755859375,100.58999633789062,101.58000183105469,3010000,MA
2016-09-30,95.95541381835938,101.7699966430664,102.2300033569336,100.68000030517578,100.77999877929688,5503900,MA
2016-10-03,96.05913543701172,101.87999725341797,102.37999725341797,101.23999786376953,101.38999938964844,3696700,MA
2016-10-04,95.43682098388672,101.22000122070312,102.20999908447266,101.04000091552734,102.02999877929688,2881900,MA
2016-10-05,96.73100280761719,102.4000015258789,102.66999816894531,101.31999969482422,101.31999969482422,3768100,MA
2016-10-06,97.24110412597656,102.94000244140625,103.16999816894531,102.0199966430664,102.4000015258789,3875600,MA
2016-10-07,96.58930969238281,102.25,103.48999786376953,101.9800033569336,103.05000305175781,4225600,MA
2016-10-10,96.96712493896484,102.6500015258789,103.37000274658203,102.55000305175781,102.69999694824219,2376500,MA
2016-10-11,95.7391128540039,101.3499984741211,102.62999725341797,100.81999969482422,102.54000091552734,3412900,MA
2016-10-12,95.7485580444336,101.36000061035156,101.91000366210938,101.05000305175781,101.55999755859375,3467800,MA
2016-10-13,95.07788848876953,100.6500015258789,101.48999786376953,99.77999877929688,100.75,3657400,MA
2016-10-14,95.29512786865234,100.87999725341797,102.19999694824219,100.80999755859375,101.0999984741211,3280200,MA
2016-10-17,95.26678466796875,100.8499984741211,101.26000213623047,100.62000274658203,100.95999908447266,1975500,MA
2016-10-18,96.0981216430664,101.7300033569336,102.12000274658203,101.05999755859375,101.77999877929688,2623700,MA
2016-10-19,97.042724609375,102.7300033569336,102.8499984741211,101.62999725341797,101.80000305175781,3305200,MA
2016-10-20,96.8727035522461,102.55000305175781,103.37000274658203,102.3499984741211,102.79000091552734,2945300,MA
2016-10-21,97.15608215332031,102.8499984741211,103.0,101.95999908447266,102.12999725341797,3018800,MA
2016-10-24,97.47723388671875,103.19000244140625,103.91999816894531,102.95999908447266,103.1500015258789,2565600,MA
2016-10-25,97.1844253540039,102.87999725341797,103.23999786376953,102.29000091552734,103.19000244140625,4869300,MA
2016-10-26,97.50558471679688,103.22000122070312,103.45999908447266,102.52999877929688,102.55999755859375,3356000,MA
2016-10-27,97.86458587646484,103.5999984741211,104.30000305175781,103.19000244140625,103.19000244140625,5096100,MA
2016-10-28,100.98187255859375,106.9000015258789,107.83000183105469,104.61000061035156,105.05000305175781,9282800,MA
2016-10-31,101.09520721435547,107.0199966430664,108.93000030517578,106.47000122070312,107.4000015258789,5820000,MA
2016-11-01,99.14927673339844,104.95999908447266,107.12000274658203,104.79000091552734,107.0,7076500,MA
2016-11-02,98.24242401123047,104.0,105.0,104.0,104.27999877929688,3527500,MA
2016-11-03,98.03459167480469,103.77999877929688,104.45999908447266,103.51000213623047,103.5199966430664,3127300,MA
2016-11-04,97.32611846923828,103.02999877929688,104.43000030517578,103.02999877929688,103.9000015258789,3067200,MA
2016-11-07,100.09388732910156,105.95999908447266,106.02999877929688,104.52999877929688,104.58000183105469,3067500,MA
2016-11-08,99.84828186035156,105.69999694824219,106.47000122070312,105.52999877929688,105.73999786376953,2864300,MA
2016-11-09,100.3111801147461,106.19000244140625,106.44999694824219,103.86000061035156,104.91000366210938,4775000,MA
2016-11-10,98.71473693847656,104.5,107.13999938964844,102.44999694824219,106.66000366210938,6584300,MA
2016-11-11,98.82807922363281,104.62000274658203,105.05999755859375,103.66000366210938,103.86000061035156,3300300,MA
2016-11-14,95.54074096679688,101.13999938964844,105.0999984741211,100.36000061035156,105.0199966430664,7106800,MA
2016-11-15,96.80654907226562,102.4800033569336,102.98999786376953,101.37999725341797,101.37999725341797,4633100,MA
2016-11-16,98.24242401123047,104.0,104.0,102.43000030517578,102.43000030517578,4567900,MA
2016-11-17,98.66751861572266,104.44999694824219,105.25,103.73999786376953,104.4000015258789,3096800,MA
2016-11-18,98.97921752929688,104.77999877929688,105.0999984741211,104.30999755859375,104.6500015258789,3275000,MA
2016-11-21,100.07501983642578,105.94000244140625,106.0,104.69000244140625,104.77999877929688,2650800,MA
2016-11-22,100.06555938720703,105.93000030517578,106.12999725341797,104.73999786376953,106.0,4570100,MA
2016-11-23,98.77142333984375,104.55999755859375,105.91000366210938,104.29000091552734,105.5999984741211,4952300,MA
2016-11-25,99.87664794921875,105.7300033569336,105.7300033569336,104.52999877929688,104.62000274658203,1566900,MA
2016-11-28,97.6378402709961,103.36000061035156,105.41999816894531,103.05000305175781,105.41999816894531,5401700,MA
2016-11-29,98.0723648071289,103.81999969482422,104.37000274658203,103.33999633789062,103.68000030517578,3356600,MA
2016-11-30,96.5420913696289,102.19999694824219,104.27999877929688,101.37999725341797,103.54000091552734,6889200,MA
2016-12-01,94.63390350341797,100.18000030517578,102.58000183105469,99.51000213623047,102.33000183105469,5452100,MA
2016-12-02,95.50296783447266,101.0999984741211,101.13999938964844,99.81999969482422,100.25,3981100,MA
2016-12-05,97.81731414794922,103.55000305175781,103.66999816894531,101.80000305175781,101.87000274658203,5427900,MA
2016-12-06,96.35314178466797,102.0,103.9800033569336,101.80000305175781,103.81999969482422,4975200,MA
2016-12-07,99.42322540283203,105.25,105.56999969482422,102.62000274658203,103.0199966430664,5423500,MA
2016-12-08,99.01702880859375,104.81999969482422,105.48999786376953,103.86000061035156,105.18000030517578,3024700,MA
2016-12-09,98.62972259521484,104.41000366210938,105.0999984741211,104.0,104.80999755859375,2541000,MA
2016-12-12,97.5622787475586,103.27999877929688,104.4000015258789,103.16000366210938,104.33999633789062,3827700,MA
2016-12-13,97.60005950927734,103.31999969482422,104.5999984741211,102.94000244140625,103.56999969482422,4297700,MA
2016-12-14,97.5622787475586,103.27999877929688,104.83999633789062,102.91000366210938,102.91000366210938,3515800,MA
2016-12-15,98.5730209350586,104.3499984741211,105.70999908447266,104.0,104.43000030517578,3774100,MA
2016-12-16,97.70394897460938,103.43000030517578,104.81999969482422,103.05000305175781,104.81999969482422,4659700,MA
2016-12-19,97.8078842163086,103.54000091552734,104.19999694824219,103.44999694824219,103.69999694824219,2980900,MA
2016-12-20,98.75253295898438,104.54000091552734,104.55999755859375,103.1500015258789,104.05000305175781,2354400,MA
2016-12-21,98.40301513671875,104.16999816894531,104.97000122070312,103.9000015258789,104.4800033569336,1952500,MA
2016-12-22,98.53524780273438,104.30999755859375,104.76000213623047,103.16000366210938,104.43000030517578,2463900,MA
2016-12-23,98.91313934326172,104.70999908447266,105.16000366210938,104.01000213623047,104.30000305175781,1610700,MA
2016-12-27,98.99813079833984,104.80000305175781,105.63999938964844,104.69999694824219,104.9000015258789,2160700,MA
2016-12-28,97.94011688232422,103.68000030517578,104.77999877929688,103.54000091552734,104.69999694824219,2552300,MA
2016-12-29,98.025146484375,103.7699966430664,104.37000274658203,103.44000244140625,103.80999755859375,2858600,MA
2016-12-30,97.53392791748047,103.25,104.05999755859375,102.9800033569336,103.86000061035156,3834700,MA
2017-01-03,99.5554428100586,105.38999938964844,105.94000244140625,104.11000061035156,104.41000366210938,4711300,MA
2017-01-04,100.50009155273438,106.38999938964844,106.75,104.86000061035156,105.33999633789062,3299000,MA
2017-01-05,101.27630615234375,106.98999786376953,108.1500015258789,106.45999908447266,107.05000305175781,3262200,MA
2017-01-06,102.00519561767578,107.76000213623047,108.11000061035156,106.87000274658203,107.31999969482422,3044600,MA
2017-01-09,101.80640411376953,107.55000305175781,108.1500015258789,107.30999755859375,107.76000213623047,2500700,MA
2017-01-10,101.58870697021484,107.31999969482422,108.56999969482422,106.91999816894531,107.55000305175781,3162200,MA
2017-01-11,102.05252838134766,107.80999755859375,107.8499984741211,106.83000183105469,107.04000091552734,2499000,MA
2017-01-12,102.90445709228516,108.70999908447266,108.86000061035156,107.30999755859375,107.66999816894531,3288500,MA
2017-01-13,102.89500427246094,108.69999694824219,109.4000015258789,108.52999877929688,108.62999725341797,4661900,MA
2017-01-17,102.61102294921875,108.4000015258789,108.86000061035156,107.61000061035156,108.2300033569336,2898200,MA
2017-01-18,102.85713958740234,108.66000366210938,109.22000122070312,107.91000366210938,108.70999908447266,2652300,MA
2017-01-19,102.73406219482422,108.52999877929688,109.37000274658203,108.33000183105469,108.83999633789062,1885300,MA
2017-01-20,104.08771514892578,109.95999908447266,110.0,108.91000366210938,109.23999786376953,4173300,MA
2017-01-23,103.77532958984375,109.62999725341797,109.9800033569336,109.12999725341797,109.66000366210938,3678200,MA
2017-01-24,104.04983520507812,109.91999816894531,110.12999725341797,109.18000030517578,109.80999755859375,2899600,MA
2017-01-25,104.305419921875,110.19000244140625,111.06999969482422,109.4000015258789,110.66000366210938,3848300,MA
2017-01-26,103.5386734008789,109.37999725341797,110.31999969482422,109.0,109.97000122070312,2568700,MA
2017-01-27,103.97410583496094,109.83999633789062,109.83999633789062,108.91999816894531,109.56999969482422,2591600,MA
2017-01-30,103.46293640136719,109.30000305175781,109.55999755859375,108.0999984741211,109.37000274658203,4304400,MA
2017-01-31,100.65157318115234,106.33000183105469,107.0999984741211,105.5,105.97000122070312,6470200,MA
2017-02-01,99.392578125,105.0,106.75,104.01000213623047,106.62999725341797,6149100,MA
2017-02-02,99.52510833740234,105.13999938964844,105.48999786376953,104.61000061035156,104.91999816894531,4112000,MA
2017-02-03,100.8882064819336,106.58000183105469,107.54000091552734,105.5999984741211,106.30999755859375,7132600,MA
2017-02-06,100.89768981933594,106.58999633789062,106.62000274658203,105.69000244140625,106.58000183105469,3445100,MA
2017-02-07,100.9071273803711,106.5999984741211,107.1500015258789,106.04000091552734,107.0,3204800,MA
2017-02-08,101.0207290649414,106.72000122070312,106.9000015258789,105.80000305175781,106.55000305175781,2993600,MA
2017-02-09,101.56976318359375,107.30000305175781,107.54000091552734,106.5,106.72000122070312,2679200,MA
2017-02-10,101.5413589477539,107.2699966430664,107.63999938964844,107.19999694824219,107.55000305175781,2078400,MA
2017-02-13,102.4974365234375,108.27999877929688,108.33000183105469,107.54000091552734,107.69999694824219,2337100,MA
2017-02-14,103.06537628173828,108.87999725341797,109.20999908447266,107.76000213623047,108.01000213623047,2336800,MA
2017-02-15,103.80371856689453,109.66000366210938,110.05999755859375,108.7699966430664,109.0,2920000,MA
2017-02-16,103.46293640136719,109.30000305175781,110.19999694824219,108.88999938964844,109.75,2146400,MA
2017-02-17,103.57653045654297,109.41999816894531,110.0,108.9800033569336,109.23999786376953,2850900,MA
2017-02-21,104.27701568603516,110.16000366210938,110.23999786376953,109.33999633789062,109.44999694824219,3117200,MA
2017-02-22,103.59547424316406,109.44000244140625,110.41000366210938,109.16000366210938,109.80000305175781,3049300,MA
2017-02-23,104.82603454589844,110.73999786376953,110.75,109.5999984741211,109.83000183105469,4162200,MA
2017-02-24,105.0721435546875,111.0,111.0,110.19999694824219,110.54000091552734,2471700,MA
2017-02-27,104.66511535644531,110.56999969482422,110.98999786376953,109.76000213623047,110.4000015258789,2361200,MA
2017-02-28,104.56097412109375,110.45999908447266,110.87000274658203,109.98999786376953,110.5,3367200,MA
2017-03-01,106.31221008300781,112.30999755859375,112.91999816894531,110.77999877929688,111.41999816894531,3218700,MA
2017-03-02,105.38453674316406,111.33000183105469,112.29000091552734,111.30000305175781,112.19999694824219,2690800,MA
2017-03-03,105.77262878417969,111.73999786376953,111.83999633789062,110.95999908447266,111.29000091552734,2938200,MA
2017-03-06,105.41292572021484,111.36000061035156,111.79000091552734,111.01000213623047,111.13999938964844,2175800,MA
2017-03-07,105.03429412841797,110.95999908447266,111.69999694824219,110.73999786376953,111.37000274658203,2474200,MA
2017-03-08,105.0532455444336,110.9800033569336,111.44999694824219,110.79000091552734,111.29000091552734,2355400,MA
2017-03-09,104.8733901977539,110.79000091552734,111.37000274658203,110.6500015258789,111.08000183105469,3195400,MA
2017-03-10,105.27095794677734,111.20999908447266,111.55000305175781,110.61000061035156,111.44999694824219,2735400,MA
2017-03-13,105.57384490966797,111.52999877929688,111.80000305175781,111.12999725341797,111.29000091552734,3123000,MA
2017-03-14,104.58939361572266,110.48999786376953,111.47000122070312,110.12999725341797,111.33000183105469,2891400,MA
2017-03-15,106.03768157958984,112.0199966430664,112.41999816894531,110.48999786376953,111.05999755859375,3305500,MA
2017-03-16,106.6529769897461,112.66999816894531,112.97000122070312,111.58000183105469,112.11000061035156,2746400,MA
2017-03-17,106.80445861816406,112.83000183105469,113.5,112.76000213623047,112.8499984741211,4119200,MA
2017-03-20,106.40685272216797,112.41000366210938,112.98999786376953,111.8499984741211,112.81999969482422,2435400,MA
2017-03-21,104.7976303100586,110.70999908447266,112.7699966430664,110.43000030517578,112.41000366210938,3734000,MA
2017-03-22,105.49811553955078,111.44999694824219,111.91000366210938,110.79000091552734,110.98999786376953,2576200,MA
2017-03-23,105.64012145996094,111.5999984741211,112.44999694824219,111.2699966430664,111.30999755859375,3107000,MA
2017-03-24,105.99983215332031,111.9800033569336,112.47000122070312,111.66999816894531,111.97000122070312,3221900,MA
2017-03-27,105.96197509765625,111.94000244140625,112.30000305175781,110.33000183105469,110.69999694824219,2724200,MA
2017-03-28,106.46363830566406,112.47000122070312,112.75,111.47000122070312,111.80999755859375,2986100,MA
2017-03-29,106.07555389404297,112.05999755859375,112.33000183105469,111.5199966430664,112.02999877929688,1783800,MA
2017-03-30,106.6529769897461,112.66999816894531,112.69999694824219,111.56999969482422,112.0,2029400,MA
2017-03-31,106.46363830566406,112.47000122070312,113.18000030517578,112.44000244140625,112.62000274658203,2507700,MA
2017-04-03,106.24593353271484,112.23999786376953,112.97000122070312,111.36000061035156,112.69999694824219,3170100,MA
2017-04-04,106.10395050048828,112.08999633789062,112.8499984741211,111.9000015258789,112.2300033569336,2169700,MA
2017-04-05,106.29364013671875,112.06999969482422,113.18000030517578,111.9000015258789,112.25,2486600,MA
2017-04-06,106.63509368896484,112.43000030517578,112.61000061035156,111.70999908447266,112.06999969482422,2238500,MA
2017-04-07,106.45490264892578,112.23999786376953,112.75,111.83999633789062,112.18000030517578,1995100,MA
2017-04-10,106.53079223632812,112.31999969482422,113.06999969482422,112.29000091552734,112.29000091552734,1862800,MA
2017-04-11,106.33158874511719,112.11000061035156,112.56999969482422,111.47000122070312,111.9000015258789,2045800,MA
2017-04-12,105.72457122802734,111.47000122070312,112.30000305175781,111.3499984741211,111.6500015258789,2651200,MA
2017-04-13,105.48745727539062,111.22000122070312,112.19000244140625,111.01000213623047,111.2300033569336,2690300,MA
2017-04-17,106.86270904541016,112.66999816894531,112.73999786376953,111.52999877929688,111.7699966430664,1731200,MA
2017-04-18,106.720458984375,112.5199966430664,113.16999816894531,112.0999984741211,112.48999786376953,2141000,MA
2017-04-19,106.50232696533203,112.29000091552734,113.16000366210938,112.11000061035156,112.48999786376953,2242400,MA
2017-04-20,108.68376159667969,114.58999633789062,114.9000015258789,112.66999816894531,112.9000015258789,3459600,MA
2017-04-21,108.38025665283203,114.2699966430664,115.61000061035156,114.01000213623047,114.80000305175781,4067400,MA
2017-04-24,109.73655700683594,115.69999694824219,115.98999786376953,115.0,115.80000305175781,3207800,MA
2017-04-25,110.1443862915039,116.12999725341797,116.4800033569336,115.88999938964844,116.3499984741211,2873700,MA
2017-04-26,110.18230438232422,116.16999816894531,116.55999755859375,115.94999694824219,116.05000305175781,2202700,MA
2017-04-27,111.06438446044922,117.0999984741211,117.30999755859375,116.12000274658203,116.51000213623047,3350800,MA
2017-04-28,110.3246078491211,116.31999969482422,117.37000274658203,116.06999969482422,116.79000091552734,3536000,MA
2017-05-01,110.37201690673828,116.37000274658203,117.29000091552734,116.22000122070312,116.54000091552734,3556600,MA
2017-05-02,112.03181457519531,118.12000274658203,119.70999908447266,117.6500015258789,117.83000183105469,6802600,MA
2017-05-03,111.28252410888672,117.33000183105469,118.52999877929688,116.55000305175781,118.16999816894531,3640900,MA
2017-05-04,111.84210968017578,117.91999816894531,118.08000183105469,116.9000015258789,117.55000305175781,2560400,MA
2017-05-05,111.44376373291016,117.5,118.37999725341797,117.19999694824219,118.2699966430664,2335900,MA
2017-05-08,110.599609375,116.61000061035156,117.70999908447266,116.38999938964844,117.70999908447266,2562400,MA
2017-05-09,110.40996551513672,116.41000366210938,116.91000366210938,116.04000091552734,116.62999725341797,2350700,MA
2017-05-10,110.63758087158203,116.6500015258789,116.7699966430664,116.01000213623047,116.11000061035156,1812500,MA
2017-05-11,110.52377319335938,116.52999877929688,116.87999725341797,115.77999877929688,116.58000183105469,2239000,MA
2017-05-12,111.09282684326172,117.12999725341797,117.22000122070312,116.1500015258789,116.33000183105469,3195200,MA
2017-05-15,112.11717987060547,118.20999908447266,118.55999755859375,117.08999633789062,117.36000061035156,2998200,MA
2017-05-16,112.38274383544922,118.48999786376953,118.56999969482422,117.69999694824219,118.26000213623047,2375700,MA
2017-05-17,110.77986145019531,116.80000305175781,117.91000366210938,116.6500015258789,117.29000091552734,4195000,MA
2017-05-18,110.24871063232422,116.23999786376953,116.6500015258789,115.55000305175781,115.93000030517578,5088400,MA
2017-05-19,111.51964569091797,117.58000183105469,117.88999938964844,116.51000213623047,116.91999816894531,4360500,MA
2017-05-22,112.8664779663086,119.0,119.0999984741211,117.58000183105469,117.80000305175781,2578200,MA
2017-05-23,113.435546875,119.5999984741211,119.93000030517578,118.97000122070312,119.04000091552734,2857100,MA
2017-05-24,114.47883605957031,120.69999694824219,120.72000122070312,119.52999877929688,119.5999984741211,2509000,MA
2017-05-25,115.63595581054688,121.91999816894531,122.4800033569336,120.94999694824219,121.0199966430664,4689200,MA
2017-05-26,115.36090087890625,121.62999725341797,122.08000183105469,121.31999969482422,121.91000366210938,2141600,MA
2017-05-30,115.37985229492188,121.6500015258789,121.79000091552734,121.02999877929688,121.29000091552734,3405500,MA
2017-05-31,116.54647827148438,122.87999725341797,122.9800033569336,121.1500015258789,121.9000015258789,4708500,MA
2017-06-01,117.0396499633789,123.4000015258789,123.4000015258789,122.11000061035156,122.80000305175781,3279000,MA
2017-06-02,118.74688720703125,125.19999694824219,125.30000305175781,123.3499984741211,123.38999938964844,3731900,MA
2017-06-05,119.41080474853516,125.9000015258789,126.19000244140625,125.25,125.54000091552734,4617400,MA
2017-06-06,118.78482818603516,125.23999786376953,125.94000244140625,124.9800033569336,125.54000091552734,2712100,MA
2017-06-07,118.73741149902344,125.19000244140625,125.87999725341797,124.7699966430664,125.4800033569336,3219700,MA
2017-06-08,118.32957458496094,124.76000213623047,125.4000015258789,124.05999755859375,125.0,3332400,MA
2017-06-09,116.6982192993164,123.04000091552734,124.94000244140625,121.70999908447266,124.91999816894531,3556700,MA
2017-06-12,114.53575897216797,120.76000213623047,122.08999633789062,120.19999694824219,121.9800033569336,6574200,MA
2017-06-13,116.01531982421875,122.31999969482422,122.70999908447266,121.08999633789062,121.23999786376953,3938200,MA
2017-06-14,116.18606567382812,122.5,123.16000366210938,121.76000213623047,122.8499984741211,2940000,MA
2017-06-15,115.1617202758789,121.41999816894531,121.62999725341797,119.88999938964844,121.06999969482422,3492600,MA
2017-06-16,115.67389678955078,121.95999908447266,122.19999694824219,120.72000122070312,121.48999786376953,3804900,MA
2017-06-19,116.7456283569336,123.08999633789062,123.12000274658203,122.26000213623047,122.62999725341797,2547100,MA
2017-06-20,116.59388732910156,122.93000030517578,123.7699966430664,122.66999816894531,122.88999938964844,3015300,MA
2017-06-21,116.75514221191406,123.0999984741211,123.54000091552734,122.44000244140625,123.54000091552734,2384100,MA
2017-06-22,116.94483184814453,123.30000305175781,123.5199966430664,122.29000091552734,122.87000274658203,2160600,MA
2017-06-23,117.61822509765625,124.01000213623047,125.0,123.12000274658203,123.68000030517578,3381500,MA
2017-06-26,117.15349578857422,123.5199966430664,124.58000183105469,123.19000244140625,124.16999816894531,2376700,MA
2017-06-27,116.41370391845703,122.73999786376953,123.51000213623047,122.73999786376953,123.48999786376953,2516400,MA
2017-06-28,118.37698364257812,124.80999755859375,124.87000274658203,122.56999969482422,123.19000244140625,2574900,MA
2017-06-29,115.24707794189453,121.51000213623047,124.68000030517578,121.19999694824219,124.61000061035156,4147400,MA
2017-06-30,115.1901626586914,121.44999694824219,122.41999816894531,121.20999908447266,121.77999877929688,3574000,MA
2017-07-03,114.55473327636719,120.77999877929688,122.30999755859375,120.72000122070312,122.25,2314200,MA
2017-07-05,115.90399932861328,121.9800033569336,122.16000366210938,121.12000274658203,121.13999938964844,3856500,MA
2017-07-06,114.78277587890625,120.80000305175781,121.68000030517578,120.6500015258789,121.33999633789062,2702600,MA
2017-07-07,116.11304473876953,122.19999694824219,122.72000122070312,121.06999969482422,121.38999938964844,2119000,MA
2017-07-10,116.61662292480469,122.7300033569336,123.19000244140625,121.81999969482422,122.16000366210938,2886900,MA
2017-07-11,118.04190063476562,124.2300033569336,124.70999908447266,122.5,122.80999755859375,3885700,MA
2017-07-12,119.03961944580078,125.27999877929688,125.75,124.5999984741211,125.0,2770400,MA
2017-07-13,119.22014617919922,125.47000122070312,126.4000015258789,125.37000274658203,125.62000274658203,3330900,MA
2017-07-14,120.6834487915039,127.01000213623047,127.52999877929688,125.55999755859375,125.55999755859375,2690800,MA
2017-07-17,121.08250427246094,127.43000030517578,127.58000183105469,126.54000091552734,127.26000213623047,2291700,MA
2017-07-18,121.3675765991211,127.7300033569336,128.16000366210938,127.0,127.11000061035156,3732800,MA
2017-07-19,121.6621322631836,128.0399932861328,128.27000427246094,127.55999755859375,127.7300033569336,2550400,MA
2017-07-20,122.07069396972656,128.47000122070312,128.83999633789062,127.94000244140625,128.39999389648438,2350300,MA
2017-07-21,122.83087158203125,129.27000427246094,130.1999969482422,128.32000732421875,128.52999877929688,4375500,MA
2017-07-24,123.06842803955078,129.52000427246094,129.89999389648438,128.60000610351562,129.38999938964844,3065400,MA
2017-07-25,123.50550079345703,129.97999572753906,130.17999267578125,129.22000122070312,130.0,2476000,MA
2017-07-26,124.46517944335938,130.99000549316406,131.17999267578125,129.75999450683594,129.9199981689453,3547800,MA
2017-07-27,122.50778198242188,128.92999267578125,132.1999969482422,126.55000305175781,132.0,4914500,MA
2017-07-28,121.53861236572266,127.91000366210938,129.99000549316406,127.30999755859375,128.9600067138672,5257900,MA
2017-07-31,121.43409729003906,127.80000305175781,128.4499969482422,127.4000015258789,128.0,3347500,MA
2017-08-01,123.03987884521484,129.49000549316406,129.97999572753906,128.5,128.66000366210938,4010500,MA
2017-08-02,124.1041259765625,130.61000061035156,130.61000061035156,129.17999267578125,129.74000549316406,3578600,MA
2017-08-03,123.41999053955078,129.88999938964844,130.57000732421875,129.24000549316406,130.39999389648438,2568100,MA
2017-08-04,123.35345458984375,129.82000732421875,130.25,129.44000244140625,130.22000122070312,2208100,MA
2017-08-07,123.88555908203125,130.3800048828125,130.5,129.5500030517578,129.99000549316406,1585600,MA
2017-08-08,123.37248229980469,129.83999633789062,130.30999755859375,129.3000030517578,130.1300048828125,2062800,MA
2017-08-09,123.25843048095703,129.72000122070312,130.02999877929688,128.77000427246094,129.08999633789062,1789900,MA
2017-08-10,121.310546875,127.66999816894531,129.41000366210938,127.58999633789062,129.1699981689453,2590400,MA
2017-08-11,122.14673614501953,128.5500030517578,129.4199981689453,127.86000061035156,128.16000366210938,2484300,MA
2017-08-14,124.56017303466797,131.08999633789062,131.2899932861328,129.0,129.22999572753906,2793300,MA
2017-08-15,125.02581787109375,131.5800018310547,131.99000549316406,130.9499969482422,131.4199981689453,2155600,MA
2017-08-16,125.77640533447266,132.3699951171875,132.6300048828125,131.80999755859375,132.1699981689453,2000700,MA
2017-08-17,124.36067199707031,130.8800048828125,132.5,130.82000732421875,132.16000366210938,2673000,MA
2017-08-18,124.6076889038086,131.13999938964844,131.97000122070312,130.36000061035156,130.55999755859375,3167300,MA
2017-08-21,125.36784362792969,131.94000244140625,132.08999633789062,131.1300048828125,131.35000610351562,1807600,MA
2017-08-22,127.13525390625,133.8000030517578,134.24000549316406,132.27999877929688,132.50999450683594,2180100,MA
2017-08-23,126.44160461425781,133.07000732421875,133.47999572753906,132.6699981689453,133.17999267578125,2006400,MA
2017-08-24,126.3370361328125,132.9600067138672,133.4600067138672,131.97999572753906,133.22999572753906,2046600,MA
2017-08-25,126.1374740600586,132.75,133.60000610351562,132.55999755859375,133.3000030517578,2215500,MA
2017-08-28,127.18270874023438,133.85000610351562,134.0,132.7100067138672,133.14999389648438,2154700,MA
2017-08-29,127.1732177734375,133.83999633789062,134.2100067138672,132.74000549316406,133.10000610351562,2122000,MA
2017-08-30,127.13525390625,133.8000030517578,134.24000549316406,133.47999572753906,133.92999267578125,3224500,MA
2017-08-31,126.6601333618164,133.3000030517578,134.5,133.27999877929688,134.1999969482422,4374700,MA
2017-09-01,126.60304260253906,133.24000549316406,133.89999389648438,133.13999938964844,133.83999633789062,2446600,MA
2017-09-05,126.05195617675781,132.66000366210938,132.92999267578125,131.67999267578125,132.83999633789062,2726500,MA
2017-09-06,126.27056884765625,132.88999938964844,133.66000366210938,132.58999633789062,132.99000549316406,3652100,MA
2017-09-07,129.72923278808594,136.52999877929688,138.63999938964844,135.64999389648438,136.0800018310547,7269000,MA
2017-09-08,130.3848419189453,137.22000122070312,137.74000549316406,136.05999755859375,136.22000122070312,4451300,MA
2017-09-11,134.91726684570312,141.99000549316406,141.99000549316406,139.17999267578125,139.36000061035156,5457600,MA
2017-09-12,135.3258056640625,142.4199981689453,143.52000427246094,141.80999755859375,142.66000366210938,3775000,MA
2017-09-13,133.1213836669922,140.10000610351562,142.1300048828125,139.5399932861328,142.02000427246094,3613800,MA
2017-09-14,134.42311096191406,141.47000122070312,141.8000030517578,139.3699951171875,139.5,4179400,MA
2017-09-15,134.52769470214844,141.5800018310547,142.69000244140625,139.80999755859375,142.32000732421875,6152500,MA
2017-09-18,134.3566436767578,141.39999389648438,141.69000244140625,140.50999450683594,141.66000366210938,2843500,MA
2017-09-19,135.392333984375,142.49000549316406,143.58999633789062,141.8699951171875,141.92999267578125,4179000,MA
2017-09-20,135.1548309326172,142.24000549316406,143.07000732421875,141.4199981689453,142.25,2749700,MA
2017-09-21,134.66067504882812,141.72000122070312,142.17999267578125,141.19000244140625,141.69000244140625,2835300,MA
2017-09-22,134.82229614257812,141.88999938964844,142.39999389648438,141.5,141.5,1860400,MA
2017-09-25,131.6676483154297,138.57000732421875,142.10000610351562,138.44000244140625,142.07000732421875,5541200,MA
2017-09-26,131.4775848388672,138.3699951171875,139.3800048828125,137.75,139.02000427246094,3162600,MA
2017-09-27,132.71282958984375,139.6699981689453,140.17999267578125,138.5500030517578,138.8000030517578,3716800,MA
2017-09-28,133.2163543701172,140.1999969482422,140.2100067138672,138.83999633789062,139.44000244140625,2732000,MA
2017-09-29,134.16659545898438,141.1999969482422,141.74000549316406,140.4199981689453,140.8300018310547,2603200,MA
2017-10-02,134.7557373046875,141.82000732421875,142.92999267578125,141.47000122070312,141.89999389648438,2300700,MA
2017-10-03,135.8959503173828,143.02000427246094,143.17999267578125,141.6999969482422,141.99000549316406,2514500,MA
2017-10-04,135.01226806640625,142.08999633789062,143.0,141.32000732421875,142.72999572753906,3245700,MA
2017-10-05,136.8014373779297,143.75,143.77999877929688,142.42999267578125,142.55999755859375,2723000,MA
2017-10-06,136.58253479003906,143.52000427246094,143.77999877929688,142.77000427246094,143.5,3067400,MA
2017-10-09,137.56272888183594,144.5500030517578,145.17999267578125,142.89999389648438,143.47999572753906,2557700,MA
2017-10-10,138.6095428466797,145.64999389648438,146.3699951171875,144.77999877929688,144.77999877929688,2593400,MA
2017-10-11,139.7515411376953,146.85000610351562,147.1199951171875,145.60000610351562,145.60000610351562,3341900,MA
2017-10-12,139.64686584472656,146.74000549316406,148.16000366210938,146.44000244140625,146.8300018310547,3226200,MA
2017-10-13,140.21780395507812,147.33999633789062,148.4499969482422,147.2899932861328,147.50999450683594,2337300,MA
2017-10-16,139.15203857421875,146.22000122070312,148.0399932861328,145.16000366210938,148.0399932861328,2590100,MA
2017-10-17,138.87600708007812,145.92999267578125,146.4600067138672,145.52999877929688,146.3300018310547,3002400,MA
2017-10-18,139.12344360351562,146.19000244140625,146.77000427246094,145.60000610351562,145.8300018310547,2525900,MA
2017-10-19,137.971923828125,144.97999572753906,146.1199951171875,144.66000366210938,145.38999938964844,4169900,MA
2017-10-20,138.35264587402344,145.3800048828125,145.72999572753906,144.57000732421875,145.6300048828125,3547300,MA
2017-10-23,138.5238800048828,145.55999755859375,146.5,145.3000030517578,146.0,2514500,MA
2017-10-24,138.75228881835938,145.8000030517578,146.49000549316406,145.35000610351562,146.19000244140625,2918400,MA
2017-10-25,139.17100524902344,146.24000549316406,146.97999572753906,145.2100067138672,146.5,3439700,MA
2017-10-26,139.50413513183594,146.58999633789062,147.3699951171875,146.35000610351562,147.0,2574900,MA
2017-10-27,141.34085083007812,148.52000427246094,148.52000427246094,146.05999755859375,146.8300018310547,3491900,MA
2017-10-30,141.75,148.9499969482422,151.47999572753906,148.5800018310547,151.3000030517578,6555700,MA
2017-10-31,141.5787353515625,148.77000427246094,152.0,146.14999389648438,150.6300048828125,7613700,MA
2017-11-01,141.69290161132812,148.88999938964844,151.49000549316406,148.77999877929688,149.9499969482422,4531700,MA
2017-11-02,141.08384704589844,148.25,149.2100067138672,147.47000122070312,148.3300018310547,3883600,MA
2017-11-03,142.07357788085938,149.2899932861328,149.36000061035156,147.7100067138672,148.41000366210938,2338700,MA
2017-11-06,142.83493041992188,150.08999633789062,150.4600067138672,148.9600067138672,149.2100067138672,3142900,MA
2017-11-07,142.720703125,149.97000122070312,150.47999572753906,148.9199981689453,150.30999755859375,2683400,MA
2017-11-08,142.720703125,149.97000122070312,150.24000549316406,148.1999969482422,149.47000122070312,3786800,MA
2017-11-09,142.07357788085938,149.2899932861328,149.8699951171875,147.58999633789062,149.27000427246094,2716400,MA
2017-11-10,142.31150817871094,149.5399932861328,149.75999450683594,148.7100067138672,149.0,1795900,MA
2017-11-13,142.4542694091797,149.69000244140625,150.1999969482422,148.74000549316406,148.75999450683594,1750500,MA
2017-11-14,142.70166015625,149.9499969482422,150.49000549316406,149.0500030517578,149.27999877929688,3062300,MA
2017-11-15,141.1599884033203,148.3300018310547,149.50999450683594,148.10000610351562,149.3699951171875,3058100,MA
2017-11-16,143.06333923339844,150.3300018310547,150.5399932861328,148.60000610351562,149.0,2715400,MA
2017-11-17,141.816650390625,149.02000427246094,149.52000427246094,148.27999877929688,149.3300018310547,3186400,MA
2017-11-20,142.33053588867188,149.55999755859375,150.2899932861328,149.22999572753906,149.36000061035156,2048700,MA
2017-11-21,145.13790893554688,152.50999450683594,152.6300048828125,149.92999267578125,149.97000122070312,3999000,MA
2017-11-22,143.93881225585938,151.25,152.5500030517578,150.9499969482422,152.41000366210938,2658600,MA
2017-11-24,145.3568572998047,152.74000549316406,153.0,151.1999969482422,151.39999389648438,1577500,MA
2017-11-27,145.57577514648438,152.97000122070312,153.94000244140625,152.72000122070312,153.07000732421875,3260200,MA
2017-11-28,146.7366943359375,154.19000244140625,154.64999389648438,153.36000061035156,153.50999450683594,3874500,MA
2017-11-29,141.1790008544922,148.35000610351562,154.47000122070312,145.27999877929688,154.35000610351562,7217000,MA
2017-11-30,143.19654846191406,150.47000122070312,151.1699981689453,148.2100067138672,149.32000732421875,6943700,MA
2017-12-01,142.4542694091797,149.69000244140625,150.99000549316406,147.35000610351562,150.39999389648438,3933000,MA
2017-12-04,136.49681091308594,143.42999267578125,150.58999633789062,143.3800048828125,149.9199981689453,7490100,MA
2017-12-05,138.1146697998047,145.1300048828125,146.32000732421875,140.61000061035156,143.6999969482422,6807100,MA
2017-12-06,140.2940216064453,147.4199981689453,148.07000732421875,144.6199951171875,145.07000732421875,3752000,MA
2017-12-07,142.22589111328125,149.4499969482422,150.41000366210938,147.50999450683594,147.50999450683594,3417900,MA
2017-12-08,142.64463806152344,149.88999938964844,150.44000244140625,149.1699981689453,150.4199981689453,2521500,MA
2017-12-11,143.58680725097656,150.8800048828125,151.25,150.10000610351562,150.22000122070312,3394800,MA
2017-12-12,145.12840270996094,152.5,153.72999572753906,150.61000061035156,150.8300018310547,3360300,MA
2017-12-13,144.35760498046875,151.69000244140625,153.44000244140625,151.66000366210938,152.5,3618700,MA
2017-12-14,144.58595275878906,151.92999267578125,153.5500030517578,151.77999877929688,151.9199981689453,3016700,MA
2017-12-15,145.98495483398438,153.39999389648438,153.6199951171875,150.86000061035156,152.64999389648438,5067300,MA
2017-12-18,145.7184600830078,153.1199951171875,154.64999389648438,153.05999755859375,154.13999938964844,3531500,MA
2017-12-19,144.3480682373047,151.67999267578125,153.16000366210938,151.42999267578125,152.9600067138672,2712700,MA
2017-12-20,144.12916564941406,151.4499969482422,152.72999572753906,151.0399932861328,152.50999450683594,1992500,MA
2017-12-21,143.253662109375,150.52999877929688,152.22999572753906,150.42999267578125,151.4499969482422,2789000,MA
2017-12-22,143.55812072753906,150.85000610351562,151.52000427246094,150.30999755859375,150.94000244140625,1892300,MA
2017-12-26,143.96739196777344,151.27999877929688,151.33999633789062,149.88999938964844,150.5800018310547,1200700,MA
2017-12-27,144.0816192626953,151.39999389648438,151.77999877929688,151.10000610351562,151.55999755859375,1730200,MA
2017-12-28,144.43368530273438,151.77000427246094,152.6199951171875,151.1999969482422,151.86000061035156,1570600,MA
2017-12-29,144.04354858398438,151.36000061035156,152.89999389648438,151.36000061035156,152.2100067138672,2258800,MA
2018-01-02,144.56689453125,151.91000366210938,153.41000366210938,151.1199951171875,152.00999450683594,3168900,MA
2018-01-03,146.38462829589844,153.82000732421875,153.97999572753906,152.16000366210938,152.2899932861328,3732400,MA
2018-01-04,148.27841186523438,155.80999755859375,157.39999389648438,154.32000732421875,154.5399932861328,3247200,MA
2018-01-05,151.352294921875,159.0399932861328,159.0399932861328,156.19000244140625,156.1999969482422,2747700,MA
2018-01-08,151.809814453125,159.27000427246094,160.47999572753906,158.0800018310547,158.5800018310547,3143100,MA
2018-01-09,152.0290985107422,159.5,160.11000061035156,158.5399932861328,159.64999389648438,2573900,MA
2018-01-10,152.37217712402344,159.86000061035156,159.97000122070312,157.57000732421875,159.22999572753906,2416900,MA
2018-01-11,153.38250732421875,160.9199981689453,161.1300048828125,159.44000244140625,160.10000610351562,2804000,MA
2018-01-12,154.72647094726562,162.3300018310547,162.52000427246094,160.25,161.5,3041000,MA
2018-01-16,154.6883544921875,162.2899932861328,163.94000244140625,161.30999755859375,163.63999938964844,4673400,MA
2018-01-17,156.623291015625,164.32000732421875,164.5,162.8800048828125,163.1199951171875,3136000,MA
2018-01-18,157.7289581298828,165.47999572753906,165.97999572753906,164.11000061035156,164.8300018310547,4150600,MA
2018-01-19,159.01568603515625,166.8300018310547,166.9499969482422,165.16000366210938,166.3000030517578,2947800,MA
2018-01-22,160.39784240722656,168.27999877929688,168.3300018310547,166.2899932861328,166.5800018310547,2275900,MA
2018-01-23,159.35888671875,167.19000244140625,168.9499969482422,166.64999389648438,168.5,3035300,MA
2018-01-24,159.18728637695312,167.00999450683594,168.10000610351562,165.9499969482422,167.94000244140625,3912400,MA
2018-01-25,160.69329833984375,168.58999633789062,168.92999267578125,167.1300048828125,168.00999450683594,2088900,MA
2018-01-26,162.3612518310547,170.33999633789062,170.36000061035156,168.7899932861328,169.00999450683594,2191600,MA
2018-01-29,160.65513610839844,168.5500030517578,170.80999755859375,168.2899932861328,170.1199951171875,3082800,MA
2018-01-30,159.35888671875,167.19000244140625,168.0,166.3000030517578,167.41000366210938,4227100,MA
2018-01-31,161.08404541015625,169.0,169.6699981689453,167.02000427246094,167.50999450683594,5815300,MA
2018-02-01,164.82998657226562,172.92999267578125,176.72000122070312,171.0,172.50999450683594,6848400,MA
2018-02-02,162.5614776611328,170.5500030517578,177.11000061035156,170.4199981689453,171.89999389648438,6556500,MA
2018-02-05,156.880615234375,164.58999633789062,171.9600067138672,164.00999450683594,167.3699951171875,7196000,MA
2018-02-06,161.35098266601562,169.27999877929688,169.36000061035156,156.8000030517578,160.5,7259900,MA
2018-02-07,160.8267059326172,168.72999572753906,172.61000061035156,167.4499969482422,169.0,4364800,MA
2018-02-08,153.09661865234375,160.6199951171875,169.24000549316406,160.4600067138672,168.77000427246094,6557700,MA
2018-02-09,157.46205139160156,165.1999969482422,166.49000549316406,158.57000732421875,161.6699981689453,6303000,MA
2018-02-12,160.31204223632812,168.19000244140625,168.82000732421875,165.5800018310547,166.8000030517578,5227400,MA
2018-02-13,162.151611328125,170.1199951171875,170.77000427246094,167.00999450683594,167.3300018310547,3471000,MA
2018-02-14,164.43917846679688,172.52000427246094,172.66000366210938,169.0,169.36000061035156,4203700,MA
2018-02-15,166.507568359375,174.69000244140625,174.6999969482422,171.36000061035156,173.9499969482422,3915000,MA
2018-02-16,167.42257690429688,175.64999389648438,176.6699981689453,174.13999938964844,174.35000610351562,4213100,MA
2018-02-20,167.1366424560547,175.35000610351562,176.42999267578125,174.0399932861328,174.8800048828125,3750100,MA
2018-02-21,164.24855041503906,172.32000732421875,176.35000610351562,172.27999877929688,175.35000610351562,5999500,MA
2018-02-22,164.8490447998047,172.9499969482422,173.8300018310547,170.8000030517578,173.33999633789062,5605800,MA
2018-02-23,167.52740478515625,175.75999450683594,175.77999877929688,172.49000549316406,173.89999389648438,3093800,MA
2018-02-26,169.53857421875,177.8699951171875,178.13999938964844,176.05999755859375,176.5,4088100,MA
2018-02-27,167.689453125,175.92999267578125,179.1699981689453,175.92999267578125,177.72000122070312,3815900,MA
2018-02-28,167.52740478515625,175.75999450683594,178.97000122070312,175.75,176.2899932861328,4145700,MA
2018-03-01,165.36375427246094,173.49000549316406,177.35000610351562,172.14999389648438,176.35000610351562,4658500,MA
2018-03-02,166.82212829589844,175.02000427246094,175.3300018310547,169.27000427246094,171.55999755859375,4190100,MA
2018-03-05,170.16769409179688,178.52999877929688,179.27000427246094,172.91000366210938,174.1300048828125,4826500,MA
2018-03-06,169.21449279785156,177.52999877929688,180.08999633789062,176.9499969482422,179.17999267578125,3820900,MA
2018-03-07,170.8157958984375,179.2100067138672,179.7100067138672,175.5500030517578,175.75999450683594,2766100,MA
2018-03-08,170.85397338867188,179.25,179.88999938964844,177.55999755859375,179.35000610351562,2235300,MA
2018-03-09,174.65711975097656,183.24000549316406,183.3300018310547,179.97000122070312,180.25,4168900,MA
2018-03-12,173.98988342285156,182.5399932861328,183.52000427246094,181.6999969482422,182.8300018310547,3589000,MA
2018-03-13,172.53152465820312,181.00999450683594,183.72999572753906,180.14999389648438,183.47000122070312,3286600,MA
2018-03-14,171.68319702148438,180.1199951171875,182.0,179.6199951171875,181.99000549316406,2820700,MA
2018-03-15,172.474365234375,180.9499969482422,182.1699981689453,180.02000427246094,180.57000732421875,2258200,MA
2018-03-16,173.99942016601562,182.5500030517578,183.1699981689453,181.00999450683594,181.00999450683594,4605000,MA
2018-03-19,172.1216583251953,180.5800018310547,182.3000030517578,179.11000061035156,181.7899932861328,3770000,MA
2018-03-20,173.96121215820312,182.50999450683594,183.25,181.22000122070312,181.30999755859375,2859300,MA
2018-03-21,172.28369140625,180.75,183.5,180.74000549316406,182.9600067138672,3238400,MA
2018-03-22,167.29867553710938,175.52000427246094,180.25999450683594,175.11000061035156,179.1999969482422,4387300,MA
2018-03-23,163.78150939941406,171.8300018310547,176.8699951171875,171.66000366210938,176.17999267578125,4324100,MA
2018-03-26,168.8713836669922,177.1699981689453,177.47000122070312,173.05999755859375,175.3300018310547,5470100,MA
2018-03-27,164.43917846679688,172.52000427246094,178.5,170.97000122070312,178.36000061035156,5069100,MA
2018-03-28,162.3708038330078,170.35000610351562,172.92999267578125,168.5500030517578,172.25,5166600,MA
2018-03-29,166.95553588867188,175.16000366210938,176.66000366210938,170.82000732421875,171.72000122070312,3719200,MA
2018-04-02,163.56231689453125,171.60000610351562,175.77000427246094,169.0399932861328,174.63999938964844,4222400,MA
2018-04-03,164.39154052734375,172.47000122070312,172.88999938964844,169.80999755859375,172.36000061035156,3612600,MA
2018-04-04,165.55441284179688,173.69000244140625,174.00999450683594,167.94000244140625,169.17999267578125,4628300,MA
2018-04-05,167.5655517578125,175.8000030517578,177.44000244140625,174.5399932861328,175.1300048828125,3434100,MA
2018-04-06,161.9816436767578,169.6999969482422,175.14999389648438,168.9600067138672,173.3699951171875,5005500,MA
2018-04-09,162.5924835205078,170.33999633789062,174.08999633789062,170.13999938964844,171.27000427246094,3910700,MA
2018-04-10,166.77330017089844,174.72000122070312,175.4499969482422,172.02000427246094,173.13999938964844,3149900,MA
2018-04-11,164.5206298828125,172.36000061035156,175.60000610351562,172.1199951171875,173.6999969482422,2783000,MA
2018-04-12,166.84970092773438,174.8000030517578,176.47999572753906,173.16000366210938,173.3300018310547,3065600,MA
2018-04-13,166.3438262939453,174.27000427246094,176.10000610351562,172.6999969482422,176.0,3059600,MA
2018-04-16,165.96197509765625,173.8699951171875,176.10000610351562,172.97000122070312,175.6199951171875,4668200,MA
2018-04-17,170.22866821289062,178.33999633789062,179.19000244140625,174.6699981689453,175.77000427246094,4210200,MA
2018-04-18,171.29771423339844,179.4600067138672,179.8000030517578,177.07000732421875,178.5,3150600,MA
2018-04-19,170.8681640625,179.00999450683594,179.57000732421875,178.25999450683594,179.0800018310547,3560400,MA
2018-04-20,169.0259552001953,177.0800018310547,179.49000549316406,176.5,178.52999877929688,4233000,MA
2018-04-23,167.4510040283203,175.42999267578125,178.35000610351562,174.6999969482422,178.16000366210938,4355000,MA
2018-04-24,165.3605499267578,173.24000549316406,177.5500030517578,171.19000244140625,176.67999267578125,5369000,MA
2018-04-25,164.62564086914062,172.47000122070312,173.8699951171875,170.64999389648438,173.3699951171875,3396200,MA
2018-04-26,170.05685424804688,178.16000366210938,179.6300048828125,174.22000122070312,174.52000427246094,4784400,MA
2018-04-27,167.93780517578125,175.94000244140625,179.0,175.17999267578125,178.5399932861328,3781000,MA
2018-04-30,170.161865234375,178.27000427246094,180.0,177.10000610351562,177.49000549316406,4323900,MA
2018-05-01,172.05177307128906,180.25,180.36000061035156,176.91000366210938,178.27000427246094,4828300,MA
2018-05-02,177.3684539794922,185.82000732421875,188.25,183.1199951171875,186.1999969482422,10133100,MA
2018-05-03,177.9984588623047,186.47999572753906,187.88999938964844,183.94000244140625,184.60000610351562,5785700,MA
2018-05-04,179.6116180419922,188.1699981689453,188.7899932861328,185.11000061035156,185.7899932861328,3593600,MA
2018-05-07,180.49932861328125,189.10000610351562,189.52000427246094,187.6300048828125,188.3000030517578,4077300,MA
2018-05-08,181.86424255371094,190.52999877929688,190.66000366210938,188.02000427246094,188.88999938964844,3396400,MA
2018-05-09,181.95968627929688,190.6300048828125,191.67999267578125,189.0,190.50999450683594,2933900,MA
2018-05-10,184.26962280273438,193.0500030517578,193.72000122070312,190.94000244140625,191.0399932861328,2821200,MA
2018-05-11,184.55596923828125,193.35000610351562,194.08999633789062,192.0399932861328,193.0,3301700,MA
2018-05-14,183.38192749023438,192.1199951171875,194.72000122070312,191.58999633789062,193.5,2877200,MA
2018-05-15,183.2673797607422,192.0,192.1999969482422,190.14999389648438,191.00999450683594,2747500,MA
2018-05-16,183.630126953125,192.3800048828125,192.91000366210938,191.44000244140625,192.69000244140625,2109300,MA
2018-05-17,182.50372314453125,191.1999969482422,192.44000244140625,190.58999633789062,192.0500030517578,2378300,MA
2018-05-18,181.74014282226562,190.39999389648438,192.08999633789062,190.38999938964844,191.6199951171875,4208500,MA
2018-05-21,182.50372314453125,191.1999969482422,192.8300018310547,190.00999450683594,191.5,2632600,MA
2018-05-22,182.90464782714844,191.6199951171875,192.63999938964844,190.83999633789062,191.17999267578125,2620200,MA
2018-05-23,184.21237182617188,192.99000549316406,193.0,190.3000030517578,190.74000549316406,2529900,MA
2018-05-24,183.1814727783203,191.91000366210938,193.39999389648438,190.0,192.91000366210938,2912900,MA
2018-05-25,182.47511291503906,191.1699981689453,191.88999938964844,189.72000122070312,191.75,2459600,MA
2018-05-29,180.90969848632812,189.52999877929688,190.49000549316406,186.60000610351562,190.25,4545000,MA
2018-05-30,183.038330078125,191.75999450683594,191.92999267578125,189.89999389648438,190.42999267578125,2764200,MA
2018-05-31,181.47283935546875,190.1199951171875,192.44000244140625,189.82000732421875,191.88999938964844,4641400,MA
2018-06-01,186.48411560058594,195.3699951171875,195.3699951171875,191.89999389648438,192.02999877929688,4194900,MA
2018-06-04,188.73672485351562,197.72999572753906,198.11000061035156,195.22999572753906,195.94000244140625,3917200,MA
2018-06-05,190.29258728027344,199.36000061035156,199.7100067138672,197.8300018310547,198.11000061035156,2655500,MA
2018-06-06,193.96751403808594,203.2100067138672,203.2899932861328,199.77000427246094,199.86000061035156,3233100,MA
2018-06-07,190.46444702148438,199.5399932861328,204.0,198.3000030517578,203.3800048828125,4084100,MA
2018-06-08,190.9417266845703,200.0399932861328,200.52999877929688,199.0,199.1999969482422,2296700,MA
2018-06-11,189.4622039794922,198.49000549316406,201.0,198.25999450683594,200.61000061035156,2616900,MA
2018-06-12,191.02760314941406,200.1300048828125,200.14999389648438,198.19000244140625,199.1199951171875,2660500,MA
2018-06-13,190.34030151367188,199.41000366210938,201.6199951171875,199.2100067138672,200.6300048828125,2686100,MA
2018-06-14,190.244873046875,199.30999755859375,201.38999938964844,199.0500030517578,200.6699981689453,2846900,MA
2018-06-15,190.45492553710938,199.52999877929688,199.6699981689453,197.57000732421875,198.5500030517578,4162100,MA
2018-06-18,191.9821319580078,201.1300048828125,201.4499969482422,197.41000366210938,197.63999938964844,2081300,MA
2018-06-19,190.60760498046875,199.69000244140625,199.92999267578125,197.27000427246094,198.4600067138672,2666200,MA
2018-06-20,192.3734588623047,201.5399932861328,203.4600067138672,200.25,200.5,3898600,MA
2018-06-21,191.64801025390625,200.77999877929688,203.67999267578125,199.97999572753906,202.41000366210938,2678200,MA
2018-06-22,192.3162384033203,201.47999572753906,201.8699951171875,199.61000061035156,201.57000732421875,2993600,MA
2018-06-25,186.11187744140625,194.97999572753906,200.44000244140625,193.7100067138672,200.38999938964844,4780600,MA
2018-06-26,187.52450561523438,196.4600067138672,198.66000366210938,195.75999450683594,196.17999267578125,4271200,MA
2018-06-27,184.39373779296875,193.17999267578125,198.1999969482422,193.16000366210938,197.4600067138672,3233000,MA
2018-06-28,188.1354217529297,197.10000610351562,197.75,193.2100067138672,193.4600067138672,2621100,MA
2018-06-29,187.581787109375,196.52000427246094,198.30999755859375,196.17999267578125,198.1999969482422,3006900,MA
2018-07-02,188.67947387695312,197.6699981689453,197.97000122070312,194.75,195.74000549316406,3018300,MA
2018-07-03,187.36227416992188,196.2899932861328,198.5800018310547,196.13999938964844,198.3300018310547,1567400,MA
2018-07-05,189.82493591308594,198.8699951171875,198.9600067138672,197.14999389648438,198.0,3101900,MA
2018-07-06,190.68507385253906,199.52000427246094,200.25999450683594,197.47999572753906,198.11000061035156,2050300,MA
2018-07-09,192.0326385498047,200.92999267578125,201.58999633789062,199.25,200.8000030517578,2377300,MA
2018-07-10,192.5964813232422,201.52000427246094,202.75,200.1199951171875,201.33999633789062,2265100,MA
2018-07-11,194.81373596191406,203.83999633789062,204.14999389648438,200.25,200.47000122070312,2827900,MA
2018-07-12,198.5792999267578,207.77999877929688,209.19000244140625,204.75,205.0,3970800,MA
2018-07-13,196.7921600341797,205.91000366210938,207.52999877929688,203.44000244140625,207.10000610351562,2590800,MA
2018-07-16,195.04315185546875,204.0800018310547,206.0,203.75999450683594,205.6199951171875,2955000,MA
2018-07-17,197.23175048828125,206.3699951171875,206.6999969482422,201.6300048828125,203.0,2919000,MA
2018-07-18,199.1336212158203,208.36000061035156,208.3800048828125,205.3800048828125,206.64999389648438,3595400,MA
2018-07-19,196.93545532226562,206.05999755859375,208.7100067138672,205.75999450683594,208.36000061035156,2264600,MA
2018-07-20,197.55665588378906,206.7100067138672,207.35000610351562,206.17999267578125,206.19000244140625,2801000,MA
2018-07-23,198.63662719726562,207.83999633789062,207.9600067138672,205.64999389648438,206.6999969482422,2717900,MA
2018-07-24,200.2996063232422,209.5800018310547,210.39999389648438,208.30999755859375,208.74000549316406,3509100,MA
2018-07-25,204.6768035888672,214.16000366210938,214.27999877929688,209.64999389648438,210.0,4967900,MA
2018-07-26,198.1874542236328,207.3699951171875,211.8000030517578,204.55999755859375,210.14999389648438,7279900,MA
2018-07-27,193.95359802246094,202.94000244140625,211.75,201.22000122070312,211.69000244140625,4913000,MA
2018-07-30,189.10813903808594,197.8699951171875,203.3300018310547,196.1999969482422,202.9499969482422,5939300,MA
2018-07-31,189.2323760986328,198.0,200.6199951171875,196.22999572753906,199.02000427246094,4416600,MA
2018-08-01,192.2906494140625,201.1999969482422,201.36000061035156,198.35000610351562,199.27000427246094,4614200,MA
2018-08-02,193.0648193359375,202.00999450683594,202.19000244140625,197.8699951171875,199.08999633789062,3615000,MA
2018-08-03,192.2906494140625,201.1999969482422,202.42999267578125,198.27999877929688,202.00999450683594,2722800,MA
2018-08-06,192.61561584472656,201.5399932861328,202.4600067138672,200.50999450683594,201.0,3061300,MA
2018-08-07,193.64779663085938,202.6199951171875,203.14999389648438,201.9600067138672,202.5,2422200,MA
2018-08-08,193.87716674804688,202.86000061035156,203.5800018310547,202.0800018310547,202.4199981689453,2697900,MA
2018-08-09,194.58436584472656,203.60000610351562,204.66000366210938,202.64999389648438,203.19000244140625,2444900,MA
2018-08-10,193.6764373779297,202.64999389648438,203.91000366210938,202.16000366210938,202.97000122070312,2567000,MA
2018-08-13,193.35147094726562,202.30999755859375,204.33999633789062,201.88999938964844,202.64999389648438,2014000,MA
2018-08-14,194.8520050048828,203.8800048828125,204.0500030517578,201.38999938964844,202.80999755859375,2076600,MA
2018-08-15,191.3731689453125,200.24000549316406,203.0500030517578,199.5,202.64999389648438,2955700,MA
2018-08-16,194.58436584472656,203.60000610351562,204.22999572753906,200.82000732421875,201.94000244140625,2894000,MA
2018-08-17,194.21165466308594,203.2100067138672,204.60000610351562,202.00999450683594,203.86000061035156,2308900,MA
2018-08-20,195.68344116210938,204.75,204.97999572753906,202.36000061035156,203.47000122070312,2469300,MA
2018-08-21,194.0969696044922,203.08999633789062,205.92999267578125,202.6300048828125,205.0,1979600,MA
2018-08-22,195.26292419433594,204.30999755859375,205.22000122070312,202.25,202.5,1905300,MA
2018-08-23,196.13265991210938,205.22000122070312,205.9600067138672,204.17999267578125,204.49000549316406,2247600,MA
2018-08-24,200.12757873535156,209.39999389648438,209.5,205.57000732421875,206.0,2722600,MA
2018-08-27,202.16326904296875,211.52999877929688,211.75,210.17999267578125,210.17999267578125,2550200,MA
2018-08-28,203.21450805664062,212.6300048828125,213.02999877929688,210.94000244140625,211.6999969482422,2240200,MA
2018-08-29,205.06858825683594,214.57000732421875,215.86000061035156,212.4499969482422,212.5,3172100,MA
2018-08-30,204.3327178955078,213.8000030517578,215.27999877929688,212.8300018310547,214.25,3083000,MA
2018-08-31,206.0147705078125,215.55999755859375,215.8000030517578,213.5,213.5800018310547,3020000,MA
2018-09-04,207.21902465820312,216.82000732421875,217.35000610351562,214.67999267578125,215.67999267578125,3776500,MA
2018-09-05,201.80960083007812,211.16000366210938,215.77000427246094,210.30999755859375,215.75999450683594,3869500,MA
2018-09-06,203.34835815429688,212.77000427246094,213.27000427246094,210.47000122070312,211.44000244140625,3032800,MA
2018-09-07,201.7427215576172,211.08999633789062,213.24000549316406,209.6999969482422,211.02000427246094,3298500,MA
2018-09-10,202.29705810546875,211.6699981689453,213.47999572753906,211.3800048828125,212.66000366210938,3326300,MA
2018-09-11,203.99818420410156,213.4499969482422,213.55999755859375,210.10000610351562,210.52000427246094,2728500,MA
2018-09-12,204.5525360107422,214.02999877929688,214.4600067138672,211.86000061035156,213.0500030517578,2291300,MA
2018-09-13,207.60128784179688,217.22000122070312,218.69000244140625,214.3699951171875,214.77000427246094,3898000,MA
2018-09-14,208.3084716796875,217.9600067138672,218.82000732421875,216.4199981689453,218.0,2638000,MA
2018-09-17,206.88450622558594,216.47000122070312,219.97999572753906,216.11000061035156,219.97000122070312,2500900,MA
2018-09-18,210.30599975585938,220.0500030517578,220.9600067138672,217.3000030517578,217.4600067138672,2851000,MA
2018-09-19,208.52835083007812,218.19000244140625,221.41000366210938,217.16000366210938,220.6300048828125,2883000,MA
2018-09-20,211.58665466308594,221.38999938964844,221.9199981689453,218.89999389648438,219.97999572753906,3108500,MA
2018-09-21,212.0740203857422,221.89999389648438,223.3699951171875,220.88999938964844,222.13999938964844,7177800,MA
2018-09-24,211.5483856201172,221.35000610351562,222.13999938964844,218.2100067138672,220.41000366210938,2520000,MA
2018-09-25,212.28431701660156,222.1199951171875,223.0399932861328,221.22000122070312,221.9199981689453,2181300,MA
2018-09-26,212.4180908203125,222.25999450683594,224.36000061035156,221.6999969482422,222.6199951171875,2963600,MA
2018-09-27,212.46588134765625,222.30999755859375,223.61000061035156,222.05999755859375,222.69000244140625,2645200,MA
2018-09-28,212.75262451171875,222.61000061035156,223.69000244140625,221.0500030517578,222.1300048828125,2955000,MA
2018-10-01,213.86122131347656,223.77000427246094,225.35000610351562,223.08999633789062,224.83999633789062,2955500,MA
2018-10-02,212.52322387695312,222.3699951171875,223.72999572753906,221.00999450683594,223.5,3060700,MA
2018-10-03,213.24961853027344,223.1300048828125,224.3300018310547,222.5500030517578,223.77999877929688,2662400,MA
2018-10-04,206.57867431640625,216.14999389648438,222.14999389648438,214.58999633789062,222.07000732421875,5664900,MA
2018-10-05,204.05267333984375,213.25999450683594,217.19000244140625,211.85000610351562,216.4499969482422,4268300,MA
2018-10-08,199.2685089111328,208.25999450683594,211.8000030517578,203.25,211.6999969482422,5611000,MA
2018-10-09,200.70370483398438,209.75999450683594,210.99000549316406,206.69000244140625,208.05999755859375,5659400,MA
2018-10-10,188.19802856445312,196.69000244140625,209.3300018310547,196.00999450683594,209.3300018310547,8455000,MA
2018-10-11,186.11219787597656,194.50999450683594,199.72999572753906,192.91000366210938,194.64999389648438,9185200,MA
2018-10-12,195.40293884277344,204.22000122070312,204.83999633789062,199.5399932861328,200.57000732421875,6160300,MA
2018-10-15,191.6713409423828,200.32000732421875,203.8000030517578,199.52999877929688,203.72000122070312,3969200,MA
2018-10-16,198.8092498779297,207.77999877929688,208.1199951171875,202.52999877929688,202.67999267578125,4694900,MA
2018-10-17,198.42654418945312,207.3800048828125,208.0,204.69000244140625,207.6300048828125,4431200,MA
2018-10-18,194.82884216308594,203.6199951171875,207.22000122070312,202.25999450683594,206.97000122070312,6264500,MA
2018-10-19,194.29302978515625,203.05999755859375,207.44000244140625,203.0,203.8699951171875,4832500,MA
2018-10-22,195.67083740234375,204.5,206.25999450683594,201.8800048828125,203.72000122070312,4045100,MA
2018-10-23,193.69024658203125,202.42999267578125,203.72999572753906,196.60000610351562,199.49000549316406,5076800,MA
2018-10-24,187.2412109375,195.69000244140625,203.47000122070312,195.3800048828125,202.63999938964844,4415900,MA
2018-10-25,195.38381958007812,204.1999969482422,205.10000610351562,195.7100067138672,197.0,4940700,MA
2018-10-26,188.96348571777344,197.49000549316406,202.41000366210938,195.72999572753906,199.1999969482422,6523600,MA
2018-10-29,182.79196166992188,191.0399932861328,202.33999633789062,187.6300048828125,200.35000610351562,6623800,MA
2018-10-30,179.62484741210938,187.72999572753906,193.6300048828125,183.75,192.5800018310547,9239200,MA
2018-10-31,189.13571166992188,197.6699981689453,199.9600067138672,193.25,193.25,7683500,MA
2018-11-01,191.08763122558594,199.7100067138672,200.0,195.00999450683594,198.88999938964844,4439000,MA
2018-11-02,189.1835479736328,197.72000122070312,200.99000549316406,195.25,198.9199981689453,4261500,MA
2018-11-05,189.43228149414062,197.97999572753906,199.1300048828125,194.2899932861328,198.1999969482422,3110800,MA
2018-11-06,190.5518035888672,199.14999389648438,200.6699981689453,197.52999877929688,198.5,2916000,MA
2018-11-07,199.24940490722656,208.24000549316406,208.3800048828125,201.74000549316406,202.19000244140625,4922800,MA
2018-11-08,199.8426513671875,208.86000061035156,208.86000061035156,206.0,207.36000061035156,3922200,MA
2018-11-09,196.7425079345703,205.6199951171875,207.97999572753906,203.4199981689453,207.3800048828125,3229700,MA
2018-11-12,190.5422821044922,199.13999938964844,205.25,198.72999572753906,204.6199951171875,3507300,MA
2018-11-13,189.61412048339844,198.1699981689453,202.25,197.5500030517578,199.77999877929688,2852000,MA
2018-11-14,189.0496063232422,197.5800018310547,202.22999572753906,195.61000061035156,200.55999755859375,3218600,MA
2018-11-15,192.04444885253906,200.7100067138672,201.14999389648438,194.3300018310547,197.02000427246094,3424600,MA
2018-11-16,190.44654846191406,199.0399932861328,200.91000366210938,197.4499969482422,199.0,2939500,MA
2018-11-19,181.1079559326172,189.27999877929688,199.39999389648438,188.5500030517578,199.0399932861328,4488100,MA
2018-11-20,178.9838104248047,187.05999755859375,188.8000030517578,177.39999389648438,181.97999572753906,7892900,MA
2018-11-21,179.55789184570312,187.66000366210938,190.08999633789062,186.24000549316406,188.5399932861328,3950200,MA
2018-11-23,174.7163848876953,182.60000610351562,186.22999572753906,182.25999450683594,184.8800048828125,2601000,MA
2018-11-26,183.5670166015625,191.85000610351562,192.22999572753906,183.67999267578125,185.5800018310547,6917200,MA
2018-11-27,184.64820861816406,192.97999572753906,193.0399932861328,189.4499969482422,190.75,3976300,MA
2018-11-28,193.54673767089844,202.27999877929688,202.47000122070312,193.27000427246094,195.0,6203000,MA
2018-11-29,188.16932678222656,196.66000366210938,202.0500030517578,196.30999755859375,202.0500030517578,5447700,MA
2018-11-30,192.388916015625,201.07000732421875,201.6699981689453,195.8000030517578,196.58999633789062,7944700,MA
2018-12-03,200.79945373535156,209.86000061035156,209.91000366210938,205.94000244140625,206.00999450683594,6599900,MA
2018-12-04,191.83396911621094,200.49000549316406,209.52000427246094,199.6199951171875,207.38999938964844,6628600,MA
2018-12-06,194.2260284423828,202.99000549316406,203.3699951171875,194.22000122070312,194.8000030517578,6558900,MA
2018-12-07,188.01625061035156,196.5,206.52000427246094,194.89999389648438,203.77999877929688,4968100,MA
2018-12-10,189.5088653564453,198.05999755859375,198.72000122070312,193.0,194.64999389648438,4101000,MA
2018-12-11,189.2026824951172,197.74000549316406,201.39999389648438,196.05999755859375,201.0800018310547,3582400,MA
2018-12-12,191.6426239013672,200.2899932861328,205.9600067138672,200.25999450683594,200.4600067138672,5160100,MA
2018-12-13,190.3700408935547,198.9600067138672,202.1999969482422,195.30999755859375,200.8000030517578,5246200,MA
2018-12-14,186.89675903320312,195.3300018310547,197.24000549316406,193.19000244140625,196.60000610351562,3801700,MA
2018-12-17,182.22744750976562,190.4499969482422,193.5399932861328,188.77000427246094,193.5,5459900,MA
2018-12-18,183.33738708496094,191.61000061035156,194.35000610351562,190.10000610351562,192.05999755859375,4345200,MA
2018-12-19,179.0411834716797,187.1199951171875,194.35000610351562,184.75999450683594,190.92999267578125,6100600,MA
2018-12-20,174.82154846191406,182.7100067138672,188.33999633789062,180.22999572753906,185.60000610351562,6562600,MA
2018-12-21,167.6262969970703,175.19000244140625,185.27000427246094,175.0,181.1999969482422,8374300,MA
2018-12-24,167.10958862304688,174.64999389648438,177.97999572753906,171.88999938964844,173.14999389648438,4351900,MA
2018-12-26,178.38099670410156,186.42999267578125,186.5,176.0,176.0,5261400,MA
2018-12-27,180.54344177246094,188.69000244140625,188.6999969482422,180.16000366210938,183.97999572753906,4695200,MA
2018-12-28,178.12266540527344,186.16000366210938,190.10000610351562,184.17999267578125,189.7100067138672,4830300,MA
2018-12-31,180.50515747070312,188.64999389648438,189.0,186.36000061035156,186.9199981689453,3658500,MA
2019-01-02,181.54808044433594,189.74000549316406,190.82000732421875,185.30999755859375,185.8300018310547,4294000,MA
2019-01-03,173.35760498046875,181.17999267578125,187.50999450683594,180.97999572753906,187.5,5070900,MA
2019-01-04,181.5672607421875,189.75999450683594,191.25,184.44000244140625,184.85000610351562,4452900,MA
2019-01-07,182.9642333984375,191.22000122070312,193.02000427246094,189.7100067138672,190.6300048828125,4219200,MA
2019-01-08,184.2964630126953,192.27999877929688,192.49000549316406,188.5,189.89999389648438,5069700,MA
2019-01-09,187.6416015625,195.77000427246094,196.5500030517578,193.27999877929688,194.3000030517578,5471500,MA
2019-01-10,188.77259826660156,196.9499969482422,197.24000549316406,191.32000732421875,193.02999877929688,3693600,MA
2019-01-11,187.7661895751953,195.89999389648438,196.6999969482422,194.7100067138672,196.07000732421875,2500100,MA
2019-01-14,187.31565856933594,195.42999267578125,197.0,194.0,194.3800048828125,3336500,MA
2019-01-15,188.36044311523438,196.52000427246094,197.35000610351562,193.10000610351562,195.22000122070312,3783000,MA
2019-01-16,189.55856323242188,197.77000427246094,198.41000366210938,196.5,197.50999450683594,3546300,MA
2019-01-17,191.03460693359375,199.30999755859375,200.39999389648438,197.10000610351562,197.4499969482422,2764100,MA
2019-01-18,193.6128692626953,202.0,202.52999877929688,200.02000427246094,201.17999267578125,4866600,MA
2019-01-22,191.1783447265625,199.4600067138672,201.0,197.64999389648438,199.7899932861328,4457700,MA
2019-01-23,190.11447143554688,198.35000610351562,201.05999755859375,196.60000610351562,201.0500030517578,3086100,MA
2019-01-24,191.49465942382812,199.7899932861328,200.1999969482422,197.92999267578125,198.4199981689453,2792000,MA
2019-01-25,194.51388549804688,202.94000244140625,203.88999938964844,199.7899932861328,202.19000244140625,4677500,MA
2019-01-28,191.84933471679688,200.16000366210938,200.97999572753906,198.05999755859375,200.74000549316406,3277200,MA
2019-01-29,190.967529296875,199.24000549316406,200.6699981689453,197.66000366210938,200.19000244140625,3661900,MA
2019-01-30,195.54905700683594,204.02000427246094,204.8300018310547,199.89999389648438,200.4199981689453,4079500,MA
2019-01-31,202.36380004882812,211.1300048828125,212.97000122070312,208.0,209.8000030517578,11316200,MA
2019-02-01,204.89418029785156,213.77000427246094,214.63999938964844,211.1999969482422,211.99000549316406,6470100,MA
2019-02-04,205.98684692382812,214.91000366210938,214.9499969482422,213.1999969482422,214.35000610351562,4397500,MA
2019-02-05,206.89747619628906,215.86000061035156,216.6999969482422,214.9499969482422,215.0,3091500,MA
2019-02-06,206.36065673828125,215.3000030517578,215.89999389648438,213.67999267578125,215.25,2698000,MA
2019-02-07,205.0859375,213.97000122070312,214.4499969482422,211.60000610351562,213.4600067138672,2742900,MA
2019-02-08,207.58755493164062,216.5800018310547,216.6300048828125,212.0,212.0,3248400,MA
2019-02-11,208.08599853515625,217.10000610351562,218.64999389648438,216.33999633789062,216.99000549316406,2974400,MA
2019-02-12,209.82078552246094,218.91000366210938,219.49000549316406,217.63999938964844,218.55999755859375,3411400,MA
2019-02-13,211.3831024169922,220.5399932861328,221.27999877929688,219.44000244140625,219.7899932861328,2996600,MA
2019-02-14,210.68348693847656,219.80999755859375,220.97999572753906,218.6199951171875,219.50999450683594,2875600,MA
2019-02-15,212.887939453125,222.11000061035156,222.35000610351562,220.47999572753906,222.19000244140625,2758500,MA
2019-02-19,211.43104553222656,220.58999633789062,221.9600067138672,220.36000061035156,221.42999267578125,2836700,MA
2019-02-20,211.9294891357422,221.11000061035156,221.8300018310547,219.39999389648438,221.22000122070312,3103600,MA
2019-02-21,210.20419311523438,219.30999755859375,221.02999877929688,218.6199951171875,220.2100067138672,3528800,MA
2019-02-22,214.04771423339844,223.32000732421875,223.6300048828125,219.6999969482422,220.0,3295300,MA
2019-02-25,214.04771423339844,223.32000732421875,225.39999389648438,223.0,225.0,3359200,MA
2019-02-26,214.69949340820312,224.0,225.17999267578125,222.0500030517578,222.16000366210938,2852300,MA
2019-02-27,215.24578857421875,224.57000732421875,224.61000061035156,221.74000549316406,223.0399932861328,2119500,MA
2019-02-28,215.43748474121094,224.77000427246094,225.60000610351562,223.66000366210938,224.08999633789062,3240400,MA
2019-03-01,217.81446838378906,227.25,228.14999389648438,225.36000061035156,226.8800048828125,3001400,MA
2019-03-04,216.89434814453125,226.2899932861328,228.5,223.6699981689453,227.30999755859375,2977700,MA
2019-03-05,216.82730102539062,226.22000122070312,226.9199981689453,225.2899932861328,226.22999572753906,2779100,MA
2019-03-06,215.14993286132812,224.47000122070312,226.50999450683594,223.9499969482422,225.85000610351562,2849300,MA
2019-03-07,213.17547607421875,222.41000366210938,224.44000244140625,220.74000549316406,223.6199951171875,3879600,MA
2019-03-08,212.6578826904297,221.8699951171875,222.19000244140625,215.92999267578125,218.3800048828125,2691800,MA
2019-03-11,216.27137756347656,225.63999938964844,226.1300048828125,222.83999633789062,222.94000244140625,2670100,MA
2019-03-12,217.5174102783203,226.94000244140625,228.1999969482422,226.22000122070312,226.58999633789062,2478700,MA
2019-03-13,219.01263427734375,228.5,231.3300018310547,227.8000030517578,228.3699951171875,2690400,MA
2019-03-14,219.98069763183594,229.50999450683594,230.2100067138672,227.41000366210938,228.6999969482422,2838700,MA
2019-03-15,221.57177734375,231.1699981689453,232.75999450683594,228.80999755859375,228.82000732421875,3894200,MA
2019-03-18,220.82412719726562,230.38999938964844,232.5,229.11000061035156,232.2899932861328,2734100,MA
2019-03-19,221.41839599609375,231.00999450683594,232.10000610351562,230.3300018310547,231.5399932861328,3212000,MA
2019-03-20,220.3449249267578,229.88999938964844,231.94000244140625,227.83999633789062,229.72999572753906,3747400,MA
2019-03-21,226.07662963867188,235.8699951171875,237.0800018310547,228.17999267578125,228.1999969482422,4441100,MA
2019-03-22,221.17877197265625,230.75999450683594,236.0,230.67999267578125,234.83999633789062,3709400,MA
2019-03-25,220.85287475585938,230.4199981689453,231.94000244140625,228.5500030517578,230.38999938964844,3506500,MA
2019-03-26,223.603759765625,233.2899932861328,233.6300048828125,231.4499969482422,232.9600067138672,3046900,MA
2019-03-27,222.86570739746094,232.52000427246094,234.1999969482422,229.64999389648438,233.9199981689453,2640700,MA
2019-03-28,225.10853576660156,234.86000061035156,235.3300018310547,232.3699951171875,233.4199981689453,2712100,MA
2019-03-29,225.6740264892578,235.4499969482422,236.63999938964844,233.97000122070312,236.49000549316406,3453900,MA
2019-04-01,229.1245880126953,239.0500030517578,239.75,236.94000244140625,238.3000030517578,3475900,MA
2019-04-02,229.3258514404297,239.25999450683594,239.8699951171875,238.07000732421875,239.22999572753906,3386400,MA
2019-04-03,229.00961303710938,238.92999267578125,240.92999267578125,237.82000732421875,240.27999877929688,2911700,MA
2019-04-04,226.25872802734375,236.05999755859375,238.77000427246094,233.75999450683594,238.6999969482422,3096300,MA
2019-04-05,226.8050994873047,236.6300048828125,237.9600067138672,236.11000061035156,237.2100067138672,2590000,MA
2019-04-08,226.7762908935547,236.27000427246094,236.27999877929688,233.1199951171875,235.72000122070312,2714500,MA
2019-04-09,226.4307403564453,235.91000366210938,237.25,235.0,235.2899932861328,2491300,MA
2019-04-10,227.53451538085938,237.05999755859375,237.9499969482422,236.11000061035156,237.0,1984200,MA
2019-04-11,226.55548095703125,236.0399932861328,238.0,235.0399932861328,238.0,1908200,MA
2019-04-12,229.23338317871094,238.8300018310547,239.0,236.0800018310547,237.02999877929688,3452100,MA
2019-04-15,229.54051208496094,239.14999389648438,239.86000061035156,237.19000244140625,239.52000427246094,3437500,MA
2019-04-16,230.44273376464844,240.08999633789062,240.97000122070312,238.9499969482422,240.0,2564300,MA
2019-04-17,231.31619262695312,241.0,241.24000549316406,238.9499969482422,240.6699981689453,2829200,MA
2019-04-18,231.2106170654297,240.88999938964844,242.64999389648438,240.4600067138672,242.52999877929688,3016800,MA
2019-04-22,233.28382873535156,243.0500030517578,243.13999938964844,239.07000732421875,239.8000030517578,2217700,MA
2019-04-23,233.7061767578125,243.49000549316406,244.5,242.4499969482422,243.89999389648438,3108400,MA
2019-04-24,235.43382263183594,245.2899932861328,246.0800018310547,242.80999755859375,243.6300048828125,3255200,MA
2019-04-25,235.740966796875,245.61000061035156,246.85000610351562,244.02000427246094,244.6999969482422,3152400,MA
2019-04-26,236.76797485351562,246.67999267578125,247.14999389648438,243.22000122070312,246.0500030517578,3349300,MA
2019-04-29,237.19989013671875,247.1300048828125,248.2100067138672,245.86000061035156,246.8800048828125,3274900,MA
2019-04-30,244.02418518066406,254.24000549316406,257.42999267578125,250.50999450683594,251.08999633789062,7179600,MA
2019-05-01,238.7548370361328,248.75,256.25,248.6699981689453,254.89999389648438,5146000,MA
2019-05-02,237.25753784179688,247.19000244140625,248.27000427246094,244.27999877929688,247.55999755859375,4747300,MA
2019-05-03,237.9869384765625,247.9499969482422,249.85000610351562,247.4600067138672,248.61000061035156,3194200,MA
2019-05-06,238.64920043945312,248.63999938964844,249.0800018310547,240.0500030517578,241.49000549316406,3022000,MA
2019-05-07,235.2130584716797,245.05999755859375,247.72999572753906,242.60000610351562,247.27000427246094,4257500,MA
2019-05-08,235.4722137451172,245.3300018310547,247.5500030517578,243.75,244.5399932861328,3050700,MA
2019-05-09,235.45303344726562,245.30999755859375,245.52999877929688,239.9600067138672,241.88999938964844,3891000,MA
2019-05-10,237.48785400390625,247.42999267578125,248.72000122070312,241.3300018310547,243.8699951171875,2816200,MA
2019-05-13,231.6809844970703,241.3800048828125,243.91000366210938,240.36000061035156,241.50999450683594,4136900,MA
2019-05-14,236.05770874023438,245.94000244140625,247.44000244140625,241.89999389648438,242.1199951171875,3862100,MA
2019-05-15,239.13868713378906,249.14999389648438,251.0399932861328,244.2100067138672,244.3300018310547,4186900,MA
2019-05-16,243.2371826171875,253.4199981689453,255.14999389648438,250.3300018310547,250.44000244140625,4911900,MA
2019-05-17,242.40211486816406,252.5500030517578,254.2899932861328,250.83999633789062,251.11000061035156,3129800,MA
2019-05-20,243.3043212890625,253.49000549316406,254.38999938964844,249.3300018310547,250.49000549316406,2951500,MA
2019-05-21,245.0991973876953,255.36000061035156,255.9499969482422,253.7899932861328,255.0,2881600,MA
2019-05-22,246.5773468017578,256.8999938964844,258.8599853515625,254.5,254.75,2936000,MA
2019-05-23,239.69541931152344,249.72999572753906,255.6999969482422,248.3300018310547,254.75,5072500,MA
2019-05-24,241.37509155273438,251.47999572753906,253.3699951171875,250.3300018310547,253.13999938964844,2710800,MA
2019-05-28,243.2467498779297,253.42999267578125,257.760009765625,252.64999389648438,252.66000366210938,6252100,MA
2019-05-29,243.37152099609375,253.55999755859375,254.25,251.27000427246094,252.25,4014300,MA
2019-05-30,243.9761962890625,254.19000244140625,256.05999755859375,252.7899932861328,254.27000427246094,2817400,MA
2019-05-31,241.38473510742188,251.49000549316406,253.66000366210938,250.83999633789062,251.97999572753906,5041400,MA
2019-06-03,232.52557373046875,242.25999450683594,252.97999572753906,240.25,251.8000030517578,5452100,MA
2019-06-04,239.16751098632812,249.17999267578125,249.3699951171875,241.72000122070312,245.1300048828125,4862200,MA
2019-06-05,245.96307373046875,256.260009765625,256.9700012207031,250.14999389648438,251.47000122070312,4742400,MA
2019-06-06,247.46994018554688,257.8299865722656,258.70001220703125,254.86000061035156,256.3599853515625,3443500,MA
2019-06-07,255.1196746826172,265.79998779296875,266.8699951171875,259.6199951171875,260.0,3691800,MA
2019-06-10,255.40765380859375,266.1000061035156,269.8500061035156,265.2799987792969,269.0,4469000,MA
2019-06-11,253.06568908691406,263.6600036621094,267.8900146484375,259.17999267578125,267.4700012207031,3119600,MA
2019-06-12,253.24803161621094,263.8500061035156,264.2099914550781,261.3599853515625,262.45001220703125,2295300,MA
2019-06-13,250.70449829101562,261.20001220703125,265.2300109863281,260.25,265.0,4331000,MA
2019-06-14,249.648681640625,260.1000061035156,261.9800109863281,259.4200134277344,259.989990234375,3158200,MA
2019-06-17,248.784912109375,259.20001220703125,261.7099914550781,258.04998779296875,261.0,3332200,MA
2019-06-18,248.4105682373047,258.80999755859375,262.25,255.07000732421875,261.70001220703125,3921300,MA
2019-06-19,249.42796325683594,259.8699951171875,260.6199951171875,258.29998779296875,258.8299865722656,4326500,MA
2019-06-20,256.0699768066406,266.7900085449219,267.70001220703125,262.5,263.489990234375,4667300,MA
2019-06-21,253.84320068359375,264.4700012207031,268.1499938964844,264.4200134277344,265.82000732421875,4285800,MA
2019-06-24,254.6397705078125,265.29998779296875,267.1000061035156,265.1300048828125,265.8500061035156,2538100,MA
2019-06-25,249.29360961914062,259.7300109863281,266.30999755859375,259.1199951171875,266.0400085449219,3138000,MA
2019-06-26,250.80052185058594,261.29998779296875,262.6499938964844,259.989990234375,260.8800048828125,3869400,MA
2019-06-27,250.6085968017578,261.1000061035156,263.5799865722656,260.3999938964844,262.44000244140625,2186900,MA
2019-06-28,253.90077209472656,264.5299987792969,264.8399963378906,261.3299865722656,263.0899963378906,4400300,MA
2019-07-01,256.05072021484375,266.7699890136719,269.989990234375,264.8699951171875,269.989990234375,2646800,MA
2019-07-02,259.69805908203125,270.57000732421875,270.6000061035156,266.42999267578125,266.8800048828125,2649100,MA
2019-07-03,262.1071472167969,273.0799865722656,273.0799865722656,270.7799987792969,271.0,1896800,MA
2019-07-05,261.2050476074219,272.1400146484375,272.7699890136719,269.0899963378906,271.5,2561000,MA
2019-07-08,260.6476745605469,271.2300109863281,272.07000732421875,269.4599914550781,270.1000061035156,2291700,MA
2019-07-09,262.67523193359375,273.3399963378906,273.6499938964844,269.5,269.82000732421875,2477400,MA
2019-07-10,264.6356201171875,275.3800048828125,277.1000061035156,274.1499938964844,274.1700134277344,2323000,MA
2019-07-11,267.4609680175781,278.32000732421875,278.6499938964844,276.0799865722656,277.6000061035156,2583900,MA
2019-07-12,268.6333923339844,279.5400085449219,279.739990234375,276.260009765625,279.239990234375,2299700,MA
2019-07-15,268.46990966796875,279.3699951171875,280.5899963378906,278.54998779296875,280.4599914550781,3349500,MA
2019-07-16,265.8272399902344,276.6199951171875,280.6300048828125,275.30999755859375,279.0,2976000,MA
2019-07-17,264.5395202636719,275.2799987792969,278.4700012207031,275.2699890136719,277.3900146484375,2318900,MA
2019-07-18,265.9810485839844,276.7799987792969,277.25,274.739990234375,275.0,3241000,MA
2019-07-19,264.8470153808594,275.6000061035156,279.4800109863281,275.4200134277344,279.42999267578125,3048200,MA
2019-07-22,267.7396240234375,278.6099853515625,279.3599853515625,276.07000732421875,276.9100036621094,2092400,MA
2019-07-23,268.08551025390625,278.9700012207031,280.4200134277344,276.8999938964844,280.0,2275400,MA
2019-07-24,269.31573486328125,280.25,280.29998779296875,276.3800048828125,278.1700134277344,2805200,MA
2019-07-25,268.4507141113281,279.3500061035156,280.8999938964844,277.54998779296875,280.0,2312200,MA
2019-07-26,271.0647277832031,282.07000732421875,282.2900085449219,280.0799865722656,280.6000061035156,2942100,MA
2019-07-29,270.45916748046875,281.44000244140625,283.3299865722656,280.42999267578125,283.1199951171875,3677700,MA
2019-07-30,267.3071594238281,278.1600036621094,282.3699951171875,275.45001220703125,279.3399963378906,3957900,MA
2019-07-31,261.6470031738281,272.2699890136719,278.9800109863281,265.69000244140625,278.6700134277344,5513100,MA
2019-08-01,263.4632873535156,274.1600036621094,279.30999755859375,271.6400146484375,273.92999267578125,4988100,MA
2019-08-02,258.9370422363281,269.45001220703125,272.5,265.67999267578125,272.0,4438000,MA
2019-08-05,246.81900024414062,256.8399963378906,262.6499938964844,253.89999389648438,260.0,6861300,MA
2019-08-06,254.3532257080078,264.67999267578125,265.1499938964844,260.17999267578125,261.79998779296875,4918500,MA
2019-08-07,258.802490234375,269.30999755859375,270.0,260.25,263.3999938964844,4476000,MA
2019-08-08,267.1919250488281,278.0400085449219,278.0799865722656,271.6000061035156,272.0,4135500,MA
2019-08-09,264.22247314453125,274.95001220703125,276.8999938964844,273.0799865722656,275.510009765625,3410500,MA
2019-08-12,259.4656066894531,270.0,274.9800109863281,268.8900146484375,272.8500061035156,3322600,MA
2019-08-13,263.8188781738281,274.5299987792969,275.3699951171875,268.0,269.8299865722656,3899800,MA
2019-08-14,256.7267761230469,267.1499938964844,272.4700012207031,265.8500061035156,269.82000732421875,3750300,MA
2019-08-15,261.2818603515625,271.8900146484375,273.1499938964844,268.0899963378906,269.2799987792969,3364300,MA
2019-08-16,263.65545654296875,274.3599853515625,275.9599914550781,273.7900085449219,274.9800109863281,2718100,MA
2019-08-19,267.2207336425781,278.07000732421875,278.57000732421875,275.2099914550781,277.0,2502300,MA
2019-08-20,266.23089599609375,277.0400085449219,279.55999755859375,275.8500061035156,278.3999938964844,2583600,MA
2019-08-21,271.0069580078125,282.010009765625,282.1000061035156,279.2900085449219,279.6400146484375,2492200,MA
2019-08-22,269.8153991699219,280.7699890136719,282.8900146484375,276.760009765625,282.1099853515625,2975800,MA
2019-08-23,261.2818603515625,271.8900146484375,282.0899963378906,270.2099914550781,280.0,4415000,MA
2019-08-26,265.6446228027344,276.42999267578125,276.42999267578125,272.9800109863281,274.8800048828125,2184400,MA
2019-08-27,265.8465576171875,276.6400146484375,279.0899963378906,274.9100036621094,276.739990234375,2169400,MA
2019-08-28,267.3840637207031,278.239990234375,278.6499938964844,273.3699951171875,275.2300109863281,2306900,MA
2019-08-29,270.4015197753906,281.3800048828125,281.9800109863281,278.8800048828125,281.0,2297200,MA
2019-08-30,270.3919372558594,281.3699951171875,282.9599914550781,278.7300109863281,282.5899963378906,2600300,MA
2019-09-03,269.18109130859375,280.1099853515625,282.8399963378906,278.5,279.989990234375,2350800,MA
2019-09-04,274.9373779296875,286.1000061035156,286.2099914550781,282.1499938964844,282.7699890136719,2631000,MA
2019-09-05,280.68414306640625,292.0799865722656,293.4599914550781,289.6000061035156,290.2900085449219,3808300,MA
2019-09-06,280.0113525390625,291.3800048828125,293.07000732421875,290.04998779296875,291.94000244140625,2783300,MA
2019-09-09,272.3043518066406,283.3599853515625,293.69000244140625,280.1000061035156,293.489990234375,4795900,MA
2019-09-10,261.7046813964844,272.3299865722656,281.5,270.3399963378906,281.3399963378906,8683800,MA
2019-09-11,259.41748046875,269.95001220703125,276.0,269.20001220703125,274.9200134277344,6342300,MA
2019-09-12,265.61578369140625,276.3999938964844,278.7699890136719,273.19000244140625,273.3900146484375,5497900,MA
2019-09-13,265.5389709472656,276.32000732421875,278.1499938964844,273.0400085449219,277.989990234375,4631100,MA
2019-09-16,263.3863830566406,274.0799865722656,275.760009765625,272.7099914550781,273.4700012207031,2755100,MA
2019-09-17,265.4716796875,276.25,278.6300048828125,273.95001220703125,274.54998779296875,2929500,MA
2019-09-18,264.3665771484375,275.1000061035156,276.8500061035156,270.44000244140625,276.7699890136719,2975900,MA
2019-09-19,265.14495849609375,275.9100036621094,278.1499938964844,274.8500061035156,275.9599914550781,2623800,MA
2019-09-20,260.5899353027344,271.1700134277344,278.5899963378906,270.9100036621094,277.7900085449219,5540800,MA
2019-09-23,262.4927062988281,273.1499938964844,273.739990234375,270.0,270.29998779296875,3092000,MA
2019-09-24,260.541748046875,271.1199951171875,277.44000244140625,269.05999755859375,275.6300048828125,4120300,MA
2019-09-25,262.10821533203125,272.75,272.989990234375,266.6099853515625,270.25,4083600,MA
2019-09-26,263.2038269042969,273.8900146484375,275.44000244140625,272.6300048828125,273.2300109863281,2924600,MA
2019-09-27,258.6295166015625,269.1300048828125,275.6300048828125,267.69000244140625,275.3900146484375,3175700,MA
2019-09-30,260.97430419921875,271.57000732421875,272.07000732421875,269.32000732421875,270.989990234375,3128700,MA
2019-10-01,260.368896484375,270.94000244140625,273.6499938964844,270.0400085449219,271.489990234375,3066400,MA
2019-10-02,254.16087341308594,264.4800109863281,268.94000244140625,262.5199890136719,268.1600036621094,4308900,MA
2019-10-03,257.8222961425781,268.2900085449219,268.5400085449219,260.4100036621094,264.25,3948100,MA
2019-10-04,263.3670959472656,274.05999755859375,274.4800109863281,269.1600036621094,269.510009765625,2671400,MA
2019-10-07,261.5700988769531,272.19000244140625,273.5,270.4100036621094,271.30999755859375,2861900,MA
2019-10-08,256.9613952636719,267.07000732421875,271.0799865722656,266.5899963378906,269.82000732421875,2818900,MA
2019-10-09,261.93572998046875,272.239990234375,273.1400146484375,269.5,269.9599914550781,2169600,MA
2019-10-10,263.4655456542969,273.8299865722656,274.7099914550781,271.260009765625,271.55999755859375,2194700,MA
2019-10-11,265.4668273925781,275.9100036621094,280.0,275.1199951171875,276.20001220703125,3493000,MA
2019-10-14,265.9190673828125,276.3800048828125,278.55999755859375,275.55999755859375,277.55999755859375,2042500,MA
2019-10-15,268.0166015625,278.55999755859375,279.9599914550781,275.9599914550781,277.2099914550781,3006600,MA
2019-10-16,267.73748779296875,278.2699890136719,279.0299987792969,274.79998779296875,277.1000061035156,2689400,MA
2019-10-17,266.044189453125,276.510009765625,280.44000244140625,275.92999267578125,279.3500061035156,2396600,MA
2019-10-18,260.38671875,270.6300048828125,276.67999267578125,269.8999938964844,275.239990234375,4052300,MA
2019-10-21,263.9177551269531,274.29998779296875,274.3599853515625,269.5,271.92999267578125,2921200,MA
2019-10-22,251.371337890625,261.260009765625,275.3500061035156,261.010009765625,274.8999938964844,5619500,MA
2019-10-23,250.97682189941406,260.8500061035156,264.19000244140625,258.510009765625,262.67999267578125,5367000,MA
2019-10-24,258.577880859375,268.75,269.3299865722656,263.55999755859375,263.55999755859375,3791900,MA
2019-10-25,259.96337890625,270.19000244140625,272.17999267578125,265.55999755859375,266.260009765625,2760200,MA
2019-10-28,265.4859924316406,275.92999267578125,275.92999267578125,271.3699951171875,273.260009765625,3796600,MA
2019-10-29,263.90814208984375,274.2900085449219,278.2900085449219,273.0799865722656,277.6000061035156,4706700,MA
2019-10-30,266.6598815917969,277.1499938964844,277.4700012207031,273.0,274.6400146484375,3485500,MA
2019-10-31,266.3327941894531,276.80999755859375,279.0899963378906,275.05999755859375,276.3800048828125,5356000,MA
2019-11-01,268.48797607421875,279.04998779296875,280.3900146484375,276.1199951171875,279.0,2880000,MA
2019-11-04,265.87091064453125,276.3299865722656,282.239990234375,275.80999755859375,280.6400146484375,3726600,MA
2019-11-05,258.8183898925781,269.0,276.95001220703125,268.4200134277344,276.5,4717500,MA
2019-11-06,259.6458435058594,269.8599853515625,271.6700134277344,268.8800048828125,270.29998779296875,3742900,MA
2019-11-07,262.4648742675781,272.7900085449219,275.0799865722656,269.8599853515625,270.0199890136719,4277800,MA
2019-11-08,264.48541259765625,274.8900146484375,274.95001220703125,271.70001220703125,271.70001220703125,2241300,MA
2019-11-11,266.51556396484375,277.0,277.1300048828125,273.05999755859375,273.0799865722656,2132600,MA
2019-11-12,266.6502990722656,277.1400146484375,279.5,275.7699890136719,277.6000061035156,2217200,MA
2019-11-13,267.5450134277344,278.07000732421875,280.4599914550781,275.0,276.510009765625,3320600,MA
2019-11-14,269.0460205078125,279.6300048828125,279.6300048828125,276.70001220703125,277.45001220703125,2365900,MA
2019-11-15,270.1524963378906,280.7799987792969,280.8999938964844,278.1300048828125,280.6400146484375,2544200,MA
2019-11-18,270.22943115234375,280.8599853515625,281.7699890136719,278.3999938964844,280.0,2715900,MA
2019-11-19,274.510986328125,285.30999755859375,286.5799865722656,280.94000244140625,281.5199890136719,3013800,MA
2019-11-20,274.57843017578125,285.3800048828125,287.7300109863281,282.8599853515625,285.0,2903900,MA
2019-11-21,273.6835632324219,284.45001220703125,286.5199890136719,283.5899963378906,284.6000061035156,2777000,MA
2019-11-22,271.87481689453125,282.57000732421875,285.3599853515625,281.2099914550781,284.8299865722656,2968100,MA
2019-11-25,276.7239074707031,287.6099853515625,288.989990234375,283.70001220703125,284.0,3760200,MA
2019-11-26,278.4270324707031,289.3800048828125,290.6499938964844,287.82000732421875,288.5,5712800,MA
2019-11-27,280.6592712402344,291.70001220703125,292.0,288.9100036621094,289.0299987792969,2163500,MA
2019-11-29,281.16912841796875,292.2300109863281,293.0,290.2300109863281,290.2300109863281,1754400,MA
2019-12-02,275.6271667480469,286.4700012207031,290.75,283.8900146484375,290.5899963378906,3062300,MA
2019-12-03,276.2236633300781,287.0899963378906,287.6000061035156,281.5,282.20001220703125,2528300,MA
2019-12-04,275.9831237792969,286.8399963378906,289.6199951171875,286.1199951171875,288.5,2743300,MA
2019-12-05,278.8792419433594,289.8500061035156,290.95001220703125,286.3999938964844,287.95001220703125,2580300,MA
2019-12-06,279.40838623046875,290.3999938964844,292.5,289.67999267578125,292.30999755859375,2425200,MA
2019-12-09,278.119140625,289.05999755859375,290.9599914550781,288.260009765625,289.19000244140625,1903000,MA
2019-12-10,277.6861267089844,288.6099853515625,290.1700134277344,287.7099914550781,289.0,2514300,MA
2019-12-11,279.0716247558594,290.04998779296875,290.32000732421875,288.1099853515625,289.760009765625,2298100,MA
2019-12-12,281.14990234375,292.2099914550781,292.75,288.2699890136719,289.8999938964844,2746400,MA
2019-12-13,284.88299560546875,296.0899963378906,296.5299987792969,289.79998779296875,290.7900085449219,3565400,MA
2019-12-16,285.7201232910156,296.9599914550781,299.4800109863281,296.8599853515625,298.1099853515625,4210700,MA
2019-12-17,284.79638671875,296.0,298.5,293.7699890136719,298.5,3354500,MA
2019-12-18,283.5841369628906,294.739990234375,297.29998779296875,294.739990234375,295.20001220703125,2902700,MA
2019-12-19,286.2685241699219,297.5299987792969,298.17999267578125,294.1099853515625,294.489990234375,2536900,MA
2019-12-20,287.2691345214844,298.57000732421875,300.54998779296875,296.80999755859375,300.54998779296875,5099400,MA
2019-12-23,286.0184020996094,297.2699890136719,299.8299865722656,297.1000061035156,298.739990234375,3590500,MA
2019-12-24,286.220458984375,297.4800109863281,298.30999755859375,296.6000061035156,297.9599914550781,641100,MA
2019-12-26,287.8752746582031,299.20001220703125,299.3699951171875,297.79998779296875,298.1099853515625,1369200,MA
2019-12-27,289.3570251464844,300.739990234375,301.5299987792969,298.17999267578125,300.0,2042600,MA
2019-12-30,286.4512634277344,297.7200012207031,301.04998779296875,295.2799987792969,300.8299865722656,2717600,MA
2019-12-31,287.28839111328125,298.5899963378906,298.92999267578125,295.7699890136719,296.1000061035156,2478600,MA
2020-01-02,291.90673828125,303.3900146484375,303.5299987792969,299.5,300.4599914550781,3272400,MA
2020-01-03,289.0587463378906,300.42999267578125,302.4200134277344,298.6000061035156,299.4599914550781,2501300,MA
2020-01-06,289.8284912109375,301.2300109863281,301.3299865722656,296.0199890136719,297.3599853515625,3307200,MA
2020-01-07,288.8470764160156,300.2099914550781,303.3800048828125,299.8800048828125,301.739990234375,3182000,MA
2020-01-08,293.9436340332031,305.1000061035156,306.95001220703125,300.510009765625,300.7799987792969,3224400,MA
2020-01-09,297.79736328125,309.1000061035156,310.94000244140625,308.0199890136719,308.2799987792969,3292600,MA
2020-01-10,299.7916564941406,311.1700134277344,311.95001220703125,308.739990234375,311.5799865722656,2948000,MA
2020-01-13,303.6839294433594,315.2099914550781,315.6400146484375,312.8999938964844,313.260009765625,3236400,MA
2020-01-14,299.2811279296875,310.6400146484375,316.4200134277344,309.8599853515625,316.17999267578125,4951400,MA
2020-01-15,302.75909423828125,314.25,315.7300109863281,311.0400085449219,312.19000244140625,4664200,MA
2020-01-16,308.5877685546875,320.29998779296875,320.3299865722656,314.989990234375,317.5,3323300,MA
2020-01-17,311.8250732421875,323.6600036621094,324.0299987792969,319.239990234375,321.42999267578125,4821000,MA
2020-01-21,310.1582946777344,321.92999267578125,325.6600036621094,321.489990234375,322.4100036621094,5998600,MA
2020-01-22,312.45123291015625,324.30999755859375,326.7900085449219,324.1199951171875,324.95001220703125,3518500,MA
2020-01-23,313.0968017578125,324.9800109863281,325.25,322.32000732421875,325.0,4188300,MA
2020-01-24,311.8345031738281,323.6700134277344,327.0899963378906,321.6600036621094,326.57000732421875,3634700,MA
2020-01-27,304.22357177734375,315.7699890136719,319.3599853515625,312.5,315.1000061035156,4367500,MA
2020-01-28,308.55889892578125,320.2699890136719,321.5199890136719,315.4599914550781,315.79998779296875,3486200,MA
2020-01-29,308.6070861816406,320.32000732421875,324.44000244140625,316.7699890136719,323.0,4389400,MA
2020-01-30,312.5956726074219,324.4599914550781,324.70001220703125,318.010009765625,319.0,3512100,MA
2020-01-31,304.3872375488281,315.94000244140625,324.4599914550781,314.5,323.1400146484375,5586800,MA
2020-02-03,312.6535339355469,324.5199890136719,325.4800109863281,318.42999267578125,318.79998779296875,4240100,MA
2020-02-04,317.0852966308594,329.1199951171875,331.739990234375,326.2900085449219,328.239990234375,4158200,MA
2020-02-05,316.31451416015625,328.32000732421875,335.0,324.1700134277344,335.0,3868000,MA
2020-02-06,317.25872802734375,329.29998779296875,331.2300109863281,327.67999267578125,329.32000732421875,3422000,MA
2020-02-07,315.0428466796875,327.0,329.8500061035156,325.8699951171875,328.0,2584200,MA
2020-02-10,318.2028503417969,330.2799987792969,330.2799987792969,325.510009765625,325.6199951171875,3848100,MA
2020-02-11,318.8194885253906,330.9200134277344,335.5199890136719,329.6600036621094,335.0,3449300,MA
2020-02-12,321.9410705566406,334.1600036621094,334.45001220703125,329.2200012207031,330.82000732421875,2451000,MA
2020-02-13,323.5596008300781,335.8399963378906,337.8299865722656,332.1300048828125,332.30999755859375,3001000,MA
2020-02-14,328.4827880859375,340.95001220703125,341.0400085449219,337.0299987792969,337.4599914550781,2716300,MA
2020-02-18,328.76214599609375,341.239990234375,343.1000061035156,340.3900146484375,341.6199951171875,3597300,MA
2020-02-19,331.96075439453125,344.55999755859375,347.239990234375,342.6300048828125,343.989990234375,3040300,MA
2020-02-20,331.8547058105469,344.45001220703125,347.25,338.1700134277344,345.739990234375,4316000,MA
2020-02-21,327.2784423828125,339.70001220703125,343.8900146484375,335.6099853515625,342.54998779296875,4997100,MA
2020-02-24,312.798095703125,324.6700134277344,329.3399963378906,313.8399963378906,317.510009765625,7816000,MA
2020-02-25,291.8144836425781,302.8900146484375,323.2300109863281,300.760009765625,321.3399963378906,12715700,MA
2020-02-26,287.1418762207031,298.0400085449219,307.8900146484375,297.8900146484375,302.0,9403300,MA
2020-02-27,275.3686828613281,285.82000732421875,297.45001220703125,280.94000244140625,285.0299987792969,13814600,MA
2020-02-28,279.63665771484375,290.25,290.3900146484375,273.54998779296875,274.8900146484375,12846000,MA
2020-03-02,295.5237121582031,306.739990234375,306.9599914550781,289.44000244140625,298.8900146484375,9688100,MA
2020-03-03,281.3226013183594,292.0,314.5899963378906,290.8299865722656,314.5899963378906,8051100,MA
2020-03-04,291.3038330078125,302.3599853515625,302.79998779296875,292.75,299.1099853515625,6463800,MA
2020-03-05,280.0990905761719,290.7300109863281,298.7099914550781,288.239990234375,295.7099914550781,6621300,MA
2020-03-06,276.51513671875,287.010009765625,288.8500061035156,278.6199951171875,282.69000244140625,7061500,MA
2020-03-09,252.4293212890625,262.010009765625,279.239990234375,261.17999267578125,265.0,8498300,MA
2020-03-10,270.3106384277344,280.57000732421875,280.8699951171875,262.8599853515625,276.4200134277344,8131400,MA
2020-03-11,259.8958435058594,269.760009765625,274.0400085449219,263.30999755859375,272.95001220703125,8366800,MA
2020-03-12,232.66928100585938,241.5,262.489990234375,240.92999267578125,244.52999877929688,15031500,MA
2020-03-13,260.1368408203125,270.010009765625,270.0299987792969,245.5,258.7799987792969,9934900,MA
2020-03-16,227.03318786621094,235.64999389648438,257.7300109863281,229.25999450683594,234.49000549316406,12111500,MA
2020-03-17,229.1815948486328,237.8800048828125,250.5,231.9600067138672,240.47999572753906,12665200,MA
2020-03-18,219.595458984375,227.92999267578125,229.10000610351562,213.22000122070312,222.33999633789062,11352800,MA
2020-03-19,218.843994140625,227.14999389648438,238.5,211.5500030517578,224.00999450683594,9126400,MA
2020-03-20,203.6891326904297,211.4199981689453,236.02000427246094,210.0,236.02000427246094,10518600,MA
2020-03-23,195.86607360839844,203.3000030517578,215.67999267578125,199.99000549316406,203.27999877929688,11588700,MA
2020-03-24,228.40126037597656,237.07000732421875,238.44000244140625,215.0,215.9199981689453,11654800,MA
2020-03-25,247.10150146484375,256.4800109863281,266.29998779296875,240.36000061035156,247.89999389648438,12642700,MA
2020-03-26,253.55650329589844,263.17999267578125,265.80999755859375,252.6199951171875,257.8999938964844,9957900,MA
2020-03-27,238.5943603515625,247.64999389648438,256.07000732421875,244.6999969482422,250.24000549316406,7819300,MA
2020-03-30,243.98963928222656,253.25,254.25,244.64999389648438,245.85000610351562,5765800,MA
2020-03-31,232.72702026367188,241.55999755859375,253.4199981689453,241.0800018310547,252.4600067138672,10373900,MA
2020-04-01,220.25064086914062,228.61000061035156,237.10000610351562,227.10000610351562,230.94000244140625,6646200,MA
2020-04-02,230.14508056640625,238.8800048828125,239.3699951171875,227.35000610351562,228.38999938964844,6446600,MA
2020-04-03,228.36273193359375,237.02999877929688,239.8800048828125,230.30999755859375,236.97999572753906,4163000,MA
2020-04-06,256.21551513671875,265.94000244140625,267.1099853515625,250.00999450683594,252.0,8636700,MA
2020-04-07,249.60641479492188,259.0799865722656,282.8699951171875,258.4800109863281,281.6099853515625,8627300,MA
2020-04-08,261.4460144042969,270.95001220703125,271.8800048828125,258.9100036621094,262.510009765625,5690100,MA
2020-04-09,259.9504089355469,269.3999938964844,276.0,267.7200012207031,275.1300048828125,6662900,MA
2020-04-13,254.10293579101562,263.3399963378906,268.70001220703125,255.75,268.20001220703125,7114400,MA
2020-04-14,261.2241516113281,270.7200012207031,275.6400146484375,269.20001220703125,269.8800048828125,6354400,MA
2020-04-15,248.12045288085938,257.1400146484375,262.95001220703125,255.6199951171875,260.510009765625,10240700,MA
2020-04-16,238.1045379638672,246.75999450683594,258.3900146484375,244.7100067138672,258.3900146484375,11455400,MA
2020-04-17,250.85116577148438,259.9700012207031,260.70001220703125,251.50999450683594,258.25,10412100,MA
2020-04-20,242.90016174316406,251.72999572753906,256.6300048828125,249.6699981689453,254.50999450683594,6042700,MA
2020-04-21,236.74395751953125,245.35000610351562,249.38999938964844,244.10000610351562,246.64999389648438,5964600,MA
2020-04-22,247.89849853515625,256.9100036621094,258.6000061035156,251.0,251.4600067138672,5083200,MA
2020-04-23,246.8852996826172,255.86000061035156,262.4200134277344,255.27000427246094,259.3900146484375,4270600,MA
2020-04-24,249.68365478515625,258.760009765625,259.8299865722656,252.8300018310547,258.42999267578125,3824200,MA
2020-04-27,255.82054138183594,265.1199951171875,265.7200012207031,259.510009765625,260.2200012207031,4099900,MA
2020-04-28,255.31878662109375,264.6000061035156,272.6499938964844,262.9599914550781,270.3999938964844,4344000,MA
2020-04-29,273.7391357421875,283.69000244140625,285.0,276.260009765625,278.45001220703125,8505000,MA
2020-04-30,265.3251037597656,274.9700012207031,281.6300048828125,273.4100036621094,278.42999267578125,5898900,MA
2020-05-01,259.3136291503906,268.739990234375,273.989990234375,267.2099914550781,268.70001220703125,5067800,MA
2020-05-04,259.8153991699219,269.260009765625,270.07000732421875,263.010009765625,265.5,3747100,MA
2020-05-05,264.3697814941406,273.9800109863281,277.8500061035156,273.29998779296875,276.8399963378906,3926200,MA
2020-05-06,262.8837890625,272.44000244140625,276.9599914550781,271.54998779296875,276.9599914550781,3261900,MA
2020-05-07,268.7022399902344,278.4700012207031,282.45001220703125,277.239990234375,277.80999755859375,4371400,MA
2020-05-08,272.532958984375,282.44000244140625,283.4200134277344,279.5,283.3999938964844,3215400,MA
2020-05-11,271.36541748046875,281.2300109863281,282.80999755859375,277.6300048828125,279.5,4056900,MA
2020-05-12,262.5653991699219,272.1099853515625,282.3299865722656,272.1099853515625,280.45001220703125,4031400,MA
2020-05-13,259.71881103515625,269.1600036621094,276.07000732421875,264.19000244140625,272.29998779296875,4802100,MA
2020-05-14,267.5829772949219,277.30999755859375,277.55999755859375,263.9599914550781,270.20001220703125,6294200,MA
2020-05-15,269.15582275390625,278.94000244140625,279.1400146484375,273.2900085449219,276.0400085449219,3813300,MA
2020-05-18,279.7313232421875,289.8999938964844,292.0899963378906,285.0,285.4599914550781,6037800,MA
2020-05-19,280.53228759765625,290.7300109863281,297.82000732421875,287.489990234375,289.1700134277344,5211800,MA
2020-05-20,288.3191833496094,298.79998779296875,301.1499938964844,295.3900146484375,295.75,4592200,MA
2020-05-21,283.9383850097656,294.260009765625,299.92999267578125,292.75,299.3699951171875,3944100,MA
2020-05-22,284.5655822753906,294.9100036621094,296.79998779296875,293.010009765625,295.05999755859375,2897000,MA
2020-05-26,292.6903076171875,303.3299865722656,305.0,301.94000244140625,304.6199951171875,5246900,MA
2020-05-27,289.2550964355469,299.7699890136719,304.7300109863281,292.1199951171875,304.0,5147900,MA
2020-05-28,291.69635009765625,302.29998779296875,310.0,298.8399963378906,300.9800109863281,4520800,MA
2020-05-29,290.3359069824219,300.8900146484375,304.42999267578125,298.8699951171875,302.0,4930100,MA
2020-06-01,290.82794189453125,301.3999938964844,303.05999755859375,297.8999938964844,300.79998779296875,2841800,MA
2020-06-02,292.941162109375,303.5899963378906,306.1099853515625,301.69000244140625,304.989990234375,4131300,MA
2020-06-03,296.299072265625,307.07000732421875,308.1099853515625,302.2099914550781,305.4800109863281,3429700,MA
2020-06-04,290.79901123046875,301.3699951171875,306.6199951171875,299.3399963378906,305.44000244140625,4147700,MA
2020-06-05,300.9403381347656,311.8800048828125,312.17999267578125,305.6499938964844,306.80999755859375,5058200,MA
2020-06-08,299.52191162109375,310.4100036621094,313.5799865722656,307.04998779296875,311.05999755859375,3724300,MA
2020-06-09,300.56396484375,311.489990234375,313.4700012207031,308.20001220703125,309.7799987792969,3314800,MA
2020-06-10,302.16583251953125,313.1499938964844,316.05999755859375,310.2900085449219,312.3900146484375,4089000,MA
2020-06-11,281.0339660644531,291.25,306.489990234375,291.05999755859375,305.010009765625,6505300,MA
2020-06-12,287.34466552734375,297.7900085449219,299.989990234375,290.8900146484375,298.7900085449219,4512200,MA
2020-06-15,286.7463684082031,297.1700134277344,298.9200134277344,288.75,290.0,5932900,MA
2020-06-16,293.7999572753906,304.4800109863281,309.0899963378906,300.1099853515625,305.9100036621094,4013100,MA
2020-06-17,293.1051940917969,303.760009765625,307.4800109863281,303.0799865722656,305.0,2566400,MA
2020-06-18,294.15692138671875,304.8500061035156,305.1000061035156,300.5,301.8299865722656,2776600,MA
2020-06-19,286.099853515625,296.5,309.5,296.5,309.5,4533500,MA
2020-06-22,293.76129150390625,304.44000244140625,304.95001220703125,297.7300109863281,299.6000061035156,3489200,MA
2020-06-23,296.1157531738281,306.8800048828125,310.42999267578125,304.4200134277344,307.0299987792969,3801500,MA
2020-06-24,283.6971740722656,294.010009765625,305.5199890136719,293.05999755859375,305.0,5086000,MA
2020-06-25,287.5569152832031,298.010009765625,298.3900146484375,290.6700134277344,294.1600036621094,3294800,MA
2020-06-26,279.19097900390625,289.3399963378906,298.1099853515625,289.1700134277344,296.8800048828125,4922500,MA
2020-06-29,282.6551208496094,292.92999267578125,293.1499938964844,285.1499938964844,291.3399963378906,3642200,MA
2020-06-30,285.327880859375,295.70001220703125,296.6000061035156,291.010009765625,293.0899963378906,4283500,MA
2020-07-01,290.6059875488281,301.1700134277344,303.2699890136719,295.1199951171875,295.9599914550781,3801300,MA
2020-07-02,291.812255859375,302.4200134277344,306.8900146484375,301.30999755859375,304.3299865722656,3290100,MA
2020-07-06,294.8516845703125,305.57000732421875,307.32000732421875,303.1700134277344,306.6499938964844,3013300,MA
2020-07-07,289.3901672363281,299.9100036621094,307.7900085449219,299.3999938964844,303.19000244140625,3633100,MA
2020-07-08,290.0085754394531,300.1499938964844,301.5400085449219,297.3999938964844,300.9100036621094,4115000,MA
2020-07-09,284.636474609375,294.5899963378906,300.7200012207031,290.55999755859375,299.6199951171875,5042800,MA
2020-07-10,285.6896057128906,295.67999267578125,296.9599914550781,291.5,294.0,3030900,MA
2020-07-13,280.3754577636719,290.17999267578125,298.6199951171875,290.0199890136719,297.8599853515625,4853700,MA
2020-07-14,288.8490905761719,298.95001220703125,299.1000061035156,288.6499938964844,292.0,4795900,MA
2020-07-15,295.3903503417969,305.7200012207031,306.7699890136719,301.3900146484375,303.0,5257300,MA
2020-07-16,289.2356262207031,299.3500061035156,303.5299987792969,298.9100036621094,302.9700012207031,3312100,MA
2020-07-17,293.7864990234375,304.05999755859375,305.239990234375,299.4100036621094,301.7300109863281,3169800,MA
2020-07-20,301.4195556640625,311.9599914550781,314.989990234375,301.9200134277344,301.9200134277344,5279400,MA
2020-07-21,297.2068786621094,307.6000061035156,314.04998779296875,306.29998779296875,313.0,3562100,MA
2020-07-22,302.7818908691406,313.3699951171875,313.57000732421875,308.1300048828125,308.1300048828125,3303100,MA
2020-07-23,299.4292297363281,309.8999938964844,317.239990234375,308.7200012207031,313.54998779296875,3118500,MA
2020-07-24,296.5498352050781,306.9200134277344,310.7300109863281,304.5400085449219,306.4800109863281,2500300,MA
2020-07-27,298.4242858886719,308.8599853515625,310.0,306.0199890136719,307.05999755859375,2311600,MA
2020-07-28,295.97979736328125,306.3299865722656,310.20001220703125,306.0299987792969,308.5,2116300,MA
2020-07-29,298.84942626953125,309.29998779296875,311.6600036621094,304.1199951171875,304.5,3542400,MA
2020-07-30,298.5596008300781,309.0,312.82000732421875,303.0400085449219,304.0,3941600,MA
2020-07-31,298.10552978515625,308.5299987792969,310.0899963378906,305.6099853515625,310.0,4684400,MA
2020-08-03,302.02838134765625,312.5899963378906,313.5,309.29998779296875,311.0,3907800,MA
2020-08-04,303.7674255371094,314.3900146484375,315.69000244140625,311.1000061035156,312.5,3409200,MA
2020-08-05,316.91766357421875,328.0,329.67999267578125,315.8699951171875,316.3699951171875,5677200,MA
2020-08-06,318.9853515625,330.1400146484375,331.2200012207031,325.8999938964844,327.3999938964844,4839800,MA
2020-08-07,316.9369201660156,328.0199890136719,328.3299865722656,323.92999267578125,328.0,3662500,MA
2020-08-10,311.9705810546875,322.8800048828125,329.739990234375,321.8599853515625,327.19000244140625,3752100,MA
2020-08-11,317.4393615722656,328.5400085449219,334.54998779296875,323.5799865722656,325.0,5273300,MA
2020-08-12,316.5601806640625,327.6300048828125,331.3999938964844,326.20001220703125,328.6600036621094,3125900,MA
2020-08-13,315.1687927246094,326.19000244140625,329.8299865722656,325.6199951171875,325.92999267578125,2526700,MA
2020-08-14,315.7581481933594,326.79998779296875,327.6400146484375,324.80999755859375,325.6700134277344,1444900,MA
2020-08-17,319.0722961425781,330.2300109863281,331.2300109863281,326.67999267578125,327.0,2904100,MA
2020-08-18,319.8161926269531,331.0,331.3999938964844,326.3500061035156,330.20001220703125,3021700,MA
2020-08-19,321.1689453125,332.3999938964844,334.4599914550781,330.0,330.0400085449219,3421000,MA
2020-08-20,325.92266845703125,337.32000732421875,338.0,330.19000244140625,330.19000244140625,2966000,MA
2020-08-21,325.7101135253906,337.1000061035156,338.79998779296875,335.9700012207031,338.0,2680900,MA
2020-08-24,332.0292053222656,343.6400146484375,343.8299865722656,338.75,339.3599853515625,2753900,MA
2020-08-25,335.91339111328125,347.6600036621094,348.4599914550781,343.3299865722656,344.7099914550781,2862700,MA
2020-08-26,339.1598205566406,351.0199890136719,352.2900085449219,345.5,348.0,3512000,MA
2020-08-27,343.9715881347656,356.0,358.0,350.5799865722656,351.7300109863281,3811700,MA
2020-08-28,353.7496337890625,366.1199951171875,367.25,356.1600036621094,357.4800109863281,3544700,MA
2020-08-31,346.0875549316406,358.19000244140625,366.6300048828125,357.69000244140625,366.6300048828125,3948200,MA
2020-09-01,344.84112548828125,356.8999938964844,359.44000244140625,353.55999755859375,357.7099914550781,4409600,MA
2020-09-02,348.5128173828125,360.70001220703125,361.6000061035156,356.2799987792969,357.3900146484375,4127200,MA
2020-09-03,332.22235107421875,343.8399963378906,358.94000244140625,341.260009765625,358.4700012207031,6297400,MA
2020-09-04,323.690673828125,335.010009765625,346.989990234375,326.54998779296875,343.0,6571200,MA
2020-09-08,318.7341003417969,329.8800048828125,335.7099914550781,326.8999938964844,328.760009765625,4425700,MA
2020-09-09,328.164306640625,339.6400146484375,342.760009765625,332.3699951171875,337.3900146484375,3344900,MA
2020-09-10,321.6326599121094,332.8800048828125,345.1300048828125,331.1400146484375,342.5,2845900,MA
2020-09-11,318.99493408203125,330.1499938964844,334.7099914550781,327.30999755859375,334.7099914550781,2920400,MA
2020-09-14,327.15948486328125,338.6000061035156,340.0,334.0199890136719,334.9700012207031,3416100,MA
2020-09-15,327.6812744140625,339.1400146484375,343.92999267578125,338.5299987792969,342.739990234375,2396400,MA
2020-09-16,330.2996520996094,341.8500061035156,346.0400085449219,339.7900085449219,341.2799987792969,3049000,MA
2020-09-17,327.96136474609375,339.42999267578125,343.7200012207031,336.0,337.1400146484375,3713000,MA
2020-09-18,323.93231201171875,335.260009765625,341.1400146484375,333.3699951171875,338.2099914550781,4006000,MA
2020-09-21,316.77264404296875,327.8500061035156,331.6700134277344,320.80999755859375,329.4700012207031,4466000,MA
2020-09-22,323.9806823730469,335.30999755859375,336.0299987792969,325.1099853515625,329.510009765625,3375300,MA
2020-09-23,313.56488037109375,324.5299987792969,335.1700134277344,323.4700012207031,334.8399963378906,2893900,MA
2020-09-24,317.1204833984375,328.2099914550781,330.7799987792969,321.17999267578125,323.20001220703125,3706300,MA
2020-09-25,320.56988525390625,331.7799987792969,333.4800109863281,322.1000061035156,325.6499938964844,3077500,MA
2020-09-28,326.9566345214844,338.3900146484375,340.57000732421875,335.80999755859375,336.6099853515625,3122500,MA
2020-09-29,324.8695373535156,336.2300109863281,340.7200012207031,335.82000732421875,338.3900146484375,2679500,MA
2020-09-30,326.7440185546875,338.1700134277344,343.6499938964844,336.4200134277344,336.70001220703125,3285200,MA
2020-10-01,331.768310546875,343.3699951171875,346.70001220703125,340.2799987792969,342.239990234375,2503600,MA
2020-10-02,327.3816833496094,338.8299865722656,342.6099853515625,336.010009765625,338.2699890136719,2184600,MA
2020-10-05,331.6523742675781,343.25,343.25,338.9700012207031,341.67999267578125,2081600,MA
2020-10-06,326.0289611816406,337.42999267578125,346.3599853515625,336.2200012207031,342.05999755859375,2553400,MA
2020-10-07,332.2803649902344,343.8999938964844,344.6499938964844,340.3399963378906,341.7799987792969,3068200,MA
2020-10-08,333.8763732910156,345.1499938964844,347.69000244140625,344.239990234375,345.010009765625,1991800,MA
2020-10-09,340.8799743652344,352.3900146484375,353.3599853515625,347.0,347.989990234375,3116500,MA
2020-10-12,340.5414123535156,352.0400085449219,355.0,350.82000732421875,355.0,2942900,MA
2020-10-13,334.5439147949219,345.8399963378906,351.5,345.0199890136719,351.42999267578125,2523800,MA
2020-10-14,331.50653076171875,342.70001220703125,347.19000244140625,341.19000244140625,345.760009765625,2234300,MA
2020-10-15,327.5113830566406,338.57000732421875,339.6099853515625,332.82000732421875,338.29998779296875,3727300,MA
2020-10-16,328.3143310546875,339.3999938964844,344.9800109863281,339.2300109863281,340.0,3324600,MA
2020-10-19,320.8367919921875,331.6700134277344,341.29998779296875,330.42999267578125,340.1199951171875,2937600,MA
2020-10-20,320.8851318359375,331.7200012207031,336.79998779296875,331.67999267578125,333.0400085449219,2677800,MA
2020-10-21,322.5296630859375,333.4200134277344,336.32000732421875,331.29998779296875,332.489990234375,2725300,MA
2020-10-22,322.7037353515625,333.6000061035156,335.3800048828125,329.25,333.3699951171875,2256000,MA
2020-10-23,318.8440246582031,329.6099853515625,335.69000244140625,328.30999755859375,335.69000244140625,2945400,MA
2020-10-26,307.6712951660156,318.05999755859375,327.239990234375,314.2300109863281,326.4100036621094,5173300,MA
2020-10-27,306.7523498535156,317.1099853515625,319.55999755859375,312.3599853515625,318.8999938964844,4314900,MA
2020-10-28,281.86279296875,291.3800048828125,302.0,288.6000061035156,301.69000244140625,11518200,MA
2020-10-29,283.60394287109375,293.17999267578125,295.29998779296875,287.54998779296875,293.20001220703125,9582300,MA
2020-10-30,279.2122497558594,288.6400146484375,291.8500061035156,281.20001220703125,289.8500061035156,6892800,MA
2020-11-02,280.4988098144531,289.9700012207031,294.8399963378906,288.1199951171875,294.239990234375,5094900,MA
2020-11-03,285.7417907714844,295.3900146484375,300.3399963378906,291.7799987792969,294.45001220703125,4097700,MA
2020-11-04,297.166015625,307.20001220703125,312.7200012207031,302.239990234375,305.0899963378906,4790100,MA
2020-11-05,306.1912536621094,316.5299987792969,319.3500061035156,313.5799865722656,315.1400146484375,3794400,MA
2020-11-06,303.3957214355469,313.6400146484375,316.489990234375,310.0899963378906,315.9800109863281,2978500,MA
2020-11-09,333.3057861328125,344.55999755859375,357.0,340.8999938964844,346.9200134277344,10933700,MA
2020-11-10,323.8451843261719,334.7799987792969,345.8599853515625,333.44000244140625,339.989990234375,5330400,MA
2020-11-11,321.5332336425781,332.3900146484375,337.70001220703125,331.07000732421875,337.4100036621094,2969900,MA
2020-11-12,317.5672302246094,328.2900085449219,333.0899963378906,326.29998779296875,329.05999755859375,3207700,MA
2020-11-13,324.0870666503906,335.0299987792969,336.1099853515625,327.3399963378906,330.29998779296875,2393700,MA
2020-11-16,324.4933166503906,335.45001220703125,342.6499938964844,333.1700134277344,341.79998779296875,3312800,MA
2020-11-17,325.5090637207031,336.5,337.7699890136719,330.7200012207031,333.1700134277344,3412700,MA
2020-11-18,324.9673156738281,335.94000244140625,340.95001220703125,334.8599853515625,336.5299987792969,3203400,MA
2020-11-19,322.9745788574219,333.8800048828125,339.1600036621094,331.4200134277344,335.489990234375,2718700,MA
2020-11-20,312.4500732421875,323.0,335.1600036621094,323.0,334.7799987792969,4142400,MA
2020-11-23,321.19464111328125,332.0400085449219,333.20001220703125,324.3699951171875,326.2099914550781,3219000,MA
2020-11-24,331.2066650390625,342.3900146484375,344.1099853515625,334.1199951171875,336.9100036621094,3529700,MA
2020-11-25,330.171630859375,341.32000732421875,343.7099914550781,339.3399963378906,343.7099914550781,2535200,MA
2020-11-27,327.9951171875,339.07000732421875,342.8800048828125,337.6099853515625,342.8299865722656,1402300,MA
2020-11-30,325.5187072753906,336.510009765625,338.04998779296875,330.17999267578125,337.6600036621094,4276200,MA
2020-12-01,327.8113098144531,338.8800048828125,342.6300048828125,337.6199951171875,339.6700134277344,4210400,MA
2020-12-02,329.1075439453125,340.2200012207031,340.239990234375,334.0,336.7799987792969,2972100,MA
2020-12-03,324.19342041015625,335.1400146484375,342.32000732421875,334.1199951171875,338.55999755859375,3080300,MA
2020-12-04,333.10260009765625,344.3500061035156,344.3500061035156,335.79998779296875,336.9200134277344,4323600,MA
2020-12-07,329.82330322265625,340.9599914550781,347.989990234375,340.04998779296875,343.3599853515625,2389800,MA
2020-12-08,329.6589050292969,340.7900085449219,342.8299865722656,336.70001220703125,338.2799987792969,2224600,MA
2020-12-09,325.8476257324219,336.8500061035156,341.7099914550781,334.69000244140625,340.4100036621094,2962600,MA
2020-12-10,320.69171142578125,331.5199890136719,335.5400085449219,331.19000244140625,334.6499938964844,3506800,MA
2020-12-11,316.72564697265625,327.4200134277344,331.57000732421875,325.5299987792969,327.0899963378906,4179400,MA
2020-12-14,320.3337097167969,331.1499938964844,338.75,327.5899963378906,329.0,3552400,MA
2020-12-15,322.7521057128906,333.6499938964844,335.2200012207031,327.6199951171875,333.1600036621094,3104600,MA
2020-12-16,321.2527160644531,332.1000061035156,334.0,329.25,333.9599914550781,3393300,MA
2020-12-17,325.8959045410156,336.8999938964844,338.3299865722656,333.3999938964844,334.5400085449219,2725500,MA
2020-12-18,329.21392822265625,340.3299865722656,341.6000061035156,334.3500061035156,336.510009765625,8443700,MA
2020-12-21,323.4485778808594,334.3699951171875,336.1499938964844,327.239990234375,333.2099914550781,3642500,MA
2020-12-22,321.38818359375,332.239990234375,335.2200012207031,331.6000061035156,334.1600036621094,2403100,MA
2020-12-23,318.4764404296875,329.2300109863281,335.2099914550781,329.0299987792969,334.1300048828125,2760600,MA
2020-12-24,325.025390625,336.0,336.3699951171875,330.3500061035156,330.6499938964844,1308900,MA
2020-12-28,333.2186584472656,344.4700012207031,345.5899963378906,336.8699951171875,337.8599853515625,3449100,MA
2020-12-29,335.3370666503906,346.6600036621094,348.75,344.760009765625,347.7799987792969,2822700,MA
2020-12-30,343.9367980957031,355.54998779296875,357.82000732421875,347.2099914550781,348.67999267578125,4200600,MA
2020-12-31,345.2813720703125,356.94000244140625,359.4100036621094,353.25,355.0299987792969,2881700,MA
2021-01-04,340.0093994140625,351.489990234375,358.1300048828125,347.3599853515625,358.0,4638400,MA
2021-01-05,336.07232666015625,347.4200134277344,353.0,345.44000244140625,348.79998779296875,2990700,MA
2021-01-06,336.19805908203125,347.54998779296875,354.0299987792969,344.55999755859375,350.4200134277344,3966800,MA
2021-01-07,338.86163330078125,349.8599853515625,352.3699951171875,348.3800048828125,348.95001220703125,3100200,MA
2021-01-08,342.72625732421875,353.8500061035156,354.9800109863281,349.489990234375,351.3599853515625,3371500,MA
2021-01-11,337.25390625,348.20001220703125,353.4200134277344,347.7900085449219,352.1099853515625,2403000,MA
2021-01-12,332.13983154296875,342.9200134277344,348.0,336.0299987792969,347.0799865722656,4858100,MA
2021-01-13,335.442626953125,346.3299865722656,349.760009765625,344.2300109863281,349.6099853515625,4125700,MA
2021-01-14,316.6524658203125,326.92999267578125,349.5799865722656,326.69000244140625,348.69000244140625,8712200,MA
2021-01-15,313.097900390625,323.260009765625,329.69000244140625,321.8800048828125,327.5400085449219,7911500,MA
2021-01-19,315.69354248046875,325.94000244140625,329.1300048828125,324.6600036621094,326.989990234375,4625200,MA
2021-01-20,324.381591796875,334.9100036621094,337.92999267578125,329.1300048828125,329.989990234375,5081000,MA
2021-01-21,323.9264221191406,334.44000244140625,336.8599853515625,331.75,334.4100036621094,3484900,MA
2021-01-22,318.6477355957031,328.989990234375,335.1499938964844,328.9100036621094,330.3900146484375,3846600,MA
2021-01-25,318.8414611816406,329.19000244140625,329.95001220703125,317.2300109863281,327.510009765625,6257700,MA
2021-01-26,317.39825439453125,327.70001220703125,330.5400085449219,325.82000732421875,330.0,3503100,MA
2021-01-27,305.5721740722656,315.489990234375,323.0,313.1199951171875,320.3599853515625,7449400,MA
2021-01-28,314.0857849121094,324.2799987792969,329.0,321.9800109863281,327.0899963378906,6906400,MA
2021-01-29,306.34698486328125,316.2900085449219,325.67999267578125,312.3800048828125,323.79998779296875,7627200,MA
2021-02-01,311.4513244628906,321.55999755859375,323.5199890136719,317.5799865722656,320.9100036621094,4930700,MA
2021-02-02,323.85858154296875,334.3699951171875,336.1600036621094,323.45001220703125,323.45001220703125,5686000,MA
2021-02-03,322.3573303222656,332.82000732421875,336.0,331.07000732421875,333.8399963378906,4036800,MA
2021-02-04,330.11553955078125,340.8299865722656,343.25,335.05999755859375,335.3699951171875,4537500,MA
2021-02-05,328.1009826660156,338.75,344.3299865722656,337.3900146484375,342.5199890136719,2964800,MA
2021-02-08,326.43499755859375,337.0299987792969,341.489990234375,335.5299987792969,340.0,2652800,MA
2021-02-09,322.9578552246094,333.44000244140625,336.2200012207031,330.0,335.95001220703125,2993300,MA
2021-02-10,323.7037353515625,334.2099914550781,335.4700012207031,332.25,335.0,4246300,MA
2021-02-11,332.09136962890625,342.8699951171875,349.5899963378906,340.25,345.5,5110800,MA
2021-02-12,330.2801513671875,341.0,343.1199951171875,336.70001220703125,341.3299865722656,3025100,MA
2021-02-16,330.4835205078125,341.2099914550781,344.0,338.07000732421875,343.20001220703125,2916900,MA
2021-02-17,326.7255859375,337.3299865722656,340.3800048828125,335.8399963378906,339.0400085449219,2267000,MA
2021-02-18,327.8200378417969,338.4599914550781,339.95001220703125,332.8399963378906,334.489990234375,2393700,MA
2021-02-19,322.6962585449219,333.1700134277344,339.0,331.0,338.44000244140625,4095800,MA
2021-02-22,329.95086669921875,340.6600036621094,344.1199951171875,328.7699890136719,330.0,4940300,MA
2021-02-23,339.4040832519531,350.4200134277344,354.2799987792969,338.4100036621094,340.6499938964844,6326600,MA
2021-02-24,355.7727966308594,367.32000732421875,368.7900085449219,350.57000732421875,352.8699951171875,7467400,MA
2021-02-25,343.4234924316406,354.57000732421875,367.32000732421875,352.2099914550781,364.55999755859375,5207500,MA
2021-02-26,342.72625732421875,353.8500061035156,359.3900146484375,347.1199951171875,357.0799865722656,4868500,MA
2021-03-01,351.49163818359375,362.8999938964844,366.45001220703125,359.17999267578125,360.67999267578125,4382900,MA
2021-03-02,351.4142150878906,362.82000732421875,366.6099853515625,359.3399963378906,362.0,3559200,MA
2021-03-03,348.92510986328125,360.25,365.42999267578125,355.45001220703125,360.0,3692300,MA
2021-03-04,338.5129699707031,349.5,361.6300048828125,344.67999267578125,360.1000061035156,4572000,MA
2021-03-05,349.5352478027344,360.8800048828125,361.7900085449219,346.4200134277344,354.9200134277344,4643200,MA
2021-03-08,359.6567687988281,371.3299865722656,382.4599914550781,361.7900085449219,362.3999938964844,7213300,MA
2021-03-09,364.6834411621094,376.5199890136719,387.32000732421875,372.7200012207031,375.0,5832800,MA
2021-03-10,369.7008056640625,381.70001220703125,384.0,373.0,376.6000061035156,4509500,MA
2021-03-11,372.2964782714844,384.3800048828125,389.5,382.6000061035156,385.5,3729700,MA
2021-03-12,370.6789855957031,382.7099914550781,383.92999267578125,379.239990234375,381.1400146484375,2467500,MA
2021-03-15,369.7588195800781,381.760009765625,387.8599853515625,378.6400146484375,383.30999755859375,4216200,MA
2021-03-16,370.359375,382.3800048828125,385.2799987792969,378.69000244140625,382.70001220703125,3445100,MA
2021-03-17,366.7756042480469,378.67999267578125,385.1000061035156,375.8699951171875,381.8500061035156,3240900,MA
2021-03-18,355.4627990722656,367.0,375.4800109863281,365.0400085449219,375.0299987792969,7205200,MA
2021-03-19,345.3026123046875,356.510009765625,366.2799987792969,350.1400146484375,364.79998779296875,12224300,MA
2021-03-22,347.1331481933594,358.3999938964844,361.6499938964844,354.0,355.94000244140625,4140400,MA
2021-03-23,344.1015930175781,355.2699890136719,359.29998779296875,353.510009765625,359.29998779296875,3756300,MA
2021-03-24,348.3439025878906,359.6499938964844,364.989990234375,356.0,357.0799865722656,3550000,MA
2021-03-25,347.0943298339844,358.3599853515625,359.4700012207031,354.1499938964844,358.010009765625,2961800,MA
2021-03-26,354.6299133300781,366.1400146484375,366.6099853515625,357.260009765625,359.92999267578125,2741200,MA
2021-03-29,351.5014343261719,362.9100036621094,365.3500061035156,358.6099853515625,364.239990234375,4054900,MA
2021-03-30,346.9395446777344,358.20001220703125,364.57000732421875,357.1000061035156,360.7799987792969,2885800,MA
2021-03-31,344.8570861816406,356.04998779296875,361.5,355.7799987792969,359.5899963378906,4372600,MA
2021-04-01,351.87908935546875,363.29998779296875,363.3999938964844,355.239990234375,357.0400085449219,3701800,MA
2021-04-05,356.7413330078125,368.32000732421875,370.5199890136719,364.3399963378906,366.79998779296875,2180300,MA
2021-04-06,357.9520568847656,369.57000732421875,370.75,362.5,364.8999938964844,2661900,MA
2021-04-07,359.4145812988281,371.0799865722656,373.9599914550781,369.0,369.1400146484375,2958300,MA
2021-04-08,366.2995300292969,377.739990234375,379.30999755859375,372.75,373.0,3528400,MA
2021-04-09,368.56866455078125,380.0799865722656,380.3500061035156,374.44000244140625,376.0799865722656,2429300,MA
2021-04-12,368.33587646484375,379.8399963378906,380.94000244140625,376.17999267578125,378.0799865722656,2896600,MA
2021-04-13,366.677734375,378.1300048828125,380.1000061035156,376.79998779296875,379.05999755859375,2652800,MA
2021-04-14,366.8619384765625,378.32000732421875,380.95001220703125,375.6000061035156,377.0,2317400,MA
2021-04-15,374.7845764160156,386.489990234375,387.3699951171875,380.9700012207031,381.1700134277344,2942200,MA
2021-04-16,374.4742126464844,386.1700134277344,389.1000061035156,383.6700134277344,389.0,2725500,MA
2021-04-19,370.585693359375,382.1600036621094,387.739990234375,381.32000732421875,384.8999938964844,3360900,MA
2021-04-20,365.2231750488281,376.6300048828125,381.30999755859375,373.55999755859375,380.19000244140625,3135900,MA
2021-04-21,371.4971923828125,383.1000061035156,384.1000061035156,376.6700134277344,378.5899963378906,2466300,MA
2021-04-22,371.7492980957031,383.3599853515625,389.5,381.989990234375,383.0799865722656,3713700,MA
2021-04-23,375.3372497558594,387.05999755859375,389.8800048828125,383.4599914550781,384.3500061035156,2294800,MA
2021-04-26,375.73486328125,387.4700012207031,392.94000244140625,387.1000061035156,387.8299865722656,2255000,MA
2021-04-27,377.2864074707031,389.07000732421875,390.42999267578125,386.1400146484375,388.2200012207031,2270000,MA
2021-04-28,383.6669921875,395.6499938964844,401.5,390.70001220703125,390.70001220703125,4065300,MA
2021-04-29,377.16998291015625,388.95001220703125,392.3900146484375,383.80999755859375,391.5,4637100,MA
2021-04-30,370.4886474609375,382.05999755859375,385.0,375.6099853515625,382.8599853515625,4043200,MA
2021-05-03,367.9092102050781,379.3999938964844,386.8699951171875,376.8500061035156,385.4700012207031,3344100,MA
2021-05-04,364.52496337890625,375.9100036621094,378.2099914550781,371.5799865722656,377.07000732421875,3321200,MA
2021-05-05,357.96002197265625,369.1400146484375,379.6400146484375,368.0299987792969,377.92999267578125,2993900,MA
2021-05-06,364.10797119140625,375.4800109863281,375.7300109863281,365.70001220703125,371.1400146484375,3787300,MA
2021-05-07,364.0303649902344,375.3999938964844,378.6400146484375,373.55999755859375,377.260009765625,2935900,MA
2021-05-10,355.2447814941406,366.3399963378906,376.0,365.4100036621094,375.7900085449219,3193700,MA
2021-05-11,356.476318359375,367.6099853515625,368.92999267578125,359.2699890136719,361.010009765625,3073100,MA
2021-05-12,345.8191833496094,356.6199951171875,365.3800048828125,355.6400146484375,364.75,3293200,MA
2021-05-13,349.1162109375,360.0199890136719,362.8399963378906,357.9200134277344,359.3299865722656,2626000,MA
2021-05-14,352.888427734375,363.9100036621094,364.7099914550781,361.489990234375,363.0299987792969,2959700,MA
2021-05-17,352.2968444824219,363.29998779296875,364.05999755859375,358.05999755859375,362.29998779296875,2511600,MA
2021-05-18,352.0738525390625,363.07000732421875,369.8399963378906,362.8800048828125,367.0,3421200,MA
2021-05-19,350.047119140625,360.9800109863281,361.1499938964844,355.3699951171875,357.3299865722656,3577900,MA
2021-05-20,356.5635681152344,367.70001220703125,369.4100036621094,362.489990234375,362.94000244140625,4087500,MA
2021-05-21,356.46661376953125,367.6000061035156,372.5299987792969,367.4599914550781,369.1400146484375,2708700,MA
2021-05-24,361.10186767578125,372.3800048828125,373.739990234375,369.6400146484375,370.0799865722656,2351500,MA
2021-05-25,356.09808349609375,367.2200012207031,373.75,366.82000732421875,373.1300048828125,3916300,MA
2021-05-26,351.66650390625,362.6499938964844,369.9100036621094,362.04998779296875,369.0,3101900,MA
2021-05-27,351.03619384765625,362.0,366.3999938964844,360.5400085449219,364.54998779296875,5416300,MA
2021-05-28,349.6591796875,360.5799865722656,365.4100036621094,360.4200134277344,363.5,3624300,MA
2021-06-01,348.8931884765625,359.7900085449219,365.3999938964844,359.5400085449219,364.4800109863281,3119700,MA
2021-06-02,355.7393798828125,366.8500061035156,371.1700134277344,362.8800048828125,363.5299987792969,3531000,MA
2021-06-03,350.8617248535156,361.82000732421875,366.69000244140625,361.7300109863281,363.3599853515625,2605900,MA
2021-06-04,354.93450927734375,366.0199890136719,366.6300048828125,363.70001220703125,364.30999755859375,2295200,MA
2021-06-07,353.0531921386719,364.0799865722656,371.3500061035156,363.2799987792969,367.79998779296875,2133400,MA
2021-06-08,354.197509765625,365.260009765625,367.67999267578125,363.2300109863281,365.0,3224200,MA
2021-06-09,352.325927734375,363.3299865722656,369.32000732421875,363.3299865722656,366.94000244140625,2520900,MA
2021-06-10,353.26654052734375,364.29998779296875,365.6400146484375,361.9599914550781,364.69000244140625,2460200,MA
2021-06-11,354.4302062988281,365.5,366.8500061035156,363.79998779296875,365.5400085449219,2708300,MA
2021-06-14,355.4193420410156,366.5199890136719,366.6300048828125,362.1000061035156,366.0,2515300,MA
2021-06-15,356.9708557128906,368.1199951171875,368.75,362.739990234375,367.3399963378906,3562500,MA
2021-06-16,352.8011779785156,363.82000732421875,369.3800048828125,361.29998779296875,369.3800048828125,3081000,MA
2021-06-17,356.1659851074219,367.2900085449219,369.1499938964844,361.2300109863281,363.5,3824900,MA
2021-06-18,356.2920837402344,367.4200134277344,370.3800048828125,362.0,362.1199951171875,5009400,MA
2021-06-21,361.79034423828125,373.0899963378906,376.45001220703125,366.20001220703125,368.6199951171875,3094600,MA
2021-06-22,366.5904541015625,378.0400085449219,378.760009765625,372.0199890136719,373.989990234375,3582700,MA
2021-06-23,363.7782287597656,375.1400146484375,378.7200012207031,374.2900085449219,378.0,2241800,MA
2021-06-24,363.4000549316406,374.75,380.05999755859375,372.8999938964844,379.0,2788200,MA
2021-06-25,368.1128234863281,379.6099853515625,379.6499938964844,373.3299865722656,375.45001220703125,3983900,MA
2021-06-28,356.544189453125,367.67999267578125,380.9200134277344,365.1199951171875,380.9200134277344,4800300,MA
2021-06-29,356.8544616699219,368.0,371.3900146484375,367.9100036621094,369.010009765625,3394300,MA
2021-06-30,354.0326843261719,365.0899963378906,370.1700134277344,364.2699890136719,367.95001220703125,2884900,MA
2021-07-01,359.4824523925781,370.7099914550781,371.2099914550781,365.6000061035156,366.04998779296875,3108500,MA
2021-07-02,363.6716003417969,375.0299987792969,375.489990234375,372.1499938964844,372.69000244140625,2786500,MA
2021-07-06,364.7285461425781,376.1199951171875,378.239990234375,371.5,376.6499938964844,2740500,MA
2021-07-07,362.5952453613281,373.9200134277344,378.1499938964844,372.45001220703125,376.7900085449219,3176600,MA
2021-07-08,359.4010314941406,370.19000244140625,370.5899963378906,365.6499938964844,367.5,2809000,MA
2021-07-09,362.07098388671875,372.94000244140625,373.4800109863281,369.8900146484375,371.8500061035156,2404800,MA
2021-07-12,364.6145935058594,375.55999755859375,376.07000732421875,372.0799865722656,375.0,2648300,MA
2021-07-13,372.527099609375,383.7099914550781,386.6400146484375,375.54998779296875,375.54998779296875,5161000,MA
2021-07-14,379.4104309082031,390.79998779296875,391.6300048828125,382.9800109863281,382.9800109863281,4140500,MA
2021-07-15,378.8570861816406,390.2300109863281,393.29998779296875,387.45001220703125,390.1400146484375,3773000,MA
2021-07-16,375.8376770019531,387.1199951171875,393.4599914550781,385.3299865722656,393.1499938964844,2706500,MA
2021-07-19,354.79931640625,365.45001220703125,378.6000061035156,363.3699951171875,378.0,6814400,MA
2021-07-20,363.4786682128906,374.3900146484375,376.6000061035156,365.2699890136719,367.0,3542200,MA
2021-07-21,368.98345947265625,380.05999755859375,380.8999938964844,375.04998779296875,376.0299987792969,2393100,MA
2021-07-22,371.02227783203125,382.1600036621094,382.8599853515625,377.04998779296875,380.29998779296875,4180300,MA
2021-07-23,381.7987976074219,393.260009765625,394.5,385.0899963378906,385.0899963378906,3720300,MA
2021-07-26,381.35205078125,392.79998779296875,392.8900146484375,388.2699890136719,391.6700134277344,2285800,MA
2021-07-27,378.8959045410156,390.2699890136719,395.2799987792969,385.8900146484375,390.0,2783800,MA
2021-07-28,372.264892578125,383.44000244140625,391.7300109863281,382.3299865722656,391.6199951171875,3372600,MA
2021-07-29,377.4783935546875,388.80999755859375,394.739990234375,387.5,387.5,3774000,MA
2021-07-30,374.6920166015625,385.94000244140625,389.0,383.0799865722656,389.0,2533300,MA
2021-08-02,364.3233337402344,375.260009765625,389.9800109863281,373.79998779296875,389.29998779296875,3430300,MA
2021-08-03,356.8865661621094,367.6000061035156,376.6700134277344,359.57000732421875,376.6600036621094,6328500,MA
2021-08-04,357.28472900390625,368.010009765625,369.260009765625,363.42999267578125,367.2799987792969,3203200,MA
2021-08-05,361.10015869140625,371.94000244140625,371.9599914550781,367.0,368.20001220703125,2562400,MA
2021-08-06,363.61456298828125,374.5299987792969,375.5,371.0,371.4200134277344,2038500,MA
2021-08-09,359.8768005371094,370.67999267578125,374.5,368.8900146484375,374.19000244140625,2400800,MA
2021-08-10,357.1195983886719,367.8399963378906,372.75,364.1099853515625,372.2900085449219,3225000,MA
2021-08-11,353.6244812011719,364.239990234375,369.9599914550781,363.75,368.54998779296875,3267700,MA
2021-08-12,351.4303894042969,361.9800109863281,363.2200012207031,357.8500061035156,362.57000732421875,3802900,MA
2021-08-13,352.17791748046875,362.75,363.5,360.6300048828125,362.260009765625,2304600,MA
2021-08-16,352.96429443359375,363.55999755859375,363.80999755859375,356.6199951171875,360.5,2937300,MA
2021-08-17,352.6439208984375,363.2300109863281,364.4599914550781,359.7900085449219,362.0,2812800,MA
2021-08-18,350.4303894042969,360.95001220703125,365.67999267578125,360.5899963378906,361.17999267578125,2774500,MA
2021-08-19,346.8965148925781,357.30999755859375,360.1400146484375,354.7200012207031,356.8999938964844,2727900,MA
2021-08-20,344.64404296875,354.989990234375,358.32000732421875,353.3299865722656,357.3599853515625,4135900,MA
2021-08-23,350.4886779785156,361.010009765625,362.239990234375,356.75,357.4700012207031,3537900,MA
2021-08-24,351.2362060546875,361.7799987792969,366.1000061035156,361.4700012207031,363.0299987792969,3032000,MA
2021-08-25,348.6343078613281,359.1000061035156,362.3999938964844,358.5,361.9599914550781,2340400,MA
2021-08-26,342.576171875,352.8599853515625,358.20001220703125,351.79998779296875,358.0,3946300,MA
2021-08-27,345.3625793457031,355.7300109863281,356.5,351.6499938964844,352.4599914550781,3698300,MA
2021-08-30,342.76055908203125,353.04998779296875,358.0400085449219,352.25,354.79998779296875,4032100,MA
2021-08-31,336.1393737792969,346.2300109863281,355.2200012207031,344.67999267578125,352.94000244140625,6780400,MA
2021-09-01,339.3820495605469,349.57000732421875,352.04998779296875,347.29998779296875,347.3800048828125,4499600,MA
2021-09-02,331.3336181640625,341.2799987792969,350.5400085449219,339.3299865722656,350.510009765625,7412000,MA
2021-09-03,330.3142395019531,340.2300109863281,344.1400146484375,338.92999267578125,339.92999267578125,5171000,MA
2021-09-07,334.6636657714844,344.7099914550781,348.0,343.0199890136719,344.8900146484375,4764300,MA
2021-09-08,340.8092041015625,351.0400085449219,352.0,345.0,345.0,5054500,MA
2021-09-09,341.16839599609375,351.4100036621094,353.6400146484375,349.9200134277344,350.7099914550781,3716200,MA
2021-09-10,337.2655944824219,347.3900146484375,355.0,347.0199890136719,354.92999267578125,3437700,MA
2021-09-13,337.68310546875,347.82000732421875,351.989990234375,346.3599853515625,350.0,3234200,MA
2021-09-14,335.7218933105469,345.79998779296875,349.8800048828125,345.25,349.67999267578125,3281900,MA
2021-09-15,334.7025451660156,344.75,347.5299987792969,342.760009765625,347.0,3833500,MA
2021-09-16,336.2170104980469,346.30999755859375,347.67999267578125,344.69000244140625,345.4100036621094,3771100,MA
2021-09-17,333.0423889160156,343.0400085449219,346.0,340.7699890136719,344.0,5527500,MA
2021-09-20,329.7900085449219,339.69000244140625,341.1099853515625,335.6199951171875,338.32000732421875,3956600,MA
2021-09-21,327.54736328125,337.3800048828125,343.17999267578125,337.2799987792969,342.20001220703125,2967300,MA
2021-09-22,333.4014587402344,343.4100036621094,343.8699951171875,338.5400085449219,339.29998779296875,3238800,MA
2021-09-23,343.7508850097656,354.07000732421875,354.7900085449219,345.20001220703125,345.739990234375,4783200,MA
2021-09-24,347.7217102050781,358.1600036621094,359.92999267578125,352.760009765625,354.0299987792969,3306200,MA
2021-09-27,346.3722229003906,356.7699890136719,362.5899963378906,355.1600036621094,357.04998779296875,4158000,MA
2021-09-28,340.9450988769531,351.17999267578125,356.0,349.04998779296875,355.5,3266900,MA
2021-09-29,342.8965759277344,353.19000244140625,357.17999267578125,352.4100036621094,352.80999755859375,2808800,MA
2021-09-30,337.547119140625,347.67999267578125,356.0,347.3999938964844,354.739990234375,4393300,MA
2021-10-01,349.6828308105469,360.17999267578125,363.17999267578125,347.1600036621094,349.8299865722656,5227300,MA
2021-10-04,334.16864013671875,344.20001220703125,360.6499938964844,339.3399963378906,359.92999267578125,7901500,MA
2021-10-05,333.2073669433594,343.2099914550781,348.57000732421875,342.92999267578125,347.55999755859375,4724100,MA
2021-10-06,338.52777099609375,348.69000244140625,348.8800048828125,339.1099853515625,340.010009765625,3712000,MA
2021-10-07,344.02972412109375,353.9100036621094,357.8999938964844,349.0,349.0,3209200,MA
2021-10-08,345.0504150390625,354.9599914550781,360.3699951171875,354.2099914550781,356.0,2336700,MA
2021-10-11,337.45843505859375,347.1499938964844,354.8800048828125,346.8999938964844,353.95001220703125,2769800,MA
2021-10-12,335.6988830566406,345.3399963378906,350.0,344.6199951171875,348.6499938964844,3042900,MA
2021-10-13,332.7924499511719,342.3500061035156,349.5,336.9800109863281,346.25,3755700,MA
2021-10-14,334.9601745605469,344.5799865722656,345.80999755859375,340.8299865722656,343.8399963378906,4083800,MA
2021-10-15,346.0614013671875,356.0,356.6099853515625,347.739990234375,349.0,4053600,MA
2021-10-18,348.4332580566406,358.44000244140625,359.94000244140625,350.2300109863281,353.9599914550781,3280900,MA
2021-10-19,351.99102783203125,362.1000061035156,362.2900085449219,357.6099853515625,358.3999938964844,2835400,MA
2021-10-20,346.80987548828125,356.7699890136719,362.489990234375,356.0,361.70001220703125,2796200,MA
2021-10-21,346.2655334472656,356.2099914550781,356.3800048828125,347.2699890136719,354.6000061035156,2516300,MA
2021-10-22,348.6568298339844,358.6700134277344,361.6400146484375,354.8999938964844,356.67999267578125,2774400,MA
2021-10-25,350.78570556640625,360.8599853515625,364.29998779296875,358.7900085449219,362.4599914550781,2447900,MA
2021-10-26,347.3445739746094,357.32000732421875,367.3500061035156,356.80999755859375,363.3800048828125,3320100,MA
2021-10-27,326.34747314453125,335.7200012207031,351.1199951171875,333.79998779296875,348.0,9652700,MA
2021-10-28,323.7326354980469,333.0299987792969,350.489990234375,328.8699951171875,344.1700134277344,9505100,MA
2021-10-29,326.153076171875,335.5199890136719,338.1499938964844,331.1099853515625,331.239990234375,5843700,MA
2021-11-01,324.72406005859375,334.04998779296875,340.8999938964844,332.8800048828125,335.25,5126200,MA
2021-11-02,319.30963134765625,328.4800109863281,335.7699890136719,326.70001220703125,335.1300048828125,5375300,MA
2021-11-03,320.23309326171875,329.42999267578125,329.5799865722656,323.3399963378906,328.5,3952500,MA
2021-11-04,326.0655822753906,335.42999267578125,338.6300048828125,329.3299865722656,331.07000732421875,4819500,MA
2021-11-05,339.0526123046875,348.7900085449219,350.1600036621094,341.0,342.44000244140625,7201500,MA
2021-11-08,339.9080810546875,349.6700134277344,353.1499938964844,347.6600036621094,348.010009765625,3862200,MA
2021-11-09,335.0281677246094,344.6499938964844,350.20001220703125,339.6499938964844,350.0,4247800,MA
2021-11-10,347.9471740722656,357.94000244140625,359.6199951171875,349.5,350.1000061035156,6337100,MA
2021-11-11,344.4477233886719,354.3399963378906,359.6400146484375,352.57000732421875,358.3800048828125,4472200,MA
2021-11-12,353.3520202636719,363.5,363.8399963378906,355.92999267578125,356.05999755859375,4724200,MA
2021-11-15,351.271728515625,361.3599853515625,371.1300048828125,360.6600036621094,365.1400146484375,4693200,MA
2021-11-16,359.2427673339844,369.55999755859375,371.07000732421875,362.0,364.7699890136719,4969000,MA
2021-11-17,349.14288330078125,359.1700134277344,368.0,351.2200012207031,359.5799865722656,11727300,MA
2021-11-18,338.4985656738281,348.2200012207031,362.4800109863281,344.5799865722656,360.7300109863281,6533700,MA
2021-11-19,330.23583984375,339.7200012207031,346.6499938964844,339.1300048828125,346.0,6954800,MA
2021-11-22,312.33001708984375,321.29998779296875,341.4800109863281,319.760009765625,339.79998779296875,11378200,MA
2021-11-23,319.8151550292969,329.0,329.69000244140625,321.69000244140625,324.9599914550781,7116200,MA
2021-11-24,330.50799560546875,340.0,340.3599853515625,325.0199890136719,326.95001220703125,6414400,MA
2021-11-26,315.1199951171875,324.1700134277344,326.8699951171875,319.0,321.5799865722656,6613900,MA
2021-11-29,313.9923095703125,323.010009765625,331.82000732421875,318.25,330.010009765625,6362200,MA
2021-11-30,306.12823486328125,314.9200134277344,320.760009765625,310.1099853515625,318.0,10237600,MA
2021-12-01,297.72930908203125,306.2799987792969,322.0199890136719,306.0,320.7799987792969,8008800,MA
2021-12-02,311.26080322265625,320.20001220703125,322.20001220703125,308.989990234375,309.5899963378906,6717600,MA
2021-12-03,313.1175231933594,322.1099853515625,322.69000244140625,314.0,320.239990234375,4732900,MA
2021-12-06,324.02423095703125,333.3299865722656,336.760009765625,322.0,324.75,6055000,MA
2021-12-07,330.0317687988281,339.510009765625,342.4200134277344,337.29998779296875,337.29998779296875,4939500,MA
2021-12-08,332.7827453613281,342.3399963378906,344.0299987792969,334.1000061035156,339.2300109863281,4226900,MA
2021-12-09,334.9018249511719,344.5199890136719,346.5299987792969,339.010009765625,340.04998779296875,3389600,MA
2021-12-10,340.15106201171875,349.9200134277344,350.25,344.8299865722656,347.0,3405900,MA
2021-12-13,335.6697692871094,345.30999755859375,349.5299987792969,340.3299865722656,349.19000244140625,4358300,MA
2021-12-14,331.0426330566406,340.54998779296875,348.2099914550781,337.8599853515625,345.32000732421875,4518500,MA
2021-12-15,336.6806945800781,346.3500061035156,346.5899963378906,335.5299987792969,340.0,4918700,MA
2021-12-16,343.0673522949219,352.9200134277344,353.7699890136719,345.1199951171875,351.70001220703125,5369900,MA
2021-12-17,339.55816650390625,349.30999755859375,352.7900085449219,344.1199951171875,349.19000244140625,5898200,MA
2021-12-20,327.6112060546875,337.0199890136719,343.5299987792969,336.2300109863281,341.239990234375,5013900,MA
2021-12-21,340.94818115234375,350.739990234375,352.0,339.3699951171875,340.3299865722656,3105100,MA
2021-12-22,347.5000915527344,357.4800109863281,358.6199951171875,346.5799865722656,346.5799865722656,3456400,MA
2021-12-23,350.5133972167969,360.5799865722656,362.4700012207031,355.0,357.5400085449219,2627000,MA
2021-12-27,350.2510986328125,360.30999755859375,361.0799865722656,355.6000061035156,360.0,2677100,MA
2021-12-28,350.7079772949219,360.7799987792969,364.1400146484375,358.4100036621094,358.7900085449219,1920100,MA
2021-12-29,351.2037048339844,361.2900085449219,363.1499938964844,360.19000244140625,361.7799987792969,1535200,MA
2021-12-30,350.91204833984375,360.989990234375,364.6499938964844,359.1099853515625,362.0,1558000,MA
2021-12-31,349.28863525390625,359.32000732421875,363.3800048828125,356.7799987792969,357.95001220703125,1984000,MA
2022-01-03,360.5939636230469,370.95001220703125,372.32000732421875,359.25,359.7900085449219,4708200,MA
2022-01-04,364.9100036621094,375.3900146484375,382.3999938964844,371.6499938964844,371.989990234375,6854500,MA
2022-01-05,363.4615783691406,373.8999938964844,382.5,372.510009765625,374.0,5976600,MA
2022-01-06,360.1424865722656,370.0,374.2200012207031,366.5,368.69000244140625,4781100,MA
2022-01-07,359.80181884765625,369.6499938964844,371.7900085449219,364.1099853515625,366.3900146484375,4551200,MA
2022-01-10,354.2146911621094,363.9100036621094,370.9100036621094,348.7699890136719,370.9100036621094,6009300,MA
2022-01-11,356.5313720703125,366.2900085449219,368.05999755859375,356.0899963378906,363.5299987792969,4131200,MA
2022-01-12,357.5241394042969,367.30999755859375,372.1199951171875,367.07000732421875,368.94000244140625,5783100,MA
2022-01-13,359.6752624511719,369.5199890136719,377.67999267578125,367.8800048828125,368.6099853515625,3892900,MA
2022-01-14,362.2254333496094,372.1400146484375,374.7799987792969,364.1499938964844,364.32000732421875,4029900,MA
2022-01-18,356.541015625,366.29998779296875,372.1400146484375,365.20001220703125,370.7900085449219,4933900,MA
2022-01-19,351.119384765625,360.7300109863281,369.29998779296875,359.7099914550781,362.4100036621094,4464800,MA
2022-01-20,354.3023376464844,364.0,373.07000732421875,361.6700134277344,361.8299865722656,5043200,MA
2022-01-21,345.6199645996094,355.0799865722656,368.1300048828125,354.1099853515625,362.5,4867100,MA
2022-01-24,340.11077880859375,349.4200134277344,350.1000061035156,330.5899963378906,342.57000732421875,7472800,MA
2022-01-25,329.7347717285156,338.760009765625,347.0400085449219,333.3900146484375,343.32000732421875,6994400,MA
2022-01-26,335.47760009765625,344.6600036621094,354.7699890136719,341.25,343.3599853515625,7438600,MA
2022-01-27,341.19122314453125,350.5299987792969,359.6300048828125,334.3299865722656,349.0799865722656,8416100,MA
2022-01-28,372.3192443847656,382.510009765625,382.7699890136719,355.3800048828125,359.04998779296875,8813400,MA
2022-01-31,376.0861511230469,386.3800048828125,386.54998779296875,376.2900085449219,378.67999267578125,6345200,MA
2022-02-01,381.6147155761719,392.05999755859375,395.5,382.4200134277344,385.760009765625,5841100,MA
2022-02-02,386.1798400878906,396.75,399.9200134277344,382.75,389.2900085449219,6115000,MA
2022-02-03,379.6777648925781,390.07000732421875,392.94000244140625,386.489990234375,388.5400085449219,4209200,MA
2022-02-04,372.0174560546875,382.20001220703125,388.1499938964844,376.4100036621094,387.57000732421875,6045400,MA
2022-02-07,366.1091613769531,376.1300048828125,382.3999938964844,373.30999755859375,382.20001220703125,4767500,MA
2022-02-08,364.3960266113281,374.3699951171875,379.7699890136719,370.5400085449219,377.5400085449219,5825300,MA
2022-02-09,371.2095642089844,381.3699951171875,388.45001220703125,380.6000061035156,385.6000061035156,5492800,MA
2022-02-10,364.4154968261719,374.3900146484375,380.0,370.55999755859375,371.7200012207031,3995000,MA
2022-02-11,359.9185485839844,369.7699890136719,380.8999938964844,367.6400146484375,377.8599853515625,4345600,MA
2022-02-14,364.1916809082031,374.1600036621094,377.2900085449219,366.760009765625,368.82000732421875,3678400,MA
2022-02-15,371.37506103515625,381.5400085449219,383.07000732421875,373.3999938964844,374.5799865722656,5800400,MA
2022-02-16,372.72796630859375,382.92999267578125,385.0,376.7799987792969,379.9599914550781,3424800,MA
2022-02-17,363.74395751953125,373.70001220703125,381.2900085449219,372.1700134277344,378.6000061035156,3972500,MA
2022-02-18,360.09381103515625,369.95001220703125,374.80999755859375,369.0,374.510009765625,4083800,MA
2022-02-22,358.4779968261719,368.2900085449219,374.32000732421875,363.79998779296875,365.0,3897900,MA
2022-02-23,351.6061096191406,361.2300109863281,373.55999755859375,360.1300048828125,371.9700012207031,3802500,MA
2022-02-24,359.5389709472656,369.3800048828125,370.5400085449219,341.30999755859375,345.94000244140625,7425000,MA
2022-02-25,359.2567443847656,369.0899963378906,372.5899963378906,361.70001220703125,367.2200012207031,3817900,MA
2022-02-28,351.2071228027344,360.82000732421875,365.3599853515625,355.6600036621094,362.19000244140625,4952400,MA
2022-03-01,335.3023986816406,344.4800109863281,361.5799865722656,341.2200012207031,357.8500061035156,5894200,MA
2022-03-02,334.9226989746094,344.0899963378906,348.32000732421875,338.69000244140625,342.9599914550781,4997900,MA
2022-03-03,331.90533447265625,340.989990234375,349.5,340.70001220703125,347.6300048828125,3975900,MA
2022-03-04,321.94793701171875,330.760009765625,338.8299865722656,324.0,336.8999938964844,4670900,MA
2022-03-07,304.5831298828125,312.9200134277344,329.79998779296875,312.1099853515625,329.5799865722656,6874300,MA
2022-03-08,305.9555969238281,314.3299865722656,324.7300109863281,305.6099853515625,311.3900146484375,5048200,MA
2022-03-09,319.38800048828125,328.1300048828125,329.45001220703125,321.1099853515625,323.1499938964844,4015900,MA
2022-03-10,315.9422607421875,324.5899963378906,326.1199951171875,319.75,321.94000244140625,3771300,MA
2022-03-11,316.136962890625,324.7900085449219,330.9700012207031,324.0299987792969,330.0299987792969,2987700,MA
2022-03-14,319.8357238769531,328.5899963378906,336.8800048828125,327.260009765625,329.1000061035156,4122700,MA
2022-03-15,326.0749206542969,335.0,338.3800048828125,331.2099914550781,332.4200134277344,3738900,MA
2022-03-16,335.4970397949219,344.67999267578125,350.94000244140625,336.67999267578125,341.989990234375,4340800,MA
2022-03-17,337.2102355957031,346.44000244140625,346.8800048828125,339.75,341.6000061035156,3244200,MA
2022-03-18,340.762939453125,350.0899963378906,352.739990234375,342.489990234375,346.70001220703125,6790800,MA
2022-03-21,336.3730773925781,345.5799865722656,350.0,342.489990234375,346.0199890136719,6053800,MA
2022-03-22,340.2178649902344,349.5299987792969,353.92999267578125,345.510009765625,346.7799987792969,4669900,MA
2022-03-23,333.0636291503906,342.17999267578125,346.7300109863281,341.75,343.3999938964844,2527800,MA
2022-03-24,340.0426330566406,349.3500061035156,349.45001220703125,340.70001220703125,342.25,2482700,MA
2022-03-25,339.72137451171875,349.0199890136719,351.5400085449219,345.6499938964844,350.4100036621094,2173800,MA
2022-03-28,341.15228271484375,350.489990234375,350.55999755859375,343.5299987792969,348.510009765625,3134600,MA
2022-03-29,357.7577819824219,367.54998779296875,370.760009765625,357.1000061035156,358.7200012207031,5512400,MA
2022-03-30,352.5892028808594,362.239990234375,368.2799987792969,359.6199951171875,364.010009765625,2614200,MA
2022-03-31,347.8587341308594,357.3800048828125,364.1199951171875,357.3599853515625,359.5799865722656,4095700,MA
2022-04-01,354.27313232421875,363.9700012207031,367.8900146484375,358.1700134277344,359.2200012207031,3806800,MA
2022-04-04,357.1348571777344,366.9100036621094,369.760009765625,363.1499938964844,364.25,3027200,MA
2022-04-05,353.64044189453125,363.32000732421875,367.6300048828125,361.92999267578125,363.30999755859375,2215900,MA
2022-04-06,344.1307067871094,353.54998779296875,357.0899963378906,349.5799865722656,356.4700012207031,3864500,MA
2022-04-07,340.7095031738281,349.54998779296875,352.8999938964844,345.80999755859375,351.17999267578125,2848500,MA
2022-04-08,343.3607177734375,352.2699890136719,355.8900146484375,345.6499938964844,347.29998779296875,2235100,MA
2022-04-11,338.5846252441406,347.3699951171875,351.5,345.82000732421875,350.6400146484375,1809200,MA
2022-04-12,337.0543518066406,345.79998779296875,354.4800109863281,344.4800109863281,350.0,4038500,MA
2022-04-13,346.1581115722656,355.1400146484375,357.0,342.8699951171875,344.4100036621094,3048500,MA
2022-04-14,348.7703552246094,357.82000732421875,362.95001220703125,356.8699951171875,357.17999267578125,3358900,MA
2022-04-18,347.7760925292969,356.79998779296875,360.760009765625,353.2200012207031,353.989990234375,1871400,MA
2022-04-19,354.6673889160156,363.8699951171875,364.6700134277344,356.07000732421875,356.80999755859375,2999300,MA
2022-04-20,356.0513610839844,365.2900085449219,371.8900146484375,363.8699951171875,366.6600036621094,3377300,MA
2022-04-21,355.22296142578125,364.44000244140625,375.2200012207031,363.4599914550781,369.4800109863281,3605300,MA
2022-04-22,342.2982177734375,351.17999267578125,362.1000061035156,350.6099853515625,360.5,2968800,MA
2022-04-25,345.63177490234375,354.6000061035156,355.05999755859375,347.1499938964844,349.2799987792969,3380400,MA
2022-04-26,335.40704345703125,344.1099853515625,350.05999755859375,343.5799865722656,347.94000244140625,3116400,MA
2022-04-27,352.425537109375,361.57000732421875,373.739990234375,356.0,357.0,5702300,MA
2022-04-28,369.24896240234375,378.8299865722656,381.9700012207031,368.7900085449219,369.1300048828125,6843300,MA
2022-04-29,354.1897888183594,363.3800048828125,377.1199951171875,361.75,372.04998779296875,4741800,MA
2022-05-02,349.9594421386719,359.0400085449219,364.92999267578125,350.5899963378906,363.0,3903800,MA
2022-05-03,348.7410888671875,357.7900085449219,363.44000244140625,353.44000244140625,361.5899963378906,2686900,MA
2022-05-04,359.19976806640625,368.5199890136719,369.239990234375,353.6600036621094,359.3699951171875,3346600,MA
2022-05-05,344.4328918457031,353.3699951171875,367.7699890136719,349.0299987792969,362.1000061035156,3424800,MA
2022-05-06,338.34100341796875,347.1199951171875,351.260009765625,340.7799987792969,346.25,3635200,MA
2022-05-09,319.69476318359375,327.989990234375,342.3900146484375,324.8900146484375,341.0,5777400,MA
2022-05-10,317.1020812988281,325.3299865722656,333.67999267578125,323.04998779296875,332.30999755859375,5003500,MA
2022-05-11,317.6283874511719,325.8699951171875,331.0,318.54998779296875,325.4800109863281,4263900,MA
2022-05-12,313.1155090332031,321.239990234375,325.5799865722656,312.7699890136719,321.7699890136719,3891500,MA
2022-05-13,324.3830871582031,332.79998779296875,335.2300109863281,326.0899963378906,327.6700134277344,3536000,MA
2022-05-16,321.3907470703125,329.7300109863281,333.54998779296875,325.0299987792969,328.5400085449219,2062300,MA
2022-05-17,330.28985595703125,338.8599853515625,341.17999267578125,332.5299987792969,340.1099853515625,2802300,MA
2022-05-18,327.40472412109375,335.8999938964844,341.6000061035156,333.55999755859375,333.6199951171875,4521400,MA
2022-05-19,323.81781005859375,332.2200012207031,336.2099914550781,324.42999267578125,330.0,4380700,MA
2022-05-20,327.6776428222656,336.17999267578125,339.6099853515625,327.69000244140625,335.70001220703125,3428700,MA
2022-05-23,339.61785888671875,348.42999267578125,351.29998779296875,338.9599914550781,339.0299987792969,3420800,MA
2022-05-24,332.0736389160156,340.69000244140625,344.0,335.9800109863281,343.8900146484375,2561500,MA
2022-05-25,336.04071044921875,344.760009765625,347.739990234375,339.2099914550781,340.5799865722656,3033400,MA
2022-05-26,341.04095458984375,349.8900146484375,353.25,346.010009765625,348.0,2817400,MA
2022-05-27,348.7313537597656,357.7799987792969,357.7900085449219,352.1099853515625,353.3900146484375,2658700,MA
2022-05-31,348.8190612792969,357.8699951171875,360.9700012207031,351.1400146484375,353.0899963378906,3873800,MA
2022-06-01,348.0295715332031,357.05999755859375,364.44000244140625,354.8500061035156,358.20001220703125,2190000,MA
2022-06-02,353.8973083496094,363.0799865722656,365.04998779296875,357.760009765625,360.489990234375,2484200,MA
2022-06-03,348.7703552246094,357.82000732421875,360.95001220703125,355.7699890136719,359.4800109863281,2076600,MA
2022-06-06,351.0316467285156,360.1400146484375,368.30999755859375,358.5299987792969,362.0,2196100,MA
2022-06-07,354.8135070800781,364.0199890136719,364.4800109863281,356.3299865722656,356.92999267578125,2158800,MA
2022-06-08,353.166259765625,362.3299865722656,367.1199951171875,360.9800109863281,365.0,1709600,MA
2022-06-09,340.17340087890625,349.0,362.2099914550781,348.94000244140625,359.760009765625,2250600,MA
2022-06-10,326.2838439941406,334.75,344.30999755859375,334.6000061035156,341.3299865722656,3300500,MA
2022-06-13,311.6534118652344,319.739990234375,330.8999938964844,317.9200134277344,322.0,4825100,MA
2022-06-14,313.9927673339844,322.1400146484375,324.0,319.6600036621094,320.1000061035156,2788400,MA
2022-06-15,317.1606140136719,325.3900146484375,330.6300048828125,319.42999267578125,327.4100036621094,2357800,MA
2022-06-16,300.9706115722656,308.7799987792969,316.45001220703125,305.0799865722656,316.0899963378906,4528500,MA
2022-06-17,302.8323669433594,310.69000244140625,314.1400146484375,303.6499938964844,307.0,6235300,MA
2022-06-21,309.37255859375,317.3999938964844,320.2300109863281,314.8800048828125,316.04998779296875,3193700,MA
2022-06-22,308.1542663574219,316.1499938964844,319.0400085449219,311.3599853515625,313.4700012207031,2671500,MA
2022-06-23,308.7488098144531,316.760009765625,319.9800109863281,313.5400085449219,318.8999938964844,2387600,MA
2022-06-24,322.14129638671875,330.5,330.80999755859375,319.2200012207031,319.2200012207031,4318900,MA
2022-06-27,320.5135192871094,328.8299865722656,331.9700012207031,327.1199951171875,331.9700012207031,2810800,MA
2022-06-28,310.2401123046875,318.2900085449219,337.1499938964844,318.1199951171875,332.70001220703125,3394200,MA
2022-06-29,314.43133544921875,322.5899963378906,326.1099853515625,318.4100036621094,319.1099853515625,3779500,MA
2022-06-30,307.501220703125,315.4800109863281,318.2900085449219,309.69000244140625,315.29998779296875,3411500,MA
2022-07-01,310.19140625,318.239990234375,318.94000244140625,311.30999755859375,314.1000061035156,2287700,MA
2022-07-05,311.1855163574219,319.260009765625,320.30999755859375,309.4599914550781,313.0799865722656,2112100,MA
2022-07-06,312.0726013183594,320.1700134277344,322.3599853515625,315.7200012207031,319.0,2219200,MA
2022-07-07,316.35809326171875,324.07000732421875,324.8599853515625,319.5199890136719,322.3500061035156,2202100,MA
2022-07-08,315.3721618652344,323.05999755859375,324.9800109863281,319.3500061035156,322.7799987792969,1662100,MA
2022-07-11,316.4752502441406,324.19000244140625,326.2200012207031,319.1499938964844,319.3800048828125,2073800,MA
2022-07-12,315.17694091796875,322.8599853515625,327.3599853515625,320.2099914550781,320.2099914550781,2761500,MA
2022-07-13,315.67474365234375,323.3699951171875,324.92999267578125,313.80999755859375,315.95001220703125,2442600,MA
2022-07-14,317.2952575683594,325.0299987792969,327.5799865722656,315.3900146484375,316.1600036621094,2743900,MA
2022-07-15,324.65576171875,332.57000732421875,335.57000732421875,329.760009765625,333.6300048828125,3387400,MA
2022-07-18,323.1329345703125,331.010009765625,337.510009765625,329.7900085449219,335.5,2468500,MA
2022-07-19,332.27996826171875,340.3800048828125,342.010009765625,331.7799987792969,331.7799987792969,2689800,MA
2022-07-20,333.1487121582031,341.2699890136719,343.30999755859375,336.2900085449219,340.3800048828125,2563600,MA
2022-07-21,338.6643371582031,346.9200134277344,347.2300109863281,340.05999755859375,341.8699951171875,2230800,MA
2022-07-22,335.6966247558594,343.8800048828125,351.0899963378906,340.3999938964844,348.8800048828125,2253000,MA
2022-07-25,336.0188293457031,344.2099914550781,345.5400085449219,340.1099853515625,344.45001220703125,2180100,MA
2022-07-26,333.1585693359375,341.2799987792969,344.6300048828125,339.29998779296875,342.6499938964844,2254200,MA
2022-07-27,335.1011657714844,343.2699890136719,348.9200134277344,331.239990234375,343.010009765625,4580300,MA
2022-07-28,344.0627746582031,352.45001220703125,353.260009765625,340.6199951171875,348.0,3635500,MA
2022-07-29,345.3708190917969,353.7900085449219,356.79998779296875,349.9599914550781,354.1300048828125,3176800,MA
2022-08-01,342.19818115234375,350.5400085449219,354.8399963378906,345.6600036621094,347.80999755859375,2289400,MA
2022-08-02,340.70458984375,349.010009765625,351.1499938964844,343.9800109863281,347.0799865722656,2878800,MA
2022-08-03,345.7027893066406,354.1300048828125,356.4800109863281,348.5400085449219,350.0,2921200,MA
2022-08-04,347.5965576171875,356.07000732421875,358.6099853515625,349.6499938964844,354.6700134277344,2339500,MA
2022-08-05,349.00225830078125,357.510009765625,357.8299865722656,350.3999938964844,350.3999938964844,1848700,MA
2022-08-08,343.7796325683594,352.1600036621094,359.0,349.8900146484375,359.0,2477600,MA
2022-08-09,338.2933349609375,346.5400085449219,351.1199951171875,345.3500061035156,350.3999938964844,2467400,MA
2022-08-10,344.9706115722656,353.3800048828125,354.54998779296875,351.04998779296875,354.3399963378906,2443700,MA
2022-08-11,342.23724365234375,350.5799865722656,355.8500061035156,350.3500061035156,355.8500061035156,2609400,MA
2022-08-12,345.8394775390625,354.2699890136719,355.45001220703125,350.260009765625,354.739990234375,2514200,MA
2022-08-15,351.3842468261719,359.95001220703125,361.95001220703125,350.82000732421875,352.3299865722656,2526300,MA
2022-08-16,350.700927734375,359.25,360.0,353.1000061035156,354.2699890136719,2448700,MA
2022-08-17,346.87420654296875,355.3299865722656,356.9599914550781,351.75,353.5,2439900,MA
2022-08-18,348.85589599609375,357.3599853515625,359.5199890136719,353.57000732421875,354.32000732421875,1934900,MA
2022-08-19,345.8491516113281,354.2799987792969,356.7699890136719,353.55999755859375,356.6300048828125,1740700,MA
2022-08-22,337.2879333496094,345.510009765625,351.0,344.2799987792969,350.0,2312400,MA
2022-08-23,332.7778015136719,340.8900146484375,345.2099914550781,339.3699951171875,342.69000244140625,2240700,MA
2022-08-24,331.6258544921875,339.7099914550781,342.2900085449219,338.3500061035156,340.17999267578125,2218400,MA
2022-08-25,336.4678649902344,344.6700134277344,345.1300048828125,337.32000732421875,340.0,2228500,MA
2022-08-26,324.0603332519531,331.9599914550781,345.6400146484375,331.70001220703125,345.04998779296875,1925000,MA
2022-08-29,321.51239013671875,329.3500061035156,332.80999755859375,327.7699890136719,329.989990234375,2308200,MA
2022-08-30,320.00909423828125,327.80999755859375,332.9700012207031,325.57000732421875,331.0,2618900,MA
2022-08-31,316.6510314941406,324.3699951171875,331.17999267578125,324.2799987792969,328.2900085449219,3129000,MA
2022-09-01,317.5099792480469,325.25,325.6099853515625,319.2099914550781,323.80999755859375,2493200,MA
2022-09-02,314.884033203125,322.55999755859375,329.6700134277344,320.5299987792969,329.4100036621094,1936800,MA
2022-09-06,316.36785888671875,324.0799865722656,326.989990234375,320.55999755859375,322.5,2043400,MA
2022-09-07,320.7998352050781,328.6199951171875,329.20001220703125,322.04998779296875,324.0799865722656,1998300,MA
2022-09-08,322.2153015136719,330.07000732421875,330.2900085449219,323.4800109863281,324.5299987792969,2114000,MA
2022-09-09,327.8577880859375,335.8500061035156,337.0199890136719,330.1499938964844,330.5400085449219,1815700,MA
2022-09-12,330.3666076660156,338.4200134277344,339.4800109863281,335.94000244140625,338.0899963378906,2097800,MA
2022-09-13,317.69549560546875,325.44000244140625,332.79998779296875,324.5799865722656,330.0,2316900,MA
2022-09-14,318.0957336425781,325.8500061035156,328.4800109863281,323.3500061035156,327.0400085449219,2657900,MA
2022-09-15,309.4173278808594,316.9599914550781,325.94000244140625,315.1700134277344,323.5899963378906,2486800,MA
2022-09-16,307.6308288574219,315.1300048828125,315.6300048828125,309.1099853515625,312.8500061035156,3650900,MA
2022-09-19,306.5570068359375,314.0299987792969,315.45001220703125,310.25,311.95001220703125,2369700,MA
2022-09-20,305.8150939941406,313.2699890136719,314.3699951171875,309.44000244140625,311.1600036621094,2769600,MA
2022-09-21,297.25384521484375,304.5,314.9800109863281,304.2200012207031,314.4800109863281,2366300,MA
2022-09-22,291.2599182128906,298.3599853515625,303.0799865722656,296.5899963378906,302.95001220703125,3176500,MA
2022-09-23,286.5936584472656,293.5799865722656,294.57000732421875,290.239990234375,293.1300048828125,3245900,MA
2022-09-26,283.2062072753906,290.1099853515625,295.3399963378906,289.1199951171875,290.04998779296875,3635600,MA
2022-09-27,279.66259765625,286.4800109863281,297.8999938964844,284.79998779296875,295.4700012207031,4073300,MA
2022-09-28,283.2745056152344,290.17999267578125,292.9800109863281,281.69000244140625,285.1099853515625,5611400,MA
2022-09-29,279.9456787109375,286.7699890136719,292.07000732421875,284.8500061035156,288.3500061035156,3439700,MA
2022-09-30,277.5735778808594,284.3399963378906,290.760009765625,284.3399963378906,286.8599853515625,3804200,MA
2022-10-03,283.5674133300781,290.4800109863281,292.75,284.9200134277344,287.8500061035156,5285200,MA
2022-10-04,294.1006774902344,301.2699890136719,303.9700012207031,295.9800109863281,296.19000244140625,3949200,MA
2022-10-05,296.9609375,304.20001220703125,306.6000061035156,297.25,297.9800109863281,2845200,MA
2022-10-06,292.5804443359375,299.2300109863281,305.04998779296875,298.8599853515625,302.5799865722656,2494400,MA
2022-10-07,288.4151306152344,294.9700012207031,297.19000244140625,292.989990234375,296.6600036621094,2210800,MA
2022-10-10,285.2960205078125,291.7799987792969,297.25,289.5400085449219,297.0400085449219,1783500,MA
2022-10-11,279.6933898925781,286.04998779296875,290.3900146484375,284.4200134277344,289.8299865722656,3554900,MA
2022-10-12,277.08270263671875,283.3800048828125,287.489990234375,283.2099914550781,286.5400085449219,2646800,MA
2022-10-13,287.4275817871094,293.9599914550781,295.42999267578125,276.8699951171875,277.2799987792969,3322800,MA
2022-10-14,282.27471923828125,288.69000244140625,298.6199951171875,287.8399963378906,295.8599853515625,3106300,MA
2022-10-17,288.48358154296875,295.0400085449219,298.7300109863281,291.3399963378906,295.4200134277344,3417600,MA
2022-10-18,293.70489501953125,300.3800048828125,303.70001220703125,296.54998779296875,303.1700134277344,3096000,MA
2022-10-19,291.14312744140625,297.760009765625,299.6400146484375,294.7900085449219,295.4599914550781,1914300,MA
2022-10-20,289.696044921875,296.2799987792969,302.7300109863281,295.6099853515625,297.75,2463800,MA
2022-10-21,295.65069580078125,302.3699951171875,302.7099914550781,293.5,294.510009765625,3599600,MA
2022-10-24,298.8089294433594,305.6000061035156,307.0,300.5,304.5199890136719,3184100,MA
2022-10-25,304.4898376464844,311.4100036621094,312.1000061035156,305.8599853515625,305.9100036621094,3012400,MA
2022-10-26,312.4098205566406,319.510009765625,324.45001220703125,312.2900085449219,312.2900085449219,5278000,MA
2022-10-27,312.27288818359375,319.3699951171875,323.0799865722656,314.05999755859375,316.17999267578125,4725800,MA
2022-10-28,322.1484680175781,329.4700012207031,331.79998779296875,317.82000732421875,319.30999755859375,3644400,MA
2022-10-31,320.88714599609375,328.17999267578125,329.44000244140625,323.7799987792969,328.8800048828125,3157900,MA
2022-11-01,325.78582763671875,333.19000244140625,333.6400146484375,327.0899963378906,332.2200012207031,3660400,MA
2022-11-02,312.7129211425781,319.82000732421875,333.0,319.6300048828125,331.4200134277344,3074900,MA
2022-11-03,302.2995910644531,309.1700134277344,316.7699890136719,308.6000061035156,315.1199951171875,2860900,MA
2022-11-04,311.295166015625,318.3699951171875,323.1300048828125,313.239990234375,313.8399963378906,3414000,MA
2022-11-07,317.90496826171875,325.1300048828125,325.79998779296875,317.7099914550781,322.45001220703125,2742100,MA
2022-11-08,318.5111389160156,325.75,329.3999938964844,322.260009765625,326.2300109863281,2387500,MA
2022-11-09,308.6258544921875,315.6400146484375,323.69000244140625,315.1499938964844,322.2799987792969,3001200,MA
2022-11-10,329.7751159667969,337.2699890136719,337.3999938964844,329.1600036621094,331.17999267578125,3255000,MA
2022-11-11,331.7502136230469,339.2900085449219,342.6300048828125,336.3599853515625,339.0,3734700,MA
2022-11-14,331.82843017578125,339.3699951171875,344.510009765625,336.0199890136719,336.739990234375,2348900,MA
2022-11-15,335.87646484375,343.510009765625,351.2200012207031,339.489990234375,346.5899963378906,2983600,MA
2022-11-16,335.1431884765625,342.760009765625,345.1300048828125,340.1000061035156,343.1600036621094,2579600,MA
2022-11-17,333.6862487792969,341.2699890136719,341.9200134277344,337.0,339.0,2004500,MA
2022-11-18,336.0525207519531,343.69000244140625,348.6300048828125,341.3299865722656,345.6600036621094,2737700,MA
2022-11-21,330.7333984375,338.25,344.25,337.6199951171875,343.0,1965100,MA
2022-11-22,337.2942810058594,344.9599914550781,345.32000732421875,337.55999755859375,339.8299865722656,2510700,MA
2022-11-23,340.8924560546875,348.6400146484375,350.79998779296875,344.1499938964844,344.6300048828125,1937300,MA
2022-11-25,343.4836120605469,351.2900085449219,351.3999938964844,348.0799865722656,348.9599914550781,944400,MA
2022-11-28,336.9324951171875,344.5899963378906,350.2300109863281,343.2300109863281,346.67999267578125,2226200,MA
2022-11-29,335.5049133300781,343.1300048828125,344.7200012207031,340.75,343.6499938964844,1724200,MA
2022-11-30,348.48004150390625,356.3999938964844,356.3999938964844,341.4800109863281,342.8500061035156,4252300,MA
2022-12-01,352.7823181152344,360.79998779296875,361.5799865722656,354.04998779296875,357.989990234375,3374700,MA
2022-12-02,352.0587158203125,360.05999755859375,362.2900085449219,356.05999755859375,357.45001220703125,2015500,MA
2022-12-05,348.1769104003906,356.0899963378906,358.8999938964844,354.45001220703125,356.0,2202500,MA
2022-12-06,339.80712890625,347.5299987792969,355.0,344.3500061035156,353.82000732421875,2353300,MA
2022-12-07,339.6996154785156,347.4200134277344,347.8500061035156,341.4700012207031,346.8800048828125,2454300,MA
2022-12-08,343.3663024902344,351.1700134277344,352.1700134277344,347.2200012207031,350.0,1998600,MA
2022-12-09,341.0782165527344,348.8299865722656,352.7699890136719,347.3599853515625,348.3999938964844,2301100,MA
2022-12-12,350.21075439453125,358.1700134277344,358.44000244140625,349.1000061035156,350.30999755859375,2427100,MA
2022-12-13,349.21337890625,357.1499938964844,369.260009765625,355.739990234375,369.239990234375,3072200,MA
2022-12-14,349.5654296875,357.510009765625,362.1000061035156,353.7699890136719,357.0,2587200,MA
2022-12-15,338.55560302734375,346.25,353.79998779296875,342.55999755859375,351.4200134277344,2774900,MA
2022-12-16,338.15472412109375,345.8399963378906,348.239990234375,343.3800048828125,344.7699890136719,5947100,MA
2022-12-19,333.676513671875,341.260009765625,345.8500061035156,339.5400085449219,345.3599853515625,2457300,MA
2022-12-20,335.3289489746094,342.95001220703125,344.3699951171875,340.6199951171875,341.3699951171875,1895900,MA
2022-12-21,338.00799560546875,345.69000244140625,347.6000061035156,342.3699951171875,343.6400146484375,2087000,MA
2022-12-22,333.9306335449219,341.5199890136719,345.6000061035156,336.42999267578125,344.19000244140625,2276100,MA
2022-12-23,335.9644470214844,343.6000061035156,344.5400085449219,337.69000244140625,339.0199890136719,1914500,MA
2022-12-27,338.4675598144531,346.1600036621094,346.9100036621094,341.80999755859375,344.1000061035156,1637700,MA
2022-12-28,334.35113525390625,341.95001220703125,349.510009765625,341.7799987792969,346.54998779296875,1854100,MA
2022-12-29,340.4720458984375,348.2099914550781,349.7200012207031,343.5400085449219,344.3800048828125,1459800,MA
2022-12-30,340.0027160644531,347.7300109863281,347.8999938964844,343.6199951171875,345.3299865722656,1617600,MA
2023-01-03,339.09332275390625,346.79998779296875,354.6600036621094,343.94000244140625,349.9599914550781,2933600,MA
2023-01-04,347.2578125,355.1499938964844,356.9800109863281,349.69000244140625,351.3900146484375,2661000,MA
2023-01-05,343.9529724121094,351.7699890136719,357.55999755859375,351.2699890136719,356.1199951171875,2608500,MA
2023-01-06,360.08306884765625,367.6700134277344,368.7200012207031,355.32000732421875,357.30999755859375,4432800,MA
2023-01-09,363.31494140625,370.9700012207031,375.0,369.55999755859375,371.6300048828125,3913500,MA
2023-01-10,363.3541564941406,371.010009765625,371.67999267578125,367.2099914550781,368.80999755859375,3485900,MA
2023-01-11,370.0628356933594,377.8599853515625,377.9200134277344,371.260009765625,372.6199951171875,3370200,MA
2023-01-12,371.9725646972656,379.80999755859375,381.1300048828125,376.9200134277344,377.8599853515625,3291200,MA
2023-01-13,367.7711181640625,375.5199890136719,377.8699951171875,374.30999755859375,375.05999755859375,4261000,MA
2023-01-17,367.2618713378906,375.0,378.3299865722656,373.9800109863281,375.0,2814500,MA
2023-01-18,361.3072509765625,368.9200134277344,375.80999755859375,368.5,374.510009765625,2747100,MA
2023-01-19,360.34747314453125,367.94000244140625,370.79998779296875,363.6000061035156,364.6000061035156,3111200,MA
2023-01-20,368.5153503417969,376.2799987792969,376.6199951171875,369.3999938964844,370.2300109863281,3863400,MA
2023-01-23,370.7582092285156,378.57000732421875,381.3800048828125,376.3599853515625,376.739990234375,2743900,MA
2023-01-24,372.1684265136719,380.010009765625,390.0,375.2200012207031,390.0,2756200,MA
2023-01-25,374.4992980957031,382.3900146484375,382.55999755859375,375.1000061035156,375.1000061035156,3501900,MA
2023-01-26,369.45550537109375,377.239990234375,384.1099853515625,373.0,383.4100036621094,3718400,MA
2023-01-27,366.3117980957031,374.0299987792969,380.5199890136719,373.3800048828125,376.19000244140625,3405600,MA
2023-01-30,363.4618835449219,371.1199951171875,373.739990234375,369.3999938964844,369.4599914550781,2688600,MA
2023-01-31,362.9526672363281,370.6000061035156,372.4800109863281,367.0199890136719,369.989990234375,3137400,MA
2023-02-01,366.3607482910156,374.0799865722656,376.7799987792969,367.0,368.57000732421875,2951900,MA
2023-02-02,367.20306396484375,374.94000244140625,380.4700012207031,372.79998779296875,379.5199890136719,2761600,MA
2023-02-03,366.19427490234375,373.9100036621094,378.2200012207031,370.489990234375,370.79998779296875,2739600,MA
2023-02-06,365.273681640625,372.9700012207031,374.3299865722656,369.04998779296875,370.0,2068300,MA
2023-02-07,367.320556640625,375.05999755859375,377.07000732421875,368.8399963378906,371.510009765625,2309100,MA
2023-02-08,362.70770263671875,370.3500061035156,375.7900085449219,370.1400146484375,373.1700134277344,2193600,MA
2023-02-09,362.7763366699219,370.4200134277344,374.57000732421875,369.25,373.29998779296875,2287600,MA
2023-02-10,359.2603454589844,366.8299865722656,370.25,362.9200134277344,369.6400146484375,2270700,MA
2023-02-13,363.1778564453125,370.8299865722656,371.1400146484375,367.07000732421875,368.55999755859375,2286400,MA
2023-02-14,362.3258056640625,369.9599914550781,373.4100036621094,367.7300109863281,369.5799865722656,1841400,MA
2023-02-15,362.012451171875,369.6400146484375,369.79998779296875,365.010009765625,366.2799987792969,2203300,MA
2023-02-16,359.96551513671875,367.54998779296875,373.0799865722656,364.8999938964844,364.8999938964844,2792700,MA
2023-02-17,353.67803955078125,361.1300048828125,366.70001220703125,359.79998779296875,364.05999755859375,2718900,MA
2023-02-21,348.6146545410156,355.9599914550781,361.7699890136719,355.19000244140625,356.760009765625,2730900,MA
2023-02-22,347.6451110839844,354.9700012207031,357.739990234375,353.2099914550781,355.3599853515625,2109300,MA
2023-02-23,348.1935729980469,355.5299987792969,357.739990234375,351.6600036621094,357.739990234375,1975500,MA
2023-02-24,345.8332824707031,353.1199951171875,354.0,349.5899963378906,350.82000732421875,2016100,MA
2023-02-27,348.1446228027344,355.4800109863281,358.0299987792969,354.82000732421875,355.6400146484375,2200800,MA
2023-02-28,347.9585266113281,355.2900085449219,357.79998779296875,353.239990234375,354.80999755859375,2732900,MA
2023-03-01,346.2054748535156,353.5,355.30999755859375,349.3900146484375,354.0,1968100,MA
2023-03-02,348.23272705078125,355.57000732421875,356.6199951171875,351.69000244140625,353.6300048828125,2526000,MA
2023-03-03,354.0404052734375,361.5,361.69000244140625,357.0899963378906,358.1199951171875,2174900,MA
2023-03-06,359.3583068847656,366.92999267578125,368.5299987792969,361.260009765625,361.82000732421875,2789400,MA
2023-03-07,352.51263427734375,359.94000244140625,369.1499938964844,359.54998779296875,367.1700134277344,1660800,MA
2023-03-08,351.621337890625,359.0299987792969,361.70001220703125,357.2799987792969,358.6099853515625,1634400,MA
2023-03-09,347.1260681152344,354.44000244140625,364.0199890136719,353.9100036621094,359.25,2414700,MA
2023-03-10,339.9472961425781,347.1099853515625,353.04998779296875,345.2300109863281,352.4100036621094,3176400,MA
2023-03-13,337.5968322753906,344.7099914550781,349.8599853515625,340.2099914550781,343.6300048828125,3308200,MA
2023-03-14,345.5395202636719,352.82000732421875,356.1099853515625,348.55999755859375,351.0,3413300,MA
2023-03-15,340.8973388671875,348.0799865722656,348.3999938964844,343.6400146484375,346.04998779296875,3082600,MA
2023-03-16,340.81890869140625,348.0,348.69000244140625,340.2799987792969,346.6199951171875,3768100,MA
2023-03-17,342.4447326660156,349.6600036621094,351.94000244140625,346.8599853515625,350.25,8426800,MA
2023-03-20,342.1116943359375,349.32000732421875,353.8399963378906,347.3399963378906,348.0,3864200,MA
2023-03-21,347.2533874511719,354.57000732421875,356.20001220703125,350.8299865722656,354.3699951171875,3766800,MA
2023-03-22,343.78643798828125,351.0299987792969,360.0,351.0299987792969,354.6099853515625,2596400,MA
2023-03-23,347.0574645996094,354.3699951171875,359.8599853515625,351.8399963378906,352.4100036621094,2598100,MA
2023-03-24,344.3740539550781,351.6300048828125,352.4200134277344,346.30999755859375,350.45001220703125,2971500,MA
2023-03-27,347.3023681640625,354.6199951171875,357.8900146484375,354.2799987792969,355.57000732421875,2420300,MA
2023-03-28,347.0182189941406,354.3299865722656,355.8999938964844,352.79998779296875,355.55999755859375,1695900,MA
2023-03-29,352.1110534667969,359.5299987792969,360.0299987792969,355.82000732421875,357.3800048828125,2327000,MA
2023-03-30,351.84661865234375,359.260009765625,362.5899963378906,358.239990234375,360.95001220703125,2480500,MA
2023-03-31,355.9109191894531,363.4100036621094,363.6499938964844,360.3800048828125,361.1300048828125,3376600,MA
2023-04-03,358.9078369140625,366.4700012207031,366.6600036621094,361.75,362.6099853515625,2978000,MA
2023-04-04,356.390869140625,363.8999938964844,369.1199951171875,363.3800048828125,366.79998779296875,2198700,MA
2023-04-05,356.8421325683594,363.7900085449219,365.1300048828125,361.6099853515625,363.4800109863281,2239600,MA
2023-04-06,354.5663146972656,361.4700012207031,362.0400085449219,355.9700012207031,361.2099914550781,2357600,MA
2023-04-10,353.2618103027344,360.1400146484375,360.92999267578125,357.5799865722656,359.7099914550781,1559100,MA
2023-04-11,357.175537109375,364.1300048828125,365.19000244140625,361.1600036621094,363.4200134277344,3033800,MA
2023-04-12,354.8704528808594,361.7799987792969,368.6000061035156,361.0299987792969,366.0799865722656,2268800,MA
2023-04-13,362.5901794433594,369.6499938964844,369.75,363.3900146484375,363.82000732421875,2611700,MA
2023-04-14,365.3170471191406,372.42999267578125,373.3900146484375,369.1099853515625,370.0,2254600,MA
2023-04-17,365.6407165527344,372.760009765625,374.1000061035156,368.3900146484375,373.3599853515625,2432700,MA
2023-04-18,365.2091979980469,372.32000732421875,373.95001220703125,369.9599914550781,373.95001220703125,2087800,MA
2023-04-19,365.679931640625,372.79998779296875,374.1499938964844,371.1600036621094,372.989990234375,1795300,MA
2023-04-20,367.8379821777344,375.0,375.19000244140625,369.69000244140625,371.45001220703125,2124800,MA
2023-04-21,368.0733337402344,375.239990234375,377.42999267578125,373.260009765625,375.7200012207031,3537800,MA
2023-04-24,367.5731506347656,374.7300109863281,377.6400146484375,373.6199951171875,375.1499938964844,1886300,MA
2023-04-25,361.49151611328125,368.5299987792969,374.5799865722656,368.32000732421875,373.5,2245000,MA
2023-04-26,359.7554016113281,366.760009765625,372.2200012207031,366.0899963378906,369.6400146484375,2594200,MA
2023-04-27,366.5333557128906,373.6700134277344,374.9800109863281,361.0,366.5799865722656,3859900,MA
2023-04-28,372.77191162109375,380.0299987792969,381.92999267578125,371.510009765625,372.5299987792969,3107300,MA
2023-05-01,372.6051330566406,379.8599853515625,382.4599914550781,378.9599914550781,380.489990234375,1745100,MA
2023-05-02,368.84832763671875,376.0299987792969,378.8399963378906,370.94000244140625,377.7699890136719,2478700,MA
2023-05-03,367.7398986816406,374.8999938964844,379.54998779296875,374.3299865722656,376.6700134277344,1970900,MA
2023-05-04,368.93658447265625,376.1199951171875,376.8500061035156,372.1400146484375,374.5,2814900,MA
2023-05-05,377.3134765625,384.6600036621094,385.1499938964844,378.239990234375,380.57000732421875,2683100,MA
2023-05-08,378.1472473144531,385.510009765625,387.4599914550781,383.7699890136719,384.010009765625,1719600,MA
2023-05-09,375.62628173828125,382.94000244140625,386.1700134277344,382.70001220703125,383.8800048828125,2036400,MA
2023-05-10,375.23394775390625,382.5400085449219,386.760009765625,377.6499938964844,385.989990234375,1940800,MA
2023-05-11,376.0677490234375,383.3900146484375,385.7200012207031,379.260009765625,382.2099914550781,1901200,MA
2023-05-12,374.62579345703125,381.9200134277344,385.0199890136719,378.79998779296875,384.489990234375,2044000,MA
2023-05-15,376.08734130859375,383.4100036621094,383.6600036621094,380.5299987792969,381.8699951171875,1957400,MA
2023-05-16,372.97784423828125,380.239990234375,383.6000061035156,377.32000732421875,382.6000061035156,2762700,MA
2023-05-17,379.6087646484375,387.0,387.5199890136719,379.1300048828125,382.20001220703125,3260300,MA
2023-05-18,384.5328674316406,392.0199890136719,392.0199890136719,385.80999755859375,387.1099853515625,3729500,MA
2023-05-19,378.2060852050781,385.57000732421875,392.20001220703125,385.1400146484375,392.0,3369100,MA
2023-05-22,377.1859436035156,384.5299987792969,387.3699951171875,384.17999267578125,384.989990234375,1808800,MA
2023-05-23,366.61181640625,373.75,382.0299987792969,370.44000244140625,381.5199890136719,3979000,MA
2023-05-24,361.4620666503906,368.5,369.6099853515625,365.5799865722656,369.3699951171875,2655700,MA
2023-05-25,362.9727478027344,370.0400085449219,370.989990234375,364.9100036621094,367.9100036621094,3752200,MA
2023-05-26,367.2200012207031,374.3699951171875,375.67999267578125,370.04998779296875,371.0,2691300,MA
2023-05-30,360.481201171875,367.5,376.6300048828125,366.20001220703125,376.2799987792969,3430100,MA
2023-05-31,358.048583984375,365.0199890136719,365.70001220703125,357.8500061035156,365.0,10695300,MA
2023-06-01,363.796630859375,370.8800048828125,371.0899963378906,366.04998779296875,367.1600036621094,3389700,MA
2023-06-02,366.5921936035156,373.7300109863281,375.82000732421875,372.1499938964844,374.5899963378906,2501500,MA
2023-06-05,363.4434814453125,370.5199890136719,372.79998779296875,368.5299987792969,372.75,2316200,MA
2023-06-06,372.7032165527344,379.9599914550781,380.3800048828125,371.80999755859375,372.95001220703125,2758700,MA
2023-06-07,364.29693603515625,371.3900146484375,380.5,368.260009765625,379.2900085449219,3714500,MA
2023-06-08,360.56951904296875,367.5899963378906,369.7699890136719,365.8500061035156,369.3599853515625,2594700,MA
2023-06-09,362.1684265136719,369.2200012207031,372.1099853515625,367.760009765625,370.4599914550781,2201800,MA
2023-06-12,368.14208984375,375.30999755859375,375.9700012207031,369.94000244140625,370.6700134277344,2407500,MA
2023-06-13,364.2870788574219,371.3800048828125,377.17999267578125,369.80999755859375,375.30999755859375,2444100,MA
2023-06-14,367.6025085449219,374.760009765625,378.0799865722656,372.0199890136719,372.92999267578125,2775400,MA
2023-06-15,371.80078125,379.0400085449219,379.57000732421875,370.5199890136719,373.2699890136719,2558100,MA
2023-06-16,369.3387451171875,376.5299987792969,382.8999938964844,376.1600036621094,381.6099853515625,5886900,MA
2023-06-20,367.4652404785156,374.6199951171875,379.510009765625,373.75,375.010009765625,3961700,MA
2023-06-21,368.9562072753906,376.1400146484375,378.3900146484375,373.6600036621094,373.9599914550781,2301300,MA
2023-06-22,370.58447265625,377.79998779296875,378.4800109863281,373.95001220703125,375.1099853515625,1933300,MA
2023-06-23,372.55609130859375,379.80999755859375,381.1199951171875,373.2200012207031,374.9800109863281,3739700,MA
2023-06-26,370.2117919921875,377.4200134277344,379.989990234375,375.3500061035156,378.05999755859375,3327800,MA
2023-06-27,374.498291015625,381.7900085449219,382.8399963378906,379.010009765625,380.3399963378906,2197300,MA
2023-06-28,372.9681091308594,380.2300109863281,381.3999938964844,378.6700134277344,381.19000244140625,2012400,MA
2023-06-29,380.2659912109375,387.6700134277344,388.010009765625,380.5,380.8500061035156,2524600,MA
2023-06-30,385.7884826660156,393.29998779296875,395.1700134277344,388.1000061035156,388.1000061035156,4407100,MA
2023-07-03,386.43585205078125,393.9599914550781,394.30999755859375,388.67999267578125,391.3399963378906,1304600,MA
2023-07-05,387.1911926269531,394.7300109863281,395.25,387.1300048828125,388.80999755859375,2781800,MA
2023-07-06,386.1892395019531,393.1400146484375,394.2099914550781,389.739990234375,393.8299865722656,2156600,MA
2023-07-07,381.8080139160156,388.67999267578125,392.45001220703125,388.3999938964844,390.6600036621094,2654400,MA
2023-07-10,385.2265319824219,392.1600036621094,393.42999267578125,388.010009765625,388.4800109863281,2148600,MA
2023-07-11,390.76678466796875,397.79998779296875,398.4599914550781,392.3399963378906,393.6199951171875,2106200,MA
2023-07-12,393.6057434082031,400.69000244140625,403.1700134277344,398.7099914550781,399.0,2273400,MA
2023-07-13,393.47796630859375,400.55999755859375,403.239990234375,400.4599914550781,403.0,2354900,MA
2023-07-14,395.3935241699219,402.510009765625,403.489990234375,400.29998779296875,402.1199951171875,1978500,MA
2023-07-17,395.0890197753906,402.20001220703125,404.0,401.1199951171875,401.95001220703125,2344500,MA
2023-07-18,391.1204833984375,398.1600036621094,401.94000244140625,395.2099914550781,400.4200134277344,2676200,MA
2023-07-19,391.2284240722656,398.2699890136719,399.8500061035156,396.30999755859375,398.0,1809700,MA
2023-07-20,391.0221862792969,398.05999755859375,399.7200012207031,395.54998779296875,397.1400146484375,2570700,MA
2023-07-21,390.4623107910156,397.489990234375,401.510009765625,397.4200134277344,398.6700134277344,1868100,MA
2023-07-24,397.6331787109375,404.7900085449219,404.9100036621094,396.6099853515625,397.4800109863281,3029800,MA
2023-07-25,394.1852111816406,401.2799987792969,404.8599853515625,401.0,403.3699951171875,2490500,MA
2023-07-26,395.2953186035156,402.4100036621094,403.30999755859375,395.75,399.17999267578125,2572300,MA
2023-07-27,387.525146484375,394.5,405.19000244140625,393.95001220703125,405.19000244140625,3563300,MA
2023-07-28,386.0123596191406,392.9599914550781,398.0,388.8800048828125,397.9599914550781,4501000,MA
2023-07-31,387.3090515136719,394.2799987792969,396.0799865722656,392.4700012207031,393.9700012207031,3578300,MA
2023-08-01,390.0497131347656,397.07000732421875,397.29998779296875,392.3599853515625,393.7799987792969,2344200,MA
2023-08-02,383.1243591308594,390.0199890136719,394.2099914550781,389.5799865722656,393.8800048828125,2410600,MA
2023-08-03,386.0615234375,393.010009765625,393.44000244140625,386.4200134277344,387.55999755859375,2190500,MA
2023-08-04,384.4308166503906,391.3500061035156,396.0899963378906,390.07000732421875,391.6099853515625,2215800,MA
2023-08-07,389.853271484375,396.8699951171875,397.75,393.0,393.0,1559800,MA
2023-08-08,386.2382507324219,393.19000244140625,396.3800048828125,390.1300048828125,396.17999267578125,1747000,MA
2023-08-09,386.7098388671875,393.6700134277344,396.7900085449219,391.8699951171875,393.8599853515625,1806100,MA
2023-08-10,390.1185302734375,397.1400146484375,400.6300048828125,395.7099914550781,396.4599914550781,2154500,MA
2023-08-11,387.99664306640625,394.9800109863281,396.6700134277344,392.80999755859375,395.75,1464600,MA
2023-08-14,391.532958984375,398.5799865722656,399.2300109863281,394.6099853515625,396.45001220703125,1638500,MA
2023-08-15,387.4760437011719,394.45001220703125,397.489990234375,393.5899963378906,397.489990234375,1753200,MA
2023-08-16,387.3974304199219,394.3699951171875,399.20001220703125,393.1199951171875,393.44000244140625,2002000,MA
2023-08-17,385.6783752441406,392.6199951171875,396.2099914550781,390.989990234375,396.1400146484375,2118600,MA
2023-08-18,385.2363586425781,392.1700134277344,393.8399963378906,388.8299865722656,389.82000732421875,2001800,MA
2023-08-21,386.2481994628906,393.20001220703125,394.989990234375,391.0199890136719,393.2099914550781,1869400,MA
2023-08-22,390.80609130859375,397.8399963378906,398.7699890136719,393.67999267578125,395.0,2422500,MA
2023-08-23,393.9691467285156,401.05999755859375,401.9200134277344,398.3599853515625,399.2699890136719,1943200,MA
2023-08-24,390.6391296386719,397.6700134277344,404.0,397.5,401.5899963378906,1970000,MA
2023-08-25,395.7668151855469,402.8900146484375,404.6199951171875,399.0,400.6499938964844,2154600,MA
2023-08-28,400.2363586425781,407.44000244140625,407.79998779296875,403.1499938964844,404.0,1901300,MA
2023-08-29,404.37188720703125,411.6499938964844,412.19000244140625,406.5899963378906,407.4200134277344,2188800,MA
2023-08-30,406.592041015625,413.9100036621094,417.7799987792969,413.5199890136719,414.7799987792969,2516600,MA
2023-08-31,405.34442138671875,412.6400146484375,416.2900085449219,411.7799987792969,414.2099914550781,2535100,MA
2023-09-01,408.2226257324219,415.57000732421875,416.510009765625,412.489990234375,413.8399963378906,1841700,MA
2023-09-05,404.224609375,411.5,415.3999938964844,409.70001220703125,413.3500061035156,2045600,MA
2023-09-06,405.8748779296875,413.17999267578125,413.3800048828125,408.8900146484375,410.7799987792969,2292100,MA
2023-09-07,407.2894287109375,414.6199951171875,416.1300048828125,411.7300109863281,411.9200134277344,2502700,MA
2023-09-08,407.50555419921875,414.8399963378906,416.3299865722656,413.8599853515625,415.0,1868900,MA
2023-09-11,409.32281494140625,416.69000244140625,417.5899963378906,414.6400146484375,416.8500061035156,1544700,MA
2023-09-12,408.9102478027344,416.2699890136719,417.6499938964844,415.25,415.95001220703125,1997600,MA
2023-09-13,408.939697265625,416.29998779296875,418.4100036621094,414.9700012207031,416.1700134277344,2142200,MA
2023-09-14,406.03204345703125,413.3399963378906,418.6000061035156,407.7799987792969,418.29998779296875,3557700,MA
2023-09-15,406.9848937988281,414.30999755859375,418.29998779296875,411.1400146484375,411.8599853515625,4755500,MA
2023-09-18,409.7550964355469,417.1300048828125,417.8900146484375,413.0400085449219,413.8800048828125,1808000,MA
2023-09-19,406.2186584472656,413.5299987792969,417.1000061035156,411.1000061035156,416.9599914550781,1730900,MA
2023-09-20,403.26190185546875,410.5199890136719,415.8500061035156,410.0799865722656,413.7699890136719,1580000,MA
2023-09-21,396.2284851074219,403.3599853515625,408.7699890136719,402.1000061035156,408.3399963378906,2450700,MA
2023-09-22,395.10870361328125,402.2200012207031,406.8500061035156,401.55999755859375,404.3900146484375,1885000,MA
2023-09-25,395.3738708496094,402.489990234375,403.2300109863281,399.8399963378906,400.6000061035156,1846500,MA
2023-09-26,388.3895568847656,395.3800048828125,400.8500061035156,393.6099853515625,400.0,2940400,MA
2023-09-27,388.48779296875,395.4800109863281,397.0299987792969,391.4800109863281,396.2099914550781,1987500,MA
2023-09-28,392.3778076171875,399.44000244140625,401.3500061035156,395.3699951171875,395.8299865722656,2216200,MA
2023-09-29,388.91021728515625,395.9100036621094,402.17999267578125,394.25,402.0299987792969,3032300,MA
2023-10-02,388.85125732421875,395.8500061035156,396.3599853515625,392.45001220703125,393.6000061035156,2856800,MA
2023-10-03,384.14593505859375,391.05999755859375,397.8599853515625,388.9700012207031,394.5,2527900,MA
2023-10-04,386.7982177734375,393.760009765625,394.4700012207031,388.5799865722656,392.0,1813400,MA
2023-10-05,387.79180908203125,394.20001220703125,394.7200012207031,390.0,390.3900146484375,2116600,MA
2023-10-06,391.5005187988281,397.9700012207031,401.0,390.5,393.2300109863281,2484000,MA
2023-10-09,388.322998046875,394.739990234375,396.5,389.5799865722656,394.4599914550781,2475100,MA
2023-10-10,393.8614501953125,400.3699951171875,402.7200012207031,393.8500061035156,395.5400085449219,2713800,MA
2023-10-11,393.3106384277344,399.80999755859375,405.1300048828125,397.3599853515625,403.25,2055600,MA
2023-10-12,393.3991394042969,399.8999938964844,405.3399963378906,397.32000732421875,403.79998779296875,1779000,MA
2023-10-13,391.5595397949219,398.0299987792969,402.1400146484375,395.0799865722656,398.80999755859375,2235600,MA
2023-10-16,394.638671875,401.1600036621094,404.42999267578125,398.7799987792969,400.239990234375,2202100,MA
2023-10-17,395.23870849609375,401.7699890136719,403.6099853515625,398.45001220703125,399.6400146484375,2176000,MA
2023-10-18,386.8178405761719,393.2099914550781,401.3699951171875,392.55999755859375,399.1099853515625,1951400,MA
2023-10-19,381.56463623046875,387.8699951171875,394.8299865722656,385.5,393.8500061035156,3472800,MA
2023-10-20,378.16094970703125,384.4100036621094,389.989990234375,384.1700134277344,387.8699951171875,2652500,MA
2023-10-23,377.4329528808594,383.6700134277344,387.8599853515625,381.0,382.30999755859375,1771800,MA
2023-10-24,380.6203308105469,386.9100036621094,389.42999267578125,383.8699951171875,385.5,2003300,MA
2023-10-25,380.03009033203125,386.30999755859375,388.6300048828125,382.239990234375,384.0,3504500,MA
2023-10-26,358.6631164550781,364.5899963378906,375.54998779296875,363.0400085449219,371.0199890136719,6920100,MA
2023-10-27,358.1614685058594,364.0799865722656,368.2900085449219,359.7699890136719,366.489990234375,3624900,MA
2023-10-30,366.3658752441406,372.4200134277344,373.2300109863281,364.7200012207031,366.5199890136719,3386400,MA
2023-10-31,370.23199462890625,376.3500061035156,377.67999267578125,373.1099853515625,373.32000732421875,2978800,MA
2023-11-01,371.6781005859375,377.82000732421875,380.3999938964844,375.0400085449219,378.6700134277344,2354700,MA
2023-11-02,376.4689636230469,382.69000244140625,383.0400085449219,378.489990234375,380.29998779296875,2816000,MA
2023-11-03,379.7742614746094,386.04998779296875,388.44000244140625,383.7300109863281,385.0,2269100,MA
2023-11-06,379.88250732421875,386.1600036621094,388.25,384.2099914550781,387.1000061035156,2020500,MA
2023-11-07,382.5484313964844,388.8699951171875,389.5899963378906,384.29998779296875,386.0,2324200,MA
2023-11-08,383.364990234375,389.70001220703125,391.3699951171875,387.0,387.1099853515625,2838400,MA
2023-11-09,381.6532287597656,387.9599914550781,391.45001220703125,387.2699890136719,390.9599914550781,2657100,MA
2023-11-10,387.9688415527344,394.3800048828125,395.0899963378906,386.739990234375,390.0400085449219,2807000,MA
2023-11-13,387.93939208984375,394.3500061035156,395.6300048828125,393.0199890136719,394.3500061035156,1614600,MA
2023-11-14,391.1856994628906,397.6499938964844,401.67999267578125,396.75,397.17999267578125,2733900,MA
2023-11-15,390.3790588378906,396.8299865722656,399.2799987792969,394.760009765625,397.4700012207031,2434600,MA
2023-11-16,390.6446838378906,397.1000061035156,399.95001220703125,395.54998779296875,398.010009765625,3060600,MA
2023-11-17,393.79266357421875,400.29998779296875,401.1199951171875,397.9100036621094,399.9700012207031,2365500,MA
2023-11-20,397.8259582519531,404.3999938964844,405.20001220703125,398.260009765625,400.7200012207031,2768300,MA
2023-11-21,402.302001953125,408.95001220703125,410.3500061035156,405.69000244140625,405.7200012207031,2567500,MA
2023-11-22,403.6595764160156,410.3299865722656,412.8500061035156,410.1499938964844,412.260009765625,1967900,MA
2023-11-24,405.79425048828125,412.5,412.9700012207031,410.5299987792969,412.489990234375,1053500,MA
2023-11-27,402.3216552734375,408.9700012207031,412.7200012207031,408.25,411.0,2665900,MA
2023-11-28,402.3610534667969,409.010009765625,410.6400146484375,407.4599914550781,409.0799865722656,2645000,MA
2023-11-29,403.15789794921875,409.82000732421875,412.0799865722656,409.4200134277344,411.010009765625,2151400,MA
2023-11-30,407.1026611328125,413.8299865722656,414.1600036621094,408.7799987792969,410.1000061035156,3203500,MA
2023-12-01,407.6240234375,414.3599853515625,416.6000061035156,411.57000732421875,412.8900146484375,2171400,MA
2023-12-04,401.59375,408.2300109863281,414.8500061035156,408.0299987792969,413.8299865722656,3097900,MA
2023-12-05,402.0462341308594,408.69000244140625,409.04998779296875,404.32000732421875,407.0899963378906,2755600,MA
2023-12-06,403.708740234375,410.3800048828125,413.82000732421875,407.1600036621094,411.42999267578125,2224200,MA
2023-12-07,406.4337463378906,413.1499938964844,413.57000732421875,409.989990234375,412.07000732421875,2363000,MA
2023-12-08,405.4598693847656,412.1600036621094,413.6700134277344,409.2300109863281,412.2200012207031,1959300,MA
2023-12-11,408.9521484375,415.7099914550781,416.1700134277344,412.3800048828125,412.4599914550781,2236000,MA
2023-12-12,413.91015625,420.75,421.0,414.70001220703125,417.0,2736500,MA
2023-12-13,417.77630615234375,424.67999267578125,426.3699951171875,419.1499938964844,421.8599853515625,3694200,MA
2023-12-14,411.7557678222656,418.55999755859375,425.8500061035156,415.8999938964844,425.010009765625,3989700,MA
2023-12-15,411.7656555175781,418.57000732421875,419.260009765625,411.6000061035156,412.6199951171875,5566600,MA
2023-12-18,417.5303649902344,424.42999267578125,425.0899963378906,419.5299987792969,419.5299987792969,2686900,MA
2023-12-19,418.5534362792969,425.4700012207031,426.67999267578125,422.5199890136719,424.04998779296875,2256200,MA
2023-12-20,412.63134765625,419.45001220703125,427.6099853515625,419.239990234375,425.0799865722656,3058300,MA
2023-12-21,416.5564880371094,423.44000244140625,423.8999938964844,420.6099853515625,421.7900085449219,2213600,MA
2023-12-22,417.2057189941406,424.1000061035156,427.1700134277344,422.9599914550781,424.75,1759000,MA
2023-12-26,416.7827453613281,423.6700134277344,425.7200012207031,422.95001220703125,425.0,1258200,MA
2023-12-27,417.46148681640625,424.3599853515625,425.010009765625,422.9599914550781,423.0,1324100,MA
2023-12-28,419.3896789550781,426.32000732421875,428.3599853515625,423.67999267578125,423.7699890136719,1505000,MA
2023-12-29,419.5765380859375,426.510009765625,428.3500061035156,424.2699890136719,426.67999267578125,1706100,MA
2024-01-02,415.0317077636719,421.8900146484375,424.2799987792969,419.55999755859375,424.0899963378906,2463700,MA
2024-01-03,411.96234130859375,418.7699890136719,421.3399963378906,417.5,421.20001220703125,3093700,MA
2024-01-04,412.94610595703125,419.7699890136719,423.45001220703125,418.2799987792969,418.5,2042600,MA
2024-01-05,412.6018371582031,419.4200134277344,422.760009765625,416.989990234375,420.489990234375,2415900,MA
2024-01-08,415.77447509765625,421.9800109863281,422.0799865722656,416.5299987792969,419.44000244140625,2125400,MA
2024-01-09,416.38531494140625,422.6000061035156,423.70001220703125,418.5400085449219,419.1000061035156,2439300,MA
2024-01-10,421.9719543457031,428.2699890136719,429.4700012207031,424.1499938964844,426.0,2709300,MA
2024-01-11,420.44476318359375,426.7200012207031,431.7900085449219,425.7699890136719,430.0,2320600,MA
2024-01-12,422.7897644042969,429.1000061035156,431.1099853515625,427.70001220703125,429.95001220703125,1892400,MA
2024-01-16,422.05078125,428.3500061035156,429.7300109863281,426.5199890136719,427.44000244140625,2398000,MA
2024-01-17,421.1344909667969,427.4200134277344,430.3800048828125,425.4800109863281,425.4800109863281,2690400,MA
2024-01-18,424.3859558105469,430.7200012207031,431.2200012207031,427.45001220703125,428.6400146484375,2075700,MA
2024-01-19,430.35687255859375,436.7799987792969,437.07000732421875,429.3399963378906,432.54998779296875,2400200,MA
2024-01-22,433.2831726074219,439.75,440.94000244140625,437.260009765625,438.9800109863281,2715500,MA
2024-01-23,432.3077392578125,438.760009765625,440.6000061035156,437.8599853515625,440.2699890136719,2328600,MA
2024-01-24,432.2486267089844,438.70001220703125,440.92999267578125,435.760009765625,438.5299987792969,2725700,MA
2024-01-25,430.3765869140625,436.79998779296875,438.6300048828125,434.4599914550781,436.0,2977800,MA
2024-01-26,432.08111572265625,438.5299987792969,439.8900146484375,430.6700134277344,432.54998779296875,2725400,MA
2024-01-29,434.1009216308594,440.5799865722656,440.9599914550781,434.6700134277344,435.7799987792969,2314200,MA
2024-01-30,438.64312744140625,445.19000244140625,446.2200012207031,440.04998779296875,440.8999938964844,2663600,MA
2024-01-31,442.6237487792969,449.2300109863281,462.0,446.6199951171875,450.0,4740500,MA
2024-02-01,454.1418762207031,460.9200134277344,461.1400146484375,454.04998779296875,455.0,3292700,MA
2024-02-02,453.8067932128906,460.5799865722656,463.8399963378906,458.5,462.2099914550781,2050300,MA
2024-02-05,450.04302978515625,456.760009765625,461.3699951171875,455.5299987792969,459.510009765625,2438800,MA
2024-02-06,453.72802734375,460.5,460.55999755859375,455.3599853515625,455.3599853515625,2201900,MA
2024-02-07,455.11724853515625,461.9100036621094,462.239990234375,459.6199951171875,461.2099914550781,2544300,MA
2024-02-08,451.52099609375,458.260009765625,460.75,457.45001220703125,460.0,2081300,MA
2024-02-09,451.1465148925781,457.8800048828125,458.989990234375,456.3699951171875,458.05999755859375,2155400,MA
2024-02-12,451.9643249511719,458.7099914550781,459.3999938964844,456.0799865722656,459.17999267578125,1794500,MA
2024-02-13,453.6885986328125,460.4599914550781,461.8800048828125,456.0400085449219,456.760009765625,2407700,MA
2024-02-14,458.34906005859375,465.19000244140625,465.45001220703125,459.44000244140625,462.0,2202700,MA
2024-02-15,464.3494567871094,471.2799987792969,472.1099853515625,465.2300109863281,465.8299865722656,2354100,MA
2024-02-16,461.24578857421875,468.1300048828125,474.1700134277344,467.07000732421875,474.1700134277344,2237200,MA
2024-02-20,445.1067199707031,451.75,455.8500061035156,450.1199951171875,452.79998779296875,5044200,MA
2024-02-21,452.2992858886719,459.04998779296875,459.6000061035156,452.0,453.30999755859375,2895800,MA
2024-02-22,464.6253662109375,471.55999755859375,472.5,461.5799865722656,461.80999755859375,2572800,MA
2024-02-23,466.4580078125,473.4200134277344,475.1700134277344,471.8599853515625,473.7300109863281,1764100,MA
2024-02-26,467.5320129394531,474.510009765625,475.0799865722656,472.0,473.0,2066900,MA
2024-02-27,467.7684020996094,474.75,475.0,469.95001220703125,474.54998779296875,2011100,MA
2024-02-28,471.8081970214844,478.8500061035156,479.1400146484375,473.6700134277344,474.1700134277344,1931900,MA
2024-02-29,467.7783508300781,474.760009765625,478.3900146484375,472.04998779296875,478.0,3072500,MA
2024-03-01,469.62078857421875,476.6300048828125,477.5,473.8999938964844,474.9100036621094,1748300,MA
2024-03-04,461.6004943847656,468.489990234375,476.6300048828125,465.7699890136719,475.6700134277344,3212400,MA
2024-03-05,460.6447448730469,467.5199890136719,469.239990234375,464.6199951171875,467.3699951171875,2015100,MA
2024-03-06,464.6648254394531,471.6000061035156,473.6199951171875,467.1600036621094,467.1600036621094,1917100,MA
2024-03-07,460.6644592285156,467.5400085449219,473.2699890136719,465.8900146484375,473.20001220703125,2178100,MA
2024-03-08,462.3591613769531,469.260009765625,471.6199951171875,467.1000061035156,467.1000061035156,1596900,MA
2024-03-11,462.2606506347656,469.1600036621094,469.3699951171875,464.69000244140625,469.0,1774500,MA
2024-03-12,465.91607666015625,472.8699951171875,474.3699951171875,468.7099914550781,470.5299987792969,1853900,MA
2024-03-13,468.61578369140625,475.6099853515625,476.1600036621094,472.7799987792969,474.2300109863281,2103900,MA
2024-03-14,472.42889404296875,479.4800109863281,482.0,477.17999267578125,481.0199890136719,2757700,MA
2024-03-15,468.8325500488281,475.8299865722656,478.4599914550781,473.0799865722656,473.3399963378906,4179300,MA
2024-03-18,471.8475646972656,478.8900146484375,480.82000732421875,476.6499938964844,478.6400146484375,2072300,MA
2024-03-19,476.8824768066406,484.0,484.6099853515625,479.510009765625,481.6199951171875,2049500,MA
2024-03-20,480.8630065917969,488.0400085449219,488.45001220703125,483.6400146484375,484.32000732421875,1691100,MA
2024-03-21,481.4542236328125,488.6400146484375,490.0,483.3999938964844,488.5299987792969,2580300,MA
2024-03-22,474.5867004394531,481.6700134277344,488.8900146484375,481.4599914550781,488.30999755859375,2277800,MA
2024-03-25,469.03948974609375,476.0400085449219,482.32000732421875,474.4100036621094,481.6000061035156,2600300,MA
2024-03-26,469.78826904296875,476.79998779296875,480.0,472.30999755859375,477.7200012207031,2515100,MA
2024-03-27,470.9214172363281,477.95001220703125,482.1600036621094,474.75,480.5,2309400,MA
2024-03-28,474.4881896972656,481.57000732421875,482.42999267578125,477.2799987792969,477.9100036621094,2214500,MA
2024-04-01,471.36480712890625,478.3999938964844,483.2799987792969,477.3299865722656,480.6600036621094,1648200,MA
2024-04-02,472.3796691894531,479.42999267578125,480.4100036621094,476.29998779296875,476.9700012207031,3265100,MA
2024-04-03,470.399169921875,477.4200134277344,483.29998779296875,477.2099914550781,480.44000244140625,2265000,MA
2024-04-04,462.8616943359375,469.7699890136719,481.9599914550781,469.0,479.9700012207031,2552600,MA
2024-04-05,470.1331787109375,477.1499938964844,479.30999755859375,472.5299987792969,474.0,2462700,MA
2024-04-08,472.4616394042969,478.8500061035156,479.67999267578125,474.2799987792969,476.3999938964844,1961800,MA
2024-04-09,465.86090087890625,472.1600036621094,478.8900146484375,467.8299865722656,477.9700012207031,2217200,MA
2024-04-10,462.91082763671875,469.1700134277344,474.3900146484375,468.8500061035156,470.1700134277344,2710500,MA
2024-04-11,462.062255859375,468.30999755859375,470.3500061035156,464.19000244140625,468.2799987792969,2299900,MA
2024-04-12,459.1713562011719,465.3800048828125,469.5199890136719,462.1099853515625,466.0,2486300,MA
2024-04-15,453.65594482421875,459.7900085449219,471.0,458.42999267578125,470.239990234375,2070500,MA
2024-04-16,453.685546875,459.82000732421875,463.3800048828125,459.0,460.0,1787200,MA
2024-04-17,454.0209655761719,460.1600036621094,463.4100036621094,458.1499938964844,462.7699890136719,1735000,MA
2024-04-18,448.6338195800781,454.70001220703125,461.9100036621094,453.79998779296875,460.5,1998900,MA
2024-04-19,449.3146667480469,455.3900146484375,459.8599853515625,452.5899963378906,458.8900146484375,2548800,MA
2024-04-22,450.656494140625,456.75,460.739990234375,455.1300048828125,457.5,2157400,MA
2024-04-23,456.6455078125,462.82000732421875,462.9800109863281,457.30999755859375,458.4800109863281,2029100,MA
2024-04-24,456.32977294921875,462.5,468.1499938964844,460.3500061035156,465.2900085449219,4043100,MA
2024-04-25,455.9449768066406,462.1099853515625,464.0,456.7200012207031,460.94000244140625,2006500,MA
2024-04-26,456.2508850097656,462.4200134277344,464.82000732421875,460.94000244140625,462.9100036621094,1963300,MA
2024-04-29,451.0018310546875,457.1000061035156,461.5899963378906,455.67999267578125,460.95001220703125,2120700,MA
2024-04-30,445.1805114746094,451.20001220703125,457.7200012207031,450.8800048828125,456.260009765625,2698800,MA
2024-05-01,436.1723327636719,442.07000732421875,448.9800109863281,438.3800048828125,445.79998779296875,4979100,MA
2024-05-02,435.2153015136719,441.1000061035156,444.6600036621094,438.04998779296875,443.0,3866500,MA
2024-05-03,437.6622009277344,443.5799865722656,445.260009765625,436.8999938964844,444.9100036621094,3711500,MA
2024-05-06,443.3749084472656,449.3699951171875,450.5,445.55999755859375,447.2300109863281,2536200,MA
2024-05-07,447.0157775878906,453.05999755859375,453.29998779296875,447.5299987792969,451.760009765625,2345300,MA
2024-05-08,448.70294189453125,454.7699890136719,455.1099853515625,449.9200134277344,454.0,2332400,MA
2024-05-09,449.413330078125,455.489990234375,456.0299987792969,453.54998779296875,453.54998779296875,1970100,MA
2024-05-10,450.8834533691406,456.9800109863281,458.5799865722656,454.9800109863281,457.3299865722656,1729900,MA
2024-05-13,451.65301513671875,457.760009765625,458.7200012207031,455.510009765625,456.92999267578125,2069300,MA
2024-05-14,448.1404724121094,454.20001220703125,458.9800109863281,449.29998779296875,457.9200134277344,2991000,MA
2024-05-15,451.8898010253906,458.0,458.6000061035156,452.7900085449219,452.7900085449219,2437800,MA
2024-05-16,452.74822998046875,458.8699951171875,464.92999267578125,458.82000732421875,460.0,2412200,MA
2024-05-17,454.1294860839844,460.2699890136719,461.69000244140625,458.1099853515625,460.45001220703125,1985900,MA
2024-05-20,453.5277099609375,459.6600036621094,462.2200012207031,458.7799987792969,459.4800109863281,1397200,MA
2024-05-21,452.97515869140625,459.1000061035156,460.3900146484375,455.6300048828125,457.9100036621094,2166000,MA
2024-05-22,450.4295349121094,456.5199890136719,462.5,455.1700134277344,458.8999938964844,1713700,MA
2024-05-23,445.1903991699219,451.2099914550781,458.04998779296875,450.44000244140625,456.5199890136719,2084600,MA
2024-05-24,445.1607666015625,451.17999267578125,454.45001220703125,450.32000732421875,452.510009765625,2162100,MA
2024-05-28,439.1421813964844,445.0799865722656,450.6300048828125,442.3999938964844,450.0,2670800,MA
2024-05-29,436.5670166015625,442.4700012207031,444.55999755859375,441.79998779296875,442.1099853515625,1876900,MA
2024-05-30,436.20196533203125,442.1000061035156,444.19000244140625,440.6700134277344,442.2099914550781,2189900,MA
2024-05-31,441.10565185546875,447.07000732421875,447.3399963378906,439.260009765625,442.69000244140625,3917100,MA
2024-06-03,437.2774353027344,443.19000244140625,445.0,437.8900146484375,443.4800109863281,2123800,MA
2024-06-04,438.8363037109375,444.7699890136719,444.8800048828125,441.32000732421875,443.3599853515625,2096600,MA
2024-06-05,440.70111083984375,446.6600036621094,447.57000732421875,442.30999755859375,446.79998779296875,2157000,MA
2024-06-06,442.6941833496094,448.67999267578125,449.7799987792969,444.6300048828125,448.489990234375,1887100,MA
2024-06-07,443.78936767578125,449.7900085449219,453.0,447.260009765625,449.45001220703125,1664700,MA
2024-06-10,443.2565612792969,449.25,450.1700134277344,444.3699951171875,448.4200134277344,1954500,MA
2024-06-11,443.04931640625,449.0400085449219,449.25,445.1099853515625,447.8399963378906,1777300,MA
2024-06-12,437.0899353027344,443.0,452.5,441.6000061035156,451.489990234375,2738900,MA
2024-06-13,439.0632629394531,445.0,445.1499938964844,439.32000732421875,443.0,2916600,MA
2024-06-14,438.69818115234375,444.6300048828125,444.9599914550781,441.20001220703125,443.3399963378906,2161500,MA
2024-06-17,442.1316833496094,448.1099853515625,449.3399963378906,441.67999267578125,442.42999267578125,2351900,MA
2024-06-18,444.10504150390625,450.1099853515625,451.20001220703125,446.70001220703125,447.05999755859375,2636500,MA
2024-06-20,446.47308349609375,452.510009765625,454.4800109863281,448.3599853515625,451.05999755859375,3006800,MA
2024-06-21,448.7818603515625,454.8500061035156,455.29998779296875,450.260009765625,452.19000244140625,5007800,MA
2024-06-24,450.86370849609375,456.9599914550781,463.07000732421875,454.92999267578125,454.92999267578125,2597100,MA
2024-06-25,449.5711975097656,455.6499938964844,460.30999755859375,453.79998779296875,458.4800109863281,2299400,MA
2024-06-26,446.3448181152344,452.3800048828125,454.67999267578125,451.3900146484375,452.75,2451400,MA
2024-06-27,436.8432922363281,442.75,448.70001220703125,442.0,448.57000732421875,3313800,MA
2024-06-28,435.2744445800781,441.1600036621094,448.29998779296875,438.7200012207031,444.6400146484375,4105000,MA
2024-07-01,431.77178955078125,437.6099853515625,442.4700012207031,435.54998779296875,440.79998779296875,3149700,MA
2024-07-02,438.7179260253906,444.6499938964844,444.760009765625,435.0,435.0,2061300,MA
2024-07-03,442.2008056640625,448.17999267578125,449.2900085449219,444.2799987792969,445.32000732421875,3192400,MA
2024-07-05,443.49334716796875,449.489990234375,449.95001220703125,444.2799987792969,447.1099853515625,2220700,MA
2024-07-08,440.28668212890625,446.239990234375,450.6099853515625,445.0,449.2799987792969,1802700,MA
2024-07-09,439.4171447753906,444.70001220703125,447.5799865722656,442.7900085449219,446.6499938964844,1608400,MA
2024-07-10,428.48858642578125,433.6400146484375,437.4100036621094,429.04998779296875,434.6099853515625,4760900,MA
2024-07-11,431.23553466796875,436.4200134277344,437.7699890136719,430.1099853515625,432.0,4032600,MA
2024-07-12,434.8816833496094,440.1099853515625,442.2300109863281,437.32000732421875,437.3999938964844,2645600,MA
2024-07-15,438.7254943847656,444.0,444.3999938964844,438.739990234375,440.3299865722656,1727700,MA
2024-07-16,438.2610778808594,443.5299987792969,447.1600036621094,439.70001220703125,446.94000244140625,2846600,MA
2024-07-17,445.8004455566406,451.1600036621094,451.5199890136719,442.05999755859375,442.3999938964844,2925000,MA
2024-07-18,443.389404296875,448.7200012207031,455.42999267578125,447.4800109863281,448.75,3339900,MA
2024-07-19,438.4191589355469,443.69000244140625,451.239990234375,443.57000732421875,451.2200012207031,2121700,MA
2024-07-22,442.61865234375,447.94000244140625,448.8500061035156,443.25,445.4100036621094,2111700,MA
2024-07-23,436.4725646972656,441.7200012207031,448.739990234375,441.1099853515625,448.04998779296875,2385500,MA
2024-07-24,427.3127136230469,432.45001220703125,435.8599853515625,428.8599853515625,434.0,3764800,MA
2024-07-25,424.4965515136719,429.6000061035156,437.70001220703125,429.55999755859375,433.94000244140625,2384300,MA
2024-07-26,432.974609375,438.17999267578125,440.7799987792969,432.1099853515625,432.2799987792969,2039600,MA
2024-07-29,436.0575256347656,441.29998779296875,442.9200134277344,435.4200134277344,438.79998779296875,2248600,MA
2024-07-30,442.1344909667969,447.45001220703125,448.7300109863281,443.010009765625,443.7699890136719,2266900,MA
2024-07-31,458.2013244628906,463.7099914550781,474.0,457.5400085449219,462.0,4313600,MA
2024-08-01,456.91680908203125,462.4100036621094,467.5,459.19000244140625,465.4599914550781,2590100,MA
2024-08-02,456.5313720703125,462.0199890136719,466.75,458.6099853515625,460.2200012207031,3808100,MA
2024-08-05,436.7492370605469,442.0,461.29998779296875,439.5899963378906,455.0,4496700,MA
2024-08-06,442.974365234375,448.29998779296875,455.45001220703125,442.1099853515625,443.2200012207031,2758900,MA
2024-08-07,444.49609375,449.8399963378906,456.9200134277344,449.0400085449219,450.5299987792969,2059800,MA
2024-08-08,450.1679382324219,455.5799865722656,456.2699890136719,451.0299987792969,452.239990234375,1585400,MA
2024-08-09,451.3536682128906,456.7799987792969,458.79998779296875,453.4599914550781,455.5799865722656,1760200,MA
2024-08-12,450.276611328125,455.69000244140625,458.4599914550781,453.8900146484375,457.7699890136719,1760000,MA
2024-08-13,453.9029846191406,459.3599853515625,459.6400146484375,454.8900146484375,458.1400146484375,1816100,MA
2024-08-14,454.6935119628906,460.1600036621094,460.5400085449219,456.07000732421875,459.260009765625,1654100,MA
2024-08-15,463.14190673828125,468.7099914550781,469.0,464.0,465.1000061035156,2130500,MA
2024-08-16,463.3099060058594,468.8800048828125,470.260009765625,466.0400085449219,468.0,1921900,MA
2024-08-19,461.4324951171875,466.9800109863281,470.1499938964844,465.5199890136719,469.0,1690800,MA
2024-08-20,463.5470275878906,469.1199951171875,469.6700134277344,465.510009765625,468.1300048828125,1763300,MA
2024-08-21,462.4403991699219,468.0,469.0899963378906,464.5199890136719,468.5400085449219,2105900,MA
2024-08-22,463.25067138671875,468.82000732421875,470.9100036621094,466.70001220703125,469.489990234375,1538200,MA
2024-08-23,460.8988952636719,466.44000244140625,470.3399963378906,461.8999938964844,470.29998779296875,1986300,MA
2024-08-26,463.0727844238281,468.6400146484375,470.5299987792969,467.0,468.1000061035156,1434400,MA
2024-08-27,469.34735107421875,474.989990234375,475.5,468.2200012207031,471.0799865722656,1635900,MA
2024-08-28,466.1951904296875,471.79998779296875,476.4100036621094,468.8699951171875,475.0,1445300,MA
2024-08-29,475.08831787109375,480.79998779296875,481.9200134277344,474.4700012207031,474.4700012207031,1893400,MA
2024-08-30,477.5981140136719,483.3399963378906,485.739990234375,479.6499938964844,481.8399963378906,2982100,MA
2024-09-03,476.3926696777344,482.1199951171875,486.69000244140625,480.0400085449219,482.4700012207031,2063700,MA
2024-09-04,477.4005432128906,483.1400146484375,486.1700134277344,481.17999267578125,482.0899963378906,2156300,MA
2024-09-05,471.6891784667969,477.3599853515625,484.1600036621094,473.1099853515625,483.1400146484375,2293500,MA
2024-09-06,470.4639587402344,476.1199951171875,480.44000244140625,474.7099914550781,477.1099853515625,2116200,MA
2024-09-09,481.3036193847656,487.0899963378906,489.2099914550781,479.57000732421875,480.5,2343600,MA
2024-09-10,482.2225646972656,488.0199890136719,488.3299865722656,482.3299865722656,487.1000061035156,2234100,MA
2024-09-11,482.380615234375,488.17999267578125,489.1099853515625,477.8399963378906,486.5199890136719,2480000,MA
2024-09-12,486.263916015625,492.1099853515625,492.8800048828125,483.0,486.95001220703125,2299100,MA
2024-09-13,487.49908447265625,493.3599853515625,496.8500061035156,491.45001220703125,493.1000061035156,2204700,MA
2024-09-16,491.7974548339844,497.7099914550781,498.32000732421875,493.3900146484375,495.29998779296875,1589200,MA
2024-09-17,495.0384521484375,500.989990234375,501.739990234375,497.8500061035156,498.6000061035156,2202800,MA
2024-09-18,488.88250732421875,494.760009765625,501.79998779296875,494.0400085449219,501.2799987792969,2193800,MA
2024-09-19,487.1533203125,493.010009765625,501.1300048828125,486.25,500.0,3517200,MA
2024-09-20,486.8865051269531,492.739990234375,493.5299987792969,487.739990234375,489.6499938964844,3470200,MA
2024-09-23,491.2342224121094,497.1400146484375,497.69000244140625,491.29998779296875,493.1600036621094,2191300,MA
2024-09-24,481.6197814941406,487.4100036621094,493.25,484.4200134277344,492.67999267578125,4143700,MA
2024-09-25,483.6355895996094,489.45001220703125,489.8999938964844,483.5400085449219,484.760009765625,3483200,MA
2024-09-26,485.4338684082031,491.2699890136719,493.6300048828125,489.0,491.0,3073700,MA
2024-09-27,487.7757873535156,493.6400146484375,496.0,490.3900146484375,491.0299987792969,2177200,MA
2024-09-30,487.9338684082031,493.79998779296875,494.989990234375,490.1099853515625,491.7799987792969,2862400,MA
2024-10-01,490.4831848144531,496.3800048828125,498.0299987792969,493.1099853515625,497.260009765625,3748100,MA
2024-10-02,489.682861328125,495.57000732421875,495.9100036621094,489.67999267578125,492.94000244140625,1736500,MA
2024-10-03,489.0899353027344,494.9700012207031,497.0899963378906,493.0,495.54998779296875,1382200,MA
2024-10-04,491.78753662109375,497.70001220703125,499.04998779296875,492.4700012207031,495.55999755859375,1935600,MA
2024-10-07,485.4635925292969,491.29998779296875,498.5299987792969,490.75,497.3299865722656,1990500,MA
2024-10-08,491.1551513671875,497.05999755859375,497.5299987792969,491.5299987792969,492.5,1750100,MA
2024-10-09,494.6676330566406,499.95001220703125,500.75,495.5899963378906,498.3800048828125,1707500,MA
2024-10-10,492.7580261230469,498.0199890136719,500.7200012207031,495.8399963378906,500.0,1491000,MA
2024-10-11,496.9532775878906,502.260009765625,502.9200134277344,496.4700012207031,496.510009765625,1919900,MA
2024-10-14,501.30670166015625,506.6600036621094,508.7900085449219,502.04998779296875,504.3599853515625,2127000,MA
2024-10-15,501.8707275390625,507.2300109863281,509.8800048828125,504.0,505.6199951171875,2885900,MA
2024-10-16,508.63848876953125,514.0700073242188,515.4000244140625,506.0,506.3500061035156,2956700,MA
2024-10-17,508.33172607421875,513.760009765625,517.0399780273438,511.5199890136719,516.2899780273438,2227400,MA
2024-10-18,510.88446044921875,516.3400268554688,518.0,512.5800170898438,514.5399780273438,2604600,MA
2024-10-21,509.5684814453125,515.010009765625,518.8200073242188,513.9400024414062,516.989990234375,2217500,MA
2024-10-22,507.59954833984375,513.02001953125,514.5499877929688,510.5,511.1499938964844,1855800,MA
2024-10-23,508.302001953125,513.72998046875,514.719970703125,511.8999938964844,512.6599731445312,1759700,MA
2024-10-24,505.2249450683594,510.6199951171875,513.3400268554688,509.4599914550781,511.8999938964844,1911900,MA
2024-10-25,501.99932861328125,507.3599853515625,514.72998046875,505.6199951171875,512.5,1582200,MA
2024-10-28,502.8403625488281,508.2099914550781,510.8599853515625,506.1400146484375,507.3999938964844,2186400,MA
2024-10-29,500.9307861328125,506.2799987792969,511.3900146484375,505.70001220703125,507.5400085449219,2066300,MA
2024-10-30,508.262451171875,513.6900024414062,516.4500122070312,507.0,512.52001953125,3121000,MA
2024-10-31,494.3114929199219,499.5899963378906,527.9000244140625,499.0299987792969,521.25,5523300,MA
2024-11-01,502.7117614746094,508.0799865722656,510.54998779296875,498.5299987792969,500.44000244140625,3753700,MA
2024-11-04,500.2381591796875,505.5799865722656,510.0,503.0299987792969,509.1400146484375,2165100,MA
2024-11-05,500.2183532714844,505.55999755859375,508.1499938964844,503.6099853515625,505.5799865722656,2132900,MA
2024-11-06,515.6239013671875,521.1300048828125,523.0,515.9400024414062,520.8599853515625,3673700,MA
2024-11-07,512.408203125,517.8800048828125,524.030029296875,516.5900268554688,523.989990234375,2382300,MA
2024-11-08,519.2154541015625,524.760009765625,528.8400268554688,519.530029296875,520.3400268554688,2215600,MA
2024-11-11,524.5189208984375,530.1199951171875,534.030029296875,528.52001953125,528.8499755859375,2213400,MA
2024-11-12,523.5789184570312,529.1699829101562,530.9000244140625,527.2999877929688,529.0999755859375,2577600,MA
2024-11-13,516.3659057617188,521.8800048828125,530.5,516.4199829101562,530.010009765625,2681500,MA
2024-11-14,514.901611328125,520.4000244140625,522.3599853515625,517.6500244140625,520.6199951171875,2480400,MA
2024-11-15,516.3758544921875,521.8900146484375,523.3900146484375,518.0,518.530029296875,2408100,MA
2024-11-18,516.1185302734375,521.6300048828125,523.489990234375,517.0,518.5900268554688,2493400,MA
2024-11-19,513.9714965820312,519.4600219726562,522.6500244140625,516.760009765625,518.780029296875,2716000,MA
2024-11-20,507.1246032714844,512.5399780273438,522.5,511.0,521.530029296875,2409400,MA
2024-11-21,509.6575012207031,515.0999755859375,520.1199951171875,511.5799865722656,513.22998046875,3077300,MA
2024-11-22,515.356689453125,520.8599853515625,521.7100219726562,516.1799926757812,516.9299926757812,3130400,MA
2024-11-25,521.0360107421875,526.5999755859375,528.25,521.02001953125,521.6400146484375,4503900,MA
2024-11-26,522.8961791992188,528.47998046875,530.6500244140625,525.0599975585938,527.9000244140625,2326800,MA
2024-11-27,526.7549438476562,532.3800048828125,533.6199951171875,526.5800170898438,529.0499877929688,2086300,MA
2024-11-29,527.30908203125,532.9400024414062,535.77001953125,530.030029296875,533.010009765625,1760600,MA
2024-12-02,525.7457275390625,531.3599853515625,534.8200073242188,526.22998046875,532.9299926757812,2355100,MA
2024-12-03,520.6205444335938,526.1799926757812,534.8200073242188,525.9600219726562,534.6699829101562,2319400,MA
2024-12-04,515.6337890625,521.1400146484375,526.280029296875,518.1699829101562,523.6400146484375,2630000,MA
2024-12-05,519.2254028320312,524.77001953125,527.469970703125,522.1699829101562,524.5999755859375,2538600,MA
2024-12-06,522.9852294921875,528.5700073242188,531.0,522.5,522.9299926757812,2122700,MA
2024-12-09,517.2959594726562,522.8200073242188,531.5900268554688,521.8800048828125,529.02001953125,2942000,MA
2024-12-10,523.4205932617188,529.010009765625,529.6599731445312,520.219970703125,522.510009765625,2003200,MA
2024-12-11,528.8031005859375,534.4500122070312,535.8900146484375,527.27001953125,529.1900024414062,2181100,MA
2024-12-12,526.7846069335938,532.4099731445312,536.75,531.969970703125,536.2899780273438,1860400,MA
2024-12-13,523.4107055664062,529.0,534.6799926757812,528.9099731445312,534.1699829101562,1608200,MA
2024-12-16,524.7069091796875,530.3099975585938,535.0,529.0,532.0,2923000,MA
2024-12-17,525.3995361328125,531.010009765625,531.780029296875,524.8699951171875,529.4000244140625,4055800,MA
2024-12-18,514.4662475585938,519.9600219726562,537.1300048828125,519.7100219726562,530.3200073242188,3190300,MA
2024-12-19,517.7510986328125,523.280029296875,529.219970703125,522.2000122070312,524.1599731445312,3050500,MA
2024-12-20,522.450927734375,528.030029296875,532.0800170898438,519.4199829101562,522.8699951171875,7317100,MA
2024-12-23,523.37109375,528.9600219726562,529.4000244140625,521.1300048828125,525.8300170898438,2270300,MA
2024-12-24,530.0498657226562,535.7100219726562,535.739990234375,527.8300170898438,529.27001953125,955000,MA
2024-12-26,530.4851684570312,536.1500244140625,537.7000122070312,532.9199829101562,533.6300048828125,1109600,MA
2024-12-27,526.5768432617188,532.2000122070312,537.5599975585938,530.7999877929688,533.6099853515625,1541800,MA
2024-12-30,519.9971313476562,525.5499877929688,528.5700073242188,521.3300170898438,527.0,2101600,MA
2024-12-31,521.0064086914062,526.5700073242188,529.1900024414062,525.5599975585938,527.6699829101562,1942600,MA
2025-01-02,516.8804931640625,522.4000244140625,530.5599975585938,517.6599731445312,529.1900024414062,2818800,MA
2025-01-03,515.8513793945312,521.3599853515625,524.4600219726562,517.6799926757812,522.530029296875,1627500,MA
2025-01-06,506.52105712890625,511.92999267578125,521.3599853515625,511.010009765625,520.969970703125,2920800,MA
2025-01-07,505.9966735839844,511.3999938964844,516.3300170898438,511.0799865722656,513.6799926757812,2211800,MA
2025-01-08,510.94384765625,516.4000244140625,517.4500122070312,511.5299987792969,512.0399780273438,2456700,MA
2025-01-10,500.07373046875,504.6700134277344,513.760009765625,503.3599853515625,512.1199951171875,2815500,MA
2025-01-13,500.3115539550781,504.9100036621094,506.1499938964844,499.9200134277344,501.0,2885500,MA
2025-01-14,504.38409423828125,509.0199890136719,509.3900146484375,504.2099914550781,507.07000732421875,2704800,MA
2025-01-15,517.5926513671875,522.3499755859375,523.77001953125,513.72998046875,515.5700073242188,3024800,MA
2025-01-16,518.3755493164062,523.1400146484375,527.1199951171875,520.719970703125,523.6199951171875,3275600,MA
2025-01-17,519.9213256835938,524.7000122070312,528.1300048828125,521.010009765625,524.5800170898438,2374800,MA
2025-01-21,523.250732421875,528.0599975585938,529.97998046875,526.9099731445312,527.6599731445312,2706900,MA
2025-01-22,522.378662109375,527.1799926757812,530.2999877929688,525.6699829101562,528.0,2037600,MA
2025-01-23,529.3544921875,534.219970703125,534.3499755859375,528.6799926757812,529.0499877929688,2196500,MA
2025-01-24,528.6312255859375,533.489990234375,536.0599975585938,532.1500244140625,532.989990234375,2472900,MA
2025-01-27,542.6524047851562,547.6400146484375,547.989990234375,531.6599731445312,533.5800170898438,3074600,MA
2025-01-28,542.3748779296875,547.3599853515625,551.5499877929688,542.6599731445312,546.5399780273438,2727800,MA
2025-01-29,543.8018188476562,548.7999877929688,550.6099853515625,546.5,547.0,2549000,MA
2025-01-30,560.8551025390625,566.010009765625,576.9400024414062,554.530029296875,555.0,6005200,MA
2025-01-31,550.371337890625,555.4299926757812,565.5399780273438,554.6400146484375,563.8200073242188,4505100,MA
2025-02-03,558.8138427734375,563.9500122070312,565.0,551.0700073242188,552.6400146484375,3195500,MA
2025-02-04,554.0179443359375,559.1099853515625,572.0,557.5800170898438,570.8800048828125,2638900,MA
2025-02-05,561.132568359375,566.2899780273438,566.8699951171875,559.7999877929688,561.3499755859375,2404700,MA
2025-02-06,561.99462890625,567.1599731445312,569.75,564.5399780273438,566.1300048828125,1738400,MA
2025-02-07,557.6248168945312,562.75,570.0499877929688,561.780029296875,568.0599975585938,2008300,MA
2025-02-10,560.33984375,565.489990234375,567.27001953125,561.0,565.25,2357700,MA
2025-02-11,559.5570678710938,564.7000122070312,566.4299926757812,559.219970703125,564.989990234375,1847800,MA
2025-02-12,559.4579467773438,564.5999755859375,564.75,559.4400024414062,562.010009765625,1722200,MA
2025-02-13,561.1522827148438,566.3099975585938,567.3900146484375,561.469970703125,565.5999755859375,1709500,MA
2025-02-14,559.6163940429688,564.760009765625,569.239990234375,564.1300048828125,566.010009765625,1927400,MA
2025-02-18,563.431396484375,568.6099853515625,568.6300048828125,561.52001953125,564.9000244140625,2064100,MA
2025-02-19,563.3223876953125,568.5,570.7000122070312,566.6500244140625,567.489990234375,2459100,MA
2025-02-20,558.1500244140625,563.280029296875,568.5,559.0399780273438,568.1500244140625,2181900,MA
2025-02-21,552.4325561523438,557.510009765625,564.7999877929688,556.5800170898438,561.4299926757812,2256100,MA
2025-02-24,553.9088745117188,559.0,561.4600219726562,556.7899780273438,558.4299926757812,1752500,MA
2025-02-25,558.89306640625,564.030029296875,566.0399780273438,552.6900024414062,562.4400024414062,3609500,MA
2025-02-26,556.1582641601562,561.27001953125,566.6799926757812,559.5999755859375,562.5900268554688,2028000,MA
2025-02-27,559.6759033203125,564.8200073242188,574.7000122070312,564.0,565.5700073242188,2436500,MA
2025-02-28,571.0612182617188,576.3099975585938,576.4299926757812,564.0,567.2999877929688,3205400,MA
2025-03-03,569.683837890625,574.9199829101562,582.22998046875,570.0,577.3300170898438,3092600,MA
2025-03-04,550.0147094726562,555.0700073242188,573.2000122070312,552.010009765625,570.4600219726562,3318100,MA
2025-03-05,553.2152709960938,558.2999877929688,560.989990234375,551.3200073242188,552.5800170898438,2795400,MA
2025-03-06,544.8125,549.8200073242188,555.6799926757812,544.6900024414062,548.5,3133200,MA
2025-03-07,541.7903442382812,546.77001953125,550.3800048828125,536.280029296875,547.0700073242188,3161300,MA
2025-03-10,532.2281494140625,537.1199951171875,548.5599975585938,532.02001953125,538.1500244140625,3893400,MA
2025-03-11,521.0112915039062,525.7999877929688,538.0499877929688,522.25,537.2000122070312,4582600,MA
2025-03-12,519.86181640625,524.6400146484375,532.7100219726562,519.260009765625,530.510009765625,2810800,MA
2025-03-13,515.095703125,519.8300170898438,528.530029296875,517.7100219726562,524.5,2375800,MA
2025-03-14,522.83447265625,527.6400146484375,528.4099731445312,520.9500122070312,522.5999755859375,2369500,MA
2025-03-17,527.1448974609375,531.989990234375,533.47998046875,521.47998046875,523.25,2544800,MA
2025-03-18,525.361328125,530.1900024414062,532.5900268554688,525.510009765625,532.3400268554688,2363300,MA
2025-03-19,531.2076416015625,536.0900268554688,537.6199951171875,529.5800170898438,531.5700073242188,2804300,MA
2025-03-20,531.4949340820312,536.3800048828125,540.489990234375,532.5499877929688,533.5999755859375,2598600,MA
2025-03-21,530.8112182617188,535.6900024414062,538.0499877929688,530.760009765625,535.4400024414062,5973400,MA
2025-03-24,538.7185668945312,543.6699829101562,545.4600219726562,538.239990234375,539.3499755859375,2758700,MA
2025-03-25,540.1950073242188,545.1599731445312,547.1799926757812,542.0,545.9500122070312,2138200,MA
2025-03-26,544.0693969726562,549.0700073242188,551.030029296875,545.1199951171875,547.1400146484375,2681600,MA
2025-03-27,552.491943359375,557.5700073242188,561.8300170898438,547.7999877929688,549.0700073242188,2901200,MA
2025-03-28,535.6863403320312,540.6099853515625,558.5900268554688,540.0900268554688,554.22998046875,2656400,MA
2025-03-31,543.1279907226562,548.1199951171875,551.4299926757812,531.02001953125,532.1599731445312,4741800,MA
2025-04-01,543.5144653320312,548.510009765625,551.1500244140625,544.0,546.7999877929688,2714900,MA
2025-04-02,542.394775390625,547.3800048828125,549.530029296875,541.6500244140625,542.8599853515625,2994600,MA
2025-04-03,525.7180786132812,530.5499877929688,539.989990234375,527.0,528.4199829101562,3443500,MA
2025-04-04,485.3094177246094,489.7699890136719,520.8800048828125,488.2900085449219,519.6199951171875,6125100,MA
2025-04-07,481.09814453125,485.5199890136719,502.20001220703125,465.5899963378906,478.5,6009400,MA
2025-04-08,475.54913330078125,479.9200134277344,505.57000732421875,471.6600036621094,501.0,3555400,MA
2025-04-09,511.54583740234375,515.4299926757812,518.510009765625,470.0,470.1099853515625,4698400,MA
2025-04-10,495.5770263671875,499.3399963378906,508.6300048828125,484.1300048828125,506.8299865722656,4105300,MA
2025-04-11,505.9085693359375,509.75,515.9099731445312,495.9100036621094,498.260009765625,3736200,MA
2025-04-14,508.59820556640625,512.4600219726562,523.4199829101562,508.5,515.8699951171875,3005500,MA
2025-04-15,513.4810791015625,517.3800048828125,521.2899780273438,513.3800048828125,513.4000244140625,2210700,MA
2025-04-16,509.5608825683594,513.4299926757812,521.719970703125,509.8699951171875,516.0499877929688,2501000,MA
2025-04-17,513.4315185546875,517.3300170898438,523.97998046875,509.1300048828125,510.95001220703125,3329800,MA
2025-04-21,505.48187255859375,509.32000732421875,517.6500244140625,503.5400085449219,517.0,3345600,MA
2025-04-22,523.3561401367188,527.3300170898438,528.7999877929688,512.75,515.6199951171875,2384000,MA
2025-04-23,526.0159912109375,530.010009765625,543.9400024414062,527.6199951171875,537.739990234375,3051800,MA
2025-04-24,531.4248657226562,535.4600219726562,536.0399780273438,525.27001953125,528.6900024414062,2209100,MA
2025-04-25,529.4597778320312,533.47998046875,536.9199829101562,529.8800048828125,535.4600219726562,2006100,MA
2025-04-28,530.462158203125,534.489990234375,537.760009765625,530.5,536.030029296875,1735400,MA
2025-04-29,535.6130981445312,539.6799926757812,540.47998046875,533.4099731445312,534.3400268554688,2041500,MA
2025-04-30,543.929931640625,548.0599975585938,549.0700073242188,529.5499877929688,538.530029296875,3783500,MA
2025-05-01,542.5106811523438,546.6300048828125,552.8300170898438,539.72998046875,550.0,2839900,MA
2025-05-02,555.174560546875,559.3900146484375,562.3800048828125,554.989990234375,555.6300048828125,2632600,MA
2025-05-05,556.8914794921875,561.1199951171875,564.5499877929688,555.8499755859375,557.8099975585938,2130900,MA
2025-05-06,554.7775268554688,558.989990234375,565.739990234375,556.0999755859375,556.47998046875,2341700,MA
2025-05-07,562.062255859375,566.3300170898438,567.22998046875,558.489990234375,559.27001953125,2493700,MA
2025-05-08,562.8463134765625,567.1199951171875,573.8699951171875,567.0,569.4500122070312,2004300,MA
2025-05-09,564.3548583984375,568.6400146484375,569.5800170898438,564.5999755859375,567.4500122070312,1528000,MA
2025-05-12,573.9122314453125,578.27001953125,580.7899780273438,566.4299926757812,580.0,3000300,MA
2025-05-13,572.2449340820312,576.5900268554688,582.8599853515625,575.7999877929688,578.0,2370200,MA
2025-05-14,568.9598388671875,573.280029296875,578.6400146484375,572.280029296875,578.27001953125,2237500,MA
2025-05-15,577.8126831054688,582.2000122070312,583.0399780273438,573.6500244140625,574.1300048828125,2034200,MA
2025-05-16,578.8846435546875,583.280029296875,584.2899780273438,580.4299926757812,580.4299926757812,2225900,MA
2025-05-19,581.9909057617188,586.4099731445312,588.4500122070312,580.47998046875,581.02001953125,1875500,MA
2025-05-20,576.7308349609375,581.1099853515625,583.989990234375,576.8499755859375,581.239990234375,1964300,MA
2025-05-21,565.2481079101562,569.5399780273438,579.0,567.0999755859375,576.4600219726562,2505300,MA
2025-05-22,565.8435668945312,570.1400146484375,573.1599731445312,566.9299926757812,568.6599731445312,1869900,MA
2025-05-23,559.3330078125,563.5800170898438,567.5499877929688,562.510009765625,564.489990234375,1948800,MA
2025-05-27,570.22021484375,574.5499877929688,574.5599975585938,566.489990234375,566.8200073242188,2655200,MA
2025-05-28,571.5799560546875,575.9199829101562,578.8400268554688,572.9400024414062,574.5800170898438,1702900,MA
2025-05-29,573.4259643554688,577.780029296875,578.5800170898438,572.9400024414062,575.8800048828125,1347800,MA
2025-05-30,581.1869506835938,585.5999755859375,585.5999755859375,576.510009765625,576.780029296875,4581100,MA
2025-06-02,576.8399658203125,581.219970703125,581.8200073242188,574.780029296875,580.5,2089100,MA
2025-06-03,577.5843505859375,581.969970703125,582.530029296875,573.4400024414062,579.8699951171875,2116900,MA
2025-06-04,579.7280883789062,584.1300048828125,586.8499755859375,582.219970703125,584.1699829101562,1530200,MA
2025-06-05,581.0281982421875,585.4400024414062,586.6900024414062,582.6300048828125,586.3099975585938,1480000,MA
2025-06-06,585.6729125976562,590.1199951171875,591.1599731445312,586.0399780273438,587.9099731445312,1528600,MA
2025-06-09,579.9266357421875,584.3300170898438,590.0,580.0,588.739990234375,1936000,MA
2025-06-10,585.0973510742188,589.5399780273438,589.8699951171875,583.1599731445312,584.6500244140625,2133700,MA
2025-06-11,586.2882690429688,590.739990234375,594.7100219726562,587.5999755859375,590.3200073242188,2238100,MA
2025-06-12,584.8392944335938,589.280029296875,590.6699829101562,584.5599975585938,589.4299926757812,1984000,MA
2025-06-13,557.794677734375,562.030029296875,575.239990234375,552.510009765625,572.8599853515625,5905400,MA
2025-06-16,564.384521484375,568.6699829101562,575.0,562.6400146484375,563.9000244140625,3108200,MA
2025-06-17,565.1587524414062,569.4500122070312,571.2899780273438,564.0,564.719970703125,2246600,MA
2025-06-18,534.6702270507812,538.72998046875,571.0800170898438,534.1599731445312,570.8800048828125,6966800,MA
2025-06-20,528.9536743164062,532.969970703125,538.3400268554688,527.3300170898438,536.9299926757812,8202800,MA
2025-06-23,538.262939453125,542.3499755859375,543.1300048828125,527.5700073242188,531.4199829101562,3681100,MA
2025-06-24,553.3285522460938,557.530029296875,564.1199951171875,552.489990234375,557.1799926757812,4503200,MA
2025-06-25,545.5576171875,549.7000122070312,558.47998046875,548.6199951171875,556.0,2889200,MA
2025-06-26,541.6968383789062,545.8099975585938,548.9099731445312,542.0700073242188,545.530029296875,3764100,MA
2025-06-27,546.1729125976562,550.3200073242188,556.7000122070312,545.5499877929688,546.77001953125,3837500,MA
2025-06-30,557.7053833007812,561.9400024414062,562.6300048828125,551.9000244140625,552.5,5054600,MA
2025-07-01,560.3551635742188,564.6099853515625,566.3099975585938,557.0399780273438,559.3200073242188,3827000,MA
2025-07-02,557.2885131835938,561.52001953125,565.989990234375,557.3900146484375,562.9400024414062,2502300,MA
2025-07-03,564.9502563476562,569.239990234375,569.6599731445312,560.739990234375,560.780029296875,1528700,MA
2025-07-07,560.8613891601562,565.1199951171875,570.75,560.3499755859375,570.6699829101562,2478300,MA
2025-07-08,558.2014770507812,562.4400024414062,566.6199951171875,560.4199829101562,564.5800170898438,3083800,MA
2025-07-09,561.6102294921875,565.1099853515625,565.4199829101562,559.25,562.0,2454300,MA
2025-07-10,560.0301513671875,563.52001953125,566.0599975585938,561.010009765625,565.6500244140625,2577200,MA
2025-07-11,546.7727661132812,550.1799926757812,560.8200073242188,545.8499755859375,559.8200073242188,3221400,MA
2025-07-14,549.59521484375,553.02001953125,559.0700073242188,547.7899780273438,550.5,2500900,MA
2025-07-15,546.95166015625,550.3599853515625,554.8599853515625,548.6500244140625,553.1099853515625,2449100,MA
2025-07-16,552.0796508789062,555.52001953125,555.52001953125,549.5,552.4199829101562,2424200,MA
2025-07-17,552.1691284179688,555.6099853515625,557.3800048828125,550.510009765625,552.97998046875,2722000,MA
2025-07-18,549.2373657226562,552.6599731445312,556.3499755859375,550.8800048828125,555.260009765625,2579600,MA
2025-07-21,551.215087890625,554.6500244140625,558.0800170898438,552.0399780273438,553.4000244140625,2194400,MA
2025-07-22,555.2996826171875,558.760009765625,560.2100219726562,555.239990234375,555.8099975585938,2010400,MA
2025-07-23,558.6090087890625,562.0900268554688,562.489990234375,554.5,557.010009765625,2180400,MA
2025-07-24,560.01025390625,563.5,567.8400268554688,561.9000244140625,562.0,1874700,MA
2025-07-25,564.7009887695312,568.219970703125,569.9600219726562,563.8499755859375,564.3599853515625,1513300,MA
2025-07-28,564.7606811523438,568.280029296875,571.6500244140625,566.219970703125,567.3699951171875,2492400,MA
2025-07-29,559.8314208984375,563.3200073242188,573.0,563.0,570.030029296875,2393800,MA
2025-07-30,555.6473999023438,559.1099853515625,565.6099853515625,555.2100219726562,560.3300170898438,2833200,MA
2025-07-31,562.9618530273438,566.469970703125,579.4400024414062,562.510009765625,568.5700073242188,4568300,MA
2025-08-01,556.4226684570312,559.8900146484375,564.8699951171875,556.0999755859375,563.8599853515625,3316700,MA
2025-08-04,566.2811279296875,569.8099975585938,569.9199829101562,562.5,564.2899780273438,2984700,MA
2025-08-05,562.5344848632812,566.0399780273438,571.8300170898438,562.1300048828125,569.5999755859375,2883200,MA
2025-08-06,565.6054077148438,569.1300048828125,570.3599853515625,563.969970703125,568.989990234375,2245200,MA
2025-08-07,557.744384765625,561.219970703125,573.9000244140625,553.8599853515625,572.969970703125,2979600,MA
2025-08-08,570.7632446289062,574.3200073242188,576.1599731445312,562.6900024414062,563.75,2907700,MA
2025-08-11,570.037841796875,573.5900268554688,576.5900268554688,569.4400024414062,575.0,2116600,MA
2025-08-12,570.6240844726562,574.1799926757812,578.3200073242188,570.4600219726562,575.1799926757812,2593800,MA
2025-08-13,574.3211059570312,577.9000244140625,580.27001953125,574.0399780273438,577.3300170898438,2352900,MA
2025-08-14,580.144775390625,583.760009765625,584.4000244140625,575.5,577.469970703125,2642300,MA
2025-08-15,578.0975952148438,581.7000122070312,589.5599975585938,581.1099853515625,585.0,2263800,MA
2025-08-18,580.5223999023438,584.1400146484375,585.489990234375,580.6900024414062,582.02001953125,1812000,MA
2025-08-19,581.8839721679688,585.510009765625,590.5700073242188,584.219970703125,584.4099731445312,2334500,MA
2025-08-20,589.009521484375,592.6799926757812,593.8800048828125,585.9099731445312,585.9099731445312,2884600,MA
2025-08-21,588.2542724609375,591.9199829101562,592.2100219726562,583.9299926757812,589.0399780273438,2349200,MA
2025-08-22,595.2506713867188,598.9600219726562,601.77001953125,593.0800170898438,595.2999877929688,2388900,MA
2025-08-25,589.5362548828125,593.2100219726562,599.0399780273438,592.8599853515625,597.8200073242188,1984300,MA
2025-08-26,587.9461669921875,591.6099853515625,596.0,586.2899780273438,593.0800170898438,4774600,MA
2025-08-27,587.0020751953125,590.6599731445312,594.6199951171875,589.8200073242188,591.2100219726562,1480900,MA
2025-08-28,586.8231201171875,590.47998046875,593.530029296875,589.719970703125,590.8200073242188,2159800,MA
2025-08-29,591.6033935546875,595.2899780273438,596.8300170898438,590.260009765625,592.0,2111200,MA
2025-09-02,588.2045288085938,591.8699951171875,595.6199951171875,586.0,595.6199951171875,2284500,MA
2025-09-03,589.6058959960938,593.280029296875,594.0,588.9600219726562,591.8300170898438,1959400,MA
2025-09-04,591.9512329101562,595.6400146484375,595.8900146484375,589.2899780273438,593.030029296875,1653700,MA
2025-09-05,580.6019287109375,584.219970703125,598.5800170898438,579.030029296875,595.469970703125,2432100,MA
2025-09-08,582.9671630859375,586.5999755859375,589.7899780273438,580.7000122070312,582.6199951171875,1948200,MA
2025-09-09,580.38330078125,584.0,591.1799926757812,583.2999877929688,583.5399780273438,2266000,MA
2025-09-10,575.7919311523438,579.3800048828125,582.1300048828125,571.0,582.1300048828125,2535200,MA
2025-09-11,585.083984375,588.72998046875,589.969970703125,580.010009765625,580.8800048828125,2407000,MA
2025-09-12,576.8154907226562,580.4099731445312,589.2100219726562,580.0,586.4400024414062,2242800,MA
2025-09-15,579.3497314453125,582.9600219726562,586.5,581.5,582.72998046875,2222600,MA
2025-09-16,582.788330078125,586.4199829101562,588.1099853515625,576.8300170898438,578.010009765625,2537000,MA
2025-09-17,594.9227294921875,598.6300048828125,598.8900146484375,587.4400024414062,587.7100219726562,2930800,MA
2025-09-18,582.420654296875,586.0499877929688,601.6199951171875,585.8800048828125,596.0800170898438,3294600,MA
2025-09-19,580.5422973632812,584.1599731445312,588.8699951171875,581.510009765625,588.6199951171875,6745300,MA
2025-09-22,580.8702392578125,584.489990234375,587.3499755859375,580.1400146484375,580.969970703125,3241700,MA
2025-09-23,566.440185546875,569.969970703125,586.8599853515625,568.25,585.4500122070312,3223000,MA
2025-09-24,565.2874145507812,568.8099975585938,571.6599731445312,564.9500122070312,571.280029296875,2867200,MA
2025-09-25,563.7867431640625,567.2999877929688,572.3900146484375,564.5700073242188,565.0,2700600,MA
2025-09-26,561.6301879882812,565.1300048828125,569.6599731445312,564.0599975585938,566.6199951171875,2106500,MA
2025-09-29,564.6215209960938,568.1400146484375,569.3200073242188,562.510009765625,566.0,2615600,MA
2025-09-30,565.2874145507812,568.8099975585938,570.6300048828125,563.6500244140625,565.8099975585938,2379200,MA
2025-10-01,570.2166748046875,573.77001953125,575.469970703125,565.010009765625,565.6799926757812,3685100,MA
2025-10-02,573.754638671875,577.3300170898438,579.8400268554688,570.77001953125,572.72998046875,2483500,MA
2025-10-03,576.8553466796875,580.4500122070312,583.219970703125,576.4299926757812,576.4299926757812,2331600,MA
2025-10-06,575.2254638671875,578.8099975585938,581.1400146484375,569.260009765625,579.22998046875,2573500,MA
2025-10-07,576.2491455078125,579.8400268554688,586.0800170898438,578.9099731445312,578.989990234375,2120700,MA
2025-10-08,572.8701782226562,576.4400024414062,583.0700073242188,576.0800170898438,581.3200073242188,1934700,MA
2025-10-09,561.79443359375,564.5499877929688,579.4000244140625,562.510009765625,577.239990234375,2579800,MA
2025-10-10,554.7589721679688,557.47998046875,569.4199829101562,556.6900024414062,567.5800170898438,3553900,MA
2025-10-13,556.5103759765625,559.239990234375,565.0,553.010009765625,558.0,2996500,MA
2025-10-14,565.1480102539062,567.9199829101562,569.8099975585938,556.0,556.0,2627300,MA
2025-10-15,560.06298828125,562.8099975585938,568.6900024414062,559.4000244140625,564.2999877929688,2262400,MA
2025-10-16,547.196044921875,549.8800048828125,564.6500244140625,547.3900146484375,562.7999877929688,3210600,MA
2025-10-17,558.23193359375,560.969970703125,562.7999877929688,552.010009765625,552.489990234375,2756700,MA
2025-10-20,563.5956420898438,566.3599853515625,567.4199829101562,553.7899780273438,561.7000122070312,2046400,MA
2025-10-21,569.2379760742188,572.030029296875,575.97998046875,560.77001953125,562.1599731445312,2722400,MA
2025-10-22,568.5712280273438,571.3599853515625,576.4299926757812,568.5800170898438,571.0499877929688,1820500,MA
2025-10-23,570.969482421875,573.77001953125,576.989990234375,571.6699829101562,574.3599853515625,2187500,MA
2025-10-24,570.8699951171875,573.6699829101562,580.8200073242188,573.0800170898438,577.239990234375,1839600,MA
2025-10-27,569.5662841796875,572.3599853515625,575.719970703125,566.47998046875,575.719970703125,2981000,MA
2025-10-28,563.1676635742188,565.9299926757812,573.989990234375,565.4500122070312,573.0800170898438,2916000,MA
2025-10-29,551.8731079101562,554.5800170898438,566.8099975585938,551.22998046875,561.6300048828125,3763400,MA
2025-10-30,550.9774780273438,553.6799926757812,562.9199829101562,545.6400146484375,551.5599975585938,4284700,MA
2025-10-31,549.2957763671875,551.989990234375,554.4299926757812,543.530029296875,548.8900146484375,3567100,MA
2025-11-03,541.4144897460938,544.0700073242188,551.0,540.3599853515625,550.0,3175500,MA
2025-11-04,550.0520629882812,552.75,554.030029296875,542.47998046875,544.8300170898438,2653900,MA
2025-11-05,550.6093139648438,553.3099975585938,556.3300170898438,549.3699951171875,553.0,2198500,MA
2025-11-06,550.5795288085938,553.280029296875,555.0,547.8599853515625,550.1799926757812,2593600,MA
2025-11-07,549.27587890625,551.969970703125,558.6699829101562,550.6699829101562,553.7999877929688,2510400,MA
2025-11-10,550.2610473632812,552.9600219726562,554.7000122070312,548.5800170898438,552.280029296875,1978300,MA
2025-11-11,555.6246948242188,558.3499755859375,558.530029296875,548.010009765625,553.0,1832400,MA
2025-11-12,558.4906005859375,561.22998046875,565.9099731445312,558.4099731445312,560.0,1761500,MA
2025-11-13,552.8582763671875,555.5700073242188,563.5999755859375,554.8599853515625,559.8800048828125,2031300,MA
2025-11-14,543.0662841796875,545.72998046875,557.0,544.0499877929688,556.0399780273438,2567800,MA
2025-11-17,534.2296752929688,536.8499755859375,549.3200073242188,536.2100219726562,546.0,2557900,MA
2025-11-18,525.0049438476562,527.5800170898438,536.0,524.7000122070312,533.5599975585938,3594700,MA
2025-11-19,527.7713012695312,530.3599853515625,531.0,524.97998046875,528.1500244140625,2723100,MA
2025-11-20,525.303466796875,527.8800048828125,538.4600219726562,527.1799926757812,533.2899780273438,3240300,MA
2025-11-21,537.7623901367188,540.4000244140625,544.4099731445312,531.6699829101562,532.5399780273438,3807500,MA
2025-11-24,535.2247314453125,537.8499755859375,544.0399780273438,535.1099853515625,543.4400024414062,5941000,MA
2025-11-25,543.8026733398438,546.469970703125,550.4000244140625,539.0,541.5,3132600,MA
2025-11-26,542.2702026367188,544.9299926757812,548.6699829101562,544.1699829101562,548.47998046875,2185300,MA
2025-11-28,547.8429565429688,550.530029296875,551.4000244140625,545.4199829101562,548.1300048828125,1254800,MA
2025-12-01,541.3148803710938,543.969970703125,549.780029296875,543.3900146484375,547.6400146484375,2227000,MA
2025-12-02,543.2454223632812,545.9099731445312,554.75,541.0399780273438,547.280029296875,3076000,MA
2025-12-03,551.0272216796875,553.72998046875,555.0700073242188,546.5,547.3200073242188,2687900,MA
2025-12-04,539.6630249023438,542.3099975585938,559.0,539.5599975585938,557.030029296875,2878800,MA
2025-12-05,542.8573608398438,545.52001953125,550.4400024414062,541.25,541.7100219726562,2126700,MA
2025-12-08,537.8021850585938,540.4400024414062,547.3300170898438,537.3900146484375,546.719970703125,2453800,MA
2025-12-09,534.9262084960938,537.5499877929688,541.9000244140625,535.9199829101562,538.7100219726562,1965300,MA
2025-12-10,536.2297973632812,538.8599853515625,544.9500122070312,537.5,538.0900268554688,3023400,MA
2025-12-11,560.6201782226562,563.3699951171875,565.1300048828125,542.6500244140625,542.77001953125,3659900,MA
2025-12-12,569.138427734375,571.9299926757812,573.7100219726562,565.8900146484375,566.0,3515400,MA
2025-12-15,566.3521118164062,569.1300048828125,573.2999877929688,567.1599731445312,572.8800048828125,2714000,MA
2025-12-16,563.25732421875,566.02001953125,571.0,562.47998046875,570.7000122070312,2748700,MA
2025-12-17,562.7099609375,565.469970703125,571.760009765625,563.5599975585938,565.52001953125,3287100,MA
2025-12-18,563.4463500976562,566.2100219726562,569.1300048828125,563.0399780273438,565.0,2259000,MA
2025-12-19,569.4369506835938,572.22998046875,572.9400024414062,565.2000122070312,566.219970703125,7262100,MA
2025-12-22,572.8900756835938,575.7000122070312,579.4500122070312,571.0,572.22998046875,2500200,MA
2025-12-23,573.5368041992188,576.3499755859375,581.719970703125,575.75,575.8900146484375,1794700,MA
2025-12-24,576.6217041015625,579.4500122070312,582.2899780273438,577.0,577.25,1058900,MA
2025-12-26,576.77099609375,579.5999755859375,581.2000122070312,578.6799926757812,579.75,972300,MA
2025-12-29,575.079345703125,577.9000244140625,581.989990234375,577.4099731445312,579.5999755859375,1274900,MA
2025-12-30,574.6016235351562,577.4199829101562,577.780029296875,574.25,576.0800170898438,1512800,MA
2025-12-31,568.0935668945312,570.8800048828125,577.97998046875,570.6199951171875,576.5599975585938,1736500,MA
2026-01-02,560.3814086914062,563.1300048828125,570.8800048828125,559.489990234375,570.7100219726562,3901900,MA
2026-01-05,565.7948608398438,568.5700073242188,576.260009765625,558.4500122070312,559.6199951171875,2865000,MA
2026-01-06,577.5073852539062,580.3400268554688,581.3699951171875,567.9400024414062,569.0,4056100,MA
2026-01-07,577.0894165039062,579.9199829101562,585.280029296875,577.6199951171875,579.27001953125,3653900,MA
2026-01-08,577.2387084960938,580.0700073242188,589.6699829101562,573.5,577.510009765625,3390200,MA
2026-01-09,573.591064453125,575.5399780273438,581.3099975585938,575.3400268554688,578.1099853515625,2221100,MA
2026-01-12,564.3624877929688,566.280029296875,567.8800048828125,555.8900146484375,564.030029296875,3486400,MA
2026-01-13,543.1445922851562,544.989990234375,558.9500122070312,533.7000122070312,558.9500122070312,8721600,MA
2026-01-14,544.9683227539062,546.8200073242188,548.5900268554688,538.1500244140625,544.5,3943700,MA
2026-01-15,540.8125610351562,542.6500244140625,549.8800048828125,539.0,548.52001953125,4005600,MA
2026-01-16,537.6631469726562,539.489990234375,544.030029296875,538.6799926757812,540.239990234375,3496200,MA
2026-01-20,529.9393920898438,531.739990234375,536.4099731445312,528.510009765625,530.5999755859375,4098700,MA
2026-01-21,525.7835083007812,527.5700073242188,537.4000244140625,524.77001953125,533.52001953125,4937700,MA
2026-01-22,531.0556640625,532.8599853515625,533.1900024414062,523.8099975585938,529.9199829101562,5114900,MA
2026-01-23,522.963134765625,524.739990234375,532.1400146484375,520.1599731445312,531.4099731445312,5002900,MA
2026-01-26,525.57421875,527.3599853515625,530.3900146484375,522.6500244140625,526.7100219726562,4839700,MA
2026-01-27,518.6477661132812,520.4099731445312,529.1099853515625,519.5499877929688,527.6500244140625,3850800,MA
2026-01-28,519.6045532226562,521.3699951171875,523.8300170898438,518.27001953125,521.9600219726562,5483000,MA
2026-01-29,541.8887939453125,543.72998046875,544.239990234375,520.1099853515625,531.7899780273438,5488300,MA
2026-01-30,536.9655151367188,538.7899780273438,543.760009765625,535.22998046875,541.010009765625,4306900,MA
2026-02-02,553.4893798828125,555.3699951171875,557.1199951171875,540.9500122070312,540.989990234375,4603300,MA
2026-02-03,548.8551635742188,550.719970703125,560.1099853515625,549.030029296875,554.3300170898438,5706700,MA
2026-02-04,551.6456909179688,553.52001953125,556.5999755859375,541.010009765625,549.72998046875,4448000,MA
2026-02-05,550.021240234375,551.8900146484375,561.9199829101562,549.9500122070312,554.8499755859375,4621600,MA
2026-02-06,546.8818359375,548.739990234375,556.7899780273438,539.7999877929688,553.0700073242188,3779700,MA
2026-02-09,533.5172729492188,535.3300170898438,546.5599975585938,534.2000122070312,543.7100219726562,4110300,MA
2026-02-10,538.5601196289062,540.3900146484375,547.0,535.0,536.27001953125,2222700,MA
2026-02-11,535.6400756835938,537.4600219726562,540.7000122070312,533.1099853515625,538.1500244140625,3691000,MA
2026-02-12,525.6738891601562,527.4600219726562,543.0,527.1500244140625,539.9299926757812,3466200,MA
2026-02-13,516.6046752929688,518.3599853515625,533.989990234375,516.02001953125,529.0599975585938,4017700,MA
2026-02-17,520.1626586914062,521.9299926757812,525.8599853515625,515.0,515.0,3178000,MA
2026-02-18,526.192138671875,527.97998046875,530.760009765625,519.4000244140625,522.489990234375,3575900,MA
2026-02-19,518.498291015625,520.260009765625,526.530029296875,516.0499877929688,524.8099975585938,3009400,MA
2026-02-20,524.62744140625,526.4099731445312,527.5,518.5900268554688,520.25,2838500,MA
2026-02-23,494.350341796875,496.0299987792969,522.719970703125,490.0,520.469970703125,6312300,MA
2026-02-24,496.3136901855469,498.0,499.25,491.260009765625,493.739990234375,5292900,MA
2026-02-25,507.6651306152344,509.3900146484375,510.5400085449219,502.4200134277344,502.82000732421875,4139100,MA
2026-02-26,513.0269165039062,514.77001953125,519.9000244140625,509.010009765625,510.95001220703125,4843600,MA
2026-02-27,515.4586791992188,517.2100219726562,518.760009765625,506.75,509.4700012207031,5121100,MA
2026-03-02,519.2357788085938,521.0,526.1599731445312,507.3399963378906,509.4800109863281,3827000,MA
2026-03-03,522.5445556640625,524.3200073242188,526.7999877929688,513.0,513.6099853515625,4199700,MA
2026-03-04,521.1492919921875,522.9199829101562,526.1599731445312,520.280029296875,524.1599731445312,3154700,MA
2026-03-05,522.8833618164062,524.6599731445312,525.3200073242188,512.75,521.0999755859375,3879300,MA
2026-03-06,520.5712890625,522.3400268554688,522.5499877929688,512.2000122070312,519.6400146484375,2872900,MA
2026-03-09,515.9668579101562,517.719970703125,520.8900146484375,509.1099853515625,516.27001953125,3546600,MA
2026-03-10,512.97705078125,514.719970703125,519.3300170898438,511.0,516.9500122070312,2759800,MA
2026-03-11,502.2933654785156,504.0,515.3099975585938,502.7200012207031,513.0800170898438,2873200,MA
2026-03-12,495.6260070800781,497.30999755859375,505.6199951171875,496.2900085449219,500.0,2702500,MA
2026-03-13,496.3037109375,497.989990234375,501.8599853515625,495.3999938964844,496.55999755859375,2809300,MA
2026-03-16,506.77813720703125,508.5,508.5799865722656,498.6199951171875,498.6199951171875,3450300,MA
2026-03-17,504.8646240234375,506.5799865722656,516.9600219726562,506.5,510.54998779296875,2834300,MA
2026-03-18,486.8159484863281,488.4700012207031,503.75,487.9200134277344,503.75,3458700,MA
2026-03-19,489.4769287109375,491.1400146484375,497.0799865722656,487.30999755859375,490.5199890136719,3284500,MA
2026-03-20,494.6393737792969,496.32000732421875,499.2200012207031,491.010009765625,492.4700012207031,5762900,MA
2026-03-23,498.68560791015625,500.3800048828125,507.0400085449219,500.3800048828125,506.04998779296875,2985900,MA
2026-03-24,497.24053955078125,498.92999267578125,502.7300109863281,493.239990234375,495.6400146484375,2278900,MA
2026-03-25,501.05755615234375,502.760009765625,506.25,494.55999755859375,501.2900085449219,2422000,MA
2026-03-26,499.0543518066406,500.75,504.79998779296875,499.04998779296875,500.510009765625,3995400,MA
2026-03-27,482.60028076171875,484.239990234375,500.04998779296875,480.5,499.45001220703125,3963300,MA
2026-03-30,492.3272399902344,494.0,495.5400085449219,487.0,488.0299987792969,3629500,MA
2026-03-31,497.96807861328125,499.6600036621094,501.4100036621094,490.5799865722656,500.0,4417600,MA
2026-04-01,489.98516845703125,491.6499938964844,503.0,485.6499938964844,502.2300109863281,4607100,MA
2026-04-02,491.76910400390625,493.44000244140625,499.8800048828125,487.75,488.1300048828125,2926000,MA
2026-04-06,499.80181884765625,501.5,501.9100036621094,491.17999267578125,493.75,2466000,MA
2026-04-07,496.59271240234375,498.2799987792969,502.6000061035156,495.6700134277344,498.2900085449219,3593200,MA
2026-04-08,505.40277099609375,507.1199951171875,511.82000732421875,505.8599853515625,508.0,3874900,MA
2026-04-09,502.7272644042969,503.57000732421875,506.6700134277344,497.760009765625,504.4599914550781,3301800,MA
2026-04-10,497.82550048828125,498.6600036621094,504.3900146484375,495.6700134277344,502.010009765625,2842200,MA
2026-04-13,507.7288818359375,508.5799865722656,508.8699951171875,495.0,496.2300109863281,3318100,MA
2026-04-14,512.3012084960938,513.1599731445312,513.97998046875,506.69000244140625,508.0,2744600,MA
2026-04-15,519.08984375,519.9600219726562,522.4400024414062,513.2000122070312,516.0,2910800,MA
2026-04-16,517.6721801757812,518.5399780273438,522.22998046875,517.010009765625,518.030029296875,2967400,MA
2026-04-17,520.4276123046875,521.2999877929688,527.469970703125,518.739990234375,521.5,3617200,MA
2026-04-20,515.785400390625,516.6500244140625,524.47998046875,514.5399780273438,520.760009765625,2503500,MA
2026-04-21,510.4942626953125,511.3500061035156,523.1099853515625,510.1700134277344,516.9299926757812,3444900,MA
2026-04-22,509.3062438964844,510.1600036621094,513.7899780273438,505.7200012207031,512.0700073242188,2288500,MA
2026-04-23,501.5392761230469,502.3800048828125,509.6499938964844,498.3699951171875,507.3699951171875,2724000,MA
2026-04-24,503.3262634277344,504.1700134277344,505.6099853515625,495.6300048828125,499.0,2406900,MA
2026-04-27,505.58245849609375,506.42999267578125,509.04998779296875,500.760009765625,500.760009765625,2531300,MA
2026-04-28,506.7704772949219,507.6199951171875,517.0,507.239990234375,512.25,3892500,MA
2026-04-29,524.3510131835938,525.22998046875,534.2100219726562,520.8900146484375,529.989990234375,5876700,MA
2026-04-30,502.078369140625,502.9200134277344,514.1500244140625,498.9599914550781,504.5,5975100,MA
2026-05-01,494.6308288574219,495.4599914550781,509.0,492.1499938964844,506.0,4531800,MA
2026-05-04,503.8952941894531,504.739990234375,507.2900085449219,493.8800048828125,495.0,4419900,MA
2026-05-05,496.24810791015625,497.0799865722656,503.8800048828125,493.260009765625,501.0299987792969,4216700,MA
2026-05-06,491.06683349609375,491.8900146484375,500.739990234375,489.7300109863281,499.1400146484375,4363300,MA
2026-05-07,500.1016845703125,500.94000244140625,503.5199890136719,492.70001220703125,492.70001220703125,4964100,MA
2026-05-08,494.65081787109375,495.4800109863281,500.4100036621094,491.7300109863281,500.1300048828125,4143400,MA
2026-05-11,496.9768981933594,497.80999755859375,501.6600036621094,492.010009765625,495.0,3959400,MA
2026-05-12,498.9735412597656,499.80999755859375,506.30999755859375,499.75,500.6099853515625,3296000,MA
2026-05-13,489.81890869140625,490.6400146484375,498.6000061035156,490.32000732421875,495.6099853515625,3322800,MA
2026-05-14,489.1200866699219,489.94000244140625,494.5,488.010009765625,491.2799987792969,2584900,MA
2026-05-15,493.3729553222656,494.20001220703125,502.2799987792969,492.3299865722656,493.5,3416500,MA
2026-05-18,504.9435729980469,505.7900085449219,506.2300109863281,490.95001220703125,491.489990234375,4076600,MA
2026-05-19,498.86376953125,499.70001220703125,512.9000244140625,498.5,507.55999755859375,3378300,MA
2026-05-20,497.20654296875,498.0400085449219,499.70001220703125,490.79998779296875,493.5,3615700,MA
2026-05-21,498.78387451171875,499.6199951171875,501.3800048828125,490.07000732421875,496.0,2474600,MA
2026-05-22,497.7056884765625,498.5400085449219,504.260009765625,497.32000732421875,499.1099853515625,1959300,MA
2026-05-26,492.1849365234375,493.010009765625,496.8500061035156,492.05999755859375,496.0,1947300,MA
2026-05-27,494.2115478515625,495.0400085449219,499.3500061035156,492.510009765625,493.010009765625,2834900,MA
2026-05-28,492.9237060546875,493.75,494.5799865722656,486.3500061035156,493.3399963378906,3924100,MA
2026-05-29,493.1533203125,493.9800109863281,500.1099853515625,492.8399963378906,494.5,5693100,MA
2026-06-01,494.42120361328125,495.25,497.1300048828125,488.6499938964844,494.25,4653400,MA
2026-06-02,476.8805847167969,477.67999267578125,493.989990234375,477.67999267578125,493.05999755859375,5028300,MA
2026-06-03,470.7608337402344,471.54998779296875,481.9599914550781,464.5199890136719,477.3500061035156,5227200,MA
2026-06-04,480.9537658691406,481.760009765625,488.54998779296875,477.4599914550781,479.55999755859375,4020600,MA
2026-06-05,490.2581481933594,491.0799865722656,494.0,484.0,484.0,4230700,MA
2026-06-08,484.85723876953125,485.6700134277344,489.5199890136719,483.70001220703125,486.760009765625,3091900,MA
2026-06-09,494.41119384765625,495.239990234375,495.4200134277344,482.0,483.8900146484375,3309600,MA
2026-06-10,488.2615051269531,489.0799865722656,498.79998779296875,486.5,497.4700012207031,3239900,MA
2026-06-11,485.6958312988281,486.510009765625,491.4700012207031,484.3900146484375,488.6600036621094,3801000,MA
2026-06-12,489.1600341796875,489.9800109863281,492.3699951171875,484.5400085449219,488.8800048828125,3984200,MA
2026-06-15,489.81890869140625,490.6400146484375,493.54998779296875,486.6600036621094,490.5,3888500,MA
2026-06-16,500.4909973144531,501.3299865722656,501.5,489.510009765625,491.8599853515625,4006000,MA
2026-06-17,492.1649475097656,492.989990234375,504.6400146484375,492.3999938964844,502.92999267578125,2927100,MA
2026-06-18,488.9703369140625,489.7900085449219,495.989990234375,488.9100036621094,494.7699890136719,6674700,MA
2026-06-22,483.2798767089844,484.0899963378906,495.6600036621094,483.1400146484375,488.1600036621094,3955600,MA
2026-06-23,487.2532043457031,488.07000732421875,491.55999755859375,484.4200134277344,488.8299865722656,3936400,MA
2026-06-24,493.5826110839844,494.4100036621094,498.44000244140625,486.2200012207031,488.0799865722656,3609700,MA
2026-06-25,488.101806640625,488.9200134277344,504.79998779296875,488.6499938964844,496.0,3722000,MA
2026-06-26,498.18487548828125,499.0199890136719,504.3599853515625,488.5799865722656,488.5799865722656,9200900,MA
2026-06-29,508.787109375,509.6400146484375,515.4500122070312,502.5,502.5,4812000,MA
2026-06-30,512.740478515625,513.5999755859375,514.0,507.1400146484375,511.8999938964844,4696300,MA
2026-07-01,521.565673828125,522.4400024414062,530.4099731445312,513.4199829101562,517.25,4412800,MA
2026-07-02,538.4873046875,539.3900146484375,539.6300048828125,526.0700073242188,529.72998046875,3900200,MA
2026-07-06,532.2078247070312,533.0999755859375,541.8900146484375,522.6799926757812,540.739990234375,3578000,MA
2026-07-07,530.7303466796875,531.6199951171875,543.6500244140625,530.0,533.8400268554688,3516600,MA
2026-07-08,518.989990234375,519.8599853515625,531.6199951171875,517.2100219726562,531.1099853515625,2723800,MA
2026-07-09,523.2000122070312,523.2000122070312,523.22998046875,515.1099853515625,518.030029296875,2843700,MA
2026-07-10,526.739990234375,526.739990234375,528.9400024414062,519.6500244140625,527.260009765625,1616900,MA
2026-07-13,537.7000122070312,537.7000122070312,539.9299926757812,530.7100219726562,530.7100219726562,2871500,MA
2026-07-14,538.02001953125,538.02001953125,543.4600219726562,532.0599975585938,534.989990234375,3323800,MA
2026-07-15,535.2100219726562,535.2100219726562,541.239990234375,529.0800170898438,538.5399780273438,3128500,MA
2026-07-16,551.5399780273438,551.5399780273438,551.6799926757812,539.6900024414062,541.5,2925400,MA
2026-07-17,543.5999755859375,543.5999755859375,551.719970703125,540.22998046875,550.5,3221600,MA
2026-07-20,547.4400024414062,547.4400024414062,547.9099731445312,538.010009765625,540.0,2572500,MA
2026-07-21,538.2999877929688,538.2999877929688,544.3400268554688,536.8499755859375,543.760009765625,2935700,MA
2026-07-22,531.97998046875,531.97998046875,540.0,530.72998046875,538.9400024414062,2313200,MA
2026-07-23,530.2899780273438,530.2899780273438,530.8800048828125,523.6099853515625,527.97998046875,2071700,MA
2026-07-24,539.6599731445312,539.6599731445312,540.0,529.6900024414062,531.4600219726562,2551600,MA
2026-07-27,551.7100219726562,551.7100219726562,553.8900146484375,542.02001953125,543.1799926757812,2365000,MA
2026-07-28,562.75,562.75,564.6099853515625,557.4299926757812,561.030029296875,3126100,MA
2026-07-29,563.3200073242188,563.3200073242188,569.989990234375,554.9199829101562,555.0599975585938,3524200,MA
2026-07-30,577.3499755859375,577.3499755859375,582.6199951171875,567.6300048828125,577.3599853515625,5302500,MA
2026-07-31,573.0999755859375,573.0999755859375,575.4199829101562,563.4199829101562,567.6799926757812,4577700,MA
2026-08-03,570.969970703125,570.969970703125,583.7100219726562,570.780029296875,580.0,3508300,MA
2026-08-04,571.0999755859375,571.0999755859375,573.3499755859375,564.0,566.989990234375,3207100,MA
2026-08-05,570.47998046875,570.47998046875,578.260009765625,568.5999755859375,575.739990234375,2431700,MA
2026-08-06,575.9500122070312,575.9500122070312,576.3599853515625,566.3699951171875,573.2100219726562,3017000,MA
2026-08-07,562.9500122070312,562.9500122070312,572.989990234375,561.6199951171875,572.5700073242188,3018500,MA
2026-08-10,563.1699829101562,563.1699829101562,566.77001953125,559.3599853515625,561.1099853515625,2644100,MA
2026-08-11,561.4400024414062,561.4400024414062,567.6300048828125,560.0,562.7100219726562,2465000,MA
2026-08-12,559.72998046875,559.72998046875,563.5499877929688,556.0599975585938,557.5599975585938,3095200,MA
2026-08-13,567.0399780273438,567.0399780273438,568.280029296875,557.7000122070312,565.6099853515625,1982600,MA
2026-08-14,568.4500122070312,568.4500122070312,569.5499877929688,564.4349975585938,567.9500122070312,1038445,MA
