Date,Adj Close,Close,High,Low,Open,Volume,Ticker
2016-08-15,61.73334884643555,85.62999725341797,85.77999877929688,85.05999755859375,85.08000183105469,1862600,PNC
2016-08-16,61.762184143066406,85.66999816894531,85.95999908447266,85.12000274658203,85.18000030517578,1258600,PNC
2016-08-17,61.84146499633789,85.77999877929688,85.95999908447266,85.52999877929688,85.6500015258789,1510800,PNC
2016-08-18,61.61077880859375,85.45999908447266,85.93000030517578,85.23999786376953,85.7300033569336,1654000,PNC
2016-08-19,61.58192825317383,85.41999816894531,85.56999969482422,84.97000122070312,85.30999755859375,1395300,PNC
2016-08-22,61.661224365234375,85.52999877929688,85.62999725341797,85.08999633789062,85.30999755859375,1131400,PNC
2016-08-23,61.791019439697266,85.70999908447266,86.37999725341797,85.69999694824219,85.9800033569336,1503700,PNC
2016-08-24,61.762184143066406,85.66999816894531,86.08000183105469,85.5,85.79000091552734,1713400,PNC
2016-08-25,61.90636444091797,85.87000274658203,86.08000183105469,85.54000091552734,85.62000274658203,1191000,PNC
2016-08-26,62.49753189086914,86.69000244140625,87.0,85.80000305175781,86.30999755859375,1922000,PNC
2016-08-29,63.38427734375,87.91999816894531,88.18000030517578,86.54000091552734,86.77999877929688,3048500,PNC
2016-08-30,64.06916046142578,88.87000274658203,88.87000274658203,87.88999938964844,87.91999816894531,2364000,PNC
2016-08-31,64.9559097290039,90.0999984741211,90.16000366210938,88.72000122070312,89.47000122070312,4314900,PNC
2016-09-01,64.8765869140625,89.98999786376953,90.63999938964844,89.19000244140625,90.29000091552734,3061200,PNC
2016-09-02,65.27312469482422,90.54000091552734,90.88999938964844,89.52999877929688,90.08999633789062,2020100,PNC
2016-09-06,64.50896453857422,89.4800033569336,90.51000213623047,88.8499984741211,90.36000061035156,2143400,PNC
2016-09-07,65.18660736083984,90.41999816894531,90.43000030517578,89.06999969482422,89.56999969482422,2179000,PNC
2016-09-08,65.40287780761719,90.72000122070312,91.12999725341797,90.23999786376953,90.52999877929688,2186000,PNC
2016-09-09,64.82612609863281,89.91999816894531,91.3499984741211,89.91999816894531,90.54000091552734,2913800,PNC
2016-09-12,65.53264617919922,90.9000015258789,91.13999938964844,88.86000061035156,89.2699966430664,2601900,PNC
2016-09-13,64.82612609863281,89.91999816894531,90.23999786376953,88.80999755859375,89.86000061035156,2719600,PNC
2016-09-14,64.3719482421875,89.29000091552734,90.44999694824219,89.16999816894531,89.80000305175781,3413700,PNC
2016-09-15,65.11450958251953,90.31999969482422,90.63999938964844,88.81999969482422,89.05999755859375,2929300,PNC
2016-09-16,64.44404602050781,89.38999938964844,89.9000015258789,88.83000183105469,89.02999877929688,3535000,PNC
2016-09-19,64.96312713623047,90.11000061035156,91.0999984741211,89.81999969482422,89.88999938964844,1922700,PNC
2016-09-20,65.14337158203125,90.36000061035156,90.95999908447266,90.06999969482422,90.91999816894531,1909100,PNC
2016-09-21,65.41730499267578,90.73999786376953,91.38999938964844,90.06999969482422,90.91999816894531,1889300,PNC
2016-09-22,64.88379669189453,90.0,91.12999725341797,89.79000091552734,90.93000030517578,2909200,PNC
2016-09-23,64.45845031738281,89.41000366210938,90.5,89.41000366210938,89.86000061035156,2480200,PNC
2016-09-26,63.276123046875,87.7699966430664,89.02999877929688,87.52999877929688,88.87999725341797,3067900,PNC
2016-09-27,63.83845901489258,88.55000305175781,88.69000244140625,87.04000091552734,87.37999725341797,3116500,PNC
2016-09-28,64.45845031738281,89.41000366210938,89.48999786376953,88.4800033569336,88.87000274658203,3313100,PNC
2016-09-29,64.1556396484375,88.98999786376953,90.44000244140625,88.5199966430664,89.22000122070312,3940800,PNC
2016-09-30,64.94869232177734,90.08999633789062,90.5,89.27999877929688,89.56999969482422,3380100,PNC
2016-10-03,64.45124053955078,89.4000015258789,89.97000122070312,89.12000274658203,89.55000305175781,1776200,PNC
2016-10-04,65.24427795410156,90.5,90.7699966430664,89.44000244140625,90.2300033569336,2583700,PNC
2016-10-05,65.97960662841797,91.5199966430664,91.94000244140625,90.33999633789062,90.7699966430664,3382500,PNC
2016-10-06,66.1958999633789,91.81999969482422,91.98999786376953,90.9800033569336,91.75,3004600,PNC
2016-10-07,65.90753173828125,91.41999816894531,91.98999786376953,90.79000091552734,91.77999877929688,2081700,PNC
2016-10-10,66.10218811035156,91.69000244140625,92.05999755859375,91.41000366210938,91.79000091552734,2392500,PNC
2016-10-11,65.25147247314453,90.51000213623047,91.88999938964844,90.18000030517578,91.63999938964844,2822100,PNC
2016-10-12,65.15774536132812,90.37999725341797,91.0999984741211,90.16999816894531,90.6500015258789,2975900,PNC
2016-10-13,63.786865234375,87.94000244140625,89.25,87.33999633789062,89.0,4091800,PNC
2016-10-14,63.852134704589844,88.02999877929688,90.08999633789062,87.58999633789062,89.58999633789062,4586400,PNC
2016-10-17,63.98269271850586,88.20999908447266,89.18000030517578,87.97000122070312,88.41999816894531,3053800,PNC
2016-10-18,65.17953491210938,89.86000061035156,89.95999908447266,88.63999938964844,89.45999908447266,2630200,PNC
2016-10-19,66.44160461425781,91.5999984741211,91.87000274658203,90.12999725341797,90.2300033569336,3442800,PNC
2016-10-20,67.67472076416016,93.30000305175781,93.43000030517578,91.04000091552734,91.19000244140625,4775500,PNC
2016-10-21,67.39909362792969,92.91999816894531,93.18000030517578,92.37000274658203,92.79000091552734,3901000,PNC
2016-10-24,67.47159576416016,93.0199966430664,93.66999816894531,92.87000274658203,93.37999725341797,2778700,PNC
2016-10-25,67.55867004394531,93.13999938964844,93.69000244140625,92.87000274658203,93.61000061035156,3935300,PNC
2016-10-26,68.38553619384766,94.27999877929688,94.4000015258789,92.76000213623047,92.91999816894531,2631700,PNC
2016-10-27,69.21968078613281,95.43000030517578,95.58999633789062,94.45999908447266,94.58000183105469,3482000,PNC
2016-10-28,68.98031616210938,95.0999984741211,95.73999786376953,94.38999938964844,95.69999694824219,2593000,PNC
2016-10-31,69.3429946899414,95.5999984741211,95.7300033569336,95.08000183105469,95.45999908447266,2951500,PNC
2016-11-01,69.32125854492188,95.56999969482422,96.26000213623047,94.63999938964844,96.06999969482422,2588800,PNC
2016-11-02,68.74095916748047,94.7699966430664,95.30000305175781,94.44000244140625,95.08999633789062,3283200,PNC
2016-11-03,68.83528137207031,94.9000015258789,96.3499984741211,94.54000091552734,95.05000305175781,3138800,PNC
2016-11-04,68.6539535522461,94.6500015258789,95.5999984741211,94.30000305175781,95.19000244140625,2753700,PNC
2016-11-07,69.92326354980469,96.4000015258789,96.55999755859375,95.97000122070312,96.01000213623047,2467000,PNC
2016-11-08,70.09735870361328,96.63999938964844,96.98999786376953,95.30000305175781,95.94999694824219,2492000,PNC
2016-11-09,73.44121551513672,101.25,101.62999725341797,97.30000305175781,98.29000091552734,5235200,PNC
2016-11-10,76.8720703125,105.9800033569336,106.33999633789062,102.41999816894531,102.41999816894531,6897500,PNC
2016-11-11,76.83582305908203,105.93000030517578,106.2300033569336,104.77999877929688,105.43000030517578,4186800,PNC
2016-11-14,78.40980529785156,108.0999984741211,109.16999816894531,106.4800033569336,106.91000366210938,6834000,PNC
2016-11-15,78.90303802490234,108.77999877929688,108.83000183105469,105.47000122070312,106.87999725341797,3821100,PNC
2016-11-16,77.9818344116211,107.51000213623047,108.16000366210938,106.97000122070312,107.73999786376953,3355200,PNC
2016-11-17,80.22319793701172,110.5999984741211,110.80999755859375,107.45999908447266,107.5199966430664,4154600,PNC
2016-11-18,80.6874008178711,111.23999786376953,111.38999938964844,110.2699966430664,110.91000366210938,5245800,PNC
2016-11-21,80.302978515625,110.70999908447266,111.3499984741211,110.22000122070312,111.3499984741211,2270600,PNC
2016-11-22,80.33922576904297,110.76000213623047,111.44000244140625,110.19000244140625,110.87000274658203,2878900,PNC
2016-11-23,80.61487579345703,111.13999938964844,111.97000122070312,110.37000274658203,111.30999755859375,3708300,PNC
2016-11-25,81.2894515991211,112.06999969482422,112.06999969482422,111.1500015258789,111.2300033569336,1047900,PNC
2016-11-28,79.64290618896484,109.80000305175781,111.62000274658203,109.61000061035156,111.2300033569336,2183300,PNC
2016-11-29,79.25123596191406,109.26000213623047,110.43000030517578,109.16000366210938,110.0,3943800,PNC
2016-11-30,80.17967987060547,110.54000091552734,111.2300033569336,110.12000274658203,110.5999984741211,5570200,PNC
2016-12-01,81.6738510131836,112.5999984741211,112.68000030517578,110.68000030517578,111.2300033569336,5430000,PNC
2016-12-02,80.57134246826172,111.08000183105469,112.41999816894531,110.69000244140625,112.41999816894531,2449400,PNC
2016-12-05,80.8759994506836,111.5,112.5199966430664,111.0999984741211,112.04000091552734,3607500,PNC
2016-12-06,80.86873626708984,111.48999786376953,111.98999786376953,110.8499984741211,111.45999908447266,4162800,PNC
2016-12-07,81.7246322631836,112.66999816894531,112.69000244140625,110.97000122070312,111.69999694824219,4257700,PNC
2016-12-08,83.28414154052734,114.81999969482422,115.69000244140625,112.87999725341797,113.33000183105469,3083400,PNC
2016-12-09,83.42920684814453,115.0199966430664,115.0199966430664,113.56999969482422,114.55999755859375,2565800,PNC
2016-12-12,82.74011993408203,114.06999969482422,115.30999755859375,113.94999694824219,114.69000244140625,3342800,PNC
2016-12-13,83.19709014892578,114.69999694824219,115.25,113.62000274658203,114.22000122070312,3153900,PNC
2016-12-14,82.83442687988281,114.19999694824219,115.7699966430664,112.61000061035156,113.76000213623047,5157900,PNC
2016-12-15,83.87167358398438,115.62999725341797,116.19999694824219,114.44000244140625,115.77999877929688,2801800,PNC
2016-12-16,83.31314849853516,114.86000061035156,116.20999908447266,114.6500015258789,115.9800033569336,3318300,PNC
2016-12-19,83.9949722290039,115.80000305175781,116.25,114.37999725341797,114.43000030517578,3657800,PNC
2016-12-20,85.6414794921875,118.06999969482422,118.33000183105469,116.30000305175781,116.79000091552734,1998900,PNC
2016-12-21,85.32962036132812,117.63999938964844,118.29000091552734,117.37999725341797,118.26000213623047,1282000,PNC
2016-12-22,85.17728424072266,117.43000030517578,118.0,117.20999908447266,117.75,1457600,PNC
2016-12-23,85.56172943115234,117.95999908447266,117.9800033569336,117.06999969482422,117.48999786376953,912700,PNC
2016-12-27,85.81558990478516,118.30999755859375,118.5199966430664,117.88999938964844,117.88999938964844,1076500,PNC
2016-12-28,84.90892028808594,117.05999755859375,118.56999969482422,116.93000030517578,118.37999725341797,1184300,PNC
2016-12-29,84.21257781982422,116.0999984741211,117.61000061035156,115.36000061035156,117.27999877929688,1542300,PNC
2016-12-30,84.83636474609375,116.95999908447266,117.16000366210938,115.91999816894531,116.20999908447266,1624900,PNC
2017-01-03,85.5689697265625,117.97000122070312,119.47000122070312,116.97000122070312,118.77999877929688,2989100,PNC
2017-01-04,86.2943115234375,118.97000122070312,119.2699966430664,117.76000213623047,118.31999969482422,2279700,PNC
2017-01-05,85.14099884033203,117.37999725341797,119.02999877929688,116.5999984741211,118.41000366210938,2405000,PNC
2017-01-06,86.35233306884766,119.05000305175781,119.73999786376953,117.8499984741211,118.20999908447266,3003900,PNC
2017-01-09,85.73579406738281,118.19999694824219,118.5,117.06999969482422,118.30999755859375,3294300,PNC
2017-01-10,86.07670593261719,118.66999816894531,118.8499984741211,117.52999877929688,118.01000213623047,2914400,PNC
2017-01-11,88.006103515625,121.33000183105469,121.33000183105469,117.5199966430664,117.93000030517578,4408600,PNC
2017-01-12,85.92948913574219,117.93000030517578,120.30000305175781,116.7300033569336,120.12999725341797,3970800,PNC
2017-01-13,86.55613708496094,118.79000091552734,121.25,117.18000030517578,118.95999908447266,4034700,PNC
2017-01-17,83.01487731933594,113.93000030517578,117.98999786376953,113.69999694824219,117.94000244140625,4301500,PNC
2017-01-18,84.75635528564453,116.31999969482422,116.38999938964844,113.66000366210938,114.69000244140625,3086200,PNC
2017-01-19,84.23902893066406,115.61000061035156,117.30000305175781,115.04000091552734,116.66999816894531,2589900,PNC
2017-01-20,85.50686645507812,117.3499984741211,117.58999633789062,115.98999786376953,116.29000091552734,2876800,PNC
2017-01-23,85.20085144042969,116.93000030517578,117.86000061035156,116.5,116.80999755859375,2485800,PNC
2017-01-24,86.46141052246094,118.66000366210938,119.44000244140625,116.91999816894531,117.5,2566000,PNC
2017-01-25,88.17374420166016,121.01000213623047,121.19000244140625,119.52999877929688,120.0,2572900,PNC
2017-01-26,88.62548065185547,121.62999725341797,121.9800033569336,120.73999786376953,121.16999816894531,1947000,PNC
2017-01-27,88.63275146484375,121.63999938964844,121.9000015258789,120.88999938964844,121.33999633789062,1609000,PNC
2017-01-30,87.71466064453125,120.37999725341797,121.11000061035156,119.63999938964844,120.97000122070312,1995400,PNC
2017-01-31,87.77296447753906,120.45999908447266,121.0199966430664,119.58999633789062,120.16000366210938,2620200,PNC
2017-02-01,88.2684555053711,121.13999938964844,122.58000183105469,121.0199966430664,121.66000366210938,2673200,PNC
2017-02-02,87.44507598876953,120.01000213623047,120.76000213623047,119.0,120.19999694824219,2090800,PNC
2017-02-03,89.01167297363281,122.16000366210938,122.41999816894531,121.05999755859375,122.18000030517578,1955200,PNC
2017-02-06,89.19383239746094,122.41000366210938,122.81999969482422,121.33999633789062,121.61000061035156,1563900,PNC
2017-02-07,88.50889587402344,121.47000122070312,123.25,121.27999877929688,122.80999755859375,2680900,PNC
2017-02-08,88.50162506103516,121.45999908447266,122.19999694824219,120.5,122.19999694824219,2892400,PNC
2017-02-09,89.17929077148438,122.38999938964844,122.93000030517578,121.27999877929688,121.45999908447266,2076700,PNC
2017-02-10,89.69660186767578,123.0999984741211,123.54000091552734,122.68000030517578,123.30000305175781,2099000,PNC
2017-02-13,90.6584243774414,124.41999816894531,125.3499984741211,123.62000274658203,124.0,1929500,PNC
2017-02-14,91.88255310058594,126.0999984741211,126.2300033569336,123.7699966430664,124.54000091552734,2420200,PNC
2017-02-15,93.09210205078125,127.76000213623047,127.91999816894531,125.37000274658203,126.27999877929688,2589500,PNC
2017-02-16,92.50920104980469,126.95999908447266,127.66000366210938,126.0,127.30000305175781,1930800,PNC
2017-02-17,92.43630981445312,126.86000061035156,126.88999938964844,125.44999694824219,125.7300033569336,1734000,PNC
2017-02-21,92.9390869140625,127.55000305175781,127.83999633789062,126.7699966430664,127.43000030517578,1748600,PNC
2017-02-22,93.09210205078125,127.76000213623047,128.52000427246094,126.69000244140625,126.77999877929688,1541700,PNC
2017-02-23,93.36901092529297,128.13999938964844,128.22999572753906,126.83999633789062,127.83999633789062,1221200,PNC
2017-02-24,92.45085906982422,126.87999725341797,127.41999816894531,126.13999938964844,126.91999816894531,2586300,PNC
2017-02-27,93.36170196533203,128.1300048828125,128.49000549316406,126.80000305175781,127.19000244140625,1895300,PNC
2017-02-28,92.7059326171875,127.2300033569336,127.9800033569336,126.66000366210938,127.36000061035156,2343300,PNC
2017-03-01,95.3436279296875,130.85000610351562,131.8300018310547,129.86000061035156,130.47999572753906,3367200,PNC
2017-03-02,92.90991973876953,127.51000213623047,131.00999450683594,127.38999938964844,130.97999572753906,2092400,PNC
2017-03-03,93.14311218261719,127.83000183105469,128.25,126.9800033569336,127.41000366210938,2493200,PNC
2017-03-06,92.96823120117188,127.58999633789062,127.93000030517578,126.08999633789062,126.76000213623047,2289900,PNC
2017-03-07,92.82977294921875,127.4000015258789,128.0500030517578,126.4000015258789,127.4000015258789,1764800,PNC
2017-03-08,92.9390869140625,127.55000305175781,129.33999633789062,127.45999908447266,128.9199981689453,2258500,PNC
2017-03-09,92.88807678222656,127.4800033569336,129.2899932861328,127.23999786376953,128.0399932861328,3435700,PNC
2017-03-10,92.14485931396484,126.45999908447266,128.49000549316406,125.44000244140625,128.25,3731100,PNC
2017-03-13,92.10113525390625,126.4000015258789,126.87999725341797,125.70999908447266,126.6500015258789,1815100,PNC
2017-03-14,91.969970703125,126.22000122070312,126.41999816894531,124.69000244140625,125.9000015258789,1660600,PNC
2017-03-15,91.24861145019531,125.2300033569336,126.73999786376953,124.62000274658203,126.73999786376953,2106600,PNC
2017-03-16,91.60567474365234,125.72000122070312,126.27999877929688,124.9000015258789,125.7699966430664,2413600,PNC
2017-03-17,90.6073989868164,124.3499984741211,126.20999908447266,124.3499984741211,125.91999816894531,5739000,PNC
2017-03-20,90.19937133789062,123.79000091552734,125.30999755859375,123.73999786376953,124.16000366210938,2576000,PNC
2017-03-21,86.49056243896484,118.69999694824219,124.33999633789062,118.58999633789062,124.12999725341797,6317000,PNC
2017-03-22,86.45410919189453,118.6500015258789,119.30000305175781,116.48999786376953,117.9000015258789,4424000,PNC
2017-03-23,86.91316223144531,119.27999877929688,121.26000213623047,118.1500015258789,118.66999816894531,4002600,PNC
2017-03-24,87.00059509277344,119.4000015258789,120.58000183105469,118.58999633789062,119.9000015258789,2425900,PNC
2017-03-27,86.12621307373047,118.19999694824219,118.44000244140625,115.25,116.5,3440300,PNC
2017-03-28,87.634521484375,120.2699966430664,120.80999755859375,117.72000122070312,118.05999755859375,2657600,PNC
2017-03-29,86.95687866210938,119.33999633789062,120.63999938964844,119.29000091552734,120.06999969482422,1758600,PNC
2017-03-30,88.5526351928711,121.52999877929688,122.0,119.22000122070312,119.22000122070312,2091300,PNC
2017-03-31,87.6126708984375,120.23999786376953,121.25,120.16000366210938,120.97000122070312,2189200,PNC
2017-04-03,87.32120513916016,119.83999633789062,121.0,118.33999633789062,120.6500015258789,2124200,PNC
2017-04-04,86.81844329833984,119.1500015258789,119.98999786376953,118.68000030517578,119.33000183105469,1871700,PNC
2017-04-05,86.19178771972656,118.29000091552734,121.0199966430664,118.13999938964844,120.77999877929688,1872800,PNC
2017-04-06,86.89859771728516,119.26000213623047,119.79000091552734,117.4800033569336,118.25,2071700,PNC
2017-04-07,86.83300018310547,119.16999816894531,119.83999633789062,118.0,118.5199966430664,1921000,PNC
2017-04-10,86.2500991821289,118.37000274658203,119.63999938964844,117.88999938964844,119.08000183105469,2084300,PNC
2017-04-11,86.00235748291016,118.02999877929688,118.06999969482422,116.06999969482422,117.44000244140625,3339500,PNC
2017-04-12,84.91889190673828,116.0,117.69999694824219,115.87000274658203,116.98999786376953,3039100,PNC
2017-04-13,84.77249145507812,115.80000305175781,120.6500015258789,115.5999984741211,118.0,5112400,PNC
2017-04-17,86.68315124511719,118.41000366210938,118.52999877929688,115.44999694824219,115.9800033569336,3241200,PNC
2017-04-18,85.21903991699219,116.41000366210938,118.43000030517578,115.7699966430664,117.41000366210938,2915200,PNC
2017-04-19,85.27027893066406,116.4800033569336,118.37000274658203,115.97000122070312,117.45999908447266,2275100,PNC
2017-04-20,86.9906234741211,118.83000183105469,119.19000244140625,116.69999694824219,117.30999755859375,2053600,PNC
2017-04-21,86.5074691772461,118.16999816894531,119.47000122070312,117.83000183105469,118.55000305175781,1960600,PNC
2017-04-24,88.47672271728516,120.86000061035156,121.80000305175781,120.16999816894531,121.0,2727700,PNC
2017-04-25,88.65974426269531,121.11000061035156,122.7300033569336,121.06999969482422,122.05999755859375,2955600,PNC
2017-04-26,89.31126403808594,122.0,122.98999786376953,121.0999984741211,121.29000091552734,2052200,PNC
2017-04-27,88.59383392333984,121.0199966430664,122.45999908447266,120.13999938964844,122.16999816894531,1556000,PNC
2017-04-28,87.66412353515625,119.75,121.56999969482422,119.73999786376953,120.69000244140625,1865200,PNC
2017-05-01,88.68901062011719,121.1500015258789,121.86000061035156,119.86000061035156,120.69000244140625,1857400,PNC
2017-05-02,88.3302993774414,120.66000366210938,121.7699966430664,119.83000183105469,121.48999786376953,1597300,PNC
2017-05-03,89.63337707519531,122.44000244140625,122.58999633789062,119.7699966430664,120.05999755859375,1675500,PNC
2017-05-04,90.37276458740234,123.44999694824219,124.44000244140625,122.76000213623047,123.69000244140625,2076300,PNC
2017-05-05,90.13117980957031,123.12000274658203,123.86000061035156,122.37000274658203,123.76000213623047,1697000,PNC
2017-05-08,90.5411376953125,123.68000030517578,124.05999755859375,123.08000183105469,123.19000244140625,4159000,PNC
2017-05-09,89.28197479248047,121.95999908447266,124.12999725341797,121.51000213623047,123.63999938964844,2222000,PNC
2017-05-10,89.64069366455078,122.44999694824219,122.7699966430664,121.4000015258789,121.83000183105469,1594300,PNC
2017-05-11,89.12094116210938,121.73999786376953,122.13999938964844,120.27999877929688,122.0199966430664,1570000,PNC
2017-05-12,88.44010925292969,120.80999755859375,121.18000030517578,119.55999755859375,120.55000305175781,1547400,PNC
2017-05-15,89.41374206542969,122.13999938964844,122.63999938964844,120.77999877929688,120.77999877929688,1401700,PNC
2017-05-16,89.76512908935547,122.62000274658203,122.73999786376953,121.62000274658203,122.30999755859375,1167500,PNC
2017-05-17,85.7900390625,117.19000244140625,122.62000274658203,116.95999908447266,122.62000274658203,2657400,PNC
2017-05-18,85.91451263427734,117.36000061035156,118.19000244140625,115.66000366210938,117.2699966430664,3153300,PNC
2017-05-19,86.93938446044922,118.76000213623047,119.91999816894531,117.5,117.51000213623047,2229800,PNC
2017-05-22,87.44451904296875,119.44999694824219,119.73999786376953,118.26000213623047,119.22000122070312,1571600,PNC
2017-05-23,88.68901062011719,121.1500015258789,121.69999694824219,119.11000061035156,119.44999694824219,1476100,PNC
2017-05-24,88.5499267578125,120.95999908447266,121.9000015258789,120.56999969482422,121.8499984741211,1787400,PNC
2017-05-25,88.90860748291016,121.44999694824219,121.98999786376953,120.77999877929688,120.95999908447266,1311100,PNC
2017-05-26,88.81346893310547,121.31999969482422,122.0,120.63999938964844,120.95999908447266,1173300,PNC
2017-05-30,87.0125961303711,118.86000061035156,120.63999938964844,118.26000213623047,120.5,2779200,PNC
2017-05-31,86.89543914794922,118.69999694824219,119.25,116.62999725341797,118.87999725341797,2749600,PNC
2017-06-01,87.94231414794922,120.12999725341797,120.12999725341797,117.36000061035156,119.3499984741211,1679800,PNC
2017-06-02,87.23222351074219,119.16000366210938,119.87999725341797,117.7300033569336,118.93000030517578,2253600,PNC
2017-06-05,86.80763244628906,118.58000183105469,120.20999908447266,118.48999786376953,119.45999908447266,1695500,PNC
2017-06-06,86.49283599853516,118.1500015258789,118.68000030517578,117.05999755859375,117.58999633789062,1764100,PNC
2017-06-07,87.7739486694336,119.9000015258789,120.19999694824219,118.23999786376953,118.5999984741211,1434600,PNC
2017-06-08,88.58654022216797,121.01000213623047,122.29000091552734,119.41000366210938,119.9000015258789,3149100,PNC
2017-06-09,90.16776275634766,123.16999816894531,123.7699966430664,121.79000091552734,121.79000091552734,2105400,PNC
2017-06-12,89.92617797851562,122.83999633789062,124.0999984741211,121.86000061035156,123.18000030517578,2944500,PNC
2017-06-13,90.63628387451172,123.80999755859375,124.23999786376953,122.75,123.38999938964844,2242200,PNC
2017-06-14,90.75342559814453,123.97000122070312,124.0999984741211,121.55000305175781,122.79000091552734,1952600,PNC
2017-06-15,90.02136993408203,122.97000122070312,124.56999969482422,122.63999938964844,123.27999877929688,1723300,PNC
2017-06-16,89.6845932006836,122.51000213623047,123.0999984741211,121.9000015258789,122.86000061035156,2255000,PNC
2017-06-19,90.62165069580078,123.79000091552734,124.58000183105469,123.08000183105469,123.55000305175781,1868200,PNC
2017-06-20,90.03600311279297,122.98999786376953,123.93000030517578,122.94999694824219,123.66999816894531,1851300,PNC
2017-06-21,89.55284881591797,122.33000183105469,123.5,121.7699966430664,123.5,1793500,PNC
2017-06-22,88.40352630615234,120.76000213623047,122.16999816894531,120.33999633789062,121.86000061035156,1872100,PNC
2017-06-23,87.5177230834961,119.55000305175781,121.51000213623047,118.88999938964844,121.51000213623047,2689500,PNC
2017-06-26,88.12532806396484,120.37999725341797,120.97000122070312,119.41000366210938,119.98999786376953,2315900,PNC
2017-06-27,88.66705322265625,121.12000274658203,122.88999938964844,120.91999816894531,121.31999969482422,1871200,PNC
2017-06-28,90.3361587524414,123.4000015258789,123.76000213623047,122.02999877929688,122.19000244140625,2580900,PNC
2017-06-29,91.69043731689453,125.25,128.25,124.19000244140625,126.62999725341797,2670700,PNC
2017-06-30,91.41228485107422,124.87000274658203,126.05999755859375,124.4000015258789,126.0,1669900,PNC
2017-07-03,92.23950958251953,126.0,126.54000091552734,125.23999786376953,125.6500015258789,1589900,PNC
2017-07-05,92.2980728149414,126.08000183105469,126.5199966430664,124.83999633789062,125.9800033569336,2496000,PNC
2017-07-06,92.24684143066406,126.01000213623047,127.83000183105469,125.80000305175781,126.1500015258789,1763100,PNC
2017-07-07,92.63480377197266,126.54000091552734,126.95999908447266,125.05999755859375,126.95999908447266,1842000,PNC
2017-07-10,93.11797332763672,127.19999694824219,127.69000244140625,125.94999694824219,126.16000366210938,2178700,PNC
2017-07-11,93.25706481933594,127.38999938964844,127.80000305175781,126.33999633789062,127.3499984741211,2663300,PNC
2017-07-12,93.13261413574219,127.22000122070312,127.58999633789062,126.4800033569336,126.9800033569336,1975500,PNC
2017-07-13,93.75853729248047,127.31999969482422,127.9800033569336,125.91999816894531,126.93000030517578,3160100,PNC
2017-07-14,93.64810180664062,127.16999816894531,127.55000305175781,124.94000244140625,125.9000015258789,2437200,PNC
2017-07-17,93.78801727294922,127.36000061035156,128.25,126.7699966430664,127.04000091552734,2321400,PNC
2017-07-18,92.46984100341797,125.56999969482422,127.19000244140625,125.0999984741211,126.29000091552734,2891200,PNC
2017-07-19,93.0810546875,126.4000015258789,126.80999755859375,125.41999816894531,126.06999969482422,1966100,PNC
2017-07-20,93.486083984375,126.94999694824219,127.62000274658203,126.22000122070312,126.38999938964844,2158400,PNC
2017-07-21,92.96326446533203,126.23999786376953,127.37000274658203,125.87999725341797,126.41000366210938,1445300,PNC
2017-07-24,93.62600708007812,127.13999938964844,127.43000030517578,126.13999938964844,126.23999786376953,1495400,PNC
2017-07-25,95.23872375488281,129.3300018310547,130.0,128.8699951171875,129.38999938964844,2977400,PNC
2017-07-26,93.78801727294922,127.36000061035156,129.5500030517578,126.79000091552734,129.1699981689453,2554700,PNC
2017-07-27,94.01630401611328,127.66999816894531,128.1999969482422,126.7300033569336,127.27999877929688,2478700,PNC
2017-07-28,94.0015640258789,127.6500015258789,128.02000427246094,126.77999877929688,127.56999969482422,1568000,PNC
2017-07-31,94.84842681884766,128.8000030517578,129.27999877929688,127.45999908447266,127.91000366210938,2013200,PNC
2017-08-01,96.0340347290039,130.41000366210938,130.41000366210938,129.14999389648438,129.58999633789062,2392700,PNC
2017-08-02,96.23287963867188,130.67999267578125,130.92999267578125,129.8000030517578,130.6300048828125,2055900,PNC
2017-08-03,96.10767364501953,130.50999450683594,130.99000549316406,129.88999938964844,130.5,2312200,PNC
2017-08-04,97.33010864257812,132.1699981689453,132.6699981689453,130.91000366210938,131.30999755859375,2399600,PNC
2017-08-07,96.54950714111328,131.11000061035156,132.1999969482422,130.50999450683594,131.94000244140625,2516900,PNC
2017-08-08,97.47001647949219,132.36000061035156,133.25999450683594,130.60000610351562,130.60000610351562,2802900,PNC
2017-08-09,97.0060806274414,131.72999572753906,132.19000244140625,130.91000366210938,131.66000366210938,2246800,PNC
2017-08-10,94.98836517333984,128.99000549316406,131.22999572753906,128.60000610351562,130.39999389648438,2652000,PNC
2017-08-11,94.29613494873047,128.0500030517578,129.77999877929688,127.63999938964844,128.72000122070312,2931700,PNC
2017-08-14,96.39488220214844,130.89999389648438,131.4199981689453,128.9600067138672,129.4199981689453,2249600,PNC
2017-08-15,95.98246765136719,130.33999633789062,132.2899932861328,130.19000244140625,131.77000427246094,2615700,PNC
2017-08-16,95.80574798583984,130.10000610351562,131.13999938964844,129.25999450683594,130.9199981689453,3122900,PNC
2017-08-17,93.74382781982422,127.30000305175781,129.83999633789062,127.18000030517578,129.5800018310547,2770600,PNC
2017-08-18,93.60391998291016,127.11000061035156,128.1199951171875,126.1500015258789,126.6500015258789,1511700,PNC
2017-08-21,93.22832489013672,126.5999984741211,127.33999633789062,126.41999816894531,127.33999633789062,1376100,PNC
2017-08-22,93.89846801757812,127.51000213623047,127.83999633789062,126.88999938964844,126.88999938964844,1216500,PNC
2017-08-23,93.9132080078125,127.52999877929688,128.02999877929688,126.44999694824219,126.5999984741211,1082500,PNC
2017-08-24,94.01630401611328,127.66999816894531,128.02999877929688,127.11000061035156,127.80999755859375,889500,PNC
2017-08-25,94.17095184326172,127.87999725341797,128.4499969482422,127.62999725341797,128.17999267578125,990900,PNC
2017-08-28,93.9279556274414,127.55000305175781,128.4499969482422,127.23999786376953,128.4499969482422,1720100,PNC
2017-08-29,92.9853286743164,126.2699966430664,126.81999969482422,125.25,126.04000091552734,2052800,PNC
2017-08-30,92.6318588256836,125.79000091552734,126.87000274658203,125.55000305175781,126.55000305175781,2300500,PNC
2017-08-31,92.3520278930664,125.41000366210938,126.31999969482422,124.6500015258789,126.29000091552734,2777100,PNC
2017-09-01,93.25778198242188,126.63999938964844,127.19000244140625,125.11000061035156,125.83000183105469,1582300,PNC
2017-09-05,91.15907287597656,123.79000091552734,125.9000015258789,123.37999725341797,125.66000366210938,2913000,PNC
2017-09-06,90.98967742919922,123.55999755859375,124.88999938964844,123.23999786376953,124.47000122070312,1908900,PNC
2017-09-07,88.89095306396484,120.70999908447266,123.5199966430664,119.7699966430664,123.5199966430664,3151900,PNC
2017-09-08,89.48009490966797,121.51000213623047,122.41999816894531,120.38999938964844,120.5,1953000,PNC
2017-09-11,91.1443099975586,123.7699966430664,123.98999786376953,122.66000366210938,123.0,2573000,PNC
2017-09-12,93.11051940917969,126.44000244140625,126.8499984741211,124.1500015258789,124.19000244140625,2110500,PNC
2017-09-13,93.74382781982422,127.30000305175781,127.31999969482422,125.72000122070312,125.97000122070312,1775000,PNC
2017-09-14,93.662841796875,127.19000244140625,128.0500030517578,127.02999877929688,127.18000030517578,1752700,PNC
2017-09-15,94.39923095703125,128.19000244140625,128.1999969482422,126.44999694824219,126.72000122070312,3279000,PNC
2017-09-18,95.51117706298828,129.6999969482422,130.24000549316406,128.5500030517578,128.72999572753906,2305900,PNC
2017-09-19,96.67469024658203,131.27999877929688,131.52999877929688,129.44000244140625,129.83999633789062,1758300,PNC
2017-09-20,97.9413070678711,133.0,133.69000244140625,130.82000732421875,131.61000061035156,2214500,PNC
2017-09-21,98.19905853271484,133.35000610351562,134.3000030517578,132.8300018310547,133.35000610351562,1911700,PNC
2017-09-22,98.25794982910156,133.42999267578125,133.55999755859375,132.11000061035156,132.89999389648438,1923200,PNC
2017-09-25,98.32422637939453,133.52000427246094,134.2100067138672,132.6699981689453,133.30999755859375,1719500,PNC
2017-09-26,97.52156829833984,132.42999267578125,133.32000732421875,132.25,132.86000061035156,2436900,PNC
2017-09-27,98.9133529663086,134.32000732421875,135.6699981689453,133.3000030517578,134.19000244140625,2235100,PNC
2017-09-28,99.01647186279297,134.4600067138672,134.80999755859375,132.91000366210938,134.50999450683594,1481200,PNC
2017-09-29,99.2447280883789,134.77000427246094,135.72999572753906,134.25999450683594,134.27999877929688,2052900,PNC
2017-10-02,99.50244903564453,135.1199951171875,135.61000061035156,134.25999450683594,135.25999450683594,1745400,PNC
2017-10-03,98.81025695800781,134.17999267578125,135.5,133.85000610351562,135.22999572753906,2182700,PNC
2017-10-04,98.87654113769531,134.27000427246094,135.1999969482422,133.7100067138672,134.17999267578125,1928000,PNC
2017-10-05,99.81175994873047,135.5399932861328,136.1300048828125,133.11000061035156,133.82000732421875,1358600,PNC
2017-10-06,99.9222183227539,135.69000244140625,136.9199981689453,134.63999938964844,136.22999572753906,1466600,PNC
2017-10-09,99.86331176757812,135.61000061035156,136.2100067138672,135.11000061035156,136.0,869100,PNC
2017-10-10,100.68070983886719,136.72000122070312,136.89999389648438,135.49000549316406,135.52999877929688,1409900,PNC
2017-10-11,100.51136779785156,136.49000549316406,136.67999267578125,135.52999877929688,136.27000427246094,1733000,PNC
2017-10-12,99.61294555664062,135.27000427246094,137.41000366210938,134.94000244140625,137.41000366210938,2359900,PNC
2017-10-13,98.4936294555664,133.75,137.0,132.63999938964844,137.0,2727900,PNC
2017-10-16,99.99691772460938,135.02999877929688,135.3699951171875,133.22999572753906,133.52000427246094,2281400,PNC
2017-10-17,99.42670440673828,134.25999450683594,135.82000732421875,134.17999267578125,135.52999877929688,2055700,PNC
2017-10-18,99.78217315673828,134.74000549316406,135.44000244140625,134.07000732421875,134.85000610351562,1709300,PNC
2017-10-19,100.19689178466797,135.3000030517578,135.72000122070312,133.77000427246094,133.83999633789062,1329700,PNC
2017-10-20,101.4188003540039,136.9499969482422,137.7100067138672,136.17999267578125,136.83999633789062,2080200,PNC
2017-10-23,101.28551483154297,136.77000427246094,137.69000244140625,136.35000610351562,137.07000732421875,1301000,PNC
2017-10-24,102.07051849365234,137.8300018310547,138.49000549316406,136.9199981689453,137.08999633789062,1321200,PNC
2017-10-25,101.7964859008789,137.4600067138672,139.22999572753906,136.4199981689453,139.22999572753906,1249300,PNC
2017-10-26,102.08528900146484,137.85000610351562,138.74000549316406,137.55999755859375,138.32000732421875,1547300,PNC
2017-10-27,102.3222885131836,138.1699981689453,138.52999877929688,136.9600067138672,137.30999755859375,1198500,PNC
2017-10-30,101.57431030273438,137.16000366210938,138.0500030517578,136.55999755859375,137.14999389648438,1199200,PNC
2017-10-31,101.30030822753906,136.7899932861328,138.1999969482422,136.75999450683594,137.1999969482422,1131600,PNC
2017-11-01,101.41139221191406,136.94000244140625,138.63999938964844,136.75999450683594,137.8800048828125,1207600,PNC
2017-11-02,102.49259948730469,138.39999389648438,138.47000122070312,136.10000610351562,137.1999969482422,1092600,PNC
2017-11-03,102.67033386230469,138.63999938964844,138.7100067138672,137.4199981689453,137.6300048828125,1006200,PNC
2017-11-06,102.63330841064453,138.58999633789062,138.9199981689453,137.6300048828125,137.97999572753906,884300,PNC
2017-11-07,99.30083465576172,134.08999633789062,138.80999755859375,133.88999938964844,138.47999572753906,2508500,PNC
2017-11-08,98.70836639404297,133.2899932861328,134.2100067138672,132.77000427246094,133.58999633789062,2217800,PNC
2017-11-09,98.16035461425781,132.5500030517578,133.57000732421875,131.36000061035156,132.32000732421875,1985600,PNC
2017-11-10,98.1085205078125,132.47999572753906,133.86000061035156,132.36000061035156,133.13999938964844,1925400,PNC
2017-11-13,97.92339324951172,132.22999572753906,133.0800018310547,131.07000732421875,131.52999877929688,2153900,PNC
2017-11-14,97.75305938720703,132.0,132.58999633789062,130.89999389648438,131.11000061035156,2293800,PNC
2017-11-15,98.41956329345703,132.89999389648438,133.8300018310547,130.4600067138672,130.85000610351562,1923000,PNC
2017-11-16,98.11590576171875,132.49000549316406,133.83999633789062,132.41000366210938,133.3699951171875,1292300,PNC
2017-11-17,98.38253784179688,132.85000610351562,133.16000366210938,131.38999938964844,131.58999633789062,1108800,PNC
2017-11-20,98.70836639404297,133.2899932861328,133.58999633789062,132.33999633789062,133.2100067138672,1402200,PNC
2017-11-21,98.57508087158203,133.11000061035156,133.99000549316406,132.72000122070312,133.8000030517578,1228900,PNC
2017-11-22,98.5232162475586,133.0399932861328,133.8300018310547,132.77000427246094,133.1199951171875,942300,PNC
2017-11-24,98.16777801513672,132.55999755859375,133.61000061035156,132.5500030517578,133.42999267578125,612800,PNC
2017-11-27,98.16777801513672,132.55999755859375,133.17999267578125,132.24000549316406,132.60000610351562,1190700,PNC
2017-11-28,100.47830963134766,135.67999267578125,136.08999633789062,132.3699951171875,132.88999938964844,1923900,PNC
2017-11-29,103.4775390625,139.72999572753906,140.07000732421875,136.7899932861328,136.9199981689453,2909500,PNC
2017-11-30,104.09220886230469,140.55999755859375,143.16000366210938,139.4600067138672,140.58999633789062,2800600,PNC
2017-12-01,104.41804504394531,141.0,141.67999267578125,136.97999572753906,140.89999389648438,2576200,PNC
2017-12-04,106.5212173461914,143.83999633789062,145.66000366210938,142.7899932861328,143.4199981689453,1965400,PNC
2017-12-05,105.47701263427734,142.42999267578125,145.0800018310547,142.05999755859375,144.25999450683594,1604300,PNC
2017-12-06,105.90653991699219,143.00999450683594,144.25,140.6199951171875,141.88999938964844,1554700,PNC
2017-12-07,106.21019744873047,143.4199981689453,144.05999755859375,142.05999755859375,142.3000030517578,1420800,PNC
2017-12-08,106.49160766601562,143.8000030517578,144.27000427246094,142.99000549316406,144.27000427246094,1617000,PNC
2017-12-11,106.11389923095703,143.2899932861328,144.6999969482422,142.8800048828125,143.6999969482422,2231100,PNC
2017-12-12,108.00973510742188,145.85000610351562,146.24000549316406,143.19000244140625,143.4600067138672,2145100,PNC
2017-12-13,106.51383209228516,143.8300018310547,145.88999938964844,143.75,145.35000610351562,1989700,PNC
2017-12-14,105.876953125,142.97000122070312,144.77999877929688,142.67999267578125,144.6999969482422,1568400,PNC
2017-12-15,107.34322357177734,144.9499969482422,146.02999877929688,143.27999877929688,143.9600067138672,3397500,PNC
2017-12-18,108.23188781738281,146.14999389648438,147.27999877929688,145.80999755859375,146.24000549316406,1727600,PNC
2017-12-19,107.45431518554688,145.10000610351562,147.2100067138672,145.00999450683594,147.05999755859375,2716500,PNC
2017-12-20,107.32099914550781,144.9199981689453,146.63999938964844,144.75999450683594,146.5,1599900,PNC
2017-12-21,108.31334686279297,146.25999450683594,146.9499969482422,145.41000366210938,146.22999572753906,1572500,PNC
2017-12-22,108.20967102050781,146.1199951171875,147.02000427246094,145.27999877929688,146.92999267578125,1040500,PNC
2017-12-26,107.30620574951172,144.89999389648438,146.80999755859375,144.52999877929688,146.25999450683594,751900,PNC
2017-12-27,107.36544036865234,144.97999572753906,145.52999877929688,144.4499969482422,145.27999877929688,1093600,PNC
2017-12-28,107.87642669677734,145.6699981689453,145.75,144.7100067138672,145.0,1085600,PNC
2017-12-29,106.85444641113281,144.2899932861328,146.1999969482422,144.2899932861328,146.1199951171875,1127500,PNC
2018-01-02,107.09881591796875,144.6199951171875,145.4600067138672,143.9600067138672,145.25,2824900,PNC
2018-01-03,107.07662200927734,144.58999633789062,145.36000061035156,144.30999755859375,144.60000610351562,2423200,PNC
2018-01-04,107.08405303955078,144.60000610351562,147.1199951171875,144.4499969482422,145.07000732421875,3292500,PNC
2018-01-05,107.21733856201172,144.77999877929688,145.3699951171875,143.94000244140625,145.13999938964844,2079400,PNC
2018-01-08,107.41729736328125,145.0500030517578,145.74000549316406,144.27000427246094,144.5,2564900,PNC
2018-01-09,109.4686279296875,147.82000732421875,149.0399932861328,145.36000061035156,145.99000549316406,2438100,PNC
2018-01-10,110.80160522460938,149.6199951171875,151.10000610351562,148.0,148.47999572753906,1960900,PNC
2018-01-11,112.18645477294922,151.49000549316406,151.49000549316406,149.83999633789062,150.4199981689453,2397000,PNC
2018-01-12,112.44564819335938,151.83999633789062,153.5,150.0,152.3300018310547,3275200,PNC
2018-01-16,113.31636047363281,152.25999450683594,154.89999389648438,151.52999877929688,152.80999755859375,2688300,PNC
2018-01-17,114.78253173828125,154.22999572753906,154.92999267578125,151.83999633789062,152.99000549316406,2738500,PNC
2018-01-18,114.39552307128906,153.7100067138672,154.88999938964844,152.94000244140625,153.6999969482422,2680000,PNC
2018-01-19,115.54166412353516,155.25,156.14999389648438,154.10000610351562,154.36000061035156,2735600,PNC
2018-01-22,115.89142608642578,155.72000122070312,155.72000122070312,154.30999755859375,155.1199951171875,1856600,PNC
2018-01-23,115.92864227294922,155.77000427246094,156.50999450683594,154.3300018310547,154.60000610351562,2313100,PNC
2018-01-24,117.394775390625,157.74000549316406,158.27000427246094,155.69000244140625,155.69000244140625,1828800,PNC
2018-01-25,117.43942260742188,157.8000030517578,158.69000244140625,157.35000610351562,158.35000610351562,2054800,PNC
2018-01-26,118.0794906616211,158.66000366210938,158.75,157.0800018310547,158.02000427246094,1930100,PNC
2018-01-29,118.48880004882812,159.2100067138672,160.07000732421875,158.39999389648438,158.4499969482422,1686600,PNC
2018-01-30,117.51386260986328,157.89999389648438,159.4199981689453,157.13999938964844,158.25,2372700,PNC
2018-01-31,117.6031723022461,158.02000427246094,159.42999267578125,157.42999267578125,158.39999389648438,1921800,PNC
2018-02-01,118.44412994384766,159.14999389648438,159.83999633789062,157.10000610351562,157.41000366210938,2016400,PNC
2018-02-02,117.56592559814453,157.97000122070312,159.44000244140625,157.3699951171875,158.66000366210938,2782000,PNC
2018-02-05,111.87258911132812,150.32000732421875,157.74000549316406,149.3000030517578,156.17999267578125,5096900,PNC
2018-02-06,114.82716369628906,154.2899932861328,154.75999450683594,146.33999633789062,147.02000427246094,4582200,PNC
2018-02-07,115.3555679321289,155.0,156.8699951171875,153.38999938964844,153.75,2495000,PNC
2018-02-08,111.17302703857422,149.3800048828125,155.8300018310547,149.3800048828125,155.0500030517578,2946800,PNC
2018-02-09,112.90707397460938,151.7100067138672,153.0,147.1699981689453,150.97999572753906,2977700,PNC
2018-02-12,113.33129119873047,152.27999877929688,154.2899932861328,151.1699981689453,152.8000030517578,2429100,PNC
2018-02-13,114.08296966552734,153.2899932861328,153.52999877929688,151.00999450683594,151.0399932861328,2131500,PNC
2018-02-14,117.78919982910156,158.27000427246094,158.6999969482422,152.83999633789062,152.83999633789062,2207100,PNC
2018-02-15,118.9725112915039,159.86000061035156,160.32000732421875,158.6699981689453,159.4600067138672,2143300,PNC
2018-02-16,118.39202880859375,159.0800018310547,160.80999755859375,158.3000030517578,158.91000366210938,2168500,PNC
2018-02-20,118.42926025390625,159.1300048828125,160.77000427246094,158.24000549316406,158.6300048828125,1707900,PNC
2018-02-21,120.02933502197266,161.27999877929688,163.24000549316406,158.69000244140625,158.69000244140625,2554900,PNC
2018-02-22,117.29061126708984,157.60000610351562,162.8000030517578,157.25,161.72999572753906,2391500,PNC
2018-02-23,119.14370727539062,160.08999633789062,160.14999389648438,157.60000610351562,158.13999938964844,1594400,PNC
2018-02-26,120.43870544433594,161.8300018310547,161.89999389648438,159.42999267578125,160.72999572753906,1649700,PNC
2018-02-27,119.2479019165039,160.22999572753906,163.58999633789062,160.22000122070312,161.75999450683594,2088900,PNC
2018-02-28,117.3352279663086,157.66000366210938,162.0399932861328,157.58999633789062,160.8300018310547,2204600,PNC
2018-03-01,116.09237670898438,155.99000549316406,159.00999450683594,155.6999969482422,157.66000366210938,2604300,PNC
2018-03-02,117.16405487060547,157.42999267578125,157.82000732421875,153.82000732421875,155.25999450683594,1949200,PNC
2018-03-05,118.11668395996094,158.7100067138672,159.66000366210938,154.9600067138672,155.85000610351562,1749100,PNC
2018-03-06,118.58555603027344,159.33999633789062,159.85000610351562,157.1999969482422,159.0399932861328,1330100,PNC
2018-03-07,118.80882263183594,159.63999938964844,160.0800018310547,157.00999450683594,157.30999755859375,1425800,PNC
2018-03-08,118.69715881347656,159.49000549316406,160.38999938964844,157.3800048828125,159.9600067138672,1500000,PNC
2018-03-09,120.90010833740234,162.4499969482422,162.8000030517578,160.19000244140625,161.0,1750900,PNC
2018-03-12,120.7586898803711,162.25999450683594,162.99000549316406,161.50999450683594,162.50999450683594,1641300,PNC
2018-03-13,119.44141387939453,160.49000549316406,163.0,159.85000610351562,162.9600067138672,1778600,PNC
2018-03-14,117.65523529052734,158.08999633789062,161.7899932861328,157.55999755859375,161.2100067138672,1923500,PNC
2018-03-15,117.49150085449219,157.8699951171875,158.77000427246094,156.7899932861328,158.6300048828125,2024700,PNC
2018-03-16,119.12882232666016,160.07000732421875,160.9600067138672,158.16000366210938,158.5399932861328,4518000,PNC
2018-03-19,118.65251159667969,159.42999267578125,160.3300018310547,158.0399932861328,159.64999389648438,1913400,PNC
2018-03-20,118.22090148925781,158.85000610351562,160.6999969482422,158.77999877929688,160.1699981689453,1649800,PNC
2018-03-21,118.25062561035156,158.88999938964844,160.94000244140625,158.49000549316406,159.1699981689453,1412500,PNC
2018-03-22,114.07547760009766,153.27999877929688,157.74000549316406,152.7899932861328,156.94000244140625,2606900,PNC
2018-03-23,109.58037567138672,147.24000549316406,153.83999633789062,146.91000366210938,153.77999877929688,2984800,PNC
2018-03-26,113.87458038330078,153.00999450683594,153.33999633789062,149.0,150.0,2459900,PNC
2018-03-27,111.02415466308594,149.17999267578125,154.19000244140625,148.05999755859375,153.9199981689453,2908900,PNC
2018-03-28,111.22511291503906,149.4499969482422,150.77000427246094,147.86000061035156,149.74000549316406,1815900,PNC
2018-03-29,112.55729675292969,151.24000549316406,151.83999633789062,149.1300048828125,150.47999572753906,1865400,PNC
2018-04-02,110.3841323852539,148.32000732421875,151.67999267578125,146.02000427246094,151.24000549316406,2016400,PNC
2018-04-03,112.45309448242188,151.10000610351562,151.4600067138672,148.19000244140625,149.6300048828125,2123700,PNC
2018-04-04,113.49503326416016,152.5,152.9600067138672,148.55999755859375,148.97000122070312,1934700,PNC
2018-04-05,113.68846893310547,152.75999450683594,154.5800018310547,151.60000610351562,154.0399932861328,2733000,PNC
2018-04-06,110.1087646484375,147.9499969482422,151.69000244140625,146.11000061035156,151.1300048828125,2067700,PNC
2018-04-09,111.04650115966797,149.2100067138672,152.36000061035156,148.91000366210938,148.94000244140625,2076200,PNC
2018-04-10,112.7805404663086,151.5399932861328,151.99000549316406,150.02000427246094,151.88999938964844,1794600,PNC
2018-04-11,111.2176742553711,149.44000244140625,150.91000366210938,149.0,149.75,1353600,PNC
2018-04-12,113.48756408691406,152.49000549316406,152.97999572753906,150.60000610351562,150.7100067138672,2928400,PNC
2018-04-13,108.79069519042969,145.4600067138672,149.88999938964844,144.85000610351562,149.0,4676300,PNC
2018-04-16,107.57910919189453,143.83999633789062,146.8800048828125,143.72000122070312,145.94000244140625,3370200,PNC
2018-04-17,105.35033416748047,140.86000061035156,144.8000030517578,139.86000061035156,144.6199951171875,3870600,PNC
2018-04-18,105.94864654541016,141.66000366210938,142.8000030517578,140.86000061035156,141.38999938964844,2724300,PNC
2018-04-19,107.89323425292969,144.25999450683594,144.64999389648438,141.55999755859375,141.67999267578125,2464600,PNC
2018-04-20,107.78850555419922,144.1199951171875,145.60000610351562,143.0,144.27999877929688,2080400,PNC
2018-04-23,108.60371398925781,145.2100067138672,145.58999633789062,143.6199951171875,144.0500030517578,2014100,PNC
2018-04-24,108.45413208007812,145.00999450683594,148.27000427246094,144.17999267578125,146.32000732421875,2588600,PNC
2018-04-25,108.97020721435547,145.6999969482422,146.6699981689453,143.63999938964844,144.50999450683594,2435200,PNC
2018-04-26,108.99266052246094,145.72999572753906,146.75,144.49000549316406,145.25,2050400,PNC
2018-04-27,110.19679260253906,147.33999633789062,147.86000061035156,145.69000244140625,145.69000244140625,1988500,PNC
2018-04-30,108.90289306640625,145.61000061035156,148.38999938964844,145.61000061035156,147.77000427246094,1613600,PNC
2018-05-01,108.70097351074219,145.33999633789062,145.75,143.99000549316406,145.27000427246094,1998900,PNC
2018-05-02,107.40705108642578,143.61000061035156,145.66000366210938,143.30999755859375,144.72999572753906,2084600,PNC
2018-05-03,108.46161651611328,145.02000427246094,146.5,141.35000610351562,143.14999389648438,3518600,PNC
2018-05-04,108.89541625976562,145.60000610351562,146.88999938964844,142.85000610351562,144.38999938964844,1812400,PNC
2018-05-07,109.11979675292969,145.89999389648438,146.60000610351562,144.22000122070312,145.75,1745800,PNC
2018-05-08,110.33887481689453,147.52999877929688,148.5500030517578,145.5800018310547,145.97999572753906,1935600,PNC
2018-05-09,112.40309143066406,150.2899932861328,151.00999450683594,147.52000427246094,148.19000244140625,1732500,PNC
2018-05-10,112.814453125,150.83999633789062,151.5,148.8300018310547,150.0,1376800,PNC
2018-05-11,112.91169738769531,150.97000122070312,151.91000366210938,150.2899932861328,151.08999633789062,1559000,PNC
2018-05-14,112.44799041748047,150.35000610351562,151.77000427246094,150.1199951171875,151.3800048828125,1737300,PNC
2018-05-15,112.77702331542969,150.7899932861328,152.2899932861328,149.97000122070312,150.0500030517578,2036100,PNC
2018-05-16,112.14881896972656,149.9499969482422,150.77999877929688,149.1999969482422,150.27000427246094,1323000,PNC
2018-05-17,112.67232513427734,150.64999389648438,150.7899932861328,147.92999267578125,149.50999450683594,1528000,PNC
2018-05-18,111.25880432128906,148.75999450683594,150.47999572753906,148.69000244140625,150.1199951171875,1283100,PNC
2018-05-21,111.75990295410156,149.42999267578125,150.52000427246094,149.10000610351562,149.22000122070312,1140300,PNC
2018-05-22,112.84436798095703,150.8800048828125,152.25,149.24000549316406,149.6300048828125,2035400,PNC
2018-05-23,111.98426055908203,149.72999572753906,151.07000732421875,148.8800048828125,149.8800048828125,1533600,PNC
2018-05-24,111.06434631347656,148.5,149.6199951171875,146.22000122070312,149.4600067138672,1945900,PNC
2018-05-25,110.80256652832031,148.14999389648438,148.58999633789062,147.49000549316406,148.02000427246094,991800,PNC
2018-05-29,105.64199829101562,141.25,146.74000549316406,139.9600067138672,146.25999450683594,3992300,PNC
2018-05-30,107.93061065673828,144.30999755859375,144.9499969482422,142.4600067138672,143.05999755859375,2387500,PNC
2018-05-31,107.25748443603516,143.41000366210938,144.67999267578125,142.6300048828125,143.88999938964844,2839700,PNC
2018-06-01,108.536376953125,145.1199951171875,146.55999755859375,144.6300048828125,145.75,1785900,PNC
2018-06-04,109.59844207763672,146.5399932861328,146.80999755859375,145.27000427246094,145.72999572753906,1638600,PNC
2018-06-05,108.73835754394531,145.38999938964844,146.38999938964844,144.8000030517578,146.0,1291500,PNC
2018-06-06,110.42115783691406,147.63999938964844,148.1699981689453,145.50999450683594,145.6699981689453,2258500,PNC
2018-06-07,110.69788360595703,148.00999450683594,149.49000549316406,147.35000610351562,148.3800048828125,2173100,PNC
2018-06-08,111.32610321044922,148.85000610351562,149.19000244140625,146.97000122070312,147.92999267578125,1520300,PNC
2018-06-11,109.96492767333984,147.02999877929688,149.3000030517578,146.8699951171875,149.02000427246094,1512800,PNC
2018-06-12,110.08460998535156,147.19000244140625,148.75,146.4199981689453,147.80999755859375,1581200,PNC
2018-06-13,108.89541625976562,145.60000610351562,148.17999267578125,145.1199951171875,147.63999938964844,2649900,PNC
2018-06-14,106.0832748413086,141.83999633789062,145.94000244140625,141.1999969482422,145.83999633789062,3539900,PNC
2018-06-15,107.67630767822266,143.97000122070312,144.42999267578125,140.35000610351562,142.1199951171875,5084000,PNC
2018-06-18,106.576904296875,142.5,143.5,142.0399932861328,142.42999267578125,2205900,PNC
2018-06-19,106.31512451171875,142.14999389648438,142.6699981689453,141.3000030517578,141.3000030517578,3231900,PNC
2018-06-20,105.71680450439453,141.35000610351562,143.75,141.25999450683594,143.41000366210938,2091900,PNC
2018-06-21,105.70934295654297,141.33999633789062,142.4600067138672,140.50999450683594,140.6999969482422,3399300,PNC
2018-06-22,104.22846221923828,139.36000061035156,142.4499969482422,139.00999450683594,142.0399932861328,2684300,PNC
2018-06-25,103.53288269042969,138.42999267578125,139.47999572753906,137.07000732421875,139.0,3329100,PNC
2018-06-26,102.67282104492188,137.27999877929688,138.44000244140625,136.4499969482422,138.30999755859375,2411700,PNC
2018-06-27,101.19196319580078,135.3000030517578,138.05999755859375,135.05999755859375,136.6699981689453,2309000,PNC
2018-06-28,101.39389038085938,135.57000732421875,136.55999755859375,134.58999633789062,136.00999450683594,2364500,PNC
2018-06-29,101.04238891601562,135.10000610351562,137.5500030517578,135.08999633789062,136.39999389648438,3607600,PNC
2018-07-02,101.65564727783203,135.9199981689453,136.0,133.5,134.24000549316406,2239500,PNC
2018-07-03,100.51136016845703,134.38999938964844,136.77999877929688,134.1300048828125,136.27999877929688,1079400,PNC
2018-07-05,101.40135192871094,135.5800018310547,136.10000610351562,134.64999389648438,135.5,1729500,PNC
2018-07-06,101.71548461914062,136.0,136.5500030517578,134.4199981689453,135.2100067138672,1408700,PNC
2018-07-09,103.80216217041016,138.7899932861328,139.5399932861328,136.10000610351562,136.4499969482422,2790000,PNC
2018-07-10,103.02436065673828,137.75,139.55999755859375,137.0800018310547,139.50999450683594,2055000,PNC
2018-07-11,102.97197723388672,137.67999267578125,138.80999755859375,137.05999755859375,137.38999938964844,2205200,PNC
2018-07-12,103.20381927490234,137.99000549316406,138.9499969482422,136.6199951171875,138.8300018310547,2190600,PNC
2018-07-13,103.45065307617188,138.32000732421875,139.4499969482422,135.25,138.97000122070312,5306100,PNC
2018-07-16,106.10147857666016,140.88999938964844,141.05999755859375,137.47999572753906,138.05999755859375,3238300,PNC
2018-07-17,106.54580688476562,141.47999572753906,142.25,140.61000061035156,140.8000030517578,2505800,PNC
2018-07-18,107.24617004394531,142.41000366210938,142.47999572753906,140.94000244140625,141.10000610351562,2105300,PNC
2018-07-19,105.96591186523438,140.7100067138672,142.2899932861328,140.17999267578125,141.64999389648438,2120200,PNC
2018-07-20,107.31395721435547,142.5,142.69000244140625,140.2100067138672,140.75999450683594,2782600,PNC
2018-07-23,108.56405639648438,144.16000366210938,144.5399932861328,141.99000549316406,142.25999450683594,2017400,PNC
2018-07-24,107.80341339111328,143.14999389648438,144.9499969482422,142.83999633789062,144.50999450683594,2794900,PNC
2018-07-25,107.47209167480469,142.7100067138672,143.6300048828125,142.25999450683594,143.5,3293900,PNC
2018-07-26,107.38170623779297,142.58999633789062,144.0,142.49000549316406,143.1999969482422,2796800,PNC
2018-07-27,108.7447738647461,144.39999389648438,144.39999389648438,142.5800018310547,143.1699981689453,3297800,PNC
2018-07-30,109.46772766113281,145.36000061035156,146.11000061035156,144.32000732421875,144.55999755859375,2108000,PNC
2018-07-31,109.06861877441406,144.8300018310547,146.13999938964844,144.5399932861328,145.94000244140625,1753200,PNC
2018-08-01,109.21170043945312,145.02000427246094,147.22999572753906,144.72000122070312,146.02999877929688,1490200,PNC
2018-08-02,109.30208587646484,145.13999938964844,145.6300048828125,143.74000549316406,144.88999938964844,1509600,PNC
2018-08-03,109.21923828125,145.02999877929688,145.77000427246094,144.64999389648438,144.80999755859375,2145100,PNC
2018-08-06,109.49789428710938,145.39999389648438,145.64999389648438,144.22999572753906,145.0,1555000,PNC
2018-08-07,109.88948822021484,145.9199981689453,146.5500030517578,145.50999450683594,145.64999389648438,1254700,PNC
2018-08-08,110.20575714111328,146.33999633789062,146.64999389648438,145.1999969482422,145.8000030517578,1088900,PNC
2018-08-09,109.3623046875,145.22000122070312,146.5,145.02999877929688,146.11000061035156,803600,PNC
2018-08-10,108.10467529296875,143.5500030517578,144.1699981689453,142.75,143.52999877929688,1540800,PNC
2018-08-13,106.86961364746094,141.91000366210938,144.1199951171875,141.6999969482422,143.3699951171875,1438400,PNC
2018-08-14,107.4796142578125,142.72000122070312,143.3000030517578,141.77000427246094,142.00999450683594,1973400,PNC
2018-08-15,106.94490051269531,142.00999450683594,142.89999389648438,141.55999755859375,141.86000061035156,1681800,PNC
2018-08-16,108.78996276855469,144.4600067138672,145.1699981689453,142.41000366210938,142.91000366210938,1451200,PNC
2018-08-17,108.85774993896484,144.5500030517578,144.83999633789062,143.5,144.38999938964844,1055800,PNC
2018-08-20,109.10629272460938,144.8800048828125,145.0,143.4600067138672,144.4199981689453,1722700,PNC
2018-08-21,109.2869644165039,145.1199951171875,146.72999572753906,144.22999572753906,144.42999267578125,1549500,PNC
2018-08-22,108.85774993896484,144.5500030517578,145.44000244140625,144.0800018310547,144.8300018310547,1002000,PNC
2018-08-23,107.84110260009766,143.1999969482422,144.5,142.85000610351562,144.5,1171900,PNC
2018-08-24,107.63775634765625,142.92999267578125,143.8800048828125,142.77999877929688,143.75,1954700,PNC
2018-08-27,109.74640655517578,145.72999572753906,146.3300018310547,143.42999267578125,143.7100067138672,1515400,PNC
2018-08-28,110.00997161865234,146.0800018310547,146.5800018310547,145.3800048828125,145.9600067138672,1411700,PNC
2018-08-29,109.90452575683594,145.94000244140625,147.0,145.3300018310547,146.0500030517578,1966500,PNC
2018-08-30,108.27031707763672,143.77000427246094,145.86000061035156,143.58999633789062,145.41000366210938,1739900,PNC
2018-08-31,108.09713745117188,143.5399932861328,143.74000549316406,142.5,143.0,1731600,PNC
2018-09-04,108.39085388183594,143.92999267578125,144.3699951171875,142.72000122070312,143.49000549316406,1948100,PNC
2018-09-05,108.57910919189453,144.17999267578125,145.0800018310547,143.55999755859375,143.75999450683594,1749500,PNC
2018-09-06,107.84110260009766,143.1999969482422,144.0399932861328,142.6999969482422,143.94000244140625,2254500,PNC
2018-09-07,107.66036987304688,142.9600067138672,144.08999633789062,142.1999969482422,143.8000030517578,1730100,PNC
2018-09-10,107.42689514160156,142.64999389648438,143.63999938964844,142.4499969482422,143.49000549316406,1201400,PNC
2018-09-11,107.86367797851562,143.22999572753906,143.7100067138672,142.41000366210938,142.67999267578125,1581700,PNC
2018-09-12,106.41776275634766,141.30999755859375,143.3699951171875,140.8300018310547,142.75999450683594,1972900,PNC
2018-09-13,105.62703704833984,140.25999450683594,142.27000427246094,139.80999755859375,141.77000427246094,2804100,PNC
2018-09-14,105.73246002197266,140.39999389648438,141.16000366210938,140.02000427246094,140.1199951171875,1965800,PNC
2018-09-17,105.17518615722656,139.66000366210938,140.88999938964844,139.22999572753906,140.8000030517578,1915100,PNC
2018-09-18,105.3785400390625,139.92999267578125,140.41000366210938,139.39999389648438,139.91000366210938,1803600,PNC
2018-09-19,106.58345031738281,141.52999877929688,142.16000366210938,139.8000030517578,139.92999267578125,2194400,PNC
2018-09-20,108.78996276855469,144.4600067138672,145.3000030517578,142.6300048828125,142.6300048828125,1932600,PNC
2018-09-21,108.45108795166016,144.00999450683594,144.77000427246094,143.50999450683594,144.63999938964844,3154400,PNC
2018-09-24,106.38015747070312,141.25999450683594,143.99000549316406,141.1999969482422,143.2899932861328,1940700,PNC
2018-09-25,106.09396362304688,140.8800048828125,142.1300048828125,140.74000549316406,142.0,1318900,PNC
2018-09-26,104.38446807861328,138.61000061035156,141.5500030517578,138.32000732421875,141.35000610351562,2258400,PNC
2018-09-27,103.42806243896484,137.33999633789062,138.63999938964844,137.1300048828125,137.9199981689453,2031500,PNC
2018-09-28,102.56201171875,136.19000244140625,137.60000610351562,135.85000610351562,136.64999389648438,2257000,PNC
2018-10-01,102.411376953125,135.99000549316406,137.64999389648438,135.7100067138672,137.33999633789062,1840900,PNC
2018-10-02,102.61468505859375,136.25999450683594,137.52000427246094,135.30999755859375,135.94000244140625,1671200,PNC
2018-10-03,103.99285125732422,138.08999633789062,139.02000427246094,136.6300048828125,137.27000427246094,2978000,PNC
2018-10-04,104.80615997314453,139.1699981689453,140.75999450683594,137.75999450683594,138.3000030517578,2299600,PNC
2018-10-05,104.3166732788086,138.52000427246094,140.27000427246094,138.22999572753906,139.80999755859375,1598600,PNC
2018-10-08,105.24295806884766,139.75,140.6999969482422,137.8300018310547,138.22000122070312,1891100,PNC
2018-10-09,104.45223999023438,138.6999969482422,140.0500030517578,138.0,139.22000122070312,1770500,PNC
2018-10-10,102.56954956054688,136.1999969482422,140.13999938964844,136.0500030517578,139.10000610351562,2589300,PNC
2018-10-11,99.11289978027344,131.61000061035156,135.97000122070312,131.27999877929688,135.58999633789062,3436300,PNC
2018-10-12,93.57774353027344,124.26000213623047,128.72999572753906,121.61000061035156,128.3000030517578,7617900,PNC
2018-10-15,94.58688354492188,125.5999984741211,126.77999877929688,123.45999908447266,125.29000091552734,4652800,PNC
2018-10-16,94.7386474609375,124.8499984741211,125.18000030517578,122.16999816894531,124.91999816894531,3598000,PNC
2018-10-17,96.62053680419922,127.33000183105469,127.91000366210938,123.61000061035156,124.58999633789062,5148800,PNC
2018-10-18,94.26057434082031,124.22000122070312,127.63999938964844,123.94999694824219,126.73999786376953,3051800,PNC
2018-10-19,94.97389221191406,125.16000366210938,126.38999938964844,123.19999694824219,124.33999633789062,3019700,PNC
2018-10-22,92.16625213623047,121.45999908447266,125.37000274658203,121.33999633789062,125.04000091552734,2083500,PNC
2018-10-23,91.2860107421875,120.30000305175781,120.86000061035156,118.4000015258789,119.5199966430664,3771400,PNC
2018-10-24,88.7060317993164,116.9000015258789,119.93000030517578,116.55000305175781,119.87000274658203,3425600,PNC
2018-10-25,90.7776107788086,119.62999725341797,120.83999633789062,117.41000366210938,117.88999938964844,2121300,PNC
2018-10-26,90.6410140991211,119.44999694824219,120.69999694824219,117.69999694824219,118.33000183105469,2537400,PNC
2018-10-29,92.6974105834961,122.16000366210938,123.98999786376953,120.5999984741211,120.95999908447266,2397700,PNC
2018-10-30,94.67034149169922,124.76000213623047,125.01000213623047,121.88999938964844,122.81999969482422,3431800,PNC
2018-10-31,97.50074768066406,128.49000549316406,129.77999877929688,125.36000061035156,125.44999694824219,3822700,PNC
2018-11-01,98.44927978515625,129.74000549316406,130.0800018310547,128.10000610351562,129.27999877929688,4090900,PNC
2018-11-02,98.5555191040039,129.8800048828125,131.47999572753906,127.81999969482422,130.8300018310547,2686100,PNC
2018-11-05,99.0866928100586,130.5800018310547,131.67999267578125,129.4499969482422,129.63999938964844,2362700,PNC
2018-11-06,99.98208618164062,131.75999450683594,132.11000061035156,129.77999877929688,130.2100067138672,2303300,PNC
2018-11-07,101.13548278808594,133.27999877929688,133.4600067138672,129.58999633789062,131.91000366210938,2625100,PNC
2018-11-08,101.86397552490234,134.24000549316406,134.75999450683594,132.49000549316406,132.57000732421875,2167100,PNC
2018-11-09,101.85639953613281,134.22999572753906,135.58999633789062,133.7899932861328,134.08999633789062,2323400,PNC
2018-11-12,100.74849700927734,132.77000427246094,134.77000427246094,132.64999389648438,134.1999969482422,3674700,PNC
2018-11-13,102.88836669921875,135.58999633789062,135.83999633789062,132.55999755859375,132.82000732421875,4139000,PNC
2018-11-14,101.78047943115234,134.1300048828125,137.1300048828125,132.19000244140625,136.0,3314600,PNC
2018-11-15,103.72306823730469,136.69000244140625,136.72999572753906,132.1999969482422,133.49000549316406,2752900,PNC
2018-11-16,103.49542236328125,136.38999938964844,137.47000122070312,135.6199951171875,135.8800048828125,2456300,PNC
2018-11-19,102.6683120727539,135.3000030517578,136.88999938964844,133.94000244140625,135.6999969482422,3082800,PNC
2018-11-20,100.98373413085938,133.0800018310547,135.10000610351562,132.1999969482422,134.32000732421875,2656600,PNC
2018-11-21,100.7030029296875,132.7100067138672,134.6300048828125,131.7100067138672,133.55999755859375,1330100,PNC
2018-11-23,100.63465881347656,132.6199951171875,133.75,131.14999389648438,131.9199981689453,568100,PNC
2018-11-26,102.8580322265625,135.5500030517578,136.5,134.07000732421875,134.3300018310547,1925100,PNC
2018-11-27,101.60598754882812,133.89999389648438,135.8300018310547,133.35000610351562,134.5,1799600,PNC
2018-11-28,101.84119415283203,134.2100067138672,135.1300048828125,131.77999877929688,133.8800048828125,2326900,PNC
2018-11-29,101.416259765625,133.64999389648438,134.8000030517578,133.00999450683594,133.41000366210938,2792600,PNC
2018-11-30,103.0325698852539,135.77999877929688,136.72999572753906,133.25,133.3699951171875,3194300,PNC
2018-12-03,103.12361145019531,135.89999389648438,138.24000549316406,134.6300048828125,137.3300018310547,3493500,PNC
2018-12-04,98.2747573852539,129.50999450683594,135.38999938964844,127.93000030517578,135.08999633789062,3353100,PNC
2018-12-06,98.12297058105469,129.30999755859375,129.50999450683594,125.38999938964844,127.0199966430664,3241300,PNC
2018-12-07,96.03622436523438,126.55999755859375,130.82000732421875,125.6500015258789,128.80999755859375,2754200,PNC
2018-12-10,94.29093933105469,124.26000213623047,126.44999694824219,122.12000274658203,126.44999694824219,3145000,PNC
2018-12-11,92.925048828125,122.45999908447266,126.79000091552734,122.36000061035156,125.33000183105469,2932100,PNC
2018-12-12,93.13751983642578,122.73999786376953,124.94000244140625,121.80999755859375,123.94000244140625,3138500,PNC
2018-12-13,90.98248291015625,119.9000015258789,123.55999755859375,119.23999786376953,123.19000244140625,2365500,PNC
2018-12-14,89.9201431274414,118.5,120.94000244140625,118.29000091552734,118.83000183105469,2758300,PNC
2018-12-17,89.78356170654297,118.31999969482422,120.44000244140625,117.63999938964844,118.30000305175781,2666800,PNC
2018-12-18,88.47078704833984,116.58999633789062,119.62000274658203,115.9000015258789,118.54000091552734,2532100,PNC
2018-12-19,86.5282211303711,114.02999877929688,118.22000122070312,113.3499984741211,116.7300033569336,3033300,PNC
2018-12-20,86.18675994873047,113.58000183105469,115.44999694824219,112.66000366210938,113.3499984741211,4100800,PNC
2018-12-21,84.60082244873047,111.48999786376953,115.69999694824219,111.33000183105469,113.12999725341797,7403100,PNC
2018-12-24,83.25009155273438,109.70999908447266,112.66999816894531,109.5999984741211,111.0,2359600,PNC
2018-12-26,87.14286804199219,114.83999633789062,114.8499984741211,108.44999694824219,110.2699966430664,3046200,PNC
2018-12-27,87.83338165283203,115.75,115.75,111.62000274658203,113.33999633789062,2510300,PNC
2018-12-28,87.54503631591797,115.37000274658203,117.12000274658203,114.8499984741211,116.20999908447266,1803100,PNC
2018-12-31,88.713623046875,116.91000366210938,117.2300033569336,115.1500015258789,115.87999725341797,1887600,PNC
2019-01-02,90.15538024902344,118.80999755859375,119.12000274658203,114.8499984741211,115.1500015258789,1912000,PNC
2019-01-03,89.74562072753906,118.2699966430664,120.0,117.29000091552734,118.05999755859375,2789600,PNC
2019-01-04,91.99171447753906,121.2300033569336,121.73999786376953,119.7300033569336,120.4800033569336,2703800,PNC
2019-01-07,91.78685760498047,120.95999908447266,121.94000244140625,119.80000305175781,120.25,2145600,PNC
2019-01-08,91.9310073852539,121.1500015258789,121.80000305175781,119.30999755859375,121.26000213623047,3952800,PNC
2019-01-09,91.67301177978516,120.80999755859375,121.66999816894531,119.44999694824219,121.11000061035156,3755800,PNC
2019-01-10,90.73967742919922,119.58000183105469,120.80000305175781,118.37000274658203,120.37000274658203,3531600,PNC
2019-01-11,91.09630584716797,120.05000305175781,120.5199966430664,117.94000244140625,118.81999969482422,2984800,PNC
2019-01-14,91.47573852539062,120.55000305175781,121.47000122070312,118.80999755859375,119.27999877929688,2893900,PNC
2019-01-15,91.90824127197266,121.12000274658203,121.23999786376953,118.30999755859375,120.01000213623047,4171300,PNC
2019-01-16,92.70366668701172,121.20999908447266,121.91999816894531,117.16999816894531,120.41999816894531,6131000,PNC
2019-01-17,93.22371673583984,121.88999938964844,122.43000030517578,119.80000305175781,121.11000061035156,4314200,PNC
2019-01-18,95.79351806640625,125.25,125.69000244140625,121.91999816894531,122.51000213623047,3014100,PNC
2019-01-22,95.2811050415039,124.58000183105469,125.83999633789062,123.66999816894531,124.30999755859375,2614400,PNC
2019-01-23,95.13578796386719,124.38999938964844,125.5,123.41000366210938,124.93000030517578,1993500,PNC
2019-01-24,94.69217681884766,123.80999755859375,124.9000015258789,122.80000305175781,123.55999755859375,2572900,PNC
2019-01-25,95.5411376953125,124.91999816894531,125.5999984741211,123.63999938964844,124.44999694824219,1890600,PNC
2019-01-28,95.50288391113281,124.87000274658203,125.22000122070312,123.4000015258789,124.26000213623047,1644100,PNC
2019-01-29,95.08990478515625,124.33000183105469,125.69000244140625,124.20999908447266,124.63999938964844,1372000,PNC
2019-01-30,94.57746124267578,123.66000366210938,125.04000091552734,123.19999694824219,124.2699966430664,1896100,PNC
2019-01-31,93.82030487060547,122.66999816894531,123.41000366210938,120.5,122.83000183105469,2099300,PNC
2019-02-01,93.86619567871094,122.7300033569336,123.93000030517578,122.37999725341797,123.12000274658203,2390500,PNC
2019-02-04,95.31935119628906,124.62999725341797,124.63999938964844,122.83000183105469,123.3499984741211,2105000,PNC
2019-02-05,94.08797454833984,123.0199966430664,124.87999725341797,122.33000183105469,124.62999725341797,2345500,PNC
2019-02-06,93.77439880371094,122.61000061035156,123.94000244140625,121.80999755859375,122.62999725341797,2199000,PNC
2019-02-07,93.95030975341797,122.83999633789062,125.29000091552734,121.69999694824219,123.05999755859375,2247600,PNC
2019-02-08,92.72660827636719,121.23999786376953,123.2300033569336,119.69000244140625,122.30000305175781,1471400,PNC
2019-02-11,92.97899627685547,121.56999969482422,122.5,121.0,121.73999786376953,1700800,PNC
2019-02-12,94.18741607666016,123.1500015258789,123.69000244140625,122.37000274658203,122.52999877929688,1730300,PNC
2019-02-13,92.91016387939453,121.4800033569336,123.7699966430664,121.37000274658203,123.45999908447266,2331600,PNC
2019-02-14,92.24475860595703,120.61000061035156,121.26000213623047,119.37000274658203,120.48999786376953,2110300,PNC
2019-02-15,94.95221710205078,124.1500015258789,124.3499984741211,121.55000305175781,122.02999877929688,2321300,PNC
2019-02-19,95.56407165527344,124.94999694824219,125.38999938964844,122.80999755859375,122.80999755859375,2674500,PNC
2019-02-20,96.76485443115234,126.5199966430664,126.58999633789062,124.55999755859375,124.94999694824219,1787800,PNC
2019-02-21,95.5334701538086,124.91000366210938,126.58999633789062,124.52999877929688,126.19000244140625,2270800,PNC
2019-02-22,94.95221710205078,124.1500015258789,125.44999694824219,123.73999786376953,125.05000305175781,1663600,PNC
2019-02-25,94.60040283203125,123.69000244140625,125.94000244140625,123.62000274658203,124.95999908447266,2553300,PNC
2019-02-26,94.23328399658203,123.20999908447266,124.56999969482422,122.44000244140625,123.20999908447266,2920900,PNC
2019-02-27,96.15299224853516,125.72000122070312,125.7699966430664,122.87999725341797,123.45999908447266,1949500,PNC
2019-02-28,96.38243103027344,126.0199966430664,126.72000122070312,125.4800033569336,126.05999755859375,2189400,PNC
2019-03-01,96.8413314819336,126.62000274658203,127.81999969482422,125.56999969482422,126.5999984741211,1963800,PNC
2019-03-04,96.61954498291016,126.33000183105469,128.64999389648438,125.33000183105469,126.70999908447266,1928800,PNC
2019-03-05,97.75911712646484,127.81999969482422,128.1300048828125,124.66000366210938,126.19000244140625,3160100,PNC
2019-03-06,97.4684829711914,127.44000244140625,129.27000427246094,127.3499984741211,128.1300048828125,2748500,PNC
2019-03-07,96.35950469970703,125.98999786376953,126.87000274658203,124.45999908447266,126.63999938964844,2983900,PNC
2019-03-08,96.9024887084961,126.69999694824219,126.77999877929688,124.5199966430664,124.66999816894531,2997600,PNC
2019-03-11,98.32505798339844,128.55999755859375,128.94000244140625,126.95999908447266,127.1500015258789,2546500,PNC
2019-03-12,97.67498016357422,127.70999908447266,129.1999969482422,127.37000274658203,128.8000030517578,3195900,PNC
2019-03-13,98.6080551147461,128.92999267578125,129.22999572753906,127.36000061035156,128.4199981689453,1741600,PNC
2019-03-14,99.1204833984375,129.60000610351562,130.02000427246094,128.47999572753906,129.00999450683594,1608500,PNC
2019-03-15,99.3193588256836,129.86000061035156,130.25,128.75999450683594,129.00999450683594,3687600,PNC
2019-03-18,100.86426544189453,131.8800048828125,132.38999938964844,130.1300048828125,130.44000244140625,1913000,PNC
2019-03-19,99.02872467041016,129.47999572753906,132.5,129.1300048828125,132.5,2285300,PNC
2019-03-20,95.95413970947266,125.45999908447266,129.82000732421875,125.36000061035156,129.39999389648438,2991800,PNC
2019-03-21,93.99620056152344,122.9000015258789,124.87999725341797,122.79000091552734,124.7699966430664,2804100,PNC
2019-03-22,91.15107727050781,119.18000030517578,122.19999694824219,118.69999694824219,121.5,3464500,PNC
2019-03-25,91.15107727050781,119.18000030517578,120.9000015258789,118.77999877929688,119.48999786376953,2118500,PNC
2019-03-26,92.8948745727539,121.45999908447266,121.72000122070312,119.62000274658203,120.2699966430664,1976900,PNC
2019-03-27,92.74956512451172,121.2699966430664,121.93000030517578,120.37999725341797,121.29000091552734,1773200,PNC
2019-03-28,93.96561431884766,122.86000061035156,122.95999908447266,120.95999908447266,121.62999725341797,1619200,PNC
2019-03-29,93.81265258789062,122.66000366210938,124.0,122.16999816894531,123.91000366210938,1951100,PNC
2019-04-01,97.06314086914062,126.91000366210938,127.16999816894531,123.83999633789062,123.9800033569336,1837000,PNC
2019-04-02,96.94839477539062,126.76000213623047,128.02999877929688,126.16000366210938,126.55000305175781,1698200,PNC
2019-04-03,96.98663330078125,126.80999755859375,129.24000549316406,126.08999633789062,127.98999786376953,2081400,PNC
2019-04-04,98.21802520751953,128.4199981689453,129.22999572753906,126.80000305175781,126.80000305175781,1639700,PNC
2019-04-05,97.82793426513672,127.91000366210938,129.25,127.36000061035156,128.49000549316406,1331900,PNC
2019-04-08,98.08032989501953,128.24000549316406,128.5500030517578,127.33999633789062,127.91000366210938,1460700,PNC
2019-04-09,96.97900390625,126.80000305175781,127.69000244140625,126.22000122070312,127.36000061035156,1572800,PNC
2019-04-10,97.353759765625,127.29000091552734,127.52999877929688,125.77999877929688,126.56999969482422,1806300,PNC
2019-04-11,98.44744110107422,128.72000122070312,128.91000366210938,127.5,128.0,2051700,PNC
2019-04-12,101.49144744873047,132.6999969482422,133.57000732421875,129.17999267578125,129.44000244140625,4293600,PNC
2019-04-15,100.95989990234375,131.05999755859375,132.41000366210938,130.5,131.97999572753906,2006100,PNC
2019-04-16,102.56987762451172,133.14999389648438,134.02999877929688,131.49000549316406,131.49000549316406,2375400,PNC
2019-04-17,103.12451171875,133.8699951171875,134.52000427246094,132.30999755859375,133.3699951171875,1752300,PNC
2019-04-18,102.60071563720703,133.19000244140625,134.41000366210938,132.75999450683594,133.75,2392400,PNC
2019-04-22,103.13996124267578,133.88999938964844,134.35000610351562,132.47999572753906,133.27999877929688,1469800,PNC
2019-04-23,103.37873077392578,134.1999969482422,134.74000549316406,131.72000122070312,133.41000366210938,3319000,PNC
2019-04-24,103.35563659667969,134.1699981689453,134.74000549316406,132.86000061035156,133.85000610351562,1681400,PNC
2019-04-25,103.4095687866211,134.24000549316406,135.27000427246094,133.0399932861328,133.3300018310547,1335700,PNC
2019-04-26,104.83467102050781,136.08999633789062,136.10000610351562,134.00999450683594,134.00999450683594,1337100,PNC
2019-04-29,105.54338073730469,137.00999450683594,138.0800018310547,136.17999267578125,136.8000030517578,1151900,PNC
2019-04-30,105.48175048828125,136.92999267578125,137.4199981689453,135.6699981689453,136.92999267578125,1432400,PNC
2019-05-01,104.15677642822266,135.2100067138672,138.0399932861328,134.8800048828125,136.72000122070312,1264400,PNC
2019-05-02,104.7191162109375,135.94000244140625,136.72000122070312,135.39999389648438,135.5399932861328,1235900,PNC
2019-05-03,105.61271667480469,137.10000610351562,137.47000122070312,135.6999969482422,135.99000549316406,1055200,PNC
2019-05-06,104.97333526611328,136.27000427246094,136.9499969482422,134.13999938964844,135.35000610351562,1314000,PNC
2019-05-07,102.41580963134766,132.9499969482422,134.8300018310547,132.25999450683594,134.77999877929688,1821500,PNC
2019-05-08,101.6762924194336,131.99000549316406,132.92999267578125,131.7899932861328,132.47000122070312,1694200,PNC
2019-05-09,101.63780212402344,131.94000244140625,132.22000122070312,129.47000122070312,130.02999877929688,1504100,PNC
2019-05-10,102.02296447753906,132.44000244140625,133.02000427246094,129.5500030517578,131.41000366210938,1354300,PNC
2019-05-13,98.9493179321289,128.4499969482422,131.08999633789062,128.13999938964844,130.0399932861328,2367500,PNC
2019-05-14,99.95845031738281,129.75999450683594,131.0800018310547,128.00999450683594,128.2100067138672,1088500,PNC
2019-05-15,99.12651062011719,128.67999267578125,130.4199981689453,127.58999633789062,128.83999633789062,1609200,PNC
2019-05-16,100.99070739746094,131.10000610351562,131.7100067138672,129.27999877929688,129.61000061035156,1508900,PNC
2019-05-17,100.31282043457031,130.22000122070312,132.1999969482422,129.4199981689453,129.4600067138672,1351600,PNC
2019-05-20,101.17560577392578,131.33999633789062,132.0800018310547,130.08999633789062,130.22000122070312,1153200,PNC
2019-05-21,101.74564361572266,132.0800018310547,132.38999938964844,131.0399932861328,131.1199951171875,988700,PNC
2019-05-22,101.69940948486328,132.02000427246094,132.3699951171875,130.89999389648438,131.61000061035156,1166400,PNC
2019-05-23,100.12023162841797,129.97000122070312,130.99000549316406,128.99000549316406,130.99000549316406,2026800,PNC
2019-05-24,101.66089630126953,131.97000122070312,132.3800048828125,130.24000549316406,130.33999633789062,1162300,PNC
2019-05-28,99.86601257324219,129.63999938964844,132.33999633789062,129.63999938964844,131.74000549316406,1944900,PNC
2019-05-29,100.16644287109375,130.02999877929688,130.1199951171875,127.98999786376953,128.6999969482422,1640400,PNC
2019-05-30,99.07258605957031,128.61000061035156,131.05999755859375,127.48999786376953,130.2899932861328,1185400,PNC
2019-05-31,98.03263854980469,127.26000213623047,128.32000732421875,126.33999633789062,127.37999725341797,1543100,PNC
2019-06-03,99.34989929199219,128.97000122070312,129.77999877929688,126.5199966430664,126.9800033569336,1711300,PNC
2019-06-04,102.76246643066406,133.39999389648438,133.47000122070312,130.44000244140625,130.7899932861328,1502900,PNC
2019-06-05,103.4172592163086,134.25,134.44000244140625,131.7899932861328,133.41000366210938,1620400,PNC
2019-06-06,103.03209686279297,133.75,134.5800018310547,132.99000549316406,133.88999938964844,1251000,PNC
2019-06-07,102.36192321777344,132.8800048828125,133.85000610351562,132.30999755859375,133.35000610351562,1619800,PNC
2019-06-10,103.51741790771484,134.3800048828125,135.63999938964844,133.8800048828125,134.3300018310547,1015500,PNC
2019-06-11,104.1336441040039,135.17999267578125,136.35000610351562,134.24000549316406,134.77999877929688,1248700,PNC
2019-06-12,103.30172729492188,134.10000610351562,135.75,133.67999267578125,135.08999633789062,1172900,PNC
2019-06-13,103.01667022705078,133.72999572753906,135.1699981689453,132.88999938964844,134.36000061035156,2019500,PNC
2019-06-14,104.15677642822266,135.2100067138672,135.75,133.42999267578125,134.07000732421875,1757900,PNC
2019-06-17,102.09996795654297,132.5399932861328,136.17999267578125,132.30999755859375,135.2100067138672,1710400,PNC
2019-06-18,103.55591583251953,134.42999267578125,135.4499969482422,131.57000732421875,132.4600067138672,1781100,PNC
2019-06-19,102.64694213867188,133.25,136.27000427246094,132.99000549316406,135.25,1521800,PNC
2019-06-20,102.3773193359375,132.89999389648438,133.77999877929688,130.05999755859375,133.55999755859375,2128600,PNC
2019-06-21,102.58529663085938,133.1699981689453,134.67999267578125,132.8800048828125,132.8800048828125,2480200,PNC
2019-06-24,102.970458984375,133.6699981689453,134.5800018310547,132.25999450683594,132.41000366210938,1515300,PNC
2019-06-25,102.7316665649414,133.36000061035156,134.1699981689453,131.57000732421875,133.58999633789062,1446800,PNC
2019-06-26,102.9473648071289,133.63999938964844,134.83999633789062,132.91000366210938,133.86000061035156,1387500,PNC
2019-06-27,103.73309326171875,134.66000366210938,135.8800048828125,133.75999450683594,133.99000549316406,1504300,PNC
2019-06-28,105.75138092041016,137.27999877929688,137.38999938964844,135.11000061035156,136.11000061035156,3171700,PNC
2019-07-01,107.69264221191406,139.8000030517578,139.92999267578125,138.2100067138672,138.3800048828125,2128300,PNC
2019-07-02,107.53084564208984,139.58999633789062,140.39999389648438,138.58999633789062,139.27000427246094,1828200,PNC
2019-07-03,108.36280822753906,140.6699981689453,140.77000427246094,139.2100067138672,140.0,892400,PNC
2019-07-05,109.0561294555664,141.57000732421875,143.08999633789062,141.1699981689453,141.39999389648438,1281000,PNC
2019-07-08,108.41671752929688,140.74000549316406,141.4499969482422,140.19000244140625,140.61000061035156,1568600,PNC
2019-07-09,108.45523834228516,140.7899932861328,141.60000610351562,139.4600067138672,139.91000366210938,1838400,PNC
2019-07-10,107.88516998291016,140.0500030517578,141.7899932861328,139.8800048828125,140.88999938964844,1466200,PNC
2019-07-11,108.97137451171875,141.4600067138672,142.07000732421875,140.1300048828125,140.52000427246094,1505700,PNC
2019-07-12,109.53370666503906,142.19000244140625,142.47999572753906,140.57000732421875,142.08999633789062,1569200,PNC
2019-07-15,108.00072479248047,140.1999969482422,142.57000732421875,139.74000549316406,142.57000732421875,2534900,PNC
2019-07-16,106.89147186279297,138.75999450683594,140.3000030517578,137.9600067138672,140.0,3338400,PNC
2019-07-17,107.60018157958984,139.67999267578125,142.3800048828125,138.75,138.7899932861328,2901800,PNC
2019-07-18,107.87203979492188,138.8800048828125,139.9499969482422,137.8300018310547,138.5399932861328,2004800,PNC
2019-07-19,107.83319091796875,138.8300018310547,139.9499969482422,138.5500030517578,139.25999450683594,1853900,PNC
2019-07-22,108.40799713134766,139.57000732421875,139.94000244140625,137.97000122070312,138.25999450683594,1671200,PNC
2019-07-23,109.2701187133789,140.67999267578125,141.1199951171875,139.0,139.75999450683594,1995600,PNC
2019-07-24,109.77500915527344,141.3300018310547,141.88999938964844,139.72999572753906,139.72999572753906,1981200,PNC
2019-07-25,109.3944091796875,140.83999633789062,142.32000732421875,140.2899932861328,142.0399932861328,1557000,PNC
2019-07-26,110.91680908203125,142.8000030517578,143.17999267578125,140.9199981689453,140.9499969482422,1233100,PNC
2019-07-29,110.26433563232422,141.9600067138672,144.32000732421875,141.8800048828125,142.25999450683594,1273100,PNC
2019-07-30,110.2332763671875,141.9199981689453,142.63999938964844,140.69000244140625,140.83999633789062,1063600,PNC
2019-07-31,110.99443817138672,142.89999389648438,143.83999633789062,141.0800018310547,141.99000549316406,2394600,PNC
2019-08-01,107.39045715332031,138.25999450683594,143.5399932861328,138.00999450683594,142.41000366210938,2973900,PNC
2019-08-02,107.15744018554688,137.9600067138672,138.6999969482422,135.42999267578125,138.3300018310547,1859000,PNC
2019-08-05,103.24270629882812,132.9199981689453,135.6300048828125,131.83999633789062,135.10000610351562,2306100,PNC
2019-08-06,104.37674713134766,134.3800048828125,134.63999938964844,132.0800018310547,134.4600067138672,1380300,PNC
2019-08-07,100.78825378417969,129.75999450683594,131.9499969482422,128.1199951171875,131.1300048828125,4324200,PNC
2019-08-08,102.20967102050781,131.58999633789062,132.33999633789062,130.25999450683594,131.24000549316406,2033500,PNC
2019-08-09,102.79220581054688,132.33999633789062,133.1699981689453,129.83999633789062,131.2100067138672,2066300,PNC
2019-08-12,99.91834259033203,128.63999938964844,131.02999877929688,128.44000244140625,130.91000366210938,2657300,PNC
2019-08-13,101.5572509765625,130.75,132.14999389648438,127.83000183105469,128.8699951171875,2218200,PNC
2019-08-14,96.79588317871094,124.62000274658203,128.30999755859375,124.16000366210938,126.93000030517578,3142000,PNC
2019-08-15,96.88906860351562,124.73999786376953,126.0999984741211,123.33999633789062,125.37000274658203,2354900,PNC
2019-08-16,98.6445083618164,127.0,127.41000366210938,125.37000274658203,125.87999725341797,1850200,PNC
2019-08-19,99.70083618164062,128.36000061035156,129.6699981689453,127.66000366210938,129.1199951171875,2481400,PNC
2019-08-20,98.02312469482422,126.19999694824219,127.7699966430664,126.0999984741211,127.08000183105469,1888000,PNC
2019-08-21,97.8677749633789,126.0,127.4800033569336,125.7300033569336,127.44000244140625,1547000,PNC
2019-08-22,98.1939926147461,126.41999816894531,127.61000061035156,125.73999786376953,127.16999816894531,1321400,PNC
2019-08-23,95.60749053955078,123.08999633789062,126.98999786376953,122.37000274658203,126.12999725341797,1912900,PNC
2019-08-26,96.3919677734375,124.0999984741211,124.25,123.2699966430664,123.94999694824219,2431800,PNC
2019-08-27,96.41529846191406,124.12999725341797,125.12000274658203,123.4000015258789,124.66000366210938,1744600,PNC
2019-08-28,98.302734375,126.55999755859375,127.2300033569336,123.18000030517578,123.18000030517578,1462800,PNC
2019-08-29,99.65425109863281,128.3000030517578,129.25999450683594,127.5,127.5199966430664,1568900,PNC
2019-08-30,100.1435546875,128.92999267578125,130.6699981689453,128.74000549316406,129.2899932861328,1457900,PNC
2019-09-03,98.45806884765625,126.76000213623047,127.7699966430664,125.2300033569336,127.61000061035156,2002900,PNC
2019-09-04,99.86396789550781,128.57000732421875,129.0,127.5,128.10000610351562,1662500,PNC
2019-09-05,102.18636322021484,131.55999755859375,132.94000244140625,130.67999267578125,130.88999938964844,1185300,PNC
2019-09-06,102.3106460571289,131.72000122070312,132.19000244140625,130.6699981689453,131.4600067138672,1357400,PNC
2019-09-09,105.86030578613281,136.2899932861328,136.92999267578125,132.33999633789062,132.9499969482422,2027800,PNC
2019-09-10,107.10308837890625,137.88999938964844,138.9600067138672,136.7100067138672,137.25,1893200,PNC
2019-09-11,105.63505554199219,136.0,138.0500030517578,135.47999572753906,138.0,3444900,PNC
2019-09-12,106.5438003540039,137.1699981689453,137.3800048828125,133.5399932861328,134.85000610351562,3076900,PNC
2019-09-13,108.1827163696289,139.27999877929688,140.2899932861328,138.02000427246094,139.0,2902800,PNC
2019-09-16,109.13032531738281,140.5,140.52000427246094,137.36000061035156,137.9499969482422,2180200,PNC
2019-09-17,108.15164947509766,139.24000549316406,140.0399932861328,138.0,139.60000610351562,2290300,PNC
2019-09-18,109.67404174804688,141.1999969482422,141.30999755859375,138.0800018310547,138.75,2073200,PNC
2019-09-19,109.51868438720703,141.0,142.08999633789062,139.75999450683594,139.75999450683594,2248500,PNC
2019-09-20,109.42547607421875,140.8800048828125,142.25999450683594,140.25,141.27999877929688,4212400,PNC
2019-09-23,109.67404174804688,141.1999969482422,141.75,139.67999267578125,139.7100067138672,2475700,PNC
2019-09-24,108.95169830322266,140.27000427246094,141.8300018310547,139.64999389648438,140.75,2842500,PNC
2019-09-25,108.98273468017578,140.30999755859375,141.69000244140625,139.7100067138672,140.91000366210938,1454800,PNC
2019-09-26,108.81963348388672,140.10000610351562,140.64999389648438,139.57000732421875,139.9199981689453,1041600,PNC
2019-09-27,109.04489135742188,140.38999938964844,142.22999572753906,139.77999877929688,141.50999450683594,1368600,PNC
2019-09-30,108.86624145507812,140.16000366210938,141.1699981689453,139.36000061035156,141.1699981689453,1726300,PNC
2019-10-01,106.56710815429688,137.1999969482422,141.5500030517578,137.07000732421875,141.14999389648438,1518100,PNC
2019-10-02,105.40203857421875,135.6999969482422,136.64999389648438,134.77999877929688,136.47000122070312,1776200,PNC
2019-10-03,106.20203399658203,136.72999572753906,136.75,133.3699951171875,134.82000732421875,2057200,PNC
2019-10-04,109.10702514648438,140.47000122070312,140.69000244140625,136.75,136.8800048828125,2087400,PNC
2019-10-07,108.70309448242188,139.9499969482422,141.72000122070312,139.10000610351562,140.69000244140625,1778100,PNC
2019-10-08,105.77485656738281,136.17999267578125,138.4600067138672,136.0399932861328,138.17999267578125,2221100,PNC
2019-10-09,106.07001495361328,136.55999755859375,137.67999267578125,136.3300018310547,137.3300018310547,1459400,PNC
2019-10-10,107.51473999023438,138.4199981689453,139.6199951171875,136.8800048828125,137.13999938964844,1283600,PNC
2019-10-11,109.05262756347656,140.39999389648438,142.47999572753906,140.27000427246094,140.86000061035156,2416300,PNC
2019-10-14,109.1458511352539,140.52000427246094,140.77000427246094,139.36000061035156,139.6999969482422,1444200,PNC
2019-10-15,110.19446563720703,141.8699951171875,142.85000610351562,140.0399932861328,140.6699981689453,2297700,PNC
2019-10-16,110.7739028930664,141.4600067138672,143.27000427246094,139.9199981689453,142.66000366210938,2692800,PNC
2019-10-17,111.71360778808594,142.66000366210938,144.10000610351562,142.0500030517578,142.4499969482422,1748700,PNC
2019-10-18,112.3870849609375,143.52000427246094,144.6999969482422,142.08999633789062,142.4499969482422,1901000,PNC
2019-10-21,113.9610595703125,145.52999877929688,146.38999938964844,144.7100067138672,145.0,1747100,PNC
2019-10-22,113.9062271118164,145.4600067138672,146.8800048828125,144.5399932861328,145.5500030517578,1697700,PNC
2019-10-23,114.61882019042969,146.3699951171875,146.42999267578125,144.6999969482422,144.97999572753906,1106400,PNC
2019-10-24,114.01586151123047,145.60000610351562,146.69000244140625,144.69000244140625,146.1999969482422,1143800,PNC
2019-10-25,114.85372161865234,146.6699981689453,147.86000061035156,145.2899932861328,145.2899932861328,1072500,PNC
2019-10-28,115.71512603759766,147.77000427246094,148.5,147.19000244140625,147.72000122070312,1250700,PNC
2019-10-29,116.1223373413086,148.2899932861328,149.38999938964844,147.1199951171875,147.1199951171875,1411700,PNC
2019-10-30,115.6994857788086,147.75,148.77000427246094,146.52000427246094,147.85000610351562,1168000,PNC
2019-10-31,114.87723541259766,146.6999969482422,147.75,145.0399932861328,146.6699981689453,1266900,PNC
2019-11-01,116.52950286865234,148.80999755859375,148.91000366210938,147.30999755859375,148.32000732421875,1109500,PNC
2019-11-04,117.46922302246094,150.00999450683594,150.72999572753906,149.69000244140625,150.38999938964844,1192900,PNC
2019-11-05,118.26795196533203,151.02999877929688,152.13999938964844,150.0,150.6300048828125,1382700,PNC
2019-11-06,118.80046081542969,151.7100067138672,151.75999450683594,149.9499969482422,150.5500030517578,1650300,PNC
2019-11-07,119.86544036865234,153.07000732421875,154.75,152.52000427246094,152.9499969482422,1565000,PNC
2019-11-08,119.18415069580078,152.1999969482422,152.9199981689453,151.6300048828125,152.57000732421875,1845800,PNC
2019-11-11,119.38772583007812,152.4600067138672,153.22999572753906,151.3800048828125,151.5,1354800,PNC
2019-11-12,119.2624282836914,152.3000030517578,153.1699981689453,151.11000061035156,152.13999938964844,1182200,PNC
2019-11-13,118.10350799560547,150.82000732421875,151.75,150.07000732421875,150.63999938964844,1677500,PNC
2019-11-14,116.69400024414062,149.02000427246094,150.86000061035156,148.47999572753906,150.16000366210938,1973000,PNC
2019-11-15,118.13481903076172,150.86000061035156,150.9199981689453,149.41000366210938,150.11000061035156,1773000,PNC
2019-11-18,118.80046081542969,151.7100067138672,152.42999267578125,150.49000549316406,150.52000427246094,1616600,PNC
2019-11-19,118.80826568603516,151.72000122070312,153.10000610351562,150.75,152.0,1647000,PNC
2019-11-20,118.85525512695312,151.77999877929688,152.66000366210938,150.44000244140625,151.27000427246094,1456400,PNC
2019-11-21,118.78477478027344,151.69000244140625,153.52999877929688,151.30999755859375,152.6699981689453,1404600,PNC
2019-11-22,119.69314575195312,152.85000610351562,153.72000122070312,150.94000244140625,151.36000061035156,1080600,PNC
2019-11-25,120.12384796142578,153.39999389648438,154.4199981689453,152.72999572753906,153.5500030517578,2438300,PNC
2019-11-26,119.72447967529297,152.88999938964844,153.47000122070312,152.33999633789062,153.13999938964844,1570700,PNC
2019-11-27,120.03768920898438,153.2899932861328,154.14999389648438,152.52999877929688,153.6699981689453,1315300,PNC
2019-11-29,119.9750747680664,153.2100067138672,154.4499969482422,152.94000244140625,153.63999938964844,736300,PNC
2019-12-02,119.01185607910156,151.97999572753906,154.44000244140625,151.94000244140625,153.92999267578125,1234300,PNC
2019-12-03,117.2577896118164,149.74000549316406,150.2899932861328,148.08999633789062,150.27000427246094,2358000,PNC
2019-12-04,118.51854705810547,151.35000610351562,151.83999633789062,149.63999938964844,149.74000549316406,1703200,PNC
2019-12-05,119.18415069580078,152.1999969482422,152.6300048828125,151.58999633789062,152.27999877929688,2087100,PNC
2019-12-06,120.44493103027344,153.80999755859375,154.82000732421875,153.5,154.0800018310547,2701000,PNC
2019-12-09,120.35877990722656,153.6999969482422,154.05999755859375,152.0399932861328,152.1999969482422,1699600,PNC
2019-12-10,121.84664154052734,155.60000610351562,156.8300018310547,152.74000549316406,153.6999969482422,2606500,PNC
2019-12-11,121.37676239013672,155.0,156.1199951171875,154.89999389648438,155.8300018310547,1795100,PNC
2019-12-12,124.5090560913086,159.0,159.63999938964844,155.1199951171875,155.66000366210938,3113600,PNC
2019-12-13,124.22715759277344,158.63999938964844,160.0800018310547,157.38999938964844,158.16000366210938,2472600,PNC
2019-12-16,124.5090560913086,159.0,160.8699951171875,158.88999938964844,160.3000030517578,1644400,PNC
2019-12-17,125.57404327392578,160.36000061035156,160.91000366210938,158.47999572753906,158.97000122070312,1527800,PNC
2019-12-18,125.33126068115234,160.0500030517578,160.91000366210938,159.3800048828125,160.80999755859375,1621200,PNC
2019-12-19,124.92408752441406,159.52999877929688,160.9499969482422,158.72000122070312,160.27000427246094,1577600,PNC
2019-12-20,125.15119934082031,159.82000732421875,161.3699951171875,159.3699951171875,161.1999969482422,3340300,PNC
2019-12-23,124.92408752441406,159.52999877929688,160.63999938964844,158.9199981689453,160.0800018310547,1253600,PNC
2019-12-24,125.62106323242188,160.4199981689453,160.55999755859375,159.5800018310547,159.83999633789062,1230000,PNC
2019-12-26,126.19265747070312,161.14999389648438,161.27000427246094,160.2899932861328,160.47999572753906,798000,PNC
2019-12-27,125.92642974853516,160.80999755859375,161.72000122070312,160.55999755859375,161.5500030517578,1051800,PNC
2019-12-30,125.30782318115234,160.02000427246094,161.7899932861328,159.8800048828125,161.58999633789062,1401100,PNC
2019-12-31,125.00242614746094,159.6300048828125,160.3699951171875,158.99000549316406,159.85000610351562,1499800,PNC
2020-01-02,125.58187103271484,160.3699951171875,160.3699951171875,158.89999389648438,159.75,1881300,PNC
2020-01-03,124.3759536743164,158.8300018310547,159.58999633789062,157.42999267578125,158.41000366210938,1374400,PNC
2020-01-06,124.12532806396484,158.50999450683594,158.67999267578125,157.4499969482422,158.10000610351562,1335500,PNC
2020-01-07,123.1465072631836,157.25999450683594,158.39999389648438,156.61000061035156,157.42999267578125,1936300,PNC
2020-01-08,124.42292022705078,158.88999938964844,159.91000366210938,157.3000030517578,158.0,1958400,PNC
2020-01-09,125.92642974853516,160.80999755859375,161.25,159.83999633789062,160.3800048828125,1652000,PNC
2020-01-10,124.17234802246094,158.57000732421875,160.97999572753906,158.47000122070312,160.97999572753906,2182500,PNC
2020-01-13,124.85362243652344,159.44000244140625,159.5399932861328,157.82000732421875,158.8800048828125,2391100,PNC
2020-01-14,125.19815063476562,159.8800048828125,160.9499969482422,158.80999755859375,159.1699981689453,3333900,PNC
2020-01-15,120.6563491821289,154.0800018310547,158.30999755859375,153.3300018310547,158.30999755859375,4078500,PNC
2020-01-16,120.41173553466797,152.6199951171875,153.6999969482422,149.9499969482422,153.5800018310547,3831600,PNC
2020-01-17,120.99556732177734,153.36000061035156,154.0500030517578,152.85000610351562,153.0500030517578,2515600,PNC
2020-01-21,119.64644622802734,151.64999389648438,153.3300018310547,151.4600067138672,152.13999938964844,2036200,PNC
2020-01-22,120.1277084350586,152.25999450683594,153.02000427246094,151.64999389648438,151.9600067138672,2637300,PNC
2020-01-23,120.48275756835938,152.7100067138672,153.25,149.92999267578125,151.38999938964844,2118100,PNC
2020-01-24,118.64448547363281,150.3800048828125,152.47999572753906,149.52000427246094,152.47999572753906,3152900,PNC
2020-01-27,117.18486785888672,148.52999877929688,150.0,147.32000732421875,147.94000244140625,2343400,PNC
2020-01-28,118.10009765625,149.69000244140625,150.97000122070312,148.8800048828125,149.32000732421875,1636200,PNC
2020-01-29,117.23223114013672,148.58999633789062,150.75999450683594,148.3300018310547,149.91000366210938,1091200,PNC
2020-01-30,119.10209655761719,150.9600067138672,151.10000610351562,147.1300048828125,147.1300048828125,2277500,PNC
2020-01-31,117.20067596435547,148.5500030517578,150.69000244140625,148.24000549316406,149.27000427246094,2808400,PNC
2020-02-03,117.98177337646484,149.5399932861328,151.14999389648438,149.25999450683594,150.0399932861328,1969300,PNC
2020-02-04,118.86540222167969,150.66000366210938,152.22999572753906,150.42999267578125,151.9499969482422,1502500,PNC
2020-02-05,121.3348388671875,153.7899932861328,153.85000610351562,152.3000030517578,152.52000427246094,1451900,PNC
2020-02-06,120.59321594238281,152.85000610351562,154.9499969482422,152.67999267578125,154.82000732421875,1484300,PNC
2020-02-07,120.9876937866211,153.35000610351562,153.63999938964844,151.3800048828125,151.82000732421875,1547200,PNC
2020-02-10,121.39006042480469,153.86000061035156,153.86000061035156,152.30999755859375,152.49000549316406,1206400,PNC
2020-02-11,122.1238021850586,154.7899932861328,155.69000244140625,154.19000244140625,154.33999633789062,1224400,PNC
2020-02-12,122.45514678955078,155.2100067138672,156.9199981689453,154.83999633789062,156.0,956100,PNC
2020-02-13,122.54196166992188,155.32000732421875,155.5500030517578,154.1300048828125,154.75999450683594,1388000,PNC
2020-02-14,121.60314178466797,154.1300048828125,155.44000244140625,153.17999267578125,155.16000366210938,1832400,PNC
2020-02-18,119.44129180908203,151.38999938964844,154.1300048828125,150.0,153.49000549316406,2121900,PNC
2020-02-19,120.9876937866211,153.35000610351562,153.89999389648438,151.88999938964844,152.14999389648438,1317400,PNC
2020-02-20,121.87919616699219,154.47999572753906,154.94000244140625,152.27000427246094,152.75,1426400,PNC
2020-02-21,121.34273529052734,153.8000030517578,154.07000732421875,151.77999877929688,153.60000610351562,1547500,PNC
2020-02-24,117.40579986572266,148.80999755859375,150.22000122070312,148.0800018310547,149.30999755859375,2234700,PNC
2020-02-25,111.51225280761719,141.33999633789062,149.33999633789062,141.00999450683594,148.89999389648438,2828000,PNC
2020-02-26,109.43724822998047,138.7100067138672,143.0800018310547,138.67999267578125,142.5500030517578,2734800,PNC
2020-02-27,103.05451965332031,130.6199951171875,136.80999755859375,130.52999877929688,136.00999450683594,3668800,PNC
2020-02-28,99.72509765625,126.4000015258789,127.94999694824219,122.55000305175781,126.30999755859375,4900400,PNC
2020-03-02,104.64823150634766,132.63999938964844,132.75999450683594,124.6500015258789,126.81999969482422,2965200,PNC
2020-03-03,99.00713348388672,125.48999786376953,133.63999938964844,124.05000305175781,132.0,3545500,PNC
2020-03-04,102.09199523925781,129.39999389648438,129.61000061035156,124.61000061035156,127.16000366210938,2598600,PNC
2020-03-05,95.2201156616211,120.69000244140625,124.80999755859375,118.44999694824219,124.66000366210938,3561500,PNC
2020-03-06,90.12342071533203,114.2300033569336,118.48999786376953,112.12000274658203,115.37999725341797,3704000,PNC
2020-03-09,77.91024017333984,98.75,107.20999908447266,97.55000305175781,102.5999984741211,4702300,PNC
2020-03-10,85.23973846435547,108.04000091552734,108.9800033569336,100.30000305175781,104.05000305175781,4757100,PNC
2020-03-11,80.42704010009766,101.94000244140625,106.08000183105469,100.12999725341797,104.29000091552734,5605500,PNC
2020-03-12,74.73070526123047,94.72000122070312,104.0,90.88999938964844,93.4800033569336,5347700,PNC
2020-03-13,84.4034194946289,106.9800033569336,107.18000030517578,99.45999908447266,103.30999755859375,6420100,PNC
2020-03-16,70.98313903808594,89.97000122070312,103.29000091552734,89.26000213623047,91.18000030517578,5318400,PNC
2020-03-17,75.7405776977539,96.0,96.19000244140625,87.54000091552734,91.30000305175781,4486800,PNC
2020-03-18,69.05805969238281,87.52999877929688,91.19000244140625,81.02999877929688,88.77999877929688,5107400,PNC
2020-03-19,72.91607666015625,92.41999816894531,96.5,84.56999969482422,85.43000030517578,3370800,PNC
2020-03-20,70.60441589355469,89.48999786376953,95.37000274658203,86.5999984741211,94.08000183105469,3939900,PNC
2020-03-23,63.62209701538086,80.63999938964844,88.44000244140625,79.41000366210938,86.3499984741211,3848300,PNC
2020-03-24,71.14881134033203,90.18000030517578,90.98999786376953,84.66000366210938,86.55000305175781,5137300,PNC
2020-03-25,72.62418365478516,92.05000305175781,97.16999816894531,86.9000015258789,91.5199966430664,3793100,PNC
2020-03-26,81.2002182006836,102.91999816894531,103.7300033569336,92.05000305175781,92.58000183105469,3735700,PNC
2020-03-27,78.99901580810547,100.12999725341797,103.29000091552734,96.9800033569336,97.4800033569336,2535500,PNC
2020-03-30,79.6617431640625,100.97000122070312,101.68000030517578,97.81999969482422,99.2699966430664,2707400,PNC
2020-03-31,75.5196762084961,95.72000122070312,100.54000091552734,94.23999786376953,98.7300033569336,3563600,PNC
2020-04-01,68.91604614257812,87.3499984741211,90.76000213623047,86.5199966430664,90.0,4024600,PNC
2020-04-02,71.58274841308594,90.7300033569336,91.97000122070312,85.86000061035156,87.33000183105469,3063500,PNC
2020-04-03,67.2118911743164,85.19000244140625,91.12000274658203,84.0199966430664,89.38999938964844,3118600,PNC
2020-04-06,75.19620513916016,95.30999755859375,96.1500015258789,89.55999755859375,90.16999816894531,3169700,PNC
2020-04-07,74.88850402832031,94.91999816894531,103.33000183105469,94.43000030517578,101.3499984741211,2962500,PNC
2020-04-08,78.50196075439453,99.5,100.3499984741211,94.62000274658203,95.87000274658203,2900300,PNC
2020-04-09,83.17262268066406,105.41999816894531,106.7699966430664,101.0,101.56999969482422,4331400,PNC
2020-04-13,79.65383911132812,100.95999908447266,105.2699966430664,100.41999816894531,105.13999938964844,2802100,PNC
2020-04-14,78.47830200195312,99.47000122070312,104.1500015258789,97.69999694824219,103.22000122070312,3377000,PNC
2020-04-15,73.77693939208984,92.43000030517578,96.5999984741211,91.0999984741211,94.55000305175781,3934200,PNC
2020-04-16,72.26835632324219,90.54000091552734,93.33000183105469,89.12999725341797,92.83000183105469,3104200,PNC
2020-04-17,81.01654052734375,101.5,101.86000061035156,94.12000274658203,94.27999877929688,4058200,PNC
2020-04-20,81.85466003417969,102.55000305175781,103.98999786376953,97.29000091552734,98.37000274658203,4165200,PNC
2020-04-21,79.02107238769531,99.0,99.93000030517578,96.95999908447266,98.16999816894531,4106700,PNC
2020-04-22,78.94125366210938,98.9000015258789,101.83999633789062,98.3499984741211,101.41000366210938,2577200,PNC
2020-04-23,79.36427307128906,99.43000030517578,102.19999694824219,99.19000244140625,99.19000244140625,2034900,PNC
2020-04-24,80.40193939208984,100.7300033569336,101.77999877929688,98.45999908447266,99.97000122070312,2122700,PNC
2020-04-27,84.20133209228516,105.48999786376953,106.08000183105469,101.12999725341797,102.16999816894531,1953400,PNC
2020-04-28,84.60043334960938,105.98999786376953,110.68000030517578,105.33000183105469,109.97000122070312,2400100,PNC
2020-04-29,88.59140014648438,110.98999786376953,112.9000015258789,108.62999725341797,110.6500015258789,2332300,PNC
2020-04-30,85.1432113647461,106.66999816894531,108.47000122070312,105.16999816894531,107.66999816894531,2111000,PNC
2020-05-01,82.18989562988281,102.97000122070312,105.95999908447266,101.7300033569336,103.41000366210938,2350600,PNC
2020-05-04,81.10433197021484,101.61000061035156,101.93000030517578,98.68000030517578,100.0,2175900,PNC
2020-05-05,79.63568878173828,99.7699966430664,104.16999816894531,99.58999633789062,103.56999969482422,1275200,PNC
2020-05-06,78.6219711303711,98.5,101.3499984741211,98.19000244140625,101.0,2457900,PNC
2020-05-07,80.84891510009766,101.29000091552734,104.4000015258789,99.95999908447266,99.95999908447266,1703800,PNC
2020-05-08,83.83417510986328,105.02999877929688,105.4800033569336,103.11000061035156,104.16999816894531,1330900,PNC
2020-05-11,81.51142120361328,102.12000274658203,103.0,100.69999694824219,103.0,2527900,PNC
2020-05-12,79.81925964355469,100.0,103.1500015258789,98.44999694824219,102.29000091552734,9921300,PNC
2020-05-13,77.25707244873047,96.79000091552734,99.66000366210938,94.83000183105469,99.5,6206100,PNC
2020-05-14,78.09516143798828,97.83999633789062,99.0,93.2699966430664,94.4800033569336,5234200,PNC
2020-05-15,77.62423706054688,97.25,98.91000366210938,95.88999938964844,96.9800033569336,2649600,PNC
2020-05-18,83.05992126464844,104.05999755859375,104.83999633789062,100.11000061035156,101.0,3579100,PNC
2020-05-19,80.72120666503906,101.12999725341797,104.5,101.0,103.44999694824219,3238000,PNC
2020-05-20,83.331298828125,104.4000015258789,105.43000030517578,102.70999908447266,102.98999786376953,2671900,PNC
2020-05-21,82.36550903320312,103.19000244140625,105.47000122070312,102.66999816894531,102.97000122070312,2463200,PNC
2020-05-22,83.49893951416016,104.61000061035156,104.86000061035156,102.58999633789062,103.54000091552734,3242200,PNC
2020-05-26,87.44995880126953,109.55999755859375,111.6500015258789,108.93000030517578,109.4000015258789,4167400,PNC
2020-05-27,93.06925964355469,116.5999984741211,118.0,112.30000305175781,118.0,4416500,PNC
2020-05-28,92.43069458007812,115.80000305175781,117.6500015258789,114.30999755859375,117.5999984741211,2998500,PNC
2020-05-29,91.02586364746094,114.04000091552734,116.13999938964844,113.2699966430664,113.54000091552734,3666600,PNC
2020-06-01,91.52873229980469,114.66999816894531,116.0,113.61000061035156,114.79000091552734,1837300,PNC
2020-06-02,91.6803970336914,114.86000061035156,116.5,113.43000030517578,116.20999908447266,3016600,PNC
2020-06-03,95.5516357421875,119.70999908447266,121.4800033569336,118.37999725341797,119.16000366210938,4601000,PNC
2020-06-04,97.95418548583984,122.72000122070312,123.26000213623047,118.06999969482422,119.58000183105469,3553100,PNC
2020-06-05,102.19258117675781,128.02999877929688,132.5800018310547,126.02999877929688,130.99000549316406,4804700,PNC
2020-06-08,104.6669921875,131.1300048828125,132.3699951171875,129.75999450683594,130.64999389648438,4019600,PNC
2020-06-09,100.72392272949219,126.19000244140625,127.76000213623047,124.62999725341797,126.19000244140625,3455900,PNC
2020-06-10,94.92903900146484,118.93000030517578,125.69000244140625,118.5999984741211,125.06999969482422,3630800,PNC
2020-06-11,85.81368255615234,107.51000213623047,114.2300033569336,107.29000091552734,112.16999816894531,4163100,PNC
2020-06-12,88.4078140258789,110.76000213623047,113.20999908447266,107.76000213623047,113.01000213623047,3730900,PNC
2020-06-15,90.17181396484375,112.97000122070312,113.31999969482422,105.94000244140625,106.38999938964844,2606600,PNC
2020-06-16,91.74425506591797,114.94000244140625,117.70999908447266,112.36000061035156,117.61000061035156,2629100,PNC
2020-06-17,89.2379150390625,111.80000305175781,115.37999725341797,111.44999694824219,114.93000030517578,1811300,PNC
2020-06-18,88.38386535644531,110.7300033569336,113.5199966430664,109.9800033569336,110.83999633789062,2322700,PNC
2020-06-19,86.38838195800781,108.2300033569336,113.12000274658203,107.12000274658203,112.33999633789062,6735000,PNC
2020-06-22,86.65178680419922,108.55999755859375,109.9800033569336,106.13999938964844,107.43000030517578,2178100,PNC
2020-06-23,85.98928833007812,107.7300033569336,111.83000183105469,107.69000244140625,110.66000366210938,2060800,PNC
2020-06-24,82.51715087890625,103.37999725341797,106.48999786376953,102.2699966430664,106.48999786376953,3971100,PNC
2020-06-25,84.96759033203125,106.44999694824219,106.91000366210938,102.56999969482422,102.9800033569336,2238300,PNC
2020-06-26,80.56158447265625,100.93000030517578,104.62000274658203,100.11000061035156,104.1500015258789,4043300,PNC
2020-06-29,82.07814025878906,102.83000183105469,103.62000274658203,101.55000305175781,102.38999938964844,2907700,PNC
2020-06-30,83.97782135009766,105.20999908447266,106.04000091552734,101.8499984741211,101.98999786376953,3350900,PNC
2020-07-01,82.07814025878906,102.83000183105469,105.79000091552734,102.48999786376953,105.7699966430664,2120800,PNC
2020-07-02,81.5353775024414,102.1500015258789,106.29000091552734,101.80999755859375,105.3499984741211,3087200,PNC
2020-07-06,82.49319458007812,103.3499984741211,105.69999694824219,102.66999816894531,104.25,2327100,PNC
2020-07-07,79.58778381347656,99.70999908447266,102.62000274658203,99.20999908447266,102.2300033569336,2515900,PNC
2020-07-08,79.93098449707031,100.13999938964844,100.8499984741211,98.26000213623047,99.56999969482422,2911100,PNC
2020-07-09,78.90135192871094,98.8499984741211,99.98999786376953,97.08999633789062,99.47000122070312,3432000,PNC
2020-07-10,81.09634399414062,101.5999984741211,102.01000213623047,98.62000274658203,98.62000274658203,2925200,PNC
2020-07-13,81.95841217041016,102.68000030517578,104.26000213623047,101.5199966430664,102.5,3573100,PNC
2020-07-14,80.824951171875,101.26000213623047,103.36000061035156,100.4000015258789,102.66000366210938,3445800,PNC
2020-07-15,83.0678939819336,104.06999969482422,105.33000183105469,101.69999694824219,103.87000274658203,3991000,PNC
2020-07-16,84.7386245727539,104.98999786376953,106.66999816894531,101.33999633789062,101.8499984741211,4029200,PNC
2020-07-17,83.14862060546875,103.0199966430664,105.12999725341797,102.98999786376953,104.29000091552734,2953300,PNC
2020-07-20,83.08403015136719,102.94000244140625,103.62999725341797,101.55000305175781,102.0,2401000,PNC
2020-07-21,86.92589569091797,107.69999694824219,108.27999877929688,103.69000244140625,103.69000244140625,3502400,PNC
2020-07-22,86.06226348876953,106.62999725341797,107.79000091552734,106.05000305175781,106.63999938964844,2529900,PNC
2020-07-23,86.63533782958984,107.33999633789062,108.27999877929688,105.8499984741211,106.01000213623047,2062500,PNC
2020-07-24,86.23178100585938,106.83999633789062,108.87000274658203,106.7300033569336,108.06999969482422,1991200,PNC
2020-07-27,84.68211364746094,104.91999816894531,105.75,103.83999633789062,105.75,1884300,PNC
2020-07-28,84.60948181152344,104.83000183105469,105.62999725341797,104.41000366210938,104.41000366210938,1335800,PNC
2020-07-29,87.93474578857422,108.94999694824219,109.30000305175781,104.05000305175781,104.31999969482422,2604900,PNC
2020-07-30,85.771728515625,106.2699966430664,106.62000274658203,104.33999633789062,106.44999694824219,1736700,PNC
2020-07-31,86.09455871582031,106.66999816894531,106.77999877929688,104.05999755859375,106.44999694824219,2082300,PNC
2020-08-03,85.497314453125,105.93000030517578,107.5999984741211,105.30000305175781,106.54000091552734,1913200,PNC
2020-08-04,84.98075103759766,105.29000091552734,106.13999938964844,104.83000183105469,106.13999938964844,1645300,PNC
2020-08-05,86.00579071044922,106.55999755859375,106.77999877929688,105.36000061035156,106.19000244140625,2290700,PNC
2020-08-06,86.38511657714844,107.02999877929688,107.37999725341797,105.6500015258789,105.79000091552734,1632600,PNC
2020-08-07,88.54011535644531,109.69999694824219,110.02999877929688,105.80999755859375,105.83000183105469,2797800,PNC
2020-08-10,88.5078353881836,109.66000366210938,111.61000061035156,109.37999725341797,110.1500015258789,2066900,PNC
2020-08-11,90.77581787109375,112.47000122070312,115.29000091552734,111.93000030517578,112.73999786376953,2910700,PNC
2020-08-12,90.39644622802734,112.0,114.8499984741211,110.4000015258789,114.7300033569336,2005600,PNC
2020-08-13,89.59745025634766,111.01000213623047,111.79000091552734,109.83000183105469,110.45999908447266,1271000,PNC
2020-08-14,90.19469451904297,111.75,112.48999786376953,109.5,109.80000305175781,1831000,PNC
2020-08-17,89.04857635498047,110.33000183105469,111.05000305175781,109.54000091552734,110.4000015258789,2513600,PNC
2020-08-18,86.42546844482422,107.08000183105469,110.33000183105469,106.80999755859375,109.94000244140625,2431300,PNC
2020-08-19,85.86856079101562,106.38999938964844,108.75,106.16999816894531,106.87000274658203,1989200,PNC
2020-08-20,85.61837005615234,106.08000183105469,106.43000030517578,104.41000366210938,105.08000183105469,2003900,PNC
2020-08-21,85.9169921875,106.44999694824219,106.98999786376953,105.5,105.80000305175781,2208300,PNC
2020-08-24,88.62084197998047,109.80000305175781,109.87999725341797,106.5,106.88999938964844,1704700,PNC
2020-08-25,89.40371704101562,110.7699966430664,112.0,109.56999969482422,111.44999694824219,2044200,PNC
2020-08-26,89.0324478149414,110.30999755859375,111.31999969482422,109.5199966430664,110.51000213623047,2058200,PNC
2020-08-27,90.8000259399414,112.5,113.4800033569336,109.55000305175781,110.04000091552734,1857200,PNC
2020-08-28,90.678955078125,112.3499984741211,113.19999694824219,111.41000366210938,113.19999694824219,1311800,PNC
2020-08-31,89.75077819824219,111.19999694824219,112.26000213623047,111.0999984741211,112.04000091552734,2158300,PNC
2020-09-01,90.0736312866211,111.5999984741211,112.38999938964844,109.54000091552734,109.80999755859375,1705800,PNC
2020-09-02,90.71932983398438,112.4000015258789,113.0,110.62000274658203,111.0,1624900,PNC
2020-09-03,90.130126953125,111.66999816894531,116.66999816894531,110.94000244140625,113.76000213623047,1869700,PNC
2020-09-04,91.28430938720703,113.0999984741211,115.55999755859375,111.33999633789062,113.97000122070312,1466800,PNC
2020-09-08,89.02438354492188,110.30000305175781,112.11000061035156,108.83999633789062,111.61000061035156,2045300,PNC
2020-09-09,88.7096176147461,109.91000366210938,111.27999877929688,109.7699966430664,111.27999877929688,1074900,PNC
2020-09-10,87.34558868408203,108.22000122070312,111.58999633789062,108.19000244140625,110.61000061035156,2031400,PNC
2020-09-11,89.3875961303711,110.75,111.26000213623047,108.3499984741211,109.08000183105469,1632000,PNC
2020-09-14,92.15596008300781,114.18000030517578,115.08000183105469,111.2300033569336,111.5,1504300,PNC
2020-09-15,89.82342529296875,111.29000091552734,114.43000030517578,110.69999694824219,113.69999694824219,1998400,PNC
2020-09-16,91.72013092041016,113.63999938964844,115.12999725341797,110.73999786376953,111.1500015258789,2254100,PNC
2020-09-17,90.29960632324219,111.87999725341797,113.58999633789062,111.0,111.58000183105469,1767400,PNC
2020-09-18,90.2027587890625,111.76000213623047,112.4000015258789,110.66999816894531,110.98999786376953,2233000,PNC
2020-09-21,87.84597778320312,108.83999633789062,110.56999969482422,107.4800033569336,108.91999816894531,2097800,PNC
2020-09-22,85.0372543334961,105.36000061035156,108.83999633789062,104.16999816894531,108.18000030517578,2879400,PNC
2020-09-23,82.7127685546875,102.4800033569336,107.33999633789062,102.41999816894531,105.7300033569336,2013000,PNC
2020-09-24,83.49566650390625,103.44999694824219,105.38999938964844,101.58000183105469,103.43000030517578,1895800,PNC
2020-09-25,84.66597747802734,104.9000015258789,105.05000305175781,102.01000213623047,102.26000213623047,1381300,PNC
2020-09-28,87.27294158935547,108.12999725341797,109.1500015258789,106.55000305175781,106.81999969482422,1543000,PNC
2020-09-29,86.30442810058594,106.93000030517578,107.76000213623047,105.16000366210938,107.5,1625300,PNC
2020-09-30,88.7096176147461,109.91000366210938,110.27999877929688,107.36000061035156,107.55000305175781,2501100,PNC
2020-10-01,88.32218170166016,109.43000030517578,110.9000015258789,108.37000274658203,110.05000305175781,1596500,PNC
2020-10-02,90.5256118774414,112.16000366210938,113.0,107.79000091552734,108.08999633789062,2125200,PNC
2020-10-05,92.65637969970703,114.80000305175781,114.97000122070312,112.5,113.47000122070312,1852000,PNC
2020-10-06,91.34076690673828,113.16999816894531,117.16000366210938,112.58999633789062,115.98999786376953,1943200,PNC
2020-10-07,92.96305847167969,115.18000030517578,117.04000091552734,114.25,114.33999633789062,2387000,PNC
2020-10-08,94.0607681274414,116.54000091552734,117.02999877929688,115.0999984741211,115.80000305175781,2514100,PNC
2020-10-09,93.20520782470703,115.4800033569336,117.22000122070312,114.83999633789062,117.11000061035156,1963500,PNC
2020-10-12,93.85092163085938,116.27999877929688,116.83000183105469,115.22000122070312,115.51000213623047,1517300,PNC
2020-10-13,90.80810546875,112.51000213623047,116.2300033569336,111.9000015258789,115.86000061035156,2314400,PNC
2020-10-14,88.64503479003906,109.83000183105469,114.38999938964844,109.54000091552734,112.18000030517578,2675900,PNC
2020-10-15,89.36280822753906,109.55999755859375,109.55999755859375,107.55000305175781,108.33999633789062,2503100,PNC
2020-10-16,90.92886352539062,111.4800033569336,111.51000213623047,108.88999938964844,109.58000183105469,1982600,PNC
2020-10-19,89.71353912353516,109.98999786376953,112.2300033569336,109.76000213623047,111.91000366210938,1949900,PNC
2020-10-20,91.40193176269531,112.05999755859375,113.8499984741211,110.9800033569336,110.9800033569336,1826000,PNC
2020-10-21,90.24371337890625,110.63999938964844,112.7300033569336,110.45999908447266,112.0199966430664,1281700,PNC
2020-10-22,94.06096649169922,115.31999969482422,115.38999938964844,110.62000274658203,110.87000274658203,1825000,PNC
2020-10-23,93.64498901367188,114.80999755859375,116.5199966430664,113.5999984741211,116.22000122070312,1435700,PNC
2020-10-26,91.05121612548828,111.62999725341797,113.4000015258789,110.08000183105469,113.36000061035156,1739900,PNC
2020-10-27,89.06102752685547,109.19000244140625,111.08000183105469,108.9800033569336,111.05999755859375,1793700,PNC
2020-10-28,88.67766571044922,108.72000122070312,110.06999969482422,107.63999938964844,107.70999908447266,3221700,PNC
2020-10-29,89.57486724853516,109.81999969482422,110.66000366210938,106.8499984741211,108.19000244140625,1813100,PNC
2020-10-30,91.25511932373047,111.87999725341797,112.01000213623047,108.58999633789062,109.45999908447266,2261500,PNC
2020-11-02,93.35133361816406,114.44999694824219,116.13999938964844,112.19000244140625,113.48999786376953,3411600,PNC
2020-11-03,97.38066864013672,119.38999938964844,120.08000183105469,116.86000061035156,117.29000091552734,3057500,PNC
2020-11-04,92.05447387695312,112.86000061035156,116.48999786376953,112.19999694824219,116.19999694824219,2136100,PNC
2020-11-05,95.56993865966797,117.16999816894531,117.5999984741211,113.0999984741211,113.12999725341797,2069300,PNC
2020-11-06,93.53893280029297,114.68000030517578,117.83999633789062,114.13999938964844,117.83999633789062,1682200,PNC
2020-11-09,104.38712310791016,127.9800033569336,129.55999755859375,125.05000305175781,125.55999755859375,3978400,PNC
2020-11-10,103.37571716308594,126.73999786376953,129.0,126.0,129.0,3765800,PNC
2020-11-11,102.31536865234375,125.44000244140625,127.4000015258789,123.0199966430664,127.4000015258789,3130700,PNC
2020-11-12,98.69387817382812,121.0,123.30999755859375,118.79000091552734,123.30999755859375,2269700,PNC
2020-11-13,100.14572143554688,122.77999877929688,123.77999877929688,121.5,122.0,1560900,PNC
2020-11-16,103.00867462158203,126.29000091552734,127.0199966430664,124.5,125.7699966430664,5431000,PNC
2020-11-17,103.49806213378906,126.88999938964844,127.06999969482422,123.2699966430664,124.91999816894531,3668100,PNC
2020-11-18,105.4637680053711,129.3000030517578,131.30999755859375,126.56999969482422,127.5199966430664,3782400,PNC
2020-11-19,106.2794418334961,130.3000030517578,130.36000061035156,126.25,128.05999755859375,2205600,PNC
2020-11-20,105.13752746582031,128.89999389648438,130.32000732421875,127.75,128.80999755859375,2245100,PNC
2020-11-23,109.0118637084961,133.64999389648438,134.16000366210938,130.66000366210938,132.22000122070312,2151100,PNC
2020-11-24,114.2809829711914,140.11000061035156,140.24000549316406,136.14999389648438,136.63999938964844,2933900,PNC
2020-11-25,114.721435546875,140.64999389648438,141.82000732421875,137.47999572753906,139.10000610351562,3066400,PNC
2020-11-27,114.01997375488281,139.7899932861328,140.69000244140625,138.75,140.60000610351562,1178200,PNC
2020-11-30,112.61703491210938,138.07000732421875,139.5399932861328,137.77000427246094,138.27999877929688,4297600,PNC
2020-12-01,114.7785415649414,140.72000122070312,141.39999389648438,139.88999938964844,140.24000549316406,3129500,PNC
2020-12-02,115.31685638427734,141.3800048828125,141.69000244140625,139.63999938964844,139.89999389648438,1849400,PNC
2020-12-03,115.21080780029297,141.25,142.1300048828125,139.83999633789062,140.72000122070312,2609900,PNC
2020-12-04,116.25484466552734,142.52999877929688,143.5,141.42999267578125,142.8000030517578,1526100,PNC
2020-12-07,115.66758728027344,141.80999755859375,141.9499969482422,139.52000427246094,141.44000244140625,1634300,PNC
2020-12-08,115.3576431274414,141.42999267578125,142.42999267578125,139.8000030517578,140.05999755859375,1364800,PNC
2020-12-09,116.86660766601562,143.27999877929688,143.82000732421875,141.49000549316406,142.66000366210938,2053900,PNC
2020-12-10,117.44571685791016,143.99000549316406,144.14999389648438,141.6699981689453,142.5,1635900,PNC
2020-12-11,117.17654418945312,143.66000366210938,143.75999450683594,139.3000030517578,142.94000244140625,1541100,PNC
2020-12-14,115.65126037597656,141.7899932861328,145.4199981689453,141.02999877929688,145.3699951171875,2210900,PNC
2020-12-15,116.76056671142578,143.14999389648438,143.64999389648438,141.07000732421875,142.63999938964844,2206500,PNC
2020-12-16,118.47341918945312,145.25,145.47999572753906,142.8800048828125,143.85000610351562,1767700,PNC
2020-12-17,118.28585815429688,145.02000427246094,145.69000244140625,143.5800018310547,144.97000122070312,1565800,PNC
2020-12-18,118.19610595703125,144.91000366210938,145.49000549316406,143.22999572753906,144.97999572753906,4523400,PNC
2020-12-21,117.94326782226562,144.60000610351562,147.22999572753906,142.66000366210938,146.0500030517578,2646500,PNC
2020-12-22,117.23362731933594,143.72999572753906,145.17999267578125,142.5,144.91000366210938,2197200,PNC
2020-12-23,119.65609741210938,146.6999969482422,147.6699981689453,144.16000366210938,144.7899932861328,1317100,PNC
2020-12-24,119.20751953125,146.14999389648438,146.69000244140625,144.6699981689453,146.42999267578125,518800,PNC
2020-12-28,119.52559661865234,146.5399932861328,148.3800048828125,145.85000610351562,147.02000427246094,1686800,PNC
2020-12-29,118.16346740722656,144.8699951171875,146.6699981689453,144.63999938964844,146.58999633789062,1015400,PNC
2020-12-30,119.81106567382812,146.88999938964844,147.33999633789062,145.0800018310547,145.47000122070312,1002600,PNC
2020-12-31,121.53211212158203,149.0,149.30999755859375,145.8300018310547,146.75,1353900,PNC
2021-01-04,121.6544418334961,149.14999389648438,149.75999450683594,146.0500030517578,149.67999267578125,2229500,PNC
2021-01-05,121.01009368896484,148.36000061035156,150.57000732421875,147.2899932861328,149.1999969482422,2907500,PNC
2021-01-06,127.65767669677734,156.50999450683594,158.25,152.14999389648438,152.30999755859375,3067000,PNC
2021-01-07,129.68865966796875,159.0,162.74000549316406,158.9499969482422,159.11000061035156,2520800,PNC
2021-01-08,129.0279541015625,158.19000244140625,159.22000122070312,156.10000610351562,158.47999572753906,1842300,PNC
2021-01-11,129.99856567382812,159.3800048828125,159.9600067138672,155.4600067138672,157.1999969482422,1978600,PNC
2021-01-12,131.91537475585938,161.72999572753906,162.64999389648438,159.5800018310547,161.0,2025100,PNC
2021-01-13,129.77020263671875,159.10000610351562,161.5,158.27999877929688,160.05999755859375,1986900,PNC
2021-01-14,131.72781372070312,161.5,162.07000732421875,159.5399932861328,160.11000061035156,2036900,PNC
2021-01-15,127.15201568603516,154.77999877929688,158.74000549316406,154.3699951171875,157.17999267578125,3289200,PNC
2021-01-19,128.1542510986328,156.0,156.52000427246094,154.2100067138672,155.75999450683594,2560800,PNC
2021-01-20,128.3677978515625,156.25999450683594,156.42999267578125,154.66000366210938,156.0,1635900,PNC
2021-01-21,126.256591796875,153.69000244140625,156.2899932861328,152.99000549316406,156.2899932861328,2286000,PNC
2021-01-22,125.33646392822266,152.57000732421875,153.05999755859375,151.3300018310547,151.47000122070312,1835400,PNC
2021-01-25,123.61133575439453,150.47000122070312,151.10000610351562,146.8699951171875,150.36000061035156,2043900,PNC
2021-01-26,121.63150787353516,148.05999755859375,151.6999969482422,147.82000732421875,151.3699951171875,1775500,PNC
2021-01-27,118.65768432617188,144.44000244140625,145.8300018310547,141.60000610351562,145.8300018310547,2958700,PNC
2021-01-28,121.40970611572266,147.7899932861328,148.77999877929688,145.47999572753906,146.75999450683594,1515900,PNC
2021-01-29,117.9018783569336,143.52000427246094,147.77000427246094,142.97999572753906,147.6699981689453,2686800,PNC
2021-02-01,119.82422637939453,145.86000061035156,146.3000030517578,143.69000244140625,144.74000549316406,1481900,PNC
2021-02-02,123.55381774902344,150.39999389648438,152.89999389648438,147.55999755859375,147.8300018310547,1778100,PNC
2021-02-03,125.03253173828125,152.1999969482422,152.5,149.89999389648438,149.9499969482422,1784200,PNC
2021-02-04,128.71287536621094,156.67999267578125,156.75999450683594,153.3300018310547,153.38999938964844,1569600,PNC
2021-02-05,128.9264678955078,156.94000244140625,158.5,155.8800048828125,158.02000427246094,1260300,PNC
2021-02-08,130.44619750976562,158.7899932861328,158.8300018310547,156.69000244140625,156.80999755859375,1310700,PNC
2021-02-09,129.91221618652344,158.13999938964844,158.66000366210938,156.6199951171875,157.97999572753906,1555700,PNC
2021-02-10,131.53060913085938,160.11000061035156,160.97999572753906,157.91000366210938,159.42999267578125,1628300,PNC
2021-02-11,130.87338256835938,159.30999755859375,161.3000030517578,157.7100067138672,159.82000732421875,1387500,PNC
2021-02-12,133.30506896972656,162.27000427246094,162.5,159.3300018310547,159.58999633789062,1230800,PNC
2021-02-16,139.58128356933594,169.91000366210938,171.0,162.75,163.52000427246094,2947500,PNC
2021-02-17,137.64259338378906,167.5500030517578,170.1199951171875,166.67999267578125,169.36000061035156,2224100,PNC
2021-02-18,137.1168212890625,166.91000366210938,167.4499969482422,164.4600067138672,166.2100067138672,1266800,PNC
2021-02-19,139.99208068847656,170.41000366210938,171.22000122070312,167.07000732421875,167.32000732421875,1380600,PNC
2021-02-22,140.0823974609375,170.52000427246094,172.00999450683594,169.60000610351562,169.97999572753906,1850600,PNC
2021-02-23,142.30050659179688,173.22000122070312,174.00999450683594,170.16000366210938,173.52000427246094,2449400,PNC
2021-02-24,146.62156677246094,178.47999572753906,179.36000061035156,173.6699981689453,173.6699981689453,2008300,PNC
2021-02-25,142.33334350585938,173.25999450683594,180.85000610351562,173.1999969482422,180.3000030517578,1793100,PNC
2021-02-26,138.30801391601562,168.36000061035156,172.6199951171875,168.27999877929688,172.1300048828125,2749400,PNC
2021-03-01,142.1772918701172,173.07000732421875,174.47999572753906,169.7100067138672,171.3699951171875,2142900,PNC
2021-03-02,142.1936798095703,173.08999633789062,177.80999755859375,171.85000610351562,173.22000122070312,1806800,PNC
2021-03-03,142.40728759765625,173.35000610351562,176.8699951171875,173.0,174.5399932861328,2099200,PNC
2021-03-04,141.77471923828125,172.5800018310547,174.8699951171875,169.0800018310547,173.13999938964844,2060900,PNC
2021-03-05,144.96217346191406,176.4600067138672,176.89999389648438,169.63999938964844,175.39999389648438,2086500,PNC
2021-03-08,146.90089416503906,178.82000732421875,181.35000610351562,177.0800018310547,177.74000549316406,2029300,PNC
2021-03-09,142.6372833251953,173.6300048828125,176.97999572753906,172.0399932861328,175.25999450683594,2345800,PNC
2021-03-10,146.04652404785156,177.77999877929688,178.3800048828125,173.14999389648438,173.5399932861328,1549300,PNC
2021-03-11,145.34825134277344,176.92999267578125,178.32000732421875,175.0399932861328,176.3699951171875,1298700,PNC
2021-03-12,149.02857971191406,181.41000366210938,181.52999877929688,178.92999267578125,179.9499969482422,1964900,PNC
2021-03-15,146.66262817382812,178.52999877929688,181.05999755859375,176.60000610351562,180.7899932861328,1851100,PNC
2021-03-16,145.06072998046875,176.5800018310547,176.89999389648438,173.74000549316406,176.60000610351562,1632400,PNC
2021-03-17,146.5805206298828,178.42999267578125,180.9600067138672,176.6199951171875,179.25,1460300,PNC
2021-03-18,147.7552490234375,179.86000061035156,184.3300018310547,178.99000549316406,180.8699951171875,1995300,PNC
2021-03-19,144.41171264648438,175.7899932861328,178.05999755859375,174.1699981689453,176.61000061035156,6435600,PNC
2021-03-22,140.657470703125,171.22000122070312,173.55999755859375,169.58999633789062,172.7100067138672,1971300,PNC
2021-03-23,139.16233825683594,169.39999389648438,172.3000030517578,168.44000244140625,169.69000244140625,1341900,PNC
2021-03-24,139.86061096191406,170.25,173.13999938964844,170.24000549316406,171.36000061035156,1476000,PNC
2021-03-25,145.40576171875,177.0,177.22999572753906,169.61000061035156,170.63999938964844,1999800,PNC
2021-03-26,147.60739135742188,179.67999267578125,180.30999755859375,177.10000610351562,179.22999572753906,2130200,PNC
2021-03-29,143.3437957763672,174.49000549316406,177.66000366210938,173.1999969482422,176.82000732421875,1935300,PNC
2021-03-30,145.91510009765625,177.6199951171875,179.07000732421875,175.77999877929688,176.0,1556600,PNC
2021-03-31,144.099609375,175.41000366210938,177.85000610351562,174.63999938964844,177.49000549316406,1970100,PNC
2021-04-01,145.74261474609375,177.41000366210938,177.49000549316406,174.3800048828125,174.4499969482422,1501800,PNC
2021-04-05,146.85159301757812,178.75999450683594,180.36000061035156,177.83999633789062,179.52999877929688,1866800,PNC
2021-04-06,145.734375,177.39999389648438,178.8300018310547,175.9600067138672,177.66000366210938,1833800,PNC
2021-04-07,146.43267822265625,178.25,179.64999389648438,176.61000061035156,178.3000030517578,1951400,PNC
2021-04-08,146.31764221191406,178.11000061035156,178.52000427246094,174.5,177.3300018310547,1195600,PNC
2021-04-09,148.0427703857422,180.2100067138672,180.36000061035156,178.3000030517578,179.75999450683594,1302300,PNC
2021-04-12,148.5356903076172,180.80999755859375,181.39999389648438,179.77000427246094,180.6300048828125,1326100,PNC
2021-04-13,145.91510009765625,177.6199951171875,179.8000030517578,177.11000061035156,179.7100067138672,1427700,PNC
2021-04-14,147.32809448242188,179.33999633789062,180.74000549316406,176.7100067138672,177.00999450683594,1936300,PNC
2021-04-15,144.5169677734375,174.7899932861328,178.5399932861328,172.1199951171875,178.3800048828125,3215500,PNC
2021-04-16,147.88209533691406,178.86000061035156,180.25,176.6199951171875,177.50999450683594,2503400,PNC
2021-04-19,146.93948364257812,177.72000122070312,180.77999877929688,176.94000244140625,179.35000610351562,1514700,PNC
2021-04-20,141.9869384765625,171.72999572753906,176.1999969482422,170.9600067138672,175.6199951171875,2268000,PNC
2021-04-21,144.7980499267578,175.1300048828125,175.24000549316406,170.13999938964844,171.02999877929688,1590300,PNC
2021-04-22,143.73147583007812,173.83999633789062,175.60000610351562,173.08999633789062,175.02999877929688,2151400,PNC
2021-04-23,147.20404052734375,178.0399932861328,179.13999938964844,173.52999877929688,174.30999755859375,2031300,PNC
2021-04-26,149.0230712890625,180.24000549316406,181.74000549316406,179.0,179.27000427246094,1620600,PNC
2021-04-27,151.7845458984375,183.5800018310547,183.8300018310547,179.5,179.5,1831400,PNC
2021-04-28,153.17355346679688,185.25999450683594,186.1300048828125,183.9499969482422,184.02000427246094,1612600,PNC
2021-04-29,156.4063720703125,189.1699981689453,189.42999267578125,187.08999633789062,187.49000549316406,1322900,PNC
2021-04-30,154.57086181640625,186.9499969482422,189.1199951171875,186.75,187.94000244140625,1347100,PNC
2021-05-03,155.53819274902344,188.1199951171875,189.25999450683594,186.72000122070312,188.6699981689453,1248700,PNC
2021-05-04,159.83758544921875,193.32000732421875,193.66000366210938,186.0800018310547,186.9600067138672,2734400,PNC
2021-05-05,160.90419006347656,194.61000061035156,196.5,191.44000244140625,193.66000366210938,1861400,PNC
2021-05-06,163.85586547851562,198.17999267578125,198.27999877929688,193.1300048828125,196.3699951171875,1642700,PNC
2021-05-07,164.45944213867188,198.91000366210938,199.19000244140625,193.94000244140625,194.27000427246094,1194000,PNC
2021-05-10,164.1700439453125,198.55999755859375,203.8800048828125,198.42999267578125,203.00999450683594,2007800,PNC
2021-05-11,160.43292236328125,194.0399932861328,200.47000122070312,193.22000122070312,197.77999877929688,2822300,PNC
2021-05-12,157.43161010742188,190.41000366210938,197.30999755859375,189.63999938964844,196.80999755859375,2321000,PNC
2021-05-13,162.0617218017578,196.00999450683594,197.50999450683594,189.7100067138672,189.8000030517578,1302400,PNC
2021-05-14,164.8480682373047,199.3800048828125,199.91000366210938,196.25,196.42999267578125,1071000,PNC
2021-05-17,164.5586700439453,199.02999877929688,199.94000244140625,197.41000366210938,198.24000549316406,1240500,PNC
2021-05-18,160.325439453125,193.91000366210938,200.14999389648438,193.77000427246094,199.67999267578125,2022200,PNC
2021-05-19,159.48208618164062,192.88999938964844,193.0,188.67999267578125,191.97000122070312,2594300,PNC
2021-05-20,157.96075439453125,191.0500030517578,193.3000030517578,189.8699951171875,192.99000549316406,1325700,PNC
2021-05-21,159.9698944091797,193.47999572753906,194.3000030517578,191.30999755859375,192.5800018310547,1356500,PNC
2021-05-24,160.39158630371094,193.99000549316406,194.86000061035156,192.88999938964844,194.44000244140625,901300,PNC
2021-05-25,158.4981689453125,191.6999969482422,196.10000610351562,191.4499969482422,194.74000549316406,1741500,PNC
2021-05-26,158.66354370117188,191.89999389648438,194.0,190.4499969482422,193.24000549316406,1687600,PNC
2021-05-27,160.49905395507812,194.1199951171875,195.5,192.5399932861328,194.69000244140625,2515300,PNC
2021-05-28,160.9620819091797,194.67999267578125,195.1999969482422,192.11000061035156,194.32000732421875,857100,PNC
2021-06-01,161.9046173095703,195.82000732421875,197.82000732421875,194.61000061035156,197.77000427246094,1494400,PNC
2021-06-02,161.57391357421875,195.4199981689453,196.8699951171875,193.88999938964844,196.69000244140625,1102600,PNC
2021-06-03,161.9542236328125,195.8800048828125,198.3800048828125,194.0399932861328,195.1999969482422,1329500,PNC
2021-06-04,160.3998565673828,194.0,196.22999572753906,193.30999755859375,195.80999755859375,1403900,PNC
2021-06-07,159.66397094726562,193.11000061035156,194.77000427246094,192.6999969482422,194.77000427246094,907800,PNC
2021-06-08,160.48252868652344,194.10000610351562,194.3000030517578,189.5500030517578,191.3000030517578,1524100,PNC
2021-06-09,157.74578857421875,190.7899932861328,193.05999755859375,190.61000061035156,192.58999633789062,1309500,PNC
2021-06-10,156.0591278076172,188.75,193.60000610351562,188.6699981689453,193.47999572753906,1236100,PNC
2021-06-11,156.4311981201172,189.1999969482422,190.5,187.7899932861328,189.27999877929688,1317100,PNC
2021-06-14,154.70315551757812,187.11000061035156,189.07000732421875,185.88999938964844,188.9199981689453,1718500,PNC
2021-06-15,156.48910522460938,189.27000427246094,190.07000732421875,186.75999450683594,187.1999969482422,1594500,PNC
2021-06-16,157.18356323242188,190.11000061035156,191.5399932861328,186.1300048828125,188.36000061035156,1715600,PNC
2021-06-17,150.85028076171875,182.4499969482422,192.0399932861328,181.72999572753906,192.0399932861328,2544000,PNC
2021-06-18,147.44383239746094,178.3300018310547,180.63999938964844,177.69000244140625,180.63999938964844,3944200,PNC
2021-06-21,152.25582885742188,184.14999389648438,184.35000610351562,179.74000549316406,180.44000244140625,1386300,PNC
2021-06-22,152.0574188232422,183.91000366210938,185.13999938964844,181.6699981689453,183.6300048828125,1415300,PNC
2021-06-23,153.06610107421875,185.1300048828125,186.38999938964844,184.10000610351562,184.5,1017300,PNC
2021-06-24,156.41465759277344,189.17999267578125,189.6699981689453,185.0399932861328,186.5,1690900,PNC
2021-06-25,159.87069702148438,193.36000061035156,193.66000366210938,188.89999389648438,190.02999877929688,1814700,PNC
2021-06-28,158.41552734375,191.60000610351562,192.41000366210938,189.91000366210938,192.41000366210938,1681900,PNC
2021-06-29,157.48123168945312,190.47000122070312,194.49000549316406,189.47000122070312,192.97999572753906,1689700,PNC
2021-06-30,157.72096252441406,190.75999450683594,191.41000366210938,189.55999755859375,189.5800018310547,1291400,PNC
2021-07-01,158.5312957763672,191.74000549316406,192.44000244140625,190.38999938964844,191.47000122070312,1045400,PNC
2021-07-02,159.3993682861328,192.7899932861328,193.5500030517578,191.05999755859375,193.47000122070312,1599200,PNC
2021-07-06,155.4059295654297,187.9600067138672,192.44000244140625,185.6699981689453,190.82000732421875,2147100,PNC
2021-07-07,154.26495361328125,186.5800018310547,188.4199981689453,185.5399932861328,186.0,1108900,PNC
2021-07-08,151.49517822265625,183.22999572753906,184.8800048828125,181.67999267578125,183.61000061035156,2887000,PNC
2021-07-09,156.81976318359375,189.6699981689453,190.02000427246094,185.97000122070312,186.75,1744000,PNC
2021-07-12,158.6718292236328,191.91000366210938,192.35000610351562,185.8699951171875,187.67999267578125,1778600,PNC
2021-07-13,156.49732971191406,189.27999877929688,191.27000427246094,187.97999572753906,190.6699981689453,1551500,PNC
2021-07-14,155.7201385498047,188.33999633789062,191.4499969482422,185.49000549316406,186.39999389648438,2564700,PNC
2021-07-15,157.72601318359375,189.5,191.77999877929688,185.75999450683594,186.4600067138672,2042700,PNC
2021-07-16,152.67381286621094,183.42999267578125,190.3699951171875,182.80999755859375,190.1300048828125,1445300,PNC
2021-07-19,147.98779296875,177.8000030517578,180.94000244140625,176.42999267578125,179.1999969482422,1653300,PNC
2021-07-20,151.150634765625,181.60000610351562,183.47000122070312,177.2100067138672,177.86000061035156,1722600,PNC
2021-07-21,153.87234497070312,184.8699951171875,186.25,183.5399932861328,183.6699981689453,1440700,PNC
2021-07-22,151.2505340576172,181.72000122070312,184.9600067138672,180.6699981689453,184.5,1931300,PNC
2021-07-23,152.3325653076172,183.02000427246094,185.19000244140625,181.97999572753906,183.10000610351562,1019500,PNC
2021-07-26,153.5810546875,184.52000427246094,185.50999450683594,183.0,183.64999389648438,873800,PNC
2021-07-27,153.37295532226562,184.27000427246094,185.0,180.8699951171875,182.08999633789062,893200,PNC
2021-07-28,152.9484405517578,183.75999450683594,185.55999755859375,182.2899932861328,185.0,814500,PNC
2021-07-29,154.1137237548828,185.16000366210938,186.13999938964844,183.47999572753906,185.6699981689453,825300,PNC
2021-07-30,151.82484436035156,182.41000366210938,186.39999389648438,181.7100067138672,184.49000549316406,1020400,PNC
2021-08-02,151.3004608154297,181.77999877929688,186.6999969482422,181.30999755859375,183.52999877929688,1025900,PNC
2021-08-03,155.09588623046875,186.33999633789062,187.32000732421875,180.42999267578125,183.50999450683594,1552800,PNC
2021-08-04,153.9972381591797,185.02000427246094,187.2100067138672,183.5,184.0399932861328,1008600,PNC
2021-08-05,155.37890625,186.67999267578125,188.19000244140625,185.75,186.9499969482422,1082500,PNC
2021-08-06,158.36691284179688,190.27000427246094,192.02999877929688,188.97000122070312,189.35000610351562,1248000,PNC
2021-08-09,158.1505126953125,190.00999450683594,191.77999877929688,188.1999969482422,189.58999633789062,986900,PNC
2021-08-10,159.55715942382812,191.6999969482422,193.75,188.85000610351562,188.85000610351562,1618900,PNC
2021-08-11,161.3883056640625,193.89999389648438,193.9499969482422,190.25999450683594,192.5,3874400,PNC
2021-08-12,160.9720916748047,193.39999389648438,195.3300018310547,192.9600067138672,193.92999267578125,1580700,PNC
2021-08-13,158.45849609375,190.3800048828125,194.35000610351562,189.83999633789062,193.82000732421875,1560900,PNC
2021-08-16,157.85086059570312,189.64999389648438,189.7899932861328,186.42999267578125,188.9600067138672,1484500,PNC
2021-08-17,156.26947021484375,187.75,189.6199951171875,184.94000244140625,188.2100067138672,1096500,PNC
2021-08-18,154.4466552734375,185.55999755859375,189.24000549316406,185.41000366210938,186.36000061035156,967000,PNC
2021-08-19,153.4312286376953,184.33999633789062,186.0800018310547,183.0399932861328,183.64999389648438,1412300,PNC
2021-08-20,154.66307067871094,185.82000732421875,186.50999450683594,183.5800018310547,184.13999938964844,1400000,PNC
2021-08-23,155.8699493408203,187.27000427246094,188.64999389648438,186.8300018310547,187.0,1148000,PNC
2021-08-24,156.8770751953125,188.47999572753906,189.19000244140625,187.11000061035156,187.13999938964844,1401400,PNC
2021-08-25,159.9150848388672,192.1300048828125,193.42999267578125,188.4499969482422,189.42999267578125,1637100,PNC
2021-08-26,158.9745330810547,191.0,193.89999389648438,190.6300048828125,193.1199951171875,1002000,PNC
2021-08-27,161.89596557617188,194.50999450683594,194.74000549316406,191.1199951171875,191.5,1337200,PNC
2021-08-30,158.64990234375,190.61000061035156,195.0,190.10000610351562,195.0,1714800,PNC
2021-08-31,159.0577850341797,191.10000610351562,192.33999633789062,189.66000366210938,191.0,2229900,PNC
2021-09-01,157.70938110351562,189.47999572753906,191.75,188.17999267578125,191.75,1792500,PNC
2021-09-02,159.5655059814453,191.7100067138672,192.49000549316406,189.22000122070312,189.44000244140625,1719800,PNC
2021-09-03,159.40733337402344,191.52000427246094,192.85000610351562,190.6300048828125,191.77000427246094,1529200,PNC
2021-09-07,159.98165893554688,192.2100067138672,194.72999572753906,191.9199981689453,192.39999389648438,2196800,PNC
2021-09-08,159.5738067626953,191.72000122070312,192.24000549316406,190.4199981689453,191.52999877929688,1822600,PNC
2021-09-09,160.0399169921875,192.27999877929688,194.5399932861328,191.17999267578125,191.47000122070312,1577800,PNC
2021-09-10,159.52386474609375,191.66000366210938,193.85000610351562,191.3300018310547,193.85000610351562,1358300,PNC
2021-09-13,161.85440063476562,194.4600067138672,195.72000122070312,192.66000366210938,193.83999633789062,1295000,PNC
2021-09-14,156.76885986328125,188.35000610351562,196.05999755859375,186.02000427246094,195.02000427246094,3781900,PNC
2021-09-15,158.29200744628906,190.17999267578125,191.32000732421875,187.42999267578125,187.42999267578125,1613400,PNC
2021-09-16,158.05892944335938,189.89999389648438,192.86000061035156,189.13999938964844,191.61000061035156,985400,PNC
2021-09-17,157.24327087402344,188.9199981689453,191.3699951171875,188.30999755859375,189.89999389648438,2850400,PNC
2021-09-20,153.70591735839844,184.6699981689453,185.0399932861328,181.67999267578125,183.72999572753906,2406200,PNC
2021-09-21,153.12330627441406,183.97000122070312,186.8300018310547,183.9499969482422,185.60000610351562,1242700,PNC
2021-09-22,156.202880859375,187.6699981689453,188.97999572753906,185.89999389648438,185.9499969482422,1309200,PNC
2021-09-23,161.14691162109375,193.61000061035156,195.0,189.44000244140625,189.44000244140625,1312200,PNC
2021-09-24,161.88768005371094,194.5,196.25,193.50999450683594,193.61000061035156,1195400,PNC
2021-09-27,166.6319580078125,200.1999969482422,200.4600067138672,197.25,197.6300048828125,1696900,PNC
2021-09-28,164.56776428222656,197.72000122070312,202.17999267578125,197.05999755859375,200.66000366210938,1973900,PNC
2021-09-29,164.33474731445312,197.44000244140625,199.0500030517578,196.89999389648438,198.52999877929688,1955400,PNC
2021-09-30,162.83653259277344,195.63999938964844,198.91000366210938,195.4499969482422,198.88999938964844,1455300,PNC
2021-10-01,165.058837890625,198.30999755859375,199.9600067138672,193.94000244140625,194.52999877929688,1501400,PNC
2021-10-04,164.87574768066406,198.08999633789062,200.97999572753906,196.42999267578125,197.80999755859375,1334900,PNC
2021-10-05,166.8733367919922,200.49000549316406,202.16000366210938,198.16000366210938,199.47000122070312,1924900,PNC
2021-10-06,167.14796447753906,200.82000732421875,201.0,196.8000030517578,199.52000427246094,1428500,PNC
2021-10-07,167.96368408203125,201.8000030517578,203.6300048828125,201.17999267578125,202.77999877929688,1570600,PNC
2021-10-08,168.76268005371094,202.75999450683594,203.8699951171875,200.7100067138672,201.5500030517578,1021400,PNC
2021-10-11,167.33938598632812,201.0500030517578,204.92999267578125,200.92999267578125,203.69000244140625,1420100,PNC
2021-10-12,169.21214294433594,203.3000030517578,203.89999389648438,200.02000427246094,200.38999938964844,1864600,PNC
2021-10-13,167.93032836914062,201.75999450683594,202.88999938964844,198.25,202.63999938964844,1353700,PNC
2021-10-14,169.5970458984375,202.5,203.22000122070312,200.25999450683594,202.97999572753906,1875100,PNC
2021-10-15,166.77456665039062,199.1300048828125,202.1999969482422,195.3800048828125,195.6199951171875,3557600,PNC
2021-10-18,168.2067413330078,200.83999633789062,200.88999938964844,197.6199951171875,197.67999267578125,2134400,PNC
2021-10-19,173.2234649658203,206.8300018310547,206.8699951171875,201.25999450683594,201.89999389648438,1955400,PNC
2021-10-20,178.2234649658203,212.8000030517578,213.00999450683594,205.5500030517578,206.82000732421875,2352100,PNC
2021-10-21,178.16481018066406,212.72999572753906,213.5,210.58999633789062,212.72000122070312,1490400,PNC
2021-10-22,180.9705047607422,216.0800018310547,217.60000610351562,213.86000061035156,213.86000061035156,1890900,PNC
2021-10-25,181.37252807617188,216.55999755859375,217.0,215.50999450683594,216.9199981689453,2124100,PNC
2021-10-26,180.96212768554688,216.07000732421875,217.22000122070312,215.3699951171875,216.7100067138672,1281400,PNC
2021-10-27,178.3155975341797,212.91000366210938,216.49000549316406,212.77000427246094,215.0399932861328,1512500,PNC
2021-10-28,178.4328155517578,213.0500030517578,214.99000549316406,212.3300018310547,213.97999572753906,1440300,PNC
2021-10-29,176.74102783203125,211.02999877929688,214.5,210.41000366210938,213.9600067138672,1776700,PNC
2021-11-01,176.41441345214844,210.63999938964844,213.50999450683594,209.75,212.97000122070312,1247400,PNC
2021-11-02,175.962158203125,210.10000610351562,210.5500030517578,208.89999389648438,209.88999938964844,1627000,PNC
2021-11-03,178.1396942138672,212.6999969482422,213.5800018310547,208.72999572753906,209.17999267578125,1439300,PNC
2021-11-04,173.96051025390625,207.7100067138672,211.86000061035156,206.0,211.86000061035156,1440800,PNC
2021-11-05,173.44960021972656,207.10000610351562,211.14999389648438,205.72000122070312,209.52000427246094,1157700,PNC
2021-11-08,174.34576416015625,208.1699981689453,209.14999389648438,206.6300048828125,208.22999572753906,943100,PNC
2021-11-09,173.39935302734375,207.0399932861328,207.97000122070312,205.2100067138672,206.1300048828125,1129500,PNC
2021-11-10,172.03419494628906,205.41000366210938,208.25999450683594,205.14999389648438,207.55999755859375,1513600,PNC
2021-11-11,172.19332885742188,205.60000610351562,206.82000732421875,205.02999877929688,205.5500030517578,1063600,PNC
2021-11-12,170.52667236328125,203.61000061035156,205.6300048828125,202.1999969482422,205.42999267578125,1490700,PNC
2021-11-15,171.5400390625,204.82000732421875,205.22000122070312,203.22999572753906,204.58999633789062,1433700,PNC
2021-11-16,172.13470458984375,205.52999877929688,206.52000427246094,203.77999877929688,204.99000549316406,1210000,PNC
2021-11-17,169.5635223388672,202.4600067138672,205.38999938964844,201.44000244140625,205.08999633789062,1213800,PNC
2021-11-18,168.26539611816406,200.91000366210938,204.0800018310547,200.5800018310547,202.3000030517578,1283100,PNC
2021-11-19,166.96725463867188,199.36000061035156,199.7899932861328,195.77999877929688,198.89999389648438,1858100,PNC
2021-11-22,170.97891235351562,204.14999389648438,206.5,200.7899932861328,202.75999450683594,1746500,PNC
2021-11-23,175.11627197265625,209.08999633789062,209.22000122070312,205.0,205.8800048828125,1658100,PNC
2021-11-24,174.73101806640625,208.6300048828125,210.24000549316406,207.25,208.3000030517578,1433700,PNC
2021-11-26,167.58702087402344,200.10000610351562,201.8699951171875,196.8800048828125,201.39999389648438,1459000,PNC
2021-11-29,168.24026489257812,200.8800048828125,204.16000366210938,199.57000732421875,203.83999633789062,2668700,PNC
2021-11-30,164.99069213867188,197.0,200.25999450683594,196.05999755859375,198.7100067138672,3748200,PNC
2021-12-01,163.69253540039062,195.4499969482422,202.3800048828125,195.32000732421875,202.02000427246094,1653700,PNC
2021-12-02,169.0526580810547,201.85000610351562,203.30999755859375,197.00999450683594,197.75,1578200,PNC
2021-12-03,165.60208129882812,197.72999572753906,202.14999389648438,196.07000732421875,201.86000061035156,1642400,PNC
2021-12-06,167.4697265625,199.9600067138672,202.75,198.02999877929688,199.75,1412300,PNC
2021-12-07,170.2670440673828,203.3000030517578,204.44000244140625,201.0399932861328,201.63999938964844,1339200,PNC
2021-12-08,169.253662109375,202.08999633789062,204.3699951171875,200.49000549316406,203.5,1355800,PNC
2021-12-09,168.11459350585938,200.72999572753906,202.6699981689453,199.75,200.88999938964844,1231000,PNC
2021-12-10,168.8097686767578,201.55999755859375,204.83999633789062,199.60000610351562,203.97000122070312,1237600,PNC
2021-12-13,164.32908630371094,196.2100067138672,200.19000244140625,195.94000244140625,200.14999389648438,1901800,PNC
2021-12-14,166.50660705566406,198.80999755859375,201.27000427246094,196.66000366210938,196.85000610351562,1601000,PNC
2021-12-15,165.89520263671875,198.0800018310547,200.38999938964844,196.0800018310547,199.97999572753906,1397700,PNC
2021-12-16,169.00241088867188,201.7899932861328,204.88999938964844,199.91000366210938,201.05999755859375,1244300,PNC
2021-12-17,165.19168090820312,197.24000549316406,201.5800018310547,195.0399932861328,201.50999450683594,3511700,PNC
2021-12-20,161.2637481689453,192.5500030517578,194.38999938964844,189.25999450683594,194.3699951171875,2411600,PNC
2021-12-21,164.8817901611328,196.8699951171875,198.6999969482422,194.25999450683594,194.41000366210938,2352100,PNC
2021-12-22,165.09117126464844,197.1199951171875,197.83999633789062,195.8000030517578,196.60000610351562,922800,PNC
2021-12-23,165.7695770263672,197.92999267578125,200.77000427246094,197.8699951171875,198.80999755859375,707800,PNC
2021-12-27,168.3994140625,201.07000732421875,201.32000732421875,197.89999389648438,198.80999755859375,977600,PNC
2021-12-28,168.4831085205078,201.1699981689453,202.67999267578125,200.19000244140625,200.3000030517578,669700,PNC
2021-12-29,168.54177856445312,201.24000549316406,202.4199981689453,200.41000366210938,201.74000549316406,684100,PNC
2021-12-30,168.34071350097656,201.0,203.1699981689453,200.8300018310547,201.88999938964844,689500,PNC
2021-12-31,167.9387664794922,200.52000427246094,201.89999389648438,200.33999633789062,200.42999267578125,925200,PNC
2022-01-03,174.38763427734375,208.22000122070312,208.52000427246094,203.00999450683594,204.60000610351562,2199500,PNC
2022-01-04,180.81138610839844,215.88999938964844,218.83999633789062,210.17999267578125,210.17999267578125,2491200,PNC
2022-01-05,177.8800506591797,212.38999938964844,218.36000061035156,212.22999572753906,216.74000549316406,2771900,PNC
2022-01-06,184.73094177246094,220.57000732421875,220.69000244140625,214.75,218.33999633789062,2970700,PNC
2022-01-07,187.3775177001953,223.72999572753906,224.52000427246094,220.07000732421875,220.52000427246094,2173600,PNC
2022-01-10,186.30548095703125,222.4499969482422,226.38999938964844,220.8699951171875,226.3800048828125,2420100,PNC
2022-01-11,187.46963500976562,223.83999633789062,224.52999877929688,220.55999755859375,223.44000244140625,2403000,PNC
2022-01-12,188.38250732421875,224.92999267578125,226.52000427246094,222.19000244140625,225.0,1464500,PNC
2022-01-13,189.65557861328125,226.4499969482422,228.13999938964844,225.6999969482422,225.6999969482422,1925600,PNC
2022-01-14,187.1290283203125,222.1999969482422,224.57000732421875,220.07000732421875,221.3699951171875,3764400,PNC
2022-01-18,182.64871215820312,216.8800048828125,224.0800018310547,215.5399932861328,223.02000427246094,3205300,PNC
2022-01-19,175.6082305908203,208.52000427246094,219.0,208.39999389648438,219.0,2336800,PNC
2022-01-20,174.24392700195312,206.89999389648438,211.72000122070312,206.38999938964844,208.0,2401300,PNC
2022-01-21,169.24148559570312,200.9600067138672,206.41000366210938,199.41000366210938,206.19000244140625,3015400,PNC
2022-01-24,171.894287109375,204.11000061035156,204.86000061035156,194.47000122070312,196.5500030517578,3535500,PNC
2022-01-25,171.97006225585938,204.1999969482422,206.27999877929688,199.0800018310547,202.35000610351562,1697100,PNC
2022-01-26,173.494384765625,206.00999450683594,208.9199981689453,202.75,206.82000732421875,1641000,PNC
2022-01-27,172.61013793945312,204.9600067138672,210.4199981689453,202.67999267578125,208.6699981689453,1875200,PNC
2022-01-28,175.3555908203125,208.22000122070312,208.41000366210938,202.72000122070312,204.11000061035156,1798400,PNC
2022-01-31,173.4775390625,205.99000549316406,207.5800018310547,203.41000366210938,205.9199981689453,2235200,PNC
2022-02-01,176.63568115234375,209.74000549316406,209.97999572753906,204.44000244140625,205.8300018310547,2392700,PNC
2022-02-02,177.58731079101562,210.8699951171875,211.4199981689453,207.25999450683594,209.24000549316406,1568700,PNC
2022-02-03,175.17869567871094,208.00999450683594,212.57000732421875,207.75999450683594,211.75999450683594,1544300,PNC
2022-02-04,177.1494140625,210.35000610351562,212.14999389648438,208.92999267578125,209.2899932861328,2020700,PNC
2022-02-07,176.60198974609375,209.6999969482422,211.92999267578125,209.50999450683594,211.16000366210938,2383200,PNC
2022-02-08,177.99998474121094,211.36000061035156,213.17999267578125,210.5,212.13999938964844,3086100,PNC
2022-02-09,177.49465942382812,210.75999450683594,212.67999267578125,209.97999572753906,212.22999572753906,2129500,PNC
2022-02-10,177.3852081298828,210.6300048828125,214.5,209.7899932861328,210.63999938964844,1894100,PNC
2022-02-11,174.6313018798828,207.36000061035156,212.75,206.16000366210938,209.02000427246094,2302000,PNC
2022-02-14,172.2816925048828,204.57000732421875,208.94000244140625,201.99000549316406,208.36000061035156,3427000,PNC
2022-02-15,174.48814392089844,207.19000244140625,208.22000122070312,205.6199951171875,207.02000427246094,3863900,PNC
2022-02-16,175.66717529296875,208.58999633789062,209.91000366210938,205.83999633789062,205.83999633789062,1569900,PNC
2022-02-17,169.52781677246094,201.3000030517578,206.99000549316406,201.1199951171875,206.4600067138672,1884500,PNC
2022-02-18,169.41830444335938,201.1699981689453,203.9199981689453,200.47000122070312,200.49000549316406,1636300,PNC
2022-02-22,171.02684020996094,203.0800018310547,205.74000549316406,200.57000732421875,201.94000244140625,2659400,PNC
2022-02-23,167.59922790527344,199.00999450683594,205.6999969482422,198.0399932861328,203.5,2035400,PNC
2022-02-24,164.73587036132812,195.61000061035156,196.08999633789062,189.63999938964844,192.0,2833100,PNC
2022-02-25,170.68157958984375,202.6699981689453,203.66000366210938,197.1300048828125,197.5800018310547,2031400,PNC
2022-02-28,167.80137634277344,199.25,199.5800018310547,196.2899932861328,196.52999877929688,2555900,PNC
2022-03-01,157.6448516845703,187.19000244140625,198.39999389648438,186.55999755859375,197.58999633789062,3781400,PNC
2022-03-02,163.12733459472656,193.6999969482422,195.11000061035156,189.4600067138672,190.0,2303800,PNC
2022-03-03,161.35037231445312,191.58999633789062,195.32000732421875,190.61000061035156,193.5,2762400,PNC
2022-03-04,155.69102478027344,184.8699951171875,187.5399932861328,182.11000061035156,186.57000732421875,2823800,PNC
2022-03-07,150.49485778808594,178.6999969482422,184.61000061035156,178.6699981689453,183.67999267578125,3215800,PNC
2022-03-08,152.93714904785156,181.60000610351562,187.0,180.0,182.3300018310547,3016500,PNC
2022-03-09,157.2742919921875,186.75,190.14999389648438,185.85000610351562,188.60000610351562,1699700,PNC
2022-03-10,155.7667999267578,184.9600067138672,185.5500030517578,182.10000610351562,184.0800018310547,2314900,PNC
2022-03-11,153.40036010742188,182.14999389648438,188.25999450683594,181.88999938964844,186.1300048828125,2342800,PNC
2022-03-14,154.41937255859375,183.36000061035156,186.52000427246094,182.19000244140625,183.7899932861328,2421300,PNC
2022-03-15,156.0026397705078,185.24000549316406,186.27000427246094,182.47999572753906,185.3699951171875,2114800,PNC
2022-03-16,162.0240936279297,192.38999938964844,192.83999633789062,187.41000366210938,188.39999389648438,2057600,PNC
2022-03-17,162.59678649902344,193.07000732421875,193.08999633789062,187.32000732421875,189.25,2195400,PNC
2022-03-18,162.51258850097656,192.97000122070312,195.0,188.97000122070312,194.9199981689453,5386000,PNC
2022-03-21,162.54624938964844,193.00999450683594,195.42999267578125,190.72999572753906,194.92999267578125,1859600,PNC
2022-03-22,166.21807861328125,197.3699951171875,199.42999267578125,195.3800048828125,196.27000427246094,1958100,PNC
2022-03-23,162.25991821289062,192.6699981689453,197.1999969482422,192.61000061035156,194.88999938964844,1535600,PNC
2022-03-24,162.74838256835938,193.25,194.66000366210938,192.05999755859375,193.92999267578125,1585500,PNC
2022-03-25,165.46014404296875,196.47000122070312,197.39999389648438,193.25999450683594,193.64999389648438,1607800,PNC
2022-03-28,163.97793579101562,194.7100067138672,195.10000610351562,191.55999755859375,194.74000549316406,1789900,PNC
2022-03-29,163.4305419921875,194.05999755859375,198.97999572753906,193.38999938964844,197.89999389648438,1440600,PNC
2022-03-30,160.62611389160156,190.72999572753906,194.38999938964844,189.2100067138672,194.0399932861328,1980600,PNC
2022-03-31,155.3373260498047,184.4499969482422,191.77999877929688,184.33999633789062,190.16000366210938,3301400,PNC
2022-04-01,152.54977416992188,181.13999938964844,185.88999938964844,180.2100067138672,184.24000549316406,2485100,PNC
2022-04-04,153.95616149902344,182.80999755859375,184.66000366210938,177.52999877929688,180.22999572753906,2663500,PNC
2022-04-05,153.6024627685547,182.38999938964844,185.22999572753906,181.2100067138672,181.61000061035156,1710500,PNC
2022-04-06,152.39816284179688,180.9600067138672,182.47000122070312,180.14999389648438,180.8300018310547,1904000,PNC
2022-04-07,152.75189208984375,181.3800048828125,182.5500030517578,177.32000732421875,181.0500030517578,2303200,PNC
2022-04-08,155.54786682128906,184.6999969482422,185.16000366210938,181.94000244140625,183.1999969482422,2694700,PNC
2022-04-11,154.9414825439453,183.97999572753906,188.58999633789062,183.6699981689453,184.57000732421875,2588600,PNC
2022-04-12,152.62347412109375,179.75,184.02999877929688,178.55999755859375,182.25,1825800,PNC
2022-04-13,151.51121520996094,178.44000244140625,180.14999389648438,176.97000122070312,177.75,2422800,PNC
2022-04-14,148.59033203125,175.0,180.72000122070312,174.25999450683594,178.8699951171875,3475000,PNC
2022-04-18,149.2271270751953,175.75,177.30999755859375,173.9499969482422,173.9499969482422,2962400,PNC
2022-04-19,151.18002319335938,178.0500030517578,178.6199951171875,175.97999572753906,176.80999755859375,3328200,PNC
2022-04-20,152.5301055908203,179.63999938964844,183.19000244140625,179.50999450683594,180.38999938964844,2149700,PNC
2022-04-21,150.78102111816406,177.5800018310547,183.11000061035156,176.9199981689453,180.9499969482422,2367600,PNC
2022-04-22,147.10446166992188,173.25,178.3300018310547,173.07000732421875,177.91000366210938,3203200,PNC
2022-04-25,146.46763610839844,172.5,172.77000427246094,168.02999877929688,171.83999633789062,3113700,PNC
2022-04-26,143.8863983154297,169.4600067138672,172.5399932861328,168.9600067138672,170.13999938964844,2489400,PNC
2022-04-27,144.70999145507812,170.42999267578125,171.74000549316406,168.0500030517578,168.82000732421875,2405500,PNC
2022-04-28,145.26190185546875,171.0800018310547,171.9499969482422,168.3300018310547,171.8000030517578,2930400,PNC
2022-04-29,141.03343200683594,166.10000610351562,172.14999389648438,165.58999633789062,170.6999969482422,3452800,PNC
2022-05-02,142.2561492919922,167.5399932861328,169.10000610351562,164.10000610351562,168.39999389648438,2395000,PNC
2022-05-03,144.0561981201172,169.66000366210938,171.60000610351562,168.02999877929688,169.1199951171875,2250100,PNC
2022-05-04,147.5034942626953,173.72000122070312,174.27999877929688,168.52000427246094,169.52000427246094,2186500,PNC
2022-05-05,143.3854217529297,168.8699951171875,171.7899932861328,166.3300018310547,171.47000122070312,1881600,PNC
2022-05-06,141.4749755859375,166.6199951171875,168.8300018310547,164.58999633789062,168.4600067138672,2342000,PNC
2022-05-09,138.97018432617188,163.6699981689453,165.6199951171875,162.6999969482422,164.57000732421875,2050500,PNC
2022-05-10,137.4163360595703,161.83999633789062,166.22999572753906,159.6199951171875,164.7100067138672,2005600,PNC
2022-05-11,135.7096710205078,159.8300018310547,166.5500030517578,159.64999389648438,162.5399932861328,1756100,PNC
2022-05-12,135.2596893310547,159.3000030517578,160.52000427246094,156.1999969482422,158.8800048828125,2030600,PNC
2022-05-13,133.68032836914062,157.44000244140625,161.4499969482422,156.75,161.0500030517578,2162100,PNC
2022-05-16,131.83786010742188,155.27000427246094,157.75,153.1300048828125,157.0800018310547,2598500,PNC
2022-05-17,136.21913146972656,160.42999267578125,161.22999572753906,157.6699981689453,158.17999267578125,1846300,PNC
2022-05-18,132.39820861816406,155.92999267578125,159.52999877929688,155.35000610351562,159.11000061035156,1905200,PNC
2022-05-19,131.3963165283203,154.75,156.10000610351562,152.69000244140625,154.13999938964844,2049800,PNC
2022-05-20,132.440673828125,155.97999572753906,157.16000366210938,152.35000610351562,155.57000732421875,2014500,PNC
2022-05-23,137.696533203125,162.1699981689453,163.6199951171875,158.50999450683594,158.82000732421875,2047500,PNC
2022-05-24,138.62203979492188,163.25999450683594,163.82000732421875,158.7100067138672,161.6999969482422,2218600,PNC
2022-05-25,142.33255004882812,167.6300048828125,169.16000366210938,162.8300018310547,162.86000061035156,2814400,PNC
2022-05-26,146.8496856689453,172.9499969482422,174.35000610351562,168.47000122070312,168.89999389648438,2648800,PNC
2022-05-27,148.63278198242188,175.0500030517578,175.05999755859375,172.55999755859375,172.75999450683594,1651800,PNC
2022-05-31,148.93844604492188,175.41000366210938,176.47000122070312,172.17999267578125,172.52999877929688,2995500,PNC
2022-06-01,146.4166717529297,172.44000244140625,176.0,170.13999938964844,175.83999633789062,1325900,PNC
2022-06-02,149.02333068847656,175.50999450683594,175.55999755859375,170.9600067138672,172.41000366210938,1418000,PNC
2022-06-03,147.14688110351562,173.3000030517578,175.25,172.80999755859375,173.5800018310547,1267300,PNC
2022-06-06,146.9600830078125,173.0800018310547,176.3300018310547,172.82000732421875,174.99000549316406,924700,PNC
2022-06-07,147.06195068359375,173.1999969482422,173.35000610351562,170.72000122070312,170.82000732421875,1221100,PNC
2022-06-08,144.25999450683594,169.89999389648438,171.7100067138672,168.88999938964844,171.7100067138672,1112800,PNC
2022-06-09,138.40127563476562,163.0,169.49000549316406,162.94000244140625,169.14999389648438,2103200,PNC
2022-06-10,134.43603515625,158.3300018310547,161.6999969482422,157.41000366210938,158.8699951171875,2252200,PNC
2022-06-13,132.05859375,155.52999877929688,158.67999267578125,154.05999755859375,154.38999938964844,2955300,PNC
2022-06-14,132.1690216064453,155.66000366210938,159.41000366210938,154.27999877929688,156.1300048828125,1932600,PNC
2022-06-15,132.8906707763672,156.50999450683594,159.02000427246094,154.55999755859375,156.67999267578125,1918100,PNC
2022-06-16,128.61978149414062,151.47999572753906,153.92999267578125,150.6699981689453,153.74000549316406,3403800,PNC
2022-06-17,130.83590698242188,154.08999633789062,155.4600067138672,149.50999450683594,150.0,6732300,PNC
2022-06-21,132.8737335205078,156.49000549316406,158.6999969482422,155.47000122070312,157.6199951171875,2184600,PNC
2022-06-22,132.97560119628906,156.61000061035156,158.0399932861328,154.8000030517578,154.89999389648438,1868500,PNC
2022-06-23,132.28787231445312,155.8000030517578,156.47000122070312,153.16000366210938,155.6300048828125,2157500,PNC
2022-06-24,138.26544189453125,162.83999633789062,162.9499969482422,156.52000427246094,156.91000366210938,3039200,PNC
2022-06-27,137.08517456054688,161.4499969482422,164.4499969482422,160.4600067138672,164.0,1462800,PNC
2022-06-28,135.64175415039062,159.75,164.9499969482422,159.72999572753906,162.57000732421875,1577500,PNC
2022-06-29,133.62094116210938,157.3699951171875,160.25,157.07000732421875,160.25,1132800,PNC
2022-06-30,133.9605255126953,157.77000427246094,159.4600067138672,152.5399932861328,154.02999877929688,2296100,PNC
2022-07-01,136.9578399658203,161.3000030517578,161.50999450683594,155.1999969482422,157.27000427246094,2165200,PNC
2022-07-05,136.77951049804688,161.08999633789062,161.14999389648438,155.67999267578125,158.0,1936100,PNC
2022-07-06,135.8795166015625,160.02999877929688,161.47999572753906,158.52999877929688,160.08999633789062,1692900,PNC
2022-07-07,137.81541442871094,162.30999755859375,162.94000244140625,160.5,161.08999633789062,1561100,PNC
2022-07-08,137.02574157714844,161.3800048828125,163.67999267578125,160.5399932861328,162.97999572753906,1456700,PNC
2022-07-11,136.0408172607422,160.22000122070312,161.5800018310547,158.88999938964844,160.9499969482422,1776000,PNC
2022-07-12,134.6437225341797,157.08999633789062,160.4499969482422,156.17999267578125,158.0,1681300,PNC
2022-07-13,132.26095581054688,154.30999755859375,155.88999938964844,151.4199981689453,155.13999938964844,3068700,PNC
2022-07-14,129.3896026611328,150.9600067138672,151.92999267578125,149.50999450683594,150.57000732421875,2120400,PNC
2022-07-15,131.49813842773438,153.4199981689453,154.14999389648438,146.38999938964844,148.0,4838700,PNC
2022-07-18,132.56948852539062,154.6699981689453,159.2100067138672,153.38999938964844,156.02999877929688,2219900,PNC
2022-07-19,137.30079650878906,160.19000244140625,160.82000732421875,156.3300018310547,156.85000610351562,2018600,PNC
2022-07-20,137.26649475097656,160.14999389648438,160.61000061035156,157.8800048828125,158.99000549316406,1683100,PNC
2022-07-21,138.51788330078125,161.61000061035156,161.74000549316406,158.97000122070312,159.38999938964844,1547500,PNC
2022-07-22,138.64642333984375,161.75999450683594,163.77999877929688,160.89999389648438,161.86000061035156,1457300,PNC
2022-07-25,141.16636657714844,164.6999969482422,165.5800018310547,162.24000549316406,163.32000732421875,1294200,PNC
2022-07-26,138.61215209960938,161.72000122070312,166.17999267578125,161.64999389648438,163.44000244140625,1574100,PNC
2022-07-27,139.70924377441406,163.0,164.47000122070312,161.52000427246094,162.3699951171875,2153100,PNC
2022-07-28,139.62355041503906,162.89999389648438,163.85000610351562,160.57000732421875,162.77000427246094,1732400,PNC
2022-07-29,142.22915649414062,165.94000244140625,166.57000732421875,163.25,163.5,2122200,PNC
2022-08-01,142.33201599121094,166.05999755859375,166.2899932861328,162.49000549316406,163.8800048828125,1159000,PNC
2022-08-02,139.97496032714844,163.30999755859375,165.72000122070312,163.24000549316406,165.52999877929688,1597400,PNC
2022-08-03,141.7234649658203,165.35000610351562,166.3000030517578,163.41000366210938,164.69000244140625,1151900,PNC
2022-08-04,140.63491821289062,164.0800018310547,165.82000732421875,163.41000366210938,164.8699951171875,1473400,PNC
2022-08-05,143.17198181152344,167.0399932861328,168.0800018310547,163.66000366210938,164.22000122070312,1556200,PNC
2022-08-08,142.3148956298828,166.0399932861328,168.83999633789062,165.8699951171875,168.2899932861328,927200,PNC
2022-08-09,142.2119903564453,165.9199981689453,167.0,165.25999450683594,166.05999755859375,918900,PNC
2022-08-10,145.24620056152344,169.4600067138672,170.9199981689453,167.50999450683594,168.24000549316406,2324000,PNC
2022-08-11,147.37181091308594,171.94000244140625,172.60000610351562,170.5800018310547,171.2899932861328,1563100,PNC
2022-08-12,149.67750549316406,174.6300048828125,174.63999938964844,171.77000427246094,173.02999877929688,1188000,PNC
2022-08-15,149.0774688720703,173.92999267578125,174.44000244140625,172.35000610351562,172.97000122070312,910200,PNC
2022-08-16,150.02890014648438,175.0399932861328,176.33999633789062,173.14999389648438,173.14999389648438,948300,PNC
2022-08-17,148.57179260253906,173.33999633789062,174.32000732421875,172.42999267578125,172.7899932861328,936400,PNC
2022-08-18,148.70895385742188,173.5,173.91000366210938,172.3000030517578,173.88999938964844,691900,PNC
2022-08-19,146.38613891601562,170.7899932861328,172.72999572753906,169.9499969482422,172.02000427246094,1240800,PNC
2022-08-22,142.6748504638672,166.4600067138672,168.88999938964844,166.05999755859375,168.88999938964844,1269000,PNC
2022-08-23,142.70059204101562,166.49000549316406,167.94000244140625,166.3300018310547,166.72999572753906,840400,PNC
2022-08-24,143.4805450439453,167.39999389648438,167.6699981689453,165.32000732421875,165.8800048828125,1383100,PNC
2022-08-25,144.76620483398438,168.89999389648438,170.0,167.16000366210938,167.67999267578125,1619700,PNC
2022-08-26,139.01498413085938,162.19000244140625,169.83999633789062,162.02999877929688,169.4499969482422,1642000,PNC
2022-08-29,137.2407684326172,160.1199951171875,161.74000549316406,159.16000366210938,161.25999450683594,1572100,PNC
2022-08-30,136.5379638671875,159.3000030517578,160.94000244140625,158.44000244140625,160.94000244140625,1586800,PNC
2022-08-31,135.4237060546875,158.0,160.4199981689453,157.9600067138672,160.10000610351562,3090600,PNC
2022-09-01,135.8093719482422,158.4499969482422,158.55999755859375,155.75,157.57000732421875,1704500,PNC
2022-09-02,134.78086853027344,157.25,162.0,156.66000366210938,160.47999572753906,1433000,PNC
2022-09-06,134.0265655517578,156.3699951171875,158.4199981689453,154.14999389648438,158.4199981689453,1857800,PNC
2022-09-07,136.8036651611328,159.61000061035156,160.17999267578125,154.9499969482422,155.1300048828125,1921900,PNC
2022-09-08,139.5806884765625,162.85000610351562,163.02000427246094,157.97000122070312,158.8699951171875,1657900,PNC
2022-09-09,140.8577880859375,164.33999633789062,165.19000244140625,163.00999450683594,163.66000366210938,1984800,PNC
2022-09-12,142.52056884765625,166.27999877929688,167.24000549316406,165.1199951171875,165.4499969482422,2138700,PNC
2022-09-13,137.86647033691406,160.85000610351562,163.80999755859375,160.0399932861328,162.82000732421875,1945700,PNC
2022-09-14,139.20358276367188,162.41000366210938,162.91000366210938,159.3300018310547,161.72999572753906,1929900,PNC
2022-09-15,141.4663543701172,165.0500030517578,166.88999938964844,162.69000244140625,163.1300048828125,1731000,PNC
2022-09-16,140.42062377929688,163.8300018310547,164.1699981689453,161.32000732421875,163.27000427246094,2569100,PNC
2022-09-19,141.689208984375,165.30999755859375,165.6699981689453,161.07000732421875,161.72999572753906,1159400,PNC
2022-09-20,140.42062377929688,163.8300018310547,164.80999755859375,162.42999267578125,164.0500030517578,1330400,PNC
2022-09-21,135.8093719482422,158.4499969482422,164.5,158.4199981689453,163.8000030517578,1645100,PNC
2022-09-22,132.56948852539062,154.6699981689453,159.49000549316406,154.44000244140625,159.49000549316406,1642100,PNC
2022-09-23,130.21243286132812,151.9199981689453,153.61000061035156,149.89999389648438,152.7100067138672,1630400,PNC
2022-09-26,127.48684692382812,148.74000549316406,152.2899932861328,148.33999633789062,150.80999755859375,1837200,PNC
2022-09-27,126.87830352783203,148.02999877929688,151.0,147.10000610351562,150.38999938964844,2083000,PNC
2022-09-28,129.9296112060547,151.58999633789062,152.4600067138672,148.14999389648438,148.16000366210938,1762900,PNC
2022-09-29,129.1925048828125,150.72999572753906,151.61000061035156,148.61000061035156,149.67999267578125,1633700,PNC
2022-09-30,128.06968688964844,149.4199981689453,153.69000244140625,149.22000122070312,150.75,2140700,PNC
2022-10-03,131.82383728027344,153.8000030517578,155.0,149.07000732421875,151.8000030517578,2236400,PNC
2022-10-04,137.6864471435547,160.63999938964844,160.74000549316406,156.11000061035156,156.16000366210938,2099900,PNC
2022-10-05,136.4779052734375,159.22999572753906,159.97999572753906,157.52000427246094,158.0,1130800,PNC
2022-10-06,133.46092224121094,155.7100067138672,159.0,155.35000610351562,158.08999633789062,1756900,PNC
2022-10-07,129.71531677246094,151.33999633789062,154.75999450683594,150.74000549316406,154.52000427246094,1688100,PNC
2022-10-10,129.29534912109375,150.85000610351562,153.42999267578125,149.9499969482422,152.44000244140625,1244200,PNC
2022-10-11,126.57830047607422,147.67999267578125,150.77999877929688,147.19000244140625,149.88999938964844,1777100,PNC
2022-10-12,125.24122619628906,146.1199951171875,148.27999877929688,145.77999877929688,147.0,1723500,PNC
2022-10-13,131.11239624023438,152.97000122070312,154.07000732421875,143.52000427246094,143.86000061035156,3552800,PNC
2022-10-14,129.58029174804688,149.6999969482422,154.88999938964844,148.80999755859375,150.0,4731600,PNC
2022-10-17,134.90377807617188,155.85000610351562,156.47000122070312,152.17999267578125,153.33999633789062,2818100,PNC
2022-10-18,135.17208862304688,156.16000366210938,159.85000610351562,154.64999389648438,159.7100067138672,2485100,PNC
2022-10-19,131.3114776611328,151.6999969482422,156.80999755859375,150.9600067138672,154.7899932861328,1673000,PNC
2022-10-20,128.09146118164062,147.97999572753906,152.97000122070312,147.07000732421875,150.52999877929688,1952100,PNC
2022-10-21,135.3538360595703,156.3699951171875,156.6699981689453,146.88999938964844,147.49000549316406,2624600,PNC
2022-10-24,138.87684631347656,160.44000244140625,161.2100067138672,156.52999877929688,157.25,2154800,PNC
2022-10-25,141.28321838378906,163.22000122070312,164.16000366210938,159.0399932861328,159.1699981689453,2061500,PNC
2022-10-26,139.9848175048828,161.72000122070312,164.85000610351562,161.6199951171875,163.8800048828125,1985900,PNC
2022-10-27,139.361572265625,161.0,164.94000244140625,160.7899932861328,163.52999877929688,1753600,PNC
2022-10-28,140.98025512695312,162.8699951171875,163.3000030517578,160.52999877929688,161.9199981689453,2204500,PNC
2022-10-31,140.0800323486328,161.8300018310547,163.25,161.4499969482422,162.22000122070312,2192000,PNC
2022-11-01,140.06271362304688,161.80999755859375,163.39999389648438,160.82000732421875,162.9199981689453,1495200,PNC
2022-11-02,137.3966522216797,158.72999572753906,163.3800048828125,158.6199951171875,161.13999938964844,2300800,PNC
2022-11-03,132.70510864257812,153.30999755859375,157.58999633789062,152.94000244140625,157.0,2484900,PNC
2022-11-04,135.4663848876953,156.5,157.27999877929688,153.22999572753906,155.3699951171875,3575100,PNC
2022-11-07,135.63951110839844,156.6999969482422,159.17999267578125,155.7100067138672,158.25999450683594,2256300,PNC
2022-11-08,137.33607482910156,158.66000366210938,160.16000366210938,156.13999938964844,156.63999938964844,3290400,PNC
2022-11-09,134.64405822753906,155.5500030517578,157.67999267578125,154.11000061035156,157.11000061035156,2438100,PNC
2022-11-10,141.8285675048828,163.85000610351562,164.47000122070312,159.67999267578125,160.35000610351562,2781800,PNC
2022-11-11,143.4818115234375,165.75999450683594,167.5,164.16000366210938,164.94000244140625,2754900,PNC
2022-11-14,141.3438262939453,163.2899932861328,165.89999389648438,163.22000122070312,165.5500030517578,2741600,PNC
2022-11-15,142.07957458496094,164.13999938964844,167.6300048828125,161.47999572753906,165.42999267578125,2210400,PNC
2022-11-16,139.92420959472656,161.64999389648438,164.58999633789062,161.52000427246094,164.1699981689453,1951200,PNC
2022-11-17,137.457275390625,158.8000030517578,159.85000610351562,157.38999938964844,159.08999633789062,2031000,PNC
2022-11-18,139.5000762939453,161.16000366210938,161.72000122070312,159.85000610351562,161.33999633789062,1853100,PNC
2022-11-21,140.79849243164062,162.66000366210938,163.33999633789062,160.22000122070312,161.0,1420700,PNC
2022-11-22,142.8066864013672,164.97999572753906,165.5,163.80999755859375,164.1300048828125,1547700,PNC
2022-11-23,144.1223907470703,166.5,166.88999938964844,164.5,164.75,1278200,PNC
2022-11-25,145.11782836914062,167.64999389648438,168.82000732421875,167.0399932861328,167.9600067138672,597500,PNC
2022-11-28,140.7552032470703,162.61000061035156,166.77000427246094,162.2899932861328,166.0399932861328,1525800,PNC
2022-11-29,142.27865600585938,164.3699951171875,164.8699951171875,162.25999450683594,162.92999267578125,975500,PNC
2022-11-30,145.6458282470703,168.25999450683594,168.5399932861328,159.77999877929688,163.77999877929688,3296800,PNC
2022-12-01,142.65086364746094,164.8000030517578,170.27999877929688,164.3800048828125,169.5500030517578,1854200,PNC
2022-12-02,142.157470703125,164.22999572753906,164.60000610351562,162.24000549316406,162.72000122070312,1569900,PNC
2022-12-05,132.53199768066406,153.11000061035156,162.8300018310547,152.5800018310547,162.77000427246094,3811300,PNC
2022-12-06,131.4499969482422,151.86000061035156,153.7899932861328,149.69000244140625,152.99000549316406,2563100,PNC
2022-12-07,134.25453186035156,155.10000610351562,156.3300018310547,150.52000427246094,151.10000610351562,2628200,PNC
2022-12-08,133.59669494628906,154.33999633789062,157.00999450683594,153.61000061035156,155.85000610351562,1927100,PNC
2022-12-09,133.37161254882812,154.0800018310547,155.86000061035156,153.07000732421875,153.6199951171875,1761000,PNC
2022-12-12,135.63951110839844,156.6999969482422,156.75999450683594,152.13999938964844,154.58999633789062,2349400,PNC
2022-12-13,133.32833862304688,154.02999877929688,161.0800018310547,153.02999877929688,160.72999572753906,2621000,PNC
2022-12-14,129.51109313964844,149.6199951171875,154.6699981689453,149.1999969482422,153.3699951171875,3205800,PNC
2022-12-15,129.9957733154297,150.17999267578125,150.41000366210938,147.07000732421875,147.5,3043400,PNC
2022-12-16,130.17758178710938,150.38999938964844,150.88999938964844,148.0500030517578,148.86000061035156,7000000,PNC
2022-12-19,129.97850036621094,150.16000366210938,152.5399932861328,148.94000244140625,150.27000427246094,2070500,PNC
2022-12-20,131.29417419433594,151.67999267578125,153.69000244140625,150.35000610351562,150.47999572753906,2144700,PNC
2022-12-21,133.2158203125,153.89999389648438,155.49000549316406,153.25999450683594,153.64999389648438,1541600,PNC
2022-12-22,133.55340576171875,154.2899932861328,154.5399932861328,151.08999633789062,153.1699981689453,1522100,PNC
2022-12-23,134.185302734375,155.02000427246094,156.13999938964844,154.17999267578125,154.22999572753906,1027600,PNC
2022-12-27,134.99896240234375,155.9600067138672,156.63999938964844,154.3300018310547,155.36000061035156,733000,PNC
2022-12-28,134.91241455078125,155.86000061035156,157.02999877929688,155.35000610351562,156.32000732421875,974600,PNC
2022-12-29,136.6176300048828,157.8300018310547,158.0500030517578,155.61000061035156,156.25,994300,PNC
2022-12-30,136.71282958984375,157.94000244140625,158.57000732421875,156.22000122070312,157.24000549316406,1035000,PNC
2023-01-03,138.08050537109375,159.52000427246094,161.60000610351562,157.6699981689453,159.64999389648438,1650600,PNC
2023-01-04,141.7246551513672,163.72999572753906,166.10000610351562,160.64999389648438,161.60000610351562,2107600,PNC
2023-01-05,137.95065307617188,159.3699951171875,161.63999938964844,157.30999755859375,160.9600067138672,2173900,PNC
2023-01-06,142.14013671875,164.2100067138672,164.7899932861328,158.9199981689453,162.5,2250100,PNC
2023-01-09,142.20074462890625,164.27999877929688,166.86000061035156,163.08999633789062,164.9499969482422,2473700,PNC
2023-01-10,142.7720489501953,164.94000244140625,165.0500030517578,162.4600067138672,163.49000549316406,2139900,PNC
2023-01-11,143.5510711669922,165.83999633789062,166.69000244140625,165.0500030517578,165.1199951171875,3197900,PNC
2023-01-12,146.1305694580078,168.82000732421875,169.07000732421875,166.63999938964844,167.0,2169700,PNC
2023-01-13,143.2310333251953,164.0,165.25999450683594,161.36000061035156,164.75,4379400,PNC
2023-01-17,141.3533172607422,161.85000610351562,163.5500030517578,161.16000366210938,163.1300048828125,3608200,PNC
2023-01-18,132.81182861328125,152.07000732421875,155.2100067138672,149.58999633789062,152.49000549316406,6677800,PNC
2023-01-19,129.27474975585938,148.02000427246094,150.8800048828125,147.10000610351562,150.5,5764300,PNC
2023-01-20,135.2572479248047,154.8699951171875,155.11000061035156,147.30999755859375,148.44000244140625,4166500,PNC
2023-01-23,139.16116333007812,159.33999633789062,160.99000549316406,154.5500030517578,155.22000122070312,2433200,PNC
2023-01-24,138.357666015625,158.4199981689453,159.72999572753906,157.49000549316406,159.72999572753906,1631600,PNC
2023-01-25,139.89480590820312,160.17999267578125,160.72000122070312,156.6300048828125,157.22000122070312,2227500,PNC
2023-01-26,141.4231414794922,161.92999267578125,161.99000549316406,159.30999755859375,161.02000427246094,1397200,PNC
2023-01-27,142.50611877441406,163.1699981689453,165.08999633789062,161.9499969482422,161.99000549316406,2046900,PNC
2023-01-30,142.2353973388672,162.86000061035156,163.4499969482422,162.0500030517578,162.19000244140625,1947100,PNC
2023-01-31,144.47991943359375,165.42999267578125,165.44000244140625,161.77999877929688,163.0,2295100,PNC
2023-02-01,143.92098999023438,164.7899932861328,166.57000732421875,162.1699981689453,163.85000610351562,1844200,PNC
2023-02-02,145.126220703125,166.1699981689453,166.80999755859375,163.11000061035156,165.5,1930100,PNC
2023-02-03,144.44500732421875,165.38999938964844,167.1199951171875,164.10000610351562,164.6999969482422,1507700,PNC
2023-02-06,142.35765075683594,163.0,164.6999969482422,162.58999633789062,164.07000732421875,1567600,PNC
2023-02-07,142.3052520751953,162.94000244140625,164.0,160.3300018310547,162.4499969482422,3890900,PNC
2023-02-08,141.1000518798828,161.55999755859375,163.13999938964844,160.75999450683594,161.05999755859375,1929500,PNC
2023-02-09,138.75942993164062,158.8800048828125,162.6999969482422,158.27999877929688,162.35000610351562,1637300,PNC
2023-02-10,139.16116333007812,159.33999633789062,159.33999633789062,157.58999633789062,158.2100067138672,1863700,PNC
2023-02-13,140.59347534179688,160.97999572753906,161.3300018310547,158.2899932861328,159.02999877929688,1227800,PNC
2023-02-14,140.7244873046875,161.1300048828125,161.6999969482422,159.11000061035156,160.36000061035156,1122100,PNC
2023-02-15,139.73757934570312,160.0,161.77999877929688,159.0800018310547,159.49000549316406,1813100,PNC
2023-02-16,138.2528533935547,158.3000030517578,159.94000244140625,157.9199981689453,158.52000427246094,1781700,PNC
2023-02-17,138.5061492919922,158.58999633789062,158.74000549316406,156.9199981689453,158.0,1797100,PNC
2023-02-21,135.79000854492188,155.47999572753906,157.52000427246094,154.9600067138672,156.86000061035156,1843200,PNC
2023-02-22,136.50616455078125,156.3000030517578,156.6699981689453,154.80999755859375,155.24000549316406,2630700,PNC
2023-02-23,138.0781707763672,158.10000610351562,158.6699981689453,155.60000610351562,157.8699951171875,3004000,PNC
2023-02-24,138.41879272460938,158.49000549316406,158.74000549316406,155.27000427246094,156.50999450683594,1553400,PNC
2023-02-27,137.72885131835938,157.6999969482422,161.14999389648438,157.2899932861328,160.07000732421875,1488300,PNC
2023-02-28,137.92098999023438,157.9199981689453,158.8800048828125,157.41000366210938,158.55999755859375,2740900,PNC
2023-03-01,135.55418395996094,155.2100067138672,157.30999755859375,154.2899932861328,156.97999572753906,2504800,PNC
2023-03-02,131.2135772705078,150.24000549316406,154.3000030517578,148.5399932861328,153.85000610351562,3523000,PNC
2023-03-03,133.5279998779297,152.88999938964844,153.47999572753906,151.11000061035156,151.61000061035156,2465800,PNC
2023-03-06,133.34458923339844,152.67999267578125,155.33999633789062,152.6300048828125,153.8800048828125,2454200,PNC
2023-03-07,127.2659912109375,145.72000122070312,151.64999389648438,145.14999389648438,151.32000732421875,3520400,PNC
2023-03-08,126.75071716308594,145.1300048828125,146.32000732421875,144.22000122070312,145.1699981689453,2574700,PNC
2023-03-09,120.41011810302734,137.8699951171875,143.97999572753906,137.4600067138672,143.97999572753906,4320000,PNC
2023-03-10,119.79005432128906,137.16000366210938,141.63999938964844,132.3000030517578,134.2100067138672,6957800,PNC
2023-03-13,113.58917999267578,130.05999755859375,132.97000122070312,124.20999908447266,129.3300018310547,14700700,PNC
2023-03-14,113.99966430664062,130.52999877929688,138.6999969482422,126.94000244140625,137.5,8289500,PNC
2023-03-15,109.21366119384766,125.05000305175781,126.62000274658203,122.72000122070312,126.08999633789062,7609800,PNC
2023-03-16,113.6415786743164,130.1199951171875,131.60000610351562,120.94999694824219,124.5,7677700,PNC
2023-03-17,108.05208587646484,123.72000122070312,128.3000030517578,122.30999755859375,127.79000091552734,9095300,PNC
2023-03-20,111.22237396240234,127.3499984741211,130.4499969482422,124.91999816894531,126.11000061035156,5179800,PNC
2023-03-21,114.95162963867188,131.6199951171875,132.5800018310547,129.7100067138672,131.5,4103900,PNC
2023-03-22,108.64598083496094,124.4000015258789,131.0800018310547,124.38999938964844,130.5800018310547,4249900,PNC
2023-03-23,106.66344451904297,122.12999725341797,126.11000061035156,121.56999969482422,125.58000183105469,5851300,PNC
2023-03-24,108.4276351928711,124.1500015258789,124.16999816894531,119.2699966430664,120.0,4137300,PNC
2023-03-27,109.18745422363281,125.0199966430664,129.57000732421875,124.25,128.72000122070312,3467100,PNC
2023-03-28,110.79444122314453,126.86000061035156,126.97000122070312,124.0,124.4800033569336,2703800,PNC
2023-03-29,112.59355163574219,128.9199981689453,129.75,127.66000366210938,128.97000122070312,2575600,PNC
2023-03-30,110.94290161132812,127.02999877929688,131.19000244140625,126.7300033569336,131.08999633789062,3064200,PNC
2023-03-31,111.00404357910156,127.0999984741211,128.85000610351562,126.36000061035156,128.4499969482422,3600500,PNC
2023-04-03,109.16999053955078,125.0,127.9000015258789,124.6500015258789,126.91000366210938,4845300,PNC
2023-04-04,107.27479553222656,122.83000183105469,126.25,121.27999877929688,125.87999725341797,3480100,PNC
2023-04-05,106.0521011352539,121.43000030517578,123.19000244140625,120.33000183105469,120.80999755859375,3550000,PNC
2023-04-06,106.44510650634766,121.87999725341797,124.0999984741211,119.79000091552734,120.0,3507200,PNC
2023-04-10,106.72457122802734,122.19999694824219,122.9000015258789,120.86000061035156,121.22000122070312,3234800,PNC
2023-04-11,106.82064056396484,122.30999755859375,123.20999908447266,121.43000030517578,122.0999984741211,2726500,PNC
2023-04-12,104.54116821289062,119.69999694824219,123.27999877929688,119.44999694824219,123.05000305175781,4446300,PNC
2023-04-13,106.03462219238281,121.41000366210938,121.69000244140625,118.48999786376953,120.0,4856200,PNC
2023-04-14,106.41889953613281,121.8499984741211,122.29000091552734,117.51000213623047,121.5,12921100,PNC
2023-04-17,110.61022186279297,125.08999633789062,125.12999725341797,118.70999908447266,120.18000030517578,6292900,PNC
2023-04-18,110.31842803955078,124.76000213623047,125.5999984741211,122.0999984741211,125.08999633789062,4718800,PNC
2023-04-19,113.51054382324219,128.3699951171875,129.64999389648438,123.63999938964844,124.5999984741211,5967200,PNC
2023-04-20,111.06119537353516,125.5999984741211,126.93000030517578,124.26000213623047,126.5999984741211,3720500,PNC
2023-04-21,109.09815979003906,123.37999725341797,125.3499984741211,122.88999938964844,124.73999786376953,3537900,PNC
2023-04-24,109.88514709472656,124.2699966430664,124.6500015258789,122.63999938964844,124.0,2333600,PNC
2023-04-25,109.3811264038086,123.69999694824219,124.6500015258789,121.12000274658203,122.44000244140625,4996000,PNC
2023-04-26,113.05074310302734,127.8499984741211,129.58999633789062,123.41000366210938,123.44999694824219,6547400,PNC
2023-04-27,113.20106506347656,128.02000427246094,129.39999389648438,127.37999725341797,128.66000366210938,3124400,PNC
2023-04-28,115.17292022705078,130.25,132.33999633789062,126.4000015258789,126.70999908447266,3942900,PNC
2023-05-01,107.87791442871094,122.0,126.7699966430664,121.41000366210938,126.4800033569336,9064200,PNC
2023-05-02,105.34895324707031,119.13999938964844,123.25,117.77999877929688,123.25,8595100,PNC
2023-05-03,103.14720153808594,116.6500015258789,120.9000015258789,116.55999755859375,120.08999633789062,5764500,PNC
2023-05-04,100.48561096191406,113.63999938964844,115.61000061035156,111.83999633789062,113.37999725341797,6975900,PNC
2023-05-05,102.73159790039062,116.18000030517578,117.95999908447266,114.94999694824219,116.61000061035156,4790800,PNC
2023-05-08,103.44783782958984,116.98999786376953,118.37999725341797,115.54000091552734,118.0,2867100,PNC
2023-05-09,102.30716705322266,115.69999694824219,116.58999633789062,114.56999969482422,115.6500015258789,3063800,PNC
2023-05-10,100.77743530273438,113.97000122070312,117.6500015258789,113.77999877929688,117.29000091552734,3473300,PNC
2023-05-11,99.6544418334961,112.69999694824219,113.62999725341797,111.22000122070312,112.55999755859375,2511300,PNC
2023-05-12,98.66407775878906,111.58000183105469,113.69999694824219,110.30999755859375,113.69999694824219,2212400,PNC
2023-05-15,100.51213836669922,113.66999816894531,114.16000366210938,111.69999694824219,111.9000015258789,2256100,PNC
2023-05-16,98.67291259765625,111.58999633789062,114.36000061035156,111.4000015258789,113.7300033569336,2243600,PNC
2023-05-17,105.44622802734375,119.25,119.29000091552734,113.48999786376953,113.48999786376953,4488300,PNC
2023-05-18,106.24205780029297,120.1500015258789,120.47000122070312,117.44999694824219,118.7699966430664,3077100,PNC
2023-05-19,104.765380859375,118.4800033569336,120.6500015258789,116.9000015258789,120.63999938964844,2679800,PNC
2023-05-22,106.48079681396484,120.41999816894531,120.44999694824219,117.80999755859375,119.44000244140625,2452400,PNC
2023-05-23,107.42694854736328,121.48999786376953,124.5999984741211,120.04000091552734,120.58000183105469,3221600,PNC
2023-05-24,106.33049011230469,120.25,120.83000183105469,119.29000091552734,120.16000366210938,2062400,PNC
2023-05-25,105.21633911132812,118.98999786376953,120.66999816894531,118.52999877929688,119.7699966430664,1776500,PNC
2023-05-26,105.03063201904297,118.77999877929688,119.36000061035156,117.86000061035156,119.30999755859375,1803600,PNC
2023-05-30,105.09251403808594,118.8499984741211,120.0,116.9000015258789,119.52999877929688,1787200,PNC
2023-05-31,102.42211151123047,115.83000183105469,118.37000274658203,114.16999816894531,118.0,3715000,PNC
2023-06-01,105.87950897216797,119.73999786376953,120.02999877929688,114.72000122070312,117.2300033569336,2964900,PNC
2023-06-02,109.27501678466797,123.58000183105469,124.19000244140625,120.76000213623047,121.68000030517578,3105500,PNC
2023-06-05,109.0097427368164,123.27999877929688,124.38999938964844,121.88999938964844,124.01000213623047,2829500,PNC
2023-06-06,111.75090026855469,126.37999725341797,127.87999725341797,122.5,122.94999694824219,2509700,PNC
2023-06-07,112.79429626464844,127.55999755859375,128.17999267578125,124.52999877929688,126.26000213623047,3203800,PNC
2023-06-08,113.94383239746094,128.86000061035156,129.4199981689453,126.05999755859375,126.9800033569336,2942400,PNC
2023-06-09,114.0057144165039,128.92999267578125,130.5399932861328,128.3800048828125,128.63999938964844,2365800,PNC
2023-06-12,112.66167449951172,127.41000366210938,130.33999633789062,125.69999694824219,128.50999450683594,2980200,PNC
2023-06-13,113.94383239746094,128.86000061035156,129.39999389648438,126.33999633789062,126.62000274658203,3344500,PNC
2023-06-14,111.87471008300781,126.5199966430664,130.33999633789062,126.11000061035156,129.5,2024700,PNC
2023-06-15,113.88192749023438,128.7899932861328,129.27999877929688,126.2699966430664,126.51000213623047,2076900,PNC
2023-06-16,113.59896850585938,128.47000122070312,129.3800048828125,127.37000274658203,129.3800048828125,3465200,PNC
2023-06-20,111.8216323852539,126.45999908447266,127.9000015258789,126.04000091552734,127.5999984741211,1808300,PNC
2023-06-21,111.99849700927734,126.66000366210938,126.80000305175781,125.2699966430664,126.3499984741211,2319300,PNC
2023-06-22,109.1512222290039,123.44000244140625,126.94000244140625,122.9800033569336,126.55000305175781,1688000,PNC
2023-06-23,108.78868103027344,123.02999877929688,123.44000244140625,121.76000213623047,122.26000213623047,2399200,PNC
2023-06-26,109.40764617919922,123.7300033569336,125.16999816894531,123.2699966430664,123.58999633789062,2031000,PNC
2023-06-27,109.65523529052734,124.01000213623047,124.80000305175781,122.56999969482422,123.43000030517578,1715700,PNC
2023-06-28,109.25733947753906,123.55999755859375,123.91000366210938,122.41000366210938,123.87999725341797,1501700,PNC
2023-06-29,111.13192749023438,125.68000030517578,126.5,124.5,124.73999786376953,2272100,PNC
2023-06-30,111.37067413330078,125.94999694824219,127.30000305175781,124.83999633789062,126.79000091552734,2257000,PNC
2023-07-03,112.76778411865234,127.52999877929688,128.3300018310547,126.11000061035156,126.44999694824219,1193700,PNC
2023-07-05,111.71553039550781,126.33999633789062,128.0399932861328,125.44999694824219,126.45999908447266,1854400,PNC
2023-07-06,109.540283203125,123.87999725341797,124.83000183105469,121.62999725341797,124.83000183105469,2515100,PNC
2023-07-07,111.07003784179688,125.61000061035156,126.8499984741211,123.87999725341797,124.26000213623047,2194200,PNC
2023-07-10,110.84896850585938,125.36000061035156,126.80999755859375,124.76000213623047,124.81999969482422,1734400,PNC
2023-07-11,111.84817504882812,126.48999786376953,127.66999816894531,125.75,126.1500015258789,2264500,PNC
2023-07-12,112.50251770019531,127.2300033569336,130.4499969482422,126.97000122070312,128.4499969482422,2508100,PNC
2023-07-13,114.76616668701172,129.7899932861328,129.97999572753906,127.5,127.87999725341797,2563400,PNC
2023-07-14,112.57360076904297,125.79000091552734,130.32000732421875,125.62999725341797,130.0,2507200,PNC
2023-07-17,113.7996597290039,127.16000366210938,128.52000427246094,125.80000305175781,126.26000213623047,2647500,PNC
2023-07-18,116.65450286865234,130.35000610351562,132.32000732421875,124.4000015258789,125.01000213623047,4679300,PNC
2023-07-19,118.46223449707031,132.3699951171875,132.5800018310547,130.16000366210938,130.22000122070312,4648100,PNC
2023-07-20,119.91204833984375,133.99000549316406,134.1300048828125,131.13999938964844,132.25999450683594,3554400,PNC
2023-07-21,120.15367126464844,134.25999450683594,134.97999572753906,131.9600067138672,134.5800018310547,3582200,PNC
2023-07-24,121.35287475585938,135.60000610351562,136.94000244140625,133.42999267578125,133.8699951171875,2910100,PNC
2023-07-25,119.50931549072266,133.5399932861328,136.07000732421875,133.3300018310547,135.9600067138672,2509400,PNC
2023-07-26,121.71979522705078,136.00999450683594,137.02999877929688,133.32000732421875,135.11000061035156,2971400,PNC
2023-07-27,119.13345336914062,133.1199951171875,137.0399932861328,132.8000030517578,136.8699951171875,2462800,PNC
2023-07-28,121.26342010498047,135.5,136.0800018310547,133.02000427246094,134.55999755859375,1736400,PNC
2023-07-31,122.5073471069336,136.88999938964844,137.2100067138672,135.13999938964844,136.1199951171875,2478300,PNC
2023-08-01,121.2007064819336,135.42999267578125,136.6999969482422,134.22000122070312,136.2100067138672,2442400,PNC
2023-08-02,120.02839660644531,134.1199951171875,134.6199951171875,132.72999572753906,134.1199951171875,2002400,PNC
2023-08-03,119.04395294189453,133.02000427246094,134.1300048828125,132.42999267578125,133.82000732421875,2173000,PNC
2023-08-04,117.64786529541016,131.4600067138672,133.72000122070312,130.7100067138672,132.85000610351562,2858600,PNC
2023-08-07,118.48909759521484,132.39999389648438,132.8699951171875,131.4600067138672,132.24000549316406,1698600,PNC
2023-08-08,116.38601684570312,130.0500030517578,130.14999389648438,125.2699966430664,129.0800018310547,2825700,PNC
2023-08-09,113.96968841552734,127.3499984741211,130.0,127.29000091552734,128.8300018310547,1729500,PNC
2023-08-10,114.63192749023438,128.08999633789062,129.80999755859375,127.25,128.0399932861328,1657700,PNC
2023-08-11,116.28758239746094,129.94000244140625,129.9499969482422,127.19000244140625,127.3499984741211,1203400,PNC
2023-08-14,113.90704345703125,127.27999877929688,129.36000061035156,126.45999908447266,128.86000061035156,1371400,PNC
2023-08-15,110.61369323730469,123.5999984741211,125.73999786376953,123.19999694824219,125.44000244140625,2081000,PNC
2023-08-16,109.83509063720703,122.7300033569336,123.69000244140625,122.0999984741211,122.9800033569336,1612400,PNC
2023-08-17,110.52420043945312,123.5,124.5999984741211,122.69999694824219,123.1500015258789,1511200,PNC
2023-08-18,110.25570678710938,123.19999694824219,123.79000091552734,122.05999755859375,122.05999755859375,1346500,PNC
2023-08-21,110.01408386230469,122.93000030517578,123.97000122070312,121.5199966430664,123.66999816894531,1191700,PNC
2023-08-22,106.514892578125,119.0199966430664,123.44999694824219,118.80999755859375,122.88999938964844,1498100,PNC
2023-08-23,106.86393737792969,119.41000366210938,119.70999908447266,118.12000274658203,118.97000122070312,1670200,PNC
2023-08-24,105.30673217773438,117.66999816894531,121.44000244140625,117.63999938964844,119.30000305175781,3178300,PNC
2023-08-25,105.369384765625,117.73999786376953,119.0999984741211,117.0999984741211,118.25,1794600,PNC
2023-08-28,105.96900177001953,118.41000366210938,120.05000305175781,118.06999969482422,118.66000366210938,1221700,PNC
2023-08-29,107.91995239257812,120.58999633789062,121.19999694824219,118.43000030517578,118.72000122070312,1311800,PNC
2023-08-30,107.82151794433594,120.4800033569336,120.94999694824219,119.72000122070312,120.37000274658203,1219000,PNC
2023-08-31,108.04523468017578,120.7300033569336,122.41999816894531,119.98999786376953,121.02999877929688,1981300,PNC
2023-09-01,109.37867736816406,122.22000122070312,123.4000015258789,120.86000061035156,121.70999908447266,1235800,PNC
2023-09-05,107.83045196533203,120.48999786376953,123.22000122070312,120.41000366210938,121.7300033569336,1604900,PNC
2023-09-06,105.92424774169922,118.36000061035156,120.16000366210938,117.52999877929688,120.0,1841600,PNC
2023-09-07,103.60635375976562,115.7699966430664,118.58999633789062,115.72000122070312,117.0,2009400,PNC
2023-09-08,104.64448547363281,116.93000030517578,117.12999725341797,115.0199966430664,116.31999969482422,2097600,PNC
2023-09-11,105.61997985839844,118.0199966430664,119.41999816894531,117.63999938964844,118.08999633789062,1242000,PNC
2023-09-12,111.73236846923828,124.8499984741211,125.19999694824219,118.01000213623047,118.18000030517578,4910900,PNC
2023-09-13,110.62264251708984,123.61000061035156,126.63999938964844,122.8499984741211,126.0,2747800,PNC
2023-09-14,113.62962341308594,126.97000122070312,127.37000274658203,124.80000305175781,124.80000305175781,2396600,PNC
2023-09-15,113.07475280761719,126.3499984741211,127.44000244140625,125.69000244140625,126.0199966430664,3619500,PNC
2023-09-18,111.5802230834961,124.68000030517578,126.19999694824219,124.5,126.0,1431300,PNC
2023-09-19,111.14170837402344,124.19000244140625,125.48999786376953,123.19999694824219,125.11000061035156,1171800,PNC
2023-09-20,110.92691802978516,123.94999694824219,125.66000366210938,123.8499984741211,125.20999908447266,1689200,PNC
2023-09-21,109.33393859863281,122.16999816894531,124.6500015258789,122.12000274658203,123.08999633789062,1501300,PNC
2023-09-22,108.15261840820312,120.8499984741211,122.5,120.6500015258789,122.43000030517578,1369200,PNC
2023-09-25,109.73666381835938,122.62000274658203,122.68000030517578,120.01000213623047,120.37000274658203,1368500,PNC
2023-09-26,108.81488037109375,121.58999633789062,122.4000015258789,120.66000366210938,121.30999755859375,2059800,PNC
2023-09-27,109.01176452636719,121.80999755859375,122.11000061035156,120.11000061035156,121.87999725341797,2163700,PNC
2023-09-28,109.9245834350586,122.83000183105469,123.47000122070312,121.63999938964844,121.9800033569336,1694100,PNC
2023-09-29,109.87089538574219,122.7699966430664,124.81999969482422,122.44999694824219,123.95999908447266,1749500,PNC
2023-10-02,107.40983581542969,120.0199966430664,122.4000015258789,119.80999755859375,122.0199966430664,1993700,PNC
2023-10-03,107.19505310058594,119.77999877929688,122.0,119.37000274658203,120.62999725341797,2285600,PNC
2023-10-04,107.48143768310547,120.0999984741211,120.75,119.1500015258789,119.66999816894531,2347500,PNC
2023-10-05,107.73200988769531,120.37999725341797,120.98999786376953,119.11000061035156,119.33000183105469,2692800,PNC
2023-10-06,107.67830657958984,120.31999969482422,122.26000213623047,118.26000213623047,119.5999984741211,2079500,PNC
2023-10-09,108.16157531738281,120.86000061035156,121.31999969482422,118.68000030517578,119.41000366210938,2404900,PNC
2023-10-10,109.38762664794922,122.2300033569336,124.0199966430664,121.43000030517578,122.08999633789062,2192500,PNC
2023-10-11,109.84403991699219,122.73999786376953,124.25,122.04000091552734,123.06999969482422,1840200,PNC
2023-10-12,108.57323455810547,121.31999969482422,123.12999725341797,120.83000183105469,122.91000366210938,2497600,PNC
2023-10-13,105.72735595703125,118.13999938964844,121.08999633789062,116.25,120.6500015258789,5576500,PNC
2023-10-16,107.1238784790039,118.12999725341797,118.86000061035156,115.58000183105469,117.91999816894531,2197300,PNC
2023-10-17,108.03071594238281,119.12999725341797,121.44000244140625,117.5999984741211,117.76000213623047,2614100,PNC
2023-10-18,104.91122436523438,115.69000244140625,118.94999694824219,115.38999938964844,118.08999633789062,2537300,PNC
2023-10-19,104.8840103149414,115.66000366210938,118.97000122070312,115.0199966430664,115.0999984741211,2867900,PNC
2023-10-20,101.40177154541016,111.81999969482422,115.98999786376953,111.44999694824219,115.80000305175781,2865200,PNC
2023-10-23,99.4883804321289,109.70999908447266,113.16000366210938,109.44999694824219,111.41000366210938,3069000,PNC
2023-10-24,100.9120864868164,111.27999877929688,112.25,110.12000274658203,110.19999694824219,2669500,PNC
2023-10-25,100.92115783691406,111.29000091552734,111.5999984741211,109.4000015258789,110.58000183105469,2214600,PNC
2023-10-26,103.70513153076172,114.36000061035156,115.23999786376953,110.83000183105469,111.23999786376953,3305100,PNC
2023-10-27,100.87580871582031,111.23999786376953,113.81999969482422,110.80000305175781,113.6500015258789,1854600,PNC
2023-10-30,102.37208557128906,112.88999938964844,113.29000091552734,111.08000183105469,112.19999694824219,2306600,PNC
2023-10-31,103.80488586425781,114.47000122070312,114.5199966430664,112.36000061035156,113.37000274658203,2233500,PNC
2023-11-01,102.88896942138672,113.45999908447266,115.05999755859375,112.36000061035156,114.75,1675400,PNC
2023-11-02,108.68363189697266,119.8499984741211,119.91999816894531,114.51000213623047,114.51000213623047,2822400,PNC
2023-11-03,111.73058319091797,123.20999908447266,124.37000274658203,121.47000122070312,122.12000274658203,2824200,PNC
2023-11-06,110.22525024414062,121.55000305175781,123.69000244140625,120.66999816894531,123.22000122070312,1690200,PNC
2023-11-07,109.52696990966797,120.77999877929688,121.63999938964844,120.25,120.93000030517578,1801800,PNC
2023-11-08,109.05543518066406,120.26000213623047,120.7699966430664,118.91999816894531,120.7699966430664,1599700,PNC
2023-11-09,108.2392807006836,119.36000061035156,121.38999938964844,118.73999786376953,120.91000366210938,1920600,PNC
2023-11-10,109.20958709716797,120.43000030517578,121.04000091552734,118.55999755859375,120.51000213623047,1585700,PNC
2023-11-13,108.45692443847656,119.5999984741211,120.37000274658203,118.88999938964844,119.87999725341797,1046300,PNC
2023-11-14,114.8591537475586,126.66000366210938,127.06999969482422,122.75,122.75,2766900,PNC
2023-11-15,116.94485473632812,128.9600067138672,129.82000732421875,126.41000366210938,126.58999633789062,2700000,PNC
2023-11-16,117.28945922851562,129.33999633789062,129.66000366210938,128.19000244140625,128.89999389648438,1838200,PNC
2023-11-17,118.12371826171875,130.25999450683594,130.72000122070312,129.17999267578125,130.35000610351562,2129100,PNC
2023-11-20,118.19627380371094,130.33999633789062,130.80999755859375,128.0500030517578,129.74000549316406,1674500,PNC
2023-11-21,116.0470962524414,127.97000122070312,130.0,127.8499984741211,129.52000427246094,1248000,PNC
2023-11-22,116.0289535522461,127.94999694824219,128.75,127.08000183105469,128.5399932861328,1036300,PNC
2023-11-24,116.7090835571289,128.6999969482422,129.2100067138672,127.1500015258789,127.69999694824219,640800,PNC
2023-11-27,116.84510040283203,128.85000610351562,129.05999755859375,127.48999786376953,127.73999786376953,1415800,PNC
2023-11-28,117.51616668701172,129.58999633789062,129.72999572753906,127.83000183105469,128.60000610351562,1592700,PNC
2023-11-29,120.04620361328125,132.3800048828125,133.1699981689453,130.10000610351562,130.47000122070312,2492800,PNC
2023-11-30,121.47901916503906,133.9600067138672,134.6999969482422,132.11000061035156,132.6199951171875,3265200,PNC
2023-12-01,126.0494384765625,139.0,139.0500030517578,133.2899932861328,133.69000244140625,2580700,PNC
2023-12-04,127.67264556884766,140.7899932861328,141.0500030517578,136.39999389648438,137.1300048828125,2935100,PNC
2023-12-05,125.74111938476562,138.66000366210938,140.27999877929688,138.47000122070312,139.97000122070312,2147600,PNC
2023-12-06,126.37589263916016,139.36000061035156,142.05999755859375,139.0,139.99000549316406,2000300,PNC
2023-12-07,126.74771118164062,139.77000427246094,141.14999389648438,139.19000244140625,140.13999938964844,2249500,PNC
2023-12-08,127.5638427734375,140.6699981689453,141.5399932861328,139.1999969482422,139.94000244140625,2444400,PNC
2023-12-11,127.86311340332031,141.0,141.75,140.22000122070312,141.27999877929688,2254300,PNC
2023-12-12,127.72705841064453,140.85000610351562,141.75,140.13999938964844,140.92999267578125,1317400,PNC
2023-12-13,132.68743896484375,146.32000732421875,146.4499969482422,140.33999633789062,140.6699981689453,2455300,PNC
2023-12-14,139.02618408203125,153.30999755859375,154.1300048828125,148.0500030517578,149.64999389648438,4269900,PNC
2023-12-15,138.13748168945312,152.3300018310547,154.47000122070312,151.75999450683594,152.89999389648438,5912600,PNC
2023-12-18,137.30320739746094,151.41000366210938,152.80999755859375,149.97000122070312,152.80999755859375,2648700,PNC
2023-12-19,140.1959991455078,154.60000610351562,154.8800048828125,150.47999572753906,151.4499969482422,2373500,PNC
2023-12-20,135.72531127929688,149.6699981689453,155.3800048828125,149.5800018310547,153.8000030517578,2353000,PNC
2023-12-21,137.629638671875,151.77000427246094,153.07000732421875,150.42999267578125,150.99000549316406,1683500,PNC
2023-12-22,138.26441955566406,152.47000122070312,153.49000549316406,151.55999755859375,151.7899932861328,1202100,PNC
2023-12-26,139.7425537109375,154.10000610351562,154.5800018310547,151.9499969482422,152.33999633789062,1066700,PNC
2023-12-27,140.55874633789062,155.0,155.0500030517578,152.6199951171875,153.5,1245400,PNC
2023-12-28,141.1300506591797,155.6300048828125,156.2100067138672,154.9499969482422,155.44000244140625,1153300,PNC
2023-12-29,140.42269897460938,154.85000610351562,156.11000061035156,154.52000427246094,155.27000427246094,1572600,PNC
2024-01-02,141.91897583007812,156.5,157.41000366210938,153.1300048828125,153.97999572753906,2473200,PNC
2024-01-03,137.52992248535156,151.66000366210938,155.4499969482422,151.39999389648438,154.8000030517578,2098600,PNC
2024-01-04,138.31886291503906,152.52999877929688,154.1199951171875,151.82000732421875,151.88999938964844,2785800,PNC
2024-01-05,141.67410278320312,156.22999572753906,157.13999938964844,152.3000030517578,153.1699981689453,2116200,PNC
2024-01-08,142.84393310546875,157.52000427246094,157.69000244140625,154.5800018310547,156.0,1522900,PNC
2024-01-09,140.11436462402344,154.50999450683594,156.22000122070312,154.00999450683594,156.22000122070312,1678400,PNC
2024-01-10,140.72193908691406,155.17999267578125,155.4199981689453,153.2100067138672,154.5,1515700,PNC
2024-01-11,138.32791137695312,152.5399932861328,154.5399932861328,149.8800048828125,154.52999877929688,2239800,PNC
2024-01-12,136.4315185546875,148.9199981689453,152.86000061035156,147.9600067138672,151.7899932861328,3013400,PNC
2024-01-16,136.5231170654297,149.02000427246094,149.8800048828125,143.8300018310547,147.72000122070312,4159000,PNC
2024-01-17,136.33990478515625,148.82000732421875,152.32000732421875,146.44000244140625,147.25999450683594,2878500,PNC
2024-01-18,134.02206420898438,146.2899932861328,149.38999938964844,145.05999755859375,148.9499969482422,2708300,PNC
2024-01-19,138.1446990966797,150.7899932861328,150.94000244140625,146.2899932861328,147.0,2222600,PNC
2024-01-22,136.89874267578125,149.42999267578125,152.6300048828125,149.32000732421875,151.08999633789062,2767600,PNC
2024-01-23,137.3385009765625,149.91000366210938,150.77000427246094,148.1699981689453,149.82000732421875,1843900,PNC
2024-01-24,137.63165283203125,150.22999572753906,151.55999755859375,150.02999877929688,150.89999389648438,1368700,PNC
2024-01-25,138.56610107421875,151.25,152.0,149.25,152.0,1368800,PNC
2024-01-26,138.88677978515625,151.60000610351562,152.27999877929688,150.5800018310547,151.07000732421875,999300,PNC
2024-01-29,140.609130859375,153.47999572753906,153.50999450683594,150.83999633789062,151.0,1176400,PNC
2024-01-30,141.3145294189453,154.25,154.72000122070312,152.80999755859375,153.3000030517578,1236800,PNC
2024-01-31,138.52947998046875,151.2100067138672,155.39999389648438,150.88999938964844,151.77000427246094,2041100,PNC
2024-02-01,133.24334716796875,145.44000244140625,151.74000549316406,144.88999938964844,151.5399932861328,5011100,PNC
2024-02-02,135.70774841308594,148.1300048828125,148.89999389648438,142.39999389648438,143.97999572753906,4080500,PNC
2024-02-05,133.60064697265625,145.8300018310547,147.83999633789062,145.42999267578125,146.47000122070312,1665500,PNC
2024-02-06,136.77047729492188,149.2899932861328,150.0500030517578,145.63999938964844,145.8000030517578,3915000,PNC
2024-02-07,135.74441528320312,148.1699981689453,149.8800048828125,146.3000030517578,149.3000030517578,3150200,PNC
2024-02-08,135.52450561523438,147.92999267578125,148.17999267578125,145.83999633789062,147.1699981689453,1492600,PNC
2024-02-09,135.37796020507812,147.77000427246094,148.3800048828125,146.67999267578125,147.8699951171875,1157600,PNC
2024-02-12,136.63307189941406,149.13999938964844,150.16000366210938,147.35000610351562,147.77000427246094,1612700,PNC
2024-02-13,133.07843017578125,145.25999450683594,147.1999969482422,142.8000030517578,146.77999877929688,2121400,PNC
2024-02-14,135.46954345703125,147.8699951171875,147.88999938964844,145.97000122070312,146.6300048828125,1265300,PNC
2024-02-15,137.0819549560547,149.6300048828125,150.25999450683594,147.3699951171875,148.75,1991800,PNC
2024-02-16,136.36741638183594,148.85000610351562,149.91000366210938,147.69000244140625,148.4199981689453,1466200,PNC
2024-02-20,134.39768981933594,146.6999969482422,148.4199981689453,146.38999938964844,148.02000427246094,2044300,PNC
2024-02-21,134.27859497070312,146.57000732421875,146.7100067138672,139.69000244140625,145.57000732421875,2795300,PNC
2024-02-22,133.1975555419922,145.38999938964844,148.0,144.8300018310547,145.7899932861328,2457300,PNC
2024-02-23,133.8663330078125,146.1199951171875,147.8300018310547,144.7100067138672,145.25999450683594,1837900,PNC
2024-02-26,132.7028350830078,144.85000610351562,147.0,144.72999572753906,145.39999389648438,1416200,PNC
2024-02-27,133.71054077148438,145.9499969482422,146.75999450683594,144.8699951171875,145.47000122070312,1206800,PNC
2024-02-28,133.47239685058594,145.69000244140625,147.74000549316406,145.1999969482422,145.1999969482422,1178400,PNC
2024-02-29,134.85572814941406,147.1999969482422,148.75,145.92999267578125,147.9499969482422,2726000,PNC
2024-03-01,135.41458129882812,147.80999755859375,148.16000366210938,145.27999877929688,147.4600067138672,1750200,PNC
2024-03-04,140.84730529785156,153.74000549316406,156.38999938964844,150.33999633789062,150.99000549316406,5796800,PNC
2024-03-05,142.11158752441406,155.1199951171875,157.30999755859375,152.92999267578125,153.32000732421875,2748500,PNC
2024-03-06,137.76907348632812,150.3800048828125,152.66000366210938,147.08999633789062,148.80999755859375,7478800,PNC
2024-03-07,137.8240203857422,150.44000244140625,153.24000549316406,149.60000610351562,151.4199981689453,2112700,PNC
2024-03-08,137.7232666015625,150.3300018310547,151.75,150.19000244140625,151.60000610351562,1324300,PNC
2024-03-11,140.02276611328125,152.83999633789062,153.0,149.0,150.36000061035156,1882600,PNC
2024-03-12,138.3187713623047,150.97999572753906,153.69000244140625,150.32000732421875,153.0,1840300,PNC
2024-03-13,139.91282653808594,152.72000122070312,153.22999572753906,151.3800048828125,151.52000427246094,1893600,PNC
2024-03-14,136.03758239746094,148.49000549316406,154.47999572753906,147.27999877929688,151.7899932861328,2084500,PNC
2024-03-15,136.30323791503906,148.77999877929688,150.19000244140625,147.22000122070312,147.22000122070312,3969600,PNC
2024-03-18,137.05447387695312,149.60000610351562,150.0,146.97999572753906,149.36000061035156,1316500,PNC
2024-03-19,137.521728515625,150.11000061035156,150.94000244140625,149.1199951171875,149.30999755859375,2053000,PNC
2024-03-20,140.91140747070312,153.80999755859375,154.5399932861328,149.07000732421875,149.69000244140625,1408200,PNC
2024-03-21,144.5760040283203,157.80999755859375,158.4600067138672,154.6199951171875,154.6199951171875,2656400,PNC
2024-03-22,142.4688720703125,155.50999450683594,158.8000030517578,155.5,158.1999969482422,1595500,PNC
2024-03-25,142.0382843017578,155.0399932861328,157.17999267578125,154.49000549316406,156.16000366210938,1136600,PNC
2024-03-26,142.0291290283203,155.02999877929688,156.3699951171875,154.74000549316406,155.13999938964844,1179200,PNC
2024-03-27,146.5548553466797,159.97000122070312,160.10000610351562,155.50999450683594,155.97000122070312,1712900,PNC
2024-03-28,148.04815673828125,161.60000610351562,162.24000549316406,159.8800048828125,159.97999572753906,1725300,PNC
2024-04-01,146.52737426757812,159.94000244140625,161.5399932861328,159.6699981689453,161.39999389648438,1397000,PNC
2024-04-02,144.32864379882812,157.5399932861328,159.3699951171875,157.4600067138672,159.0,1509200,PNC
2024-04-03,143.96218872070312,157.13999938964844,159.52999877929688,156.2899932861328,157.6300048828125,1388700,PNC
2024-04-04,143.72398376464844,156.8800048828125,159.2899932861328,156.1199951171875,158.9199981689453,1548200,PNC
2024-04-05,144.17288208007812,157.3699951171875,157.7100067138672,155.82000732421875,156.75,1874000,PNC
2024-04-08,147.4618377685547,160.9600067138672,161.47999572753906,157.57000732421875,158.19000244140625,1950000,PNC
2024-04-09,147.86492919921875,161.39999389648438,162.13999938964844,159.35000610351562,161.25999450683594,1306800,PNC
2024-04-10,142.0291290283203,155.02999877929688,158.89999389648438,154.1300048828125,158.89999389648438,1827100,PNC
2024-04-11,141.15878295898438,154.0800018310547,155.42999267578125,151.80999755859375,155.42999267578125,1361800,PNC
2024-04-12,139.4004364013672,150.6300048828125,152.0,149.69000244140625,150.1699981689453,1487400,PNC
2024-04-15,138.4102020263672,149.55999755859375,154.4199981689453,149.30999755859375,152.36000061035156,2159800,PNC
2024-04-16,135.61534118652344,146.5399932861328,148.0,143.52000427246094,147.17999267578125,3350300,PNC
2024-04-17,136.27243041992188,147.25,149.4600067138672,145.77999877929688,149.05999755859375,1897100,PNC
2024-04-18,136.86471557617188,147.88999938964844,149.1199951171875,146.88999938964844,147.36000061035156,1352900,PNC
2024-04-19,140.94593811035156,152.3000030517578,152.6999969482422,148.66000366210938,148.99000549316406,2370100,PNC
2024-04-22,144.30532836914062,155.92999267578125,156.07000732421875,152.24000549316406,152.75999450683594,2212300,PNC
2024-04-23,145.86009216308594,157.61000061035156,158.36000061035156,155.86000061035156,156.5,2137000,PNC
2024-04-24,146.27651977539062,158.05999755859375,158.3300018310547,155.8000030517578,156.1699981689453,1320900,PNC
2024-04-25,144.64773559570312,156.3000030517578,158.0,154.4499969482422,157.3699951171875,1220300,PNC
2024-04-26,144.47189331054688,156.11000061035156,157.6699981689453,155.36000061035156,156.07000732421875,979200,PNC
2024-04-29,144.16650390625,155.77999877929688,157.14999389648438,155.47999572753906,156.1300048828125,1388100,PNC
2024-04-30,141.83436584472656,153.25999450683594,155.52000427246094,152.94000244140625,154.75,1632900,PNC
2024-05-01,142.50070190429688,153.97999572753906,156.72000122070312,152.89999389648438,153.24000549316406,1436600,PNC
2024-05-02,144.07394409179688,155.67999267578125,156.08999633789062,153.92999267578125,155.80999755859375,1172900,PNC
2024-05-03,144.57369995117188,156.22000122070312,158.25,156.1199951171875,157.36000061035156,1141500,PNC
2024-05-06,144.76803588867188,156.42999267578125,158.1999969482422,156.0,158.0,1189200,PNC
2024-05-07,144.5089111328125,156.14999389648438,157.3699951171875,155.60000610351562,157.0399932861328,1092300,PNC
2024-05-08,145.4899139404297,157.2100067138672,157.89999389648438,155.0500030517578,155.2899932861328,1254400,PNC
2024-05-09,145.40658569335938,157.1199951171875,157.75999450683594,155.36000061035156,155.89999389648438,1558800,PNC
2024-05-10,145.8323211669922,157.5800018310547,158.52999877929688,157.22999572753906,157.83999633789062,985000,PNC
2024-05-13,146.26727294921875,158.0500030517578,158.8000030517578,157.6300048828125,158.50999450683594,1359500,PNC
2024-05-14,147.51661682128906,159.39999389648438,159.80999755859375,158.2100067138672,159.0,1127900,PNC
2024-05-15,149.31198120117188,161.33999633789062,161.8800048828125,160.22000122070312,160.91000366210938,1313300,PNC
2024-05-16,148.8955535888672,160.88999938964844,161.49000549316406,160.0399932861328,161.32000732421875,1521900,PNC
2024-05-17,148.39584350585938,160.35000610351562,162.07000732421875,160.27999877929688,162.07000732421875,1075100,PNC
2024-05-20,145.4251251220703,157.13999938964844,160.6300048828125,156.91000366210938,160.32000732421875,1428100,PNC
2024-05-21,146.72999572753906,158.5500030517578,158.66000366210938,157.0,157.2899932861328,1168000,PNC
2024-05-22,144.83282470703125,156.5,158.5500030517578,155.77000427246094,157.61000061035156,1141400,PNC
2024-05-23,141.38088989257812,152.77000427246094,156.49000549316406,152.66000366210938,156.41000366210938,1704500,PNC
2024-05-24,142.7598114013672,154.25999450683594,154.30999755859375,152.52999877929688,153.2899932861328,1486400,PNC
2024-05-28,140.98294067382812,152.33999633789062,154.72999572753906,152.27000427246094,154.3300018310547,1224000,PNC
2024-05-29,139.89093017578125,151.16000366210938,152.3000030517578,149.1300048828125,150.11000061035156,1832900,PNC
2024-05-30,142.44515991210938,153.9199981689453,154.7899932861328,151.63999938964844,152.50999450683594,2865700,PNC
2024-05-31,145.65647888183594,157.38999938964844,157.6199951171875,153.6699981689453,154.3000030517578,2894500,PNC
2024-06-03,143.4539031982422,155.00999450683594,158.35000610351562,153.2899932861328,158.0,1450700,PNC
2024-06-04,142.6672821044922,154.16000366210938,155.38999938964844,153.0399932861328,153.3300018310547,2098900,PNC
2024-06-05,143.07449340820312,154.60000610351562,155.22000122070312,153.5,154.89999389648438,1219100,PNC
2024-06-06,143.4169158935547,154.97000122070312,155.7899932861328,154.1999969482422,154.55999755859375,1290600,PNC
2024-06-07,144.25906372070312,155.8800048828125,156.6999969482422,153.75,153.75,698800,PNC
2024-06-10,141.30685424804688,152.69000244140625,154.5,150.97999572753906,154.14999389648438,1783400,PNC
2024-06-11,139.0487823486328,150.25,151.39999389648438,148.0800018310547,151.39999389648438,2732300,PNC
2024-06-12,141.26060485839844,152.63999938964844,154.2899932861328,152.02000427246094,153.13999938964844,1669500,PNC
2024-06-13,140.4369354248047,151.75,152.66000366210938,150.3699951171875,152.3300018310547,918300,PNC
2024-06-14,139.82614135742188,151.08999633789062,151.4600067138672,149.0500030517578,150.07000732421875,887900,PNC
2024-06-17,141.39016723632812,152.77999877929688,152.8699951171875,150.02000427246094,150.6699981689453,974000,PNC
2024-06-18,142.96340942382812,154.47999572753906,154.8800048828125,152.0,152.58999633789062,1420200,PNC
2024-06-20,141.76031494140625,153.17999267578125,153.9600067138672,152.3699951171875,153.00999450683594,1299900,PNC
2024-06-21,141.77883911132812,153.1999969482422,153.36000061035156,151.1300048828125,153.19000244140625,2598300,PNC
2024-06-24,143.35208129882812,154.89999389648438,156.85000610351562,152.9499969482422,154.0500030517578,1445500,PNC
2024-06-25,140.5757598876953,151.89999389648438,155.44000244140625,151.83999633789062,154.22000122070312,1419600,PNC
2024-06-26,140.49246215820312,151.80999755859375,152.58999633789062,150.27999877929688,150.97999572753906,1842300,PNC
2024-06-27,140.60350036621094,151.92999267578125,152.38999938964844,150.60000610351562,151.1300048828125,1008800,PNC
2024-06-28,143.8888702392578,155.47999572753906,155.85000610351562,152.83999633789062,153.0800018310547,2706200,PNC
2024-07-01,144.49966430664062,156.13999938964844,157.72000122070312,155.4600067138672,155.94000244140625,1583400,PNC
2024-07-02,146.9983673095703,158.83999633789062,158.89999389648438,155.4499969482422,155.52000427246094,1326000,PNC
2024-07-03,146.02664184570312,157.7899932861328,159.1199951171875,157.57000732421875,159.1199951171875,914100,PNC
2024-07-05,144.84207153320312,156.50999450683594,158.30999755859375,155.89999389648438,158.10000610351562,975100,PNC
2024-07-08,146.93362426757812,158.77000427246094,159.94000244140625,157.57000732421875,158.8699951171875,1261500,PNC
2024-07-09,149.46929931640625,161.50999450683594,162.07000732421875,157.72000122070312,158.0399932861328,1878900,PNC
2024-07-10,152.0513458251953,164.3000030517578,164.4600067138672,161.19000244140625,161.25,2218900,PNC
2024-07-11,155.7531280517578,168.3000030517578,169.11000061035156,165.36000061035156,165.80999755859375,3299000,PNC
2024-07-12,155.99374389648438,168.55999755859375,169.67999267578125,167.1699981689453,167.5,2435900,PNC
2024-07-15,157.91844177246094,169.02000427246094,170.91000366210938,167.75,168.75,2719200,PNC
2024-07-16,165.35562133789062,176.97999572753906,177.8300018310547,168.75,168.75,5412700,PNC
2024-07-17,167.90631103515625,179.7100067138672,180.86000061035156,176.55999755859375,177.39999389648438,2562500,PNC
2024-07-18,164.50537109375,176.07000732421875,180.97000122070312,174.97999572753906,178.4600067138672,2183800,PNC
2024-07-19,163.982177734375,175.50999450683594,177.92999267578125,174.1999969482422,176.6699981689453,1601100,PNC
2024-07-22,165.51443481445312,177.14999389648438,177.22999572753906,173.00999450683594,175.19000244140625,1995200,PNC
2024-07-23,166.8878936767578,178.6199951171875,179.60000610351562,175.7100067138672,176.50999450683594,1401200,PNC
2024-07-24,165.74801635742188,177.39999389648438,180.64999389648438,176.4600067138672,179.49000549316406,2710400,PNC
2024-07-25,168.17724609375,180.0,182.50999450683594,177.5500030517578,178.2100067138672,1843300,PNC
2024-07-26,169.30776977539062,181.2100067138672,182.4199981689453,180.0500030517578,180.47999572753906,1824100,PNC
2024-07-29,169.111572265625,181.0,181.8300018310547,180.1999969482422,181.36000061035156,1782400,PNC
2024-07-30,170.02720642089844,181.97999572753906,182.83999633789062,180.8000030517578,182.0,1639800,PNC
2024-07-31,169.20498657226562,181.10000610351562,182.7899932861328,180.3699951171875,181.5,1863300,PNC
2024-08-01,164.43064880371094,175.99000549316406,181.86000061035156,175.27999877929688,181.3300018310547,2237900,PNC
2024-08-02,158.8340606689453,170.0,173.82000732421875,169.08999633789062,173.82000732421875,2917000,PNC
2024-08-05,154.92864990234375,165.82000732421875,166.80999755859375,162.14999389648438,166.13999938964844,3319100,PNC
2024-08-06,157.98385620117188,169.08999633789062,170.13999938964844,165.14999389648438,165.94000244140625,2114900,PNC
2024-08-07,155.7975311279297,166.75,172.72999572753906,166.6300048828125,171.6999969482422,1729100,PNC
2024-08-08,159.09567260742188,170.27999877929688,170.58999633789062,168.32000732421875,168.38999938964844,1497300,PNC
2024-08-09,158.75930786132812,169.9199981689453,170.52000427246094,169.39999389648438,170.11000061035156,710500,PNC
2024-08-12,156.04981994628906,167.02000427246094,171.94000244140625,166.8000030517578,170.6300048828125,1772300,PNC
2024-08-13,157.16165161132812,168.2100067138672,168.3699951171875,166.4199981689453,168.3699951171875,1567000,PNC
2024-08-14,157.3111114501953,168.3699951171875,169.1999969482422,167.0,168.30999755859375,1764400,PNC
2024-08-15,160.5345458984375,171.82000732421875,173.1300048828125,171.25,171.89999389648438,1838100,PNC
2024-08-16,161.63702392578125,173.0,174.0,171.8000030517578,171.8000030517578,1365500,PNC
2024-08-19,163.03848266601562,174.5,174.80999755859375,173.14999389648438,173.47000122070312,971500,PNC
2024-08-20,162.18826293945312,173.58999633789062,174.4499969482422,173.13999938964844,173.69000244140625,1323800,PNC
2024-08-21,161.9827117919922,173.3699951171875,174.35000610351562,172.19000244140625,174.10000610351562,1082900,PNC
2024-08-22,163.430908203125,174.9199981689453,175.72999572753906,173.2100067138672,173.55999755859375,1531400,PNC
2024-08-23,166.40203857421875,178.10000610351562,180.19000244140625,175.75,176.14999389648438,1753000,PNC
2024-08-26,166.41139221191406,178.11000061035156,179.9600067138672,177.6999969482422,179.2899932861328,1009700,PNC
2024-08-27,167.383056640625,179.14999389648438,179.27000427246094,177.36000061035156,178.02000427246094,1335700,PNC
2024-08-28,169.84034729003906,181.77999877929688,183.25999450683594,178.5800018310547,178.5800018310547,1577600,PNC
2024-08-29,171.01756286621094,183.0399932861328,184.55999755859375,180.1199951171875,182.7100067138672,1034000,PNC
2024-08-30,172.93292236328125,185.08999633789062,185.57000732421875,183.1699981689453,183.1699981689453,1978300,PNC
2024-09-03,172.3816680908203,184.5,185.83999633789062,183.4499969482422,184.19000244140625,1572300,PNC
2024-09-04,170.3822479248047,182.36000061035156,185.22999572753906,181.0800018310547,184.5,1621600,PNC
2024-09-05,169.0648651123047,180.9499969482422,184.27000427246094,179.72000122070312,183.8000030517578,1231000,PNC
2024-09-06,165.09400939941406,176.6999969482422,182.11000061035156,175.57000732421875,180.7100067138672,1679500,PNC
2024-09-09,170.61581420898438,182.61000061035156,183.3699951171875,177.57000732421875,178.47999572753906,2900700,PNC
2024-09-10,167.03738403320312,178.77999877929688,183.57000732421875,175.9499969482422,183.35000610351562,2628500,PNC
2024-09-11,165.48641967773438,177.1199951171875,177.5,172.88999938964844,176.97000122070312,1886300,PNC
2024-09-12,165.93490600585938,177.60000610351562,178.61000061035156,175.19000244140625,177.52000427246094,1939000,PNC
2024-09-13,165.5985565185547,177.24000549316406,180.0,176.22999572753906,178.10000610351562,1745200,PNC
2024-09-16,169.03683471679688,180.9199981689453,181.02000427246094,178.22999572753906,178.22999572753906,1187600,PNC
2024-09-17,169.5693817138672,181.49000549316406,182.8800048828125,180.72999572753906,181.52000427246094,2024600,PNC
2024-09-18,170.5784454345703,182.57000732421875,185.5,180.64999389648438,181.85000610351562,1458100,PNC
2024-09-19,174.9043426513672,187.1999969482422,187.77999877929688,183.82000732421875,185.08999633789062,2140300,PNC
2024-09-20,174.11952209472656,186.36000061035156,187.16000366210938,185.5500030517578,185.92999267578125,2651600,PNC
2024-09-23,172.93292236328125,185.08999633789062,187.77000427246094,184.85000610351562,186.60000610351562,1545500,PNC
2024-09-24,172.49380493164062,184.6199951171875,186.3300018310547,183.3300018310547,185.8800048828125,1404200,PNC
2024-09-25,169.8310089111328,181.77000427246094,184.47000122070312,181.38999938964844,184.47000122070312,1209700,PNC
2024-09-26,171.27919006347656,183.32000732421875,184.30999755859375,182.08999633789062,183.72999572753906,1445500,PNC
2024-09-27,171.04562377929688,183.07000732421875,184.72000122070312,182.33999633789062,183.74000549316406,925700,PNC
2024-09-30,172.70870971679688,184.85000610351562,185.32000732421875,181.6699981689453,182.75,1493300,PNC
2024-10-01,168.074462890625,179.88999938964844,183.7100067138672,178.38999938964844,183.49000549316406,1664900,PNC
2024-10-02,167.61666870117188,179.39999389648438,182.07000732421875,178.75,179.5500030517578,1394000,PNC
2024-10-03,166.67300415039062,178.38999938964844,179.4499969482422,176.92999267578125,178.3699951171875,1706100,PNC
2024-10-04,170.28878784179688,182.25999450683594,182.89999389648438,179.94000244140625,181.35000610351562,1103800,PNC
2024-10-07,170.26075744628906,182.22999572753906,183.25,180.4199981689453,181.97999572753906,1427600,PNC
2024-10-08,168.98077392578125,180.86000061035156,183.39999389648438,180.44000244140625,183.13999938964844,1449500,PNC
2024-10-09,171.2324676513672,183.27000427246094,184.0399932861328,180.5,180.77000427246094,1085300,PNC
2024-10-10,171.32589721679688,183.3699951171875,184.42999267578125,182.22999572753906,182.67999267578125,1453900,PNC
2024-10-11,175.43690490722656,187.77000427246094,189.1699981689453,184.7100067138672,185.0,1386800,PNC
2024-10-14,176.13763427734375,188.52000427246094,189.69000244140625,186.1300048828125,187.25999450683594,2205800,PNC
2024-10-15,179.70672607421875,192.33999633789062,196.63999938964844,189.67999267578125,190.5,2972500,PNC
2024-10-16,178.94358825683594,189.92999267578125,193.85000610351562,189.6199951171875,192.75999450683594,2920300,PNC
2024-10-17,177.8789520263672,188.8000030517578,192.92999267578125,188.74000549316406,190.9600067138672,2842900,PNC
2024-10-18,178.42539978027344,189.3800048828125,191.49000549316406,188.00999450683594,190.57000732421875,1852600,PNC
2024-10-21,174.90176391601562,185.63999938964844,189.80999755859375,185.33999633789062,188.49000549316406,1681200,PNC
2024-10-22,175.5047149658203,186.27999877929688,186.80999755859375,183.86000061035156,185.8000030517578,1870900,PNC
2024-10-23,177.3230743408203,188.2100067138672,188.52999877929688,185.8000030517578,185.85000610351562,2014400,PNC
2024-10-24,178.01084899902344,188.94000244140625,189.69000244140625,186.9600067138672,188.92999267578125,1223000,PNC
2024-10-25,175.07135009765625,185.82000732421875,190.63999938964844,185.6300048828125,190.27000427246094,1319000,PNC
2024-10-28,178.849365234375,189.8300018310547,190.1199951171875,186.27000427246094,187.5,1189100,PNC
2024-10-29,176.98390197753906,187.85000610351562,190.0,187.4199981689453,189.5,1005800,PNC
2024-10-30,179.21681213378906,190.22000122070312,191.8699951171875,186.77000427246094,187.25999450683594,1634800,PNC
2024-10-31,177.37960815429688,188.27000427246094,191.83999633789062,188.17999267578125,189.92999267578125,1802300,PNC
2024-11-01,176.3243865966797,187.14999389648438,191.3699951171875,187.0,189.5,1971500,PNC
2024-11-04,175.1938018798828,185.9499969482422,188.3000030517578,185.5399932861328,187.25999450683594,1429400,PNC
2024-11-05,177.8789520263672,188.8000030517578,188.86000061035156,185.6999969482422,186.2100067138672,1524100,PNC
2024-11-06,193.1136016845703,204.97000122070312,205.05999755859375,198.4499969482422,200.08999633789062,3940700,PNC
2024-11-07,191.45541381835938,203.2100067138672,203.83999633789062,200.8800048828125,202.8800048828125,3634200,PNC
2024-11-08,192.1714630126953,203.97000122070312,205.1999969482422,201.66000366210938,203.8000030517578,1888900,PNC
2024-11-11,197.5794219970703,209.7100067138672,210.42999267578125,206.27999877929688,206.27999877929688,2578700,PNC
2024-11-12,198.8324737548828,211.0399932861328,211.39999389648438,208.80999755859375,209.1199951171875,2207100,PNC
2024-11-13,197.193115234375,209.3000030517578,214.19000244140625,208.69000244140625,212.11000061035156,1653200,PNC
2024-11-14,195.93067932128906,207.9600067138672,210.39999389648438,207.1699981689453,209.3000030517578,1482900,PNC
2024-11-15,195.66683959960938,207.67999267578125,210.0399932861328,206.39999389648438,208.1199951171875,2511500,PNC
2024-11-18,194.86602783203125,206.8300018310547,208.41000366210938,206.41000366210938,207.6300048828125,1652500,PNC
2024-11-19,193.00997924804688,204.86000061035156,206.89999389648438,204.36000061035156,204.5,1841900,PNC
2024-11-20,192.152587890625,203.9499969482422,205.6199951171875,203.47000122070312,205.2100067138672,1606200,PNC
2024-11-21,193.84848022460938,205.75,207.91000366210938,203.9499969482422,203.9499969482422,3183100,PNC
2024-11-22,197.91860961914062,210.07000732421875,210.7100067138672,205.72000122070312,205.97999572753906,1675400,PNC
2024-11-25,200.1797637939453,212.47000122070312,214.63999938964844,211.75,211.97000122070312,2315000,PNC
2024-11-26,201.8096923828125,214.1999969482422,214.80999755859375,210.4499969482422,211.83999633789062,1897500,PNC
2024-11-27,202.5634307861328,215.0,216.17999267578125,214.0399932861328,214.1999969482422,1565700,PNC
2024-11-29,202.29962158203125,214.72000122070312,216.25999450683594,213.6300048828125,216.00999450683594,1112900,PNC
2024-12-02,199.1339874267578,211.36000061035156,216.1300048828125,211.1999969482422,215.69000244140625,1774200,PNC
2024-12-03,196.919921875,209.00999450683594,212.6300048828125,208.2899932861328,212.3000030517578,1447100,PNC
2024-12-04,195.8929443359375,207.9199981689453,209.97000122070312,206.63999938964844,209.1300048828125,1458300,PNC
2024-12-05,196.75033569335938,208.8300018310547,210.8300018310547,207.72999572753906,208.2899932861328,1727000,PNC
2024-12-06,196.56190490722656,208.6300048828125,209.86000061035156,207.1300048828125,209.24000549316406,1485900,PNC
2024-12-09,192.6707763671875,204.5,209.16000366210938,204.39999389648438,208.0,1598800,PNC
2024-12-10,192.61427307128906,204.44000244140625,206.3699951171875,203.30999755859375,205.8800048828125,2146200,PNC
2024-12-11,191.6156005859375,203.3800048828125,206.47000122070312,203.16000366210938,206.17999267578125,1697500,PNC
2024-12-12,190.6074981689453,202.30999755859375,205.14999389648438,202.13999938964844,204.2899932861328,1618700,PNC
2024-12-13,189.84434509277344,201.5,203.05999755859375,200.02999877929688,203.05999755859375,1590500,PNC
2024-12-16,188.930419921875,200.52999877929688,201.89999389648438,199.35000610351562,201.89999389648438,2480000,PNC
2024-12-17,186.8294219970703,198.3000030517578,199.47000122070312,197.1199951171875,199.1999969482422,2400600,PNC
2024-12-18,180.85617065429688,191.9600067138672,200.36000061035156,191.2899932861328,198.94000244140625,3539000,PNC
2024-12-19,179.03781127929688,190.02999877929688,195.5800018310547,189.67999267578125,194.2899932861328,1886500,PNC
2024-12-20,181.60987854003906,192.75999450683594,193.4199981689453,189.0,189.2899932861328,3961400,PNC
2024-12-23,181.94906616210938,193.1199951171875,193.3000030517578,190.36000061035156,191.25,1493600,PNC
2024-12-24,182.85354614257812,194.0800018310547,194.25,191.94000244140625,193.5500030517578,724300,PNC
2024-12-26,183.50364685058594,194.77000427246094,194.89999389648438,192.17999267578125,193.47999572753906,746600,PNC
2024-12-27,182.0998077392578,193.27999877929688,195.52999877929688,192.2100067138672,193.6199951171875,886400,PNC
2024-12-30,181.3931884765625,192.52999877929688,193.32000732421875,190.11000061035156,191.8000030517578,1026900,PNC
2024-12-31,181.69468688964844,192.85000610351562,194.13999938964844,192.16000366210938,193.33999633789062,1011500,PNC
2025-01-02,180.31912231445312,191.38999938964844,194.39999389648438,189.5800018310547,192.80999755859375,1750500,PNC
2025-01-03,184.31387329101562,195.6300048828125,195.69000244140625,190.5,192.14999389648438,1358100,PNC
2025-01-06,184.2761993408203,195.58999633789062,199.22999572753906,194.4600067138672,197.6999969482422,2634100,PNC
2025-01-07,183.50364685058594,194.77000427246094,197.3699951171875,193.55999755859375,195.9199981689453,2727100,PNC
2025-01-08,183.4188232421875,194.67999267578125,195.41000366210938,191.25,194.66000366210938,1659700,PNC
2025-01-10,178.0862274169922,189.02000427246094,193.50999450683594,188.61000061035156,192.8800048828125,2253200,PNC
2025-01-13,181.29898071289062,192.42999267578125,192.7100067138672,189.3000030517578,189.32000732421875,1855600,PNC
2025-01-14,184.38925170898438,195.7100067138672,196.47999572753906,192.83999633789062,194.17999267578125,1733400,PNC
2025-01-15,190.40225219726562,200.44000244140625,200.6199951171875,197.75,199.38999938964844,3431200,PNC
2025-01-16,186.6975555419922,196.5399932861328,196.99000549316406,183.44000244140625,185.5,5065800,PNC
2025-01-17,188.59739685058594,198.5399932861328,202.1999969482422,196.7899932861328,198.0,4465700,PNC
2025-01-21,188.6163787841797,198.55999755859375,200.6300048828125,197.1999969482422,199.3800048828125,3111100,PNC
2025-01-22,186.46957397460938,196.3000030517578,197.7899932861328,195.3699951171875,197.47000122070312,2879900,PNC
2025-01-23,187.751953125,197.64999389648438,198.67999267578125,194.07000732421875,195.7100067138672,2716400,PNC
2025-01-24,189.53782653808594,199.52999877929688,201.38999938964844,196.1699981689453,196.1699981689453,2083100,PNC
2025-01-27,192.72955322265625,202.88999938964844,202.92999267578125,199.92999267578125,200.22000122070312,1841800,PNC
2025-01-28,191.61814880371094,201.72000122070312,203.5800018310547,199.25999450683594,202.64999389648438,1922400,PNC
2025-01-29,192.05511474609375,202.17999267578125,205.4600067138672,201.6300048828125,201.72000122070312,2096700,PNC
2025-01-30,191.9506378173828,202.07000732421875,204.74000549316406,200.3800048828125,204.22000122070312,1705400,PNC
2025-01-31,190.88671875,200.9499969482422,203.05999755859375,199.41000366210938,202.11000061035156,2739800,PNC
2025-02-03,187.7424774169922,197.63999938964844,198.75999450683594,194.3000030517578,197.19000244140625,1474500,PNC
2025-02-04,189.01535034179688,198.97999572753906,200.27999877929688,197.8000030517578,198.05999755859375,1536300,PNC
2025-02-05,188.9298858642578,198.88999938964844,200.57000732421875,197.49000549316406,200.17999267578125,2057700,PNC
2025-02-06,192.29258728027344,202.42999267578125,202.50999450683594,199.11000061035156,201.39999389648438,1593700,PNC
2025-02-07,190.66822814941406,200.72000122070312,202.75,199.94000244140625,202.61000061035156,1270900,PNC
2025-02-10,187.4005126953125,197.27999877929688,200.9499969482422,196.55999755859375,200.72000122070312,1453200,PNC
2025-02-11,189.24334716796875,199.22000122070312,199.50999450683594,195.82000732421875,196.91000366210938,1422000,PNC
2025-02-12,185.79513549804688,195.58999633789062,197.63999938964844,194.50999450683594,197.2899932861328,1774500,PNC
2025-02-13,185.64315795898438,195.42999267578125,196.42999267578125,194.1199951171875,195.72000122070312,1883500,PNC
2025-02-14,184.19927978515625,193.91000366210938,198.08999633789062,193.5,196.13999938964844,2362000,PNC
2025-02-18,186.67857360839844,196.52000427246094,196.86000061035156,193.13999938964844,194.0,2261700,PNC
2025-02-19,184.4842529296875,194.2100067138672,195.3699951171875,192.66000366210938,194.39999389648438,1615600,PNC
2025-02-20,182.28041076660156,191.88999938964844,195.02999877929688,190.52999877929688,194.3800048828125,1770600,PNC
2025-02-21,178.63270568847656,188.0500030517578,192.52999877929688,187.47999572753906,192.4499969482422,1991900,PNC
2025-02-24,177.59732055664062,186.9600067138672,189.1999969482422,186.1999969482422,188.82000732421875,2738800,PNC
2025-02-25,177.1318359375,186.47000122070312,189.32000732421875,185.10000610351562,188.32000732421875,1720600,PNC
2025-02-26,177.65431213378906,187.02000427246094,188.88999938964844,186.41000366210938,187.11000061035156,1324900,PNC
2025-02-27,179.1171875,188.55999755859375,190.83999633789062,187.49000549316406,187.77999877929688,1337900,PNC
2025-02-28,182.30889892578125,191.9199981689453,192.22999572753906,188.67999267578125,190.17999267578125,2358000,PNC
2025-03-03,180.00062561035156,189.49000549316406,194.27000427246094,187.88999938964844,192.35000610351562,1338000,PNC
2025-03-04,171.41331481933594,180.4499969482422,187.91000366210938,178.80999755859375,187.0500030517578,2832900,PNC
2025-03-05,171.43231201171875,180.47000122070312,182.11000061035156,178.3000030517578,180.7899932861328,2320200,PNC
2025-03-06,170.0169219970703,178.97999572753906,179.9600067138672,176.47999572753906,178.27000427246094,2016600,PNC
2025-03-07,170.76736450195312,179.77000427246094,180.61000061035156,175.6699981689453,178.8300018310547,1853500,PNC
2025-03-10,165.8657989501953,174.61000061035156,177.99000549316406,172.25999450683594,176.0,2931700,PNC
2025-03-11,161.5436248779297,170.05999755859375,176.22999572753906,169.8300018310547,173.94000244140625,2453500,PNC
2025-03-12,162.44607543945312,171.00999450683594,173.0800018310547,169.10000610351562,172.0800018310547,2389100,PNC
2025-03-13,160.38473510742188,168.83999633789062,172.88999938964844,168.44000244140625,172.16000366210938,2054300,PNC
2025-03-14,164.32691955566406,172.99000549316406,173.14999389648438,170.05999755859375,171.14999389648438,2312000,PNC
2025-03-17,165.2863311767578,174.0,174.5800018310547,171.5500030517578,172.6199951171875,2572900,PNC
2025-03-18,164.6688690185547,173.35000610351562,174.6999969482422,171.7100067138672,174.27999877929688,4219500,PNC
2025-03-19,165.12484741210938,173.8300018310547,175.72000122070312,172.38999938964844,173.39999389648438,3026200,PNC
2025-03-20,164.7258758544922,173.41000366210938,175.17999267578125,172.0,172.30999755859375,2994500,PNC
2025-03-21,164.91586303710938,173.61000061035156,173.67999267578125,170.85000610351562,172.0,5500400,PNC
2025-03-24,167.69912719726562,176.5399932861328,177.0500030517578,174.77000427246094,175.02000427246094,2924400,PNC
2025-03-25,168.02210998535156,176.8800048828125,177.99000549316406,176.3000030517578,176.7100067138672,2035900,PNC
2025-03-26,168.0601043701172,176.9199981689453,179.67999267578125,176.19000244140625,177.77000427246094,1847000,PNC
2025-03-27,166.20774841308594,174.97000122070312,177.19000244140625,174.52000427246094,177.07000732421875,2324400,PNC
2025-03-28,163.2725067138672,171.8800048828125,176.0500030517578,170.86000061035156,174.77999877929688,1947400,PNC
2025-03-31,166.96768188476562,175.77000427246094,176.47999572753906,171.14999389648438,172.67999267578125,3595700,PNC
2025-04-01,165.894287109375,174.63999938964844,176.14999389648438,172.47000122070312,174.16000366210938,2165700,PNC
2025-04-02,168.1455841064453,177.00999450683594,177.4199981689453,173.27000427246094,173.47999572753906,2117600,PNC
2025-04-03,153.21282958984375,161.2899932861328,170.5,160.82000732421875,168.5,3408300,PNC
2025-04-04,145.43296813964844,153.10000610351562,155.94000244140625,149.0,155.27000427246094,4147400,PNC
2025-04-07,145.15748596191406,152.80999755859375,158.32000732421875,146.89999389648438,150.6300048828125,5195200,PNC
2025-04-08,142.26023864746094,149.75999450683594,159.10000610351562,147.0399932861328,157.89999389648438,5210900,PNC
2025-04-09,152.20590209960938,160.22999572753906,162.1999969482422,145.1199951171875,146.8300018310547,5593800,PNC
2025-04-10,144.54005432128906,152.16000366210938,157.72999572753906,147.67999267578125,156.83999633789062,4240100,PNC
2025-04-11,144.3785858154297,151.99000549316406,153.9600067138672,148.2100067138672,150.6300048828125,3850200,PNC
2025-04-14,147.54180908203125,155.32000732421875,156.5500030517578,153.25,154.08999633789062,3488800,PNC
2025-04-15,147.60830688476562,155.38999938964844,159.5800018310547,152.50999450683594,152.50999450683594,3621100,PNC
2025-04-16,145.44873046875,151.5399932861328,154.92999267578125,149.75,152.0800018310547,2875400,PNC
2025-04-17,146.2069854736328,152.3300018310547,153.82000732421875,151.6699981689453,152.30999755859375,3564400,PNC
2025-04-21,144.0954132080078,150.1300048828125,151.97999572753906,148.27999877929688,150.5,2860500,PNC
2025-04-22,148.24176025390625,154.4499969482422,154.72000122070312,151.10000610351562,151.61000061035156,2124200,PNC
2025-04-23,151.08277893066406,157.41000366210938,162.05999755859375,156.97000122070312,157.6999969482422,3145600,PNC
2025-04-24,153.3287353515625,159.75,160.10000610351562,156.14999389648438,157.13999938964844,1382400,PNC
2025-04-25,152.09060668945312,158.4600067138672,159.61000061035156,157.33999633789062,158.4499969482422,1125100,PNC
2025-04-28,153.23275756835938,159.64999389648438,160.75,158.1199951171875,158.8800048828125,1917500,PNC
2025-04-29,154.1445770263672,160.60000610351562,161.3699951171875,158.3699951171875,158.69000244140625,1643000,PNC
2025-04-30,154.23094177246094,160.69000244140625,161.0800018310547,156.6999969482422,157.88999938964844,2113600,PNC
2025-05-01,154.51890563964844,160.99000549316406,162.5800018310547,158.9199981689453,159.92999267578125,1996700,PNC
2025-05-02,158.885986328125,165.5399932861328,165.89999389648438,163.11000061035156,163.16000366210938,1764800,PNC
2025-05-05,159.03956604003906,165.6999969482422,167.36000061035156,163.32000732421875,163.3699951171875,2761200,PNC
2025-05-06,156.956787109375,163.52999877929688,165.63999938964844,163.4499969482422,164.2899932861328,1880000,PNC
2025-05-07,157.38870239257812,163.97999572753906,165.7899932861328,163.30999755859375,164.97999572753906,2094400,PNC
2025-05-08,160.0281524658203,166.72999572753906,168.24000549316406,165.32000732421875,165.32000732421875,1409900,PNC
2025-05-09,159.74981689453125,166.44000244140625,167.49000549316406,166.02000427246094,166.7899932861328,1671300,PNC
2025-05-12,167.96575927734375,175.0,176.24000549316406,172.69000244140625,173.38999938964844,3439900,PNC
2025-05-13,170.39405822753906,177.52999877929688,178.17999267578125,174.5399932861328,175.64999389648438,2515400,PNC
2025-05-14,170.70120239257812,177.85000610351562,178.5,176.32000732421875,177.0399932861328,1990200,PNC
2025-05-15,172.24647521972656,179.4600067138672,180.07000732421875,177.3000030517578,177.77999877929688,2728900,PNC
2025-05-16,172.20806884765625,179.4199981689453,180.33999633789062,178.66000366210938,179.13999938964844,2215700,PNC
2025-05-19,171.45944213867188,178.63999938964844,179.7100067138672,177.08999633789062,177.67999267578125,1530200,PNC
2025-05-20,170.34603881835938,177.47999572753906,178.6199951171875,176.8800048828125,177.9199981689453,1084300,PNC
2025-05-21,165.34548950195312,172.27000427246094,176.27999877929688,172.2100067138672,175.63999938964844,1759400,PNC
2025-05-22,166.0365447998047,172.99000549316406,174.0399932861328,171.49000549316406,171.9199981689453,1837100,PNC
2025-05-23,164.91358947753906,171.82000732421875,172.6300048828125,169.32000732421875,169.75,1641600,PNC
2025-05-27,169.15591430664062,176.24000549316406,176.25999450683594,172.7100067138672,174.1300048828125,1755900,PNC
2025-05-28,166.97714233398438,173.97000122070312,176.9199981689453,173.83999633789062,176.19000244140625,1591500,PNC
2025-05-29,168.06173706054688,175.10000610351562,175.1999969482422,173.57000732421875,175.08999633789062,1457500,PNC
2025-05-30,166.82357788085938,173.80999755859375,175.27000427246094,172.9499969482422,174.9199981689453,4161400,PNC
2025-06-02,166.9483642578125,173.94000244140625,174.22999572753906,170.49000549316406,173.14999389648438,2227600,PNC
2025-06-03,169.22308349609375,176.30999755859375,176.91000366210938,172.85000610351562,173.38999938964844,1976200,PNC
2025-06-04,167.83135986328125,174.86000061035156,177.64999389648438,174.83999633789062,176.27000427246094,1306200,PNC
2025-06-05,167.6778106689453,174.6999969482422,175.41000366210938,173.1699981689453,174.6999969482422,1552200,PNC
2025-06-06,171.44984436035156,178.6300048828125,178.8000030517578,176.0,177.6300048828125,1326800,PNC
2025-06-09,171.55540466308594,178.74000549316406,180.4199981689453,178.47000122070312,179.35000610351562,1227300,PNC
2025-06-10,172.198486328125,179.41000366210938,180.67999267578125,178.3300018310547,178.49000549316406,1252700,PNC
2025-06-11,170.5956268310547,177.74000549316406,180.11000061035156,177.16000366210938,179.82000732421875,2552900,PNC
2025-06-12,170.5956268310547,177.74000549316406,178.38999938964844,175.1300048828125,177.27000427246094,1647400,PNC
2025-06-13,166.40126037597656,173.3699951171875,176.22999572753906,172.72999572753906,175.5800018310547,1727600,PNC
2025-06-16,168.10011291503906,175.13999938964844,176.55999755859375,174.1199951171875,175.2100067138672,1260100,PNC
2025-06-17,166.23809814453125,173.1999969482422,174.99000549316406,172.8800048828125,173.5399932861328,1422200,PNC
2025-06-18,168.2248992919922,175.27000427246094,176.85000610351562,172.88999938964844,173.14999389648438,1858900,PNC
2025-06-20,170.25967407226562,177.38999938964844,178.5800018310547,176.25,176.86000061035156,5431300,PNC
2025-06-23,173.48463439941406,180.75,180.89999389648438,176.1699981689453,176.61000061035156,1853000,PNC
2025-06-24,174.70358276367188,182.02000427246094,184.30999755859375,181.00999450683594,182.4600067138672,1683400,PNC
2025-06-25,175.17385864257812,182.50999450683594,182.63999938964844,180.4499969482422,181.52999877929688,2403300,PNC
2025-06-26,178.05328369140625,185.50999450683594,185.8699951171875,182.97999572753906,183.44000244140625,2843400,PNC
2025-06-27,178.2836456298828,185.75,187.4199981689453,184.85000610351562,185.50999450683594,2772400,PNC
2025-06-30,178.92669677734375,186.4199981689453,187.72999572753906,185.7899932861328,186.83999633789062,2306800,PNC
2025-07-01,184.78150939941406,192.52000427246094,193.22000122070312,186.00999450683594,186.0399932861328,3601900,PNC
2025-07-02,187.84329223632812,195.7100067138672,196.14999389648438,192.5500030517578,193.75,2769100,PNC
2025-07-03,188.6687469482422,196.57000732421875,197.33999633789062,194.9600067138672,195.52999877929688,1863500,PNC
2025-07-07,188.36158752441406,196.25,197.3300018310547,194.6999969482422,196.11000061035156,3796000,PNC
2025-07-08,190.04122924804688,198.0,198.58999633789062,196.25,197.36000061035156,4452100,PNC
2025-07-09,188.25599670410156,196.13999938964844,200.9499969482422,196.02999877929688,200.0,3730500,PNC
2025-07-10,189.99325561523438,197.9499969482422,199.02000427246094,195.99000549316406,196.60000610351562,3802800,PNC
2025-07-11,189.1006317138672,197.02000427246094,198.1199951171875,195.13999938964844,197.0,2642900,PNC
2025-07-14,189.4557647705078,197.38999938964844,198.07000732421875,195.97999572753906,197.60000610351562,2142100,PNC
2025-07-15,186.0188751220703,192.13999938964844,196.30999755859375,191.97000122070312,195.4600067138672,3458200,PNC
2025-07-16,187.75181579589844,193.92999267578125,197.07000732421875,191.50999450683594,196.88999938964844,3764000,PNC
2025-07-17,189.7462158203125,195.99000549316406,196.6699981689453,193.0500030517578,193.0500030517578,3097000,PNC
2025-07-18,190.2593231201172,196.52000427246094,196.7899932861328,193.94000244140625,196.33999633789062,2548200,PNC
2025-07-21,189.78492736816406,196.02999877929688,198.5500030517578,195.9600067138672,197.05999755859375,1825200,PNC
2025-07-22,190.5110321044922,196.77999877929688,199.0,195.5800018310547,195.88999938964844,2106900,PNC
2025-07-23,191.45982360839844,197.75999450683594,198.08999633789062,195.36000061035156,197.5500030517578,2059000,PNC
2025-07-24,189.90109252929688,196.14999389648438,198.67999267578125,196.14999389648438,197.77000427246094,2139300,PNC
2025-07-25,189.80429077148438,196.0500030517578,196.6999969482422,193.69000244140625,196.3300018310547,1817300,PNC
2025-07-28,187.79055786132812,193.97000122070312,196.5,193.05999755859375,196.02999877929688,1484000,PNC
2025-07-29,187.20965576171875,193.3699951171875,195.50999450683594,192.8699951171875,195.22999572753906,1236600,PNC
2025-07-30,186.41580200195312,192.5500030517578,195.25999450683594,191.4199981689453,195.02000427246094,1546200,PNC
2025-07-31,184.2084503173828,190.27000427246094,192.8699951171875,189.82000732421875,192.08999633789062,1669300,PNC
2025-08-01,179.9582977294922,185.8800048828125,187.97000122070312,183.83999633789062,187.4499969482422,2639400,PNC
2025-08-04,183.04666137695312,189.07000732421875,189.27000427246094,186.55999755859375,186.60000610351562,1588500,PNC
2025-08-05,182.96920776367188,188.99000549316406,190.5,186.66000366210938,189.72999572753906,1497500,PNC
2025-08-06,182.55288696289062,188.55999755859375,190.1699981689453,188.5399932861328,189.25999450683594,1335800,PNC
2025-08-07,181.15878295898438,187.1199951171875,190.1199951171875,186.47999572753906,190.11000061035156,1280700,PNC
2025-08-08,183.6953125,189.74000549316406,189.99000549316406,187.0800018310547,188.33999633789062,1020100,PNC
2025-08-11,182.52386474609375,188.52999877929688,190.47999572753906,187.86000061035156,190.10000610351562,1571700,PNC
2025-08-12,185.13784790039062,191.22999572753906,191.8800048828125,189.82000732421875,189.8699951171875,1679200,PNC
2025-08-13,187.2387237548828,193.39999389648438,193.67999267578125,190.75,192.0,1506100,PNC
2025-08-14,188.3714599609375,194.57000732421875,194.74000549316406,191.16000366210938,192.5500030517578,1086600,PNC
2025-08-15,185.17657470703125,191.27000427246094,195.85000610351562,191.1199951171875,195.85000610351562,1300400,PNC
2025-08-18,185.89300537109375,192.00999450683594,192.19000244140625,190.3800048828125,191.0,1349100,PNC
2025-08-19,186.84178161621094,192.99000549316406,194.0800018310547,191.55999755859375,191.8800048828125,1701200,PNC
2025-08-20,188.78773498535156,195.0,195.5500030517578,192.74000549316406,193.57000732421875,2008800,PNC
2025-08-21,187.81959533691406,194.0,195.16000366210938,193.07000732421875,194.2899932861328,1405500,PNC
2025-08-22,195.2646026611328,201.69000244140625,202.07000732421875,194.72000122070312,195.02000427246094,1835600,PNC
2025-08-25,194.30615234375,200.6999969482422,201.47000122070312,200.16000366210938,201.3000030517578,1275000,PNC
2025-08-26,196.9782257080078,203.4600067138672,203.74000549316406,200.00999450683594,200.24000549316406,1730700,PNC
2025-08-27,199.47601318359375,206.0399932861328,206.61000061035156,202.10000610351562,203.0399932861328,1762600,PNC
2025-08-28,199.0694122314453,205.6199951171875,207.16000366210938,204.75,207.16000366210938,1924800,PNC
2025-08-29,200.83143615722656,207.44000244140625,208.33999633789062,205.60000610351562,205.60000610351562,2045600,PNC
2025-09-02,198.8757781982422,205.4199981689453,205.7100067138672,202.6999969482422,205.7100067138672,1647400,PNC
2025-09-03,198.46917724609375,205.0,205.74000549316406,202.92999267578125,204.39999389648438,1827800,PNC
2025-09-04,200.7539825439453,207.36000061035156,207.4600067138672,205.19000244140625,206.24000549316406,1203300,PNC
2025-09-05,197.8882598876953,204.39999389648438,208.8000030517578,203.74000549316406,207.75999450683594,1273000,PNC
2025-09-08,197.27835083007812,203.77000427246094,205.63999938964844,201.1300048828125,204.2100067138672,1772800,PNC
2025-09-09,194.02540588378906,200.41000366210938,204.9499969482422,198.83999633789062,203.77000427246094,1856100,PNC
2025-09-10,195.45823669433594,201.88999938964844,202.55999755859375,200.4199981689453,200.97000122070312,1290600,PNC
2025-09-11,196.2908477783203,202.75,203.52999877929688,201.14999389648438,201.61000061035156,1271000,PNC
2025-09-12,195.5453643798828,201.97999572753906,203.0399932861328,201.58999633789062,202.75,1015300,PNC
2025-09-15,196.01010131835938,202.4600067138672,205.1300048828125,201.88999938964844,202.25,1464300,PNC
2025-09-16,194.53851318359375,200.94000244140625,203.13999938964844,198.67999267578125,202.58999633789062,1187400,PNC
2025-09-17,197.27835083007812,203.77000427246094,205.83999633789062,201.10000610351562,201.4600067138672,1387600,PNC
2025-09-18,199.69869995117188,206.27000427246094,206.52999877929688,203.39999389648438,203.9199981689453,1125200,PNC
2025-09-19,198.9726104736328,205.52000427246094,206.7100067138672,204.0,206.7100067138672,3001300,PNC
2025-09-22,196.6490478515625,203.1199951171875,205.4499969482422,202.5500030517578,204.1199951171875,1216700,PNC
2025-09-23,197.42356872558594,203.9199981689453,206.7899932861328,203.11000061035156,204.0,1310700,PNC
2025-09-24,197.57847595214844,204.0800018310547,205.97000122070312,202.58999633789062,203.99000549316406,1782700,PNC
2025-09-25,196.2811737060547,202.74000549316406,204.22000122070312,202.14999389648438,203.1199951171875,1043000,PNC
2025-09-26,196.8426971435547,203.32000732421875,205.64999389648438,202.6199951171875,204.10000610351562,1008200,PNC
2025-09-29,195.41952514648438,201.85000610351562,204.0500030517578,200.1999969482422,203.9199981689453,1635900,PNC
2025-09-30,194.52882385253906,200.92999267578125,202.7899932861328,197.39999389648438,202.19000244140625,1516700,PNC
2025-10-01,192.1181640625,198.44000244140625,200.3800048828125,197.89999389648438,199.6199951171875,1378300,PNC
2025-10-02,191.84707641601562,198.16000366210938,199.61000061035156,196.6199951171875,197.44000244140625,1122300,PNC
2025-10-03,192.1375274658203,198.4600067138672,200.52000427246094,197.4600067138672,198.92999267578125,1137900,PNC
2025-10-06,189.38800048828125,195.6199951171875,202.0,194.67999267578125,199.9199981689453,2208700,PNC
2025-10-07,187.63565063476562,193.80999755859375,198.92999267578125,192.66000366210938,196.16000366210938,1599300,PNC
2025-10-08,184.10194396972656,190.16000366210938,193.8699951171875,190.11000061035156,193.8699951171875,1630100,PNC
2025-10-09,184.59568786621094,190.6699981689453,192.25,188.6300048828125,191.16000366210938,1899500,PNC
2025-10-10,178.0897674560547,183.9499969482422,192.0399932861328,183.6199951171875,191.27000427246094,2208800,PNC
2025-10-13,180.9651336669922,186.9199981689453,187.72000122070312,184.7100067138672,186.4499969482422,1818100,PNC
2025-10-14,185.3715362548828,189.72999572753906,190.39999389648438,184.5,184.6300048828125,3264300,PNC
2025-10-15,178.15130615234375,182.33999633789062,186.89999389648438,179.2100067138672,183.83999633789062,6663200,PNC
2025-10-16,174.2725067138672,178.3699951171875,184.77000427246094,177.55999755859375,183.27000427246094,3568300,PNC
2025-10-17,175.27882385253906,179.39999389648438,180.5399932861328,176.8800048828125,179.9499969482422,3369700,PNC
2025-10-20,177.98521423339844,182.1699981689453,182.4199981689453,179.72000122070312,180.22000122070312,2506200,PNC
2025-10-21,177.73118591308594,181.91000366210938,183.32000732421875,181.25,182.30999755859375,3395600,PNC
2025-10-22,177.03749084472656,181.1999969482422,182.50999450683594,180.13999938964844,182.50999450683594,1922100,PNC
2025-10-23,177.770263671875,181.9499969482422,182.99000549316406,180.69000244140625,182.0800018310547,2079900,PNC
2025-10-24,182.15711975097656,186.44000244140625,187.3300018310547,182.1300048828125,183.52999877929688,2243100,PNC
2025-10-27,180.61343383789062,184.86000061035156,186.85000610351562,183.22000122070312,186.77999877929688,2406900,PNC
2025-10-28,178.63983154296875,182.83999633789062,185.02999877929688,181.92999267578125,185.02999877929688,1798400,PNC
2025-10-29,176.86163330078125,181.02000427246094,183.58999633789062,180.02999877929688,181.32000732421875,2592800,PNC
2025-10-30,178.13177490234375,182.32000732421875,185.08999633789062,180.3699951171875,181.3300018310547,1959600,PNC
2025-10-31,178.3564910888672,182.5500030517578,183.2100067138672,180.39999389648438,181.00999450683594,1554500,PNC
2025-11-03,178.54212951660156,182.74000549316406,182.7899932861328,179.82000732421875,181.88999938964844,2035700,PNC
2025-11-04,178.74729919433594,182.9499969482422,184.77999877929688,180.66000366210938,181.6300048828125,1658700,PNC
2025-11-05,179.9197235107422,184.14999389648438,185.2899932861328,181.50999450683594,183.05999755859375,1800800,PNC
2025-11-06,178.71798706054688,182.9199981689453,185.0,182.17999267578125,183.22000122070312,1301500,PNC
2025-11-07,179.96856689453125,184.1999969482422,184.22999572753906,180.47999572753906,181.99000549316406,1390100,PNC
2025-11-10,180.838134765625,185.08999633789062,186.02999877929688,183.0,184.27000427246094,1399500,PNC
2025-11-11,180.57435607910156,184.82000732421875,186.36000061035156,184.42999267578125,185.99000549316406,1140000,PNC
2025-11-12,182.61631774902344,186.91000366210938,188.0800018310547,184.9499969482422,185.24000549316406,1989700,PNC
2025-11-13,179.76339721679688,183.99000549316406,187.0800018310547,183.58999633789062,186.60000610351562,1098000,PNC
2025-11-14,179.76339721679688,183.99000549316406,184.85000610351562,181.72000122070312,183.83999633789062,1958000,PNC
2025-11-17,174.92709350585938,179.0399932861328,183.82000732421875,178.3699951171875,183.3800048828125,2313200,PNC
2025-11-18,175.94322204589844,180.0800018310547,181.72999572753906,177.0800018310547,178.47999572753906,1929000,PNC
2025-11-19,178.766845703125,182.97000122070312,183.39999389648438,180.0,180.36000061035156,2181800,PNC
2025-11-20,179.32374572753906,183.5399932861328,187.22000122070312,182.9199981689453,184.60000610351562,2710200,PNC
2025-11-21,182.6945037841797,186.99000549316406,189.33999633789062,183.89999389648438,184.0500030517578,2391000,PNC
2025-11-24,184.18934631347656,188.52000427246094,189.4499969482422,185.47000122070312,186.63999938964844,3428900,PNC
2025-11-25,188.1658477783203,192.58999633789062,193.8300018310547,188.5,190.0,1889600,PNC
2025-11-26,187.47215270996094,191.8800048828125,194.08999633789062,191.82000732421875,192.33999633789062,1516900,PNC
2025-11-28,186.33880615234375,190.72000122070312,192.60000610351562,190.66000366210938,191.72999572753906,887300,PNC
2025-12-01,187.98020935058594,192.39999389648438,193.85000610351562,190.00999450683594,190.3800048828125,1393800,PNC
2025-12-02,187.6382598876953,192.0500030517578,193.4499969482422,191.3699951171875,192.49000549316406,1306000,PNC
2025-12-03,193.45156860351562,198.0,198.16000366210938,192.0,192.6199951171875,1843400,PNC
2025-12-04,193.71536254882812,198.27000427246094,199.55999755859375,197.77000427246094,198.0,1939300,PNC
2025-12-05,193.31478881835938,197.86000061035156,199.05999755859375,196.44000244140625,197.33999633789062,1367300,PNC
2025-12-08,193.10960388183594,197.64999389648438,199.63999938964844,196.32000732421875,198.1300048828125,2245200,PNC
2025-12-09,197.5062255859375,202.14999389648438,203.4499969482422,197.17999267578125,197.9600067138672,2475900,PNC
2025-12-10,202.2154998779297,206.97000122070312,207.9600067138672,202.22000122070312,202.69000244140625,2329700,PNC
2025-12-11,206.63168334960938,211.49000549316406,212.02000427246094,207.1199951171875,207.82000732421875,2140900,PNC
2025-12-12,205.75234985351562,210.58999633789062,213.02999877929688,209.9600067138672,213.02999877929688,1820300,PNC
2025-12-15,206.04547119140625,210.88999938964844,213.0,210.88999938964844,211.99000549316406,1968500,PNC
2025-12-16,205.1563720703125,209.97999572753906,212.27000427246094,209.80999755859375,212.27000427246094,1723100,PNC
2025-12-17,205.46902465820312,210.3000030517578,212.6300048828125,209.47999572753906,210.55999755859375,1724300,PNC
2025-12-18,204.68739318847656,209.5,213.0,208.69000244140625,210.72999572753906,2119200,PNC
2025-12-19,205.37130737304688,210.1999969482422,211.94000244140625,209.36000061035156,210.00999450683594,4273600,PNC
2025-12-22,208.00929260253906,212.89999389648438,213.27999877929688,209.3699951171875,210.1999969482422,1359900,PNC
2025-12-23,207.0811004638672,211.9499969482422,213.97999572753906,211.61000061035156,212.89999389648438,1121900,PNC
2025-12-24,208.57595825195312,213.47999572753906,214.58999633789062,211.32000732421875,211.9600067138672,712800,PNC
2025-12-26,208.97653198242188,213.88999938964844,214.2100067138672,212.5800018310547,213.22999572753906,887300,PNC
2025-12-29,207.10064697265625,211.97000122070312,214.02000427246094,211.8699951171875,213.97000122070312,1274600,PNC
2025-12-30,206.2115478515625,211.05999755859375,212.27000427246094,210.85000610351562,212.02999877929688,884200,PNC
2025-12-31,203.93507385253906,208.72999572753906,211.38999938964844,208.3800048828125,211.0,1315100,PNC
2026-01-02,206.6023712158203,211.4600067138672,212.58999633789062,208.36000061035156,208.72999572753906,2074200,PNC
2026-01-05,210.84268188476562,215.8000030517578,219.63999938964844,211.75,211.75,3402600,PNC
2026-01-06,213.03121948242188,218.0399932861328,219.74000549316406,214.36000061035156,216.00999450683594,2291400,PNC
2026-01-07,211.3018798828125,216.27000427246094,218.07000732421875,214.85000610351562,217.3800048828125,2130700,PNC
2026-01-08,213.617431640625,218.63999938964844,220.5399932861328,215.25,215.50999450683594,3166600,PNC
2026-01-09,212.552490234375,217.5500030517578,220.0800018310547,217.42999267578125,218.74000549316406,2873600,PNC
2026-01-12,210.7840576171875,215.74000549316406,217.0,214.22000122070312,215.25,2866500,PNC
2026-01-13,207.5696258544922,212.4499969482422,216.72999572753906,212.25999450683594,216.42999267578125,2133100,PNC
2026-01-14,207.442626953125,212.32000732421875,213.08999633789062,209.52999877929688,211.10000610351562,3026600,PNC
2026-01-15,210.10012817382812,215.0399932861328,216.2100067138672,212.4199981689453,212.80999755859375,2576100,PNC
2026-01-16,218.05313110351562,223.17999267578125,227.0,219.69000244140625,225.0,4865700,PNC
2026-01-20,217.5411834716797,220.9600067138672,224.77000427246094,218.2899932861328,219.7899932861328,5582500,PNC
2026-01-21,222.0010986328125,225.49000549316406,227.77999877929688,221.58999633789062,222.08999633789062,4066400,PNC
2026-01-22,218.56507873535156,222.0,227.2899932861328,221.52000427246094,225.6199951171875,5372700,PNC
2026-01-23,215.99546813964844,219.38999938964844,221.99000549316406,217.5,221.44000244140625,3233500,PNC
2026-01-26,217.3344268798828,220.75,221.6699981689453,219.22999572753906,219.58999633789062,2473600,PNC
2026-01-27,220.23878479003906,223.6999969482422,224.07000732421875,220.52999877929688,220.52999877929688,2219000,PNC
2026-01-28,217.9645233154297,221.38999938964844,224.2100067138672,219.39999389648438,223.3000030517578,2479800,PNC
2026-01-29,220.98703002929688,224.4600067138672,224.6300048828125,220.85000610351562,222.97000122070312,2495600,PNC
2026-01-30,219.84498596191406,223.3000030517578,225.0,221.67999267578125,222.94000244140625,2107100,PNC
2026-02-02,224.1079864501953,227.6300048828125,227.8800048828125,222.41000366210938,223.6999969482422,2268200,PNC
2026-02-03,230.20220947265625,233.82000732421875,234.3000030517578,228.14999389648438,229.27999877929688,3721200,PNC
2026-02-04,233.5791473388672,237.25,240.3699951171875,235.0,235.0,3816800,PNC
2026-02-05,234.81964111328125,238.50999450683594,239.27000427246094,235.22000122070312,236.33999633789062,3860100,PNC
2026-02-06,238.72821044921875,242.47999572753906,243.94000244140625,239.5399932861328,240.80999755859375,2441000,PNC
2026-02-09,237.2218780517578,240.9499969482422,243.64999389648438,240.7100067138672,241.75,2272800,PNC
2026-02-10,236.61148071289062,240.3300018310547,242.2100067138672,236.72999572753906,240.1300048828125,2342400,PNC
2026-02-11,231.83651733398438,235.47999572753906,242.57000732421875,234.8300018310547,240.3300018310547,2456800,PNC
2026-02-12,226.1262664794922,229.67999267578125,237.91000366210938,227.3000030517578,236.7899932861328,2507000,PNC
2026-02-13,225.77183532714844,229.32000732421875,231.74000549316406,226.3699951171875,228.17999267578125,2546800,PNC
2026-02-17,227.66212463378906,231.24000549316406,233.3300018310547,229.32000732421875,229.32000732421875,2457300,PNC
2026-02-18,229.13893127441406,232.74000549316406,235.3000030517578,231.4600067138672,231.86000061035156,2362600,PNC
2026-02-19,226.73667907714844,230.3000030517578,232.66000366210938,227.8800048828125,230.9499969482422,1447200,PNC
2026-02-20,229.3653564453125,232.97000122070312,233.0800018310547,228.0500030517578,230.5399932861328,1857500,PNC
2026-02-23,217.3541259765625,220.77000427246094,233.5500030517578,219.30999755859375,232.1699981689453,2286900,PNC
2026-02-24,214.5383758544922,217.91000366210938,220.57000732421875,216.22999572753906,219.27999877929688,2579800,PNC
2026-02-25,218.51585388183594,221.9499969482422,222.5,219.08999633789062,219.49000549316406,2025000,PNC
2026-02-26,219.37242126464844,222.82000732421875,227.0,221.13999938964844,223.19000244140625,2653200,PNC
2026-02-27,209.06442260742188,212.35000610351562,220.5,210.35000610351562,219.9600067138672,3569400,PNC
2026-03-02,210.91529846191406,214.22999572753906,215.02000427246094,205.88999938964844,207.6300048828125,5080200,PNC
2026-03-03,209.75357055664062,213.0500030517578,216.1300048828125,208.47999572753906,209.1199951171875,2476500,PNC
2026-03-04,210.55104064941406,213.86000061035156,215.10000610351562,212.25999450683594,213.92999267578125,1768300,PNC
2026-03-05,209.08409118652344,212.3699951171875,213.7899932861328,210.52999877929688,211.42999267578125,2269200,PNC
2026-03-06,202.9307861328125,206.1199951171875,209.0,202.8300018310547,207.6699981689453,3380000,PNC
2026-03-09,202.16287231445312,205.33999633789062,206.07000732421875,198.0399932861328,203.0500030517578,3001200,PNC
2026-03-10,203.1966094970703,206.38999938964844,210.24000549316406,203.61000061035156,205.36000061035156,2707400,PNC
2026-03-11,202.45822143554688,205.63999938964844,206.75999450683594,203.32000732421875,205.5800018310547,1986900,PNC
2026-03-12,199.5538787841797,202.69000244140625,203.85000610351562,201.17999267578125,201.27000427246094,3025700,PNC
2026-03-13,198.01800537109375,201.1300048828125,205.91000366210938,200.52000427246094,204.3699951171875,2931000,PNC
2026-03-16,197.64389038085938,200.75,205.39999389648438,200.4499969482422,203.25,2859400,PNC
2026-03-17,200.76483154296875,203.9199981689453,205.91000366210938,202.8000030517578,203.85000610351562,2496300,PNC
2026-03-18,198.05738830566406,201.1699981689453,206.8800048828125,200.5399932861328,203.17999267578125,2993000,PNC
2026-03-19,198.9237823486328,202.0500030517578,203.2100067138672,197.55999755859375,199.9199981689453,2515700,PNC
2026-03-20,198.5890350341797,201.7100067138672,203.52000427246094,199.60000610351562,202.2899932861328,6082300,PNC
2026-03-23,200.77467346191406,203.92999267578125,208.0,203.22999572753906,207.41000366210938,2918300,PNC
2026-03-24,203.15724182128906,206.35000610351562,208.60000610351562,201.3800048828125,201.3800048828125,2443700,PNC
2026-03-25,202.763427734375,205.9499969482422,209.27000427246094,203.63999938964844,208.0800018310547,1625100,PNC
2026-03-26,202.28102111816406,205.4600067138672,206.6300048828125,204.24000549316406,204.8800048828125,1949000,PNC
2026-03-27,199.25851440429688,202.38999938964844,206.77999877929688,201.80999755859375,204.41000366210938,2039600,PNC
2026-03-30,198.53981018066406,201.66000366210938,204.24000549316406,200.75,203.33999633789062,1928000,PNC
2026-03-31,204.8703155517578,208.08999633789062,208.39999389648438,203.07000732421875,204.91000366210938,2122500,PNC
2026-04-01,206.0025177001953,209.24000549316406,211.91000366210938,208.86000061035156,210.16000366210938,1899200,PNC
2026-04-02,208.42445373535156,211.6999969482422,211.85000610351562,205.22999572753906,207.14999389648438,2398000,PNC
2026-04-06,209.84217834472656,213.13999938964844,213.16000366210938,210.63999938964844,211.9199981689453,1711400,PNC
2026-04-07,210.610107421875,213.9199981689453,215.11000061035156,211.57000732421875,212.0,3991200,PNC
2026-04-08,217.34426879882812,220.75999450683594,222.11000061035156,218.75999450683594,218.9199981689453,2651700,PNC
2026-04-09,219.77606201171875,223.22999572753906,224.1199951171875,217.9600067138672,218.66000366210938,1902600,PNC
2026-04-10,217.70855712890625,221.1300048828125,223.8000030517578,220.38999938964844,222.91000366210938,1798100,PNC
2026-04-13,219.54962158203125,223.0,223.33999633789062,218.0,219.61000061035156,2507400,PNC
2026-04-14,219.45040893554688,221.1999969482422,221.97000122070312,218.5500030517578,220.64999389648438,2725300,PNC
2026-04-15,220.30360412597656,222.05999755859375,225.47000122070312,218.39999389648438,222.88999938964844,2986300,PNC
2026-04-16,218.32936096191406,220.07000732421875,224.25,219.8699951171875,221.7899932861328,2108400,PNC
2026-04-17,223.0318603515625,224.80999755859375,226.36000061035156,221.3699951171875,221.52000427246094,2538300,PNC
2026-04-20,225.2342987060547,227.02999877929688,227.9199981689453,223.6300048828125,223.75999450683594,2151200,PNC
2026-04-21,226.24623107910156,228.0500030517578,230.25,226.69000244140625,227.02000427246094,3090600,PNC
2026-04-22,223.27987670898438,225.05999755859375,229.72000122070312,224.50999450683594,229.14999389648438,1936900,PNC
2026-04-23,223.30963134765625,225.08999633789062,227.2899932861328,222.9199981689453,225.66000366210938,1375800,PNC
2026-04-24,218.1210174560547,219.86000061035156,225.22000122070312,218.7899932861328,224.7899932861328,1741900,PNC
2026-04-27,219.5793914794922,221.3300018310547,222.77000427246094,219.55999755859375,219.57000732421875,1813600,PNC
2026-04-28,219.1428680419922,220.88999938964844,223.9199981689453,220.22000122070312,223.17999267578125,1685700,PNC
2026-04-29,216.98011779785156,218.7100067138672,222.3300018310547,217.7899932861328,220.47999572753906,1626500,PNC
2026-04-30,221.23617553710938,223.0,224.2899932861328,216.63999938964844,217.5500030517578,2318700,PNC
2026-05-01,218.96429443359375,220.7100067138672,223.6699981689453,220.6999969482422,223.22999572753906,1028900,PNC
2026-05-04,216.31539916992188,218.0399932861328,221.41000366210938,217.14999389648438,219.1699981689453,1286200,PNC
2026-05-05,219.87701416015625,221.6300048828125,223.0,217.97000122070312,218.52000427246094,1232400,PNC
2026-05-06,220.6607666015625,222.4199981689453,226.00999450683594,221.80999755859375,223.42999267578125,1326900,PNC
2026-05-07,217.55551147460938,219.2899932861328,223.0500030517578,218.47999572753906,220.94000244140625,1268600,PNC
2026-05-08,215.13482666015625,216.85000610351562,221.0500030517578,216.47000122070312,220.19000244140625,1619300,PNC
2026-05-11,212.89268493652344,214.58999633789062,219.05999755859375,213.77000427246094,217.30999755859375,2698300,PNC
2026-05-12,213.50779724121094,215.2100067138672,216.2899932861328,210.91000366210938,215.0399932861328,1529800,PNC
2026-05-13,208.20010375976562,209.86000061035156,215.08999633789062,209.6999969482422,214.13999938964844,1661000,PNC
2026-05-14,211.76170349121094,213.4499969482422,214.10000610351562,211.61000061035156,211.9499969482422,1572100,PNC
2026-05-15,211.15652465820312,212.83999633789062,213.74000549316406,210.86000061035156,213.32000732421875,2469800,PNC
2026-05-18,212.02957153320312,213.72000122070312,215.72000122070312,212.99000549316406,213.57000732421875,1452900,PNC
2026-05-19,211.5831298828125,213.27000427246094,215.33999633789062,211.35000610351562,213.1300048828125,1319000,PNC
2026-05-20,215.11497497558594,216.8300018310547,218.08999633789062,211.8800048828125,214.47999572753906,2087900,PNC
2026-05-21,216.64279174804688,218.3699951171875,218.67999267578125,214.5500030517578,215.69000244140625,1608800,PNC
2026-05-22,217.49598693847656,219.22999572753906,220.9600067138672,218.60000610351562,219.82000732421875,1204500,PNC
2026-05-26,219.06349182128906,220.80999755859375,222.25,219.25,219.99000549316406,1387300,PNC
2026-05-27,219.05357360839844,220.8000030517578,223.0399932861328,219.7100067138672,221.6300048828125,1368700,PNC
2026-05-28,218.04164123535156,219.77999877929688,221.52000427246094,218.19000244140625,219.94000244140625,1591300,PNC
2026-05-29,219.37103271484375,221.1199951171875,221.66000366210938,218.35000610351562,219.35000610351562,2930300,PNC
2026-06-01,214.36099243164062,216.07000732421875,219.94000244140625,215.77999877929688,217.8000030517578,1496000,PNC
2026-06-02,219.2519989013672,221.0,221.80999755859375,215.1999969482422,215.8000030517578,1948400,PNC
2026-06-03,216.54359436035156,218.27000427246094,220.60000610351562,217.50999450683594,219.66000366210938,1806100,PNC
2026-06-04,225.28390502929688,227.0800018310547,227.27000427246094,220.08999633789062,220.08999633789062,1797000,PNC
2026-06-05,226.56369018554688,228.3699951171875,230.44000244140625,225.6999969482422,227.72000122070312,1298300,PNC
2026-06-08,225.3434295654297,227.13999938964844,230.1699981689453,226.75999450683594,228.69000244140625,1683300,PNC
2026-06-09,230.3435516357422,232.17999267578125,232.92999267578125,226.77000427246094,229.0,2810700,PNC
2026-06-10,230.7999267578125,232.63999938964844,236.08999633789062,231.58999633789062,233.0,2744600,PNC
2026-06-11,232.0896453857422,233.94000244140625,235.92999267578125,232.3300018310547,234.0,2477200,PNC
2026-06-12,235.7802276611328,237.66000366210938,238.32000732421875,234.1300048828125,235.5,1859400,PNC
2026-06-15,228.7363739013672,230.55999755859375,239.83999633789062,229.74000549316406,238.77000427246094,3834300,PNC
2026-06-16,232.83370971679688,234.69000244140625,235.75,232.22000122070312,233.2899932861328,2970200,PNC
2026-06-17,231.2860565185547,233.1300048828125,237.6699981689453,231.66000366210938,234.69000244140625,2589900,PNC
2026-06-18,230.2046661376953,232.0399932861328,236.08999633789062,231.3300018310547,233.63999938964844,4931900,PNC
2026-06-22,232.8535614013672,234.7100067138672,235.4600067138672,232.2100067138672,233.75,2233500,PNC
2026-06-23,236.7822265625,238.6699981689453,238.86000061035156,234.3699951171875,235.69000244140625,2586300,PNC
2026-06-24,238.0223388671875,239.9199981689453,240.3699951171875,238.0,238.8800048828125,2650900,PNC
2026-06-25,243.33995056152344,245.27999877929688,249.00999450683594,241.7100067138672,242.66000366210938,2751600,PNC
2026-06-26,243.05224609375,244.99000549316406,246.02999877929688,243.0800018310547,246.02999877929688,2668800,PNC
2026-06-29,244.77847290039062,246.72999572753906,247.97000122070312,243.0,244.4600067138672,2366700,PNC
2026-06-30,244.27252197265625,246.22000122070312,247.47000122070312,244.69000244140625,246.0500030517578,1602600,PNC
2026-07-01,249.62979125976562,251.6199951171875,252.72999572753906,244.8699951171875,246.0500030517578,2220800,PNC
2026-07-02,247.51666259765625,249.49000549316406,254.0,247.33999633789062,253.4499969482422,1378800,PNC
2026-07-06,251.17745971679688,253.17999267578125,253.27999877929688,248.30999755859375,249.27999877929688,2249800,PNC
2026-07-07,252.0009002685547,254.00999450683594,256.0,253.83999633789062,255.16000366210938,1552600,PNC
2026-07-08,244.58006286621094,246.52999877929688,252.8000030517578,245.38999938964844,252.8000030517578,2143700,PNC
2026-07-09,248.9254150390625,250.91000366210938,251.05999755859375,246.75999450683594,247.50999450683594,2117000,PNC
2026-07-10,249.91751098632812,251.91000366210938,254.19000244140625,251.75,253.0500030517578,2892800,PNC
2026-07-13,250.85008239746094,252.85000610351562,253.6699981689453,249.9199981689453,253.6699981689453,2266100,PNC
2026-07-14,249.88775634765625,251.8800048828125,256.2200012207031,249.3300018310547,254.5,2585600,PNC
2026-07-15,252.13978576660156,254.14999389648438,255.55999755859375,248.10000610351562,251.60000610351562,3046700,PNC
2026-07-16,253.18148803710938,255.1999969482422,256.260009765625,252.52999877929688,255.3699951171875,2381300,PNC
2026-07-17,250.86000061035156,252.86000061035156,256.489990234375,250.0399932861328,254.14999389648438,2192000,PNC
2026-07-20,250.13999938964844,250.13999938964844,252.7100067138672,248.8800048828125,251.8000030517578,2531200,PNC
2026-07-21,250.3800048828125,250.3800048828125,251.25,247.42999267578125,249.3300018310547,1826900,PNC
2026-07-22,252.50999450683594,252.50999450683594,253.10000610351562,249.4499969482422,250.0,1780800,PNC
2026-07-23,249.25999450683594,249.25999450683594,249.6199951171875,246.75,249.6199951171875,1714400,PNC
2026-07-24,250.99000549316406,250.99000549316406,252.35000610351562,248.52999877929688,249.5,1148900,PNC
2026-07-27,249.63999938964844,249.63999938964844,253.5,248.2100067138672,251.6999969482422,1210700,PNC
2026-07-28,251.60000610351562,251.60000610351562,252.4199981689453,249.61000061035156,250.3699951171875,1480800,PNC
2026-07-29,248.49000549316406,248.49000549316406,252.2100067138672,247.02000427246094,250.42999267578125,2297400,PNC
2026-07-30,248.7100067138672,248.7100067138672,249.91000366210938,246.61000061035156,249.77000427246094,1408200,PNC
2026-07-31,249.8699951171875,249.8699951171875,250.94000244140625,248.1699981689453,249.75,1441500,PNC
2026-08-03,251.72000122070312,251.72000122070312,253.11000061035156,249.97999572753906,250.86000061035156,1999900,PNC
2026-08-04,254.13999938964844,254.13999938964844,256.17999267578125,250.69000244140625,250.7100067138672,1327700,PNC
2026-08-05,255.3699951171875,255.3699951171875,256.3299865722656,253.49000549316406,255.0,1362900,PNC
2026-08-06,252.75999450683594,252.75999450683594,258.1300048828125,252.0,257.29998779296875,1529800,PNC
2026-08-07,252.55999755859375,252.55999755859375,253.17999267578125,249.5399932861328,251.00999450683594,956200,PNC
2026-08-10,251.75999450683594,251.75999450683594,252.67999267578125,250.2100067138672,250.8800048828125,1629400,PNC
2026-08-11,254.22999572753906,254.22999572753906,254.33999633789062,251.27999877929688,251.89999389648438,1481500,PNC
2026-08-12,255.4600067138672,255.4600067138672,255.99000549316406,253.14999389648438,254.88999938964844,794200,PNC
2026-08-13,255.1999969482422,255.1999969482422,257.94000244140625,254.94000244140625,256.5,750700,PNC
2026-08-14,256.42498779296875,256.42498779296875,257.54998779296875,254.92250061035156,255.0,270272,PNC
