Date,Adj Close,Close,High,Low,Open,Volume,Ticker
2016-08-15,16.174787521362305,32.49244689941406,32.719032287597656,32.49244689941406,32.63595199584961,21512352,T
2016-08-16,15.776253700256348,31.691843032836914,32.484893798828125,31.65407943725586,32.47734069824219,41899966,T
2016-08-17,15.738655090332031,31.616313934326172,31.7824764251709,31.22356414794922,31.72960662841797,38844439,T
2016-08-18,15.56569766998291,31.268882751464844,31.601207733154297,31.049848556518555,31.525680541992188,43099510,T
2016-08-19,15.419073104858398,30.974319458007812,31.155588150024414,30.732627868652344,31.140483856201172,39007556,T
2016-08-22,15.381470680236816,30.898792266845703,30.95921516418457,30.626888275146484,30.906343460083008,23398655,T
2016-08-23,15.358909606933594,30.853473663330078,30.989425659179688,30.80060386657715,30.95921516418457,19930834,T
2016-08-24,15.366430282592773,30.868579864501953,30.95921516418457,30.664653778076172,30.891239166259766,21407624,T
2016-08-25,15.441624641418457,31.019636154174805,31.102718353271484,30.77794647216797,30.868579864501953,22380499,T
2016-08-26,15.294995307922363,30.72507667541504,31.185800552368164,30.664653778076172,31.06495475769043,23645978,T
2016-08-29,15.415306091308594,30.966766357421875,31.004531860351562,30.755287170410156,30.815710067749023,17139048,T
2016-08-30,15.37394905090332,30.883686065673828,31.072507858276367,30.762840270996094,30.966766357421875,14852102,T
2016-08-31,15.370186805725098,30.87613296508789,31.004531860351562,30.709970474243164,30.92900276184082,24812422,T
2016-09-01,15.400266647338867,30.936555862426758,30.966766357421875,30.702417373657227,30.853473663330078,20795936,T
2016-09-02,15.39650821685791,30.92900276184082,31.25377655029297,30.77039337158203,31.03474235534668,25244708,T
2016-09-06,15.501787185668945,31.140483856201172,31.238670349121094,30.82326316833496,30.98187255859375,20565295,T
2016-09-07,15.516824722290039,31.17069435119629,31.22356414794922,30.95921516418457,31.16314125061035,17915441,T
2016-09-08,15.486749649047852,31.110271453857422,31.261329650878906,31.004531860351562,31.17069435119629,17906438,T
2016-09-09,14.930293083190918,29.992446899414062,31.027189254760742,29.969789505004883,30.951662063598633,50974132,T
2016-09-12,15.3062744140625,30.74773406982422,30.853473663330078,29.871601104736328,29.886707305908203,35568201,T
2016-09-13,15.028050422668457,30.18882179260254,30.55891227722168,30.037763595581055,30.551359176635742,33801058,T
2016-09-14,14.997963905334473,30.128398895263672,30.407854080200195,30.030210494995117,30.173715591430664,35138298,T
2016-09-15,15.208516120910645,30.551359176635742,30.679758071899414,29.924470901489258,30.060422897338867,30367132,T
2016-09-16,15.114521980285645,30.362537384033203,30.521148681640625,30.13595199584961,30.468278884887695,54748194,T
2016-09-19,15.06188678741455,30.256797790527344,30.392749786376953,30.10573959350586,30.362537384033203,21426027,T
2016-09-20,15.024288177490234,30.1812686920166,30.5362548828125,30.120845794677734,30.332326889038086,18797887,T
2016-09-21,15.253633499145508,30.64199447631836,30.68731117248535,30.18882179260254,30.249244689941406,25329312,T
2016-09-22,15.456666946411133,31.049848556518555,31.110271453857422,30.74018096923828,30.762840270996094,29503089,T
2016-09-23,15.52058219909668,31.178247451782227,31.261329650878906,30.762840270996094,31.080059051513672,24980702,T
2016-09-26,15.467945098876953,31.072507858276367,31.27643585205078,31.049848556518555,31.178247451782227,22040893,T
2016-09-27,15.5882568359375,31.314199447631836,31.495468139648438,31.0120849609375,31.140483856201172,24414825,T
2016-09-28,15.358909606933594,30.853473663330078,31.019636154174805,30.649547576904297,30.974319458007812,34874425,T
2016-09-29,15.313791275024414,30.762840270996094,31.019636154174805,30.543806076049805,30.77794647216797,22569963,T
2016-09-30,15.268672943115234,30.672204971313477,30.996978759765625,30.664653778076172,30.898792266845703,25661238,T
2016-10-03,15.328835487365723,30.79305076599121,30.996978759765625,30.58912467956543,30.679758071899414,21954171,T
2016-10-04,15.001726150512695,30.13595199584961,30.785497665405273,29.992446899414062,30.755287170410156,43930188,T
2016-10-05,14.961811065673828,29.57703971862793,29.932024002075195,29.327795028686523,29.91691780090332,29923592,T
2016-10-06,14.942706108093262,29.539274215698242,29.607250213623047,29.38821792602539,29.554380416870117,20853794,T
2016-10-07,14.851005554199219,29.35800552368164,29.67522621154785,29.237159729003906,29.622356414794922,25383728,T
2016-10-10,14.904494285583496,29.4637451171875,29.607250213623047,28.859516143798828,29.403322219848633,25183407,T
2016-10-11,14.938883781433105,29.531721115112305,29.743202209472656,29.15407943725586,29.41087532043457,29544928,T
2016-10-12,15.026766777038574,29.7054386138916,29.826284408569336,29.501510620117188,29.569486618041992,22746188,T
2016-10-13,15.042043685913086,29.73564910888672,29.8187313079834,29.471298217773438,29.667673110961914,23231698,T
2016-10-14,14.98473072052002,29.622356414794922,29.89426040649414,29.622356414794922,29.76586151123047,17896508,T
2016-10-17,15.003837585449219,29.66012191772461,29.826284408569336,29.49395751953125,29.531721115112305,18383740,T
2016-10-18,15.03822135925293,29.728097915649414,29.79607391357422,29.569486618041992,29.62990951538086,21234974,T
2016-10-19,15.04586410522461,29.743202209472656,29.886707305908203,29.690332412719727,29.803625106811523,15506026,T
2016-10-20,14.766952514648438,29.191843032836914,29.516616821289062,29.078550338745117,29.49395751953125,41218106,T
2016-10-21,14.32375431060791,28.315710067749023,29.20694923400879,27.915407180786133,29.003021240234375,109580860,T
2016-10-24,14.083047866821289,27.83987808227539,28.19486427307129,27.41691780090332,27.575529098510742,133176129,T
2016-10-25,14.021920204162598,27.719032287597656,27.990936279296875,27.60573959350586,27.83987808227539,53603994,T
2016-10-26,13.918760299682617,27.515106201171875,27.771902084350586,27.39426040649414,27.673715591430664,43531399,T
2016-10-27,13.953145027160645,27.58308219909668,27.862537384033203,27.537763595581055,27.643505096435547,57172968,T
2016-10-28,13.949326515197754,27.575529098510742,27.802114486694336,27.522659301757812,27.6812686920166,30748708,T
2016-10-31,14.056303977966309,27.78700828552246,27.809667587280273,27.58308219909668,27.65105628967285,41552019,T
2016-11-01,13.968429565429688,27.613292694091797,28.08912467956543,27.492446899414062,27.92296028137207,36561201,T
2016-11-02,13.895835876464844,27.469789505004883,27.719032287597656,27.41691780090332,27.643505096435547,34488611,T
2016-11-03,13.9951753616333,27.666162490844727,27.938066482543945,27.484893798828125,27.613292694091797,33824096,T
2016-11-04,13.94550895690918,27.567975997924805,27.809667587280273,27.567975997924805,27.779455184936523,30791341,T
2016-11-07,14.063950538635254,27.802114486694336,27.847431182861328,27.673715591430664,27.78700828552246,28326186,T
2016-11-08,14.132722854614258,27.938066482543945,28.013595581054688,27.802114486694336,27.802114486694336,23581499,T
2016-11-09,14.304652214050293,28.27794647216797,28.34592056274414,27.515106201171875,27.92296028137207,46028066,T
2016-11-10,13.972249984741211,27.620845794677734,28.30060386657715,27.492446899414062,28.30060386657715,50308558,T
2016-11-11,13.949326515197754,27.575529098510742,27.620845794677734,27.41691780090332,27.575529098510742,33519443,T
2016-11-14,13.804140090942383,27.28852081298828,27.666162490844727,27.26586151123047,27.65105628967285,34594531,T
2016-11-15,14.048663139343262,27.771902084350586,27.771902084350586,27.29607391357422,27.31117820739746,27656771,T
2016-11-16,14.193846702575684,28.05891227722168,28.119335174560547,27.832326889038086,27.885196685791016,27586467,T
2016-11-17,14.293185234069824,28.255287170410156,28.466766357421875,28.149547576904297,28.172204971313477,28048808,T
2016-11-18,14.35049819946289,28.368579864501953,28.406343460083008,28.172204971313477,28.285497665405273,22484433,T
2016-11-21,14.419270515441895,28.504531860351562,28.504531860351562,28.29305076599121,28.451662063598633,22835558,T
2016-11-22,14.728747367858887,29.116313934326172,29.25981903076172,28.56495475769043,28.6933536529541,34625248,T
2016-11-23,14.797517776489258,29.25226593017578,29.433534622192383,29.010574340820312,29.01812744140625,28258662,T
2016-11-25,14.980912208557129,29.614803314208984,29.614803314208984,29.25226593017578,29.2824764251709,14357986,T
2016-11-28,15.106992721557617,29.86404800415039,29.962236404418945,29.584592819213867,29.592145919799805,35293206,T
2016-11-29,15.084070205688477,29.8187313079834,29.932024002075195,29.66012191772461,29.89426040649414,26290933,T
2016-11-30,14.759312629699707,29.17673683166504,29.614803314208984,29.1691837310791,29.614803314208984,43267393,T
2016-12-01,14.854828834533691,29.365558624267578,29.38821792602539,28.821752548217773,29.17673683166504,36275482,T
2016-12-02,14.75167179107666,29.161630630493164,29.54682731628418,29.055891036987305,29.335346221923828,21319313,T
2016-12-05,14.759312629699707,29.17673683166504,29.44108772277832,29.17673683166504,29.22960662841797,27503982,T
2016-12-06,15.034401893615723,29.720544815063477,29.773414611816406,29.22960662841797,29.290029525756836,31206415,T
2016-12-07,15.454675674438477,30.551359176635742,30.581571578979492,29.78852081298828,29.826284408569336,43643542,T
2016-12-08,15.439390182495117,30.521148681640625,30.77794647216797,30.354984283447266,30.40030288696289,29126808,T
2016-12-09,15.427934646606445,30.498489379882812,30.528701782226562,30.33987808227539,30.42296028137207,22647285,T
2016-12-12,15.710659980773926,31.057401657104492,31.238670349121094,30.61178207397461,30.634441375732422,42248972,T
2016-12-13,15.80235767364502,31.238670349121094,31.389728546142578,31.132930755615234,31.17069435119629,28015708,T
2016-12-14,15.703020095825195,31.042295455932617,31.38217544555664,30.913896560668945,31.1933536529541,34865422,T
2016-12-15,15.855849266052246,31.344411849975586,31.480363845825195,30.853473663330078,30.891239166259766,32420258,T
2016-12-16,15.920802116394043,31.472810745239258,31.533233642578125,31.28398895263672,31.457704544067383,37011758,T
2016-12-19,16.092731475830078,31.81268882751465,31.85800552368164,31.3066463470459,31.472810745239258,27226604,T
2016-12-20,16.226459503173828,32.0770378112793,32.29607391357422,31.827795028686523,31.850452423095703,28021666,T
2016-12-21,16.184432983398438,31.99395751953125,32.15256881713867,31.971298217773438,32.039276123046875,18208972,T
2016-12-22,16.321971893310547,32.26586151123047,32.31117630004883,31.842899322509766,31.903322219848633,23250234,T
2016-12-23,16.325796127319336,32.273414611816406,32.3262825012207,32.0770378112793,32.318729400634766,12770510,T
2016-12-27,16.29522705078125,32.212989807128906,32.35649490356445,32.114803314208984,32.273414611816406,15136895,T
2016-12-28,16.245555877685547,32.114803314208984,32.34138870239258,32.0770378112793,32.212989807128906,14599616,T
2016-12-29,16.29904556274414,32.220542907714844,32.3262825012207,32.12235641479492,32.12235641479492,16403301,T
2016-12-30,16.249378204345703,32.12235641479492,32.348941802978516,32.06193542480469,32.29607391357422,22076376,T
2017-01-03,16.436588287353516,32.49244689941406,32.5,32.114803314208984,32.243202209472656,34432738,T
2017-01-04,16.34107208251953,32.30362319946289,32.47734069824219,32.25830841064453,32.43202209472656,30720772,T
2017-01-05,16.29522705078125,32.212989807128906,32.39426040649414,32.12235641479492,32.36404800415039,34041629,T
2017-01-06,16.030925750732422,31.208459854125977,31.72205352783203,31.125377655029297,31.70694923400879,43278780,T
2017-01-09,15.829184532165527,30.815710067749023,31.268882751464844,30.815710067749023,31.185800552368164,33741743,T
2017-01-10,15.83305835723877,30.82326316833496,31.0120849609375,30.392749786376953,30.709970474243164,28494996,T
2017-01-11,15.755464553833008,30.672204971313477,30.74018096923828,30.42296028137207,30.498489379882812,32486194,T
2017-01-12,15.910656929016113,30.974319458007812,31.049848556518555,30.58912467956543,30.64199447631836,26347997,T
2017-01-13,15.891258239746094,30.936555862426758,31.102718353271484,30.808156967163086,30.906343460083008,18446233,T
2017-01-17,15.949456214904785,31.049848556518555,31.072507858276367,30.785497665405273,30.966766357421875,29837399,T
2017-01-18,15.829184532165527,30.815710067749023,31.148035049438477,30.80060386657715,31.080059051513672,25786886,T
2017-01-19,15.906781196594238,30.966766357421875,30.98187255859375,30.74773406982422,30.883686065673828,22101929,T
2017-01-20,16.08136558532715,31.3066463470459,31.62386703491211,31.185800552368164,31.21601104736328,33318328,T
2017-01-23,16.29474639892578,31.72205352783203,31.77492332458496,31.261329650878906,31.314199447631836,33379761,T
2017-01-24,16.046445846557617,31.238670349121094,31.525680541992188,31.004531860351562,31.268882751464844,38000124,T
2017-01-25,16.058086395263672,31.261329650878906,31.321752548217773,30.883686065673828,31.21601104736328,28413702,T
2017-01-26,16.205514907836914,31.548337936401367,31.608760833740234,30.936555862426758,31.095165252685547,37253785,T
2017-01-27,16.298622131347656,31.72960662841797,31.948640823364258,31.533233642578125,31.70694923400879,25180229,T
2017-01-30,16.224918365478516,31.586103439331055,31.820241928100586,31.46525764465332,31.67673683166504,21019956,T
2017-01-31,16.356821060180664,31.842899322509766,31.865558624267578,31.404834747314453,31.480363845825195,33636750,T
2017-02-01,16.31802749633789,31.767372131347656,32.06948471069336,31.616313934326172,31.933534622192383,42477230,T
2017-02-02,15.976612091064453,31.102718353271484,31.77492332458496,30.92900276184082,31.737159729003906,38600293,T
2017-02-03,16.003768920898438,31.155588150024414,31.359516143798828,31.11782455444336,31.32930564880371,25355924,T
2017-02-06,15.9300537109375,31.0120849609375,31.17069435119629,30.951662063598633,31.17069435119629,15060368,T
2017-02-07,15.95333194732666,31.057401657104492,31.095165252685547,30.8308162689209,31.027189254760742,22921220,T
2017-02-08,15.988255500793457,31.125377655029297,31.208459854125977,31.019636154174805,31.095165252685547,20771309,T
2017-02-09,16.027050018310547,31.20090675354004,31.291540145874023,31.06495475769043,31.125377655029297,15043818,T
2017-02-10,16.05420684814453,31.25377655029297,31.291540145874023,31.11782455444336,31.155588150024414,16067534,T
2017-02-13,15.770988464355469,30.702417373657227,31.072507858276367,30.581571578979492,30.8308162689209,45494096,T
2017-02-14,15.809783935546875,30.77794647216797,30.80060386657715,30.521148681640625,30.566465377807617,26089817,T
2017-02-15,15.95333194732666,31.057401657104492,31.072507858276367,30.634441375732422,30.709970474243164,30878990,T
2017-02-16,16.003768920898438,31.155588150024414,31.238670349121094,30.989425659179688,31.057401657104492,21951523,T
2017-02-17,16.093000411987305,31.32930564880371,31.374622344970703,30.808156967163086,31.095165252685547,31983074,T
2017-02-21,16.189990997314453,31.51812744140625,31.533233642578125,31.208459854125977,31.24622344970703,23175826,T
2017-02-22,16.135677337646484,31.41238784790039,31.555891036987305,31.3066463470459,31.480363845825195,20729206,T
2017-02-23,16.275348663330078,31.684289932250977,31.714502334594727,31.374622344970703,31.4879150390625,25445294,T
2017-02-24,16.434417724609375,31.99395751953125,31.99395751953125,31.75226593017578,31.80513572692871,22565197,T
2017-02-27,16.224918365478516,31.586103439331055,31.948640823364258,31.51812744140625,31.948640823364258,22956174,T
2017-02-28,16.21327018737793,31.563444137573242,31.62386703491211,31.450151443481445,31.51812744140625,25604306,T
2017-03-01,16.310266494750977,31.75226593017578,31.85800552368164,31.389728546142578,31.555891036987305,31644924,T
2017-03-02,16.3219051361084,31.77492332458496,31.797582626342773,31.601207733154297,31.646526336669922,17454557,T
2017-03-03,16.298622131347656,31.72960662841797,31.767372131347656,31.54078483581543,31.75981903076172,22745526,T
2017-03-06,16.279232025146484,31.691843032836914,31.72205352783203,31.503021240234375,31.593656539916992,18770348,T
2017-03-07,16.24818992614746,31.631420135498047,31.714502334594727,31.510574340820312,31.646526336669922,21516192,T
2017-03-08,16.205514907836914,31.548337936401367,31.631420135498047,31.480363845825195,31.631420135498047,23674444,T
2017-03-09,16.27147102355957,31.67673683166504,31.820241928100586,31.533233642578125,31.616313934326172,23398522,T
2017-03-10,16.430538177490234,31.986404418945312,32.04682922363281,31.737159729003906,31.744712829589844,26128213,T
2017-03-13,16.438297271728516,32.00151062011719,32.039276123046875,31.85800552368164,31.88821792602539,19706681,T
2017-03-14,16.32966423034668,31.790029525756836,32.05438232421875,31.75981903076172,32.009063720703125,13324471,T
2017-03-15,16.52365493774414,32.16767501831055,32.20543670654297,31.790029525756836,31.827795028686523,27878012,T
2017-03-16,16.465452194213867,32.05438232421875,32.220542907714844,31.978851318359375,32.175228118896484,19332783,T
2017-03-17,16.53140640258789,32.182777404785156,32.212989807128906,32.00151062011719,32.16767501831055,32767544,T
2017-03-20,16.457693099975586,32.039276123046875,32.250755310058594,31.9637451171875,32.182777404785156,15691783,T
2017-03-21,16.32578468322754,31.7824764251709,32.10725021362305,31.72205352783203,32.06193542480469,26875876,T
2017-03-22,16.15895652770996,31.457704544067383,31.81268882751465,31.314199447631836,31.797582626342773,24556360,T
2017-03-23,16.15895652770996,31.457704544067383,31.65407943725586,31.27643585205078,31.442598342895508,19410370,T
2017-03-24,16.170597076416016,31.480363845825195,31.638973236083984,31.374622344970703,31.54078483581543,18803448,T
2017-03-27,16.096885681152344,31.33685874938965,31.533233642578125,31.25377655029297,31.41238784790039,17457205,T
2017-03-28,16.124038696289062,31.389728546142578,31.427492141723633,31.16314125061035,31.27643585205078,20635996,T
2017-03-29,16.08136558532715,31.3066463470459,31.533233642578125,31.268882751464844,31.374622344970703,18673961,T
2017-03-30,16.201631546020508,31.54078483581543,31.593656539916992,31.21601104736328,31.261329650878906,19560644,T
2017-03-31,16.120161056518555,31.38217544555664,31.638973236083984,31.38217544555664,31.563444137573242,23214354,T
2017-04-03,16.127920150756836,31.397281646728516,31.548337936401367,31.24622344970703,31.419940948486328,23804990,T
2017-04-04,16.174476623535156,31.4879150390625,31.503021240234375,31.268882751464844,31.397281646728516,16619775,T
2017-04-05,16.104642868041992,31.351964950561523,31.525680541992188,31.321752548217773,31.51812744140625,26421479,T
2017-04-06,16.00168228149414,30.664653778076172,31.027189254760742,30.664653778076172,31.004531860351562,27131805,T
2017-04-07,15.9977388381958,30.657100677490234,30.861026763916016,30.604230880737305,30.664653778076172,26924732,T
2017-04-10,15.914970397949219,30.498489379882812,30.72507667541504,30.445619583129883,30.664653778076172,24116660,T
2017-04-11,15.887382507324219,30.445619583129883,30.50604248046875,30.26435089111328,30.498489379882812,25964567,T
2017-04-12,15.98591423034668,30.634441375732422,30.64199447631836,30.26435089111328,30.37009048461914,29387239,T
2017-04-13,15.875557899475098,30.42296028137207,30.785497665405273,30.40030288696289,30.596677780151367,23244409,T
2017-04-17,15.883442878723145,30.438066482543945,30.581571578979492,30.377643585205078,30.438066482543945,16045026,T
2017-04-18,15.863733291625977,30.40030288696289,30.5362548828125,30.347431182861328,30.377643585205078,21078345,T
2017-04-19,15.863733291625977,30.40030288696289,30.551359176635742,30.354984283447266,30.45317268371582,31510538,T
2017-04-20,15.907089233398438,30.483383178710938,30.596677780151367,30.15105628967285,30.20392608642578,28751587,T
2017-04-21,15.73760986328125,30.15860939025879,30.483383178710938,30.067975997924805,30.385196685791016,31641084,T
2017-04-24,15.773082733154297,30.226585388183594,30.32477378845215,30.10573959350586,30.28700828552246,31820751,T
2017-04-25,15.741551399230957,30.166162490844727,30.40030288696289,29.977340698242188,30.271902084350586,50812207,T
2017-04-26,15.938618659973145,30.543806076049805,30.634441375732422,30.098186492919922,30.226585388183594,45482445,T
2017-04-27,15.729734420776367,30.143505096435547,30.513595581054688,30.120845794677734,30.490936279296875,29983436,T
2017-04-28,15.619369506835938,29.932024002075195,30.256797790527344,29.84894371032715,30.120845794677734,33093380,T
2017-05-01,15.410480499267578,29.531721115112305,29.984893798828125,29.501510620117188,29.969789505004883,32767146,T
2017-05-02,15.35136604309082,29.418428421020508,29.622356414794922,29.365558624267578,29.561933517456055,32904710,T
2017-05-03,15.134590148925781,29.003021240234375,29.44108772277832,28.814199447631836,29.41087532043457,44675335,T
2017-05-04,14.98088550567627,28.708459854125977,29.010574340820312,28.421449661254883,29.010574340820312,41639403,T
2017-05-05,15.197652816772461,29.12386703491211,29.237159729003906,28.72356414794922,28.761329650878906,28901861,T
2017-05-08,15.2015962600708,29.131420135498047,29.290029525756836,28.942598342895508,29.290029525756836,26664963,T
2017-05-09,15.06364917755127,28.867069244384766,29.116313934326172,28.821752548217773,29.101207733154297,28587014,T
2017-05-10,15.154301643371582,29.04078483581543,29.191843032836914,28.79909324645996,28.844411849975586,29933257,T
2017-05-11,15.150357246398926,29.033233642578125,29.116313934326172,28.859516143798828,29.04078483581543,21902800,T
2017-05-12,15.170063018798828,29.07099723815918,29.161630630493164,28.93504524230957,29.07099723815918,18231612,T
2017-05-15,15.20947551727295,29.146526336669922,29.22205352783203,29.010574340820312,29.093656539916992,28332276,T
2017-05-16,15.051831245422363,28.844411849975586,29.27492332458496,28.844411849975586,29.214502334594727,28597738,T
2017-05-17,14.764111518859863,28.29305076599121,28.844411849975586,28.285497665405273,28.844411849975586,39277519,T
2017-05-18,14.957230567932129,28.66314125061035,28.8066463470459,28.29305076599121,28.32326316833496,34084924,T
2017-05-19,15.071533203125,28.88217544555664,28.919940948486328,28.61782455444336,28.731117248535156,26944194,T
2017-05-22,15.075474739074707,28.889728546142578,28.96525764465332,28.82930564880371,28.88217544555664,19624328,T
2017-05-23,15.099120140075684,28.93504524230957,29.01812744140625,28.859516143798828,28.897281646728516,17920737,T
2017-05-24,15.036059379577637,28.814199447631836,28.972810745239258,28.761329650878906,28.93504524230957,20659564,T
2017-05-25,15.067588806152344,28.874622344970703,28.957704544067383,28.78398895263672,28.791540145874023,19717670,T
2017-05-26,15.024238586425781,28.791540145874023,28.889728546142578,28.708459854125977,28.859516143798828,18173092,T
2017-05-30,15.193716049194336,29.116313934326172,29.214502334594727,28.844411849975586,28.844411849975586,27178013,T
2017-05-31,15.185831069946289,29.101207733154297,29.35800552368164,29.086103439331055,29.191843032836914,31829490,T
2017-06-01,15.319835662841797,29.35800552368164,29.373111724853516,29.093656539916992,29.214502334594727,23423149,T
2017-06-02,15.319835662841797,29.35800552368164,29.516616821289062,29.27492332458496,29.456193923950195,24532396,T
2017-06-05,15.296184539794922,29.31268882751465,29.350452423095703,29.131420135498047,29.31268882751465,18300196,T
2017-06-06,15.264655113220215,29.25226593017578,29.395769119262695,29.191843032836914,29.290029525756836,21473029,T
2017-06-07,15.276479721069336,29.27492332458496,29.35800552368164,29.108760833740234,29.342899322509766,21752526,T
2017-06-08,15.174002647399902,29.078550338745117,29.335346221923828,29.01812744140625,29.27492332458496,26840128,T
2017-06-09,15.288304328918457,29.297582626342773,29.30513572692871,29.116313934326172,29.17673683166504,24359349,T
2017-06-12,15.398661613464355,29.509063720703125,29.73564910888672,29.297582626342773,29.297582626342773,30160588,T
2017-06-13,15.244951248168945,29.214502334594727,29.4637451171875,29.138973236083984,29.4637451171875,24946940,T
2017-06-14,15.260714530944824,29.244712829589844,29.31268882751465,29.078550338745117,29.297582626342773,21655609,T
2017-06-15,15.30800724029541,29.335346221923828,29.380664825439453,29.184289932250977,29.20694923400879,22092529,T
2017-06-16,15.355304718017578,29.425981521606445,29.456193923950195,29.19939613342285,29.433534622192383,39368743,T
2017-06-19,15.335597038269043,29.38821792602539,29.44108772277832,29.22205352783203,29.44108772277832,27748127,T
2017-06-20,15.237067222595215,29.19939613342285,29.395769119262695,29.15407943725586,29.2824764251709,28782171,T
2017-06-21,15.036059379577637,28.814199447631836,29.20694923400879,28.58761215209961,29.1691837310791,32567355,T
2017-06-22,15.016350746154785,28.77643585205078,28.96525764465332,28.678247451782227,28.844411849975586,21450124,T
2017-06-23,14.957230567932129,28.66314125061035,28.821752548217773,28.56495475769043,28.821752548217773,30328338,T
2017-06-26,15.036059379577637,28.814199447631836,28.91238784790039,28.595165252685547,28.655588150024414,24366631,T
2017-06-27,14.858702659606934,28.474319458007812,28.814199447631836,28.398792266845703,28.814199447631836,26297288,T
2017-06-28,14.953291893005371,28.655588150024414,28.75377655029297,28.53474235534668,28.610271453857422,26937045,T
2017-06-29,14.827167510986328,28.413896560668945,28.685800552368164,28.413896560668945,28.602718353271484,31402500,T
2017-06-30,14.870527267456055,28.496978759765625,28.602718353271484,28.353473663330078,28.496978759765625,29843887,T
2017-07-03,15.020296096801758,28.78398895263672,28.79909324645996,28.53474235534668,28.580059051513672,14728573,T
2017-07-05,15.024238586425781,28.791540145874023,28.859516143798828,28.58761215209961,28.78398895263672,26592408,T
2017-07-06,14.907464981079102,28.081571578979492,28.474319458007812,28.081571578979492,28.391239166259766,27549395,T
2017-07-07,14.827272415161133,27.930513381958008,28.119335174560547,27.809667587280273,28.081571578979492,27593219,T
2017-07-10,14.767129898071289,27.81722068786621,28.00604248046875,27.809667587280273,27.915407180786133,30154365,T
2017-07-11,14.674912452697754,27.643505096435547,27.83987808227539,27.598186492919922,27.81722068786621,28583174,T
2017-07-12,14.767129898071289,27.81722068786621,27.87009048461914,27.65105628967285,27.756797790527344,23151861,T
2017-07-13,14.518537521362305,27.34894371032715,27.643505096435547,27.333837509155273,27.598186492919922,40024652,T
2017-07-14,14.554624557495117,27.41691780090332,27.477340698242188,27.3187313079834,27.36404800415039,31195294,T
2017-07-17,14.590710639953613,27.484893798828125,27.530210494995117,27.379154205322266,27.432024002075195,27203963,T
2017-07-18,14.430328369140625,27.18277931213379,27.515106201171875,27.092145919799805,27.515106201171875,38589172,T
2017-07-19,14.486468315124512,27.28852081298828,27.28852081298828,27.04682731628418,27.21299171447754,34796441,T
2017-07-20,14.64283275604248,27.58308219909668,27.73413848876953,27.31117820739746,27.439577102661133,42225670,T
2017-07-21,14.638827323913574,27.575529098510742,27.65105628967285,27.386707305908203,27.507553100585938,26679659,T
2017-07-24,14.526556015014648,27.36404800415039,27.60573959350586,27.326284408569336,27.575529098510742,29662234,T
2017-07-25,14.522546768188477,27.356494903564453,27.567975997924805,27.28852081298828,27.409366607666016,38987828,T
2017-07-26,15.248269081115723,28.72356414794922,28.77643585205078,27.356494903564453,27.356494903564453,95899703,T
2017-07-27,15.801592826843262,29.76586151123047,29.833837509155273,28.851964950561523,28.851964950561523,82070788,T
2017-07-28,15.637201309204102,29.456193923950195,29.962236404418945,29.327795028686523,29.645015716552734,47681080,T
2017-07-31,15.637201309204102,29.456193923950195,29.554380416870117,29.244712829589844,29.433534622192383,37709241,T
2017-08-01,15.589083671569824,29.365558624267578,29.66012191772461,29.237159729003906,29.645015716552734,38891838,T
2017-08-02,15.344499588012695,28.904834747314453,29.448640823364258,28.731117248535156,29.44108772277832,45824302,T
2017-08-03,15.34852123260498,28.91238784790039,29.078550338745117,28.814199447631836,28.874622344970703,24960313,T
2017-08-04,15.408652305603027,29.025680541992188,29.093656539916992,28.731117248535156,29.033233642578125,21603708,T
2017-08-07,15.444744110107422,29.093656539916992,29.184289932250977,28.980363845825195,29.033233642578125,22277227,T
2017-08-08,15.380593299865723,28.972810745239258,29.25981903076172,28.904834747314453,29.12386703491211,20436999,T
2017-08-09,15.380593299865723,28.972810745239258,29.003021240234375,28.74622344970703,28.851964950561523,26091671,T
2017-08-10,15.31242561340332,28.844411849975586,29.108760833740234,28.83685874938965,28.904834747314453,28208350,T
2017-08-11,15.276331901550293,28.77643585205078,28.957704544067383,28.75377655029297,28.927492141723633,17581396,T
2017-08-14,15.436720848083496,29.078550338745117,29.12386703491211,28.83685874938965,28.88217544555664,22724606,T
2017-08-15,15.300399780273438,28.821752548217773,29.116313934326172,28.708459854125977,29.078550338745117,19622210,T
2017-08-16,15.32846450805664,28.874622344970703,28.957704544067383,28.67069435119629,28.821752548217773,19824649,T
2017-08-17,15.075862884521484,28.398792266845703,28.867069244384766,28.383686065673828,28.821752548217773,29120056,T
2017-08-18,14.983646392822266,28.22507667541504,28.406343460083008,28.096677780151367,28.32326316833496,30475700,T
2017-08-21,15.067841529846191,28.383686065673828,28.61782455444336,28.255287170410156,28.315710067749023,22917248,T
2017-08-22,15.22822380065918,28.685800552368164,28.6933536529541,28.368579864501953,28.466766357421875,19512847,T
2017-08-23,15.204168319702148,28.640483856201172,28.761329650878906,28.58761215209961,28.58761215209961,26393808,T
2017-08-24,15.107940673828125,28.45921516418457,28.685800552368164,28.42900276184082,28.67069435119629,14486943,T
2017-08-25,15.23223876953125,28.6933536529541,28.79909324645996,28.519636154174805,28.56495475769043,18784780,T
2017-08-28,15.212188720703125,28.655588150024414,28.75377655029297,28.5120849609375,28.70090675354004,13410134,T
2017-08-29,15.176104545593262,28.58761215209961,28.72356414794922,28.5120849609375,28.5120849609375,12698484,T
2017-08-30,15.103926658630371,28.451662063598633,28.56495475769043,28.406343460083008,28.56495475769043,16462086,T
2017-08-31,15.019729614257812,28.29305076599121,28.602718353271484,28.285497665405273,28.504531860351562,27457774,T
2017-09-01,15.027749061584473,28.308156967163086,28.398792266845703,28.262840270996094,28.391239166259766,16906686,T
2017-09-05,14.871379852294922,28.013595581054688,28.27039337158203,27.892749786376953,28.24773406982422,30195541,T
2017-09-06,14.662881851196289,27.620845794677734,28.066465377807617,27.590633392333984,28.043806076049805,37562542,T
2017-09-07,14.273954391479492,26.88821792602539,27.78700828552246,26.873111724853516,27.643505096435547,64373807,T
2017-09-08,14.269948959350586,26.880664825439453,27.009063720703125,26.510574340820312,26.88821792602539,54351524,T
2017-09-11,14.33009147644043,26.99395751953125,27.039274215698242,26.827795028686523,26.948640823364258,30516611,T
2017-09-12,14.538586616516113,27.386707305908203,27.515106201171875,27.054380416870117,27.16012191772461,37449737,T
2017-09-13,14.654860496520996,27.60573959350586,27.696374893188477,27.401813507080078,27.44713020324707,34069433,T
2017-09-14,14.562643051147461,27.432024002075195,27.643505096435547,27.356494903564453,27.643505096435547,23678548,T
2017-09-15,14.875388145446777,28.021148681640625,28.028701782226562,27.484893798828125,27.5,63476400,T
2017-09-18,15.003692626953125,28.262840270996094,28.32326316833496,27.960725784301758,28.028701782226562,42333973,T
2017-09-19,15.32044792175293,28.859516143798828,29.033233642578125,28.149547576904297,28.255287170410156,61327680,T
2017-09-20,15.408652305603027,29.025680541992188,29.25981903076172,28.867069244384766,28.942598342895508,35574821,T
2017-09-21,15.324453353881836,28.867069244384766,29.108760833740234,28.8066463470459,29.078550338745117,22218309,T
2017-09-22,15.472806930541992,29.146526336669922,29.191843032836914,28.859516143798828,29.003021240234375,30733482,T
2017-09-25,15.68531322479248,29.54682731628418,29.59969711303711,29.078550338745117,29.101207733154297,47901128,T
2017-09-26,15.52492904663086,29.244712829589844,29.690332412719727,29.22960662841797,29.54682731628418,29930212,T
2017-09-27,15.544974327087402,29.2824764251709,29.38821792602539,29.086103439331055,29.17673683166504,31469494,T
2017-09-28,15.653236389160156,29.486404418945312,29.584592819213867,29.146526336669922,29.214502334594727,22996424,T
2017-09-29,15.705364227294922,29.584592819213867,29.622356414794922,29.31268882751465,29.418428421020508,29076894,T
2017-10-02,15.681303977966309,29.539274215698242,29.690332412719727,29.509063720703125,29.607250213623047,20660093,T
2017-10-03,15.8296537399292,29.8187313079834,29.8187313079834,29.524169921875,29.59969711303711,21273502,T
2017-10-04,15.83767318725586,29.833837509155273,29.954683303833008,29.637462615966797,29.73564910888672,23717209,T
2017-10-05,15.841687202453613,29.84139060974121,30.060422897338867,29.75830841064453,29.91691780090332,29930609,T
2017-10-06,15.731114387512207,29.146526336669922,29.49395751953125,29.108760833740234,29.335346221923828,29699836,T
2017-10-09,15.612895965576172,28.927492141723633,29.20694923400879,28.814199447631836,29.191843032836914,25484220,T
2017-10-10,15.694424629211426,29.078550338745117,29.161630630493164,28.904834747314453,28.96525764465332,22928370,T
2017-10-11,15.568055152893066,28.844411849975586,29.161630630493164,28.738670349121094,29.093656539916992,35718872,T
2017-10-12,14.61823558807373,27.084592819213867,28.34592056274414,27.061933517456055,28.315710067749023,108536754,T
2017-10-13,14.553014755249023,26.9637451171875,27.220544815063477,26.62386703491211,27.069486618041992,74257070,T
2017-10-16,14.744612693786621,27.3187313079834,27.530210494995117,27.001510620117188,27.054380416870117,41172560,T
2017-10-17,14.769063949584961,27.36404800415039,27.409366607666016,27.18277931213379,27.3187313079834,28682606,T
2017-10-18,14.557095527648926,26.971298217773438,27.401813507080078,26.820241928100586,27.36404800415039,48676595,T
2017-10-19,14.548937797546387,26.956193923950195,27.439577102661133,26.880664825439453,27.137462615966797,43542918,T
2017-10-20,14.487784385681152,26.842899322509766,27.069486618041992,26.737159729003906,27.031721115112305,50094202,T
2017-10-23,14.3695707321167,26.62386703491211,26.933534622192383,26.578550338745117,26.75226593017578,40914645,T
2017-10-24,14.210586547851562,26.32930564880371,26.70694923400879,26.291540145874023,26.6691837310791,69160199,T
2017-10-25,13.652115821838379,25.2945613861084,25.944108963012695,25.173715591430664,25.87613296508789,127603413,T
2017-10-26,13.729562759399414,25.438066482543945,25.596677780151367,25.377643585205078,25.490936279296875,59740866,T
2017-10-27,13.847784996032715,25.657100677490234,25.69486427307129,25.332326889038086,25.438066482543945,69268105,T
2017-10-30,13.672494888305664,25.332326889038086,25.92900276184082,25.219032287597656,25.69486427307129,68444974,T
2017-10-31,13.717336654663086,25.415407180786133,25.55891227722168,25.249244689941406,25.407854080200195,48162354,T
2017-11-01,13.676568984985352,25.33987808227539,25.634441375732422,25.143505096435547,25.574018478393555,50106383,T
2017-11-02,13.521671295166016,25.05286979675293,25.996978759765625,24.871601104736328,25.354984283447266,96609897,T
2017-11-03,13.574660301208496,25.15105628967285,25.219032287597656,24.886707305908203,25.1812686920166,53276833,T
2017-11-06,13.395295143127441,24.8187313079834,24.984893798828125,24.584592819213867,24.977340698242188,63217028,T
2017-11-07,13.480900764465332,24.977340698242188,25.015106201171875,24.7054386138916,24.79607391357422,39800764,T
2017-11-08,13.631731986999512,25.256797790527344,25.302114486694336,24.75830841064453,24.81117820739746,115981341,T
2017-11-09,13.860015869140625,25.679758071899414,26.019636154174805,25.18882179260254,25.249244689941406,92568652,T
2017-11-10,13.949695587158203,25.84592056274414,26.042295455932617,25.755287170410156,25.808156967163086,76099018,T
2017-11-13,13.92931079864502,25.808156967163086,25.951662063598633,25.785497665405273,25.891239166259766,38213023,T
2017-11-14,13.745870590209961,25.468278884887695,25.8308162689209,25.362537384033203,25.82326316833496,40065829,T
2017-11-15,13.782562255859375,25.5362548828125,25.8308162689209,25.415407180786133,25.69486427307129,43536165,T
2017-11-16,14.071992874145508,26.072507858276367,26.178247451782227,25.5362548828125,25.574018478393555,52915249,T
2017-11-17,14.067914009094238,26.06495475769043,26.344411849975586,25.944108963012695,26.004531860351562,48944573,T
2017-11-20,14.1209077835083,26.16314125061035,26.359516143798828,26.0120849609375,26.095165252685547,41394463,T
2017-11-21,13.994540214538574,25.92900276184082,26.24622344970703,25.898792266845703,26.132930755615234,46892108,T
2017-11-22,14.214669227600098,26.33685874938965,26.367069244384766,25.8308162689209,25.891239166259766,35024964,T
2017-11-24,14.190207481384277,26.291540145874023,26.397281646728516,26.238670349121094,26.33685874938965,12184904,T
2017-11-27,14.137212753295898,26.1933536529541,26.442598342895508,26.095165252685547,26.314199447631836,35474462,T
2017-11-28,14.438871383666992,26.75226593017578,26.842899322509766,26.102718353271484,26.102718353271484,45612330,T
2017-11-29,14.870981216430664,27.55286979675293,27.60573959350586,26.744712829589844,27.469789505004883,70407804,T
2017-11-30,14.830218315124512,27.477340698242188,27.87009048461914,27.21299171447754,27.567975997924805,65976641,T
2017-12-01,14.879129409790039,27.567975997924805,27.756797790527344,27.12990951538086,27.454683303833008,41622720,T
2017-12-04,15.193023681640625,28.149547576904297,28.353473663330078,27.756797790527344,27.7945613861084,53598698,T
2017-12-05,14.899511337280273,27.60573959350586,28.164653778076172,27.58308219909668,27.809667587280273,43765350,T
2017-12-06,14.720154762268066,27.273414611816406,27.530210494995117,27.21299171447754,27.31117820739746,41271993,T
2017-12-07,14.744612693786621,27.3187313079834,27.492446899414062,27.04682731628418,27.28852081298828,32475866,T
2017-12-08,14.972891807556152,27.74169158935547,27.756797790527344,27.303625106811523,27.492446899414062,33771798,T
2017-12-11,15.042191505432129,27.87009048461914,27.90030288696289,27.58308219909668,27.71147918701172,31334711,T
2017-12-12,15.531360626220703,28.77643585205078,28.82930564880371,27.930513381958008,28.72356414794922,61433468,T
2017-12-13,15.506906509399414,28.731117248535156,28.844411849975586,28.22507667541504,28.708459854125977,52524934,T
2017-12-14,15.384618759155273,28.504531860351562,28.821752548217773,28.45921516418457,28.595165252685547,45395326,T
2017-12-15,15.5884370803833,28.88217544555664,28.919940948486328,28.648035049438477,28.8066463470459,61974586,T
2017-12-18,15.678119659423828,29.048337936401367,29.373111724853516,28.995468139648438,29.078550338745117,41702293,T
2017-12-19,15.51098346710205,28.738670349121094,29.214502334594727,28.72356414794922,29.048337936401367,38636703,T
2017-12-20,15.714812278747559,29.116313934326172,29.335346221923828,28.83685874938965,28.904834747314453,35706824,T
2017-12-21,15.84933090209961,29.365558624267578,29.67522621154785,29.055891036987305,29.12386703491211,42343771,T
2017-12-22,15.873788833618164,29.41087532043457,29.539274215698242,29.22960662841797,29.290029525756836,26427702,T
2017-12-26,15.92270565032959,29.501510620117188,29.7054386138916,29.418428421020508,29.418428421020508,17977537,T
2017-12-27,15.853408813476562,29.373111724853516,29.561933517456055,29.237159729003906,29.516616821289062,21633233,T
2017-12-28,15.971623420715332,29.592145919799805,29.607250213623047,29.365558624267578,29.456193923950195,20690678,T
2017-12-29,15.84933090209961,29.365558624267578,29.697885513305664,29.365558624267578,29.622356414794922,35059388,T
2018-01-02,15.710732460021973,29.108760833740234,29.501510620117188,28.972810745239258,29.501510620117188,42626974,T
2018-01-03,15.347922325134277,28.436555862426758,29.07099723815918,28.34592056274414,29.055891036987305,51851150,T
2018-01-04,15.490601539611816,28.70090675354004,28.844411849975586,28.14199447631836,28.5120849609375,36894187,T
2018-01-05,15.547675132751465,28.8066463470459,28.821752548217773,28.549848556518555,28.8066463470459,29386048,T
2018-01-08,15.59251594543457,28.889728546142578,29.063444137573242,28.58761215209961,28.814199447631836,35276524,T
2018-01-09,15.551859855651855,28.315710067749023,28.6933536529541,28.308156967163086,28.421449661254883,37152896,T
2018-01-10,15.190963745117188,27.65860939025879,28.24018096923828,27.598186492919922,28.24018096923828,54388066,T
2018-01-11,15.132888793945312,27.55286979675293,27.771902084350586,27.469789505004883,27.696374893188477,54813997,T
2018-01-12,15.307113647460938,27.87009048461914,27.938066482543945,27.432024002075195,27.55286979675293,41285233,T
2018-01-16,15.23244571685791,27.73413848876953,27.960725784301758,27.598186492919922,27.87009048461914,32739342,T
2018-01-17,15.286373138427734,27.832326889038086,27.907854080200195,27.560422897338867,27.771902084350586,29194465,T
2018-01-18,15.410820007324219,28.05891227722168,28.232627868652344,27.802114486694336,27.82477378845215,36623296,T
2018-01-19,15.435708045959473,28.104230880737305,28.22507667541504,27.90030288696289,28.22507667541504,36965815,T
2018-01-22,15.709494590759277,28.602718353271484,28.625377655029297,27.930513381958008,28.096677780151367,41918634,T
2018-01-23,15.427410125732422,28.08912467956543,28.867069244384766,27.968278884887695,28.66314125061035,43739664,T
2018-01-24,15.356895446777344,27.960725784301758,28.24018096923828,27.930513381958008,28.164653778076172,37823767,T
2018-01-25,15.53526782989502,28.285497665405273,28.285497665405273,27.82477378845215,28.013595581054688,30981997,T
2018-01-26,15.688756942749023,28.56495475769043,28.56495475769043,28.2175235748291,28.29305076599121,28609654,T
2018-01-29,15.456452369689941,28.14199447631836,28.45921516418457,27.930513381958008,28.043806076049805,40884590,T
2018-01-30,15.531119346618652,28.27794647216797,28.549848556518555,28.172204971313477,28.2175235748291,39565357,T
2018-01-31,15.53526782989502,28.285497665405273,28.640483856201172,28.19486427307129,28.262840270996094,54843258,T
2018-02-01,16.244625091552734,29.57703971862793,29.67522621154785,29.003021240234375,29.086103439331055,79392071,T
2018-02-02,15.792459487915039,28.75377655029297,29.486404418945312,28.557401657104492,29.478851318359375,61034679,T
2018-02-05,15.195110321044922,27.666162490844727,28.93504524230957,27.666162490844727,28.557401657104492,60368442,T
2018-02-06,15.278077125549316,27.81722068786621,27.998489379882812,26.81268882751465,27.250755310058594,83286617,T
2018-02-07,15.319558143615723,27.892749786376953,28.285497665405273,27.749244689941406,27.802114486694336,47180078,T
2018-02-08,14.755395889282227,26.865558624267578,27.907854080200195,26.865558624267578,27.862537384033203,60563732,T
2018-02-09,14.954508781433105,27.228097915649414,27.454683303833008,26.457704544067383,27.061933517456055,66489162,T
2018-02-12,15.087257385253906,27.469789505004883,27.643505096435547,27.167673110961914,27.439577102661133,36741927,T
2018-02-13,15.18266773223877,27.643505096435547,27.726585388183594,27.167673110961914,27.409366607666016,30289413,T
2018-02-14,15.103845596313477,27.5,27.771902084350586,27.273414611816406,27.492446899414062,32880481,T
2018-02-15,15.348599433898926,27.945619583129883,27.945619583129883,27.36404800415039,27.545316696166992,36419533,T
2018-02-16,15.406672477722168,28.051359176635742,28.24018096923828,27.83987808227539,27.930513381958008,26349718,T
2018-02-20,15.253185272216797,27.771902084350586,28.013595581054688,27.696374893188477,27.854984283447266,29222666,T
2018-02-21,15.062363624572754,27.424470901489258,27.975830078125,27.401813507080078,27.771902084350586,27529402,T
2018-02-22,15.12873363494873,27.545316696166992,27.938066482543945,27.5,27.545316696166992,24543650,T
2018-02-23,15.23244571685791,27.73413848876953,27.756797790527344,27.409366607666016,27.60573959350586,23098901,T
2018-02-26,15.539419174194336,28.29305076599121,28.3308162689209,27.802114486694336,27.892749786376953,26309734,T
2018-02-27,15.29466724395752,27.847431182861328,28.42900276184082,27.847431182861328,28.262840270996094,28360874,T
2018-02-28,15.058218002319336,27.41691780090332,28.081571578979492,27.41691780090332,28.081571578979492,38768971,T
2018-03-01,14.933768272399902,27.190332412719727,27.756797790527344,27.092145919799805,27.424470901489258,37798744,T
2018-03-02,15.078957557678223,27.454683303833008,27.492446899414062,27.152568817138672,27.190332412719727,28285936,T
2018-03-05,15.224149703979492,27.719032287597656,27.809667587280273,27.26586151123047,27.34139060974121,25551876,T
2018-03-06,15.29466724395752,27.847431182861328,27.87009048461914,27.567975997924805,27.81722068786621,23119820,T
2018-03-07,15.311263084411621,27.877643585205078,27.968278884887695,27.613292694091797,27.63595199584961,24475464,T
2018-03-08,15.394224166870117,28.028701782226562,28.028701782226562,27.613292694091797,27.877643585205078,26170581,T
2018-03-09,15.369338989257812,27.983383178710938,28.11178207397461,27.809667587280273,28.074018478393555,24918077,T
2018-03-12,15.497930526733398,28.2175235748291,28.37613296508789,27.975830078125,27.983383178710938,29531820,T
2018-03-13,15.510376930236816,28.24018096923828,28.557401657104492,28.14199447631836,28.361026763916016,25399351,T
2018-03-14,15.361042022705078,27.968278884887695,28.391239166259766,27.915407180786133,28.391239166259766,24633285,T
2018-03-15,15.365193367004395,27.975830078125,28.164653778076172,27.95317268371582,28.013595581054688,28967928,T
2018-03-16,15.348599433898926,27.945619583129883,28.202417373657227,27.87009048461914,28.013595581054688,49124372,T
2018-03-19,15.174368858337402,27.628398895263672,28.021148681640625,27.545316696166992,27.930513381958008,26000580,T
2018-03-20,15.074806213378906,27.44713020324707,27.809667587280273,27.326284408569336,27.70392608642578,26701240,T
2018-03-21,14.933768272399902,27.190332412719727,27.567975997924805,27.190332412719727,27.44713020324707,23086853,T
2018-03-22,14.67242431640625,26.714502334594727,27.220544815063477,26.70694923400879,27.152568817138672,37332696,T
2018-03-23,14.394495010375977,26.208459854125977,27.18277931213379,26.095165252685547,26.714502334594727,46377072,T
2018-03-26,14.39034652709961,26.20090675354004,26.65407943725586,26.0120849609375,26.480363845825195,41696070,T
2018-03-27,14.477459907531738,26.359516143798828,26.586103439331055,26.20090675354004,26.321752548217773,44831567,T
2018-03-28,14.751239776611328,26.85800552368164,27.07703971862793,26.616313934326172,26.65407943725586,40707969,T
2018-03-29,14.788582801818848,26.925981521606445,27.107250213623047,26.450151443481445,26.948640823364258,36494868,T
2018-04-02,14.560422897338867,26.510574340820312,26.933534622192383,26.3066463470459,26.873111724853516,38704360,T
2018-04-03,14.67242431640625,26.714502334594727,26.75226593017578,26.321752548217773,26.555891036987305,28969385,T
2018-04-04,14.88398551940918,27.09969711303711,27.145015716552734,26.419940948486328,26.555891036987305,27224220,T
2018-04-05,14.99184799194336,27.29607391357422,27.34894371032715,26.948640823364258,27.137462615966797,22644769,T
2018-04-06,14.780282020568848,26.91087532043457,27.34139060974121,26.75226593017578,27.197885513305664,33255438,T
2018-04-09,14.865663528442383,26.563444137573242,26.9637451171875,26.480363845825195,26.616313934326172,28968590,T
2018-04-10,15.136178970336914,27.04682731628418,27.484893798828125,26.472810745239258,26.67673683166504,52696259,T
2018-04-11,14.899476051330566,26.62386703491211,26.986404418945312,26.57099723815918,26.933534622192383,27864639,T
2018-04-12,14.861437797546387,26.555891036987305,26.790029525756836,26.480363845825195,26.75226593017578,29062065,T
2018-04-13,14.852978706359863,26.54078483581543,26.714502334594727,26.450151443481445,26.593656539916992,19032235,T
2018-04-16,15.064327239990234,26.918428421020508,27.054380416870117,26.601207733154297,26.714502334594727,32964025,T
2018-04-17,14.945977210998535,26.70694923400879,27.016616821289062,26.6691837310791,26.956193923950195,27255599,T
2018-04-18,14.88257122039795,26.593656539916992,26.842899322509766,26.555891036987305,26.797582626342773,28599724,T
2018-04-19,14.717723846435547,26.29909324645996,26.638973236083984,26.291540145874023,26.616313934326172,31172124,T
2018-04-20,14.654321670532227,26.185800552368164,26.480363845825195,25.79305076599121,26.32930564880371,42967507,T
2018-04-23,14.747315406799316,26.351964950561523,26.351964950561523,26.125377655029297,26.21601104736328,28084556,T
2018-04-24,14.793807029724121,26.43504524230957,26.684289932250977,26.25377655029297,26.548337936401367,28561593,T
2018-04-25,14.878341674804688,26.586103439331055,26.616313934326172,26.231117248535156,26.33685874938965,33485549,T
2018-04-26,13.990715980529785,25.0,25.45317268371582,24.524169921875,25.256797790527344,175073050,T
2018-04-27,13.965354919433594,24.954683303833008,25.347431182861328,24.939577102661133,25.030210494995117,71773908,T
2018-04-30,13.82164478302002,24.697885513305664,25.23413848876953,24.67522621154785,25.128398895263672,61108955,T
2018-05-01,13.754015922546387,24.57703971862793,24.856494903564453,24.44108772277832,24.73564910888672,47421840,T
2018-05-02,13.551127433776855,24.214502334594727,24.645015716552734,24.093656539916992,24.645015716552734,53196466,T
2018-05-03,13.500406265258789,24.12386703491211,24.2824764251709,23.874622344970703,24.19939613342285,53352169,T
2018-05-04,13.584945678710938,24.27492332458496,24.373111724853516,24.033233642578125,24.12386703491211,33814298,T
2018-05-07,13.54267406463623,24.19939613342285,24.35800552368164,24.055891036987305,24.335346221923828,34776581,T
2018-05-08,13.398965835571289,23.942598342895508,24.1691837310791,23.851964950561523,24.146526336669922,44372404,T
2018-05-09,13.272159576416016,23.71601104736328,23.950151443481445,23.542295455932617,23.889728546142578,49642586,T
2018-05-10,13.475048065185547,24.078550338745117,24.191843032836914,23.791540145874023,23.851964950561523,39600046,T
2018-05-11,13.648341178894043,24.38821792602539,24.403322219848633,24.161630630493164,24.1691837310791,36426285,T
2018-05-14,13.6060791015625,24.31268882751465,24.531721115112305,24.244712829589844,24.4637451171875,35608980,T
2018-05-15,13.56380558013916,24.237159729003906,24.350452423095703,24.025680541992188,24.27492332458496,35095003,T
2018-05-16,13.652570724487305,24.395769119262695,24.478851318359375,24.20694923400879,24.237159729003906,25230541,T
2018-05-17,13.496180534362793,24.116313934326172,24.478851318359375,24.093656539916992,24.456193923950195,33656874,T
2018-05-18,13.546899795532227,24.20694923400879,24.244712829589844,24.003021240234375,24.12386703491211,28969650,T
2018-05-21,13.775148391723633,24.614803314208984,24.66012191772461,24.093656539916992,24.290029525756836,37984104,T
2018-05-22,13.707524299621582,24.49395751953125,24.780967712402344,24.471298217773438,24.645015716552734,38908785,T
2018-05-23,13.665250778198242,24.418428421020508,24.569486618041992,24.20694923400879,24.486404418945312,34379249,T
2018-05-24,13.855457305908203,24.75830841064453,24.780967712402344,24.327795028686523,24.4637451171875,46677223,T
2018-05-25,13.74133586883545,24.554380416870117,24.71299171447754,24.4637451171875,24.697885513305664,28884781,T
2018-05-29,13.665250778198242,24.418428421020508,24.539274215698242,24.27492332458496,24.516616821289062,35691200,T
2018-05-30,13.766695022583008,24.59969711303711,24.652568817138672,24.380664825439453,24.44108772277832,31955799,T
2018-05-31,13.661026954650879,24.41087532043457,24.584592819213867,24.290029525756836,24.561933517456055,38948770,T
2018-06-01,13.7244291305542,24.524169921875,24.62990951538086,24.44108772277832,24.531721115112305,31463933,T
2018-06-04,13.699068069458008,24.478851318359375,24.68277931213379,24.448640823364258,24.607250213623047,24333399,T
2018-06-05,13.813192367553711,24.68277931213379,24.7054386138916,24.395769119262695,24.478851318359375,30999209,T
2018-06-06,14.1090669631958,25.21147918701172,25.347431182861328,24.622356414794922,24.750755310058594,45205729,T
2018-06-07,14.290820121765137,25.5362548828125,25.657100677490234,24.84894371032715,24.977340698242188,56352882,T
2018-06-08,14.299275398254395,25.551359176635742,25.702417373657227,25.362537384033203,25.42296028137207,43935086,T
2018-06-11,14.447212219238281,25.815710067749023,26.042295455932617,25.5362548828125,25.657100677490234,49197060,T
2018-06-12,14.519068717956543,25.944108963012695,26.080059051513672,25.74018096923828,26.06495475769043,78647321,T
2018-06-13,13.618758201599121,24.335346221923828,25.030210494995117,24.327795028686523,24.924470901489258,258289495,T
2018-06-14,13.745562553405762,24.561933517456055,24.909366607666016,24.244712829589844,24.622356414794922,117442904,T
2018-06-15,14.011848449707031,25.037763595581055,25.128398895263672,24.2824764251709,24.637462615966797,150914551,T
2018-06-18,13.6060791015625,24.31268882751465,24.954683303833008,24.244712829589844,24.939577102661133,104138823,T
2018-06-19,13.690608978271484,24.4637451171875,24.622356414794922,24.138973236083984,24.1691837310791,115643059,T
2018-06-20,13.525769233703613,24.1691837310791,24.607250213623047,24.131420135498047,24.54682731628418,73886085,T
2018-06-21,13.356698989868164,23.867069244384766,24.395769119262695,23.79909324645996,24.244712829589844,68087230,T
2018-06-22,13.39473819732666,23.93504524230957,24.086103439331055,23.79909324645996,23.96525764465332,82958662,T
2018-06-25,13.40318775177002,23.950151443481445,24.131420135498047,23.851964950561523,23.904834747314453,64377382,T
2018-06-26,13.365148544311523,23.88217544555664,24.025680541992188,23.71601104736328,23.96525764465332,59108126,T
2018-06-27,13.377832412719727,23.904834747314453,24.20694923400879,23.897281646728516,24.15407943725586,61469348,T
2018-06-28,13.6060791015625,24.31268882751465,24.41087532043457,23.91238784790039,23.980363845825195,55928276,T
2018-06-29,13.572261810302734,24.25226593017578,24.539274215698242,24.20694923400879,24.35800552368164,55645999,T
2018-07-02,13.614531517028809,24.327795028686523,24.403322219848633,24.1691837310791,24.290029525756836,50002449,T
2018-07-03,13.825871467590332,24.7054386138916,24.76586151123047,24.30513572692871,24.35800552368164,44857650,T
2018-07-05,13.779374122619629,24.622356414794922,24.773414611816406,24.516616821289062,24.73564910888672,46895286,T
2018-07-06,13.813192367553711,24.68277931213379,24.728097915649414,24.509063720703125,24.667673110961914,54541518,T
2018-07-09,13.870138168334961,24.2824764251709,24.448640823364258,24.25226593017578,24.350452423095703,57539848,T
2018-07-10,14.021134376525879,24.54682731628418,24.54682731628418,24.267372131347656,24.350452423095703,51435414,T
2018-07-11,13.749343872070312,24.07099723815918,24.433534622192383,24.063444137573242,24.380664825439453,51941182,T
2018-07-12,13.904651641845703,24.342899322509766,24.403322219848633,24.093656539916992,24.214502334594727,58851800,T
2018-07-13,13.663057327270508,23.919940948486328,24.108760833740234,23.791540145874023,24.078550338745117,70635135,T
2018-07-16,13.762284278869629,24.093656539916992,24.161630630493164,23.904834747314453,23.950151443481445,43981029,T
2018-07-17,13.701884269714355,23.9879150390625,24.25226593017578,23.950151443481445,24.07099723815918,48245236,T
2018-07-18,13.68031120300293,23.950151443481445,24.131420135498047,23.942598342895508,24.033233642578125,59012004,T
2018-07-19,13.490488052368164,23.61782455444336,24.003021240234375,23.602718353271484,23.96525764465332,68428822,T
2018-07-20,13.41714859008789,23.489425659179688,23.70090675354004,23.444108963012695,23.66314125061035,48517053,T
2018-07-23,13.374005317687988,23.413896560668945,23.56495475769043,23.262840270996094,23.519636154174805,49376329,T
2018-07-24,13.667370796203613,23.927492141723633,23.927492141723633,23.421449661254883,23.602718353271484,67484015,T
2018-07-25,13.050439834594727,22.847431182861328,23.549848556518555,22.756797790527344,23.489425659179688,127781491,T
2018-07-26,13.093585968017578,22.92296028137207,23.081571578979492,22.885196685791016,22.930513381958008,58705498,T
2018-07-27,13.408519744873047,23.474319458007812,23.572507858276367,22.92296028137207,22.998489379882812,60943985,T
2018-07-30,13.805423736572266,24.1691837310791,24.267372131347656,23.75377655029297,23.83685874938965,84792932,T
2018-07-31,13.792481422424316,24.146526336669922,24.425981521606445,24.12386703491211,24.27492332458496,62956068,T
2018-08-01,13.762284278869629,24.093656539916992,24.373111724853516,24.025680541992188,24.320241928100586,41515609,T
2018-08-02,13.74071216583252,24.055891036987305,24.244712829589844,23.995468139648438,24.055891036987305,41306020,T
2018-08-03,13.921911239624023,24.373111724853516,24.380664825439453,23.9879150390625,24.093656539916992,35197746,T
2018-08-06,13.852879524230957,24.25226593017578,24.41087532043457,24.1691837310791,24.327795028686523,39835585,T
2018-08-07,13.977994918823242,24.471298217773438,24.501510620117188,24.146526336669922,24.237159729003906,36200146,T
2018-08-08,13.960738182067871,24.44108772277832,24.569486618041992,24.395769119262695,24.531721115112305,29064448,T
2018-08-09,14.016819953918457,24.539274215698242,24.54682731628418,24.350452423095703,24.471298217773438,22388046,T
2018-08-10,13.917593002319336,24.365558624267578,24.478851318359375,24.290029525756836,24.4637451171875,28441506,T
2018-08-13,13.896026611328125,24.327795028686523,24.425981521606445,24.30513572692871,24.365558624267578,30159926,T
2018-08-14,13.908968925476074,24.350452423095703,24.456193923950195,24.327795028686523,24.350452423095703,23881650,T
2018-08-15,14.008193969726562,24.524169921875,24.584592819213867,24.267372131347656,24.380664825439453,39232106,T
2018-08-16,14.27567195892334,24.992446899414062,25.030210494995117,24.569486618041992,24.569486618041992,49497475,T
2018-08-17,14.249786376953125,24.94713020324707,25.120845794677734,24.89426040649414,24.969789505004883,34647226,T
2018-08-20,14.284300804138184,25.007553100585938,25.113292694091797,24.932024002075195,25.030210494995117,31105394,T
2018-08-21,14.409414291381836,25.226585388183594,25.362537384033203,25.15860939025879,25.173715591430664,37627153,T
2018-08-22,14.098793029785156,24.68277931213379,25.075529098510742,24.667673110961914,25.075529098510742,45223736,T
2018-08-23,14.016819953918457,24.539274215698242,24.76586151123047,24.478851318359375,24.690332412719727,28404566,T
2018-08-24,14.081533432006836,24.652568817138672,24.728097915649414,24.516616821289062,24.516616821289062,21492889,T
2018-08-27,14.163504600524902,24.79607391357422,24.94713020324707,24.71299171447754,24.728097915649414,23296972,T
2018-08-28,14.09447956085205,24.67522621154785,24.79607391357422,24.645015716552734,24.780967712402344,21825743,T
2018-08-29,13.904651641845703,24.342899322509766,24.697885513305664,24.327795028686523,24.667673110961914,33315018,T
2018-08-30,13.78817081451416,24.138973236083984,24.41087532043457,24.07099723815918,24.320241928100586,33840646,T
2018-08-31,13.779541015625,24.12386703491211,24.161630630493164,23.957704544067383,24.131420135498047,41386784,T
2018-09-04,13.745030403137207,24.063444137573242,24.12386703491211,23.77643585205078,24.003021240234375,33314753,T
2018-09-05,13.814057350158691,24.184289932250977,24.20694923400879,23.821752548217773,23.980363845825195,35382046,T
2018-09-06,13.883084297180176,24.30513572692871,24.403322219848633,24.1691837310791,24.267372131347656,33955436,T
2018-09-07,13.857195854187012,24.25981903076172,24.4637451171875,24.237159729003906,24.290029525756836,34103327,T
2018-09-10,13.973675727844238,24.4637451171875,24.690332412719727,24.320241928100586,24.380664825439453,34780156,T
2018-09-11,14.09447956085205,24.67522621154785,24.773414611816406,24.524169921875,24.531721115112305,34892431,T
2018-09-12,14.41804313659668,25.24169158935547,25.415407180786133,24.803625106811523,24.803625106811523,65719388,T
2018-09-13,14.530208587646484,25.438066482543945,25.445619583129883,24.992446899414062,25.256797790527344,45818079,T
2018-09-14,14.495696067810059,25.377643585205078,25.415407180786133,25.15105628967285,25.385196685791016,43936675,T
2018-09-17,14.504324913024902,25.392749786376953,25.5362548828125,25.249244689941406,25.377643585205078,33820653,T
2018-09-18,14.547465324401855,25.468278884887695,25.619335174560547,25.21147918701172,25.347431182861328,44568356,T
2018-09-19,14.39647102355957,25.20392608642578,25.649547576904297,25.113292694091797,25.626888275146484,41038704,T
2018-09-20,14.42667293548584,25.256797790527344,25.32477378845215,25.037763595581055,25.2945613861084,32803159,T
2018-09-21,14.57335376739502,25.513595581054688,25.861026763916016,25.513595581054688,25.7175235748291,172328000,T
2018-09-24,14.629437446594238,25.61178207397461,25.891239166259766,25.490936279296875,25.868579864501953,48180625,T
2018-09-25,14.564724922180176,25.498489379882812,25.82326316833496,25.445619583129883,25.513595581054688,40622306,T
2018-09-26,14.387842178344727,25.18882179260254,25.61178207397461,25.1812686920166,25.551359176635742,43533782,T
2018-09-27,14.41804313659668,25.24169158935547,25.50604248046875,25.128398895263672,25.249244689941406,32880878,T
2018-09-28,14.487067222595215,25.362537384033203,25.438066482543945,25.15860939025879,25.23413848876953,29197113,T
2018-10-01,14.448240280151367,25.2945613861084,25.490936279296875,25.219032287597656,25.42296028137207,29813567,T
2018-10-02,14.633747100830078,25.619335174560547,25.626888275146484,25.28700828552246,25.32477378845215,39724502,T
2018-10-03,14.633747100830078,25.619335174560547,25.77039337158203,25.50604248046875,25.74018096923828,35349608,T
2018-10-04,14.7200345993042,25.77039337158203,25.785497665405273,25.32477378845215,25.551359176635742,36434097,T
2018-10-05,14.663951873779297,25.672204971313477,25.906343460083008,25.574018478393555,25.82326316833496,37956167,T
2018-10-08,14.715720176696777,25.762840270996094,25.815710067749023,25.513595581054688,25.68731117248535,37166931,T
2018-10-09,14.738595962524414,25.302114486694336,25.45317268371582,25.302114486694336,25.445619583129883,36894716,T
2018-10-10,14.45262622833252,24.81117820739746,25.672204971313477,24.803625106811523,25.40030288696289,60268612,T
2018-10-11,13.968673706054688,23.980363845825195,24.969789505004883,23.91238784790039,24.79607391357422,84334960,T
2018-10-12,14.188650131225586,24.35800552368164,24.44108772277832,24.055891036987305,24.31268882751465,57132718,T
2018-10-15,14.237049102783203,24.44108772277832,24.67522621154785,24.327795028686523,24.373111724853516,44013202,T
2018-10-16,14.250243186950684,24.4637451171875,24.524169921875,24.2824764251709,24.448640823364258,37136479,T
2018-10-17,14.329437255859375,24.59969711303711,24.71299171447754,24.380664825439453,24.478851318359375,39605606,T
2018-10-18,14.298637390136719,24.54682731628418,24.81117820739746,24.350452423095703,24.59969711303711,40679900,T
2018-10-19,14.461423873901367,24.826284408569336,24.886707305908203,24.403322219848633,24.509063720703125,46516092,T
2018-10-22,14.373435020446777,24.67522621154785,24.89426040649414,24.614803314208984,24.856494903564453,30573676,T
2018-10-23,14.527417182922363,24.939577102661133,25.13595199584961,24.20694923400879,24.697885513305664,70738937,T
2018-10-24,13.357129096984863,22.930513381958008,24.01812744140625,22.854984283447266,23.96525764465332,157361240,T
2018-10-25,13.189949989318848,22.643505096435547,23.19486427307129,22.477340698242188,23.149547576904297,101822750,T
2018-10-26,12.798379898071289,21.971298217773438,22.60573959350586,21.790029525756836,22.575529098510742,102825150,T
2018-10-29,13.04035758972168,22.386707305908203,22.90030288696289,22.122356414794922,22.34894371032715,65233480,T
2018-10-30,13.405523300170898,23.013595581054688,23.104230880737305,22.522659301757812,22.545316696166992,65072879,T
2018-10-31,13.49791431427002,23.172204971313477,23.398792266845703,22.749244689941406,23.179758071899414,59387755,T
2018-11-01,13.414328575134277,23.028701782226562,23.451662063598633,22.945619583129883,23.406343460083008,46842988,T
2018-11-02,13.427521705627441,23.051359176635742,23.34592056274414,22.92296028137207,23.134441375732422,44376640,T
2018-11-05,13.475920677185059,23.134441375732422,23.308156967163086,23.08912467956543,23.134441375732422,36206766,T
2018-11-06,13.621101379394531,23.383686065673828,23.391239166259766,23.043806076049805,23.14199447631836,32187234,T
2018-11-07,13.682697296142578,23.489425659179688,23.5120849609375,23.179758071899414,23.406343460083008,40827261,T
2018-11-08,13.65629768371582,23.444108963012695,23.53474235534668,23.32326316833496,23.474319458007812,39121022,T
2018-11-09,13.502313613891602,23.179758071899414,23.474319458007812,22.990936279296875,23.398792266845703,52952983,T
2018-11-12,13.541912078857422,23.24773406982422,23.58761215209961,23.149547576904297,23.18731117248535,34338337,T
2018-11-13,13.3439302444458,22.907854080200195,23.338369369506836,22.87009048461914,23.30060386657715,33948684,T
2018-11-14,13.423124313354492,23.043806076049805,23.202417373657227,22.74169158935547,23.074018478393555,41432594,T
2018-11-15,13.251537322998047,22.749244689941406,22.938066482543945,22.58308219909668,22.92296028137207,51526638,T
2018-11-16,13.32633113861084,22.877643585205078,22.975830078125,22.620845794677734,22.71147918701172,38302658,T
2018-11-19,13.352731704711914,22.92296028137207,23.18731117248535,22.81722068786621,22.915407180786133,37015995,T
2018-11-20,12.943567276000977,22.220544815063477,22.7945613861084,22.2054386138916,22.63595199584961,54806053,T
2018-11-21,13.097555160522461,22.484893798828125,22.6812686920166,22.21299171447754,22.280967712402344,40125806,T
2018-11-23,12.917170524597168,22.17522621154785,22.477340698242188,22.167673110961914,22.477340698242188,17742924,T
2018-11-26,13.176746368408203,22.620845794677734,22.771902084350586,22.386707305908203,22.39426040649414,47387946,T
2018-11-27,13.392326354980469,22.990936279296875,23.028701782226562,22.44713020324707,22.537763595581055,42574147,T
2018-11-28,13.524316787719727,23.2175235748291,23.315710067749023,22.92296028137207,22.990936279296875,45639472,T
2018-11-29,13.449522972106934,23.08912467956543,23.19486427307129,22.809667587280273,22.938066482543945,40881545,T
2018-11-30,13.744294166564941,23.595165252685547,23.738670349121094,23.172204971313477,23.19486427307129,106538705,T
2018-12-03,13.951070785522461,23.950151443481445,24.093656539916992,23.648035049438477,23.972810745239258,57899712,T
2018-12-04,13.519913673400879,23.209970474243164,24.17673683166504,23.164653778076172,23.96525764465332,59356641,T
2018-12-06,13.431928634643555,23.05891227722168,23.081571578979492,22.545316696166992,23.021148681640625,68847073,T
2018-12-07,13.26033878326416,22.76435089111328,23.32326316833496,22.666162490844727,22.82477378845215,49616370,T
2018-12-10,13.159146308898926,22.590633392333984,22.726585388183594,22.031721115112305,22.719032287597656,54352980,T
2018-12-11,13.066757202148438,22.432024002075195,23.164653778076172,22.34894371032715,22.990936279296875,65621809,T
2018-12-12,13.269139289855957,22.779455184936523,22.877643585205078,22.60573959350586,22.74169158935547,54156499,T
2018-12-13,13.159146308898926,22.590633392333984,22.802114486694336,22.3187313079834,22.726585388183594,65005487,T
2018-12-14,13.295533180236816,22.82477378845215,22.960725784301758,22.432024002075195,22.530210494995117,56589614,T
2018-12-17,13.137151718139648,22.55286979675293,22.83987808227539,22.356494903564453,22.756797790527344,58284731,T
2018-12-18,13.088754653930664,22.469789505004883,22.673715591430664,22.356494903564453,22.379154205322266,58914160,T
2018-12-19,13.119553565979004,22.522659301757812,22.885196685791016,22.36404800415039,22.598186492919922,68079550,T
2018-12-20,12.604804039001465,21.638973236083984,22.55286979675293,21.291540145874023,22.537763595581055,101572381,T
2018-12-21,12.455215454101562,21.38217544555664,22.084592819213867,21.25377655029297,21.404834747314453,105470767,T
2018-12-24,12.037259101867676,20.664653778076172,21.367069244384766,20.664653778076172,21.3066463470459,54429772,T
2018-12-26,12.354026794433594,21.208459854125977,21.22356414794922,20.24169158935547,20.77039337158203,75985949,T
2018-12-27,12.384821891784668,21.261329650878906,21.268882751464844,20.521148681640625,21.004531860351562,77548269,T
2018-12-28,12.521206855773926,21.495468139648438,21.75226593017578,21.27643585205078,21.291540145874023,66978909,T
2018-12-31,12.55640697479248,21.555891036987305,21.631420135498047,21.21601104736328,21.578550338745117,69988626,T
2019-01-02,12.996365547180176,22.31117820739746,22.34894371032715,21.374622344970703,21.525680541992188,52025256,T
2019-01-03,13.013964653015137,22.34139060974121,22.515106201171875,22.061933517456055,22.29607391357422,49787166,T
2019-01-04,13.348329544067383,22.915407180786133,22.945619583129883,22.575529098510742,22.628398895263672,55703858,T
2019-01-07,13.590309143066406,23.3308162689209,23.61782455444336,22.975830078125,23.209970474243164,54377872,T
2019-01-08,13.761889457702637,23.625377655029297,23.70090675354004,23.436555862426758,23.648035049438477,57683105,T
2019-01-09,13.534919738769531,22.73413848876953,23.32326316833496,22.63595199584961,23.32326316833496,58660217,T
2019-01-10,13.669821739196777,22.960725784301758,23.021148681640625,22.522659301757812,22.696374893188477,42388654,T
2019-01-11,13.881162643432617,23.315710067749023,23.37613296508789,22.892749786376953,22.960725784301758,38308086,T
2019-01-14,13.768745422363281,23.126888275146484,23.24773406982422,22.95317268371582,23.18731117248535,32395897,T
2019-01-15,13.759749412536621,23.11178207397461,23.11178207397461,22.832326889038086,23.051359176635742,35397670,T
2019-01-16,13.741765975952148,23.081571578979492,23.22507667541504,22.92296028137207,23.05891227722168,32430586,T
2019-01-17,13.777734756469727,23.14199447631836,23.22507667541504,22.968278884887695,23.074018478393555,34777508,T
2019-01-18,13.92162799835205,23.383686065673828,23.436555862426758,23.051359176635742,23.27794647216797,57261808,T
2019-01-22,13.750760078430176,23.096677780151367,23.406343460083008,22.975830078125,23.353473663330078,49859854,T
2019-01-23,13.890151977539062,23.3308162689209,23.338369369506836,23.104230880737305,23.202417373657227,36879490,T
2019-01-24,13.759749412536621,23.11178207397461,23.24773406982422,22.862537384033203,23.24773406982422,32297391,T
2019-01-25,13.786731719970703,23.157100677490234,23.444108963012695,23.14199447631836,23.172204971313477,40353402,T
2019-01-28,13.791227340698242,23.164653778076172,23.172204971313477,22.983383178710938,23.126888275146484,41081866,T
2019-01-29,13.804712295532227,23.18731117248535,23.18731117248535,22.998489379882812,23.126888275146484,41497735,T
2019-01-30,13.206660270690918,22.18277931213379,22.960725784301758,21.91087532043457,22.628398895263672,123070434,T
2019-01-31,13.516934394836426,22.70392608642578,22.726585388183594,22.016616821289062,22.280967712402344,69082348,T
2019-02-01,13.489952087402344,22.65860939025879,22.930513381958008,22.58308219909668,22.81722068786621,54384889,T
2019-02-04,13.314582824707031,22.36404800415039,22.6812686920166,22.326284408569336,22.6812686920166,51681413,T
2019-02-05,13.323580741882324,22.379154205322266,22.439577102661133,22.250755310058594,22.409366607666016,38762616,T
2019-02-06,13.292098999023438,22.326284408569336,22.5,22.29607391357422,22.432024002075195,30356937,T
2019-02-07,13.242632865905762,22.243202209472656,22.326284408569336,21.842899322509766,22.31117820739746,50163315,T
2019-02-08,13.287603378295898,22.3187313079834,22.326284408569336,21.978851318359375,22.2054386138916,32148838,T
2019-02-11,13.359549522399902,22.439577102661133,22.537763595581055,22.250755310058594,22.34139060974121,38471865,T
2019-02-12,13.404515266418457,22.515106201171875,22.6812686920166,22.454683303833008,22.545316696166992,39705568,T
2019-02-13,13.41800308227539,22.537763595581055,22.567975997924805,22.280967712402344,22.515106201171875,39773092,T
2019-02-14,13.395519256591797,22.5,22.666162490844727,22.3187313079834,22.432024002075195,34220369,T
2019-02-15,13.701290130615234,23.013595581054688,23.051359176635742,22.60573959350586,22.6812686920166,49237839,T
2019-02-19,13.773240089416504,23.134441375732422,23.172204971313477,22.892749786376953,23.00604248046875,32719218,T
2019-02-20,13.872167587280273,23.30060386657715,23.368579864501953,23.00604248046875,23.14199447631836,32767808,T
2019-02-21,13.863174438476562,23.285497665405273,23.45921516418457,23.134441375732422,23.308156967163086,35192450,T
2019-02-22,14.007070541381836,23.527189254760742,23.557401657104492,23.27794647216797,23.37613296508789,30924933,T
2019-02-25,13.998072624206543,23.5120849609375,23.632930755615234,23.42900276184082,23.602718353271484,32325063,T
2019-02-26,14.038542747497559,23.580059051513672,23.738670349121094,23.383686065673828,23.519636154174805,39276195,T
2019-02-27,13.966594696044922,23.45921516418457,23.61782455444336,23.24773406982422,23.58761215209961,34886738,T
2019-02-28,13.993575096130371,23.504531860351562,23.61782455444336,23.391239166259766,23.45921516418457,37371224,T
2019-03-01,13.85867977142334,23.27794647216797,23.595165252685547,23.14199447631836,23.56495475769043,40505000,T
2019-03-04,13.480960845947266,22.643505096435547,23.37613296508789,22.409366607666016,23.37613296508789,65515095,T
2019-03-05,13.4674654006958,22.620845794677734,22.696374893188477,22.507553100585938,22.673715591430664,34463455,T
2019-03-06,13.404515266418457,22.515106201171875,22.76435089111328,22.484893798828125,22.65860939025879,32544317,T
2019-03-07,13.453978538513184,22.598186492919922,22.71147918701172,22.507553100585938,22.55286979675293,32869756,T
2019-03-08,13.471966743469238,22.628398895263672,22.70392608642578,22.462236404418945,22.545316696166992,29797812,T
2019-03-11,13.588881492614746,22.82477378845215,22.892749786376953,22.620845794677734,22.643505096435547,34448494,T
2019-03-12,13.773240089416504,23.134441375732422,23.338369369506836,22.82477378845215,22.847431182861328,43009610,T
2019-03-13,13.615861892700195,22.87009048461914,23.202417373657227,22.81722068786621,23.149547576904297,36677713,T
2019-03-14,13.615861892700195,22.87009048461914,23.028701782226562,22.81722068786621,22.87009048461914,29249014,T
2019-03-15,13.791227340698242,23.164653778076172,23.172204971313477,22.885196685791016,23.043806076049805,70650758,T
2019-03-18,13.849679946899414,23.262840270996094,23.29305076599121,23.104230880737305,23.172204971313477,30882432,T
2019-03-19,13.795722961425781,23.172204971313477,23.451662063598633,23.081571578979492,23.315710067749023,38039182,T
2019-03-20,13.719280242919922,23.043806076049805,23.232627868652344,22.960725784301758,23.104230880737305,32656328,T
2019-03-21,13.966594696044922,23.45921516418457,23.527189254760742,22.998489379882812,22.998489379882812,34878529,T
2019-03-22,13.971094131469727,23.466766357421875,23.67069435119629,23.413896560668945,23.413896560668945,43918934,T
2019-03-25,13.83619213104248,23.24018096923828,23.527189254760742,23.149547576904297,23.489425659179688,33938489,T
2019-03-26,14.114986419677734,23.708459854125977,23.731117248535156,23.368579864501953,23.391239166259766,32179688,T
2019-03-27,14.119482040405273,23.71601104736328,23.897281646728516,23.602718353271484,23.648035049438477,35408526,T
2019-03-28,13.944113731384277,23.421449661254883,23.791540145874023,23.315710067749023,23.731117248535156,35743234,T
2019-03-29,14.101496696472168,23.685800552368164,23.708459854125977,23.391239166259766,23.53474235534668,41847006,T
2019-04-01,14.366798400878906,24.131420135498047,24.161630630493164,23.821752548217773,23.867069244384766,50012511,T
2019-04-02,14.222905158996582,23.889728546142578,24.131420135498047,23.82930564880371,24.101207733154297,42296239,T
2019-04-03,14.330826759338379,24.07099723815918,24.138973236083984,23.897281646728516,24.01812744140625,38104720,T
2019-04-04,14.380290031433105,24.15407943725586,24.267372131347656,24.108760833740234,24.131420135498047,37352688,T
2019-04-05,14.546662330627441,24.433534622192383,24.44108772277832,24.108760833740234,24.22205352783203,52865599,T
2019-04-08,14.564651489257812,24.4637451171875,24.561933517456055,24.31268882751465,24.509063720703125,49321648,T
2019-04-09,14.58083438873291,23.980363845825195,24.086103439331055,23.821752548217773,24.055891036987305,35455396,T
2019-04-10,14.64054012298584,24.078550338745117,24.19939613342285,23.972810745239258,23.980363845825195,26990932,T
2019-04-11,14.787491798400879,24.320241928100586,24.35800552368164,24.078550338745117,24.108760833740234,33008512,T
2019-04-12,14.787491798400879,24.320241928100586,24.41087532043457,24.138973236083984,24.395769119262695,34451936,T
2019-04-15,14.704828262329102,24.184289932250977,24.35800552368164,24.12386703491211,24.327795028686523,25769939,T
2019-04-16,14.81045913696289,24.35800552368164,24.35800552368164,24.12386703491211,24.25981903076172,28733316,T
2019-04-17,14.672683715820312,24.131420135498047,24.320241928100586,24.131420135498047,24.22960662841797,29610995,T
2019-04-18,14.709423065185547,24.191843032836914,24.244712829589844,24.055891036987305,24.131420135498047,30872370,T
2019-04-22,14.732385635375977,24.22960662841797,24.30513572692871,24.108760833740234,24.184289932250977,29444568,T
2019-04-23,14.741568565368652,24.244712829589844,24.380664825439453,24.078550338745117,24.214502334594727,41937700,T
2019-04-24,14.13996410369873,23.255287170410156,23.859516143798828,23.051359176635742,23.466766357421875,95658073,T
2019-04-25,13.933306694030762,22.915407180786133,23.149547576904297,22.696374893188477,23.14199447631836,58284201,T
2019-04-26,14.089447975158691,23.172204971313477,23.383686065673828,22.87009048461914,23.013595581054688,46593943,T
2019-04-29,14.181297302246094,23.32326316833496,23.648035049438477,23.27794647216797,23.34592056274414,42053815,T
2019-04-30,14.218033790588379,23.383686065673828,23.519636154174805,23.232627868652344,23.368579864501953,46341721,T
2019-05-01,14.13996410369873,23.255287170410156,23.572507858276367,23.24773406982422,23.451662063598633,35810228,T
2019-05-02,14.061896324157715,23.126888275146484,23.421449661254883,23.104230880737305,23.383686065673828,39338026,T
2019-05-03,14.09862995147705,23.18731117248535,23.255287170410156,23.08912467956543,23.157100677490234,37370694,T
2019-05-06,14.048121452331543,23.104230880737305,23.14199447631836,22.945619583129883,23.00604248046875,33340968,T
2019-05-07,14.020562171936035,23.05891227722168,23.104230880737305,22.87009048461914,23.051359176635742,34121069,T
2019-05-08,13.914939880371094,22.885196685791016,23.0362548828125,22.78700828552246,22.95317268371582,33120125,T
2019-05-09,13.951676368713379,22.945619583129883,22.998489379882812,22.756797790527344,22.862537384033203,35851802,T
2019-05-10,14.061896324157715,23.126888275146484,23.202417373657227,22.779455184936523,22.847431182861328,29145609,T
2019-05-13,13.993005752563477,23.013595581054688,23.149547576904297,22.915407180786133,22.92296028137207,36692409,T
2019-05-14,14.277738571166992,23.48187255859375,23.70090675354004,23.126888275146484,23.18731117248535,49683365,T
2019-05-15,14.351217269897461,23.602718353271484,23.640483856201172,23.3308162689209,23.444108963012695,31685041,T
2019-05-16,14.521137237548828,23.88217544555664,24.078550338745117,23.678247451782227,23.678247451782227,31292608,T
2019-05-17,14.603793144226074,24.01812744140625,24.1691837310791,23.70090675354004,23.72356414794922,40897698,T
2019-05-20,14.7829008102417,24.31268882751465,24.984893798828125,24.138973236083984,24.380664825439453,70774685,T
2019-05-21,14.883931159973145,24.478851318359375,24.652568817138672,24.237159729003906,24.350452423095703,30867074,T
2019-05-22,14.824233055114746,24.380664825439453,24.509063720703125,24.25981903076172,24.350452423095703,26465171,T
2019-05-23,14.759939193725586,24.27492332458496,24.41087532043457,24.116313934326172,24.30513572692871,32657122,T
2019-05-24,14.81964111328125,24.373111724853516,24.433534622192383,24.244712829589844,24.41087532043457,21391471,T
2019-05-28,14.663498878479004,24.116313934326172,24.486404418945312,24.101207733154297,24.418428421020508,32468584,T
2019-05-29,14.654312133789062,24.101207733154297,24.327795028686523,23.93504524230957,24.101207733154297,35680344,T
2019-05-30,14.631352424621582,24.063444137573242,24.22205352783203,23.897281646728516,24.138973236083984,32077342,T
2019-05-31,14.04352855682373,23.096677780151367,23.53474235534668,22.945619583129883,23.45921516418457,65422282,T
2019-06-03,14.277738571166992,23.48187255859375,23.678247451782227,23.172204971313477,23.202417373657227,48092446,T
2019-06-04,14.456843376159668,23.77643585205078,23.791540145874023,23.398792266845703,23.708459854125977,41391153,T
2019-06-05,14.548688888549805,23.927492141723633,23.950151443481445,23.731117248535156,23.88217544555664,27050379,T
2019-06-06,14.741568565368652,24.244712829589844,24.297582626342773,23.942598342895508,24.01812744140625,32321091,T
2019-06-07,14.920670509338379,24.539274215698242,24.697885513305664,24.27492332458496,24.297582626342773,42087842,T
2019-06-10,14.663498878479004,24.116313934326172,24.924470901489258,24.063444137573242,24.690332412719727,40947745,T
2019-06-11,14.746160507202148,24.25226593017578,24.501510620117188,24.191843032836914,24.214502334594727,25967082,T
2019-06-12,14.778307914733887,24.30513572692871,24.403322219848633,24.191843032836914,24.25226593017578,25530560,T
2019-06-13,14.828824043273926,24.38821792602539,24.418428421020508,24.25981903076172,24.335346221923828,22340382,T
2019-06-14,14.856375694274902,24.433534622192383,24.501510620117188,24.30513572692871,24.425981521606445,26279414,T
2019-06-17,14.833415031433105,24.395769119262695,24.4637451171875,24.297582626342773,24.35800552368164,22262001,T
2019-06-18,14.897712707519531,24.501510620117188,24.697885513305664,24.471298217773438,24.501510620117188,27187148,T
2019-06-19,14.883931159973145,24.478851318359375,24.614803314208984,24.41087532043457,24.57703971862793,28081510,T
2019-06-20,14.943634986877441,24.57703971862793,24.622356414794922,24.403322219848633,24.607250213623047,35835384,T
2019-06-21,14.90230655670166,24.509063720703125,24.697885513305664,24.486404418945312,24.690332412719727,51925426,T
2019-06-24,14.961999893188477,24.607250213623047,24.690332412719727,24.516616821289062,24.539274215698242,28790910,T
2019-06-25,14.948225021362305,24.584592819213867,24.622356414794922,24.509063720703125,24.622356414794922,25460123,T
2019-06-26,14.939043998718262,24.569486618041992,24.76586151123047,24.561933517456055,24.614803314208984,37020232,T
2019-06-27,15.145702362060547,24.909366607666016,24.94713020324707,24.592145919799805,24.743202209472656,37316013,T
2019-06-28,15.389095306396484,25.309667587280273,25.33987808227539,24.86404800415039,24.954683303833008,53981201,T
2019-07-01,15.352359771728516,25.249244689941406,25.604230880737305,25.226585388183594,25.5362548828125,42843978,T
2019-07-02,15.540648460388184,25.55891227722168,25.581571578979492,25.20392608642578,25.279455184936523,35260636,T
2019-07-03,15.604940414428711,25.664653778076172,25.709970474243164,25.581571578979492,25.649547576904297,26660726,T
2019-07-05,15.751898765563965,25.906343460083008,25.95921516418457,25.634441375732422,25.664653778076172,32447268,T
2019-07-08,15.72893238067627,25.868579864501953,25.951662063598633,25.732627868652344,25.77794647216797,42167017,T
2019-07-09,15.71264934539795,25.332326889038086,25.42296028137207,25.226585388183594,25.37009048461914,41013548,T
2019-07-10,15.815714836120605,25.498489379882812,25.55891227722168,25.392749786376953,25.483383178710938,33566180,T
2019-07-11,15.6751708984375,25.271902084350586,25.69486427307129,25.120845794677734,25.672204971313477,38215804,T
2019-07-12,15.764178276062012,25.415407180786133,25.42296028137207,25.219032287597656,25.32477378845215,30785251,T
2019-07-15,15.792290687561035,25.460725784301758,25.483383178710938,25.354984283447266,25.42296028137207,26817752,T
2019-07-16,15.731389045715332,25.362537384033203,25.468278884887695,25.309667587280273,25.438066482543945,23658953,T
2019-07-17,15.581475257873535,25.120845794677734,25.362537384033203,25.113292694091797,25.347431182861328,24888817,T
2019-07-18,15.50183391571045,24.992446899414062,25.075529098510742,24.803625106811523,25.067975997924805,42533500,T
2019-07-19,15.361289978027344,24.76586151123047,25.128398895263672,24.750755310058594,25.098186492919922,42575603,T
2019-07-22,15.05210018157959,24.267372131347656,24.73564910888672,24.22205352783203,24.73564910888672,47022787,T
2019-07-23,15.033357620239258,24.237159729003906,24.290029525756836,23.8066463470459,24.2824764251709,60340506,T
2019-07-24,15.572111129760742,25.10573959350586,25.219032287597656,24.30513572692871,24.30513572692871,63928943,T
2019-07-25,15.83913803100586,25.5362548828125,25.672204971313477,25.26435089111328,25.362537384033203,51661421,T
2019-07-26,15.998420715332031,25.79305076599121,25.853473663330078,25.37009048461914,25.483383178710938,45213673,T
2019-07-29,16.087432861328125,25.936555862426758,26.019636154174805,25.634441375732422,25.732627868652344,40963368,T
2019-07-30,16.012474060058594,25.815710067749023,26.16314125061035,25.74018096923828,26.0120849609375,44919083,T
2019-07-31,15.951567649841309,25.7175235748291,26.042295455932617,25.596677780151367,25.7175235748291,53799151,T
2019-08-01,15.984366416931152,25.77039337158203,26.132930755615234,25.69486427307129,26.042295455932617,54361984,T
2019-08-02,16.007789611816406,25.808156967163086,25.936555862426758,25.332326889038086,25.528701782226562,48294621,T
2019-08-05,15.689226150512695,25.2945613861084,25.634441375732422,25.067975997924805,25.45317268371582,49077502,T
2019-08-06,15.909404754638672,25.649547576904297,25.657100677490234,25.143505096435547,25.309667587280273,41916119,T
2019-08-07,15.956255912780762,25.72507667541504,25.80060386657715,25.196374893188477,25.377643585205078,50243814,T
2019-08-08,16.181121826171875,26.08761215209961,26.08761215209961,25.732627868652344,25.868579864501953,37732014,T
2019-08-09,16.181121826171875,26.08761215209961,26.125377655029297,25.79305076599121,26.004531860351562,30275643,T
2019-08-12,16.153013229370117,26.042295455932617,26.11782455444336,25.883686065673828,26.03474235534668,31324781,T
2019-08-13,16.331037521362305,26.32930564880371,26.404834747314453,25.95921516418457,25.95921516418457,41333294,T
2019-08-14,15.970308303833008,25.74773406982422,26.155588150024414,25.69486427307129,26.132930755615234,45830657,T
2019-08-15,16.087432861328125,25.936555862426758,26.027189254760742,25.649547576904297,25.861026763916016,32262702,T
2019-08-16,16.382568359375,26.41238784790039,26.43504524230957,25.989425659179688,26.042295455932617,41180372,T
2019-08-19,16.57464599609375,26.72205352783203,26.767372131347656,26.427492141723633,26.442598342895508,34603667,T
2019-08-20,16.387248992919922,26.419940948486328,26.661630630493164,26.359516143798828,26.65407943725586,28856448,T
2019-08-21,16.47157859802246,26.555891036987305,26.62386703491211,26.41238784790039,26.578550338745117,29013606,T
2019-08-22,16.579328536987305,26.72960662841797,26.81268882751465,26.495468139648438,26.616313934326172,28412643,T
2019-08-23,16.312297821044922,26.29909324645996,26.767372131347656,26.16314125061035,26.661630630493164,44827992,T
2019-08-26,16.363826751708984,26.38217544555664,26.54078483581543,26.21601104736328,26.41238784790039,30713225,T
2019-08-27,16.265445709228516,26.22356414794922,26.46525764465332,26.155588150024414,26.442598342895508,42475509,T
2019-08-28,16.377887725830078,26.404834747314453,26.419940948486328,26.080059051513672,26.185800552368164,32261114,T
2019-08-29,16.46689224243164,26.548337936401367,26.684289932250977,26.472810745239258,26.51812744140625,30840594,T
2019-08-30,16.518428802490234,26.631420135498047,26.69939613342285,26.4879150390625,26.57099723815918,28610448,T
2019-09-03,16.57464599609375,26.72205352783203,26.72960662841797,26.374622344970703,26.495468139648438,27196284,T
2019-09-04,16.733922958374023,26.978851318359375,27.054380416870117,26.767372131347656,26.835346221923828,27455656,T
2019-09-05,16.813562393188477,27.107250213623047,27.17522621154785,27.001510620117188,27.114803314208984,28784687,T
2019-09-06,16.982215881347656,27.379154205322266,27.469789505004883,27.122356414794922,27.152568817138672,38748316,T
2019-09-09,17.235187530517578,27.78700828552246,28.8066463470459,27.726585388183594,28.56495475769043,156054584,T
2019-09-10,17.60528564453125,28.383686065673828,28.489425659179688,27.92296028137207,28.104230880737305,63577950,T
2019-09-11,18.148717880249023,29.25981903076172,29.267372131347656,28.48187255859375,28.648035049438477,72914534,T
2019-09-12,17.980066299438477,28.9879150390625,29.063444137573242,28.496978759765625,28.980363845825195,56491108,T
2019-09-13,17.759883880615234,28.632930755615234,28.96525764465332,28.504531860351562,28.708459854125977,51934430,T
2019-09-16,17.47879981994629,28.179758071899414,28.572507858276367,28.028701782226562,28.474319458007812,65127428,T
2019-09-17,17.40852928161621,28.066465377807617,28.134441375732422,27.78700828552246,27.975830078125,46375748,T
2019-09-18,17.22113800048828,27.76435089111328,27.930513381958008,27.560422897338867,27.76435089111328,49625374,T
2019-09-19,17.403841018676758,28.05891227722168,28.11178207397461,27.7945613861084,27.968278884887695,35751178,T
2019-09-20,17.759883880615234,28.632930755615234,28.708459854125977,28.081571578979492,28.172204971313477,102573987,T
2019-09-23,17.614660263061523,28.398792266845703,28.58761215209961,28.308156967163086,28.413896560668945,28592972,T
2019-09-24,17.51158905029297,28.232627868652344,28.58761215209961,28.202417373657227,28.542295455932617,36647790,T
2019-09-25,17.51158905029297,28.232627868652344,28.368579864501953,28.126888275146484,28.19486427307129,29563331,T
2019-09-26,17.51158905029297,28.232627868652344,28.29305076599121,28.081571578979492,28.24773406982422,25490045,T
2019-09-27,17.535018920898438,28.27039337158203,28.496978759765625,28.081571578979492,28.406343460083008,32070987,T
2019-09-30,17.727087020874023,28.580059051513672,28.640483856201172,28.34592056274414,28.391239166259766,37524676,T
2019-10-01,17.525646209716797,28.255287170410156,28.67069435119629,28.22507667541504,28.66314125061035,30502974,T
2019-10-02,17.371051788330078,28.00604248046875,28.209970474243164,27.885196685791016,28.209970474243164,34764268,T
2019-10-03,17.422582626342773,28.08912467956543,28.096677780151367,27.68882179260254,27.945619583129883,26973322,T
2019-10-04,17.572492599487305,28.3308162689209,28.338369369506836,28.043806076049805,28.11178207397461,29014268,T
2019-10-07,17.642763137817383,28.444108963012695,28.602718353271484,28.338369369506836,28.383686065673828,27852194,T
2019-10-08,17.55843734741211,28.308156967163086,28.48187255859375,28.232627868652344,28.45921516418457,37298007,T
2019-10-09,17.675432205200195,27.983383178710938,28.11178207397461,27.862537384033203,28.104230880737305,32517572,T
2019-10-10,17.851953506469727,28.262840270996094,28.361026763916016,27.92296028137207,27.945619583129883,30928905,T
2019-10-11,17.92828369140625,28.383686065673828,28.549848556518555,28.30060386657715,28.391239166259766,36655734,T
2019-10-14,17.87580680847168,28.30060386657715,28.466766357421875,28.179758071899414,28.383686065673828,27506894,T
2019-10-15,18.08094596862793,28.625377655029297,28.75377655029297,28.262840270996094,28.285497665405273,30063141,T
2019-10-16,18.028465270996094,28.542295455932617,28.70090675354004,28.474319458007812,28.56495475769043,29173148,T
2019-10-17,18.038009643554688,28.557401657104492,28.595165252685547,28.406343460083008,28.595165252685547,24521672,T
2019-10-18,18.352874755859375,29.055891036987305,29.101207733154297,28.542295455932617,28.557401657104492,49864620,T
2019-10-21,18.238378524780273,28.874622344970703,29.1691837310791,28.844411849975586,29.01812744140625,35278112,T
2019-10-22,18.209753036499023,28.82930564880371,28.972810745239258,28.398792266845703,28.56495475769043,26683631,T
2019-10-23,18.004613876342773,28.504531860351562,28.8066463470459,28.421449661254883,28.708459854125977,32027692,T
2019-10-24,17.565706253051758,27.809667587280273,28.527189254760742,27.598186492919922,28.466766357421875,53057976,T
2019-10-25,17.608644485473633,27.877643585205078,28.074018478393555,27.73413848876953,27.90030288696289,44063779,T
2019-10-28,18.362417221069336,29.07099723815918,29.350452423095703,28.678247451782227,28.927492141723633,82403244,T
2019-10-29,18.157276153564453,28.74622344970703,29.07099723815918,28.685800552368164,29.07099723815918,35364040,T
2019-10-30,18.22406578063965,28.851964950561523,29.35800552368164,28.78398895263672,28.995468139648438,45040891,T
2019-10-31,18.362417221069336,29.07099723815918,29.07099723815918,28.610271453857422,28.859516143798828,52278140,T
2019-11-01,18.58186912536621,29.418428421020508,29.471298217773438,29.25981903076172,29.418428421020508,46648095,T
2019-11-04,18.553245544433594,29.373111724853516,29.833837509155273,29.350452423095703,29.531721115112305,47480891,T
2019-11-05,18.686819076538086,29.584592819213867,29.690332412719727,29.297582626342773,29.31268882751465,39343322,T
2019-11-06,18.724990844726562,29.645015716552734,29.667673110961914,29.448640823364258,29.645015716552734,29127073,T
2019-11-07,18.806093215942383,29.773414611816406,29.89426040649414,29.645015716552734,29.67522621154785,33818138,T
2019-11-08,18.787010192871094,29.743202209472656,29.780967712402344,29.524169921875,29.71299171447754,24672872,T
2019-11-11,18.782238006591797,29.73564910888672,29.743202209472656,29.607250213623047,29.652568817138672,17987334,T
2019-11-12,18.686819076538086,29.584592819213867,29.8187313079834,29.509063720703125,29.720544815063477,21912332,T
2019-11-13,18.68205451965332,29.57703971862793,29.690332412719727,29.49395751953125,29.59969711303711,21974296,T
2019-11-14,18.58186912536621,29.418428421020508,29.516616821289062,29.22205352783203,29.433534622192383,36368956,T
2019-11-15,18.844261169433594,29.833837509155273,29.84139060974121,29.501510620117188,29.554380416870117,41675283,T
2019-11-18,18.906272888183594,29.932024002075195,29.984893798828125,29.614803314208984,29.68277931213379,34383883,T
2019-11-19,18.128658294677734,28.70090675354004,29.433534622192383,28.22507667541504,29.395769119262695,85473203,T
2019-11-20,17.737455368041992,28.081571578979492,28.406343460083008,27.492446899414062,28.013595581054688,92496494,T
2019-11-21,17.937822341918945,28.398792266845703,28.474319458007812,27.968278884887695,27.968278884887695,41518654,T
2019-11-22,18.00938606262207,28.5120849609375,28.648035049438477,28.466766357421875,28.5120849609375,26317280,T
2019-11-25,17.775619506835938,28.14199447631836,28.625377655029297,28.081571578979492,28.625377655029297,42985116,T
2019-11-26,17.8424072265625,28.24773406982422,28.27794647216797,27.771902084350586,28.157100677490234,71535058,T
2019-11-27,17.966447830200195,28.444108963012695,28.56495475769043,28.24773406982422,28.27794647216797,22600018,T
2019-11-29,17.83286476135254,28.232627868652344,28.67069435119629,28.2175235748291,28.504531860351562,24060390,T
2019-12-02,17.804243087768555,28.18731117248535,28.308156967163086,28.119335174560547,28.308156967163086,32951182,T
2019-12-03,17.913969039916992,28.361026763916016,28.361026763916016,27.877643585205078,28.096677780151367,32927880,T
2019-12-04,18.176362991333008,28.77643585205078,28.972810745239258,28.3308162689209,28.391239166259766,50625656,T
2019-12-05,18.219297409057617,28.844411849975586,28.972810745239258,28.708459854125977,28.791540145874023,28815933,T
2019-12-06,18.22406578063965,28.851964950561523,29.138973236083984,28.8066463470459,28.919940948486328,29930476,T
2019-12-09,18.14773178100586,28.731117248535156,29.025680541992188,28.72356414794922,28.791540145874023,27278637,T
2019-12-10,18.157276153564453,28.74622344970703,28.904834747314453,28.56495475769043,28.75377655029297,28833410,T
2019-12-11,18.209753036499023,28.82930564880371,28.889728546142578,28.70090675354004,28.71601104736328,24529351,T
2019-12-12,18.295625686645508,28.96525764465332,29.131420135498047,28.851964950561523,28.851964950561523,31237662,T
2019-12-13,18.252687454223633,28.897281646728516,28.91238784790039,28.66314125061035,28.859516143798828,32957538,T
2019-12-16,18.410123825073242,29.146526336669922,29.191843032836914,28.980363845825195,28.980363845825195,31833064,T
2019-12-17,18.3671875,29.078550338745117,29.22960662841797,29.04078483581543,29.15407943725586,45994833,T
2019-12-18,18.4816837310791,29.25981903076172,29.403322219848633,29.146526336669922,29.15407943725586,37645954,T
2019-12-19,18.572328567504883,29.403322219848633,29.403322219848633,29.19939613342285,29.297582626342773,33199697,T
2019-12-20,18.677284240722656,29.569486618041992,29.652568817138672,29.373111724853516,29.614803314208984,64039497,T
2019-12-23,18.63911247253418,29.509063720703125,29.780967712402344,29.486404418945312,29.645015716552734,38581095,T
2019-12-24,18.586637496948242,29.425981521606445,29.54682731628418,29.380664825439453,29.531721115112305,11515093,T
2019-12-26,18.68205451965332,29.57703971862793,29.607250213623047,29.433534622192383,29.448640823364258,26239032,T
2019-12-27,18.72021484375,29.637462615966797,29.728097915649414,29.607250213623047,29.637462615966797,20430247,T
2019-12-30,18.62480354309082,29.486404418945312,29.667673110961914,29.44108772277832,29.66012191772461,23389652,T
2019-12-31,18.64388656616211,29.516616821289062,29.539274215698242,29.350452423095703,29.4637451171875,26766646,T
2020-01-02,18.538930892944336,29.350452423095703,29.622356414794922,29.237159729003906,29.57703971862793,43165445,T
2020-01-03,18.634349822998047,29.501510620117188,29.607250213623047,29.131420135498047,29.138973236083984,36296666,T
2020-01-06,18.65342903137207,29.531721115112305,29.569486618041992,29.320241928100586,29.448640823364258,51229797,T
2020-01-07,18.724990844726562,29.645015716552734,29.68277931213379,29.44108772277832,29.516616821289062,37337462,T
2020-01-08,18.782238006591797,29.73564910888672,29.871601104736328,29.67522621154785,29.7054386138916,53645832,T
2020-01-09,18.839767456054688,29.30513572692871,29.456193923950195,29.116313934326172,29.395769119262695,52228887,T
2020-01-10,18.728086471557617,29.131420135498047,29.418428421020508,29.131420135498047,29.31268882751465,39350339,T
2020-01-13,18.499876022338867,28.77643585205078,29.116313934326172,28.71601104736328,29.108760833740234,43780576,T
2020-01-14,18.495018005371094,28.768882751464844,28.844411849975586,28.66314125061035,28.74622344970703,35129295,T
2020-01-15,18.38819694519043,28.602718353271484,28.72356414794922,28.542295455932617,28.678247451782227,34526213,T
2020-01-16,18.46588134765625,28.72356414794922,28.79909324645996,28.527189254760742,28.6933536529541,36172077,T
2020-01-17,18.635831832885742,28.9879150390625,29.033233642578125,28.685800552368164,28.738670349121094,44477926,T
2020-01-21,18.703813552856445,29.093656539916992,29.184289932250977,28.83685874938965,28.96525764465332,57931090,T
2020-01-22,18.956302642822266,29.486404418945312,29.561933517456055,29.184289932250977,29.214502334594727,47842475,T
2020-01-23,18.757219314575195,29.17673683166504,29.448640823364258,29.116313934326172,29.425981521606445,38406592,T
2020-01-24,18.6940975189209,29.078550338745117,29.290029525756836,28.874622344970703,29.15407943725586,45632057,T
2020-01-27,18.572710037231445,28.889728546142578,29.131420135498047,28.708459854125977,28.71601104736328,46633398,T
2020-01-28,18.732942581176758,29.138973236083984,29.30513572692871,28.904834747314453,28.942598342895508,40842487,T
2020-01-29,17.990032196044922,27.983383178710938,29.12386703491211,27.968278884887695,29.078550338745117,76732420,T
2020-01-30,18.174549102783203,28.27039337158203,28.285497665405273,27.432024002075195,27.545316696166992,67100717,T
2020-01-31,18.266803741455078,28.413896560668945,28.519636154174805,28.134441375732422,28.18731117248535,54495840,T
2020-02-03,17.946334838867188,27.915407180786133,28.678247451782227,27.7945613861084,28.67069435119629,53993382,T
2020-02-04,18.27165985107422,28.421449661254883,28.504531860351562,27.90030288696289,28.00604248046875,42313451,T
2020-02-05,18.359060287475586,28.557401657104492,28.66314125061035,28.338369369506836,28.496978759765625,32620050,T
2020-02-06,18.664966583251953,29.033233642578125,29.063444137573242,28.595165252685547,28.595165252685547,34705482,T
2020-02-07,18.669815063476562,29.04078483581543,29.244712829589844,28.972810745239258,29.04078483581543,33363079,T
2020-02-10,18.616409301757812,28.957704544067383,29.108760833740234,28.77643585205078,29.01812744140625,24552653,T
2020-02-11,18.533864974975586,28.82930564880371,29.320241928100586,28.625377655029297,29.07099723815918,42338872,T
2020-02-12,18.470739364624023,28.731117248535156,28.950151443481445,28.71601104736328,28.844411849975586,41453646,T
2020-02-13,18.601839065551758,28.93504524230957,29.025680541992188,28.58761215209961,28.610271453857422,32606942,T
2020-02-14,18.572710037231445,28.889728546142578,29.055891036987305,28.78398895263672,28.91238784790039,36262904,T
2020-02-18,18.577560424804688,28.897281646728516,28.942598342895508,28.731117248535156,28.83685874938965,32138644,T
2020-02-19,18.664966583251953,29.033233642578125,29.191843032836914,28.821752548217773,28.88217544555664,29923989,T
2020-02-20,18.74750518798828,29.161630630493164,29.20694923400879,28.93504524230957,29.003021240234375,35981156,T
2020-02-21,18.718374252319336,29.116313934326172,29.214502334594727,28.980363845825195,29.093656539916992,37691897,T
2020-02-24,18.47559356689453,28.738670349121094,29.086103439331055,28.685800552368164,28.6933536529541,46190256,T
2020-02-25,18.135704040527344,28.209970474243164,28.91238784790039,28.14199447631836,28.78398895263672,64725329,T
2020-02-26,18.014312744140625,28.021148681640625,28.53474235534668,27.885196685791016,28.08912467956543,53306756,T
2020-02-27,17.34909439086914,26.986404418945312,27.877643585205078,26.70694923400879,27.628398895263672,87815227,T
2020-02-28,17.101457595825195,26.601207733154297,26.978851318359375,24.932024002075195,25.679758071899414,160070673,T
2020-03-02,18.053157806396484,28.081571578979492,28.262840270996094,26.65407943725586,26.714502334594727,90605027,T
2020-03-03,17.6258602142334,27.41691780090332,28.67069435119629,27.092145919799805,28.14199447631836,84481792,T
2020-03-04,18.53871726989746,28.83685874938965,28.867069244384766,27.73413848876953,27.960725784301758,55701210,T
2020-03-05,18.053157806396484,28.081571578979492,28.640483856201172,27.92296028137207,28.24773406982422,59974684,T
2020-03-06,17.980323791503906,27.968278884887695,28.134441375732422,27.326284408569336,27.726585388183594,64721224,T
2020-03-09,16.84410858154297,26.20090675354004,27.303625106811523,25.966766357421875,26.442598342895508,89990559,T
2020-03-10,17.407363891601562,27.07703971862793,27.107250213623047,25.861026763916016,26.820241928100586,75018634,T
2020-03-11,16.761568069458008,26.072507858276367,26.4879150390625,25.80060386657715,26.321752548217773,59972036,T
2020-03-12,15.212625503540039,23.66314125061035,25.249244689941406,23.45921516418457,24.063444137573242,111500925,T
2020-03-13,16.73728370666504,26.03474235534668,26.140483856201172,24.063444137573242,24.86404800415039,85647971,T
2020-03-16,15.445698738098145,24.025680541992188,25.596677780151367,23.353473663330078,23.413896560668945,77820218,T
2020-03-17,16.38282585144043,25.483383178710938,25.72507667541504,24.17673683166504,24.25981903076172,78966008,T
2020-03-18,15.950677871704102,24.81117820739746,24.856494903564453,22.847431182861328,24.1691837310791,100669546,T
2020-03-19,15.125226974487305,23.527189254760742,24.539274215698242,23.0362548828125,23.685800552368164,80521973,T
2020-03-20,13.814209938049316,21.4879150390625,23.0362548828125,21.28398895263672,23.00604248046875,154553565,T
2020-03-23,12.998467445373535,20.219032287597656,20.92900276184082,19.697885513305664,20.68731117248535,128274548,T
2020-03-24,13.639406204223633,21.21601104736328,21.374622344970703,20.271902084350586,21.148035049438477,101022392,T
2020-03-25,13.789929389953613,21.450151443481445,22.60573959350586,20.672204971313477,21.208459854125977,90068675,T
2020-03-26,14.858165740966797,23.11178207397461,23.383686065673828,21.661630630493164,21.661630630493164,84786312,T
2020-03-27,14.489136695861816,22.537763595581055,23.27794647216797,22.069486618041992,22.424470901489258,61415064,T
2020-03-30,14.678507804870605,22.832326889038086,22.968278884887695,22.26586151123047,22.58308219909668,55117988,T
2020-03-31,14.154102325439453,22.016616821289062,22.756797790527344,21.94108772277832,22.68882179260254,92432942,T
2020-04-01,13.619987487792969,21.185800552368164,21.586103439331055,20.921449661254883,21.43504524230957,72351304,T
2020-04-02,13.964731216430664,21.72205352783203,21.80513572692871,21.148035049438477,21.148035049438477,44775562,T
2020-04-03,13.333503723144531,20.74018096923828,21.70694923400879,20.581571578979492,21.548337936401367,70758797,T
2020-04-06,14.294916152954102,22.23564910888672,22.41691780090332,21.38217544555664,21.450151443481445,70836648,T
2020-04-07,14.605672836303711,22.719032287597656,23.391239166259766,22.71147918701172,22.990936279296875,71847522,T
2020-04-08,14.853384971618652,22.575529098510742,22.65860939025879,21.978851318359375,22.620845794677734,54010329,T
2020-04-09,15.27081298828125,23.209970474243164,23.368579864501953,22.65105628967285,22.65860939025879,66599583,T
2020-04-13,15.002469062805176,22.802114486694336,23.202417373657227,22.58308219909668,23.0362548828125,45209039,T
2020-04-14,15.469585418701172,23.5120849609375,23.53474235534668,22.92296028137207,23.179758071899414,42290546,T
2020-04-15,14.952775001525879,22.726585388183594,23.383686065673828,22.628398895263672,23.134441375732422,49706800,T
2020-04-16,14.987554550170898,22.779455184936523,22.87009048461914,22.439577102661133,22.87009048461914,43074884,T
2020-04-17,15.519279479980469,23.58761215209961,23.602718353271484,23.18731117248535,23.30060386657715,45884809,T
2020-04-20,15.395048141479492,23.398792266845703,23.731117248535156,23.18731117248535,23.30060386657715,40492157,T
2020-04-21,14.843448638916016,22.560422897338867,23.051359176635742,22.386707305908203,23.043806076049805,57214144,T
2020-04-22,14.644675254821777,22.25830841064453,23.338369369506836,22.137462615966797,23.338369369506836,67184129,T
2020-04-23,14.65958023071289,22.280967712402344,22.696374893188477,22.152568817138672,22.23564910888672,45031226,T
2020-04-24,14.763936996459961,22.439577102661133,22.620845794677734,22.016616821289062,22.34894371032715,47061315,T
2020-04-27,15.176395416259766,23.066465377807617,23.172204971313477,22.462236404418945,22.65105628967285,44116607,T
2020-04-28,15.231056213378906,23.149547576904297,23.504531860351562,23.126888275146484,23.413896560668945,40944435,T
2020-04-29,15.618664741516113,23.738670349121094,24.07099723815918,23.466766357421875,23.5120849609375,43903972,T
2020-04-30,15.141608238220215,23.013595581054688,23.451662063598633,22.87009048461914,23.413896560668945,53955516,T
2020-05-01,14.858356475830078,22.58308219909668,23.255287170410156,22.469789505004883,23.24018096923828,48791121,T
2020-05-04,14.709273338317871,22.356494903564453,22.469789505004883,22.069486618041992,22.469789505004883,46557268,T
2020-05-05,14.778843879699707,22.462236404418945,22.7945613861084,22.44713020324707,22.462236404418945,32604956,T
2020-05-06,14.306756973266602,21.744712829589844,22.560422897338867,21.744712829589844,22.522659301757812,59704721,T
2020-05-07,14.356451034545898,21.820241928100586,22.054380416870117,21.77492332458496,22.031721115112305,42122133,T
2020-05-08,14.803688049316406,22.5,22.545316696166992,22.061933517456055,22.122356414794922,31824326,T
2020-05-11,14.599949836730957,22.190332412719727,22.39426040649414,22.016616821289062,22.39426040649414,38691782,T
2020-05-12,14.356451034545898,21.820241928100586,22.409366607666016,21.820241928100586,22.28852081298828,46632472,T
2020-05-13,13.958901405334473,21.21601104736328,21.842899322509766,21.148035049438477,21.75226593017578,65226860,T
2020-05-14,14.202404022216797,21.586103439331055,21.601207733154297,20.853473663330078,21.132930755615234,52730948,T
2020-05-15,14.068229675292969,21.38217544555664,21.495468139648438,21.20090675354004,21.359516143798828,42699397,T
2020-05-18,14.634734153747559,22.243202209472656,22.424470901489258,21.850452423095703,21.895769119262695,46244540,T
2020-05-19,14.391237258911133,21.873111724853516,22.29607391357422,21.827795028686523,22.250755310058594,46628367,T
2020-05-20,14.704309463500977,22.34894371032715,22.522659301757812,21.91087532043457,22.107250213623047,50178408,T
2020-05-21,14.793753623962402,22.484893798828125,22.70392608642578,22.303625106811523,22.5,51200272,T
2020-05-22,14.848416328430176,22.567975997924805,22.590633392333984,22.228097915649414,22.492446899414062,35269109,T
2020-05-26,15.31553840637207,23.27794647216797,23.504531860351562,23.08912467956543,23.14199447631836,54791357,T
2020-05-27,15.827377319335938,24.055891036987305,24.15407943725586,23.814199447631836,23.972810745239258,57514957,T
2020-05-28,15.43480110168457,23.45921516418457,24.22205352783203,23.391239166259766,24.191843032836914,52532745,T
2020-05-29,15.335417747497559,23.308156967163086,23.383686065673828,22.907854080200195,23.074018478393555,57900771,T
2020-06-01,15.370196342468262,23.361026763916016,23.595165252685547,23.11178207397461,23.22507667541504,33027445,T
2020-06-02,15.400016784667969,23.406343460083008,23.489425659179688,23.19486427307129,23.451662063598633,37650588,T
2020-06-03,15.658424377441406,23.79909324645996,23.91238784790039,23.625377655029297,23.640483856201172,36888361,T
2020-06-04,15.802534103393555,24.01812744140625,24.01812744140625,23.625377655029297,23.708459854125977,40729947,T
2020-06-05,16.284561157226562,24.750755310058594,24.924470901489258,24.342899322509766,24.57703971862793,61816766,T
2020-06-08,16.51314926147461,25.098186492919922,25.10573959350586,24.690332412719727,24.924470901489258,45385793,T
2020-06-09,16.210020065307617,24.637462615966797,24.8187313079834,24.433534622192383,24.780967712402344,42645378,T
2020-06-10,15.971490859985352,24.27492332458496,24.637462615966797,24.244712829589844,24.59969711303711,36133549,T
2020-06-11,14.992526054382324,22.78700828552246,23.655588150024414,22.749244689941406,23.56495475769043,66021525,T
2020-06-12,15.156518936157227,23.0362548828125,23.474319458007812,22.666162490844727,23.42900276184082,48034323,T
2020-06-15,15.156518936157227,23.0362548828125,23.149547576904297,22.29607391357422,22.65105628967285,53309006,T
2020-06-16,15.295660018920898,23.24773406982422,23.768882751464844,22.930513381958008,23.731117248535156,55119444,T
2020-06-17,15.037251472473145,22.854984283447266,23.27794647216797,22.81722068786621,23.24773406982422,41680314,T
2020-06-18,15.081978797912598,22.92296028137207,22.968278884887695,22.620845794677734,22.70392608642578,37554730,T
2020-06-19,15.062102317810059,22.892749786376953,23.22507667541504,22.643505096435547,23.179758071899414,99288878,T
2020-06-22,14.962709426879883,22.74169158935547,22.885196685791016,22.65860939025879,22.7945613861084,39136646,T
2020-06-23,15.032279968261719,22.847431182861328,23.172204971313477,22.809667587280273,22.885196685791016,51520812,T
2020-06-24,14.619827270507812,22.220544815063477,22.68882179260254,22.024169921875,22.6812686920166,86849104,T
2020-06-25,14.768908500671387,22.44713020324707,22.515106201171875,22.061933517456055,22.273414611816406,48420401,T
2020-06-26,14.450868606567383,21.9637451171875,22.326284408569336,21.842899322509766,22.326284408569336,101387551,T
2020-06-29,14.863322257995605,22.590633392333984,22.60573959350586,22.122356414794922,22.152568817138672,49695678,T
2020-06-30,15.022343635559082,22.832326889038086,22.915407180786133,22.439577102661133,22.666162490844727,57979814,T
2020-07-01,14.858356475830078,22.58308219909668,23.021148681640625,22.545316696166992,22.756797790527344,41007987,T
2020-07-02,14.947802543640137,22.719032287597656,23.0362548828125,22.673715591430664,22.74169158935547,49947900,T
2020-07-06,15.151548385620117,23.028701782226562,23.11178207397461,22.83987808227539,23.066465377807617,44639852,T
2020-07-07,15.06706714630127,22.90030288696289,22.998489379882812,22.832326889038086,22.885196685791016,36422181,T
2020-07-08,15.136638641357422,23.00604248046875,23.074018478393555,22.771902084350586,23.00604248046875,51547292,T
2020-07-09,15.018932342529297,22.31117820739746,22.567975997924805,22.197885513305664,22.560422897338867,52120187,T
2020-07-10,15.318900108337402,22.756797790527344,22.832326889038086,22.243202209472656,22.280967712402344,48846464,T
2020-07-13,15.130782127380371,22.477340698242188,22.78700828552246,22.386707305908203,22.779455184936523,54274864,T
2020-07-14,15.232467651367188,22.628398895263672,22.73413848876953,22.303625106811523,22.44713020324707,40519034,T
2020-07-15,15.257889747619629,22.666162490844727,22.756797790527344,22.545316696166992,22.71147918701172,40985612,T
2020-07-16,15.451092720031738,22.95317268371582,23.0362548828125,22.598186492919922,22.63595199584961,43674920,T
2020-07-17,15.379908561706543,22.847431182861328,23.05891227722168,22.7945613861084,23.021148681640625,30634712,T
2020-07-20,15.17654037475586,22.545316696166992,22.7945613861084,22.507553100585938,22.7945613861084,42896938,T
2020-07-21,15.379908561706543,22.847431182861328,22.975830078125,22.55286979675293,22.575529098510742,45341572,T
2020-07-22,15.334148406982422,22.779455184936523,22.862537384033203,22.620845794677734,22.779455184936523,40393519,T
2020-07-23,15.2019624710083,22.58308219909668,22.771902084350586,22.31117820739746,22.771902084350586,68190502,T
2020-07-24,15.034180641174316,22.333837509155273,22.81722068786621,22.250755310058594,22.507553100585938,51274813,T
2020-07-27,14.89182186126709,22.122356414794922,22.28852081298828,22.061933517456055,22.280967712402344,44346850,T
2020-07-28,15.095191955566406,22.424470901489258,22.575529098510742,22.054380416870117,22.09969711303711,49871240,T
2020-07-29,15.029095649719238,22.326284408569336,22.409366607666016,22.137462615966797,22.409366607666016,40350092,T
2020-07-30,15.034180641174316,22.333837509155273,22.454683303833008,22.17522621154785,22.25830841064453,35281820,T
2020-07-31,15.039266586303711,22.34139060974121,22.371601104736328,22.107250213623047,22.28852081298828,51205965,T
2020-08-03,15.059603691101074,22.371601104736328,22.643505096435547,22.21299171447754,22.620845794677734,51608461,T
2020-08-04,15.257889747619629,22.666162490844727,22.779455184936523,22.326284408569336,22.356494903564453,45074786,T
2020-08-05,15.17654037475586,22.545316696166992,22.81722068786621,22.5,22.771902084350586,30387521,T
2020-08-06,15.171454429626465,22.537763595581055,22.726585388183594,22.41691780090332,22.439577102661133,29007119,T
2020-08-07,15.26297664642334,22.673715591430664,22.70392608642578,22.34139060974121,22.462236404418945,40278860,T
2020-08-10,15.354491233825684,22.809667587280273,22.809667587280273,22.65105628967285,22.696374893188477,47021066,T
2020-08-11,15.354491233825684,22.809667587280273,23.24018096923828,22.73413848876953,22.968278884887695,41026656,T
2020-08-12,15.344322204589844,22.7945613861084,23.043806076049805,22.74169158935547,22.930513381958008,28046160,T
2020-08-13,15.207042694091797,22.590633392333984,22.756797790527344,22.537763595581055,22.65860939025879,32958464,T
2020-08-14,15.257889747619629,22.666162490844727,22.771902084350586,22.477340698242188,22.530210494995117,29853155,T
2020-08-17,15.17654037475586,22.545316696166992,22.719032287597656,22.507553100585938,22.719032287597656,33125686,T
2020-08-18,15.14603042602539,22.5,22.60573959350586,22.484893798828125,22.55286979675293,29013606,T
2020-08-19,15.115530967712402,22.454683303833008,22.575529098510742,22.41691780090332,22.515106201171875,32808588,T
2020-08-20,15.085025787353516,22.409366607666016,22.567975997924805,22.280967712402344,22.3187313079834,30355348,T
2020-08-21,15.095191955566406,22.424470901489258,22.5,22.303625106811523,22.454683303833008,32945886,T
2020-08-24,15.268058776855469,22.6812686920166,22.696374893188477,22.401813507080078,22.439577102661133,34932813,T
2020-08-25,15.2019624710083,22.58308219909668,22.76435089111328,22.530210494995117,22.726585388183594,27839880,T
2020-08-26,15.24771785736084,22.65105628967285,22.749244689941406,22.432024002075195,22.530210494995117,36860557,T
2020-08-27,15.2019624710083,22.58308219909668,22.78700828552246,22.522659301757812,22.666162490844727,39206950,T
2020-08-28,15.273143768310547,22.68882179260254,22.719032287597656,22.515106201171875,22.613292694091797,35535366,T
2020-08-31,15.156204223632812,22.515106201171875,22.779455184936523,22.507553100585938,22.771902084350586,54923492,T
2020-09-01,14.983339309692383,22.25830841064453,22.469789505004883,22.145015716552734,22.462236404418945,61591818,T
2020-09-02,15.100273132324219,22.432024002075195,22.537763595581055,22.145015716552734,22.18277931213379,46510531,T
2020-09-03,15.044353485107422,22.34894371032715,22.7945613861084,22.220544815063477,22.492446899414062,58690669,T
2020-09-04,14.957916259765625,22.220544815063477,22.560422897338867,22.09969711303711,22.379154205322266,59361805,T
2020-09-08,15.003678321838379,22.28852081298828,22.356494903564453,21.918428421020508,22.280967712402344,61477424,T
2020-09-09,14.9324951171875,22.18277931213379,22.432024002075195,22.18277931213379,22.379154205322266,39217145,T
2020-09-10,14.698619842529297,21.835346221923828,22.190332412719727,21.827795028686523,22.190332412719727,62779578,T
2020-09-11,14.744379043579102,21.903322219848633,22.001510620117188,21.75226593017578,21.873111724853516,39282550,T
2020-09-14,14.815556526184082,22.009063720703125,22.12990951538086,21.903322219848633,21.978851318359375,38028987,T
2020-09-15,14.805386543273926,21.99395751953125,22.16012191772461,21.948640823364258,22.04682731628418,34307091,T
2020-09-16,14.866402626037598,22.084592819213867,22.31117820739746,21.99395751953125,22.001510620117188,40870556,T
2020-09-17,14.779969215393066,21.956193923950195,22.084592819213867,21.865558624267578,22.016616821289062,41904600,T
2020-09-18,14.708783149719238,21.850452423095703,22.069486618041992,21.835346221923828,21.933534622192383,60721023,T
2020-09-21,14.556260108947754,21.62386703491211,21.767372131347656,21.344411849975586,21.75226593017578,60207576,T
2020-09-22,14.495247840881348,21.533233642578125,21.850452423095703,21.46525764465332,21.548337936401367,37268482,T
2020-09-23,14.169853210449219,21.049848556518555,21.6691837310791,21.027189254760742,21.563444137573242,57973723,T
2020-09-24,14.256287574768066,21.178247451782227,21.344411849975586,20.95921516418457,21.049848556518555,43760980,T
2020-09-25,14.256287574768066,21.178247451782227,21.231117248535156,20.95921516418457,21.080059051513672,47569731,T
2020-09-28,14.429153442382812,21.43504524230957,21.638973236083984,21.32930564880371,21.389728546142578,40415232,T
2020-09-29,14.388479232788086,21.374622344970703,21.457704544067383,21.24622344970703,21.419940948486328,33695138,T
2020-09-30,14.495247840881348,21.533233642578125,21.65407943725586,21.367069244384766,21.43504524230957,51752777,T
2020-10-01,14.48508358001709,21.51812744140625,21.631420135498047,21.404834747314453,21.54078483581543,37920022,T
2020-10-02,14.581683158874512,21.661630630493164,21.820241928100586,21.3066463470459,21.351964950561523,37996284,T
2020-10-05,14.576595306396484,21.65407943725586,21.714502334594727,21.419940948486328,21.51812744140625,44305806,T
2020-10-06,14.596933364868164,21.684289932250977,22.024169921875,21.646526336669922,21.714502334594727,51851282,T
2020-10-07,14.642691612243652,21.75226593017578,21.88821792602539,21.6691837310791,21.842899322509766,54847362,T
2020-10-08,14.902336120605469,21.608760833740234,21.62386703491211,21.32930564880371,21.389728546142578,42511786,T
2020-10-09,14.751286506652832,21.389728546142578,21.6691837310791,21.321752548217773,21.62386703491211,43291755,T
2020-10-12,14.652316093444824,21.24622344970703,21.374622344970703,21.155588150024414,21.374622344970703,67800584,T
2020-10-13,14.454386711120605,20.95921516418457,21.24622344970703,20.906343460083008,21.155588150024414,71511756,T
2020-10-14,14.318958282470703,20.762840270996094,21.110271453857422,20.755287170410156,20.92900276184082,64131912,T
2020-10-15,14.298121452331543,20.732627868652344,20.732627868652344,20.475830078125,20.626888275146484,42483188,T
2020-10-16,14.235616683959961,20.64199447631836,20.82326316833496,20.634441375732422,20.755287170410156,38827756,T
2020-10-19,14.001219749450684,20.302114486694336,20.74773406982422,20.256797790527344,20.72507667541504,69017472,T
2020-10-20,13.938714027404785,20.21147918701172,20.483383178710938,20.13595199584961,20.385196685791016,55064895,T
2020-10-21,13.917881965637207,20.1812686920166,20.332326889038086,20.045316696166992,20.219032287597656,63219941,T
2020-10-22,14.730450630187988,21.359516143798828,21.525680541992188,20.921449661254883,21.019636154174805,118508460,T
2020-10-23,14.490846633911133,21.0120849609375,21.457704544067383,20.95921516418457,21.41238784790039,56442782,T
2020-10-26,14.261659622192383,20.679758071899414,20.883686065673828,20.460725784301758,20.868579864501953,54978438,T
2020-10-27,14.02205753326416,20.332326889038086,20.596677780151367,20.31722068786621,20.574018478393555,46561108,T
2020-10-28,13.803287506103516,20.015106201171875,20.302114486694336,19.977340698242188,20.166162490844727,64808211,T
2020-10-29,13.938714027404785,20.21147918701172,20.430513381958008,19.901813507080078,20.015106201171875,58489289,T
2020-10-30,14.074145317077637,20.407854080200195,20.42296028137207,20.15860939025879,20.196374893188477,64109669,T
2020-11-02,14.240824699401855,20.649547576904297,20.84592056274414,20.40030288696289,20.69486427307129,63620980,T
2020-11-03,14.303330421447754,20.74018096923828,20.996978759765625,20.69486427307129,20.77794647216797,44069208,T
2020-11-04,14.084559440612793,20.42296028137207,20.732627868652344,20.28700828552246,20.551359176635742,60219095,T
2020-11-05,14.329370498657227,20.77794647216797,21.03474235534668,20.528701782226562,20.5362548828125,46498086,T
2020-11-06,14.292913436889648,20.72507667541504,20.92900276184082,20.679758071899414,20.762840270996094,34735537,T
2020-11-09,14.740866661071777,21.374622344970703,21.744712829589844,21.261329650878906,21.32930564880371,93572376,T
2020-11-10,15.027351379394531,21.790029525756836,21.880664825439453,21.51812744140625,21.563444137573242,58510208,T
2020-11-11,14.964842796325684,21.69939613342285,21.903322219848633,21.472810745239258,21.880664825439453,52587691,T
2020-11-12,14.81379222869873,21.480363845825195,21.586103439331055,21.291540145874023,21.525680541992188,40346649,T
2020-11-13,15.05860710144043,21.835346221923828,21.895769119262695,21.503021240234375,21.578550338745117,36370545,T
2020-11-16,15.089859008789062,21.880664825439453,22.07703971862793,21.827795028686523,21.986404418945312,66132476,T
2020-11-17,15.121108055114746,21.925981521606445,22.001510620117188,21.661630630493164,21.737159729003906,37833830,T
2020-11-18,14.907548904418945,21.616313934326172,22.031721115112305,21.608760833740234,21.94108772277832,39135984,T
2020-11-19,14.730450630187988,21.359516143798828,21.533233642578125,21.231117248535156,21.533233642578125,54788444,T
2020-11-20,14.751286506652832,21.389728546142578,21.46525764465332,21.268882751464844,21.314199447631836,37358778,T
2020-11-23,14.907548904418945,21.616313934326172,21.67673683166504,21.41238784790039,21.442598342895508,36832091,T
2020-11-24,15.2252836227417,22.07703971862793,22.23564910888672,21.835346221923828,21.850452423095703,58266592,T
2020-11-25,15.100269317626953,21.895769119262695,22.122356414794922,21.827795028686523,22.114803314208984,32423701,T
2020-11-27,15.121108055114746,21.925981521606445,22.04682731628418,21.81268882751465,21.956193923950195,20720335,T
2020-11-30,14.975263595581055,21.714502334594727,21.918428421020508,21.67673683166504,21.80513572692871,57382822,T
2020-12-01,15.037769317626953,21.80513572692871,22.009063720703125,21.714502334594727,21.767372131347656,55682012,T
2020-12-02,15.152362823486328,21.971298217773438,22.054380416870117,21.744712829589844,21.767372131347656,39041053,T
2020-12-03,15.2252836227417,22.07703971862793,22.084592819213867,21.827795028686523,21.925981521606445,46284260,T
2020-12-04,15.386761665344238,22.31117820739746,22.477340698242188,22.137462615966797,22.18277931213379,49948562,T
2020-12-07,15.4388427734375,22.386707305908203,22.492446899414062,22.29607391357422,22.492446899414062,45853562,T
2020-12-08,16.04827117919922,23.27039337158203,23.361026763916016,22.250755310058594,22.273414611816406,97456992,T
2020-12-09,16.386844635009766,23.761329650878906,24.086103439331055,23.391239166259766,23.413896560668945,93587470,T
2020-12-10,15.98576831817627,23.179758071899414,23.496978759765625,23.021148681640625,23.466766357421875,62270236,T
2020-12-11,16.152446746826172,23.421449661254883,23.48187255859375,22.95317268371582,22.983383178710938,41708913,T
2020-12-14,15.912840843200684,23.074018478393555,23.61782455444336,22.960725784301758,23.58761215209961,56451785,T
2020-12-15,15.928472518920898,23.096677780151367,23.18731117248535,22.87009048461914,23.14199447631836,44250331,T
2020-12-16,15.777420043945312,22.877643585205078,23.104230880737305,22.83987808227539,23.05891227722168,45926250,T
2020-12-17,15.428425788879395,22.371601104736328,22.749244689941406,22.31117820739746,22.68882179260254,81662996,T
2020-12-18,15.313835144042969,22.2054386138916,22.41691780090332,22.09969711303711,22.29607391357422,98528240,T
2020-12-21,15.11069107055664,21.91087532043457,22.061933517456055,21.714502334594727,21.88821792602539,63319903,T
2020-12-22,14.792954444885254,21.450151443481445,21.91087532043457,21.389728546142578,21.903322219848633,84593405,T
2020-12-23,14.975263595581055,21.714502334594727,21.850452423095703,21.525680541992188,21.525680541992188,52034656,T
2020-12-24,14.944008827209473,21.6691837310791,21.72205352783203,21.525680541992188,21.69939613342285,25358704,T
2020-12-28,14.871088981628418,21.563444137573242,21.873111724853516,21.525680541992188,21.850452423095703,55104218,T
2020-12-29,14.86588191986084,21.555891036987305,21.81268882751465,21.533233642578125,21.6691837310791,48481570,T
2020-12-30,14.839835166931152,21.51812744140625,21.661630630493164,21.472810745239258,21.555891036987305,45476487,T
2020-12-31,14.980474472045898,21.72205352783203,21.75226593017578,21.442598342895508,21.4879150390625,51135925,T
2021-01-04,15.334670066833496,22.23564910888672,22.273414611816406,21.918428421020508,22.197885513305664,86700816,T
2021-01-05,15.240912437438965,22.09969711303711,22.469789505004883,22.04682731628418,22.280967712402344,83054520,T
2021-01-06,15.537816047668457,22.530210494995117,22.65860939025879,22.18277931213379,22.21299171447754,73455520,T
2021-01-07,15.57948112487793,22.590633392333984,22.726585388183594,22.41691780090332,22.673715591430664,71265359,T
2021-01-08,15.472038269042969,21.918428421020508,22.061933517456055,21.714502334594727,22.009063720703125,72471656,T
2021-01-11,15.392069816589355,21.80513572692871,21.918428421020508,21.661630630493164,21.70694923400879,40833484,T
2021-01-12,15.32809066772461,21.714502334594727,21.80513572692871,21.533233642578125,21.80513572692871,57515222,T
2021-01-13,15.253445625305176,21.608760833740234,21.75226593017578,21.503021240234375,21.744712829589844,51383116,T
2021-01-14,15.615996360778809,22.122356414794922,22.484893798828125,21.548337936401367,21.638973236083984,84548919,T
2021-01-15,15.552019119262695,22.031721115112305,22.122356414794922,21.767372131347656,21.865558624267578,53824704,T
2021-01-19,15.434718132019043,21.865558624267578,22.190332412719727,21.827795028686523,22.114803314208984,53971536,T
2021-01-20,15.440051078796387,21.873111724853516,21.91087532043457,21.70694923400879,21.903322219848633,43086270,T
2021-01-21,15.370741844177246,21.77492332458496,21.9637451171875,21.72960662841797,21.835346221923828,37102320,T
2021-01-22,15.424054145812988,21.850452423095703,21.94108772277832,21.578550338745117,21.75981903076172,45975370,T
2021-01-25,15.520028114318848,21.986404418945312,22.039274215698242,21.51812744140625,21.72205352783203,68733209,T
2021-01-26,15.861242294311523,22.469789505004883,22.537763595581055,21.956193923950195,21.978851318359375,66887024,T
2021-01-27,15.536017417907715,22.009063720703125,22.809667587280273,21.873111724853516,21.933534622192383,97381127,T
2021-01-28,15.354750633239746,21.75226593017578,22.44713020324707,21.737159729003906,21.925981521606445,69698670,T
2021-01-29,15.264117240905762,21.62386703491211,21.933534622192383,21.578550338745117,21.737159729003906,66272688,T
2021-02-01,15.27477741241455,21.638973236083984,21.88821792602539,21.397281646728516,21.85800552368164,56774709,T
2021-02-02,15.216132164001465,21.555891036987305,21.767372131347656,21.43504524230957,21.737159729003906,56673026,T
2021-02-03,15.200135231018066,21.533233642578125,21.67673683166504,21.4879150390625,21.533233642578125,53468813,T
2021-02-04,15.402730941772461,21.820241928100586,21.820241928100586,21.503021240234375,21.54078483581543,42001782,T
2021-02-05,15.424054145812988,21.850452423095703,21.956193923950195,21.797582626342773,21.88821792602539,36503739,T
2021-02-08,15.33875560760498,21.72960662841797,21.895769119262695,21.616313934326172,21.880664825439453,42459356,T
2021-02-09,15.258781433105469,21.616313934326172,21.737159729003906,21.57099723815918,21.646526336669922,43411312,T
2021-02-10,15.22146224975586,21.563444137573242,21.646526336669922,21.510574340820312,21.631420135498047,55965612,T
2021-02-11,15.296099662780762,21.6691837310791,21.67673683166504,21.495468139648438,21.533233642578125,44673216,T
2021-02-12,15.354750633239746,21.75226593017578,21.7824764251709,21.593656539916992,21.601207733154297,38015880,T
2021-02-16,15.44538688659668,21.880664825439453,22.039274215698242,21.69939613342285,21.75226593017578,51239727,T
2021-02-17,15.765275955200195,22.333837509155273,22.462236404418945,21.75226593017578,21.767372131347656,67769867,T
2021-02-18,15.584001541137695,22.07703971862793,22.34894371032715,22.061933517456055,22.3187313079834,35751575,T
2021-02-19,15.461379051208496,21.903322219848633,22.152568817138672,21.88821792602539,22.122356414794922,39326772,T
2021-02-22,15.631986618041992,22.145015716552734,22.333837509155273,21.88821792602539,21.895769119262695,46173044,T
2021-02-23,15.557345390319824,22.039274215698242,22.515106201171875,21.986404418945312,22.39426040649414,62175305,T
2021-02-24,15.663976669311523,22.190332412719727,22.34894371032715,22.054380416870117,22.12990951538086,45852636,T
2021-02-25,15.264117240905762,21.62386703491211,22.09969711303711,21.593656539916992,22.024169921875,77501929,T
2021-02-26,14.86958122253418,21.06495475769043,21.744712829589844,21.06495475769043,21.661630630493164,102619798,T
2021-03-01,14.976207733154297,21.21601104736328,21.4879150390625,21.16314125061035,21.268882751464844,58790102,T
2021-03-02,15.045519828796387,21.314199447631836,21.495468139648438,21.208459854125977,21.208459854125977,47299370,T
2021-03-03,15.312098503112793,21.691843032836914,21.850452423095703,21.28398895263672,21.28398895263672,75820581,T
2021-03-04,15.41872787475586,21.842899322509766,22.145015716552734,21.638973236083984,21.72960662841797,80437237,T
2021-03-05,15.791930198669434,22.371601104736328,22.462236404418945,21.88821792602539,21.91087532043457,77737336,T
2021-03-08,15.989194869995117,22.65105628967285,22.95317268371582,22.220544815063477,22.31117820739746,74116593,T
2021-03-09,15.802592277526855,22.386707305908203,22.76435089111328,22.36404800415039,22.58308219909668,63488580,T
2021-03-10,15.989194869995117,22.65105628967285,22.779455184936523,22.333837509155273,22.613292694091797,57977033,T
2021-03-11,15.749284744262695,22.31117820739746,22.65860939025879,22.280967712402344,22.590633392333984,48327854,T
2021-03-12,15.893229484558105,22.515106201171875,23.315710067749023,22.44713020324707,22.58308219909668,92827229,T
2021-03-15,15.957207679748535,22.60573959350586,22.71147918701172,22.41691780090332,22.673715591430664,56121050,T
2021-03-16,15.989194869995117,22.65105628967285,22.68882179260254,22.424470901489258,22.469789505004883,50311735,T
2021-03-17,16.074501037597656,22.771902084350586,22.832326889038086,22.515106201171875,22.749244689941406,52881354,T
2021-03-18,15.999862670898438,22.666162490844727,23.0362548828125,22.65105628967285,22.71147918701172,41438817,T
2021-03-19,15.866572380065918,22.477340698242188,22.70392608642578,22.371601104736328,22.666162490844727,97559734,T
2021-03-22,15.989194869995117,22.65105628967285,22.666162490844727,22.34139060974121,22.492446899414062,41525936,T
2021-03-23,15.994534492492676,22.65860939025879,22.862537384033203,22.515106201171875,22.620845794677734,48880756,T
2021-03-24,15.989194869995117,22.65105628967285,22.877643585205078,22.63595199584961,22.643505096435547,44403518,T
2021-03-25,16.037181854248047,22.719032287597656,22.802114486694336,22.515106201171875,22.65860939025879,49001902,T
2021-03-26,16.159809112548828,22.892749786376953,23.11178207397461,22.719032287597656,22.87009048461914,83378238,T
2021-03-29,16.2930908203125,23.081571578979492,23.149547576904297,22.82477378845215,22.960725784301758,49355145,T
2021-03-30,16.383729934692383,23.209970474243164,23.2175235748291,22.960725784301758,23.119335174560547,46516092,T
2021-03-31,16.13848114013672,22.862537384033203,23.149547576904297,22.809667587280273,23.149547576904297,59981040,T
2021-04-01,16.245107650756836,23.013595581054688,23.021148681640625,22.6812686920166,22.83987808227539,42999548,T
2021-04-05,16.373064041137695,23.19486427307129,23.29305076599121,23.11178207397461,23.126888275146484,50996905,T
2021-04-06,16.517017364501953,23.398792266845703,23.398792266845703,23.179758071899414,23.19486427307129,44574314,T
2021-04-07,16.490360260009766,23.361026763916016,23.527189254760742,23.262840270996094,23.421449661254883,53821262,T
2021-04-08,16.358661651611328,22.65860939025879,22.915407180786133,22.60573959350586,22.885196685791016,66037678,T
2021-04-09,16.380474090576172,22.68882179260254,22.802114486694336,22.590633392333984,22.696374893188477,44111311,T
2021-04-12,16.33685302734375,22.628398895263672,22.779455184936523,22.58308219909668,22.666162490844727,32913051,T
2021-04-13,16.15690803527832,22.379154205322266,22.55286979675293,22.28852081298828,22.55286979675293,54794270,T
2021-04-14,16.211437225341797,22.454683303833008,22.507553100585938,22.12990951538086,22.356494903564453,41425180,T
2021-04-15,16.222339630126953,22.469789505004883,22.537763595581055,22.41691780090332,22.492446899414062,35073819,T
2021-04-16,16.33139419555664,22.620845794677734,22.6812686920166,22.537763595581055,22.590633392333984,39935944,T
2021-04-19,16.353206634521484,22.65105628967285,22.719032287597656,22.515106201171875,22.65860939025879,39439974,T
2021-04-20,16.29867935180664,22.575529098510742,22.673715591430664,22.545316696166992,22.63595199584961,35799239,T
2021-04-21,16.41864585876465,22.74169158935547,22.83987808227539,22.590633392333984,22.628398895263672,45489198,T
2021-04-22,17.10025405883789,23.685800552368164,24.086103439331055,23.527189254760742,23.640483856201172,143684584,T
2021-04-23,17.12206268310547,23.71601104736328,23.950151443481445,23.71601104736328,23.77643585205078,53428961,T
2021-04-26,16.85487174987793,23.34592056274414,23.70090675354004,23.3308162689209,23.70090675354004,60190761,T
2021-04-27,16.778535842895508,23.24018096923828,23.32326316833496,23.134441375732422,23.29305076599121,44211273,T
2021-04-28,16.88214111328125,23.383686065673828,23.527189254760742,23.338369369506836,23.391239166259766,37193014,T
2021-04-29,17.08934783935547,23.67069435119629,23.814199447631836,23.496978759765625,23.5120849609375,50944740,T
2021-04-30,17.127513885498047,23.72356414794922,23.738670349121094,23.451662063598633,23.685800552368164,41484362,T
2021-05-03,17.176593780517578,23.791540145874023,24.055891036987305,23.768882751464844,24.003021240234375,49589228,T
2021-05-04,17.46014404296875,24.184289932250977,24.22960662841797,23.82930564880371,23.867069244384766,68700639,T
2021-05-05,17.465593338012695,24.191843032836914,24.30513572692871,24.025680541992188,24.17673683166504,41937965,T
2021-05-06,17.672807693481445,24.478851318359375,24.486404418945312,23.950151443481445,24.19939613342285,38556072,T
2021-05-07,17.536489486694336,24.290029525756836,24.44108772277832,24.214502334594727,24.320241928100586,38330065,T
2021-05-10,17.792768478393555,24.645015716552734,24.84894371032715,24.365558624267578,24.418428421020508,54262286,T
2021-05-11,17.59101676940918,24.365558624267578,24.67522621154785,24.22960662841797,24.539274215698242,44221335,T
2021-05-12,17.432880401611328,24.146526336669922,24.395769119262695,24.116313934326172,24.2824764251709,41682300,T
2021-05-13,17.563751220703125,24.327795028686523,24.433534622192383,23.91238784790039,24.04078483581543,35838562,T
2021-05-14,17.580110549926758,24.350452423095703,24.584592819213867,24.335346221923828,24.418428421020508,28044703,T
2021-05-17,17.1057071685791,23.6933536529541,25.58912467956543,23.595165252685547,25.309667587280273,227010260,T
2021-05-18,16.113285064697266,22.3187313079834,22.65860939025879,21.820241928100586,22.567975997924805,327097378,T
2021-05-19,15.791563034057617,21.873111724853516,22.039274215698242,21.65407943725586,21.94108772277832,162369932,T
2021-05-20,16.162357330322266,22.386707305908203,22.432024002075195,21.835346221923828,21.91087532043457,108488825,T
2021-05-21,16.36411476135254,22.666162490844727,22.83987808227539,22.55286979675293,22.666162490844727,98754380,T
2021-05-24,16.222339630126953,22.469789505004883,22.779455184936523,22.454683303833008,22.696374893188477,63020282,T
2021-05-25,16.096920013427734,22.29607391357422,22.469789505004883,22.07703971862793,22.439577102661133,77290883,T
2021-05-26,16.113285064697266,22.3187313079834,22.386707305908203,22.190332412719727,22.280967712402344,43765747,T
2021-05-27,16.20052719116211,22.439577102661133,22.58308219909668,22.333837509155273,22.39426040649414,62823932,T
2021-05-28,16.047847747802734,22.228097915649414,22.439577102661133,22.18277931213379,22.439577102661133,54191320,T
2021-06-01,15.987863540649414,22.145015716552734,22.303625106811523,22.069486618041992,22.250755310058594,52162290,T
2021-06-02,16.1460018157959,22.36404800415039,22.386707305908203,22.016616821289062,22.12990951538086,53003692,T
2021-06-03,15.938788414001465,22.07703971862793,22.333837509155273,22.04682731628418,22.250755310058594,60788150,T
2021-06-04,15.960600852966309,22.107250213623047,22.16012191772461,22.04682731628418,22.084592819213867,45228105,T
2021-06-07,15.856996536254883,21.9637451171875,22.152568817138672,21.91087532043457,22.12990951538086,43812219,T
2021-06-08,15.80246639251709,21.88821792602539,21.933534622192383,21.69939613342285,21.925981521606445,81796720,T
2021-06-09,15.818822860717773,21.91087532043457,22.039274215698242,21.81268882751465,21.865558624267578,38698004,T
2021-06-10,15.91152572631836,22.039274215698242,22.122356414794922,21.903322219848633,21.91087532043457,46019327,T
2021-06-11,15.987863540649414,22.145015716552734,22.167673110961914,22.001510620117188,22.069486618041992,41163954,T
2021-06-14,15.86245059967041,21.971298217773438,22.114803314208984,21.873111724853516,22.07703971862793,36006312,T
2021-06-15,15.966053009033203,22.114803314208984,22.12990951538086,21.933534622192383,21.948640823364258,34705350,T
2021-06-16,15.846091270446777,21.948640823364258,22.16012191772461,21.895769119262695,22.114803314208984,40251454,T
2021-06-17,15.671598434448242,21.70694923400879,22.016616821289062,21.684289932250977,21.933534622192383,47283350,T
2021-06-18,15.622525215148926,21.638973236083984,21.72960662841797,21.457704544067383,21.62386703491211,86995009,T
2021-06-21,15.775197982788086,21.850452423095703,21.865558624267578,21.65407943725586,21.691843032836914,44495668,T
2021-06-22,15.693405151367188,21.737159729003906,21.903322219848633,21.72960662841797,21.85800552368164,41524215,T
2021-06-23,15.622525215148926,21.638973236083984,21.842899322509766,21.631420135498047,21.75226593017578,31479689,T
2021-06-24,15.698861122131348,21.744712829589844,21.7824764251709,21.608760833740234,21.684289932250977,47503266,T
2021-06-25,15.753393173217773,21.820241928100586,21.865558624267578,21.646526336669922,21.67673683166504,37039297,T
2021-06-28,15.693405151367188,21.737159729003906,21.835346221923828,21.714502334594727,21.835346221923828,35873515,T
2021-06-29,15.627974510192871,21.646526336669922,21.933534622192383,21.638973236083984,21.75226593017578,42715947,T
2021-06-30,15.693405151367188,21.737159729003906,21.797582626342773,21.638973236083984,21.646526336669922,43623814,T
2021-07-01,15.873355865478516,21.986404418945312,22.069486618041992,21.797582626342773,21.820241928100586,34947642,T
2021-07-02,15.938788414001465,22.07703971862793,22.167673110961914,21.978851318359375,21.986404418945312,37964376,T
2021-07-06,15.8242769241333,21.918428421020508,22.152568817138672,21.865558624267578,22.114803314208984,53233538,T
2021-07-07,15.775197982788086,21.850452423095703,21.956193923950195,21.797582626342773,21.925981521606445,44484282,T
2021-07-08,15.740838050842285,21.28398895263672,21.427492141723633,21.21601104736328,21.351964950561523,52985421,T
2021-07-09,15.891654014587402,21.4879150390625,21.555891036987305,21.32930564880371,21.33685874938965,45214865,T
2021-07-12,15.90841293334961,21.510574340820312,21.586103439331055,21.321752548217773,21.404834747314453,35588988,T
2021-07-13,15.791111946105957,21.351964950561523,21.616313934326172,21.314199447631836,21.510574340820312,38431218,T
2021-07-14,15.785527229309082,21.344411849975586,21.419940948486328,21.268882751464844,21.344411849975586,42322852,T
2021-07-15,15.880485534667969,21.472810745239258,21.525680541992188,21.3066463470459,21.32930564880371,36102832,T
2021-07-16,15.83021354675293,21.404834747314453,21.62386703491211,21.374622344970703,21.525680541992188,34673177,T
2021-07-19,15.52298641204834,20.989425659179688,21.29909324645996,20.77039337158203,21.231117248535156,76367393,T
2021-07-20,15.590020179748535,21.080059051513672,21.28398895263672,20.883686065673828,20.92900276184082,46026477,T
2021-07-21,15.58443832397461,21.072507858276367,21.374622344970703,21.03474235534668,21.208459854125977,40798133,T
2021-07-22,15.645880699157715,21.155588150024414,21.41238784790039,20.951662063598633,21.344411849975586,48904588,T
2021-07-23,15.724080085754395,21.261329650878906,21.3066463470459,21.102718353271484,21.125377655029297,40029948,T
2021-07-26,15.740838050842285,21.28398895263672,21.32930564880371,21.155588150024414,21.208459854125977,48400144,T
2021-07-27,15.752012252807617,21.29909324645996,21.450151443481445,21.057401657104492,21.155588150024414,45261337,T
2021-07-28,15.645880699157715,21.155588150024414,21.367069244384766,21.042295455932617,21.261329650878906,42069835,T
2021-07-29,15.802282333374023,21.367069244384766,21.4879150390625,21.231117248535156,21.291540145874023,42129018,T
2021-07-30,15.66822338104248,21.185800552368164,21.450151443481445,21.155588150024414,21.427492141723633,49652913,T
2021-08-02,15.701740264892578,21.231117248535156,21.563444137573242,21.17069435119629,21.32930564880371,43086667,T
2021-08-03,15.746427536010742,21.291540145874023,21.33685874938965,21.080059051513672,21.208459854125977,37982515,T
2021-08-04,15.556503295898438,21.03474235534668,21.238670349121094,21.004531860351562,21.178247451782227,38980149,T
2021-08-05,15.606781005859375,21.102718353271484,21.155588150024414,21.042295455932617,21.049848556518555,27837762,T
2021-08-06,15.617952346801758,21.11782455444336,21.21601104736328,21.080059051513672,21.080059051513672,30562686,T
2021-08-09,15.556503295898438,21.03474235534668,21.148035049438477,21.004531860351562,21.125377655029297,33359504,T
2021-08-10,15.69056510925293,21.21601104736328,21.231117248535156,20.974319458007812,21.0120849609375,29472770,T
2021-08-11,15.729668617248535,21.268882751464844,21.314199447631836,21.16314125061035,21.208459854125977,27142927,T
2021-08-12,15.65146541595459,21.16314125061035,21.314199447631836,21.110271453857422,21.29909324645996,25167519,T
2021-08-13,15.746427536010742,21.291540145874023,21.344411849975586,21.148035049438477,21.178247451782227,29052135,T
2021-08-16,15.752012252807617,21.29909324645996,21.367069244384766,21.132930755615234,21.25377655029297,27148223,T
2021-08-17,15.746427536010742,21.291540145874023,21.351964950561523,21.155588150024414,21.208459854125977,26361502,T
2021-08-18,15.545332908630371,21.019636154174805,21.261329650878906,20.996978759765625,21.1933536529541,36599729,T
2021-08-19,15.377758026123047,20.79305076599121,21.03474235534668,20.77039337158203,20.996978759765625,49881700,T
2021-08-20,15.400101661682129,20.82326316833496,21.027189254760742,20.7175235748291,20.785497665405273,36754240,T
2021-08-23,15.372174263000488,20.785497665405273,20.936555862426758,20.77039337158203,20.861026763916016,37017584,T
2021-08-24,15.333073616027832,20.732627868652344,20.815710067749023,20.672204971313477,20.79305076599121,38782343,T
2021-08-25,15.321904182434082,20.7175235748291,20.785497665405273,20.649547576904297,20.732627868652344,29708309,T
2021-08-26,15.092881202697754,20.407854080200195,20.709970474243164,20.40030288696289,20.69486427307129,49257302,T
2021-08-27,15.154329299926758,20.490936279296875,20.543806076049805,20.302114486694336,20.42296028137207,42686157,T
2021-08-30,15.210186958312988,20.566465377807617,20.619335174560547,20.430513381958008,20.483383178710938,40268666,T
2021-08-31,15.316316604614258,20.709970474243164,20.77039337158203,20.483383178710938,20.5362548828125,52696392,T
2021-09-01,15.187841415405273,20.5362548828125,20.74018096923828,20.498489379882812,20.72507667541504,37546257,T
2021-09-02,15.439202308654785,20.87613296508789,21.049848556518555,20.513595581054688,20.528701782226562,80611740,T
2021-09-03,15.39452075958252,20.815710067749023,20.95921516418457,20.634441375732422,20.87613296508789,35800298,T
2021-09-07,15.316316604614258,20.709970474243164,20.808156967163086,20.672204971313477,20.74773406982422,34935329,T
2021-09-08,15.416861534118652,20.84592056274414,20.951662063598633,20.74018096923828,20.74018096923828,37976292,T
2021-09-09,15.316316604614258,20.709970474243164,20.898792266845703,20.702417373657227,20.82326316833496,39806590,T
2021-09-10,15.182255744934082,20.528701782226562,20.762840270996094,20.513595581054688,20.755287170410156,38245594,T
2021-09-13,15.372174263000488,20.785497665405273,20.95921516418457,20.64199447631836,20.649547576904297,51168760,T
2021-09-14,15.266045570373535,20.64199447631836,20.853473663330078,20.581571578979492,20.808156967163086,38046729,T
2021-09-15,15.400101661682129,20.82326316833496,20.883686065673828,20.626888275146484,20.657100677490234,44541081,T
2021-09-16,15.416861534118652,20.84592056274414,20.951662063598633,20.72507667541504,20.815710067749023,38041698,T
2021-09-17,15.377758026123047,20.79305076599121,21.102718353271484,20.709970474243164,20.709970474243164,89996517,T
2021-09-20,15.199013710021973,20.551359176635742,20.672204971313477,20.347431182861328,20.634441375732422,64631457,T
2021-09-21,15.059369087219238,20.362537384033203,20.7175235748291,20.347431182861328,20.626888275146484,47120101,T
2021-09-22,15.087297439575195,20.40030288696289,20.551359176635742,20.385196685791016,20.407854080200195,41950675,T
2021-09-23,15.187841415405273,20.5362548828125,20.61178207397461,20.407854080200195,20.438066482543945,45047776,T
2021-09-24,15.154329299926758,20.490936279296875,20.679758071899414,20.468278884887695,20.50604248046875,32406489,T
2021-09-27,15.305144309997559,20.69486427307129,20.883686065673828,20.513595581054688,20.521148681640625,42571764,T
2021-09-28,15.21577262878418,20.574018478393555,20.951662063598633,20.5362548828125,20.72507667541504,43597466,T
2021-09-29,15.305144309997559,20.69486427307129,20.82326316833496,20.521148681640625,20.604230880737305,41619543,T
2021-09-30,15.087297439575195,20.40030288696289,20.77794647216797,20.40030288696289,20.755287170410156,58751838,T
2021-10-01,15.171088218688965,20.513595581054688,20.69486427307129,20.40030288696289,20.498489379882812,41759490,T
2021-10-04,15.221358299255371,20.581571578979492,20.74018096923828,20.460725784301758,20.574018478393555,57892430,T
2021-10-05,15.277213096618652,20.657100677490234,20.755287170410156,20.521148681640625,20.619335174560547,42649350,T
2021-10-06,15.254874229431152,20.626888275146484,20.649547576904297,20.37009048461914,20.58912467956543,73923686,T
2021-10-07,15.523324012756348,20.460725784301758,20.566465377807617,20.37009048461914,20.392749786376953,64402935,T
2021-10-08,15.339956283569336,20.219032287597656,20.483383178710938,20.20392608642578,20.438066482543945,51635868,T
2021-10-11,14.915913581848145,19.66012191772461,20.219032287597656,19.66012191772461,20.15860939025879,85460890,T
2021-10-12,14.572097778320312,19.20694923400879,19.66012191772461,19.15407943725586,19.652568817138672,101515979,T
2021-10-13,14.497604370117188,19.108760833740234,19.22960662841797,18.889728546142578,19.093656539916992,80546996,T
2021-10-14,14.680974006652832,19.350452423095703,19.49395751953125,19.146526336669922,19.161630630493164,75032669,T
2021-10-15,14.726815223693848,19.41087532043457,19.592145919799805,19.373111724853516,19.403322219848633,63061723,T
2021-10-18,14.514795303344727,19.131420135498047,19.373111724853516,19.093656539916992,19.30513572692871,59807596,T
2021-10-19,14.663783073425293,19.327795028686523,19.335346221923828,19.086103439331055,19.22960662841797,46242686,T
2021-10-20,14.847151756286621,19.569486618041992,19.7054386138916,19.30513572692871,19.342899322509766,63927222,T
2021-10-21,14.76119613647461,19.456193923950195,19.856494903564453,19.335346221923828,19.728097915649414,73916007,T
2021-10-22,14.60648250579834,19.25226593017578,19.486404418945312,19.237159729003906,19.456193923950195,49159193,T
2021-10-25,14.692432403564453,19.365558624267578,19.380664825439453,19.12386703491211,19.20694923400879,65704956,T
2021-10-26,14.537714958190918,19.161630630493164,19.41087532043457,19.146526336669922,19.35800552368164,48187774,T
2021-10-27,14.360074996948242,18.927492141723633,19.244712829589844,18.91238784790039,19.17673683166504,52952056,T
2021-10-28,14.640862464904785,19.297582626342773,19.365558624267578,18.950151443481445,18.980363845825195,70281362,T
2021-10-29,14.474681854248047,19.078550338745117,19.27492332458496,18.995468139648438,19.161630630493164,71775496,T
2021-11-01,14.537714958190918,19.161630630493164,19.320241928100586,19.146526336669922,19.22960662841797,53318010,T
2021-11-02,14.457488059997559,19.055891036987305,19.244712829589844,18.980363845825195,19.184289932250977,45810003,T
2021-11-03,14.42884349822998,19.01812744140625,19.131420135498047,18.96525764465332,18.972810745239258,48160500,T
2021-11-04,14.211088180541992,18.731117248535156,19.07099723815918,18.53474235534668,18.980363845825195,83532616,T
2021-11-05,14.382999420166016,18.957704544067383,19.116313934326172,18.75377655029297,18.768882751464844,58867158,T
2021-11-08,14.256932258605957,18.791540145874023,18.980363845825195,18.678247451782227,18.927492141723633,61161253,T
2021-11-09,14.15951919555664,18.66314125061035,18.768882751464844,18.56495475769043,18.74622344970703,60057567,T
2021-11-10,14.297041893005371,18.844411849975586,18.980363845825195,18.625377655029297,18.648035049438477,62271427,T
2021-11-11,14.279854774475098,18.821752548217773,18.957704544067383,18.791540145874023,18.874622344970703,40223517,T
2021-11-12,14.291316986083984,18.83685874938965,18.942598342895508,18.814199447631836,18.844411849975586,36217358,T
2021-11-15,14.211088180541992,18.731117248535156,18.919940948486328,18.685800552368164,18.859516143798828,53290206,T
2021-11-16,14.130867958068848,18.625377655029297,18.79909324645996,18.602718353271484,18.72356414794922,48162354,T
2021-11-17,14.130867958068848,18.625377655029297,18.67069435119629,18.549848556518555,18.602718353271484,42762155,T
2021-11-18,13.976149559020996,18.421449661254883,18.648035049438477,18.421449661254883,18.602718353271484,49734868,T
2021-11-19,13.827162742614746,18.22507667541504,18.383686065673828,18.096677780151367,18.368579864501953,66821750,T
2021-11-22,14.153789520263672,18.655588150024414,18.77643585205078,18.179758071899414,18.202417373657227,71414574,T
2021-11-23,14.188169479370117,18.70090675354004,18.874622344970703,18.648035049438477,18.648035049438477,58975991,T
2021-11-24,14.021991729736328,18.48187255859375,18.67069435119629,18.451662063598633,18.632930755615234,44597748,T
2021-11-26,13.878735542297363,18.29305076599121,18.368579864501953,18.134441375732422,18.172204971313477,38851588,T
2021-11-29,13.689631462097168,18.043806076049805,18.32326316833496,18.013595581054688,18.315710067749023,69449493,T
2021-11-30,13.082221031188965,17.243202209472656,17.885196685791016,17.031721115112305,17.854984283447266,184492383,T
2021-12-01,12.738407135009766,16.790029525756836,17.522659301757812,16.7824764251709,17.371601104736328,106323952,T
2021-12-02,13.20828914642334,17.409366607666016,17.567975997924805,16.827795028686523,16.827795028686523,105952835,T
2021-12-03,13.443232536315918,17.719032287597656,17.771902084350586,17.303625106811523,17.386707305908203,93399859,T
2021-12-06,13.340088844299316,17.58308219909668,18.081571578979492,17.545316696166992,17.81722068786621,78265347,T
2021-12-07,13.225481986999512,17.432024002075195,17.65105628967285,17.34894371032715,17.598186492919922,82646331,T
2021-12-08,13.277056694030762,17.5,17.802114486694336,17.356494903564453,17.386707305908203,64794044,T
2021-12-09,13.145259857177734,17.326284408569336,17.424470901489258,17.12990951538086,17.39426040649414,68283976,T
2021-12-10,13.0879545211792,17.250755310058594,17.409366607666016,17.18277931213379,17.356494903564453,52988731,T
2021-12-13,12.858743667602539,16.948640823364258,17.220544815063477,16.835346221923828,17.152568817138672,87574921,T
2021-12-14,12.772789001464844,16.835346221923828,17.167673110961914,16.80513572692871,16.91087532043457,102318985,T
2021-12-15,12.704028129577637,16.744712829589844,16.918428421020508,16.631420135498047,16.827795028686523,93643342,T
2021-12-16,13.5864896774292,17.907854080200195,18.043806076049805,17.107250213623047,17.107250213623047,150436190,T
2021-12-17,13.626604080200195,17.960725784301758,18.00604248046875,17.58308219909668,17.975830078125,142867941,T
2021-12-20,13.861543655395508,18.27039337158203,18.34592056274414,17.938066482543945,18.149547576904297,102088344,T
2021-12-21,14.021991729736328,18.48187255859375,18.74622344970703,18.27794647216797,18.368579864501953,96523307,T
2021-12-22,14.199629783630371,18.71601104736328,18.761329650878906,18.308156967163086,18.45921516418457,67746697,T
2021-12-23,14.251204490661621,18.78398895263672,18.897281646728516,18.738670349121094,18.768882751464844,57348266,T
2021-12-27,14.199629783630371,18.71601104736328,18.950151443481445,18.602718353271484,18.78398895263672,67853676,T
2021-12-28,14.222548484802246,18.74622344970703,18.972810745239258,18.648035049438477,18.685800552368164,55695649,T
2021-12-29,14.119404792785645,18.610271453857422,18.821752548217773,18.580059051513672,18.738670349121094,44728560,T
2021-12-30,14.199629783630371,18.71601104736328,18.844411849975586,18.625377655029297,18.632930755615234,53706074,T
2021-12-31,14.096485137939453,18.580059051513672,18.75377655029297,18.557401657104492,18.67069435119629,59608069,T
2022-01-03,14.572097778320312,19.20694923400879,19.320241928100586,18.71601104736328,18.71601104736328,76970210,T
2022-01-04,14.692432403564453,19.365558624267578,19.54682731628418,19.214502334594727,19.373111724853516,72918108,T
2022-01-05,15.019061088562012,19.79607391357422,20.256797790527344,19.637462615966797,19.637462615966797,125367971,T
2022-01-06,14.961758613586426,19.720544815063477,20.23413848876953,19.592145919799805,20.173715591430664,93758133,T
2022-01-07,15.472896575927734,19.856494903564453,20.030210494995117,19.4637451171875,19.569486618041992,98164670,T
2022-01-10,15.572949409484863,19.984893798828125,20.120845794677734,19.78852081298828,19.932024002075195,77030717,T
2022-01-11,15.502325057983398,19.89426040649414,20.18882179260254,19.743202209472656,20.128398895263672,60054124,T
2022-01-12,15.567065238952637,19.977340698242188,20.022659301757812,19.750755310058594,19.84894371032715,48477730,T
2022-01-13,15.773058891296387,20.24169158935547,20.445619583129883,19.879154205322266,20.015106201171875,65005487,T
2022-01-14,15.996707916259766,20.528701782226562,20.566465377807617,19.992446899414062,20.10573959350586,72617163,T
2022-01-18,16.07321548461914,20.626888275146484,20.74773406982422,20.32477378845215,20.551359176635742,80247772,T
2022-01-19,16.055559158325195,20.604230880737305,20.755287170410156,20.226585388183594,20.732627868652344,67442309,T
2022-01-20,15.902534484863281,20.407854080200195,20.702417373657227,20.362537384033203,20.490936279296875,55659239,T
2022-01-21,15.661227226257324,20.098186492919922,20.392749786376953,19.977340698242188,20.271902084350586,79715392,T
2022-01-24,15.502325057983398,19.89426040649414,20.075529098510742,19.478851318359375,19.780967712402344,102910548,T
2022-01-25,15.584720611572266,20.0,20.098186492919922,19.41087532043457,19.75830841064453,115467364,T
2022-01-26,14.272263526916504,18.315710067749023,20.377643585205078,18.172204971313477,20.377643585205078,188252808,T
2022-01-27,14.19575023651123,18.2175235748291,18.527189254760742,17.7945613861084,18.172204971313477,116707158,T
2022-01-28,14.83726692199707,19.04078483581543,19.063444137573242,18.081571578979492,18.179758071899414,102063320,T
2022-01-31,15.00794506072998,19.25981903076172,19.290029525756836,18.595165252685547,18.859516143798828,129691758,T
2022-02-01,14.372315406799316,18.444108963012695,18.580059051513672,18.2175235748291,18.27039337158203,172591344,T
2022-02-02,14.442940711975098,18.53474235534668,18.655588150024414,18.179758071899414,18.285497665405273,93834925,T
2022-02-03,14.454710960388184,18.549848556518555,18.814199447631836,18.45921516418457,18.504531860351562,63825671,T
2022-02-04,14.172209739685059,18.18731117248535,18.53474235534668,18.11178207397461,18.5120849609375,69719192,T
2022-02-07,14.083928108215332,18.074018478393555,18.18731117248535,17.854984283447266,18.157100677490234,73169536,T
2022-02-08,14.089813232421875,18.081571578979492,18.2175235748291,17.990936279296875,18.0362548828125,42150732,T
2022-02-09,14.419398307800293,18.504531860351562,18.542295455932617,18.11178207397461,18.134441375732422,53029907,T
2022-02-10,14.272263526916504,18.315710067749023,18.61782455444336,18.285497665405273,18.474319458007812,58431827,T
2022-02-11,14.20163631439209,18.22507667541504,18.474319458007812,18.134441375732422,18.3308162689209,60084576,T
2022-02-14,14.154552459716797,18.164653778076172,18.3308162689209,18.00604248046875,18.157100677490234,57458290,T
2022-02-15,14.32523250579834,18.383686065673828,18.474319458007812,18.209970474243164,18.255287170410156,43586610,T
2022-02-16,14.089813232421875,18.081571578979492,18.383686065673828,17.960725784301758,18.255287170410156,60662502,T
2022-02-17,13.983874320983887,17.945619583129883,18.08912467956543,17.82477378845215,17.998489379882812,61712434,T
2022-02-18,14.048613548278809,18.028701782226562,18.096677780151367,17.78700828552246,17.907854080200195,62595410,T
2022-02-22,13.977987289428711,17.938066482543945,18.202417373657227,17.802114486694336,17.95317268371582,62168288,T
2022-02-23,13.83674144744873,17.756797790527344,18.074018478393555,17.6812686920166,17.975830078125,50233222,T
2022-02-24,13.671943664550781,17.545316696166992,17.590633392333984,17.107250213623047,17.34139060974121,92965719,T
2022-02-25,14.07215690612793,18.05891227722168,18.209970474243164,17.70392608642578,17.71147918701172,59026965,T
2022-02-28,13.942672729492188,17.892749786376953,17.938066482543945,17.6812686920166,17.81722068786621,62788449,T
2022-03-01,13.848506927490234,17.771902084350586,17.945619583129883,17.5,17.832326889038086,57663378,T
2022-03-02,14.019187927246094,17.990936279296875,18.164653778076172,17.771902084350586,17.7945613861084,45624775,T
2022-03-03,14.07215690612793,18.05891227722168,18.202417373657227,17.885196685791016,18.08912467956543,49218641,T
2022-03-04,14.048613548278809,18.028701782226562,18.043806076049805,17.70392608642578,17.90030288696289,48190952,T
2022-03-07,13.872051239013672,17.802114486694336,18.028701782226562,17.73413848876953,17.877643585205078,50113532,T
2022-03-08,13.536579132080078,17.371601104736328,17.847431182861328,17.371601104736328,17.756797790527344,67277074,T
2022-03-09,13.689599990844727,17.567975997924805,17.76435089111328,17.522659301757812,17.590633392333984,58010928,T
2022-03-10,13.648402214050293,17.515106201171875,17.537763595581055,17.326284408569336,17.537763595581055,53623059,T
2022-03-11,13.648402214050293,17.515106201171875,17.90030288696289,17.484893798828125,17.82477378845215,72142244,T
2022-03-14,13.47183895111084,17.28852081298828,17.55286979675293,17.228097915649414,17.537763595581055,65683375,T
2022-03-15,13.589548110961914,17.439577102661133,17.522659301757812,17.303625106811523,17.356494903564453,47089252,T
2022-03-16,13.648402214050293,17.515106201171875,17.590633392333984,17.34894371032715,17.484893798828125,49791138,T
2022-03-17,13.648402214050293,17.515106201171875,17.575529098510742,17.326284408569336,17.462236404418945,41109008,T
2022-03-18,13.666057586669922,17.537763595581055,17.63595199584961,17.386707305908203,17.522659301757812,89500414,T
2022-03-21,13.630746841430664,17.492446899414062,17.756797790527344,17.439577102661133,17.537763595581055,50990418,T
2022-03-22,13.660171508789062,17.530210494995117,17.74169158935547,17.507553100585938,17.567975997924805,39631954,T
2022-03-23,13.660171508789062,17.530210494995117,17.71147918701172,17.5,17.530210494995117,38180320,T
2022-03-24,13.730799674987793,17.620845794677734,17.63595199584961,17.492446899414062,17.55286979675293,37218434,T
2022-03-25,14.030959129333496,18.00604248046875,18.00604248046875,17.620845794677734,17.673715591430664,42137094,T
2022-03-28,14.048613548278809,18.028701782226562,18.179758071899414,17.907854080200195,18.126888275146484,50968704,T
2022-03-29,14.119240760803223,18.119335174560547,18.172204971313477,18.013595581054688,18.081571578979492,43979838,T
2022-03-30,14.20752239227295,18.232627868652344,18.24018096923828,18.066465377807617,18.164653778076172,42385080,T
2022-03-31,13.907362937927246,17.847431182861328,18.232627868652344,17.83987808227539,18.126888275146484,69574611,T
2022-04-01,14.11335563659668,18.11178207397461,18.126888275146484,17.666162490844727,17.915407180786133,53381429,T
2022-04-04,14.23106575012207,18.262840270996094,18.27794647216797,17.802114486694336,18.013595581054688,47195569,T
2022-04-05,14.060383796691895,18.043806076049805,18.24018096923828,18.013595581054688,18.104230880737305,43936808,T
2022-04-06,14.142782211303711,18.149547576904297,18.232627868652344,17.82477378845215,17.960725784301758,49327209,T
2022-04-07,13.966216087341309,17.92296028137207,18.11178207397461,17.82477378845215,18.05891227722168,62815724,T
2022-04-08,14.20752239227295,18.232627868652344,18.308156967163086,17.779455184936523,17.877643585205078,73121078,T
2022-04-11,15.296401977539062,19.6299991607666,19.770000457763672,18.850000381469727,18.889999389648438,157485300,T
2022-04-12,15.24185562133789,19.559999465942383,20.1200008392334,19.510000228881836,19.75,104795900,T
2022-04-13,15.350943565368652,19.420000076293945,19.489999771118164,19.030000686645508,19.1200008392334,64100500,T
2022-04-14,15.445801734924316,19.540000915527344,19.59000015258789,19.209999084472656,19.31999969482422,52731100,T
2022-04-18,15.382560729980469,19.459999084472656,19.56999969482422,19.290000915527344,19.43000030517578,54812700,T
2022-04-19,15.406278610229492,19.489999771118164,19.639999389648438,19.389999389648438,19.489999771118164,57496000,T
2022-04-20,15.358846664428711,19.43000030517578,19.59000015258789,19.299999237060547,19.520000457763672,48751400,T
2022-04-21,15.97541332244873,20.209999084472656,20.350000381469727,19.6299991607666,19.68000030517578,81259800,T
2022-04-22,15.429987907409668,19.520000457763672,20.049999237060547,19.5,20.049999237060547,68483600,T
2022-04-25,15.422085762023926,19.510000228881836,19.889999389648438,19.110000610351562,19.770000457763672,71861400,T
2022-04-26,15.256085395812988,19.299999237060547,19.649999618530273,19.299999237060547,19.450000762939453,50825900,T
2022-04-27,15.0742769241333,19.06999969482422,19.360000610351562,18.989999771118164,19.229999542236328,66767000,T
2022-04-28,15.350943565368652,19.420000076293945,19.59000015258789,19.100000381469727,19.25,67479400,T
2022-04-29,14.908281326293945,18.860000610351562,19.3700008392334,18.809999465942383,19.360000610351562,70195400,T
2022-05-02,15.113800048828125,19.1200008392334,19.389999389648438,18.860000610351562,19.0,67551600,T
2022-05-03,15.279797554016113,19.329999923706055,19.68000030517578,19.040000915527344,19.18000030517578,62675300,T
2022-05-04,15.769893646240234,19.950000762939453,19.979999542236328,19.209999084472656,19.280000686645508,60771800,T
2022-05-05,15.769893646240234,19.950000762939453,19.989999771118164,19.68000030517578,19.739999771118164,55503900,T
2022-05-06,15.83313274383545,20.030000686645508,20.110000610351562,19.65999984741211,19.799999237060547,51506800,T
2022-05-09,15.453700065612793,19.549999237060547,20.040000915527344,19.469999313354492,19.979999542236328,51563300,T
2022-05-10,15.30351448059082,19.360000610351562,19.850000381469727,19.239999771118164,19.65999984741211,42465900,T
2022-05-11,15.358846664428711,19.43000030517578,19.65999984741211,19.290000915527344,19.5,50074200,T
2022-05-12,15.588082313537598,19.719999313354492,19.739999771118164,19.389999389648438,19.399999618530273,52687000,T
2022-05-13,15.682939529418945,19.84000015258789,19.860000610351562,19.540000915527344,19.739999771118164,34107300,T
2022-05-16,16.03074836730957,20.280000686645508,20.3799991607666,19.68000030517578,19.93000030517578,40027000,T
2022-05-17,16.259986877441406,20.56999969482422,20.670000076293945,20.239999771118164,20.399999618530273,42938400,T
2022-05-18,15.991223335266113,20.229999542236328,20.6299991607666,20.1299991607666,20.510000228881836,43342800,T
2022-05-19,15.97541332244873,20.209999084472656,20.34000015258789,19.90999984741211,19.920000076293945,41588100,T
2022-05-20,16.1256046295166,20.399999618530273,20.420000076293945,20.09000015258789,20.209999084472656,47415800,T
2022-05-23,16.394365310668945,20.739999771118164,20.90999984741211,20.420000076293945,20.530000686645508,46775100,T
2022-05-24,16.72635841369629,21.15999984741211,21.229999542236328,20.600000381469727,20.799999237060547,49841200,T
2022-05-25,16.837026596069336,21.299999237060547,21.3700008392334,21.059999465942383,21.1200008392334,40179400,T
2022-05-26,16.852834701538086,21.31999969482422,21.530000686645508,21.270000457763672,21.3799991607666,28495500,T
2022-05-27,16.82912254333496,21.290000915527344,21.40999984741211,21.149999618530273,21.309999465942383,34169600,T
2022-05-31,16.82912254333496,21.290000915527344,21.43000030517578,20.969999313354492,21.190000534057617,61515300,T
2022-06-01,16.77379035949707,21.219999313354492,21.469999313354492,21.1200008392334,21.440000534057617,35928900,T
2022-06-02,16.750078201293945,21.190000534057617,21.260000228881836,20.940000534057617,21.260000228881836,27085200,T
2022-06-03,16.520841598510742,20.899999618530273,21.149999618530273,20.799999237060547,21.059999465942383,27796900,T
2022-06-06,16.552457809448242,20.940000534057617,21.049999237060547,20.829999923706055,20.920000076293945,22002900,T
2022-06-07,16.710554122924805,21.139999389648438,21.190000534057617,20.770000457763672,20.899999618530273,24977700,T
2022-06-08,16.639406204223633,21.049999237060547,21.200000762939453,20.989999771118164,21.09000015258789,20732900,T
2022-06-09,16.505029678344727,20.8799991607666,21.15999984741211,20.8700008392334,21.020000457763672,24934500,T
2022-06-10,16.354843139648438,20.690000534057617,20.850000381469727,20.6299991607666,20.68000030517578,33572700,T
2022-06-13,15.619702339172363,19.760000228881836,20.489999771118164,19.68000030517578,20.399999618530273,56215900,T
2022-06-14,15.374654769897461,19.450000762939453,19.959999084472656,19.299999237060547,19.8799991607666,42638300,T
2022-06-15,15.366755485534668,19.440000534057617,19.709999084472656,19.18000030517578,19.600000381469727,38941900,T
2022-06-16,14.987325668334961,18.959999084472656,19.290000915527344,18.670000076293945,19.280000686645508,67896400,T
2022-06-17,15.319324493408203,19.3799991607666,19.420000076293945,19.0,19.139999389648438,97645400,T
2022-06-21,15.77779483795166,19.959999084472656,20.049999237060547,19.469999313354492,19.649999618530273,49307700,T
2022-06-22,16.062366485595703,20.31999969482422,20.549999237060547,19.81999969482422,19.850000381469727,46607400,T
2022-06-23,16.291601181030273,20.610000610351562,20.780000686645508,20.079999923706055,20.43000030517578,51713600,T
2022-06-24,16.591978073120117,20.989999771118164,21.059999465942383,20.510000228881836,20.700000762939453,47641700,T
2022-06-27,16.425981521606445,20.780000686645508,21.040000915527344,20.670000076293945,20.950000762939453,32339900,T
2022-06-28,16.291601181030273,20.610000610351562,21.059999465942383,20.600000381469727,20.93000030517578,26754000,T
2022-06-29,16.56036376953125,20.950000762939453,21.020000457763672,20.540000915527344,20.670000076293945,26585700,T
2022-06-30,16.568265914916992,20.959999084472656,21.149999618530273,20.75,20.790000915527344,37655700,T
2022-07-01,16.84493064880371,21.309999465942383,21.389999389648438,20.8700008392334,20.969999313354492,32762500,T
2022-07-05,16.73426628112793,21.170000076293945,21.190000534057617,20.780000686645508,21.1299991607666,36960500,T
2022-07-06,16.67102813720703,21.09000015258789,21.229999542236328,20.889999389648438,21.170000076293945,27645000,T
2022-07-07,16.71845245361328,21.149999618530273,21.31999969482422,21.030000686645508,21.170000076293945,27015400,T
2022-07-08,16.660785675048828,20.799999237060547,21.059999465942383,20.75,20.93000030517578,22366300,T
2022-07-11,16.548643112182617,20.65999984741211,20.860000610351562,20.6299991607666,20.709999084472656,23326400,T
2022-07-12,16.500591278076172,20.600000381469727,20.860000610351562,20.450000762939453,20.6299991607666,26448000,T
2022-07-13,16.380434036254883,20.450000762939453,20.600000381469727,20.229999542236328,20.450000762939453,25213100,T
2022-07-14,16.284317016601562,20.329999923706055,20.350000381469727,20.049999237060547,20.1299991607666,26621000,T
2022-07-15,16.476552963256836,20.56999969482422,20.59000015258789,20.209999084472656,20.540000915527344,23838000,T
2022-07-18,16.44451332092285,20.530000686645508,20.690000534057617,20.510000228881836,20.6299991607666,22507400,T
2022-07-19,16.660785675048828,20.799999237060547,20.860000610351562,20.530000686645508,20.600000381469727,21813100,T
2022-07-20,16.404470443725586,20.479999542236328,20.829999923706055,20.399999618530273,20.81999969482422,34207200,T
2022-07-21,15.154908180236816,18.920000076293945,19.1200008392334,18.239999771118164,19.040000915527344,123409000,T
2022-07-22,14.738386154174805,18.399999618530273,18.690000534057617,18.25,18.65999984741211,72016300,T
2022-07-25,14.842516899108887,18.530000686645508,18.649999618530273,18.329999923706055,18.3799991607666,39493100,T
2022-07-26,14.658285140991211,18.299999237060547,18.450000762939453,18.18000030517578,18.399999618530273,38885000,T
2022-07-27,14.730375289916992,18.389999389648438,18.489999771118164,18.229999542236328,18.350000381469727,36607400,T
2022-07-28,14.88256549835205,18.579999923706055,18.770000457763672,18.290000915527344,18.299999237060547,41940100,T
2022-07-29,15.042766571044922,18.780000686645508,18.850000381469727,18.479999542236328,18.510000228881836,40819800,T
2022-08-01,15.002717018127441,18.729999542236328,18.8700008392334,18.610000610351562,18.850000381469727,37087800,T
2022-08-02,14.706344604492188,18.360000610351562,18.739999771118164,18.31999969482422,18.719999313354492,43625200,T
2022-08-03,14.71435546875,18.3700008392334,18.510000228881836,18.309999465942383,18.420000076293945,35524300,T
2022-08-04,14.634255409240723,18.270000457763672,18.3799991607666,18.219999313354492,18.309999465942383,28287800,T
2022-08-05,14.698338508605957,18.350000381469727,18.360000610351562,18.09000015258789,18.270000457763672,32726400,T
2022-08-08,14.417989730834961,18.0,18.40999984741211,18.0,18.360000610351562,44042500,T
2022-08-09,14.498086929321289,18.100000381469727,18.219999313354492,18.040000915527344,18.040000915527344,33257500,T
2022-08-10,14.42599868774414,18.010000228881836,18.25,17.989999771118164,18.219999313354492,50229500,T
2022-08-11,14.450029373168945,18.040000915527344,18.170000076293945,18.010000228881836,18.059999465942383,40798900,T
2022-08-12,14.634255409240723,18.270000457763672,18.270000457763672,18.09000015258789,18.100000381469727,25822300,T
2022-08-15,14.730375289916992,18.389999389648438,18.459999084472656,18.190000534057617,18.190000534057617,28845400,T
2022-08-16,14.874556541442871,18.56999969482422,18.700000762939453,18.3700008392334,18.3700008392334,34241000,T
2022-08-17,14.754405975341797,18.420000076293945,18.610000610351562,18.31999969482422,18.420000076293945,23772300,T
2022-08-18,14.762415885925293,18.43000030517578,18.530000686645508,18.18000030517578,18.260000228881836,33817400,T
2022-08-19,14.762415885925293,18.43000030517578,18.510000228881836,18.31999969482422,18.3799991607666,27161400,T
2022-08-22,14.522115707397461,18.1299991607666,18.329999923706055,18.06999969482422,18.309999465942383,32057100,T
2022-08-23,14.466049194335938,18.059999465942383,18.190000534057617,18.020000457763672,18.110000610351562,27298200,T
2022-08-24,14.42599868774414,18.010000228881836,18.06999969482422,17.860000610351562,18.06999969482422,30647700,T
2022-08-25,14.49007511138916,18.09000015258789,18.100000381469727,17.940000534057617,18.049999237060547,25198600,T
2022-08-26,14.329876899719238,17.889999389648438,18.09000015258789,17.850000381469727,18.020000457763672,30590700,T
2022-08-29,14.241769790649414,17.780000686645508,17.920000076293945,17.709999084472656,17.809999465942383,25465400,T
2022-08-30,14.273807525634766,17.81999969482422,17.899999618530273,17.75,17.809999465942383,32481900,T
2022-08-31,14.049527168273926,17.540000915527344,17.860000610351562,17.510000228881836,17.81999969482422,46669900,T
2022-09-01,14.01749038696289,17.5,17.670000076293945,17.40999984741211,17.489999771118164,30623200,T
2022-09-02,13.769179344177246,17.190000534057617,17.610000610351562,17.15999984741211,17.56999969482422,36489600,T
2022-09-06,13.448777198791504,16.790000915527344,17.229999542236328,16.780000686645508,17.200000762939453,57232600,T
2022-09-07,13.512859344482422,16.8700008392334,17.139999389648438,16.68000030517578,16.760000228881836,55566600,T
2022-09-08,13.432758331298828,16.770000457763672,16.93000030517578,16.700000762939453,16.860000610351562,49770900,T
2022-09-09,13.641018867492676,17.030000686645508,17.06999969482422,16.860000610351562,16.920000076293945,55081300,T
2022-09-12,13.921366691589355,17.3799991607666,17.399999618530273,17.030000686645508,17.06999969482422,43425000,T
2022-09-13,13.480819702148438,16.829999923706055,17.31999969482422,16.780000686645508,17.18000030517578,42274600,T
2022-09-14,13.432758331298828,16.770000457763672,16.920000076293945,16.700000762939453,16.889999389648438,41000300,T
2022-09-15,13.424748420715332,16.760000228881836,16.920000076293945,16.6299991607666,16.829999923706055,38637300,T
2022-09-16,13.408727645874023,16.739999771118164,16.809999465942383,16.549999237060547,16.670000076293945,69825900,T
2022-09-19,13.424748420715332,16.760000228881836,16.860000610351562,16.579999923706055,16.6299991607666,33805300,T
2022-09-20,13.264547348022461,16.559999465942383,16.649999618530273,16.459999084472656,16.649999618530273,36187500,T
2022-09-21,13.016237258911133,16.25,16.65999984741211,16.25,16.579999923706055,38815600,T
2022-09-22,13.00822925567627,16.239999771118164,16.3799991607666,16.139999389648438,16.260000228881836,37800400,T
2022-09-23,12.82399845123291,16.010000228881836,16.1299991607666,15.850000381469727,16.100000381469727,46225600,T
2022-09-26,12.551658630371094,15.670000076293945,15.979999542236328,15.579999923706055,15.90999984741211,46841200,T
2022-09-27,12.599719047546387,15.729999542236328,16.030000686645508,15.670000076293945,15.8100004196167,41183400,T
2022-09-28,12.679819107055664,15.829999923706055,15.920000076293945,15.710000038146973,15.779999732971191,42670800,T
2022-09-29,12.439518928527832,15.529999732971191,15.75,15.40999984741211,15.670000076293945,51308300,T
2022-09-30,12.287327766418457,15.34000015258789,15.680000305175781,15.34000015258789,15.529999732971191,63932700,T
2022-10-03,12.735888481140137,15.899999618530273,16.18000030517578,15.65999984741211,15.729999542236328,59540500,T
2022-10-04,12.888077735900879,16.09000015258789,16.149999618530273,15.890000343322754,15.989999771118164,46876200,T
2022-10-05,12.759918212890625,15.930000305175781,16.139999389648438,15.760000228881836,15.970000267028809,38250100,T
2022-10-06,12.489263534545898,15.319999694824219,15.8100004196167,15.3100004196167,15.640000343322754,52923900,T
2022-10-07,12.179478645324707,14.9399995803833,15.239999771118164,14.899999618530273,15.229999542236328,53446900,T
2022-10-10,12.146868705749512,14.899999618530273,15.130000114440918,14.760000228881836,15.0,43852600,T
2022-10-11,12.07349967956543,14.8100004196167,14.90999984741211,14.680000305175781,14.850000381469727,49661500,T
2022-10-12,11.926756858825684,14.630000114440918,14.9399995803833,14.619999885559082,14.760000228881836,46719600,T
2022-10-13,12.326217651367188,15.119999885559082,15.149999618530273,14.460000038146973,14.489999771118164,60354500,T
2022-10-14,12.220239639282227,14.989999771118164,15.270000457763672,14.970000267028809,15.1899995803833,47185600,T
2022-10-17,12.481111526489258,15.3100004196167,15.399999618530273,15.079999923706055,15.140000343322754,44240700,T
2022-10-18,12.717527389526367,15.600000381469727,15.699999809265137,15.449999809265137,15.5600004196167,49420200,T
2022-10-19,12.668612480163574,15.539999961853027,15.760000228881836,15.399999618530273,15.460000038146973,47349100,T
2022-10-20,13.646883964538574,16.739999771118164,17.15999984741211,16.1200008392334,16.209999084472656,117495700,T
2022-10-21,13.9403657913208,17.100000381469727,17.399999618530273,16.770000457763672,16.829999923706055,81050700,T
2022-10-24,14.274606704711914,17.510000228881836,17.850000381469727,17.389999389648438,17.43000030517578,69196500,T
2022-10-25,14.42134952545166,17.690000534057617,17.889999389648438,17.5,17.530000686645508,58235100,T
2022-10-26,14.788201332092285,18.139999389648438,18.239999771118164,17.760000228881836,17.850000381469727,65157700,T
2022-10-27,14.698529243469238,18.030000686645508,18.350000381469727,17.989999771118164,18.350000381469727,53975500,T
2022-10-28,15.065378189086914,18.479999542236328,18.59000015258789,18.229999542236328,18.280000686645508,55833900,T
2022-10-31,14.861574172973633,18.229999542236328,18.389999389648438,18.1299991607666,18.350000381469727,47573900,T
2022-11-01,14.95939826965332,18.350000381469727,18.579999923706055,18.239999771118164,18.56999969482422,48025700,T
2022-11-02,15.024619102478027,18.43000030517578,18.799999237060547,18.270000457763672,18.270000457763672,49201100,T
2022-11-03,14.812654495239258,18.170000076293945,18.329999923706055,18.06999969482422,18.170000076293945,41249400,T
2022-11-04,14.934940338134766,18.31999969482422,18.40999984741211,18.09000015258789,18.34000015258789,39458700,T
2022-11-07,14.967550277709961,18.360000610351562,18.399999618530273,18.149999618530273,18.34000015258789,39985200,T
2022-11-08,15.138749122619629,18.56999969482422,18.729999542236328,18.299999237060547,18.3799991607666,43210400,T
2022-11-09,14.983854293823242,18.3799991607666,18.719999313354492,18.3799991607666,18.479999542236328,41838400,T
2022-11-10,15.358857154846191,18.84000015258789,18.969999313354492,18.579999923706055,18.829999923706055,46482700,T
2022-11-11,15.530054092407227,19.049999237060547,19.1299991607666,18.780000686645508,18.81999969482422,52519500,T
2022-11-14,15.538209915161133,19.059999465942383,19.360000610351562,19.040000915527344,19.079999923706055,37316500,T
2022-11-15,15.505598068237305,19.020000457763672,19.389999389648438,18.809999465942383,19.1200008392334,49339300,T
2022-11-16,15.43222713470459,18.93000030517578,19.049999237060547,18.780000686645508,19.0,32155400,T
2022-11-17,15.448535919189453,18.950000762939453,18.989999771118164,18.520000457763672,18.709999084472656,36007800,T
2022-11-18,15.464841842651367,18.969999313354492,19.1200008392334,18.920000076293945,19.040000915527344,34211300,T
2022-11-21,15.358857154846191,18.84000015258789,19.079999923706055,18.760000228881836,18.979999542236328,31911400,T
2022-11-22,15.489294052124023,19.0,19.040000915527344,18.889999389648438,18.899999618530273,33771000,T
2022-11-23,15.562664031982422,19.09000015258789,19.110000610351562,18.889999389648438,18.93000030517578,21486000,T
2022-11-25,15.587124824523926,19.1200008392334,19.290000915527344,19.06999969482422,19.170000076293945,13782700,T
2022-11-28,15.34255313873291,18.81999969482422,19.149999618530273,18.770000457763672,19.100000381469727,27780200,T
2022-11-29,15.497451782226562,19.010000228881836,19.030000686645508,18.75,18.790000915527344,24088000,T
2022-11-30,15.717558860778809,19.280000686645508,19.280000686645508,18.799999237060547,18.940000534057617,59293400,T
2022-12-01,15.644186973571777,19.190000534057617,19.399999618530273,19.09000015258789,19.290000915527344,31615500,T
2022-12-02,15.505598068237305,19.020000457763672,19.059999465942383,18.860000610351562,19.049999237060547,33479600,T
2022-12-05,15.285487174987793,18.75,18.979999542236328,18.690000534057617,18.920000076293945,28698000,T
2022-12-06,15.62788200378418,19.170000076293945,19.18000030517578,18.809999465942383,18.889999389648438,45858100,T
2022-12-07,15.73386287689209,19.299999237060547,19.420000076293945,19.0,19.049999237060547,45381000,T
2022-12-08,15.587124824523926,19.1200008392334,19.520000457763672,19.020000457763672,19.43000030517578,45761100,T
2022-12-09,15.562664031982422,19.09000015258789,19.350000381469727,19.030000686645508,19.06999969482422,29815600,T
2022-12-12,15.73386287689209,19.299999237060547,19.309999465942383,19.06999969482422,19.139999389648438,31333500,T
2022-12-13,15.587124824523926,19.1200008392334,19.5,19.06999969482422,19.40999984741211,54142100,T
2022-12-14,15.4077730178833,18.899999618530273,19.100000381469727,18.760000228881836,19.049999237060547,44027700,T
2022-12-15,15.057226181030273,18.469999313354492,18.809999465942383,18.360000610351562,18.639999389648438,47277400,T
2022-12-16,15.073531150817871,18.489999771118164,18.510000228881836,18.219999313354492,18.360000610351562,76412500,T
2022-12-19,14.559938430786133,17.860000610351562,18.31999969482422,17.639999389648438,18.270000457763672,62216900,T
2022-12-20,14.731135368347168,18.06999969482422,18.09000015258789,17.829999923706055,17.850000381469727,40922700,T
2022-12-21,14.79635238647461,18.149999618530273,18.270000457763672,18.06999969482422,18.18000030517578,42316200,T
2022-12-22,14.894180297851562,18.270000457763672,18.280000686645508,17.920000076293945,18.010000228881836,32615000,T
2022-12-23,14.926789283752441,18.309999465942383,18.31999969482422,18.100000381469727,18.170000076293945,25164100,T
2022-12-27,15.049071311950684,18.459999084472656,18.520000457763672,18.219999313354492,18.25,30382500,T
2022-12-28,14.853418350219727,18.219999313354492,18.549999237060547,18.190000534057617,18.450000762939453,26632300,T
2022-12-29,15.040922164916992,18.450000762939453,18.549999237060547,18.239999771118164,18.270000457763672,23765900,T
2022-12-30,15.00831127166748,18.40999984741211,18.479999542236328,18.219999313354492,18.420000076293945,26204200,T
2023-01-03,15.277334213256836,18.739999771118164,18.850000381469727,18.40999984741211,18.510000228881836,42149200,T
2023-01-04,15.603428840637207,19.139999389648438,19.3700008392334,18.809999465942383,18.8700008392334,43926800,T
2023-01-05,15.660492897033691,19.209999084472656,19.31999969482422,18.959999084472656,19.139999389648438,31081800,T
2023-01-06,15.921365737915039,19.530000686645508,19.790000915527344,19.34000015258789,19.350000381469727,36050300,T
2023-01-09,15.74604320526123,19.040000915527344,19.239999771118164,18.979999542236328,19.239999771118164,51981100,T
2023-01-10,16.101648330688477,19.469999313354492,19.479999542236328,19.200000762939453,19.350000381469727,32869500,T
2023-01-11,16.052032470703125,19.40999984741211,19.489999771118164,19.25,19.469999313354492,30010200,T
2023-01-12,16.052032470703125,19.40999984741211,19.56999969482422,19.3700008392334,19.479999542236328,31740400,T
2023-01-13,16.167810440063477,19.549999237060547,19.59000015258789,19.290000915527344,19.389999389648438,25480000,T
2023-01-17,15.985870361328125,19.329999923706055,19.56999969482422,19.270000457763672,19.549999237060547,38801000,T
2023-01-18,15.729498863220215,19.020000457763672,19.329999923706055,18.969999313354492,19.290000915527344,38023700,T
2023-01-19,15.663344383239746,18.940000534057617,19.020000457763672,18.790000915527344,18.93000030517578,40180800,T
2023-01-20,15.903170585632324,19.229999542236328,19.229999542236328,18.770000457763672,18.959999084472656,37836600,T
2023-01-23,15.795660972595215,19.100000381469727,19.399999618530273,18.979999542236328,19.229999542236328,32890800,T
2023-01-24,15.845281600952148,19.15999984741211,21.530000686645508,18.700000762939453,18.969999313354492,32858500,T
2023-01-25,16.887298583984375,20.420000076293945,20.479999542236328,19.739999771118164,19.75,73582100,T
2023-01-26,16.53995704650879,20.0,20.31999969482422,19.809999465942383,20.270000457763672,47400900,T
2023-01-27,16.49860954284668,19.950000762939453,20.100000381469727,19.809999465942383,19.950000762939453,37094000,T
2023-01-30,16.67227554321289,20.15999984741211,20.260000228881836,19.889999389648438,19.920000076293945,37246000,T
2023-01-31,16.845947265625,20.3700008392334,20.3799991607666,20.06999969482422,20.15999984741211,36575900,T
2023-02-01,16.688819885253906,20.18000030517578,20.5,20.06999969482422,20.469999313354492,40172500,T
2023-02-02,16.771520614624023,20.280000686645508,20.489999771118164,20.040000915527344,20.100000381469727,34968800,T
2023-02-03,16.39936637878418,19.829999923706055,20.260000228881836,19.770000457763672,20.219999313354492,31599900,T
2023-02-06,16.1926212310791,19.579999923706055,19.760000228881836,19.489999771118164,19.75,30929800,T
2023-02-07,15.919711112976074,19.25,19.540000915527344,19.09000015258789,19.489999771118164,36534400,T
2023-02-08,15.845281600952148,19.15999984741211,19.219999313354492,19.020000457763672,19.09000015258789,29805200,T
2023-02-09,15.688155174255371,18.969999313354492,19.25,18.889999389648438,19.209999084472656,28320900,T
2023-02-10,15.770848274230957,19.06999969482422,19.110000610351562,18.829999923706055,19.030000686645508,24931200,T
2023-02-13,15.927977561950684,19.260000228881836,19.31999969482422,18.989999771118164,19.010000228881836,21668700,T
2023-02-14,15.83700942993164,19.149999618530273,19.350000381469727,19.030000686645508,19.299999237060547,23195200,T
2023-02-15,15.919711112976074,19.25,19.270000457763672,18.989999771118164,19.010000228881836,31145400,T
2023-02-16,15.927977561950684,19.260000228881836,19.420000076293945,18.93000030517578,19.040000915527344,35161100,T
2023-02-17,16.076839447021484,19.440000534057617,19.510000228881836,19.1299991607666,19.260000228881836,29997500,T
2023-02-21,15.88663101196289,19.209999084472656,19.360000610351562,19.1299991607666,19.219999313354492,28220300,T
2023-02-22,16.0272216796875,19.3799991607666,19.43000030517578,19.219999313354492,19.219999313354492,25308800,T
2023-02-23,16.002412796020508,19.350000381469727,19.579999923706055,19.260000228881836,19.420000076293945,24845800,T
2023-02-24,15.911438941955566,19.239999771118164,19.270000457763672,18.979999542236328,19.260000228881836,29138100,T
2023-02-27,15.737770080566406,19.030000686645508,19.34000015258789,19.010000228881836,19.299999237060547,22981100,T
2023-02-28,15.638529777526855,18.90999984741211,19.030000686645508,18.84000015258789,19.020000457763672,34154800,T
2023-03-01,15.431780815124512,18.65999984741211,18.860000610351562,18.559999465942383,18.829999923706055,23339900,T
2023-03-02,15.431780815124512,18.65999984741211,18.75,18.5,18.530000686645508,24184800,T
2023-03-03,15.555830955505371,18.809999465942383,18.850000381469727,18.670000076293945,18.700000762939453,23501500,T
2023-03-06,15.522749900817871,18.770000457763672,18.959999084472656,18.770000457763672,18.850000381469727,24072100,T
2023-03-07,15.473132133483887,18.709999084472656,18.93000030517578,18.600000381469727,18.799999237060547,27944000,T
2023-03-08,15.390429496765137,18.610000610351562,18.639999389648438,18.18000030517578,18.56999969482422,31510300,T
2023-03-09,15.150601387023926,18.31999969482422,18.700000762939453,18.309999465942383,18.700000762939453,24711100,T
2023-03-10,15.241573333740234,18.43000030517578,18.489999771118164,18.239999771118164,18.280000686645508,32018500,T
2023-03-13,15.134061813354492,18.299999237060547,18.65999984741211,18.219999313354492,18.270000457763672,39835000,T
2023-03-14,15.249841690063477,18.440000534057617,18.510000228881836,18.209999084472656,18.3700008392334,32076200,T
2023-03-15,15.142333030700684,18.309999465942383,18.34000015258789,18.059999465942383,18.200000762939453,34436400,T
2023-03-16,15.20849323272705,18.389999389648438,18.43000030517578,18.06999969482422,18.229999542236328,31731800,T
2023-03-17,14.9934720993042,18.1299991607666,18.350000381469727,18.030000686645508,18.31999969482422,58728600,T
2023-03-20,15.291193962097168,18.489999771118164,18.579999923706055,18.219999313354492,18.270000457763672,27382100,T
2023-03-21,15.332542419433594,18.540000915527344,18.719999313354492,18.43000030517578,18.68000030517578,24313200,T
2023-03-22,15.20849323272705,18.389999389648438,18.719999313354492,18.3799991607666,18.610000610351562,21071100,T
2023-03-23,15.26638126373291,18.459999084472656,18.56999969482422,18.34000015258789,18.40999984741211,28957800,T
2023-03-24,15.390429496765137,18.610000610351562,18.65999984741211,18.350000381469727,18.450000762939453,32058000,T
2023-03-27,15.605450630187988,18.8700008392334,18.950000762939453,18.700000762939453,18.739999771118164,26650500,T
2023-03-28,15.481399536132812,18.719999313354492,18.989999771118164,18.719999313354492,18.84000015258789,21547200,T
2023-03-29,15.712960243225098,19.0,19.049999237060547,18.829999923706055,18.860000610351562,23149400,T
2023-03-30,15.779122352600098,19.079999923706055,19.139999389648438,18.979999542236328,19.010000228881836,19736300,T
2023-03-31,15.919711112976074,19.25,19.25,19.030000686645508,19.1200008392334,27130900,T
2023-04-03,16.035490036010742,19.389999389648438,19.479999542236328,19.200000762939453,19.270000457763672,31102500,T
2023-04-04,16.24224090576172,19.639999389648438,19.649999618530273,19.389999389648438,19.520000457763672,34207600,T
2023-04-05,16.440717697143555,19.8799991607666,19.93000030517578,19.59000015258789,19.6200008392334,38673200,T
2023-04-06,16.480976104736328,19.649999618530273,19.790000915527344,19.510000228881836,19.649999618530273,29722600,T
2023-04-10,16.41387939453125,19.56999969482422,19.600000381469727,19.420000076293945,19.469999313354492,23617500,T
2023-04-11,16.514530181884766,19.690000534057617,19.90999984741211,19.579999923706055,19.59000015258789,24664800,T
2023-04-12,16.581626892089844,19.770000457763672,19.8799991607666,19.649999618530273,19.790000915527344,28179500,T
2023-04-13,16.74098014831543,19.959999084472656,19.979999542236328,19.65999984741211,19.850000381469727,25253900,T
2023-04-14,16.715822219848633,19.93000030517578,19.989999771118164,19.770000457763672,19.950000762939453,24948400,T
2023-04-17,16.59840202331543,19.790000915527344,19.920000076293945,19.649999618530273,19.899999618530273,23443900,T
2023-04-18,16.623559951782227,19.81999969482422,19.8700008392334,19.649999618530273,19.829999923706055,28517400,T
2023-04-19,16.52291488647461,19.700000762939453,19.829999923706055,19.610000610351562,19.780000686645508,31537200,T
2023-04-20,14.803523063659668,17.649999618530273,18.719999313354492,17.559999465942383,18.709999084472656,129904800,T
2023-04-21,15.281599998474121,18.219999313354492,18.399999618530273,17.829999923706055,17.8700008392334,76810200,T
2023-04-24,14.702878952026367,17.530000686645508,18.1200008392334,17.510000228881836,18.09000015258789,60001400,T
2023-04-25,14.686100959777832,17.510000228881836,17.770000457763672,17.450000762939453,17.510000228881836,46691800,T
2023-04-26,14.426100730895996,17.200000762939453,17.65999984741211,17.190000534057617,17.389999389648438,42482900,T
2023-04-27,14.769977569580078,17.610000610351562,17.6299991607666,17.360000610351562,17.3799991607666,36926900,T
2023-04-28,14.820301055908203,17.670000076293945,17.75,17.3799991607666,17.420000076293945,40675800,T
2023-05-01,14.677718162536621,17.5,17.760000228881836,17.489999771118164,17.739999771118164,35510200,T
2023-05-02,14.317063331604004,17.06999969482422,17.43000030517578,17.030000686645508,17.360000610351562,39398100,T
2023-05-03,14.333837509155273,17.09000015258789,17.25,17.06999969482422,17.149999618530273,32213100,T
2023-05-04,14.182867050170898,16.90999984741211,17.079999923706055,16.850000381469727,17.020000457763672,27422700,T
2023-05-05,14.367384910583496,17.1299991607666,17.1299991607666,16.8799991607666,16.979999542236328,23712300,T
2023-05-08,14.359001159667969,17.1200008392334,17.170000076293945,16.950000762939453,17.010000228881836,32091000,T
2023-05-09,14.275128364562988,17.020000457763672,17.110000610351562,16.90999984741211,17.100000381469727,29058400,T
2023-05-10,14.29190444946289,17.040000915527344,17.100000381469727,16.860000610351562,17.059999465942383,32892400,T
2023-05-11,14.224804878234863,16.959999084472656,17.0,16.8799991607666,16.950000762939453,21332600,T
2023-05-12,14.283514022827148,17.030000686645508,17.190000534057617,16.950000762939453,17.0,27280600,T
2023-05-15,14.216414451599121,16.950000762939453,17.100000381469727,16.940000534057617,17.0,28697300,T
2023-05-16,13.864151000976562,16.530000686645508,16.940000534057617,16.510000228881836,16.93000030517578,31200300,T
2023-05-17,13.973184585571289,16.65999984741211,16.75,16.549999237060547,16.65999984741211,34154700,T
2023-05-18,13.880927085876465,16.549999237060547,16.649999618530273,16.3700008392334,16.600000381469727,39142000,T
2023-05-19,13.679630279541016,16.309999465942383,16.649999618530273,16.290000915527344,16.59000015258789,46679400,T
2023-05-22,13.7383394241333,16.3799991607666,16.43000030517578,16.15999984741211,16.350000381469727,42251600,T
2023-05-23,13.503499031066895,16.100000381469727,16.299999237060547,16.06999969482422,16.260000228881836,45314800,T
2023-05-24,13.377690315246582,15.949999809265137,16.1200008392334,15.949999809265137,16.110000610351562,34236900,T
2023-05-25,12.706707000732422,15.149999618530273,15.670000076293945,15.0,15.670000076293945,102758200,T
2023-05-26,13.000262260437012,15.5,15.619999885559082,15.180000305175781,15.229999542236328,50164900,T
2023-05-30,13.117685317993164,15.640000343322754,15.6899995803833,15.420000076293945,15.489999771118164,35346700,T
2023-05-31,13.193168640136719,15.729999542236328,15.869999885559082,15.619999885559082,15.65999984741211,70109400,T
2023-06-01,13.26026725769043,15.8100004196167,15.869999885559082,15.630000114440918,15.75,31363800,T
2023-06-02,12.757031440734863,15.210000038146973,15.420000076293945,14.850000381469727,15.079999923706055,105292900,T
2023-06-05,12.908001899719238,15.390000343322754,15.489999771118164,15.25,15.329999923706055,39528300,T
2023-06-06,13.14284610748291,15.670000076293945,15.75,15.359999656677246,15.460000038146973,39037200,T
2023-06-07,13.503499031066895,16.100000381469727,16.1200008392334,15.569999694824219,15.630000114440918,43584200,T
2023-06-08,13.478338241577148,16.06999969482422,16.079999923706055,15.880000114440918,16.040000915527344,32833700,T
2023-06-09,13.377690315246582,15.949999809265137,16.1299991607666,15.90999984741211,16.010000228881836,24666300,T
2023-06-12,13.360915184020996,15.930000305175781,16.0,15.819999694824219,15.949999809265137,27517900,T
2023-06-13,13.268655776977539,15.819999694824219,15.970000267028809,15.680000305175781,15.800000190734863,41578200,T
2023-06-14,13.285429954528809,15.84000015258789,16.020000457763672,15.819999694824219,15.899999618530273,26782400,T
2023-06-15,13.444787979125977,16.030000686645508,16.100000381469727,15.789999961853027,15.880000114440918,30535200,T
2023-06-16,13.469948768615723,16.059999465942383,16.1299991607666,15.960000038146973,16.100000381469727,64149000,T
2023-06-20,13.235107421875,15.779999732971191,16.079999923706055,15.770000457763672,16.020000457763672,35360500,T
2023-06-21,13.092523574829102,15.609999656677246,15.720000267028809,15.489999771118164,15.699999809265137,40676400,T
2023-06-22,13.067362785339355,15.579999923706055,15.640000343322754,15.470000267028809,15.569999694824219,30272800,T
2023-06-23,12.95832633972168,15.449999809265137,15.729999542236328,15.420000076293945,15.630000114440918,37408500,T
2023-06-26,13.109297752380371,15.630000114440918,15.649999618530273,15.430000305175781,15.460000038146973,28616600,T
2023-06-27,13.285429954528809,15.84000015258789,15.890000343322754,15.529999732971191,15.550000190734863,31457000,T
2023-06-28,13.235107421875,15.779999732971191,15.84000015258789,15.609999656677246,15.8100004196167,26156400,T
2023-06-29,13.402852058410645,15.979999542236328,16.010000228881836,15.739999771118164,15.739999771118164,27298300,T
2023-06-30,13.377690315246582,15.949999809265137,16.040000915527344,15.829999923706055,16.0,40465300,T
2023-07-03,13.52027416229248,16.1200008392334,16.1200008392334,15.949999809265137,15.949999809265137,18424200,T
2023-07-05,13.478338241577148,16.06999969482422,16.229999542236328,16.0,16.079999923706055,32988100,T
2023-07-06,13.310591697692871,15.869999885559082,16.030000686645508,15.84000015258789,16.010000228881836,33325300,T
2023-07-07,13.325958251953125,15.609999656677246,15.75,15.529999732971191,15.539999961853027,28998300,T
2023-07-10,13.035707473754883,15.270000457763672,15.550000190734863,15.220000267028809,15.520000457763672,45305500,T
2023-07-11,13.001559257507324,15.229999542236328,15.350000381469727,15.109999656677246,15.289999961853027,39688000,T
2023-07-12,12.907651901245117,15.119999885559082,15.270000457763672,15.100000381469727,15.239999771118164,46478300,T
2023-07-13,12.907651901245117,15.119999885559082,15.170000076293945,15.010000228881836,15.140000343322754,40508200,T
2023-07-14,12.378371238708496,14.5,14.8100004196167,14.289999961853027,14.800000190734863,101745400,T
2023-07-17,11.550301551818848,13.529999732971191,14.210000038146973,13.479999542236328,14.119999885559082,160933400,T
2023-07-18,11.48200798034668,13.449999809265137,13.989999771118164,13.430000305175781,13.529999732971191,132538700,T
2023-07-19,12.455204010009766,14.59000015258789,14.640000343322754,14.270000457763672,14.319999694824219,142144700,T
2023-07-20,12.514962196350098,14.65999984741211,14.65999984741211,14.449999809265137,14.59000015258789,76867900,T
2023-07-21,12.60032844543457,14.760000228881836,14.779999732971191,14.600000381469727,14.609999656677246,49225400,T
2023-07-24,12.762527465820312,14.949999809265137,15.09000015258789,14.779999732971191,14.779999732971191,49475700,T
2023-07-25,12.634477615356445,14.800000190734863,15.109999656677246,14.720000267028809,15.079999923706055,59669800,T
2023-07-26,12.711309432983398,14.890000343322754,14.970000267028809,14.529999732971191,14.90999984741211,63191500,T
2023-07-27,12.386909484863281,14.510000228881836,14.920000076293945,14.5,14.890000343322754,65496000,T
2023-07-28,12.335686683654785,14.449999809265137,14.670000076293945,14.4399995803833,14.59000015258789,51420600,T
2023-07-31,12.39544677734375,14.520000457763672,14.59000015258789,14.40999984741211,14.460000038146973,47585600,T
2023-08-01,12.207635879516602,14.300000190734863,14.569999694824219,14.260000228881836,14.5600004196167,46296400,T
2023-08-02,12.250320434570312,14.350000381469727,14.5600004196167,14.210000038146973,14.289999961853027,41739100,T
2023-08-03,12.028363227844238,14.09000015258789,14.260000228881836,14.029999732971191,14.239999771118164,40781600,T
2023-08-04,11.951532363891602,14.0,14.109999656677246,14.0,14.050000190734863,38965000,T
2023-08-07,11.960067749023438,14.010000228881836,14.09000015258789,13.890000343322754,14.010000228881836,38109900,T
2023-08-08,12.105194091796875,14.180000305175781,14.199999809265137,13.9399995803833,13.9399995803833,39075100,T
2023-08-09,12.182026863098145,14.270000457763672,14.350000381469727,14.149999618530273,14.170000076293945,33951700,T
2023-08-10,12.096657752990723,14.170000076293945,14.350000381469727,14.170000076293945,14.289999961853027,33556400,T
2023-08-11,12.267394065856934,14.369999885559082,14.399999618530273,14.119999885559082,14.149999618530273,31237100,T
2023-08-14,12.173489570617676,14.260000228881836,14.369999885559082,14.180000305175781,14.3100004196167,26901400,T
2023-08-15,12.071045875549316,14.140000343322754,14.210000038146973,14.100000381469727,14.199999809265137,26393600,T
2023-08-16,12.036901473999023,14.100000381469727,14.1899995803833,14.010000228881836,14.149999618530273,29440300,T
2023-08-17,11.960067749023438,14.010000228881836,14.15999984741211,13.989999771118164,14.130000114440918,36036700,T
2023-08-18,11.994215965270996,14.050000190734863,14.140000343322754,13.949999809265137,13.970000267028809,32213600,T
2023-08-21,12.036901473999023,14.100000381469727,14.140000343322754,13.920000076293945,14.020000457763672,47841400,T
2023-08-22,12.173489570617676,14.260000228881836,14.319999694824219,14.029999732971191,14.09000015258789,43191500,T
2023-08-23,12.088119506835938,14.15999984741211,14.350000381469727,14.140000343322754,14.260000228881836,29371100,T
2023-08-24,12.079583168029785,14.149999618530273,14.279999732971191,14.039999961853027,14.039999961853027,29780100,T
2023-08-25,12.04543685913086,14.109999656677246,14.210000038146973,14.050000190734863,14.170000076293945,22107700,T
2023-08-28,12.130804061889648,14.210000038146973,14.270000457763672,14.109999656677246,14.180000305175781,30173700,T
2023-08-29,12.608866691589355,14.770000457763672,14.8100004196167,14.449999809265137,14.449999809265137,45429000,T
2023-08-30,12.574718475341797,14.729999542236328,14.989999771118164,14.699999809265137,14.880000114440918,26065300,T
2023-08-31,12.625940322875977,14.789999961853027,14.880000114440918,14.699999809265137,14.800000190734863,45406200,T
2023-09-01,12.506423950195312,14.649999618530273,14.859999656677246,14.640000343322754,14.8100004196167,20292900,T
2023-09-05,12.361298561096191,14.479999542236328,14.75,14.470000267028809,14.649999618530273,28402900,T
2023-09-06,12.472275733947754,14.609999656677246,14.75,14.319999694824219,14.430000305175781,43010100,T
2023-09-07,12.472275733947754,14.609999656677246,14.760000228881836,14.550000190734863,14.600000381469727,30699100,T
2023-09-08,12.293004035949707,14.399999618530273,14.609999656677246,14.359999656677246,14.609999656677246,28281300,T
2023-09-11,12.39544677734375,14.520000457763672,14.59000015258789,14.4399995803833,14.470000267028809,28625000,T
2023-09-12,12.34422492980957,14.460000038146973,14.569999694824219,14.380000114440918,14.529999732971191,27383300,T
2023-09-13,12.480814933776855,14.619999885559082,14.680000305175781,14.470000267028809,14.550000190734863,30916600,T
2023-09-14,12.856432914733887,15.0600004196167,15.15999984741211,14.869999885559082,14.899999618530273,55155000,T
2023-09-15,13.001559257507324,15.229999542236328,15.300000190734863,14.960000038146973,15.0,80594200,T
2023-09-18,12.88204574584961,15.09000015258789,15.220000267028809,15.020000457763672,15.170000076293945,29972500,T
2023-09-19,12.984484672546387,15.210000038146973,15.25,15.050000190734863,15.0600004196167,33190500,T
2023-09-20,13.274738311767578,15.550000190734863,15.729999542236328,15.270000457763672,15.279999732971191,45303600,T
2023-09-21,13.069853782653809,15.3100004196167,15.539999961853027,15.289999961853027,15.40999984741211,33709200,T
2023-09-22,12.907651901245117,15.119999885559082,15.359999656677246,15.050000190734863,15.329999923706055,33964400,T
2023-09-25,12.856432914733887,15.0600004196167,15.109999656677246,14.850000381469727,15.050000190734863,30428700,T
2023-09-26,12.822286605834961,15.020000457763672,15.079999923706055,14.670000076293945,14.800000190734863,35412000,T
2023-09-27,12.694233894348145,14.869999885559082,15.010000228881836,14.800000190734863,15.010000228881836,27561600,T
2023-09-28,12.813751220703125,15.010000228881836,15.020000457763672,14.880000114440918,14.890000343322754,27817600,T
2023-09-29,12.822286605834961,15.020000457763672,15.100000381469727,14.90999984741211,15.039999961853027,29640900,T
2023-10-02,12.52349853515625,14.670000076293945,15.09000015258789,14.65999984741211,15.039999961853027,36600200,T
2023-10-03,12.617403030395508,14.779999732971191,14.819999694824219,14.579999923706055,14.670000076293945,36830800,T
2023-10-04,12.506423950195312,14.649999618530273,14.729999542236328,14.449999809265137,14.65999984741211,37089000,T
2023-10-05,12.660085678100586,14.829999923706055,14.880000114440918,14.630000114440918,14.630000114440918,32171500,T
2023-10-06,12.571346282958984,14.449999809265137,14.510000228881836,14.119999885559082,14.420000076293945,53313500,T
2023-10-09,12.81494426727295,14.729999542236328,14.75,14.460000038146973,14.470000267028809,30659800,T
2023-10-10,13.015043258666992,14.960000038146973,14.979999542236328,14.6899995803833,14.6899995803833,35746800,T
2023-10-11,12.84974479675293,14.770000457763672,15.050000190734863,14.680000305175781,14.949999809265137,31793500,T
2023-10-12,12.571346282958984,14.449999809265137,14.670000076293945,14.279999732971191,14.640000343322754,38543700,T
2023-10-13,12.493047714233398,14.359999656677246,14.630000114440918,14.319999694824219,14.479999542236328,34104500,T
2023-10-16,12.536547660827637,14.40999984741211,14.5,14.229999542236328,14.399999618530273,31727900,T
2023-10-17,12.684447288513184,14.579999923706055,14.59000015258789,14.289999961853027,14.319999694824219,34771800,T
2023-10-18,12.458250045776367,14.319999694824219,14.529999732971191,14.3100004196167,14.470000267028809,36230900,T
2023-10-19,13.27603816986084,15.260000228881836,15.65999984741211,15.15999984741211,15.369999885559082,97636500,T
2023-10-20,13.380435943603516,15.380000114440918,15.90999984741211,15.1899995803833,15.1899995803833,68058400,T
2023-10-23,13.006341934204102,14.949999809265137,15.380000114440918,14.859999656677246,15.369999885559082,53938600,T
2023-10-24,13.51093578338623,15.529999732971191,15.569999694824219,15.180000305175781,15.180000305175781,66404200,T
2023-10-25,13.215140342712402,15.1899995803833,15.59000015258789,15.069999694824219,15.5,42605800,T
2023-10-26,13.1542387008667,15.119999885559082,15.289999961853027,14.979999542236328,15.170000076293945,41165100,T
2023-10-27,12.893243789672852,14.819999694824219,15.180000305175781,14.739999771118164,15.100000381469727,35849200,T
2023-10-30,13.27603816986084,15.260000228881836,15.380000114440918,14.90999984741211,14.949999809265137,41832200,T
2023-10-31,13.39783763885498,15.399999618530273,15.4399995803833,15.25,15.279999732971191,33688400,T
2023-11-01,13.554436683654785,15.579999923706055,15.699999809265137,15.430000305175781,15.489999771118164,41502800,T
2023-11-02,13.684932708740234,15.729999542236328,15.779999732971191,15.5600004196167,15.619999885559082,35788800,T
2023-11-03,13.815433502197266,15.880000114440918,16.040000915527344,15.829999923706055,15.899999618530273,42807500,T
2023-11-06,13.7023344039917,15.75,15.899999618530273,15.640000343322754,15.829999923706055,32805500,T
2023-11-07,13.780632972717285,15.84000015258789,15.960000038146973,15.710000038146973,15.710000038146973,26425500,T
2023-11-08,13.615334510803223,15.649999618530273,15.84000015258789,15.579999923706055,15.84000015258789,28224500,T
2023-11-09,13.597935676574707,15.630000114440918,15.75,15.550000190734863,15.680000305175781,26080800,T
2023-11-10,13.606635093688965,15.640000343322754,15.739999771118164,15.460000038146973,15.680000305175781,23755800,T
2023-11-13,13.554436683654785,15.579999923706055,15.739999771118164,15.510000228881836,15.609999656677246,23876000,T
2023-11-14,13.597935676574707,15.630000114440918,15.75,15.520000457763672,15.699999809265137,31504200,T
2023-11-15,13.711033821105957,15.760000228881836,15.800000190734863,15.640000343322754,15.649999618530273,25233500,T
2023-11-16,13.815433502197266,15.880000114440918,15.930000305175781,15.75,15.880000114440918,26214200,T
2023-11-17,13.832832336425781,15.899999618530273,15.960000038146973,15.84000015258789,15.90999984741211,27162600,T
2023-11-20,14.006830215454102,16.100000381469727,16.170000076293945,15.850000381469727,15.899999618530273,30868000,T
2023-11-21,14.085128784179688,16.190000534057617,16.25,16.020000457763672,16.06999969482422,25680000,T
2023-11-22,14.067728996276855,16.170000076293945,16.280000686645508,16.100000381469727,16.25,21301600,T
2023-11-24,14.10252857208252,16.209999084472656,16.31999969482422,16.200000762939453,16.209999084472656,12431000,T
2023-11-27,14.10252857208252,16.209999084472656,16.270000457763672,16.09000015258789,16.190000534057617,29976200,T
2023-11-28,14.076430320739746,16.18000030517578,16.200000762939453,16.030000686645508,16.170000076293945,24258400,T
2023-11-29,14.180826187133789,16.299999237060547,16.329999923706055,16.149999618530273,16.190000534057617,26623500,T
2023-11-30,14.415725708007812,16.56999969482422,16.600000381469727,16.290000915527344,16.290000915527344,50630000,T
2023-12-01,14.581024169921875,16.760000228881836,16.770000457763672,16.520000457763672,16.600000381469727,35407200,T
2023-12-04,14.494023323059082,16.65999984741211,16.770000457763672,16.549999237060547,16.600000381469727,40542500,T
2023-12-05,14.981220245361328,17.219999313354492,17.34000015258789,16.959999084472656,16.979999542236328,72091000,T
2023-12-06,14.737625122070312,16.940000534057617,17.280000686645508,16.860000610351562,17.170000076293945,45867500,T
2023-12-07,14.868121147155762,17.09000015258789,17.1299991607666,16.899999618530273,17.020000457763672,31309100,T
2023-12-08,14.720221519470215,16.920000076293945,17.110000610351562,16.809999465942383,17.09000015258789,42137200,T
2023-12-11,14.459226608276367,16.6200008392334,16.940000534057617,16.530000686645508,16.90999984741211,43835000,T
2023-12-12,14.27652645111084,16.40999984741211,16.579999923706055,16.34000015258789,16.559999465942383,41348800,T
2023-12-13,14.311326026916504,16.450000762939453,16.5,16.100000381469727,16.329999923706055,53889700,T
2023-12-14,14.485323905944824,16.649999618530273,16.809999465942383,16.510000228881836,16.510000228881836,54485000,T
2023-12-15,14.372225761413574,16.520000457763672,16.65999984741211,16.450000762939453,16.520000457763672,65906500,T
2023-12-18,14.320026397705078,16.459999084472656,16.75,16.40999984741211,16.600000381469727,34621800,T
2023-12-19,14.450525283813477,16.610000610351562,16.6200008392334,16.40999984741211,16.43000030517578,28077400,T
2023-12-20,14.267827987670898,16.399999618530273,16.610000610351562,16.399999618530273,16.56999969482422,33476300,T
2023-12-21,14.346126556396484,16.489999771118164,16.510000228881836,16.350000381469727,16.469999313354492,36327900,T
2023-12-22,14.398326873779297,16.549999237060547,16.729999542236328,16.5,16.5,26740400,T
2023-12-26,14.415725708007812,16.56999969482422,16.610000610351562,16.440000534057617,16.5,22750400,T
2023-12-27,14.424424171447754,16.579999923706055,16.6200008392334,16.450000762939453,16.489999771118164,27728700,T
2023-12-28,14.563623428344727,16.739999771118164,16.8700008392334,16.530000686645508,16.540000915527344,32112900,T
2023-12-29,14.598423957824707,16.780000686645508,16.829999923706055,16.610000610351562,16.6299991607666,33285400,T
2024-01-02,15.007318496704102,17.25,17.3799991607666,16.829999923706055,16.84000015258789,47624300,T
2024-01-03,14.98991870880127,17.229999542236328,17.3799991607666,17.219999313354492,17.31999969482422,33612400,T
2024-01-04,14.920321464538574,17.149999618530273,17.299999237060547,17.149999618530273,17.260000228881836,35703700,T
2024-01-05,15.198715209960938,17.469999313354492,17.520000457763672,17.100000381469727,17.15999984741211,33311400,T
2024-01-08,15.068215370178223,17.31999969482422,17.489999771118164,17.239999771118164,17.450000762939453,41215100,T
2024-01-09,14.986870765686035,16.950000762939453,16.979999542236328,16.829999923706055,16.969999313354492,30338400,T
2024-01-10,14.916138648986816,16.8700008392334,16.899999618530273,16.760000228881836,16.899999618530273,26893800,T
2024-01-11,14.350261688232422,16.229999542236328,16.799999237060547,16.149999618530273,16.799999237060547,59137500,T
2024-01-12,14.571307182312012,16.479999542236328,16.6200008392334,16.329999923706055,16.34000015258789,32658900,T
2024-01-16,14.535941123962402,16.440000534057617,16.600000381469727,16.34000015258789,16.420000076293945,39033400,T
2024-01-17,14.509414672851562,16.40999984741211,16.6299991607666,16.350000381469727,16.3799991607666,39261000,T
2024-01-18,14.500574111938477,16.399999618530273,16.420000076293945,16.190000534057617,16.290000915527344,35127800,T
2024-01-19,14.739301681518555,16.670000076293945,16.780000686645508,16.399999618530273,16.65999984741211,52563000,T
2024-01-22,14.854244232177734,16.799999237060547,16.899999618530273,16.639999389648438,16.719999313354492,44093400,T
2024-01-23,15.199076652526855,17.190000534057617,17.25,16.979999542236328,17.040000915527344,59713000,T
2024-01-24,14.748146057128906,16.68000030517578,17.040000915527344,16.459999084472656,16.559999465942383,79217000,T
2024-01-25,15.19023323059082,17.18000030517578,17.190000534057617,16.690000534057617,16.770000457763672,54457900,T
2024-01-26,15.287496566772461,17.290000915527344,17.3799991607666,17.1200008392334,17.149999618530273,38567300,T
2024-01-29,15.252127647399902,17.25,17.280000686645508,17.049999237060547,17.219999313354492,38264800,T
2024-01-30,15.499698638916016,17.530000686645508,17.59000015258789,17.18000030517578,17.25,54946400,T
2024-01-31,15.641167640686035,17.690000534057617,17.81999969482422,17.5,17.510000228881836,52968100,T
2024-02-01,15.950631141662598,18.040000915527344,18.15999984741211,17.81999969482422,18.09000015258789,71660400,T
2024-02-02,15.764951705932617,17.829999923706055,17.979999542236328,17.760000228881836,17.93000030517578,33248500,T
2024-02-05,15.676533699035645,17.729999542236328,17.8700008392334,17.579999923706055,17.709999084472656,31496900,T
2024-02-06,15.570433616638184,17.610000610351562,17.770000457763672,17.549999237060547,17.65999984741211,25734200,T
2024-02-07,15.32286262512207,17.329999923706055,17.6200008392334,17.299999237060547,17.600000381469727,33871800,T
2024-02-08,14.871930122375488,16.81999969482422,17.299999237060547,16.739999771118164,17.299999237060547,66974900,T
2024-02-09,14.889613151550293,16.84000015258789,16.8799991607666,16.56999969482422,16.790000915527344,44427100,T
2024-02-12,15.048766136169434,17.020000457763672,17.059999465942383,16.760000228881836,16.84000015258789,31151200,T
2024-02-13,14.942663192749023,16.899999618530273,17.200000762939453,16.75,17.020000457763672,29734600,T
2024-02-14,14.951505661010742,16.90999984741211,17.09000015258789,16.84000015258789,16.969999313354492,26468100,T
2024-02-15,15.110658645629883,17.09000015258789,17.219999313354492,16.940000534057617,16.940000534057617,25926700,T
2024-02-16,15.004557609558105,16.969999313354492,17.06999969482422,16.760000228881836,16.950000762939453,28848800,T
2024-02-20,14.951505661010742,16.90999984741211,17.1299991607666,16.8700008392334,16.8799991607666,29103900,T
2024-02-21,15.031081199645996,17.0,17.010000228881836,16.84000015258789,16.920000076293945,22644500,T
2024-02-22,14.668567657470703,16.59000015258789,16.770000457763672,16.420000076293945,16.770000457763672,59974500,T
2024-02-23,14.854244232177734,16.799999237060547,16.860000610351562,16.540000915527344,16.6299991607666,32270900,T
2024-02-26,14.677409172058105,16.600000381469727,16.829999923706055,16.520000457763672,16.799999237060547,26815900,T
2024-02-27,14.88077163696289,16.829999923706055,16.850000381469727,16.540000915527344,16.610000610351562,28350800,T
2024-02-28,14.995715141296387,16.959999084472656,17.040000915527344,16.809999465942383,16.81999969482422,33531100,T
2024-02-29,14.969189643859863,16.93000030517578,17.1200008392334,16.90999984741211,17.020000457763672,46155200,T
2024-03-01,15.013397216796875,16.979999542236328,17.049999237060547,16.809999465942383,16.8700008392334,27552700,T
2024-03-04,14.854244232177734,16.799999237060547,16.989999771118164,16.709999084472656,16.8700008392334,32690500,T
2024-03-05,15.18139362335205,17.170000076293945,17.360000610351562,17.0,17.030000686645508,43337900,T
2024-03-06,15.19023323059082,17.18000030517578,17.219999313354492,17.020000457763672,17.100000381469727,35356700,T
2024-03-07,15.075289726257324,17.049999237060547,17.299999237060547,17.010000228881836,17.190000534057617,27325100,T
2024-03-08,15.20792007446289,17.200000762939453,17.31999969482422,16.979999542236328,17.059999465942383,30812900,T
2024-03-11,15.32286262512207,17.329999923706055,17.440000534057617,17.219999313354492,17.219999313354492,29541600,T
2024-03-12,15.20792007446289,17.200000762939453,17.34000015258789,17.170000076293945,17.299999237060547,38700600,T
2024-03-13,15.199076652526855,17.190000534057617,17.43000030517578,17.1299991607666,17.270000457763672,32339800,T
2024-03-14,15.039924621582031,17.010000228881836,17.170000076293945,16.829999923706055,17.149999618530273,37237700,T
2024-03-15,15.075289726257324,17.049999237060547,17.139999389648438,16.889999389648438,16.889999389648438,93104700,T
2024-03-18,15.296334266662598,17.299999237060547,17.31999969482422,16.93000030517578,17.100000381469727,35177000,T
2024-03-19,15.18139362335205,17.170000076293945,17.31999969482422,17.15999984741211,17.299999237060547,26144600,T
2024-03-20,15.216757774353027,17.209999084472656,17.309999465942383,17.079999923706055,17.1200008392334,28961700,T
2024-03-21,15.1725492477417,17.15999984741211,17.270000457763672,17.059999465942383,17.190000534057617,34446700,T
2024-03-22,15.013397216796875,16.979999542236328,17.200000762939453,16.979999542236328,17.190000534057617,26169900,T
2024-03-25,15.137185096740723,17.1200008392334,17.1299991607666,16.969999313354492,17.040000915527344,30944600,T
2024-03-26,15.19023323059082,17.18000030517578,17.280000686645508,17.049999237060547,17.1299991607666,33048600,T
2024-03-27,15.517380714416504,17.549999237060547,17.59000015258789,17.290000915527344,17.290000915527344,37488400,T
2024-03-28,15.561590194702148,17.600000381469727,17.700000762939453,17.520000457763672,17.549999237060547,33461500,T
2024-04-01,15.473175048828125,17.5,17.540000915527344,17.149999618530273,17.190000534057617,31980100,T
2024-04-02,15.49085807800293,17.520000457763672,17.700000762939453,17.479999542236328,17.479999542236328,40169500,T
2024-04-03,15.570433616638184,17.610000610351562,17.709999084472656,17.489999771118164,17.59000015258789,38155900,T
2024-04-04,15.535065650939941,17.56999969482422,17.8799991607666,17.559999465942383,17.6200008392334,31850300,T
2024-04-05,15.40243911743164,17.420000076293945,17.540000915527344,17.280000686645508,17.520000457763672,37769000,T
2024-04-08,15.252127647399902,17.25,17.459999084472656,17.219999313354492,17.399999618530273,27372200,T
2024-04-09,15.187423706054688,16.899999618530273,17.079999923706055,16.809999465942383,17.0,32785000,T
2024-04-10,15.034651756286621,16.729999542236328,16.790000915527344,16.510000228881836,16.770000457763672,39046800,T
2024-04-11,14.756065368652344,16.420000076293945,16.700000762939453,16.420000076293945,16.670000076293945,40831200,T
2024-04-12,14.65721321105957,16.309999465942383,16.459999084472656,16.25,16.40999984741211,41785200,T
2024-04-15,14.594305038452148,16.239999771118164,16.540000915527344,16.1299991607666,16.459999084472656,40249900,T
2024-04-16,14.459506034851074,16.09000015258789,16.229999542236328,15.9399995803833,16.219999313354492,56368800,T
2024-04-17,14.486467361450195,16.1200008392334,16.25,16.059999465942383,16.110000610351562,27177500,T
2024-04-18,14.675186157226562,16.329999923706055,16.350000381469727,16.09000015258789,16.110000610351562,29566500,T
2024-04-19,14.836945533752441,16.510000228881836,16.520000457763672,16.260000228881836,16.329999923706055,45820400,T
2024-04-22,14.65721321105957,16.309999465942383,16.729999542236328,16.170000076293945,16.690000534057617,54178100,T
2024-04-23,14.827960014343262,16.5,16.530000686645508,16.290000915527344,16.3799991607666,47805000,T
2024-04-24,15.106544494628906,16.809999465942383,17.030000686645508,16.3799991607666,16.899999618530273,74197800,T
2024-04-25,14.899850845336914,16.579999923706055,17.0,16.5,16.700000762939453,46680400,T
2024-04-26,15.052623748779297,16.75,16.8799991607666,16.389999389648438,16.469999313354492,37852700,T
2024-04-29,15.29526424407959,17.020000457763672,17.280000686645508,16.989999771118164,16.989999771118164,42383300,T
2024-04-30,15.178437232971191,16.889999389648438,16.979999542236328,16.799999237060547,16.90999984741211,31822800,T
2024-05-01,15.205395698547363,16.920000076293945,17.100000381469727,16.780000686645508,16.829999923706055,39350700,T
2024-05-02,15.11552906036377,16.81999969482422,16.989999771118164,16.729999542236328,16.989999771118164,32205000,T
2024-05-03,15.14249038696289,16.850000381469727,16.920000076293945,16.729999542236328,16.81999969482422,24023200,T
2024-05-06,15.268304824829102,16.989999771118164,17.040000915527344,16.90999984741211,16.950000762939453,24182300,T
2024-05-07,15.349184036254883,17.079999923706055,17.209999084472656,17.0,17.059999465942383,28086800,T
2024-05-08,15.376145362854004,17.110000610351562,17.200000762939453,17.0,17.030000686645508,25292100,T
2024-05-09,15.43904972076416,17.18000030517578,17.190000534057617,17.040000915527344,17.100000381469727,22547700,T
2024-05-10,15.430062294006348,17.170000076293945,17.219999313354492,17.1200008392334,17.200000762939453,19229600,T
2024-05-13,15.510945320129395,17.260000228881836,17.34000015258789,17.149999618530273,17.18000030517578,28014800,T
2024-05-14,15.546889305114746,17.299999237060547,17.34000015258789,17.219999313354492,17.280000686645508,23545300,T
2024-05-15,15.573846817016602,17.329999923706055,17.440000534057617,17.18000030517578,17.350000381469727,30877900,T
2024-05-16,15.546889305114746,17.299999237060547,17.3700008392334,17.149999618530273,17.309999465942383,24686200,T
2024-05-17,15.636754035949707,17.399999618530273,17.40999984741211,17.260000228881836,17.399999618530273,25891200,T
2024-05-20,15.744598388671875,17.520000457763672,17.559999465942383,17.360000610351562,17.3799991607666,28266600,T
2024-05-21,15.519929885864258,17.270000457763672,17.520000457763672,17.139999389648438,17.510000228881836,31173300,T
2024-05-22,15.726624488830566,17.5,17.510000228881836,17.18000030517578,17.190000534057617,30647500,T
2024-05-23,15.699662208557129,17.469999313354492,17.510000228881836,17.31999969482422,17.399999618530273,32477700,T
2024-05-24,15.726624488830566,17.5,17.610000610351562,17.420000076293945,17.489999771118164,24996000,T
2024-05-28,15.519929885864258,17.270000457763672,17.520000457763672,17.200000762939453,17.459999084472656,25458300,T
2024-05-29,15.385129928588867,17.1200008392334,17.309999465942383,17.110000610351562,17.25,23503800,T
2024-05-30,15.834461212158203,17.6200008392334,17.639999389648438,17.15999984741211,17.170000076293945,33262600,T
2024-05-31,16.373661041259766,18.219999313354492,18.270000457763672,17.469999313354492,17.530000686645508,67619500,T
2024-06-03,16.18494415283203,18.010000228881836,18.329999923706055,17.959999084472656,18.1299991607666,38332700,T
2024-06-04,16.49048614501953,18.350000381469727,18.360000610351562,17.899999618530273,17.969999313354492,30089100,T
2024-06-05,16.445552825927734,18.299999237060547,18.31999969482422,18.15999984741211,18.309999465942383,28101800,T
2024-06-06,16.42757797241211,18.280000686645508,18.450000762939453,18.219999313354492,18.290000915527344,22319200,T
2024-06-07,16.26582145690918,18.100000381469727,18.219999313354492,17.969999313354492,18.219999313354492,36626700,T
2024-06-10,16.05014419555664,17.860000610351562,18.040000915527344,17.75,18.0,32414600,T
2024-06-11,16.05014419555664,17.860000610351562,17.950000762939453,17.729999542236328,17.84000015258789,29957000,T
2024-06-12,15.825475692749023,17.610000610351562,18.040000915527344,17.56999969482422,17.989999771118164,35652200,T
2024-06-13,15.879395484924316,17.670000076293945,17.68000030517578,17.420000076293945,17.549999237060547,30692000,T
2024-06-14,15.852436065673828,17.639999389648438,17.75,17.489999771118164,17.59000015258789,22652300,T
2024-06-17,15.879395484924316,17.670000076293945,17.700000762939453,17.489999771118164,17.559999465942383,27451600,T
2024-06-18,16.220884323120117,18.049999237060547,18.200000762939453,17.860000610351562,17.8799991607666,33711100,T
2024-06-20,16.274810791015625,18.110000610351562,18.15999984741211,17.899999618530273,17.940000534057617,32100600,T
2024-06-21,16.535419464111328,18.399999618530273,18.450000762939453,18.06999969482422,18.170000076293945,72558200,T
2024-06-24,16.760086059570312,18.649999618530273,18.700000762939453,18.399999618530273,18.420000076293945,42162200,T
2024-06-25,16.796035766601562,18.690000534057617,18.729999542236328,18.530000686645508,18.639999389648438,32354000,T
2024-06-26,16.858936309814453,18.760000228881836,18.809999465942383,18.610000610351562,18.639999389648438,32029700,T
2024-06-27,16.84995460510254,18.75,18.790000915527344,18.610000610351562,18.780000686645508,28916300,T
2024-06-28,17.173471450805664,19.110000610351562,19.1299991607666,18.780000686645508,18.799999237060547,52825200,T
2024-07-01,17.0566463470459,18.979999542236328,19.31999969482422,18.829999923706055,19.239999771118164,36095700,T
2024-07-02,16.912860870361328,18.81999969482422,19.0,18.68000030517578,18.979999542236328,31606900,T
2024-07-03,16.787044525146484,18.68000030517578,18.920000076293945,18.65999984741211,18.8799991607666,19463000,T
2024-07-05,16.867929458618164,18.770000457763672,18.799999237060547,18.649999618530273,18.700000762939453,30727800,T
2024-07-08,16.90386962890625,18.809999465942383,18.899999618530273,18.690000534057617,18.84000015258789,23277400,T
2024-07-09,16.894886016845703,18.799999237060547,18.979999542236328,18.700000762939453,18.81999969482422,27803600,T
2024-07-10,17.09373664855957,18.739999771118164,18.75,18.459999084472656,18.56999969482422,33408200,T
2024-07-11,17.20319366455078,18.860000610351562,18.8700008392334,18.6200008392334,18.700000762939453,23623400,T
2024-07-12,17.15758514404297,18.809999465942383,18.850000381469727,18.59000015258789,18.719999313354492,37919400,T
2024-07-15,16.947790145874023,18.579999923706055,18.8700008392334,18.530000686645508,18.850000381469727,33910900,T
2024-07-16,17.19407081604004,18.850000381469727,18.860000610351562,18.56999969482422,18.600000381469727,23923600,T
2024-07-17,17.47684097290039,19.15999984741211,19.190000534057617,18.850000381469727,18.899999618530273,40611500,T
2024-07-18,17.467716217041016,19.149999618530273,19.329999923706055,18.989999771118164,19.100000381469727,34793900,T
2024-07-19,17.440353393554688,19.1200008392334,19.239999771118164,18.979999542236328,19.1200008392334,29910300,T
2024-07-22,16.920427322387695,18.549999237060547,18.770000457763672,18.309999465942383,18.700000762939453,44083600,T
2024-07-23,16.61029624938965,18.209999084472656,18.610000610351562,18.139999389648438,18.56999969482422,70161800,T
2024-07-24,17.47684097290039,19.15999984741211,19.229999542236328,18.760000228881836,18.920000076293945,64465000,T
2024-07-25,17.50420379638672,19.190000534057617,19.739999771118164,19.100000381469727,19.149999618530273,54049700,T
2024-07-26,17.340017318725586,19.010000228881836,19.299999237060547,18.889999389648438,19.15999984741211,30844200,T
2024-07-29,17.23967933654785,18.899999618530273,19.020000457763672,18.81999969482422,19.0,30788300,T
2024-07-30,17.312652587890625,18.979999542236328,19.030000686645508,18.84000015258789,18.950000762939453,27855000,T
2024-07-31,17.55893325805664,19.25,19.31999969482422,18.8799991607666,18.899999618530273,39522000,T
2024-08-01,17.759605407714844,19.469999313354492,19.6299991607666,19.1299991607666,19.309999465942383,44379300,T
2024-08-02,17.66839027404785,19.3700008392334,19.989999771118164,19.190000534057617,19.639999389648438,45240100,T
2024-08-05,17.248798370361328,18.90999984741211,19.1200008392334,18.639999389648438,18.799999237060547,50898400,T
2024-08-06,17.50420379638672,19.190000534057617,19.299999237060547,18.860000610351562,18.889999389648438,33776000,T
2024-08-07,17.55893325805664,19.25,19.520000457763672,19.100000381469727,19.200000762939453,30036700,T
2024-08-08,17.695755004882812,19.399999618530273,19.479999542236328,19.209999084472656,19.260000228881836,25588100,T
2024-08-09,17.777851104736328,19.489999771118164,19.600000381469727,19.270000457763672,19.389999389648438,22819600,T
2024-08-12,17.723119735717773,19.43000030517578,19.559999465942383,19.299999237060547,19.540000915527344,22979900,T
2024-08-13,17.80521583557129,19.520000457763672,19.559999465942383,19.360000610351562,19.420000076293945,21508000,T
2024-08-14,17.90555191040039,19.6299991607666,19.65999984741211,19.420000076293945,19.479999542236328,19158600,T
2024-08-15,17.412988662719727,19.09000015258789,19.579999923706055,18.969999313354492,19.549999237060547,42608100,T
2024-08-16,17.641027450561523,19.34000015258789,19.360000610351562,19.079999923706055,19.1200008392334,24724400,T
2024-08-19,17.777851104736328,19.489999771118164,19.510000228881836,19.34000015258789,19.350000381469727,20506700,T
2024-08-20,17.777851104736328,19.489999771118164,19.579999923706055,19.389999389648438,19.459999084472656,20260900,T
2024-08-21,17.82345962524414,19.540000915527344,19.59000015258789,19.420000076293945,19.520000457763672,20055500,T
2024-08-22,17.796092987060547,19.510000228881836,19.579999923706055,19.399999618530273,19.559999465942383,17596700,T
2024-08-23,17.99676513671875,19.729999542236328,19.760000228881836,19.510000228881836,19.540000915527344,21519300,T
2024-08-26,18.02412986755371,19.760000228881836,19.940000534057617,19.700000762939453,19.760000228881836,22599700,T
2024-08-27,17.92379379272461,19.649999618530273,19.799999237060547,19.600000381469727,19.739999771118164,20321900,T
2024-08-28,18.078861236572266,19.81999969482422,19.90999984741211,19.670000076293945,19.68000030517578,20435500,T
2024-08-29,18.02412986755371,19.760000228881836,19.850000381469727,19.6200008392334,19.799999237060547,20775600,T
2024-08-30,18.15183448791504,19.899999618530273,19.90999984741211,19.700000762939453,19.760000228881836,29362700,T
2024-09-03,18.635272979736328,20.43000030517578,20.450000762939453,19.920000076293945,19.93000030517578,50352600,T
2024-09-04,18.76297378540039,20.56999969482422,20.8700008392334,20.25,20.489999771118164,57532400,T
2024-09-05,18.83594512939453,20.649999618530273,20.829999923706055,20.520000457763672,20.709999084472656,44199100,T
2024-09-06,19.12783432006836,20.969999313354492,21.0,20.649999618530273,20.649999618530273,53079500,T
2024-09-09,19.61127471923828,21.5,21.600000381469727,20.93000030517578,20.959999084472656,58958400,T
2024-09-10,19.802827835083008,21.709999084472656,21.860000610351562,21.329999923706055,21.450000762939453,60944500,T
2024-09-11,19.5656681060791,21.450000762939453,21.6200008392334,21.239999771118164,21.6200008392334,37328500,T
2024-09-12,19.693368911743164,21.59000015258789,21.639999389648438,21.170000076293945,21.329999923706055,34564800,T
2024-09-13,19.738977432250977,21.639999389648438,21.670000076293945,21.440000534057617,21.56999969482422,31451300,T
2024-09-16,20.313634872436523,22.270000457763672,22.34000015258789,21.790000915527344,21.84000015258789,53733400,T
2024-09-17,19.866680145263672,21.780000686645508,22.100000381469727,21.709999084472656,22.06999969482422,29304400,T
2024-09-18,19.821069717407227,21.729999542236328,22.0,21.639999389648438,21.84000015258789,27825600,T
2024-09-19,19.48357391357422,21.360000610351562,21.700000762939453,21.18000030517578,21.649999618530273,40942200,T
2024-09-20,19.647764205932617,21.540000915527344,21.6200008392334,21.229999542236328,21.299999237060547,94156500,T
2024-09-23,19.60215187072754,21.489999771118164,21.600000381469727,21.360000610351562,21.540000915527344,25550300,T
2024-09-24,19.693368911743164,21.59000015258789,21.65999984741211,21.309999465942383,21.3799991607666,25905500,T
2024-09-25,19.666006088256836,21.559999465942383,21.739999771118164,21.520000457763672,21.6200008392334,28334800,T
2024-09-26,19.748098373413086,21.649999618530273,21.760000228881836,21.43000030517578,21.489999771118164,25497500,T
2024-09-27,19.97613525390625,21.899999618530273,21.940000534057617,21.68000030517578,21.719999313354492,23577700,T
2024-09-30,20.067352294921875,22.0,22.06999969482422,21.670000076293945,22.0,26260200,T
2024-10-01,20.185932159423828,22.1299991607666,22.149999618530273,21.84000015258789,21.93000030517578,32705500,T
2024-10-02,20.24066162109375,22.190000534057617,22.239999771118164,22.0,22.049999237060547,29820100,T
2024-10-03,20.112958908081055,22.049999237060547,22.229999542236328,21.969999313354492,22.1299991607666,28894700,T
2024-10-04,19.985260009765625,21.90999984741211,21.979999542236328,21.479999542236328,21.700000762939453,24539300,T
2024-10-07,19.866680145263672,21.780000686645508,21.90999984741211,21.670000076293945,21.90999984741211,23116300,T
2024-10-08,19.939651489257812,21.860000610351562,21.979999542236328,21.719999313354492,21.920000076293945,22716400,T
2024-10-09,20.003501892089844,21.93000030517578,22.0,21.790000915527344,21.8700008392334,25365400,T
2024-10-10,19.604393005371094,21.219999313354492,21.68000030517578,21.209999084472656,21.600000381469727,28738500,T
2024-10-11,19.742971420288086,21.3700008392334,21.450000762939453,21.219999313354492,21.299999237060547,25249800,T
2024-10-14,19.641345977783203,21.260000228881836,21.40999984741211,21.260000228881836,21.360000610351562,33512200,T
2024-10-15,19.872314453125,21.510000228881836,21.610000610351562,21.229999542236328,21.389999389648438,35942600,T
2024-10-16,20.057085037231445,21.709999084472656,21.760000228881836,21.479999542236328,21.520000457763672,23926900,T
2024-10-17,20.075565338134766,21.729999542236328,21.770000457763672,21.530000686645508,21.559999465942383,25471200,T
2024-10-18,20.18642807006836,21.850000381469727,22.059999465942383,21.6299991607666,21.729999542236328,27277400,T
2024-10-21,20.010894775390625,21.65999984741211,21.969999313354492,21.649999618530273,21.8799991607666,29366200,T
2024-10-22,19.863075256347656,21.5,21.6200008392334,21.049999237060547,21.25,47781900,T
2024-10-23,20.777700424194336,22.489999771118164,22.579999923706055,21.049999237060547,21.239999771118164,71932600,T
2024-10-24,20.509782791137695,22.200000762939453,22.479999542236328,22.059999465942383,22.399999618530273,38783100,T
2024-10-25,20.167949676513672,21.829999923706055,22.40999984741211,21.809999465942383,22.299999237060547,26050400,T
2024-10-28,20.426631927490234,22.110000610351562,22.149999618530273,21.81999969482422,21.920000076293945,27923800,T
2024-10-29,20.491300582885742,22.18000030517578,22.360000610351562,21.920000076293945,21.989999771118164,32711100,T
2024-10-30,20.343482971191406,22.020000457763672,22.260000228881836,21.899999618530273,22.1299991607666,36264900,T
2024-10-31,20.82389259338379,22.540000915527344,22.600000381469727,22.030000686645508,22.059999465942383,59566700,T
2024-11-01,20.43587303161621,22.1200008392334,22.729999542236328,22.06999969482422,22.530000686645508,37170000,T
2024-11-04,20.2510986328125,21.920000076293945,22.25,21.790000915527344,22.139999389648438,24318500,T
2024-11-05,20.371200561523438,22.049999237060547,22.170000076293945,21.829999923706055,21.899999618530273,26461800,T
2024-11-06,20.620641708374023,22.31999969482422,22.389999389648438,21.969999313354492,22.110000610351562,32259200,T
2024-11-07,20.361961364746094,22.040000915527344,22.389999389648438,21.959999084472656,22.389999389648438,31471800,T
2024-11-08,20.63912010192871,22.34000015258789,22.43000030517578,22.049999237060547,22.049999237060547,29901600,T
2024-11-11,20.61140251159668,22.309999465942383,22.479999542236328,22.25,22.280000686645508,23465000,T
2024-11-12,20.46358299255371,22.149999618530273,22.290000915527344,21.790000915527344,22.209999084472656,39579500,T
2024-11-13,20.60216522216797,22.299999237060547,22.389999389648438,22.059999465942383,22.170000076293945,29345600,T
2024-11-14,20.555971145629883,22.25,22.459999084472656,22.219999313354492,22.299999237060547,20825100,T
2024-11-15,20.95323371887207,22.68000030517578,22.75,22.200000762939453,22.239999771118164,40207300,T
2024-11-18,21.23963165283203,22.989999771118164,23.200000762939453,22.780000686645508,22.790000915527344,35656400,T
2024-11-19,20.999425888061523,22.729999542236328,22.920000076293945,22.68000030517578,22.8799991607666,24727700,T
2024-11-20,21.091814041137695,22.829999923706055,22.899999618530273,22.739999771118164,22.799999237060547,20423100,T
2024-11-21,21.23039436340332,22.979999542236328,23.149999618530273,22.729999542236328,22.799999237060547,23080900,T
2024-11-22,21.4151668548584,23.18000030517578,23.290000915527344,22.940000534057617,23.049999237060547,35732900,T
2024-11-25,21.341257095336914,23.100000381469727,23.31999969482422,22.950000762939453,23.149999618530273,64729800,T
2024-11-26,21.33201789855957,23.09000015258789,23.110000610351562,22.8700008392334,22.940000534057617,30080300,T
2024-11-27,21.498315811157227,23.270000457763672,23.3799991607666,23.010000228881836,23.200000762939453,33206300,T
2024-11-29,21.39668846130371,23.15999984741211,23.309999465942383,23.010000228881836,23.270000457763672,19673900,T
2024-12-02,20.971710205078125,22.700000762939453,23.15999984741211,22.639999389648438,23.149999618530273,44160600,T
2024-12-03,21.93252944946289,23.739999771118164,24.030000686645508,23.3799991607666,23.40999984741211,63128700,T
2024-12-04,21.7385196685791,23.530000686645508,23.829999923706055,23.3700008392334,23.670000076293945,41534200,T
2024-12-05,22.015676498413086,23.829999923706055,23.889999389648438,23.579999923706055,23.610000610351562,40155600,T
2024-12-06,22.061872482299805,23.8799991607666,23.899999618530273,23.559999465942383,23.829999923706055,34218800,T
2024-12-09,21.590700149536133,23.3700008392334,23.989999771118164,23.34000015258789,23.899999618530273,38385900,T
2024-12-10,21.720041275024414,23.510000228881836,23.65999984741211,23.110000610351562,23.40999984741211,32851500,T
2024-12-11,21.692323684692383,23.479999542236328,23.540000915527344,23.139999389648438,23.43000030517578,38518100,T
2024-12-12,21.58146095275879,23.360000610351562,23.739999771118164,23.360000610351562,23.579999923706055,22015000,T
2024-12-13,21.830904006958008,23.6299991607666,23.670000076293945,23.260000228881836,23.3700008392334,33693900,T
2024-12-16,21.10105323791504,22.84000015258789,23.809999465942383,22.610000610351562,23.709999084472656,48018100,T
2024-12-17,21.091814041137695,22.829999923706055,22.979999542236328,22.670000076293945,22.799999237060547,39844700,T
2024-12-18,20.768461227416992,22.479999542236328,22.989999771118164,22.459999084472656,22.799999237060547,38897400,T
2024-12-19,20.851608276367188,22.56999969482422,22.68000030517578,22.40999984741211,22.510000228881836,43160800,T
2024-12-20,21.017906188964844,22.75,22.75,22.520000457763672,22.59000015258789,93984000,T
2024-12-23,21.10105323791504,22.84000015258789,22.8700008392334,22.59000015258789,22.670000076293945,24655600,T
2024-12-24,21.202674865722656,22.950000762939453,22.989999771118164,22.760000228881836,22.84000015258789,9605900,T
2024-12-26,21.211915969848633,22.959999084472656,23.149999618530273,22.8799991607666,22.93000030517578,16440500,T
2024-12-27,21.119529724121094,22.860000610351562,23.06999969482422,22.81999969482422,22.8799991607666,18547500,T
2024-12-30,20.88856315612793,22.610000610351562,22.780000686645508,22.440000534057617,22.780000686645508,25420000,T
2024-12-31,21.0363826751709,22.770000457763672,22.850000381469727,22.600000381469727,22.6200008392334,22342800,T
2025-01-02,21.091814041137695,22.829999923706055,23.170000076293945,22.799999237060547,22.829999923706055,27108200,T
2025-01-03,20.943992614746094,22.670000076293945,22.959999084472656,22.649999618530273,22.899999618530273,26874900,T
2025-01-06,20.879322052001953,22.600000381469727,22.770000457763672,22.530000686645508,22.760000228881836,34416000,T
2025-01-07,20.509782791137695,22.200000762939453,22.649999618530273,22.15999984741211,22.540000915527344,37143500,T
2025-01-08,20.491300582885742,22.18000030517578,22.25,21.65999984741211,22.1299991607666,35517800,T
2025-01-10,20.292957305908203,21.690000534057617,22.040000915527344,21.489999771118164,21.8799991607666,41572400,T
2025-01-13,20.171327590942383,21.559999465942383,21.68000030517578,21.399999618530273,21.6299991607666,37865600,T
2025-01-14,20.3958683013916,21.799999237060547,21.81999969482422,21.3799991607666,21.520000457763672,25627300,T
2025-01-15,20.4987850189209,21.90999984741211,22.09000015258789,21.8799991607666,21.979999542236328,50559900,T
2025-01-16,20.601699829101562,22.020000457763672,22.1299991607666,21.84000015258789,22.0,25639600,T
2025-01-17,20.854310989379883,22.290000915527344,22.3700008392334,21.979999542236328,22.09000015258789,33638000,T
2025-01-21,21.041427612304688,22.489999771118164,22.540000915527344,22.209999084472656,22.209999084472656,36777600,T
2025-01-22,20.88237762451172,22.31999969482422,22.479999542236328,22.020000457763672,22.3799991607666,31676400,T
2025-01-23,21.0788516998291,22.530000686645508,22.65999984741211,22.219999313354492,22.34000015258789,32125200,T
2025-01-24,21.256614685058594,22.719999313354492,22.790000915527344,22.540000915527344,22.549999237060547,44409200,T
2025-01-27,22.58515167236328,24.139999389648438,24.3700008392334,23.350000381469727,23.5,92445200,T
2025-01-28,22.828407287597656,24.399999618530273,24.579999923706055,23.920000076293945,24.059999465942383,55731400,T
2025-01-29,22.669353485107422,24.229999542236328,24.979999542236328,24.200000762939453,24.709999084472656,34420400,T
2025-01-30,22.472881317138672,24.020000457763672,24.229999542236328,23.780000686645508,24.170000076293945,45653000,T
2025-01-31,22.20155906677246,23.729999542236328,24.139999389648438,23.65999984741211,24.010000228881836,40341800,T
2025-02-03,22.688068389892578,24.25,24.43000030517578,23.670000076293945,23.690000534057617,59555800,T
2025-02-04,22.688068389892578,24.25,24.43000030517578,24.06999969482422,24.209999084472656,30540200,T
2025-02-05,22.893898010253906,24.469999313354492,24.579999923706055,24.280000686645508,24.459999084472656,29511700,T
2025-02-06,22.875186920166016,24.450000762939453,24.559999465942383,24.299999237060547,24.5,24522500,T
2025-02-07,22.959386825561523,24.540000915527344,24.729999542236328,24.25,24.450000762939453,26290100,T
2025-02-10,23.25878143310547,24.860000610351562,24.940000534057617,24.600000381469727,24.610000610351562,31913400,T
2025-02-11,23.53009796142578,25.149999618530273,25.18000030517578,24.799999237060547,24.899999618530273,35150300,T
2025-02-12,23.726573944091797,25.360000610351562,25.3799991607666,25.059999465942383,25.149999618530273,38970300,T
2025-02-13,23.979185104370117,25.6299991607666,25.739999771118164,25.360000610351562,25.469999313354492,35115100,T
2025-02-14,24.203725814819336,25.8700008392334,25.93000030517578,25.600000381469727,25.670000076293945,31687800,T
2025-02-18,24.390840530395508,26.06999969482422,26.18000030517578,25.709999084472656,25.709999084472656,52442500,T
2025-02-19,24.549894332885742,26.239999771118164,26.350000381469727,26.06999969482422,26.219999313354492,30551500,T
2025-02-20,24.46569061279297,26.149999618530273,26.280000686645508,25.940000534057617,26.200000762939453,32753900,T
2025-02-21,24.905418395996094,26.6200008392334,26.719999313354492,25.969999313354492,26.079999923706055,58421500,T
2025-02-24,25.017688751220703,26.739999771118164,27.1299991607666,26.600000381469727,26.6200008392334,54549600,T
2025-02-25,24.93348503112793,26.649999618530273,27.15999984741211,26.260000228881836,26.8700008392334,52497200,T
2025-02-26,24.8586368560791,26.56999969482422,26.829999923706055,26.43000030517578,26.559999465942383,39296500,T
2025-02-27,25.167381286621094,26.899999618530273,26.969999313354492,26.56999969482422,26.639999389648438,32943300,T
2025-02-28,25.644533157348633,27.40999984741211,27.489999771118164,27.0,27.0,62510800,T
2025-03-03,25.9345645904541,27.719999313354492,27.860000610351562,27.190000534057617,27.270000457763672,45078600,T
2025-03-04,24.531179428100586,26.219999313354492,27.969999313354492,26.1200008392334,27.799999237060547,89479700,T
2025-03-05,24.493757247924805,26.18000030517578,26.389999389648438,25.829999923706055,26.06999969482422,42010100,T
2025-03-06,25.008331298828125,26.729999542236328,26.790000915527344,26.059999465942383,26.219999313354492,32211600,T
2025-03-07,25.373214721679688,27.1200008392334,27.209999084472656,26.600000381469727,26.670000076293945,35341900,T
2025-03-10,25.522905349731445,27.280000686645508,27.459999084472656,26.68000030517578,27.110000610351562,57820800,T
2025-03-11,24.33470916748047,26.010000228881836,26.829999923706055,25.59000015258789,26.469999313354492,74574300,T
2025-03-12,24.063385009765625,25.719999313354492,25.860000610351562,24.889999389648438,25.6299991607666,62383200,T
2025-03-13,24.409555435180664,26.09000015258789,26.459999084472656,25.760000228881836,25.790000915527344,37698500,T
2025-03-14,24.867990493774414,26.579999923706055,26.649999618530273,25.75,25.799999237060547,37591300,T
2025-03-17,25.101890563964844,26.829999923706055,26.93000030517578,26.25,26.56999969482422,45570000,T
2025-03-18,24.896060943603516,26.610000610351562,26.979999542236328,26.559999465942383,26.799999237060547,30365600,T
2025-03-19,25.11124610900879,26.84000015258789,26.940000534057617,26.450000762939453,26.649999618530273,30145700,T
2025-03-20,25.064470291137695,26.790000915527344,26.93000030517578,26.68000030517578,26.899999618530273,27272300,T
2025-03-21,25.279653549194336,27.020000457763672,27.209999084472656,26.639999389648438,26.809999465942383,91268600,T
2025-03-24,25.22351837158203,26.959999084472656,27.219999313354492,26.84000015258789,26.860000610351562,26863300,T
2025-03-25,25.550975799560547,27.309999465942383,27.559999465942383,26.969999313354492,26.969999313354492,42339700,T
2025-03-26,25.869075775146484,27.649999618530273,27.84000015258789,27.360000610351562,27.40999984741211,42589400,T
2025-03-27,26.383649826049805,28.200000762939453,28.420000076293945,27.639999389648438,27.770000457763672,43000100,T
2025-03-28,26.364938735961914,28.18000030517578,28.510000228881836,28.059999465942383,28.350000381469727,35085300,T
2025-03-31,26.458498001098633,28.280000686645508,28.559999465942383,28.209999084472656,28.260000228881836,50156500,T
2025-04-01,26.645614624023438,28.479999542236328,28.610000610351562,28.219999313354492,28.399999618530273,43986400,T
2025-04-02,26.327510833740234,28.139999389648438,28.59000015258789,28.010000228881836,28.40999984741211,41574800,T
2025-04-03,26.757884979248047,28.600000381469727,29.030000686645508,28.450000762939453,28.540000915527344,48912300,T
2025-04-04,24.92412757873535,26.639999389648438,28.43000030517578,26.530000686645508,28.0,61361000,T
2025-04-07,25.101890563964844,26.829999923706055,27.229999542236328,25.100000381469727,25.18000030517578,74875400,T
2025-04-08,24.690231323242188,26.389999389648438,27.190000534057617,26.030000686645508,27.020000457763672,55717100,T
2025-04-09,24.765077590942383,26.469999313354492,26.860000610351562,25.200000762939453,26.09000015258789,77738700,T
2025-04-10,24.95229148864746,26.389999389648438,26.760000228881836,25.899999618530273,26.239999771118164,51467900,T
2025-04-11,25.330501556396484,26.790000915527344,26.899999618530273,26.360000610351562,26.579999923706055,32057600,T
2025-04-14,25.718164443969727,27.200000762939453,27.350000381469727,26.579999923706055,26.6299991607666,27042800,T
2025-04-15,26.001819610595703,27.5,27.6299991607666,27.260000228881836,27.5,25721300,T
2025-04-16,25.547969818115234,27.020000457763672,27.780000686645508,26.940000534057617,27.739999771118164,27835900,T
2025-04-17,25.670886993408203,27.149999618530273,27.489999771118164,27.010000228881836,27.18000030517578,24870300,T
2025-04-21,24.89556121826172,26.329999923706055,27.280000686645508,26.15999984741211,27.15999984741211,46226000,T
2025-04-22,25.49123764038086,26.959999084472656,27.360000610351562,25.979999542236328,26.0,50906800,T
2025-04-23,25.708707809448242,27.190000534057617,27.31999969482422,26.1200008392334,26.540000915527344,43351000,T
2025-04-24,26.03018569946289,27.530000686645508,27.829999923706055,27.139999389648438,27.170000076293945,43640800,T
2025-04-25,25.349409103393555,26.809999465942383,27.520000457763672,26.6299991607666,27.459999084472656,37050300,T
2025-04-28,25.7748966217041,27.260000228881836,27.270000457763672,26.799999237060547,26.899999618530273,24156000,T
2025-04-29,25.812713623046875,27.299999237060547,27.440000534057617,27.049999237060547,27.100000381469727,25015800,T
2025-04-30,26.19092559814453,27.700000762939453,27.889999389648438,27.31999969482422,27.600000381469727,38877100,T
2025-05-01,26.134193420410156,27.639999389648438,27.780000686645508,27.270000457763672,27.5,37367600,T
2025-05-02,26.1058292388916,27.610000610351562,27.780000686645508,27.360000610351562,27.600000381469727,22928400,T
2025-05-05,26.011274337768555,27.510000228881836,27.690000534057617,27.15999984741211,27.559999465942383,21335300,T
2025-05-06,26.625864028930664,28.15999984741211,28.239999771118164,27.5,27.540000915527344,32491700,T
2025-05-07,26.569133758544922,28.100000381469727,28.399999618530273,27.950000762939453,28.040000915527344,28352900,T
2025-05-08,25.973453521728516,27.469999313354492,28.040000915527344,27.450000762939453,28.0,30141500,T
2025-05-09,26.323299407958984,27.84000015258789,28.020000457763672,27.420000076293945,27.559999465942383,29206900,T
2025-05-12,25.538515090942383,27.010000228881836,27.299999237060547,26.670000076293945,27.09000015258789,57106100,T
2025-05-13,25.009021759033203,26.450000762939453,27.1299991607666,26.309999465942383,27.049999237060547,58767100,T
2025-05-14,24.999568939208984,26.440000534057617,26.59000015258789,26.299999237060547,26.43000030517578,31519500,T
2025-05-15,25.841079711914062,27.329999923706055,27.399999618530273,26.600000381469727,26.600000381469727,35278700,T
2025-05-16,26.209835052490234,27.719999313354492,27.770000457763672,27.1200008392334,27.3700008392334,31106000,T
2025-05-19,26.49349021911621,28.020000457763672,28.040000915527344,27.709999084472656,27.760000228881836,30996600,T
2025-05-20,26.266565322875977,27.780000686645508,28.260000228881836,27.75,28.049999237060547,24966600,T
2025-05-21,25.973453521728516,27.469999313354492,27.770000457763672,27.40999984741211,27.68000030517578,29684200,T
2025-05-22,25.746530532836914,27.229999542236328,27.709999084472656,27.209999084472656,27.579999923706055,25901600,T
2025-05-23,25.926177978515625,27.420000076293945,27.530000686645508,27.15999984741211,27.479999542236328,31766300,T
2025-05-27,25.89781379699707,27.389999389648438,27.6299991607666,27.31999969482422,27.360000610351562,33329200,T
2025-05-28,26.001819610595703,27.5,27.6200008392334,27.309999465942383,27.3799991607666,32270200,T
2025-05-29,25.888357162475586,27.3799991607666,27.510000228881836,27.270000457763672,27.479999542236328,27189100,T
2025-05-30,26.28547477722168,27.799999237060547,27.799999237060547,27.350000381469727,27.389999389648438,47964900,T
2025-06-02,26.40839385986328,27.93000030517578,27.959999084472656,27.600000381469727,27.649999618530273,26935200,T
2025-06-03,26.436758041381836,27.959999084472656,28.1299991607666,27.649999618530273,27.889999389648438,26085900,T
2025-06-04,25.86944580078125,27.360000610351562,27.969999313354492,27.219999313354492,27.959999084472656,33913500,T
2025-06-05,26.24765396118164,27.760000228881836,27.850000381469727,27.329999923706055,27.43000030517578,29186800,T
2025-06-06,26.550222396850586,28.079999923706055,28.100000381469727,27.770000457763672,27.770000457763672,22403100,T
2025-06-09,26.342206954956055,27.860000610351562,28.079999923706055,27.829999923706055,27.829999923706055,23353600,T
2025-06-10,26.8716983795166,28.420000076293945,28.610000610351562,27.850000381469727,27.90999984741211,39959100,T
2025-06-11,26.796056747436523,28.34000015258789,28.610000610351562,28.25,28.479999542236328,32164500,T
2025-06-12,26.72987174987793,28.270000457763672,28.469999313354492,28.1200008392334,28.469999313354492,23311700,T
2025-06-13,26.65422821044922,28.190000534057617,28.34000015258789,28.110000610351562,28.229999542236328,22428200,T
2025-06-16,26.446212768554688,27.969999313354492,28.389999389648438,27.780000686645508,28.149999618530273,32761400,T
2025-06-17,26.143648147583008,27.649999618530273,27.969999313354492,27.59000015258789,27.850000381469727,35258600,T
2025-06-18,26.15310287475586,27.65999984741211,27.829999923706055,27.59000015258789,27.760000228881836,27985500,T
2025-06-20,26.257112503051758,27.770000457763672,28.110000610351562,27.6200008392334,27.68000030517578,51495200,T
2025-06-23,26.66368293762207,28.200000762939453,28.299999237060547,27.799999237060547,27.799999237060547,32957200,T
2025-06-24,26.73932456970215,28.280000686645508,28.350000381469727,28.030000686645508,28.15999984741211,26007000,T
2025-06-25,26.39893913269043,27.920000076293945,28.350000381469727,27.8799991607666,28.139999389648438,26189400,T
2025-06-26,26.474578857421875,28.0,28.100000381469727,27.799999237060547,27.979999542236328,25118500,T
2025-06-27,26.550222396850586,28.079999923706055,28.18000030517578,27.899999618530273,28.0,37337200,T
2025-06-30,27.363370895385742,28.940000534057617,29.020000457763672,28.100000381469727,28.1200008392334,42590800,T
2025-07-01,27.306638717651367,28.8799991607666,29.190000534057617,28.700000762939453,28.989999771118164,25976400,T
2025-07-02,26.767690658569336,28.309999465942383,29.030000686645508,28.290000915527344,28.809999465942383,47012300,T
2025-07-03,26.81496810913086,28.360000610351562,28.40999984741211,28.1299991607666,28.290000915527344,21085200,T
2025-07-07,26.862245559692383,28.40999984741211,28.469999313354492,28.219999313354492,28.420000076293945,22448700,T
2025-07-08,26.748783111572266,28.290000915527344,28.459999084472656,28.079999923706055,28.239999771118164,24955400,T
2025-07-09,26.569133758544922,28.100000381469727,28.3799991607666,27.959999084472656,28.329999923706055,34453800,T
2025-07-10,26.37622833251953,27.6200008392334,27.81999969482422,27.479999542236328,27.760000228881836,25053100,T
2025-07-11,25.7554988861084,26.969999313354492,27.549999237060547,26.6200008392334,27.549999237060547,42713300,T
2025-07-14,25.93694305419922,27.15999984741211,27.510000228881836,27.020000457763672,27.020000457763672,30747000,T
2025-07-15,25.80324935913086,27.020000457763672,27.1200008392334,26.790000915527344,26.93000030517578,32266200,T
2025-07-16,25.736398696899414,26.950000762939453,27.110000610351562,26.8799991607666,27.020000457763672,21934400,T
2025-07-17,25.77459716796875,26.989999771118164,27.049999237060547,26.770000457763672,26.799999237060547,24546400,T
2025-07-18,25.726848602294922,26.940000534057617,27.040000915527344,26.799999237060547,26.969999313354492,27427900,T
2025-07-21,26.147035598754883,27.3799991607666,27.719999313354492,27.25,27.459999084472656,36229500,T
2025-07-22,26.18523406982422,27.420000076293945,27.760000228881836,27.219999313354492,27.450000762939453,35255800,T
2025-07-23,26.50037384033203,27.75,27.75,25.850000381469727,26.299999237060547,65616300,T
2025-07-24,26.662717819213867,27.920000076293945,28.170000076293945,27.690000534057617,27.770000457763672,47332700,T
2025-07-25,26.73911476135254,28.0,28.350000381469727,27.75,27.90999984741211,33987800,T
2025-07-28,26.357128143310547,27.600000381469727,27.93000030517578,27.540000915527344,27.93000030517578,29164400,T
2025-07-29,26.175683975219727,27.40999984741211,27.93000030517578,27.31999969482422,27.68000030517578,34202400,T
2025-07-30,26.261632919311523,27.5,27.709999084472656,27.239999771118164,27.34000015258789,30096100,T
2025-07-31,26.175683975219727,27.40999984741211,27.719999313354492,27.309999465942383,27.350000381469727,34120000,T
2025-08-01,26.50037384033203,27.75,27.93000030517578,27.34000015258789,27.639999389648438,38817000,T
2025-08-04,26.43352699279785,27.68000030517578,27.920000076293945,27.56999969482422,27.790000915527344,29972400,T
2025-08-05,26.519474029541016,27.770000457763672,27.969999313354492,27.670000076293945,27.719999313354492,25317400,T
2025-08-06,26.25208282470703,27.489999771118164,28.059999465942383,27.450000762939453,27.940000534057617,39247200,T
2025-08-07,26.796415328979492,28.059999465942383,28.110000610351562,27.290000915527344,27.450000762939453,35331400,T
2025-08-08,26.815515518188477,28.079999923706055,28.25,28.030000686645508,28.06999969482422,23598200,T
2025-08-11,26.872812271118164,28.139999389648438,28.280000686645508,28.079999923706055,28.18000030517578,20602400,T
2025-08-12,27.197500228881836,28.479999542236328,28.700000762939453,28.139999389648438,28.139999389648438,30755100,T
2025-08-13,27.121103286743164,28.399999618530273,28.59000015258789,28.360000610351562,28.5,26382700,T
2025-08-14,27.45534324645996,28.75,28.770000457763672,28.40999984741211,28.579999923706055,24530200,T
2025-08-15,27.569936752319336,28.8700008392334,29.079999923706055,28.649999618530273,28.739999771118164,37020400,T
2025-08-18,27.617687225341797,28.920000076293945,29.149999618530273,28.8700008392334,28.979999542236328,20420600,T
2025-08-19,27.674983978271484,28.979999542236328,29.15999984741211,28.799999237060547,28.8700008392334,18890600,T
2025-08-20,27.961475372314453,29.280000686645508,29.3799991607666,29.020000457763672,29.100000381469727,34843000,T
2025-08-21,28.11427116394043,29.440000534057617,29.559999465942383,29.209999084472656,29.25,32991000,T
2025-08-22,27.474441528320312,28.770000457763672,29.649999618530273,28.68000030517578,29.469999313354492,34012000,T
2025-08-25,27.44579315185547,28.739999771118164,28.979999542236328,28.719999313354492,28.770000457763672,19405000,T
2025-08-26,27.27389907836914,28.559999465942383,28.959999084472656,28.209999084472656,28.829999923706055,49407900,T
2025-08-27,27.75138282775879,29.059999465942383,29.079999923706055,28.5,28.5,28026200,T
2025-08-28,27.63678741455078,28.940000534057617,29.020000457763672,28.75,29.020000457763672,24658100,T
2025-08-29,27.971027374267578,29.290000915527344,29.329999923706055,28.950000762939453,29.020000457763672,26562400,T
2025-09-02,27.770483016967773,29.079999923706055,29.399999618530273,29.0,29.299999237060547,31571100,T
2025-09-03,27.73228645324707,29.040000915527344,29.079999923706055,28.450000762939453,29.010000228881836,27245400,T
2025-09-04,28.247966766357422,29.579999923706055,29.700000762939453,29.030000686645508,29.18000030517578,31845400,T
2025-09-05,28.257516860961914,29.59000015258789,29.790000915527344,29.420000076293945,29.579999923706055,25105900,T
2025-09-08,27.598587036132812,28.899999618530273,29.139999389648438,28.280000686645508,28.5,40649300,T
2025-09-09,28.095172882080078,29.420000076293945,29.579999923706055,28.829999923706055,28.899999618530273,35105500,T
2025-09-10,27.88507843017578,29.200000762939453,29.440000534057617,28.899999618530273,29.25,25689400,T
2025-09-11,28.162019729614258,29.489999771118164,29.5,29.1200008392334,29.290000915527344,23581000,T
2025-09-12,28.238418579101562,29.56999969482422,29.600000381469727,29.290000915527344,29.420000076293945,22794000,T
2025-09-15,28.28616714477539,29.6200008392334,29.790000915527344,29.5,29.610000610351562,31486400,T
2025-09-16,28.009225845336914,29.329999923706055,29.649999618530273,29.209999084472656,29.6200008392334,28118200,T
2025-09-17,28.20977020263672,29.540000915527344,29.579999923706055,29.25,29.329999923706055,25967200,T
2025-09-18,27.88507843017578,29.200000762939453,29.469999313354492,29.139999389648438,29.350000381469727,30142900,T
2025-09-19,27.703636169433594,29.010000228881836,29.309999465942383,28.93000030517578,29.260000228881836,62155700,T
2025-09-22,27.617687225341797,28.920000076293945,29.06999969482422,28.739999771118164,28.940000534057617,25835300,T
2025-09-23,27.493541717529297,28.790000915527344,29.010000228881836,28.559999465942383,28.920000076293945,28805800,T
2025-09-24,27.044706344604492,28.31999969482422,28.75,28.170000076293945,28.690000534057617,28858700,T
2025-09-25,27.025606155395508,28.299999237060547,28.75,28.290000915527344,28.5,25658500,T
2025-09-26,27.03515625,28.309999465942383,28.56999969482422,28.25,28.3799991607666,25455100,T
2025-09-29,26.805965423583984,28.06999969482422,28.34000015258789,27.8799991607666,28.25,28739600,T
2025-09-30,26.96830940246582,28.239999771118164,28.350000381469727,28.049999237060547,28.139999389648438,34049500,T
2025-10-01,26.30937957763672,27.549999237060547,28.15999984741211,27.520000457763672,28.049999237060547,38415100,T
2025-10-02,25.793699264526367,27.010000228881836,27.43000030517578,26.8799991607666,27.399999618530273,39597200,T
2025-10-03,25.841445922851562,27.059999465942383,27.219999313354492,26.989999771118164,27.020000457763672,34891700,T
2025-10-06,24.705032348632812,25.8700008392334,26.719999313354492,25.84000015258789,26.540000915527344,63474300,T
2025-10-07,24.98197364807129,26.15999984741211,26.299999237060547,25.850000381469727,25.920000076293945,43249600,T
2025-10-08,25.067920684814453,26.25,26.350000381469727,26.020000457763672,26.229999542236328,36913200,T
2025-10-09,24.9246768951416,26.100000381469727,26.479999542236328,26.09000015258789,26.25,33129200,T
2025-10-10,24.97100830078125,25.8700008392334,26.239999771118164,25.709999084472656,25.84000015258789,37980100,T
2025-10-13,24.70073890686035,25.59000015258789,25.850000381469727,25.350000381469727,25.68000030517578,36313700,T
2025-10-14,25.22197151184082,26.1299991607666,26.149999618530273,25.579999923706055,25.579999923706055,43644900,T
2025-10-15,25.164058685302734,26.06999969482422,26.190000534057617,25.940000534057617,26.049999237060547,34674000,T
2025-10-16,25.289541244506836,26.200000762939453,26.389999389648438,26.049999237060547,26.100000381469727,49513100,T
2025-10-17,25.4246768951416,26.34000015258789,26.479999542236328,26.200000762939453,26.389999389648438,61491800,T
2025-10-20,25.193017959594727,26.100000381469727,26.440000534057617,25.829999923706055,26.34000015258789,66161100,T
2025-10-21,25.144752502441406,26.049999237060547,26.229999542236328,25.899999618530273,26.149999618530273,100445700,T
2025-10-22,24.662128448486328,25.549999237060547,25.829999923706055,24.31999969482422,24.920000076293945,95468000,T
2025-10-23,23.764446258544922,24.6200008392334,25.75,24.489999771118164,25.68000030517578,107294100,T
2025-10-24,24.266376495361328,25.139999389648438,25.190000534057617,24.56999969482422,24.639999389648438,80553700,T
2025-10-27,24.642824172973633,25.530000686645508,25.56999969482422,24.969999313354492,25.079999923706055,86220400,T
2025-10-28,24.806917190551758,25.700000762939453,25.780000686645508,25.309999465942383,25.40999984741211,77662500,T
2025-10-29,24.266376495361328,25.139999389648438,26.209999084472656,24.989999771118164,26.1200008392334,102715000,T
2025-10-30,23.822362899780273,24.68000030517578,25.18000030517578,24.6200008392334,24.989999771118164,82167800,T
2025-10-31,23.889930725097656,24.75,24.989999771118164,24.510000228881836,24.6299991607666,89936800,T
2025-11-03,23.677574157714844,24.530000686645508,24.639999389648438,24.079999923706055,24.639999389648438,89327700,T
2025-11-04,23.590702056884766,24.440000534057617,24.559999465942383,24.290000915527344,24.469999313354492,75032700,T
2025-11-05,23.706531524658203,24.559999465942383,24.729999542236328,24.43000030517578,24.459999084472656,61112200,T
2025-11-06,23.88027572631836,24.739999771118164,24.989999771118164,24.290000915527344,24.290000915527344,71665300,T
2025-11-07,23.96714973449707,24.829999923706055,25.100000381469727,24.639999389648438,24.809999465942383,62440000,T
2025-11-10,23.96714973449707,24.829999923706055,24.940000534057617,24.610000610351562,24.739999771118164,52677600,T
2025-11-11,24.30498695373535,25.18000030517578,25.299999237060547,24.8799991607666,24.93000030517578,40962700,T
2025-11-12,24.75865364074707,25.649999618530273,25.729999542236328,25.40999984741211,25.440000534057617,44097000,T
2025-11-13,24.85517692565918,25.75,25.959999084472656,25.559999465942383,25.649999618530273,49785600,T
2025-11-14,24.70073890686035,25.59000015258789,25.93000030517578,25.440000534057617,25.8700008392334,37390200,T
2025-11-17,24.58490753173828,25.469999313354492,25.709999084472656,25.43000030517578,25.6299991607666,34519900,T
2025-11-18,24.710391998291016,25.600000381469727,25.770000457763672,25.34000015258789,25.540000915527344,41527600,T
2025-11-19,24.39185905456543,25.270000457763672,25.670000076293945,25.09000015258789,25.600000381469727,34296900,T
2025-11-20,24.63317108154297,25.520000457763672,25.6299991607666,25.1200008392334,25.25,44631800,T
2025-11-21,25.02892303466797,25.93000030517578,26.18000030517578,25.5,25.520000457763672,59017100,T
2025-11-24,24.72969627380371,25.6200008392334,26.020000457763672,25.43000030517578,25.989999771118164,66605900,T
2025-11-25,24.96135711669922,25.860000610351562,26.209999084472656,25.75,25.760000228881836,44336200,T
2025-11-26,24.922746658325195,25.81999969482422,26.06999969482422,25.799999237060547,25.829999923706055,27713000,T
2025-11-28,25.11579704284668,26.020000457763672,26.020000457763672,25.760000228881836,25.81999969482422,16345800,T
2025-12-01,24.893789291381836,25.790000915527344,25.969999313354492,25.549999237060547,25.950000762939453,34681900,T
2025-12-02,24.63317108154297,25.520000457763672,25.8700008392334,25.450000762939453,25.829999923706055,30839700,T
2025-12-03,24.440120697021484,25.31999969482422,25.81999969482422,25.309999465942383,25.559999465942383,29138400,T
2025-12-04,24.507688522338867,25.389999389648438,25.559999465942383,25.229999542236328,25.3700008392334,33035200,T
2025-12-05,24.401512145996094,25.280000686645508,25.639999389648438,25.25,25.360000610351562,28075600,T
2025-12-08,23.976802825927734,24.84000015258789,25.34000015258789,24.690000534057617,25.34000015258789,41475000,T
2025-12-09,23.65826988220215,24.510000228881836,24.989999771118164,24.360000610351562,24.84000015258789,41499600,T
2025-12-10,23.542438507080078,24.389999389648438,24.600000381469727,24.280000686645508,24.559999465942383,48955400,T
2025-12-11,23.45556640625,24.299999237060547,24.709999084472656,24.270000457763672,24.459999084472656,38931800,T
2025-12-12,23.7258358001709,24.579999923706055,24.809999465942383,24.270000457763672,24.389999389648438,34207700,T
2025-12-15,23.465219497680664,24.309999465942383,24.6299991607666,24.219999313354492,24.489999771118164,37162500,T
2025-12-16,23.233558654785156,24.06999969482422,24.389999389648438,24.010000228881836,24.360000610351562,35702000,T
2025-12-17,23.51348114013672,24.360000610351562,24.450000762939453,24.079999923706055,24.110000610351562,39455100,T
2025-12-18,23.41695785522461,24.260000228881836,24.549999237060547,24.229999542236328,24.309999465942383,31038800,T
2025-12-19,23.31077766418457,24.149999618530273,24.280000686645508,24.020000457763672,24.209999084472656,89822300,T
2025-12-22,23.45556640625,24.299999237060547,24.450000762939453,24.09000015258789,24.149999618530273,29049300,T
2025-12-23,23.61000633239746,24.459999084472656,24.530000686645508,24.260000228881836,24.280000686645508,20869100,T
2025-12-24,23.803054809570312,24.65999984741211,24.709999084472656,24.3700008392334,24.3700008392334,13904100,T
2025-12-26,23.79340362548828,24.649999618530273,24.770000457763672,24.59000015258789,24.610000610351562,16070100,T
2025-12-29,23.90923500061035,24.770000457763672,24.940000534057617,24.68000030517578,24.68000030517578,30322100,T
2025-12-30,23.947843551635742,24.809999465942383,24.860000610351562,24.729999542236328,24.770000457763672,21047900,T
2025-12-31,23.976802825927734,24.84000015258789,24.969999313354492,24.780000686645508,24.790000915527344,22911000,T
2026-01-02,23.706531524658203,24.559999465942383,24.809999465942383,24.5,24.790000915527344,28718400,T
2026-01-05,23.851320266723633,24.709999084472656,24.75,24.3700008392334,24.40999984741211,48958100,T
2026-01-06,23.494178771972656,24.34000015258789,24.530000686645508,23.8700008392334,24.520000457763672,59966200,T
2026-01-07,23.137035369873047,23.969999313354492,24.549999237060547,23.899999618530273,24.440000534057617,46998400,T
2026-01-08,23.3300838470459,24.170000076293945,24.31999969482422,23.979999542236328,23.989999771118164,43770400,T
2026-01-09,23.15633773803711,23.989999771118164,24.31999969482422,23.979999542236328,24.149999618530273,30811000,T
2026-01-12,23.183683395385742,23.739999771118164,23.899999618530273,23.6200008392334,23.760000228881836,40700100,T
2026-01-13,22.75399398803711,23.299999237060547,23.75,23.190000534057617,23.690000534057617,40890600,T
2026-01-14,23.056730270385742,23.610000610351562,23.719999313354492,23.329999923706055,23.329999923706055,51414800,T
2026-01-15,23.17391586303711,23.729999542236328,23.799999237060547,23.5,23.610000610351562,35919500,T
2026-01-16,22.93954086303711,23.489999771118164,23.65999984741211,23.389999389648438,23.65999984741211,46504800,T
2026-01-20,22.900480270385742,23.450000762939453,23.600000381469727,23.280000686645508,23.3700008392334,51781100,T
2026-01-21,22.94930648803711,23.5,23.790000915527344,23.469999313354492,23.469999313354492,40672100,T
2026-01-22,23.02743148803711,23.579999923706055,23.829999923706055,23.5,23.56999969482422,30388300,T
2026-01-23,23.037199020385742,23.59000015258789,23.649999618530273,23.299999237060547,23.5,36056800,T
2026-01-26,22.900480270385742,23.450000762939453,23.799999237060547,23.360000610351562,23.700000762939453,44376000,T
2026-01-27,22.46102523803711,23.0,23.5,22.950000762939453,23.5,72164400,T
2026-01-28,23.505949020385742,24.06999969482422,24.329999923706055,23.360000610351562,23.420000076293945,84121900,T
2026-01-29,24.541109085083008,25.1299991607666,25.1299991607666,24.43000030517578,24.450000762939453,73255300,T
2026-01-30,25.595800399780273,26.209999084472656,26.290000915527344,25.149999618530273,25.5,78227500,T
2026-02-02,25.683691024780273,26.299999237060547,26.639999389648438,26.190000534057617,26.290000915527344,66564000,T
2026-02-03,26.20127296447754,26.829999923706055,26.989999771118164,26.110000610351562,26.110000610351562,61110400,T
2026-02-04,26.58213233947754,27.219999313354492,27.5,26.889999389648438,27.09000015258789,52448300,T
2026-02-05,26.670024871826172,27.309999465942383,27.520000457763672,26.959999084472656,27.399999618530273,44672400,T
2026-02-06,26.49424171447754,27.1299991607666,27.3799991607666,26.93000030517578,27.260000228881836,37410400,T
2026-02-09,26.474712371826172,27.110000610351562,27.200000762939453,26.829999923706055,27.100000381469727,33057800,T
2026-02-10,26.767681121826172,27.40999984741211,27.59000015258789,27.079999923706055,27.079999923706055,34925900,T
2026-02-11,27.802839279174805,28.469999313354492,28.600000381469727,27.139999389648438,27.280000686645508,64213300,T
2026-02-12,28.125106811523438,28.799999237060547,29.299999237060547,28.459999084472656,28.479999542236328,70553100,T
2026-02-13,28.01768684387207,28.690000534057617,28.84000015258789,28.40999984741211,28.68000030517578,42687500,T
2026-02-17,28.00792121887207,28.68000030517578,29.059999465942383,28.6299991607666,28.760000228881836,29868900,T
2026-02-18,27.226665496826172,27.8799991607666,28.719999313354492,27.81999969482422,28.6299991607666,33179300,T
2026-02-19,27.226665496826172,27.8799991607666,28.399999618530273,27.729999542236328,28.020000457763672,31221900,T
2026-02-20,27.324323654174805,27.979999542236328,28.059999465942383,27.540000915527344,27.950000762939453,25383600,T
2026-02-23,27.85167121887207,28.520000457763672,28.829999923706055,28.030000686645508,28.040000915527344,41169300,T
2026-02-24,27.685653686523438,28.350000381469727,28.799999237060547,28.190000534057617,28.520000457763672,34541700,T
2026-02-25,27.216903686523438,27.8700008392334,28.290000915527344,27.700000762939453,28.030000686645508,45550700,T
2026-02-26,26.816509246826172,27.459999084472656,28.049999237060547,27.40999984741211,27.979999542236328,33856800,T
2026-02-27,27.353620529174805,28.010000228881836,28.010000228881836,27.510000228881836,27.610000610351562,54509300,T
2026-03-02,27.353620529174805,28.010000228881836,28.25,27.8700008392334,27.90999984741211,39270900,T
2026-03-03,27.998153686523438,28.670000076293945,28.75,27.760000228881836,27.790000915527344,45891200,T
2026-03-04,28.30088996887207,28.979999542236328,29.06999969482422,28.219999313354492,28.469999313354492,42409300,T
2026-03-05,28.29112434387207,28.969999313354492,29.059999465942383,28.719999313354492,28.940000534057617,46498100,T
2026-03-06,27.968856811523438,28.639999389648438,28.950000762939453,28.329999923706055,28.93000030517578,37909900,T
2026-03-09,26.884870529174805,27.530000686645508,28.360000610351562,27.389999389648438,28.1299991607666,52145000,T
2026-03-10,27.060649871826172,27.709999084472656,27.940000534057617,27.450000762939453,27.649999618530273,37596500,T
2026-03-11,26.52353858947754,27.15999984741211,27.729999542236328,26.8700008392334,27.670000076293945,46925600,T
2026-03-12,26.74814796447754,27.389999389648438,27.389999389648438,26.729999542236328,27.049999237060547,32636100,T
2026-03-13,27.070415496826172,27.719999313354492,27.850000381469727,27.440000534057617,27.5,28076800,T
2026-03-16,27.080183029174805,27.729999542236328,27.81999969482422,27.469999313354492,27.729999542236328,31792800,T
2026-03-17,27.197370529174805,27.850000381469727,28.020000457763672,27.65999984741211,27.889999389648438,33904300,T
2026-03-18,26.767681121826172,27.40999984741211,27.790000915527344,27.389999389648438,27.709999084472656,34898700,T
2026-03-19,27.089948654174805,27.739999771118164,27.950000762939453,27.219999313354492,27.579999923706055,58624200,T
2026-03-20,27.646589279174805,28.309999465942383,28.6299991607666,27.84000015258789,27.84000015258789,128734200,T
2026-03-23,28.08604621887207,28.760000228881836,28.90999984741211,27.8700008392334,28.280000686645508,46656300,T
2026-03-24,28.19346809387207,28.8700008392334,29.440000534057617,28.65999984741211,28.799999237060547,41047200,T
2026-03-25,28.134872436523438,28.809999465942383,29.139999389648438,28.709999084472656,28.979999542236328,36571100,T
2026-03-26,28.24229621887207,28.920000076293945,29.209999084472656,28.81999969482422,29.06999969482422,29904500,T
2026-03-27,28.41807746887207,29.100000381469727,29.3700008392334,28.81999969482422,29.0,38162800,T
2026-03-30,28.10557746887207,28.780000686645508,29.3700008392334,28.719999313354492,29.209999084472656,35293900,T
2026-03-31,28.31065559387207,28.989999771118164,28.989999771118164,28.530000686645508,28.93000030517578,48632300,T
2026-04-01,27.646589279174805,28.309999465942383,28.969999313354492,28.059999465942383,28.950000762939453,43112500,T
2026-04-02,27.666122436523438,28.329999923706055,28.6299991607666,27.989999771118164,28.389999389648438,34996200,T
2026-04-06,27.656356811523438,28.31999969482422,28.520000457763672,28.149999618530273,28.270000457763672,29396200,T
2026-04-07,27.382917404174805,28.040000915527344,28.489999771118164,27.920000076293945,28.290000915527344,27653000,T
2026-04-08,26.709087371826172,27.350000381469727,27.5,26.90999984741211,27.229999542236328,47841600,T
2026-04-09,26.21103858947754,26.84000015258789,27.40999984741211,26.760000228881836,27.229999542236328,41439800,T
2026-04-10,26.11038589477539,26.459999084472656,26.700000762939453,26.290000915527344,26.520000457763672,31990400,T
2026-04-13,25.271617889404297,25.610000610351562,26.389999389648438,25.399999618530273,26.3700008392334,46751800,T
2026-04-14,25.28148651123047,25.6200008392334,25.709999084472656,24.940000534057617,25.200000762939453,42173900,T
2026-04-15,25.123598098754883,25.459999084472656,25.780000686645508,25.420000076293945,25.68000030517578,33847600,T
2026-04-16,26.051177978515625,26.399999618530273,26.43000030517578,25.459999084472656,25.520000457763672,34901900,T
2026-04-17,26.159725189208984,26.510000228881836,26.610000610351562,26.040000915527344,26.149999618530273,35023800,T
2026-04-20,25.83408546447754,26.18000030517578,26.68000030517578,26.170000076293945,26.520000457763672,30509400,T
2026-04-21,25.538049697875977,25.8799991607666,26.440000534057617,25.8799991607666,26.200000762939453,44489400,T
2026-04-22,25.636728286743164,25.979999542236328,26.049999237060547,24.959999084472656,25.149999618530273,59711900,T
2026-04-23,26.258405685424805,26.610000610351562,26.760000228881836,26.020000457763672,26.1200008392334,47337900,T
2026-04-24,25.853822708129883,26.200000762939453,26.579999923706055,26.030000686645508,26.43000030517578,30600900,T
2026-04-27,25.18280601501465,25.520000457763672,26.440000534057617,25.459999084472656,26.329999923706055,32633700,T
2026-04-28,25.71567153930664,26.059999465942383,26.309999465942383,25.8799991607666,25.940000534057617,30377600,T
2026-04-29,25.409767150878906,25.75,26.15999984741211,25.639999389648438,25.969999313354492,22790600,T
2026-04-30,25.784746170043945,26.1299991607666,26.469999313354492,25.780000686645508,25.81999969482422,44640600,T
2026-05-01,25.774879455566406,26.1200008392334,26.459999084472656,26.06999969482422,26.309999465942383,31493700,T
2026-05-04,25.755144119262695,26.100000381469727,26.139999389648438,25.81999969482422,25.93000030517578,23439500,T
2026-05-05,25.557785034179688,25.899999618530273,26.1299991607666,25.850000381469727,26.049999237060547,24482400,T
2026-05-06,25.232145309448242,25.56999969482422,26.010000228881836,25.479999542236328,25.790000915527344,34338900,T
2026-05-07,24.92624282836914,25.260000228881836,25.489999771118164,25.1200008392334,25.389999389648438,42986600,T
2026-05-08,24.82756233215332,25.15999984741211,25.399999618530273,25.1200008392334,25.229999542236328,36012900,T
2026-05-11,24.54139518737793,24.8700008392334,25.34000015258789,24.65999984741211,25.229999542236328,37447600,T
2026-05-12,24.896636962890625,25.229999542236328,25.440000534057617,24.860000610351562,25.020000457763672,33454600,T
2026-05-13,24.41311264038086,24.739999771118164,25.549999237060547,24.719999313354492,25.229999542236328,34609700,T
2026-05-14,24.32430076599121,24.649999618530273,24.979999542236328,24.649999618530273,24.84000015258789,32683600,T
2026-05-15,23.712493896484375,24.030000686645508,24.93000030517578,24.030000686645508,24.860000610351562,44236200,T
2026-05-18,24.107208251953125,24.43000030517578,24.579999923706055,23.850000381469727,24.09000015258789,38981000,T
2026-05-19,24.649940490722656,24.979999542236328,24.989999771118164,24.420000076293945,24.59000015258789,39383400,T
2026-05-20,24.600603103637695,24.93000030517578,25.280000686645508,24.790000915527344,24.940000534057617,40363800,T
2026-05-21,25.005184173583984,25.34000015258789,25.389999389648438,24.809999465942383,24.860000610351562,35792600,T
2026-05-22,24.92624282836914,25.260000228881836,25.43000030517578,25.190000534057617,25.34000015258789,25271100,T
2026-05-26,24.68941307067871,25.020000457763672,25.34000015258789,24.860000610351562,25.139999389648438,32461200,T
2026-05-27,24.56113052368164,24.889999389648438,25.350000381469727,24.8799991607666,24.93000030517578,35903300,T
2026-05-28,24.55126190185547,24.8799991607666,25.139999389648438,24.729999542236328,24.959999084472656,25343800,T
2026-05-29,24.472318649291992,24.799999237060547,24.8700008392334,24.559999465942383,24.860000610351562,88295100,T
2026-06-01,24.225622177124023,24.549999237060547,24.899999618530273,24.489999771118164,24.75,29675700,T
2026-06-02,24.31443214416504,24.639999389648438,24.709999084472656,24.25,24.639999389648438,42080300,T
2026-06-03,23.238834381103516,23.549999237060547,24.200000762939453,23.450000762939453,24.190000534057617,51911800,T
2026-06-04,22.46914291381836,22.770000457763672,24.010000228881836,22.329999923706055,23.8799991607666,82536300,T
2026-06-05,22.449405670166016,22.75,23.040000915527344,22.59000015258789,22.899999618530273,60825900,T
2026-06-08,22.202709197998047,22.5,22.829999923706055,22.40999984741211,22.65999984741211,41973500,T
2026-06-09,22.40993309020996,22.709999084472656,22.959999084472656,22.31999969482422,22.510000228881836,52561000,T
2026-06-10,22.90332794189453,23.209999084472656,23.260000228881836,22.75,22.8799991607666,50622400,T
2026-06-11,22.696102142333984,23.0,23.3700008392334,22.989999771118164,23.15999984741211,38147600,T
2026-06-12,23.2684383392334,23.579999923706055,23.610000610351562,23.06999969482422,23.100000381469727,38879400,T
2026-06-15,22.982271194458008,23.290000915527344,23.510000228881836,23.170000076293945,23.350000381469727,48293300,T
2026-06-16,22.853988647460938,23.15999984741211,23.420000076293945,22.84000015258789,23.31999969482422,47609300,T
2026-06-17,22.143503189086914,22.440000534057617,22.8799991607666,22.25,22.829999923706055,56538300,T
2026-06-18,21.71918296813965,22.010000228881836,22.520000457763672,21.989999771118164,22.459999084472656,94242900,T
2026-06-22,21.807994842529297,22.100000381469727,22.469999313354492,22.010000228881836,22.030000686645508,68522300,T
2026-06-23,22.50861358642578,22.809999465942383,22.979999542236328,22.190000534057617,22.309999465942383,73551900,T
2026-06-24,22.07442855834961,22.3700008392334,22.940000534057617,22.309999465942383,22.84000015258789,57297300,T
2026-06-25,22.12376594543457,22.420000076293945,22.6299991607666,22.229999542236328,22.25,43228800,T
2026-06-26,22.419801712036133,22.719999313354492,22.719999313354492,22.31999969482422,22.469999313354492,85148700,T
2026-06-29,21.531694412231445,21.81999969482422,22.43000030517578,21.280000686645508,22.3799991607666,84994800,T
2026-06-30,20.42649269104004,20.700000762939453,21.75,20.56999969482422,21.729999542236328,131117200,T
2026-07-01,20.20939826965332,20.479999542236328,21.030000686645508,20.290000915527344,20.6299991607666,137694400,T
2026-07-02,20.30807876586914,20.579999923706055,20.989999771118164,19.889999389648438,20.700000762939453,129300400,T
2026-07-06,20.30807876586914,20.579999923706055,20.90999984741211,20.25,20.75,113634400,T
2026-07-07,20.81134033203125,21.09000015258789,21.270000457763672,20.860000610351562,20.920000076293945,66469400,T
2026-07-08,20.840944290161133,21.1200008392334,21.43000030517578,20.809999465942383,20.969999313354492,63946700,T
2026-07-09,20.762001037597656,21.040000915527344,21.06999969482422,20.729999542236328,20.920000076293945,50847700,T
2026-07-10,21.1299991607666,21.1299991607666,21.260000228881836,20.6200008392334,20.6200008392334,49781900,T
2026-07-13,21.549999237060547,21.549999237060547,21.6299991607666,21.239999771118164,21.3799991607666,65496400,T
2026-07-14,21.280000686645508,21.280000686645508,21.559999465942383,21.25,21.420000076293945,53556100,T
2026-07-15,21.43000030517578,21.43000030517578,21.709999084472656,21.25,21.31999969482422,75068600,T
2026-07-16,21.979999542236328,21.979999542236328,22.18000030517578,21.5,21.510000228881836,85226600,T
2026-07-17,21.809999465942383,21.809999465942383,22.770000457763672,21.670000076293945,22.3799991607666,79330400,T
2026-07-20,21.950000762939453,21.950000762939453,22.040000915527344,21.540000915527344,21.600000381469727,87678100,T
2026-07-21,22.260000228881836,22.260000228881836,22.389999389648438,21.700000762939453,21.93000030517578,139856700,T
2026-07-22,23.040000915527344,23.040000915527344,23.649999618530273,22.729999542236328,23.3799991607666,187291400,T
2026-07-23,22.959999084472656,22.959999084472656,23.469999313354492,22.649999618530273,23.25,103562100,T
2026-07-24,24.1299991607666,24.1299991607666,24.1299991607666,23.0,23.0,80670900,T
2026-07-27,24.420000076293945,24.420000076293945,24.520000457763672,24.030000686645508,24.1299991607666,74458300,T
2026-07-28,24.65999984741211,24.65999984741211,25.31999969482422,24.600000381469727,24.84000015258789,57350500,T
2026-07-29,23.940000534057617,23.940000534057617,24.670000076293945,23.600000381469727,24.639999389648438,77480900,T
2026-07-30,23.209999084472656,23.209999084472656,23.6200008392334,23.139999389648438,23.40999984741211,49433700,T
2026-07-31,23.25,23.25,23.459999084472656,22.920000076293945,23.170000076293945,58149000,T
2026-08-03,23.59000015258789,23.59000015258789,23.75,23.299999237060547,23.65999984741211,53816900,T
2026-08-04,23.3799991607666,23.3799991607666,23.459999084472656,23.020000457763672,23.350000381469727,55823300,T
2026-08-05,23.059999465942383,23.059999465942383,23.280000686645508,22.549999237060547,22.65999984741211,66801800,T
2026-08-06,23.709999084472656,23.709999084472656,23.709999084472656,23.209999084472656,23.459999084472656,47689400,T
2026-08-07,23.790000915527344,23.790000915527344,23.90999984741211,23.350000381469727,23.5,34887000,T
2026-08-10,24.049999237060547,24.049999237060547,24.09000015258789,23.469999313354492,23.579999923706055,42877500,T
2026-08-11,24.5,24.5,24.5,23.979999542236328,24.020000457763672,35144000,T
2026-08-12,24.25,24.25,24.450000762939453,24.100000381469727,24.329999923706055,32522200,T
2026-08-13,24.579999923706055,24.579999923706055,24.68000030517578,24.219999313354492,24.280000686645508,35269900,T
2026-08-14,24.84149932861328,24.84149932861328,24.969999313354492,24.575000762939453,24.649999618530273,12105000,T
