Date,Adj Close,Close,High,Low,Open,Volume,Ticker
2016-08-15,35.98309326171875,41.3849983215332,41.81999969482422,41.20000076293945,41.81999969482422,11108400,TJX
2016-08-16,33.896358489990234,38.98500061035156,40.54499816894531,38.96500015258789,40.1349983215332,25043800,TJX
2016-08-17,33.992000579833984,39.095001220703125,39.54499816894531,38.75,38.90999984741211,13493800,TJX
2016-08-18,33.82680130004883,38.904998779296875,39.290000915527344,38.834999084472656,39.185001373291016,7870200,TJX
2016-08-19,34.496307373046875,39.67499923706055,39.720001220703125,38.900001525878906,38.94499969482422,12661400,TJX
2016-08-22,34.38761901855469,39.54999923706055,39.67499923706055,39.28499984741211,39.630001068115234,6607800,TJX
2016-08-23,34.209381103515625,39.345001220703125,39.724998474121094,39.345001220703125,39.71500015258789,5615600,TJX
2016-08-24,34.16156005859375,39.290000915527344,39.494998931884766,39.220001220703125,39.26499938964844,5144600,TJX
2016-08-25,34.2571907043457,39.400001525878906,39.4900016784668,39.119998931884766,39.23500061035156,8944600,TJX
2016-08-26,34.209381103515625,39.345001220703125,39.75,39.2599983215332,39.404998779296875,8106600,TJX
2016-08-29,34.15719985961914,39.28499984741211,39.56999969482422,39.209999084472656,39.28499984741211,5629800,TJX
2016-08-30,33.683349609375,38.7400016784668,39.28499984741211,38.650001525878906,39.224998474121094,6917200,TJX
2016-08-31,33.66595458984375,38.720001220703125,38.900001525878906,38.4900016784668,38.73500061035156,7270600,TJX
2016-09-01,33.79201889038086,38.8650016784668,38.91999816894531,38.41999816894531,38.81999969482422,6823600,TJX
2016-09-02,33.770286560058594,38.84000015258789,38.90999984741211,38.60499954223633,38.875,6229800,TJX
2016-09-06,33.622474670410156,38.66999816894531,38.755001068115234,38.459999084472656,38.75,6293800,TJX
2016-09-07,33.713775634765625,38.775001525878906,38.88999938964844,38.584999084472656,38.66999816894531,5691800,TJX
2016-09-08,33.13557815551758,38.11000061035156,38.755001068115234,38.02000045776367,38.650001525878906,9876600,TJX
2016-09-09,32.50086212158203,37.380001068115234,37.86000061035156,37.380001068115234,37.85499954223633,9241800,TJX
2016-09-12,32.84865188598633,37.779998779296875,37.8650016784668,37.36000061035156,37.380001068115234,9965600,TJX
2016-09-13,32.30522918701172,37.154998779296875,37.64500045776367,37.03499984741211,37.494998931884766,7404800,TJX
2016-09-14,32.244361877441406,37.084999084472656,37.29999923706055,36.95000076293945,37.189998626708984,7124000,TJX
2016-09-15,32.62258529663086,37.52000045776367,37.61000061035156,36.970001220703125,37.04499816894531,9713400,TJX
2016-09-16,32.46173858642578,37.334999084472656,37.54499816894531,37.16999816894531,37.334999084472656,6980600,TJX
2016-09-19,32.470436096191406,37.345001220703125,37.630001068115234,37.34000015258789,37.525001525878906,4379000,TJX
2016-09-20,32.63127899169922,37.529998779296875,38.150001525878906,37.470001220703125,37.5,7023600,TJX
2016-09-21,33.083404541015625,38.04999923706055,38.06999969482422,37.55500030517578,37.595001220703125,4917600,TJX
2016-09-22,33.25730514526367,38.25,38.564998626708984,38.064998626708984,38.29999923706055,6088400,TJX
2016-09-23,33.04862976074219,38.0099983215332,38.349998474121094,37.95000076293945,38.2400016784668,7207200,TJX
2016-09-26,32.683448791503906,37.59000015258789,37.82500076293945,37.415000915527344,37.82500076293945,6792200,TJX
2016-09-27,32.70954513549805,37.619998931884766,37.7599983215332,37.470001220703125,37.6349983215332,5677600,TJX
2016-09-28,32.34000778198242,37.19499969482422,37.73500061035156,37.08000183105469,37.6349983215332,5352800,TJX
2016-09-29,32.113948822021484,36.935001373291016,37.33000183105469,36.91999816894531,37.275001525878906,5617800,TJX
2016-09-30,32.509552001953125,37.38999938964844,37.48500061035156,37.084999084472656,37.26499938964844,6235800,TJX
2016-10-03,32.3226203918457,37.17499923706055,37.40999984741211,37.154998779296875,37.21500015258789,6552000,TJX
2016-10-04,32.34000778198242,37.19499969482422,37.470001220703125,37.08000183105469,37.21500015258789,5425600,TJX
2016-10-05,32.25741195678711,37.099998474121094,37.45000076293945,37.060001373291016,37.209999084472656,4222200,TJX
2016-10-06,32.2661018371582,37.11000061035156,37.20000076293945,36.779998779296875,36.9900016784668,5151400,TJX
2016-10-07,32.05743408203125,36.869998931884766,37.57500076293945,36.619998931884766,37.435001373291016,9986400,TJX
2016-10-10,32.531288146972656,37.415000915527344,37.61000061035156,37.224998474121094,37.310001373291016,6037600,TJX
2016-10-11,32.27045440673828,37.1150016784668,37.41999816894531,37.09000015258789,37.26499938964844,5692200,TJX
2016-10-12,32.774757385253906,37.69499969482422,37.775001525878906,37.02000045776367,37.09000015258789,5655000,TJX
2016-10-13,32.37479782104492,37.23500061035156,37.54499816894531,36.95000076293945,37.540000915527344,5763200,TJX
2016-10-14,32.27045440673828,37.1150016784668,37.369998931884766,37.10499954223633,37.334999084472656,5169400,TJX
2016-10-17,31.87483787536621,36.65999984741211,37.09000015258789,36.595001220703125,37.029998779296875,4212600,TJX
2016-10-18,31.80529022216797,36.58000183105469,36.98500061035156,36.255001068115234,36.900001525878906,4191600,TJX
2016-10-19,31.935712814331055,36.72999954223633,36.79999923706055,36.38999938964844,36.70000076293945,4338600,TJX
2016-10-20,31.861814498901367,36.64500045776367,36.92499923706055,36.6150016784668,36.849998474121094,3109600,TJX
2016-10-21,31.948741912841797,36.744998931884766,36.849998474121094,36.400001525878906,36.625,3987800,TJX
2016-10-24,32.24870681762695,37.09000015258789,37.1150016784668,36.80500030517578,36.935001373291016,3898800,TJX
2016-10-25,32.00525665283203,36.810001373291016,36.94499969482422,36.48500061035156,36.834999084472656,4966400,TJX
2016-10-26,32.209590911865234,37.04499816894531,37.14500045776367,36.56999969482422,36.630001068115234,3554400,TJX
2016-10-27,31.813980102539062,36.59000015258789,37.1349983215332,36.55500030517578,37.01499938964844,4552000,TJX
2016-10-28,31.944412231445312,36.7400016784668,36.98500061035156,36.51499938964844,36.654998779296875,2952000,TJX
2016-10-31,32.06179428100586,36.875,36.915000915527344,36.6150016784668,36.775001525878906,5346600,TJX
2016-11-01,31.50531578063965,36.23500061035156,36.880001068115234,36.16999816894531,36.84000015258789,5711400,TJX
2016-11-02,31.62270164489746,36.369998931884766,36.57500076293945,36.150001525878906,36.165000915527344,5465000,TJX
2016-11-03,31.21404266357422,35.900001525878906,36.59000015258789,35.814998626708984,36.439998626708984,5312600,TJX
2016-11-04,31.266218185424805,35.959999084472656,36.255001068115234,35.8650016784668,36.03499984741211,5981600,TJX
2016-11-07,31.87919044494629,36.665000915527344,36.67499923706055,36.16999816894531,36.400001525878906,8519000,TJX
2016-11-08,31.948999404907227,36.6150016784668,36.849998474121094,36.404998779296875,36.564998626708984,6728600,TJX
2016-11-09,32.258758544921875,36.970001220703125,37.07500076293945,35.75,35.94499969482422,7750600,TJX
2016-11-10,32.89137268066406,37.69499969482422,38.040000915527344,37.19499969482422,37.19499969482422,10312800,TJX
2016-11-11,32.89137268066406,37.69499969482422,37.755001068115234,37.310001373291016,37.44499969482422,6923800,TJX
2016-11-14,32.38090896606445,37.11000061035156,38.02000045776367,36.97999954223633,37.7599983215332,11516200,TJX
2016-11-15,32.062435150146484,36.744998931884766,37.32500076293945,36.15999984741211,36.650001525878906,12345200,TJX
2016-11-16,33.32765197753906,38.19499969482422,38.2599983215332,36.75,36.75,12935600,TJX
2016-11-17,33.63741683959961,38.54999923706055,38.56999969482422,37.720001220703125,38.040000915527344,10430200,TJX
2016-11-18,33.912261962890625,38.8650016784668,38.96500015258789,38.23500061035156,38.470001220703125,9735200,TJX
2016-11-21,33.88608932495117,38.834999084472656,38.86000061035156,38.59000015258789,38.7400016784668,9923000,TJX
2016-11-22,34.601600646972656,39.654998779296875,39.86000061035156,38.89500045776367,38.97999954223633,10983400,TJX
2016-11-23,34.65395736694336,39.71500015258789,39.85499954223633,39.44499969482422,39.51499938964844,5142000,TJX
2016-11-25,34.571048736572266,39.619998931884766,39.89500045776367,39.53499984741211,39.68000030517578,2733200,TJX
2016-11-28,34.31364822387695,39.32500076293945,39.619998931884766,39.27000045776367,39.415000915527344,5920800,TJX
2016-11-29,34.383460998535156,39.404998779296875,39.58000183105469,39.34000015258789,39.38999938964844,6361800,TJX
2016-11-30,34.17839813232422,39.16999816894531,39.525001525878906,39.125,39.22999954223633,8293800,TJX
2016-12-01,33.88608932495117,38.834999084472656,39.279998779296875,38.77000045776367,39.040000915527344,6984600,TJX
2016-12-02,33.63741683959961,38.54999923706055,38.98500061035156,38.47999954223633,38.834999084472656,6391800,TJX
2016-12-05,33.73775863647461,38.665000915527344,38.9900016784668,38.44499969482422,38.56999969482422,8377800,TJX
2016-12-06,33.78574752807617,38.720001220703125,38.790000915527344,38.529998779296875,38.76499938964844,5204600,TJX
2016-12-07,34.11296081542969,39.095001220703125,39.130001068115234,38.64500045776367,38.720001220703125,7124800,TJX
2016-12-08,34.021339416503906,38.9900016784668,39.27000045776367,38.845001220703125,39.16999816894531,5861800,TJX
2016-12-09,34.04315185546875,39.01499938964844,39.130001068115234,38.599998474121094,39.04999923706055,5646200,TJX
2016-12-12,33.63304901123047,38.54499816894531,38.935001373291016,38.369998931884766,38.84000015258789,7829600,TJX
2016-12-13,34.14350891113281,39.130001068115234,39.29499816894531,38.474998474121094,38.66999816894531,7857600,TJX
2016-12-14,33.724666595458984,38.650001525878906,39.27000045776367,38.61000061035156,39.15999984741211,7289600,TJX
2016-12-15,33.777015686035156,38.709999084472656,38.959999084472656,38.540000915527344,38.71500015258789,6195600,TJX
2016-12-16,33.493431091308594,38.3849983215332,38.875,38.310001373291016,38.75,11429600,TJX
2016-12-19,33.567604064941406,38.470001220703125,38.72999954223633,38.31999969482422,38.3650016784668,6061600,TJX
2016-12-20,33.864288330078125,38.810001373291016,38.935001373291016,38.45500183105469,38.599998474121094,5037800,TJX
2016-12-21,33.790103912353516,38.724998474121094,38.935001373291016,38.5099983215332,38.689998626708984,4599200,TJX
2016-12-22,33.34945297241211,38.220001220703125,38.60499954223633,38.095001220703125,38.59000015258789,5495400,TJX
2016-12-23,33.34945297241211,38.220001220703125,38.45000076293945,38.13999938964844,38.220001220703125,3180800,TJX
2016-12-27,33.26657485961914,38.125,38.43000030517578,38.01499938964844,38.26499938964844,2499200,TJX
2016-12-28,32.856475830078125,37.654998779296875,38.189998626708984,37.6150016784668,38.150001525878906,4329600,TJX
2016-12-29,33.030975341796875,37.85499954223633,37.994998931884766,37.7400016784668,37.78499984741211,3731000,TJX
2016-12-30,32.77793502807617,37.564998626708984,38.130001068115234,37.47999954223633,37.970001220703125,4633400,TJX
2017-01-03,32.91755294799805,37.724998474121094,37.96500015258789,37.470001220703125,37.779998779296875,7643000,TJX
2017-01-04,33.427982330322266,38.310001373291016,38.3650016784668,37.89500045776367,37.904998779296875,6695400,TJX
2017-01-05,33.22294616699219,38.07500076293945,38.2599983215332,37.494998931884766,37.70000076293945,9958600,TJX
2017-01-06,33.14876937866211,37.9900016784668,38.275001525878906,37.904998779296875,38.02000045776367,6947400,TJX
2017-01-09,33.20112991333008,38.04999923706055,38.290000915527344,37.93000030517578,37.93000030517578,6437600,TJX
2017-01-10,33.45853042602539,38.345001220703125,38.60499954223633,37.904998779296875,37.95500183105469,7689400,TJX
2017-01-11,33.25783920288086,38.1150016784668,38.41999816894531,37.76499938964844,38.29499816894531,5807000,TJX
2017-01-12,33.126956939697266,37.96500015258789,38.04999923706055,37.61000061035156,37.9900016784668,6780200,TJX
2017-01-13,33.126956939697266,37.96500015258789,38.22999954223633,37.88999938964844,37.90999984741211,5234000,TJX
2017-01-17,33.48471450805664,38.375,38.599998474121094,38.0,38.040000915527344,6864200,TJX
2017-01-18,33.45418167114258,38.34000015258789,38.53499984741211,38.130001068115234,38.4900016784668,6431000,TJX
2017-01-19,32.756107330322266,37.540000915527344,38.349998474121094,37.525001525878906,38.255001068115234,8397400,TJX
2017-01-20,32.934993743896484,37.744998931884766,37.775001525878906,37.29499816894531,37.654998779296875,8272400,TJX
2017-01-23,32.498714447021484,37.244998931884766,37.685001373291016,37.19499969482422,37.59000015258789,6105000,TJX
2017-01-24,32.54235076904297,37.29499816894531,37.470001220703125,37.14500045776367,37.36000061035156,7966400,TJX
2017-01-25,32.908817291259766,37.71500015258789,37.7599983215332,37.31999969482422,37.459999084472656,6617000,TJX
2017-01-26,32.747398376464844,37.529998779296875,37.849998474121094,37.5,37.7400016784668,4746200,TJX
2017-01-27,32.398372650146484,37.130001068115234,37.73500061035156,36.98500061035156,37.650001525878906,5186400,TJX
2017-01-30,32.30238342285156,37.02000045776367,37.15999984741211,36.69499969482422,37.1349983215332,5353000,TJX
2017-01-31,32.686309814453125,37.459999084472656,37.494998931884766,36.625,36.724998474121094,10055400,TJX
2017-02-01,32.581600189208984,37.34000015258789,37.63999938964844,37.154998779296875,37.53499984741211,7634200,TJX
2017-02-02,32.690677642822266,37.46500015258789,37.76499938964844,37.150001525878906,37.31999969482422,8668000,TJX
2017-02-03,32.92626190185547,37.73500061035156,37.915000915527344,37.345001220703125,37.380001068115234,8495200,TJX
2017-02-06,32.86518478393555,37.665000915527344,37.81999969482422,37.470001220703125,37.525001525878906,7469200,TJX
2017-02-07,32.935237884521484,37.6150016784668,37.75,37.5,37.584999084472656,4672200,TJX
2017-02-08,33.05781936645508,37.755001068115234,37.8849983215332,37.525001525878906,37.560001373291016,7997800,TJX
2017-02-09,33.32049560546875,38.05500030517578,38.26499938964844,37.755001068115234,37.755001068115234,6350800,TJX
2017-02-10,33.732032775878906,38.525001525878906,38.599998474121094,37.959999084472656,38.119998931884766,7343200,TJX
2017-02-13,33.66635513305664,38.45000076293945,38.79999923706055,38.30500030517578,38.654998779296875,6971400,TJX
2017-02-14,34.182945251464844,39.040000915527344,39.07500076293945,38.31999969482422,38.400001525878906,8086200,TJX
2017-02-15,34.24862289428711,39.1150016784668,39.23500061035156,38.85499954223633,39.119998931884766,6765800,TJX
2017-02-16,33.63571548461914,38.415000915527344,39.040000915527344,38.310001373291016,39.025001525878906,10997400,TJX
2017-02-17,33.79331970214844,38.595001220703125,38.724998474121094,38.189998626708984,38.314998626708984,12285800,TJX
2017-02-21,33.377410888671875,38.119998931884766,38.70500183105469,38.01499938964844,38.70000076293945,17787800,TJX
2017-02-22,33.425567626953125,38.17499923706055,38.849998474121094,37.724998474121094,38.540000915527344,18270600,TJX
2017-02-23,34.064735412597656,38.904998779296875,39.439998626708984,38.400001525878906,38.400001525878906,18138800,TJX
2017-02-24,34.257381439208984,39.125,39.400001525878906,38.76499938964844,38.79999923706055,10806800,TJX
2017-02-27,34.41936492919922,39.310001373291016,39.435001373291016,39.08000183105469,39.125,8865800,TJX
2017-02-28,34.34492874145508,39.224998474121094,39.334999084472656,38.77000045776367,39.1150016784668,12518800,TJX
2017-03-01,34.34492874145508,39.224998474121094,39.5,38.939998626708984,39.4900016784668,12873000,TJX
2017-03-02,34.756446838378906,39.69499969482422,39.86000061035156,39.05500030517578,39.13999938964844,7851400,TJX
2017-03-03,34.50691604614258,39.40999984741211,39.6349983215332,39.20500183105469,39.54999923706055,5849800,TJX
2017-03-06,34.41060256958008,39.29999923706055,39.47999954223633,39.18000030517578,39.255001068115234,5672400,TJX
2017-03-07,34.279266357421875,39.150001525878906,39.5,39.11000061035156,39.185001373291016,6364400,TJX
2017-03-08,34.34492874145508,39.224998474121094,39.43000030517578,39.064998626708984,39.11000061035156,6377200,TJX
2017-03-09,34.12165832519531,38.970001220703125,39.275001525878906,38.91999816894531,39.18000030517578,5658400,TJX
2017-03-10,34.22673416137695,39.09000015258789,39.209999084472656,38.529998779296875,39.14500045776367,5936000,TJX
2017-03-13,34.17420196533203,39.029998779296875,39.23500061035156,38.80500030517578,38.994998931884766,4938400,TJX
2017-03-14,34.270503997802734,39.13999938964844,39.31999969482422,39.0099983215332,39.130001068115234,4767600,TJX
2017-03-15,34.66453170776367,39.59000015258789,39.65999984741211,39.084999084472656,39.125,6538200,TJX
2017-03-16,34.682037353515625,39.61000061035156,39.82500076293945,39.47999954223633,39.75,7679400,TJX
2017-03-17,34.682037353515625,39.61000061035156,39.81999969482422,39.380001068115234,39.80500030517578,10223400,TJX
2017-03-20,34.22673416137695,39.09000015258789,39.61000061035156,38.959999084472656,39.60499954223633,7905400,TJX
2017-03-21,34.18732452392578,39.04499816894531,39.36000061035156,38.834999084472656,39.25,5887600,TJX
2017-03-22,34.42810821533203,39.31999969482422,39.369998931884766,38.845001220703125,39.025001525878906,5003400,TJX
2017-03-23,34.336181640625,39.21500015258789,39.540000915527344,39.13999938964844,39.3650016784668,5504200,TJX
2017-03-24,34.336181640625,39.21500015258789,39.310001373291016,38.95500183105469,39.1349983215332,5612200,TJX
2017-03-27,34.3011589050293,39.17499923706055,39.244998931884766,38.81999969482422,38.91999816894531,6205400,TJX
2017-03-28,34.45875549316406,39.35499954223633,39.44499969482422,39.08000183105469,39.1349983215332,9353000,TJX
2017-03-29,34.883426666259766,39.84000015258789,39.97999954223633,39.27000045776367,39.404998779296875,6476600,TJX
2017-03-30,34.922813415527344,39.8849983215332,39.91999816894531,39.66999816894531,39.724998474121094,3761200,TJX
2017-03-31,34.62074279785156,39.540000915527344,39.98500061035156,39.5099983215332,39.81999969482422,5430200,TJX
2017-04-03,34.292396545410156,39.165000915527344,39.68000030517578,39.064998626708984,39.64500045776367,7079600,TJX
2017-04-04,33.58317184448242,38.35499954223633,39.165000915527344,38.310001373291016,39.154998779296875,10849400,TJX
2017-04-05,33.241695404052734,37.96500015258789,38.529998779296875,37.904998779296875,38.400001525878906,9552800,TJX
2017-04-06,33.62257385253906,38.400001525878906,38.689998626708984,38.17499923706055,38.17499923706055,7543400,TJX
2017-04-07,33.31174087524414,38.04499816894531,38.39500045776367,38.040000915527344,38.310001373291016,7189800,TJX
2017-04-10,33.28110122680664,38.0099983215332,38.40999984741211,37.900001525878906,38.04999923706055,6252000,TJX
2017-04-11,33.705753326416016,38.494998931884766,38.505001068115234,37.904998779296875,37.98500061035156,8550000,TJX
2017-04-12,33.74952697753906,38.54499816894531,38.60499954223633,38.30500030517578,38.60499954223633,7882200,TJX
2017-04-13,33.6269416809082,38.404998779296875,38.685001373291016,38.3849983215332,38.5099983215332,5707000,TJX
2017-04-17,33.482479095458984,38.2400016784668,38.59000015258789,38.095001220703125,38.540000915527344,5060200,TJX
2017-04-18,33.640071868896484,38.41999816894531,38.595001220703125,38.130001068115234,38.25,4344600,TJX
2017-04-19,33.66635513305664,38.45000076293945,38.619998931884766,38.369998931884766,38.56999969482422,4035400,TJX
2017-04-20,34.22235107421875,39.084999084472656,39.165000915527344,38.58000183105469,38.584999084472656,6308400,TJX
2017-04-21,34.39309310913086,39.279998779296875,39.29499816894531,38.96500015258789,39.064998626708984,6104400,TJX
2017-04-24,34.41936492919922,39.310001373291016,39.619998931884766,39.099998474121094,39.564998626708984,4829400,TJX
2017-04-25,34.4893913269043,39.38999938964844,39.47999954223633,39.1349983215332,39.35499954223633,4545200,TJX
2017-04-26,34.55069351196289,39.459999084472656,39.7400016784668,39.33000183105469,39.47999954223633,4404000,TJX
2017-04-27,34.57258224487305,39.48500061035156,39.54999923706055,39.2400016784668,39.474998474121094,4598400,TJX
2017-04-28,34.42810821533203,39.31999969482422,39.474998474121094,39.029998779296875,39.46500015258789,5419200,TJX
2017-05-01,33.99468994140625,38.82500076293945,39.46500015258789,38.82500076293945,39.44499969482422,4067600,TJX
2017-05-02,34.54631042480469,39.45500183105469,39.45500183105469,38.810001373291016,38.89500045776367,6405200,TJX
2017-05-03,34.64700698852539,39.56999969482422,39.65999984741211,39.28499984741211,39.44499969482422,5854600,TJX
2017-05-04,34.57258224487305,39.48500061035156,39.58000183105469,39.25,39.5,4734800,TJX
2017-05-05,34.45001220703125,39.345001220703125,39.625,39.21500015258789,39.6150016784668,5780000,TJX
2017-05-08,34.3668212890625,39.25,39.48500061035156,39.10499954223633,39.44499969482422,6552000,TJX
2017-05-09,34.71537780761719,39.4900016784668,39.71500015258789,39.084999084472656,39.13999938964844,6493800,TJX
2017-05-10,35.48019027709961,40.36000061035156,40.459999084472656,39.38999938964844,39.51499938964844,9874400,TJX
2017-05-11,34.93075942993164,39.73500061035156,40.10499954223633,39.36000061035156,40.099998474121094,8713800,TJX
2017-05-12,33.98134231567383,38.654998779296875,39.53499984741211,38.5099983215332,39.53499984741211,11910000,TJX
2017-05-15,33.801124572753906,38.45000076293945,38.915000915527344,38.314998626708984,38.75,11815200,TJX
2017-05-16,32.420955657958984,36.880001068115234,37.685001373291016,36.51499938964844,36.810001373291016,30643600,TJX
2017-05-17,32.86488723754883,37.3849983215332,37.959999084472656,36.875,36.880001068115234,20090600,TJX
2017-05-18,32.7374153137207,37.2400016784668,37.685001373291016,37.18000030517578,37.47999954223633,11622600,TJX
2017-05-19,32.64511489868164,37.1349983215332,37.400001525878906,36.564998626708984,37.38999938964844,16200800,TJX
2017-05-22,33.093448638916016,37.64500045776367,37.724998474121094,37.15999984741211,37.279998779296875,10872800,TJX
2017-05-23,32.7022590637207,37.20000076293945,37.64500045776367,37.130001068115234,37.630001068115234,10835400,TJX
2017-05-24,32.52204895019531,36.994998931884766,37.349998474121094,36.98500061035156,37.27000045776367,11123200,TJX
2017-05-25,33.12862014770508,37.685001373291016,37.8650016784668,37.095001220703125,37.189998626708984,9097400,TJX
2017-05-26,33.198951721191406,37.76499938964844,37.91999816894531,37.6150016784668,37.79999923706055,5496600,TJX
2017-05-30,32.90005111694336,37.42499923706055,37.849998474121094,37.380001068115234,37.665000915527344,6939800,TJX
2017-05-31,33.05830001831055,37.60499954223633,37.68000030517578,37.404998779296875,37.584999084472656,7954600,TJX
2017-06-01,33.361576080322266,37.95000076293945,38.029998779296875,37.52000045776367,37.880001068115234,5530600,TJX
2017-06-02,33.06267547607422,37.61000061035156,37.89500045776367,37.43000030517578,37.70000076293945,6952800,TJX
2017-06-05,32.97917938232422,37.51499938964844,37.79499816894531,37.3849983215332,37.5099983215332,5087000,TJX
2017-06-06,32.51325225830078,36.98500061035156,37.42499923706055,36.939998626708984,37.334999084472656,7778800,TJX
2017-06-07,32.609954833984375,37.095001220703125,37.34000015258789,37.0099983215332,37.165000915527344,5436200,TJX
2017-06-08,31.990201950073242,36.38999938964844,37.310001373291016,36.36000061035156,37.095001220703125,10310000,TJX
2017-06-09,32.385799407958984,36.84000015258789,37.040000915527344,36.14500045776367,36.39500045776367,9353200,TJX
2017-06-12,32.42534255981445,36.8849983215332,37.2400016784668,36.76499938964844,36.76499938964844,7417600,TJX
2017-06-13,32.48688507080078,36.95500183105469,37.11000061035156,36.775001525878906,36.91999816894531,6415400,TJX
2017-06-14,32.161624908447266,36.584999084472656,36.92499923706055,36.435001373291016,36.8650016784668,7714600,TJX
2017-06-15,31.88469696044922,36.27000045776367,36.650001525878906,35.84000015258789,36.564998626708984,7819200,TJX
2017-06-16,31.84073829650879,36.220001220703125,36.255001068115234,35.70000076293945,35.935001373291016,11545000,TJX
2017-06-19,31.801179885864258,36.17499923706055,36.349998474121094,35.79499816894531,36.30500030517578,7778000,TJX
2017-06-20,30.847360610961914,35.09000015258789,36.09000015258789,35.07500076293945,36.03499984741211,14403600,TJX
2017-06-21,30.504520416259766,34.70000076293945,35.375,34.42499923706055,34.95000076293945,14474800,TJX
2017-06-22,30.218830108642578,34.375,34.724998474121094,34.27000045776367,34.70500183105469,12287800,TJX
2017-06-23,30.447385787963867,34.6349983215332,34.685001373291016,34.11000061035156,34.36000061035156,12230400,TJX
2017-06-26,30.74188232421875,34.970001220703125,35.16999816894531,34.709999084472656,34.89500045776367,7687800,TJX
2017-06-27,30.75067138671875,34.97999954223633,35.1150016784668,34.82500076293945,34.849998474121094,7125800,TJX
2017-06-28,31.38802146911621,35.70500183105469,35.76499938964844,35.06999969482422,35.13999938964844,9648800,TJX
2017-06-29,31.242969512939453,35.540000915527344,35.79499816894531,35.39500045776367,35.689998626708984,8988000,TJX
2017-06-30,31.722074508666992,36.084999084472656,36.275001525878906,35.665000915527344,35.744998931884766,12423600,TJX
2017-07-03,31.458335876464844,35.78499984741211,36.60499954223633,35.76499938964844,36.32500076293945,5938000,TJX
2017-07-05,31.286911010742188,35.59000015258789,35.85499954223633,35.130001068115234,35.85499954223633,10277400,TJX
2017-07-06,30.895727157592773,35.14500045776367,35.42499923706055,35.05500030517578,35.32500076293945,9383600,TJX
2017-07-07,30.922094345092773,35.17499923706055,35.46500015258789,35.11000061035156,35.25,8533800,TJX
2017-07-10,30.18805503845215,34.34000015258789,35.14500045776367,34.29999923706055,35.095001220703125,7759600,TJX
2017-07-11,30.15288543701172,34.29999923706055,34.459999084472656,34.17499923706055,34.29999923706055,9519200,TJX
2017-07-12,30.297945022583008,34.46500015258789,34.57500076293945,34.35499954223633,34.3849983215332,6893200,TJX
2017-07-13,30.759469985961914,34.9900016784668,35.01499938964844,34.619998931884766,34.665000915527344,10021800,TJX
2017-07-14,30.680339813232422,34.900001525878906,35.2599983215332,34.790000915527344,35.11000061035156,7418200,TJX
2017-07-17,30.926488876342773,35.18000030517578,35.39500045776367,34.85499954223633,34.900001525878906,8482200,TJX
2017-07-18,30.746267318725586,34.974998474121094,35.23500061035156,34.845001220703125,35.1349983215332,5696600,TJX
2017-07-19,30.900121688842773,35.150001525878906,35.310001373291016,34.95000076293945,35.04999923706055,10121800,TJX
2017-07-20,30.59243392944336,34.79999923706055,35.34000015258789,34.76499938964844,35.154998779296875,9760200,TJX
2017-07-21,30.293542861938477,34.459999084472656,34.71500015258789,34.150001525878906,34.64500045776367,9621800,TJX
2017-07-24,29.40566635131836,33.45000076293945,34.29999923706055,33.33000183105469,34.29999923706055,14687400,TJX
2017-07-25,30.196840286254883,34.349998474121094,34.6349983215332,33.61000061035156,33.6349983215332,11730600,TJX
2017-07-26,30.09574317932129,34.23500061035156,34.474998474121094,34.05500030517578,34.46500015258789,10048000,TJX
2017-07-27,30.610017776489258,34.81999969482422,34.869998931884766,34.15999984741211,34.224998474121094,9348600,TJX
2017-07-28,30.59243392944336,34.79999923706055,35.029998779296875,34.57500076293945,34.84000015258789,6867000,TJX
2017-07-31,30.904504776000977,35.154998779296875,35.220001220703125,34.59000015258789,34.875,8441400,TJX
2017-08-01,31.084745407104492,35.36000061035156,35.470001220703125,35.1349983215332,35.20000076293945,7076200,TJX
2017-08-02,30.99242401123047,35.255001068115234,35.439998626708984,35.0,35.14500045776367,6852800,TJX
2017-08-03,30.59243392944336,34.79999923706055,35.310001373291016,34.53499984741211,35.255001068115234,9416800,TJX
2017-08-04,30.838581085205078,35.08000183105469,35.185001373291016,34.76499938964844,34.875,6646400,TJX
2017-08-07,31.067140579223633,35.34000015258789,35.439998626708984,35.025001525878906,35.025001525878906,5566000,TJX
2017-08-08,31.56736183166504,35.75,36.04499816894531,35.349998474121094,35.404998779296875,10749600,TJX
2017-08-09,31.46139907836914,35.630001068115234,35.755001068115234,35.279998779296875,35.619998931884766,7745800,TJX
2017-08-10,31.01991081237793,35.130001068115234,35.38999938964844,34.89500045776367,35.345001220703125,9474000,TJX
2017-08-11,31.377521514892578,35.53499984741211,35.775001525878906,34.9900016784668,35.05500030517578,9866600,TJX
2017-08-14,30.73734474182129,34.810001373291016,35.875,34.650001525878906,35.814998626708984,15373000,TJX
2017-08-15,30.97575569152832,35.08000183105469,35.904998779296875,34.44499969482422,34.875,16432400,TJX
2017-08-16,31.60709571838379,35.79499816894531,35.85499954223633,35.1150016784668,35.380001068115234,11446400,TJX
2017-08-17,31.015491485595703,35.125,35.560001373291016,35.09000015258789,35.540000915527344,10500200,TJX
2017-08-18,31.11261558532715,35.23500061035156,35.61000061035156,35.0,35.150001525878906,13310200,TJX
2017-08-21,31.549701690673828,35.72999954223633,35.834999084472656,35.07500076293945,35.244998931884766,10439400,TJX
2017-08-22,31.61152458190918,35.79999923706055,35.974998474121094,35.564998626708984,35.79499816894531,8857600,TJX
2017-08-23,31.60709571838379,35.79499816894531,35.915000915527344,35.540000915527344,35.7400016784668,8798400,TJX
2017-08-24,31.298059463500977,35.44499969482422,36.60499954223633,35.33000183105469,36.279998779296875,13381000,TJX
2017-08-25,31.642419815063477,35.834999084472656,36.064998626708984,35.505001068115234,35.650001525878906,5931800,TJX
2017-08-28,31.699817657470703,35.900001525878906,36.099998474121094,35.80500030517578,36.0,9468600,TJX
2017-08-29,31.562965393066406,35.744998931884766,35.80500030517578,35.41999816894531,35.66999816894531,6457400,TJX
2017-08-30,31.810182571411133,36.025001525878906,36.13999938964844,35.61000061035156,35.70500183105469,6433000,TJX
2017-08-31,31.920578002929688,36.150001525878906,36.220001220703125,35.915000915527344,35.915000915527344,9065400,TJX
2017-09-01,31.955881118774414,36.189998626708984,36.40999984741211,36.08000183105469,36.220001220703125,5649400,TJX
2017-09-05,31.938234329223633,36.16999816894531,36.28499984741211,35.86000061035156,36.084999084472656,6549400,TJX
2017-09-06,32.24286651611328,36.51499938964844,36.54999923706055,36.16999816894531,36.19499969482422,6046000,TJX
2017-09-07,32.194297790527344,36.459999084472656,36.82500076293945,36.275001525878906,36.75,5414600,TJX
2017-09-08,31.960311889648438,36.19499969482422,36.494998931884766,35.86000061035156,36.48500061035156,5362800,TJX
2017-09-11,32.15898895263672,36.41999816894531,36.5,36.0,36.19499969482422,6392600,TJX
2017-09-12,32.46803283691406,36.77000045776367,37.150001525878906,36.5,36.505001068115234,5713800,TJX
2017-09-13,32.44594955444336,36.744998931884766,37.11000061035156,36.70000076293945,36.834999084472656,7606000,TJX
2017-09-14,32.32232666015625,36.60499954223633,36.779998779296875,36.43000030517578,36.755001068115234,6972600,TJX
2017-09-15,32.55632781982422,36.869998931884766,36.89500045776367,36.279998779296875,36.595001220703125,8045600,TJX
2017-09-18,32.415042877197266,36.709999084472656,36.95000076293945,36.564998626708984,36.939998626708984,3889400,TJX
2017-09-19,32.154563903808594,36.415000915527344,36.83000183105469,36.404998779296875,36.79499816894531,5666800,TJX
2017-09-20,31.973539352416992,36.209999084472656,36.404998779296875,35.970001220703125,36.400001525878906,9761200,TJX
2017-09-21,32.150150299072266,36.40999984741211,36.584999084472656,36.21500015258789,36.27000045776367,7468000,TJX
2017-09-22,31.98679542541504,36.224998474121094,36.44499969482422,36.07500076293945,36.32500076293945,8517400,TJX
2017-09-25,32.5960693359375,36.915000915527344,36.994998931884766,36.150001525878906,36.2599983215332,10140000,TJX
2017-09-26,32.57398986816406,36.88999938964844,37.189998626708984,36.7599983215332,37.0,5863600,TJX
2017-09-27,32.74176788330078,37.08000183105469,37.189998626708984,36.685001373291016,36.92499923706055,4674000,TJX
2017-09-28,32.6490478515625,36.974998474121094,37.1150016784668,36.7599983215332,37.025001525878906,4917200,TJX
2017-09-29,32.551918029785156,36.8650016784668,37.185001373291016,36.810001373291016,37.04499816894531,5973000,TJX
2017-10-02,32.40622329711914,36.70000076293945,36.8849983215332,36.369998931884766,36.845001220703125,5896200,TJX
2017-10-03,32.59164810180664,36.90999984741211,36.98500061035156,36.63999938964844,36.755001068115234,3970200,TJX
2017-10-04,32.5165901184082,36.82500076293945,36.935001373291016,36.54999923706055,36.81999969482422,5613800,TJX
2017-10-05,32.58724594116211,36.904998779296875,36.94499969482422,36.599998474121094,36.71500015258789,7773800,TJX
2017-10-06,32.49452590942383,36.79999923706055,36.97999954223633,36.54999923706055,36.75,4127400,TJX
2017-10-09,32.24286651611328,36.51499938964844,36.93000030517578,36.404998779296875,36.81999969482422,3640000,TJX
2017-10-10,31.898496627807617,36.125,36.619998931884766,36.07500076293945,36.54999923706055,5822000,TJX
2017-10-11,32.03094482421875,36.275001525878906,36.46500015258789,36.10499954223633,36.22999954223633,5910000,TJX
2017-10-12,31.690996170043945,35.88999938964844,36.21500015258789,35.564998626708984,36.21500015258789,6957800,TJX
2017-10-13,31.819021224975586,36.03499984741211,36.22999954223633,35.775001525878906,35.89500045776367,5299000,TJX
2017-10-16,31.42167854309082,35.584999084472656,35.90999984741211,35.400001525878906,35.8849983215332,6183000,TJX
2017-10-17,31.699817657470703,35.900001525878906,35.94499969482422,35.529998779296875,35.560001373291016,5210200,TJX
2017-10-18,31.479076385498047,35.650001525878906,35.994998931884766,35.58000183105469,35.849998474121094,6874000,TJX
2017-10-19,31.52764129638672,35.70500183105469,35.849998474121094,35.53499984741211,35.650001525878906,6904600,TJX
2017-10-20,31.82784652709961,36.04499816894531,36.165000915527344,35.79999923706055,35.8849983215332,6701800,TJX
2017-10-23,31.876419067382812,36.099998474121094,36.41999816894531,35.915000915527344,36.005001068115234,5615000,TJX
2017-10-24,31.673324584960938,35.869998931884766,36.29999923706055,35.82500076293945,36.13999938964844,5328600,TJX
2017-10-25,31.540874481201172,35.720001220703125,35.974998474121094,35.53499984741211,35.869998931884766,6299800,TJX
2017-10-26,31.55412483215332,35.73500061035156,35.970001220703125,35.474998474121094,35.72999954223633,6558600,TJX
2017-10-27,31.143531799316406,35.27000045776367,35.66999816894531,35.1150016784668,35.665000915527344,8995600,TJX
2017-10-30,30.618135452270508,34.67499923706055,35.11000061035156,34.45000076293945,35.099998474121094,9031400,TJX
2017-10-31,30.81681251525879,34.900001525878906,35.58000183105469,34.755001068115234,35.29999923706055,7563600,TJX
2017-11-01,30.781494140625,34.86000061035156,35.20000076293945,34.689998626708984,35.13999938964844,5835600,TJX
2017-11-02,30.997833251953125,35.10499954223633,35.275001525878906,34.810001373291016,35.0,5883400,TJX
2017-11-03,30.28700828552246,34.29999923706055,34.9900016784668,34.2599983215332,34.9900016784668,8599000,TJX
2017-11-06,30.123661041259766,34.1150016784668,34.595001220703125,34.07500076293945,34.31999969482422,9608400,TJX
2017-11-07,30.15457534790039,34.150001525878906,34.3650016784668,33.994998931884766,34.14500045776367,9966000,TJX
2017-11-08,30.151460647583008,33.9900016784668,34.23500061035156,33.73500061035156,33.900001525878906,9541600,TJX
2017-11-09,30.71474838256836,34.625,34.94499969482422,33.869998931884766,33.974998474121094,10346200,TJX
2017-11-10,31.144977569580078,35.11000061035156,35.119998931884766,34.56999969482422,34.689998626708984,12163400,TJX
2017-11-13,31.384485244750977,35.380001068115234,36.029998779296875,35.04499816894531,35.119998931884766,18013200,TJX
2017-11-14,30.13370704650879,33.970001220703125,34.79499816894531,33.220001220703125,33.79999923706055,34174200,TJX
2017-11-15,30.621604919433594,34.52000045776367,34.779998779296875,33.5,33.755001068115234,20352800,TJX
2017-11-16,30.630474090576172,34.529998779296875,34.7599983215332,34.375,34.55500030517578,9703600,TJX
2017-11-17,31.499794006347656,35.5099983215332,35.68000030517578,34.67499923706055,34.67499923706055,15719400,TJX
2017-11-20,31.575199127197266,35.595001220703125,35.76499938964844,35.290000915527344,35.54499816894531,12259400,TJX
2017-11-21,31.59294891357422,35.6150016784668,35.63999938964844,35.04999923706055,35.4900016784668,8843400,TJX
2017-11-22,31.300212860107422,35.28499984741211,35.67499923706055,35.220001220703125,35.564998626708984,7535800,TJX
2017-11-24,31.43326759338379,35.435001373291016,35.724998474121094,35.375,35.58000183105469,3206800,TJX
2017-11-27,31.473182678222656,35.47999954223633,35.70000076293945,35.25,35.474998474121094,8922200,TJX
2017-11-28,32.22276306152344,36.32500076293945,36.375,35.435001373291016,35.529998779296875,9285200,TJX
2017-11-29,33.16749954223633,37.38999938964844,37.869998931884766,36.314998626708984,36.375,14984200,TJX
2017-11-30,33.509010314941406,37.775001525878906,38.11000061035156,37.09000015258789,37.154998779296875,12560200,TJX
2017-12-01,33.4202995300293,37.67499923706055,38.095001220703125,37.22999954223633,37.650001525878906,10435600,TJX
2017-12-04,34.152137756347656,38.5,38.970001220703125,37.83000183105469,37.875,10717200,TJX
2017-12-05,33.531192779541016,37.79999923706055,38.20000076293945,37.779998779296875,38.040000915527344,13641000,TJX
2017-12-06,33.28723907470703,37.525001525878906,38.064998626708984,37.525001525878906,37.7400016784668,6365800,TJX
2017-12-07,32.75056457519531,36.91999816894531,37.68000030517578,36.875,37.68000030517578,10558000,TJX
2017-12-08,32.768306732177734,36.939998626708984,37.04499816894531,36.564998626708984,37.005001068115234,9540800,TJX
2017-12-11,32.51106262207031,36.650001525878906,36.875,36.459999084472656,36.869998931884766,12004600,TJX
2017-12-12,32.65299606323242,36.810001373291016,36.88999938964844,36.525001525878906,36.525001525878906,10407800,TJX
2017-12-13,32.777183532714844,36.95000076293945,37.1349983215332,36.75,36.959999084472656,8416600,TJX
2017-12-14,32.56427001953125,36.709999084472656,37.209999084472656,36.68000030517578,37.189998626708984,8148200,TJX
2017-12-15,32.896934509277344,37.084999084472656,37.470001220703125,36.775001525878906,36.94499969482422,13935600,TJX
2017-12-18,33.47351837158203,37.73500061035156,37.81999969482422,37.224998474121094,37.26499938964844,7242800,TJX
2017-12-19,33.73521041870117,38.029998779296875,38.095001220703125,37.57500076293945,37.900001525878906,10503000,TJX
2017-12-20,33.61989212036133,37.900001525878906,38.310001373291016,37.869998931884766,38.060001373291016,7444600,TJX
2017-12-21,33.84165573120117,38.150001525878906,38.334999084472656,37.654998779296875,37.685001373291016,7292800,TJX
2017-12-22,33.819488525390625,38.125,38.25,37.875,38.23500061035156,5993000,TJX
2017-12-26,34.35173034667969,38.724998474121094,38.744998931884766,38.17499923706055,38.20000076293945,4435600,TJX
2017-12-27,34.138832092285156,38.48500061035156,38.81999969482422,38.404998779296875,38.724998474121094,4209200,TJX
2017-12-28,33.877132415771484,38.189998626708984,38.55500030517578,38.040000915527344,38.505001068115234,4520400,TJX
2017-12-29,33.9126091003418,38.22999954223633,38.47999954223633,38.220001220703125,38.34000015258789,4752200,TJX
2018-01-02,34.0146484375,38.345001220703125,38.779998779296875,38.22999954223633,38.43000030517578,6881400,TJX
2018-01-03,33.402565002441406,37.654998779296875,38.08000183105469,37.41999816894531,38.0099983215332,9258800,TJX
2018-01-04,33.4557991027832,37.71500015258789,37.79499816894531,37.1349983215332,37.6150016784668,7599800,TJX
2018-01-05,34.21866989135742,38.57500076293945,38.599998474121094,37.76499938964844,37.76499938964844,7729000,TJX
2018-01-08,33.553367614746094,37.82500076293945,38.68000030517578,37.65999984741211,38.584999084472656,7883000,TJX
2018-01-09,33.48684310913086,37.75,38.025001525878906,37.525001525878906,37.84000015258789,8376400,TJX
2018-01-10,33.8283576965332,38.1349983215332,38.275001525878906,37.599998474121094,37.77000045776367,6656800,TJX
2018-01-11,34.098915100097656,38.439998626708984,38.5,37.875,38.07500076293945,5397800,TJX
2018-01-12,34.71986389160156,39.13999938964844,39.400001525878906,38.525001525878906,38.57500076293945,7825400,TJX
2018-01-16,33.97028732299805,38.29499816894531,39.3849983215332,38.150001525878906,39.3849983215332,7647400,TJX
2018-01-17,33.96585464477539,38.290000915527344,38.619998931884766,38.040000915527344,38.36000061035156,7595000,TJX
2018-01-18,34.26301574707031,38.625,38.95000076293945,38.33000183105469,38.369998931884766,5074800,TJX
2018-01-19,34.990421295166016,39.44499969482422,39.45000076293945,38.560001373291016,38.79499816894531,9128400,TJX
2018-01-22,35.24324035644531,39.72999954223633,39.790000915527344,39.154998779296875,39.470001220703125,8736600,TJX
2018-01-23,35.18113708496094,39.65999984741211,39.790000915527344,39.34000015258789,39.58000183105469,7822600,TJX
2018-01-24,35.15008544921875,39.625,39.93000030517578,39.33000183105469,39.599998474121094,6937400,TJX
2018-01-25,35.1545295715332,39.630001068115234,39.84000015258789,39.369998931884766,39.790000915527344,4852600,TJX
2018-01-26,35.708946228027344,40.255001068115234,40.279998779296875,39.39500045776367,39.86000061035156,7546400,TJX
2018-01-29,35.85088348388672,40.415000915527344,40.6150016784668,40.10499954223633,40.10499954223633,7882800,TJX
2018-01-30,35.637977600097656,40.17499923706055,40.72999954223633,39.994998931884766,40.400001525878906,9984400,TJX
2018-01-31,35.62466812133789,40.15999984741211,40.540000915527344,39.880001068115234,40.19499969482422,11270600,TJX
2018-02-01,35.52709197998047,40.04999923706055,40.3650016784668,39.779998779296875,40.029998779296875,6082000,TJX
2018-02-02,34.80411911010742,39.23500061035156,39.994998931884766,38.95500183105469,39.64500045776367,11470200,TJX
2018-02-05,33.73521041870117,38.029998779296875,39.57500076293945,38.025001525878906,39.040000915527344,10812800,TJX
2018-02-06,33.70416259765625,37.994998931884766,38.2599983215332,36.685001373291016,37.0,11889800,TJX
2018-02-07,33.79730987548828,38.099998474121094,38.58000183105469,37.8849983215332,38.119998931884766,12023400,TJX
2018-02-08,32.98120880126953,37.18000030517578,38.404998779296875,37.17499923706055,38.27000045776367,10940000,TJX
2018-02-09,33.54892349243164,37.81999969482422,38.125,36.40999984741211,37.29499816894531,15882000,TJX
2018-02-12,33.57998275756836,37.85499954223633,38.189998626708984,37.27000045776367,38.125,10206800,TJX
2018-02-13,33.509010314941406,37.775001525878906,38.095001220703125,37.5099983215332,37.755001068115234,6666600,TJX
2018-02-14,34.10270309448242,38.28499984741211,38.46500015258789,37.48500061035156,37.54499816894531,8596600,TJX
2018-02-15,34.73069381713867,38.9900016784668,38.9900016784668,38.08000183105469,38.584999084472656,9808400,TJX
2018-02-16,34.68614959716797,38.939998626708984,39.564998626708984,38.935001373291016,38.98500061035156,8217600,TJX
2018-02-20,34.01362228393555,38.185001373291016,38.79499816894531,38.09000015258789,38.63999938964844,7274800,TJX
2018-02-21,33.777584075927734,37.91999816894531,38.57500076293945,37.904998779296875,38.27000045776367,7272000,TJX
2018-02-22,34.0269775390625,38.20000076293945,38.38999938964844,37.92499923706055,38.025001525878906,5683000,TJX
2018-02-23,34.721771240234375,38.97999954223633,38.994998931884766,38.29999923706055,38.42499923706055,6448800,TJX
2018-02-26,35.11815643310547,39.42499923706055,39.4900016784668,38.779998779296875,39.2599983215332,9020800,TJX
2018-02-27,34.43228530883789,38.654998779296875,40.119998931884766,38.650001525878906,39.85499954223633,10695000,TJX
2018-02-28,36.823970794677734,41.34000015258789,42.39500045776367,41.084999084472656,41.92499923706055,30077200,TJX
2018-03-01,36.895225524902344,41.41999816894531,42.27000045776367,40.5,41.10499954223633,17762200,TJX
2018-03-02,37.25598907470703,41.82500076293945,41.95500183105469,40.79999923706055,40.79999923706055,11112000,TJX
2018-03-05,37.33615493774414,41.915000915527344,42.02000045776367,41.650001525878906,41.75,8423600,TJX
2018-03-06,37.5855712890625,42.19499969482422,42.220001220703125,41.73500061035156,41.96500015258789,7967400,TJX
2018-03-07,36.80171203613281,41.314998626708984,42.2599983215332,41.244998931884766,41.66999816894531,13295200,TJX
2018-03-08,36.815067291259766,41.33000183105469,41.900001525878906,41.220001220703125,41.650001525878906,12822200,TJX
2018-03-09,36.81950378417969,41.334999084472656,41.595001220703125,40.724998474121094,41.45000076293945,12639200,TJX
2018-03-12,36.73044967651367,41.23500061035156,41.36000061035156,40.869998931884766,41.25,7141600,TJX
2018-03-13,36.65472412109375,41.150001525878906,41.630001068115234,41.095001220703125,41.369998931884766,7518600,TJX
2018-03-14,36.46765899658203,40.939998626708984,41.404998779296875,40.720001220703125,41.275001525878906,8172400,TJX
2018-03-15,36.22716522216797,40.66999816894531,41.04999923706055,40.540000915527344,41.029998779296875,6009200,TJX
2018-03-16,36.258331298828125,40.70500183105469,41.119998931884766,40.60499954223633,40.63999938964844,11732000,TJX
2018-03-19,36.249427795410156,40.69499969482422,41.02000045776367,40.5099983215332,40.70500183105469,5299000,TJX
2018-03-20,36.449851989746094,40.91999816894531,41.04499816894531,40.619998931884766,40.84000015258789,6760400,TJX
2018-03-21,36.91304397583008,41.439998626708984,41.70500183105469,40.790000915527344,40.939998626708984,7234800,TJX
2018-03-22,36.07573318481445,40.5,41.290000915527344,40.474998474121094,41.064998626708984,9109000,TJX
2018-03-23,35.57689666748047,39.939998626708984,40.80500030517578,39.880001068115234,40.755001068115234,7377800,TJX
2018-03-26,36.10690689086914,40.53499984741211,40.724998474121094,40.244998931884766,40.31999969482422,8426000,TJX
2018-03-27,35.826332092285156,40.220001220703125,40.76499938964844,40.060001373291016,40.46500015258789,7267400,TJX
2018-03-28,35.93766784667969,40.345001220703125,41.125,40.28499984741211,40.439998626708984,6111800,TJX
2018-03-29,36.32514190673828,40.779998779296875,41.10499954223633,40.505001068115234,40.560001373291016,6764400,TJX
2018-04-02,35.879764556884766,40.279998779296875,41.18000030517578,39.86000061035156,40.8650016784668,7230800,TJX
2018-04-03,36.6680908203125,41.165000915527344,41.185001373291016,40.314998626708984,40.3650016784668,7943000,TJX
2018-04-04,37.39850997924805,41.98500061035156,42.08000183105469,40.665000915527344,40.86000061035156,6186400,TJX
2018-04-05,37.83944320678711,42.47999954223633,42.60499954223633,41.845001220703125,42.125,7424600,TJX
2018-04-06,37.1624641418457,41.720001220703125,42.5,41.45500183105469,42.29499816894531,5758000,TJX
2018-04-09,36.79280090332031,41.30500030517578,42.10499954223633,41.27000045776367,42.064998626708984,9939800,TJX
2018-04-10,36.6859130859375,41.185001373291016,41.78499984741211,40.97999954223633,41.78499984741211,7118200,TJX
2018-04-11,36.543392181396484,41.025001525878906,41.70000076293945,40.810001373291016,40.85499954223633,9074400,TJX
2018-04-12,36.757164001464844,41.26499938964844,41.599998474121094,41.029998779296875,41.33000183105469,10267000,TJX
2018-04-13,36.1915397644043,40.630001068115234,41.43000030517578,40.470001220703125,41.41999816894531,7904200,TJX
2018-04-16,36.850685119628906,41.369998931884766,41.59000015258789,40.845001220703125,40.994998931884766,6903600,TJX
2018-04-17,37.166908264160156,41.724998474121094,42.10499954223633,41.70000076293945,41.75,6501600,TJX
2018-04-18,37.04666519165039,41.59000015258789,42.2400016784668,41.560001373291016,41.834999084472656,4879200,TJX
2018-04-19,36.80615234375,41.31999969482422,41.79499816894531,41.099998474121094,41.505001068115234,6375400,TJX
2018-04-20,36.734893798828125,41.2400016784668,41.43000030517578,40.970001220703125,41.290000915527344,7545800,TJX
2018-04-23,37.06892776489258,41.6150016784668,41.814998626708984,41.15999984741211,41.27000045776367,4530400,TJX
2018-04-24,37.00657653808594,41.54499816894531,42.18000030517578,41.380001068115234,41.790000915527344,6077600,TJX
2018-04-25,37.113468170166016,41.665000915527344,41.790000915527344,41.130001068115234,41.41999816894531,4648200,TJX
2018-04-26,37.90178298950195,42.54999923706055,42.564998626708984,41.51499938964844,41.790000915527344,6064800,TJX
2018-04-27,38.525306701660156,43.25,43.3650016784668,42.40999984741211,42.625,7967600,TJX
2018-04-30,37.79044723510742,42.42499923706055,43.619998931884766,42.400001525878906,43.400001525878906,8206000,TJX
2018-05-01,37.2203483581543,41.78499984741211,42.39500045776367,41.290000915527344,42.38999938964844,6359800,TJX
2018-05-02,37.202545166015625,41.76499938964844,42.150001525878906,41.209999084472656,41.599998474121094,6230600,TJX
2018-05-03,37.215904235839844,41.779998779296875,42.005001068115234,41.064998626708984,41.744998931884766,6035800,TJX
2018-05-04,36.89076614379883,41.415000915527344,41.68000030517578,41.130001068115234,41.560001373291016,6286200,TJX
2018-05-07,36.47212219238281,40.94499969482422,41.474998474121094,40.650001525878906,41.474998474121094,5787600,TJX
2018-05-08,36.77942657470703,41.290000915527344,41.31999969482422,40.82500076293945,40.98500061035156,5070200,TJX
2018-05-09,37.362876892089844,41.94499969482422,41.974998474121094,41.185001373291016,41.29499816894531,6315400,TJX
2018-05-10,37.08674621582031,41.6349983215332,41.82500076293945,41.154998779296875,41.69499969482422,6141600,TJX
2018-05-11,37.443050384521484,42.03499984741211,42.209999084472656,41.56999969482422,41.619998931884766,4849000,TJX
2018-05-14,37.821617126464844,42.459999084472656,42.68000030517578,42.209999084472656,42.290000915527344,7048400,TJX
2018-05-15,38.120018005371094,42.79499816894531,42.9900016784668,42.39500045776367,42.4900016784668,5343800,TJX
2018-05-16,38.115543365478516,42.595001220703125,43.654998779296875,42.525001525878906,42.994998931884766,6624200,TJX
2018-05-17,38.5987548828125,43.1349983215332,43.400001525878906,42.45500183105469,42.45500183105469,9906200,TJX
2018-05-18,37.93657684326172,42.39500045776367,43.02000045776367,42.275001525878906,42.8650016784668,11738400,TJX
2018-05-21,37.89631271362305,42.349998474121094,42.709999084472656,42.025001525878906,42.40999984741211,9916000,TJX
2018-05-22,39.12671661376953,43.724998474121094,44.375,42.810001373291016,43.349998474121094,16548200,TJX
2018-05-23,39.32358169555664,43.94499969482422,44.275001525878906,43.40999984741211,43.45500183105469,12248800,TJX
2018-05-24,39.703880310058594,44.369998931884766,44.7400016784668,43.720001220703125,43.720001220703125,8095000,TJX
2018-05-25,39.42201232910156,44.05500030517578,44.349998474121094,43.994998931884766,44.08000183105469,6272800,TJX
2018-05-29,39.53834915161133,44.185001373291016,44.38999938964844,43.790000915527344,43.9900016784668,5492400,TJX
2018-05-30,40.169193267822266,44.88999938964844,44.95000076293945,44.095001220703125,44.224998474121094,8086400,TJX
2018-05-31,40.41080856323242,45.15999984741211,45.42499923706055,44.724998474121094,44.92499923706055,10903000,TJX
2018-06-01,40.45554733276367,45.209999084472656,45.619998931884766,45.13999938964844,45.26499938964844,7984200,TJX
2018-06-04,41.58750915527344,46.474998474121094,46.4900016784668,45.564998626708984,45.73500061035156,7549800,TJX
2018-06-05,42.070716857910156,47.01499938964844,47.040000915527344,46.19499969482422,46.5,8378600,TJX
2018-06-06,42.191524505615234,47.150001525878906,47.19499969482422,46.42499923706055,47.084999084472656,8988200,TJX
2018-06-07,42.2810173034668,47.25,47.790000915527344,47.099998474121094,47.345001220703125,7813200,TJX
2018-06-08,42.477874755859375,47.470001220703125,47.6349983215332,47.064998626708984,47.189998626708984,6063800,TJX
2018-06-11,42.509185791015625,47.505001068115234,47.849998474121094,47.2599983215332,47.474998474121094,5432000,TJX
2018-06-12,42.69263458251953,47.709999084472656,47.95500183105469,47.119998931884766,47.494998931884766,6814400,TJX
2018-06-13,42.3839111328125,47.3650016784668,47.845001220703125,47.2400016784668,47.6349983215332,6288000,TJX
2018-06-14,42.30785369873047,47.279998779296875,47.584999084472656,46.96500015258789,47.314998626708984,5440600,TJX
2018-06-15,42.580780029296875,47.584999084472656,47.625,47.125,47.244998931884766,9489200,TJX
2018-06-18,42.93424987792969,47.97999954223633,48.314998626708984,47.255001068115234,47.369998931884766,7662600,TJX
2018-06-19,42.84028625488281,47.875,47.92499923706055,47.31999969482422,47.404998779296875,5693200,TJX
2018-06-20,43.27428436279297,48.36000061035156,48.40999984741211,47.900001525878906,48.189998626708984,6138200,TJX
2018-06-21,43.08190155029297,48.14500045776367,48.279998779296875,47.494998931884766,48.005001068115234,6338600,TJX
2018-06-22,42.540523529052734,47.540000915527344,48.224998474121094,47.334999084472656,48.165000915527344,7841800,TJX
2018-06-25,42.59867858886719,47.60499954223633,48.04999923706055,47.28499984741211,47.63999938964844,5661200,TJX
2018-06-26,42.580780029296875,47.584999084472656,47.6150016784668,46.810001373291016,47.04499816894531,5374800,TJX
2018-06-27,42.15126419067383,47.10499954223633,48.154998779296875,47.06999969482422,47.61000061035156,5050200,TJX
2018-06-28,42.65238571166992,47.665000915527344,47.81999969482422,47.0099983215332,47.21500015258789,5973000,TJX
2018-06-29,42.58526611328125,47.59000015258789,48.224998474121094,47.584999084472656,48.03499984741211,5812000,TJX
2018-07-02,42.464454650878906,47.45500183105469,47.55500030517578,47.11000061035156,47.39500045776367,5682800,TJX
2018-07-03,42.57183837890625,47.57500076293945,47.88999938964844,47.42499923706055,47.63999938964844,2616600,TJX
2018-07-05,42.53602600097656,47.53499984741211,47.814998626708984,47.31999969482422,47.67499923706055,5192000,TJX
2018-07-06,42.750797271728516,47.775001525878906,47.974998474121094,47.470001220703125,47.4900016784668,5006000,TJX
2018-07-09,42.81791305541992,47.849998474121094,48.07500076293945,47.71500015258789,48.0,4201000,TJX
2018-07-10,42.518150329589844,47.51499938964844,47.79999923706055,47.185001373291016,47.76499938964844,9527800,TJX
2018-07-11,42.66577911376953,47.68000030517578,47.880001068115234,47.255001068115234,47.275001525878906,5032000,TJX
2018-07-12,42.169151306152344,47.125,47.68000030517578,47.095001220703125,47.51499938964844,8791800,TJX
2018-07-13,42.65238571166992,47.665000915527344,47.689998626708984,47.095001220703125,47.13999938964844,4376000,TJX
2018-07-16,42.58972930908203,47.595001220703125,47.79499816894531,47.345001220703125,47.71500015258789,3691000,TJX
2018-07-17,43.08635711669922,48.150001525878906,48.369998931884766,47.55500030517578,47.55500030517578,6034400,TJX
2018-07-18,43.229530334472656,48.310001373291016,48.415000915527344,47.869998931884766,48.18000030517578,5564200,TJX
2018-07-19,43.708274841308594,48.845001220703125,48.98500061035156,48.25,48.290000915527344,5905200,TJX
2018-07-20,43.430885314941406,48.53499984741211,49.0099983215332,48.47999954223633,48.630001068115234,5287400,TJX
2018-07-23,43.65010452270508,48.779998779296875,49.060001373291016,48.54999923706055,48.58000183105469,4408200,TJX
2018-07-24,43.404029846191406,48.505001068115234,48.939998626708984,48.26499938964844,48.939998626708984,4872000,TJX
2018-07-25,43.70380783081055,48.84000015258789,48.91999816894531,48.3849983215332,48.540000915527344,5311000,TJX
2018-07-26,43.632225036621094,48.7599983215332,49.470001220703125,48.64500045776367,49.01499938964844,4894800,TJX
2018-07-27,43.1982307434082,48.275001525878906,49.14500045776367,48.165000915527344,48.82500076293945,3510800,TJX
2018-07-30,43.29665756225586,48.3849983215332,48.90999984741211,48.275001525878906,48.54999923706055,4374800,TJX
2018-07-31,43.51588821411133,48.630001068115234,48.834999084472656,48.2599983215332,48.45500183105469,6127800,TJX
2018-08-01,43.13559341430664,48.20500183105469,48.92499923706055,48.01499938964844,48.5,5472600,TJX
2018-08-02,43.605377197265625,48.72999954223633,48.76499938964844,47.959999084472656,48.13999938964844,6055400,TJX
2018-08-03,43.66353225708008,48.79499816894531,49.1349983215332,48.375,48.92499923706055,4275200,TJX
2018-08-06,43.96331024169922,49.130001068115234,49.19499969482422,48.790000915527344,48.79499816894531,3398800,TJX
2018-08-07,44.178070068359375,49.369998931884766,49.42499923706055,48.779998779296875,49.130001068115234,4524800,TJX
2018-08-08,44.62101364135742,49.8650016784668,49.95000076293945,49.4900016784668,49.54999923706055,4771000,TJX
2018-08-09,44.65680694580078,49.904998779296875,50.224998474121094,49.724998474121094,50.0,4639400,TJX
2018-08-10,45.05500030517578,50.349998474121094,50.6150016784668,49.68000030517578,49.8650016784668,7651000,TJX
2018-08-13,44.45098114013672,49.67499923706055,50.744998931884766,49.6150016784668,50.630001068115234,6956600,TJX
2018-08-14,45.18922805786133,50.5,50.595001220703125,49.79999923706055,49.79999923706055,9137800,TJX
2018-08-15,44.46160888671875,49.494998931884766,50.5,49.435001373291016,50.04499816894531,6394400,TJX
2018-08-16,44.70413589477539,49.76499938964844,50.30500030517578,49.09000015258789,49.849998474121094,7578400,TJX
2018-08-17,45.07245635986328,50.17499923706055,50.26499938964844,49.599998474121094,49.724998474121094,6324200,TJX
2018-08-20,45.656349182128906,50.82500076293945,50.900001525878906,49.904998779296875,50.57500076293945,10065600,TJX
2018-08-21,47.81676483154297,53.22999954223633,53.630001068115234,52.29999923706055,53.5,18130600,TJX
2018-08-22,47.502376556396484,52.880001068115234,53.779998779296875,52.529998779296875,53.13999938964844,11654600,TJX
2018-08-23,48.26142883300781,53.724998474121094,53.869998931884766,52.814998626708984,52.814998626708984,8616600,TJX
2018-08-24,48.5354118347168,54.029998779296875,54.15999984741211,53.150001525878906,53.2400016784668,10367000,TJX
2018-08-27,48.26592254638672,53.72999954223633,54.32500076293945,53.68000030517578,54.28499984741211,6968800,TJX
2018-08-28,48.33330154418945,53.80500030517578,53.88999938964844,53.275001525878906,53.79999923706055,4490000,TJX
2018-08-29,48.750999450683594,54.27000045776367,54.42499923706055,53.525001525878906,53.810001373291016,5676000,TJX
2018-08-30,48.74201965332031,54.2599983215332,54.75,54.099998474121094,54.25,5216800,TJX
2018-08-31,49.39329528808594,54.98500061035156,55.060001373291016,54.16999816894531,54.18000030517578,6886400,TJX
2018-09-04,50.053550720214844,55.720001220703125,55.900001525878906,55.0099983215332,55.2400016784668,8690800,TJX
2018-09-05,49.914302825927734,55.564998626708984,55.939998626708984,55.1150016784668,55.720001220703125,6934200,TJX
2018-09-06,49.67626190185547,55.29999923706055,55.95500183105469,55.224998474121094,55.790000915527344,7569400,TJX
2018-09-07,49.375335693359375,54.96500015258789,55.564998626708984,54.900001525878906,55.20000076293945,8610000,TJX
2018-09-10,49.77058792114258,55.404998779296875,55.71500015258789,55.22999954223633,55.29999923706055,9585200,TJX
2018-09-11,49.581947326660156,55.19499969482422,55.5,54.85499954223633,55.29499816894531,6416200,TJX
2018-09-12,49.537025451660156,55.14500045776367,55.564998626708984,54.744998931884766,55.255001068115234,8262800,TJX
2018-09-13,48.948631286621094,54.4900016784668,55.25,54.29499816894531,54.94499969482422,8158400,TJX
2018-09-14,48.85430908203125,54.3849983215332,54.415000915527344,53.65999984741211,54.05500030517578,9089600,TJX
2018-09-17,48.49049377441406,53.97999954223633,54.25,53.709999084472656,53.90999984741211,7939000,TJX
2018-09-18,48.989051818847656,54.53499984741211,54.869998931884766,53.790000915527344,53.96500015258789,9306000,TJX
2018-09-19,49.1282958984375,54.689998626708984,54.82500076293945,54.095001220703125,54.369998931884766,4317400,TJX
2018-09-20,49.204647064208984,54.775001525878906,54.849998474121094,54.18000030517578,54.68000030517578,6284200,TJX
2018-09-21,49.276512145996094,54.85499954223633,55.345001220703125,54.71500015258789,55.01499938964844,12975000,TJX
2018-09-24,49.281005859375,54.86000061035156,55.220001220703125,54.525001525878906,54.83000183105469,5432800,TJX
2018-09-25,49.55050277709961,55.15999984741211,55.314998626708984,54.915000915527344,55.084999084472656,6972600,TJX
2018-09-26,50.188297271728516,55.869998931884766,56.16999816894531,55.279998779296875,55.625,6463000,TJX
2018-09-27,50.219730377197266,55.904998779296875,56.19499969482422,55.70000076293945,55.80500030517578,4517600,TJX
2018-09-28,50.314048767089844,56.0099983215332,56.369998931884766,55.81999969482422,55.935001373291016,6800400,TJX
2018-10-01,50.40839767456055,56.1150016784668,56.63999938964844,56.084999084472656,56.400001525878906,7203400,TJX
2018-10-02,49.59541702270508,55.209999084472656,56.30500030517578,55.17499923706055,56.15999984741211,6995800,TJX
2018-10-03,49.55948257446289,55.16999816894531,55.599998474121094,54.935001373291016,55.32500076293945,5260400,TJX
2018-10-04,49.532535552978516,55.13999938964844,55.36000061035156,54.95000076293945,55.10499954223633,5773600,TJX
2018-10-05,49.54152297973633,55.150001525878906,55.779998779296875,54.869998931884766,55.224998474121094,4762000,TJX
2018-10-08,49.77058792114258,55.404998779296875,55.58000183105469,55.025001525878906,55.025001525878906,5167400,TJX
2018-10-09,50.03559112548828,55.70000076293945,56.08000183105469,55.3650016784668,55.584999084472656,6138600,TJX
2018-10-10,48.79591751098633,54.31999969482422,55.78499984741211,54.19499969482422,55.7599983215332,6799800,TJX
2018-10-11,48.400672912597656,53.880001068115234,55.2400016784668,53.58000183105469,54.400001525878906,8031400,TJX
2018-10-12,49.155250549316406,54.720001220703125,55.255001068115234,54.064998626708984,54.369998931884766,6610000,TJX
2018-10-15,49.635833740234375,55.255001068115234,55.560001373291016,54.525001525878906,54.689998626708984,5064400,TJX
2018-10-16,50.41736602783203,56.125,56.2400016784668,54.939998626708984,55.28499984741211,6195800,TJX
2018-10-17,49.76609802246094,55.400001525878906,55.994998931884766,54.7599983215332,55.755001068115234,7907200,TJX
2018-10-18,49.245079040527344,54.81999969482422,55.46500015258789,54.34000015258789,55.275001525878906,6845800,TJX
2018-10-19,48.176090240478516,53.630001068115234,54.86000061035156,53.459999084472656,54.79499816894531,9622600,TJX
2018-10-22,48.800411224365234,54.32500076293945,54.6150016784668,54.040000915527344,54.34000015258789,8609400,TJX
2018-10-23,48.018890380859375,53.45500183105469,54.08000183105469,52.56999969482422,53.849998474121094,8655800,TJX
2018-10-24,47.71346664428711,53.1150016784668,54.39500045776367,53.01499938964844,53.36000061035156,7752000,TJX
2018-10-25,47.834712982177734,53.25,53.70000076293945,52.79499816894531,53.244998931884766,9646000,TJX
2018-10-26,47.85269546508789,53.27000045776367,53.51499938964844,52.564998626708984,53.154998779296875,8174800,TJX
2018-10-29,48.68812561035156,54.20000076293945,55.095001220703125,53.630001068115234,53.755001068115234,14275600,TJX
2018-10-30,49.483131408691406,55.084999084472656,55.459999084472656,54.20500183105469,54.45500183105469,9714800,TJX
2018-10-31,49.35287857055664,54.939998626708984,55.685001373291016,54.435001373291016,55.650001525878906,9776200,TJX
2018-11-01,49.469642639160156,55.06999969482422,55.44499969482422,54.53499984741211,54.8849983215332,6602000,TJX
2018-11-02,49.17770004272461,54.744998931884766,56.185001373291016,54.52000045776367,55.56999969482422,9024800,TJX
2018-11-05,49.532535552978516,55.13999938964844,55.5,54.33000183105469,54.744998931884766,5950000,TJX
2018-11-06,49.204647064208984,54.775001525878906,55.4900016784668,54.345001220703125,55.17499923706055,5561600,TJX
2018-11-07,49.784053802490234,55.41999816894531,55.540000915527344,53.9900016784668,55.0099983215332,5858400,TJX
2018-11-08,49.89186096191406,55.540000915527344,56.0,55.20000076293945,55.880001068115234,5783500,TJX
2018-11-09,49.981689453125,55.63999938964844,55.810001373291016,55.09000015258789,55.68000030517578,6533400,TJX
2018-11-12,49.0204963684082,54.56999969482422,56.18000030517578,54.5,56.040000915527344,6583600,TJX
2018-11-13,48.28388595581055,53.75,54.63999938964844,53.630001068115234,54.540000915527344,7612900,TJX
2018-11-14,47.45894241333008,52.63999938964844,54.56999969482422,52.58000183105469,54.380001068115234,9181700,TJX
2018-11-15,47.305686950683594,52.470001220703125,52.470001220703125,51.38999938964844,52.02000045776367,9144800,TJX
2018-11-16,46.422142028808594,51.4900016784668,51.86000061035156,50.869998931884766,51.86000061035156,13371700,TJX
2018-11-19,44.14113998413086,48.959999084472656,51.70000076293945,48.540000915527344,51.33000183105469,17398800,TJX
2018-11-20,42.21177291870117,46.81999969482422,48.7599983215332,45.560001373291016,46.0,16289600,TJX
2018-11-21,41.61673355102539,46.15999984741211,47.52000045776367,46.119998931884766,46.95000076293945,10857300,TJX
2018-11-23,41.34626007080078,45.86000061035156,46.439998626708984,45.43000030517578,46.18000030517578,3968900,TJX
2018-11-26,41.58067321777344,46.119998931884766,46.84000015258789,45.7599983215332,46.349998474121094,8434600,TJX
2018-11-27,41.0667839050293,45.54999923706055,46.15999984741211,45.130001068115234,45.849998474121094,7457300,TJX
2018-11-28,43.14039993286133,47.849998474121094,47.900001525878906,45.90999984741211,45.9900016784668,12062300,TJX
2018-11-29,42.815834045410156,47.4900016784668,48.77000045776367,46.709999084472656,48.709999084472656,8099100,TJX
2018-11-30,44.041969299316406,48.849998474121094,49.04999923706055,47.470001220703125,47.58000183105469,17529300,TJX
2018-12-03,43.62725067138672,48.38999938964844,49.36000061035156,47.900001525878906,49.13999938964844,11667200,TJX
2018-12-04,42.5273323059082,47.16999816894531,48.77000045776367,46.939998626708984,48.52000045776367,10420500,TJX
2018-12-06,41.887203216552734,46.459999084472656,46.86000061035156,45.7400016784668,46.70000076293945,12052300,TJX
2018-12-07,40.832374572753906,45.290000915527344,46.40999984741211,45.040000915527344,46.369998931884766,9689200,TJX
2018-12-10,41.66181182861328,46.209999084472656,46.369998931884766,45.04999923706055,45.58000183105469,7120400,TJX
2018-12-11,41.22906494140625,45.72999954223633,46.86000061035156,45.43000030517578,46.790000915527344,6308400,TJX
2018-12-12,41.56264114379883,46.099998474121094,46.560001373291016,45.779998779296875,46.220001220703125,6825600,TJX
2018-12-13,41.30118179321289,45.810001373291016,46.5,45.349998474121094,46.209999084472656,8450200,TJX
2018-12-14,40.76926040649414,45.220001220703125,46.189998626708984,45.099998474121094,45.41999816894531,6990900,TJX
2018-12-17,39.97586441040039,44.34000015258789,44.9900016784668,44.029998779296875,44.880001068115234,10883400,TJX
2018-12-18,39.73244094848633,44.06999969482422,44.75,43.84000015258789,44.369998931884766,8398700,TJX
2018-12-19,39.344757080078125,43.63999938964844,44.849998474121094,43.279998779296875,44.31999969482422,7474300,TJX
2018-12-20,38.25385665893555,42.43000030517578,43.5,41.93000030517578,43.5,9826900,TJX
2018-12-21,37.80308151245117,41.93000030517578,43.70000076293945,41.650001525878906,42.470001220703125,13766000,TJX
2018-12-24,37.53260040283203,41.630001068115234,42.40999984741211,41.4900016784668,41.619998931884766,4140400,TJX
2018-12-26,39.52508544921875,43.84000015258789,43.84000015258789,41.779998779296875,41.790000915527344,8182400,TJX
2018-12-27,39.52508544921875,43.84000015258789,43.86000061035156,42.310001373291016,43.380001068115234,6101500,TJX
2018-12-28,39.49803161621094,43.810001373291016,44.45000076293945,43.459999084472656,44.119998931884766,5045200,TJX
2018-12-31,40.33649826049805,44.7400016784668,44.86000061035156,44.060001373291016,44.099998474121094,5582300,TJX
2019-01-02,40.264381408691406,44.65999984741211,45.040000915527344,44.13999938964844,44.22999954223633,5939100,TJX
2019-01-03,39.84062576293945,44.189998626708984,44.869998931884766,43.79999923706055,44.59000015258789,5887800,TJX
2019-01-04,40.93153762817383,45.400001525878906,45.70000076293945,44.7400016784668,44.810001373291016,6325000,TJX
2019-01-07,42.03145217895508,46.619998931884766,47.130001068115234,45.31999969482422,45.31999969482422,8441300,TJX
2019-01-08,42.65354537963867,47.310001373291016,47.439998626708984,46.02000045776367,46.79999923706055,10044300,TJX
2019-01-09,42.61748123168945,47.27000045776367,47.7599983215332,46.959999084472656,47.45000076293945,8048300,TJX
2019-01-10,42.455204010009766,47.09000015258789,47.130001068115234,45.65999984741211,46.25,7279500,TJX
2019-01-11,42.78879165649414,47.459999084472656,47.7400016784668,46.88999938964844,46.97999954223633,5301200,TJX
2019-01-14,42.17571258544922,46.779998779296875,47.77000045776367,46.43000030517578,47.18000030517578,7577200,TJX
2019-01-15,42.66255187988281,47.31999969482422,47.81999969482422,46.650001525878906,46.93000030517578,6105100,TJX
2019-01-16,42.85188674926758,47.529998779296875,47.810001373291016,47.0,47.04999923706055,5984900,TJX
2019-01-17,43.275634765625,48.0,48.15999984741211,47.38999938964844,47.47999954223633,4114400,TJX
2019-01-18,44.32145690917969,49.15999984741211,49.43000030517578,48.209999084472656,48.27000045776367,7061600,TJX
2019-01-22,43.94279861450195,48.7400016784668,49.20000076293945,48.310001373291016,48.88999938964844,8387800,TJX
2019-01-23,43.8526496887207,48.63999938964844,48.90999984741211,48.220001220703125,48.86000061035156,4649600,TJX
2019-01-24,43.88870620727539,48.68000030517578,48.880001068115234,48.47999954223633,48.86000061035156,3776500,TJX
2019-01-25,44.060001373291016,48.869998931884766,49.45000076293945,48.779998779296875,49.189998626708984,4996400,TJX
2019-01-28,44.14113998413086,48.959999084472656,49.0099983215332,48.459999084472656,48.66999816894531,4803000,TJX
2019-01-29,43.94279861450195,48.7400016784668,49.040000915527344,48.439998626708984,49.0099983215332,4362300,TJX
2019-01-30,44.08706283569336,48.900001525878906,49.18000030517578,48.630001068115234,48.880001068115234,5408000,TJX
2019-01-31,44.835365295410156,49.72999954223633,49.72999954223633,48.75,48.81999969482422,12254500,TJX
2019-02-01,44.08706283569336,48.900001525878906,49.689998626708984,48.650001525878906,49.5,9875400,TJX
2019-02-04,44.16819763183594,48.9900016784668,49.0,48.189998626708984,48.86000061035156,5626800,TJX
2019-02-05,44.37556076049805,49.220001220703125,49.2599983215332,48.65999984741211,49.130001068115234,5408700,TJX
2019-02-06,43.96083450317383,48.7599983215332,49.29999923706055,48.54999923706055,49.29999923706055,4790400,TJX
2019-02-07,43.74445724487305,48.52000045776367,48.77000045776367,48.209999084472656,48.4900016784668,5264000,TJX
2019-02-08,44.12311553955078,48.939998626708984,48.939998626708984,48.34000015258789,48.34000015258789,5760600,TJX
2019-02-11,44.26736068725586,49.099998474121094,49.189998626708984,48.77000045776367,48.959999084472656,4718300,TJX
2019-02-12,44.85340118408203,49.75,49.83000183105469,49.02000045776367,49.27000045776367,5033900,TJX
2019-02-13,45.15660858154297,49.88999938964844,49.95000076293945,49.119998931884766,49.599998474121094,5948000,TJX
2019-02-14,44.80360794067383,49.5,49.939998626708984,49.11000061035156,49.54999923706055,4613700,TJX
2019-02-15,45.46434783935547,50.22999954223633,50.33000183105469,49.880001068115234,49.97999954223633,5949700,TJX
2019-02-19,45.690643310546875,50.47999954223633,50.619998931884766,49.90999984741211,50.2400016784668,5057900,TJX
2019-02-20,45.71778106689453,50.5099983215332,50.599998474121094,50.209999084472656,50.400001525878906,4959100,TJX
2019-02-21,45.373836517333984,50.130001068115234,50.65999984741211,49.91999816894531,50.65999984741211,4893600,TJX
2019-02-22,45.572967529296875,50.349998474121094,50.529998779296875,50.13999938964844,50.31999969482422,5261100,TJX
2019-02-25,44.713104248046875,49.400001525878906,50.540000915527344,49.36000061035156,50.5099983215332,8754800,TJX
2019-02-26,45.00273895263672,49.720001220703125,50.18000030517578,49.310001373291016,49.54999923706055,11408700,TJX
2019-02-27,46.668155670166016,51.560001373291016,51.939998626708984,49.630001068115234,49.79999923706055,15552700,TJX
2019-02-28,46.42378234863281,51.290000915527344,52.18000030517578,51.029998779296875,51.790000915527344,9411900,TJX
2019-03-01,47.08452606201172,52.02000045776367,52.4900016784668,51.81999969482422,51.88999938964844,8700200,TJX
2019-03-04,46.53240203857422,51.40999984741211,52.68000030517578,51.09000015258789,52.18000030517578,6051000,TJX
2019-03-05,46.758670806884766,51.65999984741211,52.119998931884766,51.400001525878906,51.689998626708984,6014100,TJX
2019-03-06,47.00307083129883,51.93000030517578,52.4900016784668,51.68000030517578,51.90999984741211,6707300,TJX
2019-03-07,46.84013748168945,51.75,51.790000915527344,50.72999954223633,51.310001373291016,8552400,TJX
2019-03-08,45.90786361694336,50.720001220703125,51.2599983215332,50.38999938964844,51.220001220703125,5324400,TJX
2019-03-11,46.79488754272461,51.70000076293945,51.869998931884766,50.779998779296875,50.810001373291016,5823100,TJX
2019-03-12,47.012107849121094,51.939998626708984,52.040000915527344,51.47999954223633,51.880001068115234,5653700,TJX
2019-03-13,47.50087356567383,52.47999954223633,52.72999954223633,51.939998626708984,52.15999984741211,6512200,TJX
2019-03-14,47.15693664550781,52.099998474121094,52.349998474121094,51.83000183105469,52.29999923706055,5546300,TJX
2019-03-15,46.858238220214844,51.77000045776367,52.290000915527344,51.58000183105469,52.130001068115234,8431200,TJX
2019-03-18,47.38321304321289,52.349998474121094,52.459999084472656,51.650001525878906,51.7599983215332,6956400,TJX
2019-03-19,47.265560150146484,52.220001220703125,52.63999938964844,51.93000030517578,52.400001525878906,6264300,TJX
2019-03-20,47.55518341064453,52.540000915527344,52.63999938964844,51.86000061035156,52.15999984741211,6271300,TJX
2019-03-21,47.50993347167969,52.4900016784668,52.75,52.310001373291016,52.349998474121094,4127000,TJX
2019-03-22,47.37416076660156,52.34000015258789,52.72999954223633,52.04999923706055,52.380001068115234,5132700,TJX
2019-03-25,47.781471252441406,52.790000915527344,53.25,52.16999816894531,52.27000045776367,7067800,TJX
2019-03-26,47.82672119140625,52.84000015258789,53.279998779296875,52.599998474121094,53.029998779296875,4507200,TJX
2019-03-27,48.02585220336914,53.060001373291016,53.310001373291016,52.61000061035156,52.849998474121094,4804700,TJX
2019-03-28,48.02585220336914,53.060001373291016,53.5099983215332,52.95000076293945,53.33000183105469,4448100,TJX
2019-03-29,48.161617279052734,53.209999084472656,53.290000915527344,52.900001525878906,53.16999816894531,5887800,TJX
2019-04-01,48.161617279052734,53.209999084472656,53.560001373291016,52.9900016784668,53.560001373291016,4849700,TJX
2019-04-02,48.04395294189453,53.08000183105469,53.439998626708984,52.90999984741211,53.209999084472656,3931000,TJX
2019-04-03,48.12541580200195,53.16999816894531,53.59000015258789,53.029998779296875,53.459999084472656,4359400,TJX
2019-04-04,49.10295104980469,54.25,54.2599983215332,53.09000015258789,53.16999816894531,5155900,TJX
2019-04-05,48.97623062133789,54.11000061035156,54.810001373291016,54.02000045776367,54.27000045776367,6679800,TJX
2019-04-08,49.175350189208984,54.33000183105469,54.599998474121094,54.02000045776367,54.08000183105469,4572000,TJX
2019-04-09,48.713741302490234,53.81999969482422,54.40999984741211,53.7400016784668,54.060001373291016,4155300,TJX
2019-04-10,49.27491760253906,54.439998626708984,54.54999923706055,53.86000061035156,53.97999954223633,4676800,TJX
2019-04-11,48.777095794677734,53.88999938964844,54.439998626708984,53.79999923706055,54.439998626708984,5013700,TJX
2019-04-12,48.849517822265625,53.970001220703125,54.459999084472656,53.900001525878906,53.900001525878906,5209400,TJX
2019-04-15,49.09389877319336,54.2400016784668,54.40999984741211,54.0,54.02000045776367,4026900,TJX
2019-04-16,49.3201789855957,54.4900016784668,54.790000915527344,54.34000015258789,54.439998626708984,3639900,TJX
2019-04-17,49.836097717285156,55.060001373291016,55.2400016784668,54.7400016784668,54.869998931884766,4945300,TJX
2019-04-18,49.89040756225586,55.119998931884766,55.47999954223633,54.939998626708984,55.04999923706055,3577200,TJX
2019-04-22,49.247764587402344,54.40999984741211,55.16999816894531,54.310001373291016,54.970001220703125,3761300,TJX
2019-04-23,49.95376968383789,55.189998626708984,55.43000030517578,54.439998626708984,54.470001220703125,4718000,TJX
2019-04-24,50.161949157714844,55.41999816894531,55.779998779296875,55.25,55.25,4714500,TJX
2019-04-25,49.85420227050781,55.08000183105469,55.470001220703125,54.529998779296875,55.27000045776367,5487200,TJX
2019-04-26,49.836097717285156,55.060001373291016,55.11000061035156,54.52000045776367,54.880001068115234,2731400,TJX
2019-04-29,49.582672119140625,54.779998779296875,55.18000030517578,54.7599983215332,54.97999954223633,4540500,TJX
2019-04-30,49.673187255859375,54.880001068115234,55.02000045776367,54.529998779296875,54.86000061035156,4737900,TJX
2019-05-01,48.82236099243164,53.939998626708984,54.900001525878906,53.93000030517578,54.79999923706055,3319300,TJX
2019-05-02,49.28398132324219,54.45000076293945,54.5099983215332,53.84000015258789,54.040000915527344,3515900,TJX
2019-05-03,48.9038200378418,54.029998779296875,54.880001068115234,54.0,54.56999969482422,4916800,TJX
2019-05-06,49.048648834228516,54.189998626708984,54.380001068115234,53.2599983215332,53.4900016784668,5692500,TJX
2019-05-07,48.3516960144043,53.41999816894531,54.08000183105469,52.97999954223633,53.959999084472656,4456100,TJX
2019-05-08,48.885719299316406,54.0099983215332,54.34000015258789,53.18000030517578,53.380001068115234,3747300,TJX
2019-05-09,48.731842041015625,53.84000015258789,54.349998474121094,53.34000015258789,53.75,4971600,TJX
2019-05-10,49.09389877319336,54.2400016784668,54.56999969482422,53.150001525878906,53.84000015258789,4895900,TJX
2019-05-13,47.50087356567383,52.47999954223633,53.619998931884766,51.91999816894531,53.58000183105469,6723900,TJX
2019-05-14,47.59138488769531,52.58000183105469,52.869998931884766,52.060001373291016,52.869998931884766,6681400,TJX
2019-05-15,47.582298278808594,52.34000015258789,52.709999084472656,51.709999084472656,52.08000183105469,5323900,TJX
2019-05-16,47.90047836303711,52.689998626708984,53.380001068115234,52.380001068115234,52.40999984741211,5239000,TJX
2019-05-17,48.21866989135742,53.040000915527344,53.400001525878906,52.220001220703125,52.25,4645500,TJX
2019-05-20,48.1550407409668,52.970001220703125,53.2400016784668,52.70000076293945,52.97999954223633,9723800,TJX
2019-05-21,48.41866683959961,53.2599983215332,53.650001525878906,51.279998779296875,53.5,12248300,TJX
2019-05-22,47.018653869628906,51.720001220703125,52.77000045776367,51.29999923706055,52.36000061035156,10859200,TJX
2019-05-23,47.41866683959961,52.15999984741211,52.47999954223633,51.15999984741211,51.380001068115234,8858000,TJX
2019-05-24,46.92774200439453,51.619998931884766,52.59000015258789,51.41999816894531,52.25,7673100,TJX
2019-05-28,45.51863479614258,50.06999969482422,52.11000061035156,50.06999969482422,51.59000015258789,9810600,TJX
2019-05-29,45.20954895019531,49.72999954223633,50.209999084472656,49.04999923706055,49.59000015258789,9046900,TJX
2019-05-30,45.96409225463867,50.560001373291016,50.720001220703125,50.20000076293945,50.27000045776367,6509200,TJX
2019-05-31,45.71863555908203,50.290000915527344,50.43000030517578,49.869998931884766,50.13999938964844,5393100,TJX
2019-06-03,45.355003356933594,49.88999938964844,50.849998474121094,49.689998626708984,50.290000915527344,7498000,TJX
2019-06-04,46.091365814208984,50.70000076293945,50.70000076293945,50.119998931884766,50.470001220703125,7401100,TJX
2019-06-05,46.50956726074219,51.15999984741211,51.5,50.869998931884766,50.97999954223633,5711000,TJX
2019-06-06,46.2732048034668,50.900001525878906,51.08000183105469,50.540000915527344,50.77000045776367,6033100,TJX
2019-06-07,47.200469970703125,51.91999816894531,52.150001525878906,51.06999969482422,51.38999938964844,4594200,TJX
2019-06-10,46.93684005737305,51.630001068115234,52.38999938964844,51.540000915527344,52.2599983215332,4644000,TJX
2019-06-11,47.32775115966797,52.060001373291016,52.38999938964844,51.7599983215332,51.9900016784668,6101500,TJX
2019-06-12,47.39139175415039,52.130001068115234,52.43000030517578,51.869998931884766,52.06999969482422,4067200,TJX
2019-06-13,48.018672943115234,52.81999969482422,52.90999984741211,52.20000076293945,52.45000076293945,7546500,TJX
2019-06-14,48.49140548706055,53.34000015258789,53.459999084472656,52.849998474121094,52.97999954223633,5459300,TJX
2019-06-17,48.691410064697266,53.560001373291016,54.209999084472656,53.150001525878906,53.20000076293945,6854500,TJX
2019-06-18,48.936866760253906,53.83000183105469,54.380001068115234,53.56999969482422,54.0,6708100,TJX
2019-06-19,49.21867752075195,54.13999938964844,54.459999084472656,53.36000061035156,53.81999969482422,6312100,TJX
2019-06-20,48.936866760253906,53.83000183105469,54.560001373291016,53.61000061035156,54.529998779296875,5289300,TJX
2019-06-21,48.118675231933594,52.93000030517578,54.119998931884766,52.90999984741211,53.880001068115234,10912300,TJX
2019-06-24,47.98229217529297,52.779998779296875,53.11000061035156,52.68000030517578,52.97999954223633,7225800,TJX
2019-06-25,48.22775650024414,53.04999923706055,53.29999923706055,52.83000183105469,53.11000061035156,7990500,TJX
2019-06-26,48.04594802856445,52.849998474121094,53.33000183105469,52.540000915527344,53.02000045776367,4954100,TJX
2019-06-27,48.073219299316406,52.880001068115234,53.029998779296875,52.29999923706055,52.939998626708984,4907800,TJX
2019-06-28,48.073219299316406,52.880001068115234,53.04999923706055,52.66999816894531,52.90999984741211,6454100,TJX
2019-07-01,48.14594650268555,52.959999084472656,53.599998474121094,52.560001373291016,53.47999954223633,4079900,TJX
2019-07-02,47.98229217529297,52.779998779296875,53.310001373291016,52.59000015258789,53.0099983215332,3678600,TJX
2019-07-03,49.0186767578125,53.91999816894531,54.119998931884766,52.70000076293945,52.7599983215332,3341300,TJX
2019-07-05,49.48231887817383,54.43000030517578,54.709999084472656,53.77000045776367,53.959999084472656,4093800,TJX
2019-07-08,49.95504379272461,54.95000076293945,55.040000915527344,54.209999084472656,54.459999084472656,4246700,TJX
2019-07-09,49.809593200683594,54.790000915527344,55.060001373291016,54.47999954223633,54.869998931884766,4668600,TJX
2019-07-10,50.145957946777344,55.15999984741211,55.52000045776367,54.689998626708984,54.93000030517578,6568100,TJX
2019-07-11,50.78232955932617,55.86000061035156,56.060001373291016,55.2599983215332,55.43000030517578,5616800,TJX
2019-07-12,51.5368766784668,56.689998626708984,56.75,55.86000061035156,56.0099983215332,5366400,TJX
2019-07-15,51.33687973022461,56.470001220703125,57.150001525878906,56.15999984741211,56.68000030517578,4108300,TJX
2019-07-16,51.1096076965332,56.220001220703125,56.689998626708984,56.0,56.349998474121094,4374000,TJX
2019-07-17,51.18233871459961,56.29999923706055,56.529998779296875,56.060001373291016,56.130001068115234,4200300,TJX
2019-07-18,50.20050811767578,55.220001220703125,55.970001220703125,54.91999816894531,55.810001373291016,5754200,TJX
2019-07-19,49.6732292175293,54.63999938964844,55.650001525878906,54.61000061035156,55.59000015258789,6749400,TJX
2019-07-22,49.27322769165039,54.20000076293945,55.02000045776367,54.06999969482422,54.66999816894531,3318000,TJX
2019-07-23,49.68232727050781,54.650001525878906,54.72999954223633,54.189998626708984,54.5,4521200,TJX
2019-07-24,50.0004997253418,55.0,55.130001068115234,54.47999954223633,54.709999084472656,4926600,TJX
2019-07-25,50.045955657958984,55.04999923706055,55.2400016784668,54.58000183105469,54.849998474121094,4294500,TJX
2019-07-26,50.6914176940918,55.7599983215332,55.86000061035156,54.86000061035156,55.02000045776367,2883100,TJX
2019-07-29,50.4005012512207,55.439998626708984,55.900001525878906,55.38999938964844,55.630001068115234,2935400,TJX
2019-07-30,49.982330322265625,54.97999954223633,55.400001525878906,54.91999816894531,55.31999969482422,3918900,TJX
2019-07-31,49.60050582885742,54.560001373291016,55.34000015258789,54.02000045776367,54.900001525878906,5961200,TJX
2019-08-01,47.8095703125,52.59000015258789,55.060001373291016,52.400001525878906,54.70000076293945,7937800,TJX
2019-08-02,47.6004753112793,52.36000061035156,52.91999816894531,52.119998931884766,52.560001373291016,5353000,TJX
2019-08-05,46.091365814208984,50.70000076293945,51.83000183105469,50.130001068115234,51.7599983215332,7504500,TJX
2019-08-06,47.591392517089844,52.349998474121094,52.4900016784668,50.72999954223633,50.869998931884766,8014200,TJX
2019-08-07,47.42776107788086,52.16999816894531,52.4900016784668,51.400001525878906,51.779998779296875,5364600,TJX
2019-08-08,48.66413116455078,53.529998779296875,53.599998474121094,52.380001068115234,52.560001373291016,5850200,TJX
2019-08-09,48.14594650268555,52.959999084472656,53.63999938964844,52.790000915527344,53.560001373291016,5654100,TJX
2019-08-12,47.018653869628906,51.720001220703125,52.790000915527344,51.540000915527344,52.70000076293945,4679400,TJX
2019-08-13,48.673221588134766,53.540000915527344,54.029998779296875,51.38999938964844,51.59000015258789,6367400,TJX
2019-08-14,46.95673751831055,51.43000030517578,52.220001220703125,51.38999938964844,51.849998474121094,8708700,TJX
2019-08-15,45.83372497558594,50.20000076293945,51.619998931884766,49.79999923706055,51.400001525878906,7416400,TJX
2019-08-16,46.92021942138672,51.38999938964844,51.58000183105469,50.380001068115234,50.970001220703125,9015100,TJX
2019-08-19,47.06630325317383,51.54999923706055,52.13999938964844,51.02000045776367,52.029998779296875,8093800,TJX
2019-08-20,47.02976989746094,51.5099983215332,51.81999969482422,49.36000061035156,50.029998779296875,16460800,TJX
2019-08-21,48.84669494628906,53.5,53.52000045776367,51.619998931884766,52.27000045776367,15877800,TJX
2019-08-22,50.106666564941406,54.880001068115234,54.970001220703125,53.58000183105469,53.63999938964844,10671600,TJX
2019-08-23,48.472354888916016,53.09000015258789,54.45000076293945,52.810001373291016,54.25,9037900,TJX
2019-08-26,48.80104064941406,53.45000076293945,53.84000015258789,53.04999923706055,53.380001068115234,6056700,TJX
2019-08-27,48.76451873779297,53.40999984741211,53.88999938964844,53.25,53.84000015258789,6653400,TJX
2019-08-28,49.860145568847656,54.61000061035156,54.77000045776367,53.15999984741211,53.279998779296875,5327700,TJX
2019-08-29,50.58143615722656,55.400001525878906,55.689998626708984,54.65999984741211,54.97999954223633,5956200,TJX
2019-08-30,50.18883514404297,54.970001220703125,56.13999938964844,54.939998626708984,55.849998474121094,5841200,TJX
2019-09-03,49.54972839355469,54.27000045776367,54.9900016784668,53.95000076293945,54.65999984741211,5049200,TJX
2019-09-04,49.66840744018555,54.400001525878906,54.68000030517578,54.27000045776367,54.400001525878906,5254200,TJX
2019-09-05,50.91925048828125,55.77000045776367,56.08000183105469,54.970001220703125,55.09000015258789,4950600,TJX
2019-09-06,51.257076263427734,56.13999938964844,56.75,55.790000915527344,55.790000915527344,5746200,TJX
2019-09-09,51.85054016113281,56.790000915527344,56.86000061035156,55.959999084472656,56.220001220703125,4461600,TJX
2019-09-10,51.9692268371582,56.91999816894531,56.9900016784668,55.970001220703125,56.90999984741211,6133400,TJX
2019-09-11,51.76835632324219,56.70000076293945,57.310001373291016,56.369998931884766,56.83000183105469,4451500,TJX
2019-09-12,51.81401443481445,56.75,57.150001525878906,56.45000076293945,56.709999084472656,4761800,TJX
2019-09-13,51.6588020324707,56.58000183105469,57.29999923706055,56.56999969482422,56.900001525878906,3583500,TJX
2019-09-16,50.60883331298828,55.43000030517578,56.439998626708984,55.08000183105469,55.22999954223633,6358300,TJX
2019-09-17,51.02881622314453,55.88999938964844,56.189998626708984,55.40999984741211,55.939998626708984,5961900,TJX
2019-09-18,51.37575912475586,56.27000045776367,56.380001068115234,55.61000061035156,55.84000015258789,6090800,TJX
2019-09-19,51.549232482910156,56.459999084472656,56.84000015258789,56.20000076293945,56.5,4110800,TJX
2019-09-20,50.04275894165039,54.810001373291016,56.68000030517578,54.72999954223633,56.63999938964844,9441900,TJX
2019-09-23,50.38969421386719,55.189998626708984,55.45000076293945,54.2599983215332,54.599998474121094,5170800,TJX
2019-09-24,50.49012756347656,55.29999923706055,56.16999816894531,55.02000045776367,55.560001373291016,6113600,TJX
2019-09-25,50.69099807739258,55.52000045776367,55.880001068115234,55.279998779296875,55.5099983215332,3411500,TJX
2019-09-26,50.417091369628906,55.220001220703125,55.77000045776367,54.86000061035156,55.58000183105469,3515100,TJX
2019-09-27,50.061012268066406,54.83000183105469,55.54999923706055,54.540000915527344,55.36000061035156,5689600,TJX
2019-09-30,50.8918571472168,55.7400016784668,55.869998931884766,55.16999816894531,55.279998779296875,4416500,TJX
2019-10-01,50.57230758666992,55.38999938964844,56.290000915527344,55.27000045776367,55.95000076293945,3854600,TJX
2019-10-02,49.476680755615234,54.189998626708984,55.220001220703125,54.16999816894531,54.95000076293945,4873000,TJX
2019-10-03,49.284942626953125,53.97999954223633,54.29999923706055,53.06999969482422,54.04999923706055,3643000,TJX
2019-10-04,50.48099899291992,55.290000915527344,55.36000061035156,54.13999938964844,54.33000183105469,4160500,TJX
2019-10-07,50.882728576660156,55.72999954223633,55.88999938964844,54.939998626708984,55.06999969482422,3809000,TJX
2019-10-08,50.59969711303711,55.41999816894531,56.150001525878906,55.029998779296875,55.31999969482422,5418300,TJX
2019-10-09,51.229671478271484,56.11000061035156,56.279998779296875,55.56999969482422,55.75,3745800,TJX
2019-10-10,52.43486022949219,57.43000030517578,57.459999084472656,56.09000015258789,56.09000015258789,5858500,TJX
2019-10-11,53.4757080078125,58.56999969482422,59.150001525878906,57.84000015258789,58.0,5040500,TJX
2019-10-14,53.064857482910156,58.119998931884766,58.65999984741211,58.099998474121094,58.540000915527344,3201600,TJX
2019-10-15,53.3935432434082,58.47999954223633,58.79999923706055,58.130001068115234,58.279998779296875,4914200,TJX
2019-10-16,54.13309097290039,59.290000915527344,59.380001068115234,58.34000015258789,58.540000915527344,4725200,TJX
2019-10-17,55.22871017456055,60.4900016784668,60.540000915527344,59.45000076293945,59.56999969482422,6368000,TJX
2019-10-18,55.11002731323242,60.36000061035156,60.88999938964844,60.18000030517578,60.40999984741211,6026100,TJX
2019-10-21,54.69916915893555,59.90999984741211,60.84000015258789,59.29999923706055,60.689998626708984,6152500,TJX
2019-10-22,55.11002731323242,60.36000061035156,60.86000061035156,59.88999938964844,60.029998779296875,3321600,TJX
2019-10-23,54.48917007446289,59.68000030517578,60.31999969482422,59.400001525878906,60.11000061035156,3898700,TJX
2019-10-24,53.968746185302734,59.11000061035156,59.970001220703125,58.900001525878906,59.970001220703125,4238000,TJX
2019-10-25,53.959617614746094,59.099998474121094,59.66999816894531,58.619998931884766,58.81999969482422,2829800,TJX
2019-10-28,53.26572036743164,58.34000015258789,59.22999954223633,58.310001373291016,59.08000183105469,5101400,TJX
2019-10-29,52.507911682128906,57.5099983215332,58.650001525878906,57.5,58.52000045776367,5309300,TJX
2019-10-30,53.46657943725586,58.560001373291016,58.619998931884766,57.36000061035156,57.529998779296875,4665500,TJX
2019-10-31,52.63572692871094,57.650001525878906,58.689998626708984,57.560001373291016,58.4900016784668,6221800,TJX
2019-11-01,52.964420318603516,58.0099983215332,58.59000015258789,57.90999984741211,58.04999923706055,3486300,TJX
2019-11-04,53.548763275146484,58.650001525878906,58.77000045776367,58.209999084472656,58.47999954223633,3033400,TJX
2019-11-05,54.069175720214844,59.220001220703125,59.2400016784668,58.33000183105469,59.2400016784668,5906000,TJX
2019-11-06,53.71310806274414,58.83000183105469,59.220001220703125,58.65999984741211,59.150001525878906,4052200,TJX
2019-11-07,54.142215728759766,59.29999923706055,59.93000030517578,59.040000915527344,59.130001068115234,3935400,TJX
2019-11-08,54.078311920166016,59.22999954223633,59.540000915527344,58.84000015258789,59.29999923706055,2340300,TJX
2019-11-11,53.45745086669922,58.54999923706055,59.0,58.29999923706055,58.84000015258789,2978300,TJX
2019-11-12,53.32050323486328,58.400001525878906,58.84000015258789,58.15999984741211,58.400001525878906,3496100,TJX
2019-11-13,53.567996978759766,58.439998626708984,58.650001525878906,57.630001068115234,58.2599983215332,3978300,TJX
2019-11-14,54.246307373046875,59.18000030517578,59.2400016784668,58.310001373291016,58.54999923706055,3323400,TJX
2019-11-15,54.83294677734375,59.81999969482422,59.959999084472656,59.0,59.720001220703125,4752400,TJX
2019-11-18,54.5854606628418,59.54999923706055,59.880001068115234,59.119998931884766,59.70000076293945,7015500,TJX
2019-11-19,55.5845832824707,60.63999938964844,61.689998626708984,59.810001373291016,60.279998779296875,11468200,TJX
2019-11-20,54.37462615966797,59.31999969482422,60.779998779296875,58.70000076293945,60.560001373291016,8673900,TJX
2019-11-21,54.19130325317383,59.119998931884766,59.869998931884766,59.0,59.130001068115234,6924300,TJX
2019-11-22,54.246307373046875,59.18000030517578,59.4900016784668,58.61000061035156,59.22999954223633,6193800,TJX
2019-11-25,54.40212631225586,59.349998474121094,59.83000183105469,58.97999954223633,59.29999923706055,5297800,TJX
2019-11-26,55.318756103515625,60.349998474121094,60.70000076293945,59.099998474121094,59.150001525878906,15894600,TJX
2019-11-27,55.8870735168457,60.970001220703125,61.22999954223633,60.400001525878906,60.619998931884766,5236000,TJX
2019-11-29,56.03373718261719,61.130001068115234,61.5,60.869998931884766,61.11000061035156,2425500,TJX
2019-12-02,55.364593505859375,60.400001525878906,61.40999984741211,60.34000015258789,61.209999084472656,4831900,TJX
2019-12-03,54.53961944580078,59.5,60.16999816894531,59.369998931884766,59.880001068115234,4781300,TJX
2019-12-04,54.887943267822266,59.880001068115234,60.15999984741211,59.5,59.75,4481400,TJX
2019-12-05,54.603790283203125,59.56999969482422,60.060001373291016,59.18000030517578,60.04999923706055,5160500,TJX
2019-12-06,54.85127639770508,59.84000015258789,60.4900016784668,59.75,60.060001373291016,4901700,TJX
2019-12-09,55.32793045043945,60.36000061035156,60.59000015258789,60.02000045776367,60.02000045776367,5364900,TJX
2019-12-10,55.21793746948242,60.2400016784668,60.5099983215332,59.9900016784668,60.400001525878906,4117700,TJX
2019-12-11,55.35542297363281,60.38999938964844,60.439998626708984,59.900001525878906,60.209999084472656,4059800,TJX
2019-12-12,55.7862434387207,60.86000061035156,61.08000183105469,60.13999938964844,60.54999923706055,3981100,TJX
2019-12-13,55.337100982666016,60.369998931884766,60.83000183105469,59.849998474121094,60.83000183105469,3525100,TJX
2019-12-16,55.54792785644531,60.599998474121094,61.2599983215332,60.529998779296875,60.720001220703125,6259400,TJX
2019-12-17,55.685401916503906,60.75,60.959999084472656,60.5,60.709999084472656,4755600,TJX
2019-12-18,55.45624923706055,60.5,61.040000915527344,60.439998626708984,60.91999816894531,6273600,TJX
2019-12-19,55.22710418701172,60.25,60.5099983215332,59.939998626708984,60.33000183105469,4318900,TJX
2019-12-20,54.97959899902344,59.97999954223633,61.150001525878906,59.95000076293945,61.040000915527344,8193200,TJX
2019-12-23,55.03459930419922,60.040000915527344,60.2400016784668,59.83000183105469,59.9900016784668,3907700,TJX
2019-12-24,55.34626007080078,60.380001068115234,60.40999984741211,59.90999984741211,60.08000183105469,1166500,TJX
2019-12-26,55.749576568603516,60.81999969482422,60.869998931884766,60.36000061035156,60.5,2584700,TJX
2019-12-27,55.77708435058594,60.849998474121094,61.29999923706055,60.59000015258789,61.0099983215332,2943800,TJX
2019-12-30,56.07040023803711,61.16999816894531,61.470001220703125,60.310001373291016,60.779998779296875,3493700,TJX
2019-12-31,55.96957778930664,61.060001373291016,61.22999954223633,60.65999984741211,61.099998474121094,3631000,TJX
2020-01-02,56.556217193603516,61.70000076293945,61.70000076293945,61.060001373291016,61.33000183105469,5190200,TJX
2020-01-03,56.13457107543945,61.2400016784668,61.56999969482422,60.77000045776367,61.04999923706055,3229200,TJX
2020-01-06,56.492042541503906,61.630001068115234,61.63999938964844,60.90999984741211,61.20000076293945,5223000,TJX
2020-01-07,56.455379486083984,61.59000015258789,61.66999816894531,61.13999938964844,61.22999954223633,4586700,TJX
2020-01-08,56.75787353515625,61.91999816894531,62.38999938964844,61.72999954223633,61.72999954223633,3658100,TJX
2020-01-09,57.417842864990234,62.63999938964844,62.84000015258789,62.0099983215332,62.06999969482422,5584400,TJX
2020-01-10,57.14285659790039,62.34000015258789,63.029998779296875,62.20000076293945,62.65999984741211,3853400,TJX
2020-01-13,57.3078498840332,62.52000045776367,62.65999984741211,62.029998779296875,62.31999969482422,3486500,TJX
2020-01-14,57.491180419921875,62.720001220703125,62.79999923706055,62.04999923706055,62.5,5316800,TJX
2020-01-15,56.64788055419922,61.79999923706055,62.849998474121094,61.709999084472656,62.56999969482422,5020500,TJX
2020-01-16,57.573673248291016,62.810001373291016,62.83000183105469,62.150001525878906,62.20000076293945,4114600,TJX
2020-01-17,57.45451354980469,62.68000030517578,62.97999954223633,62.470001220703125,62.81999969482422,5382300,TJX
2020-01-21,57.106201171875,62.29999923706055,62.7599983215332,62.09000015258789,62.439998626708984,5090600,TJX
2020-01-22,57.22536087036133,62.43000030517578,63.0099983215332,62.41999816894531,62.779998779296875,2943100,TJX
2020-01-23,57.24368667602539,62.45000076293945,62.529998779296875,61.93000030517578,62.34000015258789,3529600,TJX
2020-01-24,56.0887336730957,61.189998626708984,62.5,60.9900016784668,62.45000076293945,3909500,TJX
2020-01-27,55.85040283203125,60.93000030517578,61.220001220703125,60.16999816894531,60.2599983215332,3795700,TJX
2020-01-28,56.18956756591797,61.29999923706055,61.63999938964844,60.779998779296875,60.91999816894531,3928500,TJX
2020-01-29,55.997066497802734,61.09000015258789,61.779998779296875,61.08000183105469,61.689998626708984,3449200,TJX
2020-01-30,55.45624923706055,60.5,61.0099983215332,60.0,60.68000030517578,5375600,TJX
2020-01-31,54.117977142333984,59.040000915527344,60.459999084472656,58.84000015258789,60.380001068115234,6151900,TJX
2020-02-03,55.21793746948242,60.2400016784668,60.77000045776367,59.459999084472656,59.619998931884766,6333100,TJX
2020-02-04,56.171234130859375,61.279998779296875,61.869998931884766,61.08000183105469,61.20000076293945,4266700,TJX
2020-02-05,57.03286361694336,62.220001220703125,62.45000076293945,61.86000061035156,62.0,4353200,TJX
2020-02-06,56.66621398925781,61.81999969482422,62.5,61.810001373291016,62.470001220703125,4588900,TJX
2020-02-07,56.262901306152344,61.380001068115234,61.849998474121094,61.13999938964844,61.599998474121094,3727200,TJX
2020-02-10,56.51039505004883,61.650001525878906,61.869998931884766,61.189998626708984,61.45000076293945,3449700,TJX
2020-02-11,57.252845764160156,62.459999084472656,62.560001373291016,61.84000015258789,62.2599983215332,4490100,TJX
2020-02-12,58.22807693481445,63.290000915527344,63.369998931884766,62.38999938964844,62.790000915527344,4304700,TJX
2020-02-13,58.292484283447266,63.36000061035156,63.5099983215332,62.79999923706055,63.04999923706055,5195300,TJX
2020-02-14,58.31087875366211,63.380001068115234,63.88999938964844,63.150001525878906,63.630001068115234,5472300,TJX
2020-02-18,58.38447570800781,63.459999084472656,63.86000061035156,63.04999923706055,63.36000061035156,3498200,TJX
2020-02-19,58.70649337768555,63.810001373291016,63.91999816894531,63.38999938964844,63.58000183105469,3384500,TJX
2020-02-20,58.761680603027344,63.869998931884766,64.30000305175781,63.15999984741211,64.0,3015200,TJX
2020-02-21,58.24647903442383,63.310001373291016,63.91999816894531,63.04999923706055,63.52000045776367,4681000,TJX
2020-02-24,56.811241149902344,61.75,62.22999954223633,61.290000915527344,61.68000030517578,5638500,TJX
2020-02-25,54.943603515625,59.720001220703125,62.119998931884766,59.619998931884766,61.970001220703125,8317600,TJX
2020-02-26,58.87208938598633,63.9900016784668,64.94999694824219,63.220001220703125,64.12000274658203,14677500,TJX
2020-02-27,55.311614990234375,60.119998931884766,63.70000076293945,60.060001373291016,61.7599983215332,12640100,TJX
2020-02-28,55.0172004699707,59.79999923706055,60.720001220703125,58.13999938964844,58.84000015258789,12935400,TJX
2020-03-02,57.216060638427734,62.189998626708984,62.31999969482422,59.369998931884766,60.220001220703125,10155000,TJX
2020-03-03,55.762420654296875,60.61000061035156,63.59000015258789,59.790000915527344,62.189998626708984,10092900,TJX
2020-03-04,57.28965759277344,62.27000045776367,62.439998626708984,60.13999938964844,61.09000015258789,6853500,TJX
2020-03-05,54.805606842041016,59.56999969482422,61.540000915527344,59.189998626708984,60.5,9162300,TJX
2020-03-06,53.87638473510742,58.560001373291016,59.2599983215332,57.02000045776367,57.2599983215332,10401300,TJX
2020-03-09,52.62515640258789,57.20000076293945,57.720001220703125,54.79999923706055,55.34000015258789,11188700,TJX
2020-03-10,53.33357620239258,57.970001220703125,59.130001068115234,55.68000030517578,58.560001373291016,12575500,TJX
2020-03-11,51.16231918334961,55.61000061035156,57.349998474121094,55.29999923706055,56.72999954223633,12107500,TJX
2020-03-12,45.41218948364258,49.36000061035156,52.119998931884766,48.0,51.95000076293945,13572800,TJX
2020-03-13,47.445438385009766,51.56999969482422,52.130001068115234,47.599998474121094,51.880001068115234,11254400,TJX
2020-03-16,37.76682662963867,41.04999923706055,45.93000030517578,40.810001373291016,45.91999816894531,13684100,TJX
2020-03-17,39.11005783081055,42.5099983215332,43.709999084472656,39.0,41.63999938964844,18604500,TJX
2020-03-18,37.58283233642578,40.849998474121094,41.04999923706055,36.959999084472656,39.27000045776367,18300900,TJX
2020-03-19,38.31884002685547,41.650001525878906,43.0,34.36000061035156,40.439998626708984,22567100,TJX
2020-03-20,34.38115310668945,37.369998931884766,42.75,37.0,42.72999954223633,13402000,TJX
2020-03-23,33.81993103027344,36.7599983215332,37.2400016784668,32.720001220703125,35.900001525878906,21303700,TJX
2020-03-24,37.75761795043945,41.040000915527344,41.75,38.86000061035156,39.45000076293945,14467600,TJX
2020-03-25,40.55449295043945,44.08000183105469,47.02000045776367,42.25,42.40999984741211,14331800,TJX
2020-03-26,44.12416458129883,47.959999084472656,48.7599983215332,44.220001220703125,44.619998931884766,17080100,TJX
2020-03-27,43.056941986083984,46.79999923706055,48.279998779296875,44.619998931884766,46.15999984741211,12743200,TJX
2020-03-30,43.74696350097656,47.54999923706055,48.18000030517578,45.400001525878906,47.16999816894531,12442400,TJX
2020-03-31,43.986167907714844,47.810001373291016,48.689998626708984,46.459999084472656,47.29999923706055,18375300,TJX
2020-04-01,41.05129623413086,44.619998931884766,46.650001525878906,43.93000030517578,44.279998779296875,8810000,TJX
2020-04-02,40.287696838378906,43.790000915527344,45.540000915527344,41.91999816894531,44.4900016784668,9665200,TJX
2020-04-03,37.68402099609375,40.959999084472656,43.34000015258789,40.720001220703125,43.25,12141200,TJX
2020-04-06,42.4221305847168,46.11000061035156,46.849998474121094,42.529998779296875,43.02000045776367,12722100,TJX
2020-04-07,42.94654846191406,46.68000030517578,50.43000030517578,46.209999084472656,49.650001525878906,14116000,TJX
2020-04-08,45.182186126708984,49.11000061035156,50.04999923706055,47.040000915527344,47.34000015258789,9146300,TJX
2020-04-09,44.90618896484375,48.810001373291016,51.2400016784668,48.369998931884766,50.08000183105469,11108600,TJX
2020-04-13,44.02296447753906,47.849998474121094,48.77000045776367,47.27000045776367,48.61000061035156,10381300,TJX
2020-04-14,46.20341491699219,50.220001220703125,50.380001068115234,48.43000030517578,48.58000183105469,8871200,TJX
2020-04-15,44.42777633666992,48.290000915527344,48.959999084472656,47.290000915527344,47.79999923706055,10240300,TJX
2020-04-16,42.73493576049805,46.45000076293945,48.2599983215332,46.290000915527344,48.2599983215332,13209900,TJX
2020-04-17,45.75260925292969,49.72999954223633,49.97999954223633,47.599998474121094,47.63999938964844,15547100,TJX
2020-04-20,43.96775436401367,47.790000915527344,48.9900016784668,47.709999084472656,48.97999954223633,8325500,TJX
2020-04-21,42.36692810058594,46.04999923706055,46.959999084472656,45.63999938964844,46.15999984741211,9508600,TJX
2020-04-22,42.670528411865234,46.380001068115234,47.16999816894531,46.02000045776367,46.9900016784668,7715700,TJX
2020-04-23,42.081722259521484,45.7400016784668,46.970001220703125,45.709999084472656,46.869998931884766,8092400,TJX
2020-04-24,42.36692810058594,46.04999923706055,46.54999923706055,44.869998931884766,46.18000030517578,9493400,TJX
2020-04-27,44.013763427734375,47.84000015258789,48.22999954223633,45.959999084472656,46.52000045776367,10028200,TJX
2020-04-28,45.163787841796875,49.09000015258789,50.810001373291016,48.880001068115234,49.56999969482422,14079500,TJX
2020-04-29,47.41782760620117,51.540000915527344,52.810001373291016,50.5099983215332,52.2400016784668,10941200,TJX
2020-04-30,45.126983642578125,49.04999923706055,50.81999969482422,48.869998931884766,50.52000045776367,14765400,TJX
2020-05-01,44.39097595214844,48.25,48.439998626708984,47.470001220703125,48.0,5910300,TJX
2020-05-04,43.88495635986328,47.70000076293945,48.220001220703125,46.720001220703125,47.43000030517578,10082700,TJX
2020-05-05,44.3173713684082,48.16999816894531,48.95000076293945,47.959999084472656,48.27000045776367,7951000,TJX
2020-05-06,43.86655807495117,47.68000030517578,48.939998626708984,47.47999954223633,48.52000045776367,5804100,TJX
2020-05-07,44.6209831237793,48.5,49.459999084472656,48.470001220703125,48.63999938964844,9375000,TJX
2020-05-08,44.63016891479492,48.5099983215332,49.41999816894531,48.25,49.189998626708984,5586500,TJX
2020-05-11,44.48297119140625,48.349998474121094,48.97999954223633,47.36000061035156,47.86000061035156,6726100,TJX
2020-05-12,42.284122467041016,45.959999084472656,48.81999969482422,45.91999816894531,48.689998626708984,6713700,TJX
2020-05-13,40.50849151611328,44.029998779296875,45.970001220703125,43.709999084472656,45.77000045776367,14312400,TJX
2020-05-14,41.161705017089844,44.7400016784668,44.7599983215332,42.52000045776367,43.33000183105469,11424800,TJX
2020-05-15,43.39735794067383,47.16999816894531,47.16999816894531,43.529998779296875,43.72999954223633,20593600,TJX
2020-05-18,45.78020095825195,49.7599983215332,51.06999969482422,49.2599983215332,49.790000915527344,13385100,TJX
2020-05-19,46.240211486816406,50.2599983215332,51.31999969482422,48.470001220703125,49.880001068115234,11220300,TJX
2020-05-20,46.783023834228516,50.849998474121094,51.630001068115234,50.400001525878906,50.7400016784668,9771600,TJX
2020-05-21,49.957096099853516,54.29999923706055,55.290000915527344,52.7400016784668,53.599998474121094,23101500,TJX
2020-05-22,49.138275146484375,53.40999984741211,54.84000015258789,53.04999923706055,53.84000015258789,13446900,TJX
2020-05-26,50.877113342285156,55.29999923706055,55.68000030517578,54.5099983215332,55.0,12240600,TJX
2020-05-27,50.86791229248047,55.290000915527344,56.68000030517578,54.7599983215332,56.33000183105469,10793000,TJX
2020-05-28,49.754695892333984,54.08000183105469,55.849998474121094,53.93000030517578,55.52000045776367,10447400,TJX
2020-05-29,48.54025650024414,52.7599983215332,54.099998474121094,52.459999084472656,53.349998474121094,13006100,TJX
2020-06-01,49.06468200683594,53.33000183105469,53.59000015258789,52.36000061035156,52.9900016784668,6906200,TJX
2020-06-02,49.993900299072266,54.34000015258789,54.40999984741211,53.099998474121094,53.70000076293945,9785500,TJX
2020-06-03,50.82191848754883,55.2400016784668,55.81999969482422,54.5,54.65999984741211,7033800,TJX
2020-06-04,50.444705963134766,54.83000183105469,55.869998931884766,54.43000030517578,54.43000030517578,14901700,TJX
2020-06-05,52.680355072021484,57.2599983215332,58.36000061035156,56.2400016784668,56.47999954223633,11740000,TJX
2020-06-08,52.82756423950195,57.41999816894531,58.540000915527344,56.25,57.880001068115234,8700200,TJX
2020-06-09,51.74193572998047,56.2400016784668,57.02000045776367,55.88999938964844,56.5,7887900,TJX
2020-06-10,50.42630386352539,54.810001373291016,56.349998474121094,54.529998779296875,56.290000915527344,10910300,TJX
2020-06-11,48.448265075683594,52.65999984741211,53.540000915527344,52.38999938964844,52.7599983215332,10704800,TJX
2020-06-12,48.264259338378906,52.459999084472656,54.220001220703125,51.2599983215332,54.209999084472656,7368400,TJX
2020-06-15,48.39306640625,52.599998474121094,52.66999816894531,50.11000061035156,50.33000183105469,8299000,TJX
2020-06-16,51.107112884521484,55.54999923706055,56.86000061035156,54.349998474121094,56.5,12468500,TJX
2020-06-17,50.17790222167969,54.540000915527344,55.9900016784668,54.209999084472656,55.650001525878906,6118500,TJX
2020-06-18,49.17509460449219,53.45000076293945,54.630001068115234,53.209999084472656,53.68000030517578,9619300,TJX
2020-06-19,48.42985916137695,52.63999938964844,55.209999084472656,52.630001068115234,55.0,13545400,TJX
2020-06-22,48.595462799072266,52.81999969482422,53.2599983215332,51.81999969482422,52.310001373291016,8051400,TJX
2020-06-23,48.991065979003906,53.25,53.75,52.959999084472656,53.349998474121094,5141600,TJX
2020-06-24,47.40864562988281,51.529998779296875,52.880001068115234,50.650001525878906,52.5,7230700,TJX
2020-06-25,46.80142593383789,50.869998931884766,51.189998626708984,49.65999984741211,51.029998779296875,7174300,TJX
2020-06-26,45.577796936035156,49.540000915527344,51.47999954223633,49.400001525878906,50.72999954223633,8298000,TJX
2020-06-29,46.70942306518555,50.77000045776367,50.77000045776367,48.72999954223633,49.689998626708984,6555300,TJX
2020-06-30,46.51621627807617,50.560001373291016,50.810001373291016,49.77000045776367,50.31999969482422,6909200,TJX
2020-07-01,47.08663558959961,51.18000030517578,52.290000915527344,50.43000030517578,50.529998779296875,8205700,TJX
2020-07-02,47.61104965209961,51.75,52.58000183105469,51.369998931884766,51.959999084472656,6770600,TJX
2020-07-06,48.42985916137695,52.63999938964844,52.9900016784668,52.130001068115234,52.41999816894531,7239100,TJX
2020-07-07,46.73701858520508,50.79999923706055,52.08000183105469,50.66999816894531,51.93000030517578,6414300,TJX
2020-07-08,46.80142593383789,50.869998931884766,51.09000015258789,50.029998779296875,50.81999969482422,6327300,TJX
2020-07-09,45.99180603027344,49.9900016784668,50.93000030517578,49.18000030517578,50.70000076293945,6078400,TJX
2020-07-10,46.98542785644531,51.06999969482422,51.2599983215332,49.68000030517578,50.16999816894531,5057900,TJX
2020-07-13,46.34141159057617,50.369998931884766,51.95000076293945,50.119998931884766,51.310001373291016,6180900,TJX
2020-07-14,45.87221908569336,49.86000061035156,50.38999938964844,49.209999084472656,49.869998931884766,7368900,TJX
2020-07-15,48.42066192626953,52.630001068115234,52.779998779296875,51.45000076293945,51.709999084472656,7332400,TJX
2020-07-16,49.23027801513672,53.5099983215332,53.650001525878906,52.060001373291016,52.189998626708984,7335700,TJX
2020-07-17,48.67826843261719,52.90999984741211,53.75,52.72999954223633,53.72999954223633,4899600,TJX
2020-07-20,47.60184860229492,51.7400016784668,52.88999938964844,51.439998626708984,52.619998931884766,5158200,TJX
2020-07-21,48.825477600097656,53.06999969482422,53.4900016784668,51.709999084472656,51.79999923706055,5111900,TJX
2020-07-22,49.16587829589844,53.439998626708984,53.54999923706055,52.2400016784668,52.56999969482422,5132300,TJX
2020-07-23,49.11988830566406,53.38999938964844,53.939998626708984,52.900001525878906,53.650001525878906,4905100,TJX
2020-07-24,48.65986633300781,52.88999938964844,53.68000030517578,52.68000030517578,53.25,3482100,TJX
2020-07-27,47.91464614868164,52.08000183105469,52.66999816894531,51.689998626708984,52.599998474121094,3439300,TJX
2020-07-28,47.638641357421875,51.779998779296875,52.47999954223633,51.7400016784668,52.0,3837300,TJX
2020-07-29,48.39306640625,52.599998474121094,52.97999954223633,51.79999923706055,51.93000030517578,3927700,TJX
2020-07-30,47.47304153442383,51.599998474121094,52.0099983215332,51.02000045776367,51.88999938964844,4473200,TJX
2020-07-31,47.831851959228516,51.9900016784668,52.040000915527344,50.91999816894531,51.540000915527344,5125600,TJX
2020-08-03,47.73984146118164,51.88999938964844,52.16999816894531,51.040000915527344,52.02000045776367,5617000,TJX
2020-08-04,49.01866912841797,53.279998779296875,53.279998779296875,51.75,51.7599983215332,6781900,TJX
2020-08-05,49.257877349853516,53.540000915527344,53.66999816894531,52.83000183105469,53.47999954223633,7296200,TJX
2020-08-06,49.138275146484375,53.40999984741211,53.9900016784668,53.08000183105469,53.209999084472656,6582300,TJX
2020-08-07,51.01511001586914,55.45000076293945,55.7599983215332,53.29999923706055,53.58000183105469,7407300,TJX
2020-08-10,51.99953842163086,56.52000045776367,56.56999969482422,55.54999923706055,55.7400016784668,5072300,TJX
2020-08-11,52.910362243652344,57.5099983215332,58.439998626708984,56.66999816894531,57.31999969482422,7566400,TJX
2020-08-12,53.112770080566406,57.72999954223633,58.09000015258789,56.58000183105469,57.779998779296875,5132600,TJX
2020-08-13,52.542354583740234,57.11000061035156,57.61000061035156,56.66999816894531,57.369998931884766,4584300,TJX
2020-08-14,53.241573333740234,57.869998931884766,58.349998474121094,56.68000030517578,57.04999923706055,4926600,TJX
2020-08-17,54.65840148925781,59.40999984741211,59.540000915527344,57.709999084472656,59.0,8039400,TJX
2020-08-18,52.85515213012695,57.45000076293945,59.0099983215332,57.369998931884766,59.0099983215332,7841000,TJX
2020-08-19,50.01229476928711,54.36000061035156,54.810001373291016,52.2400016784668,54.0099983215332,31932000,TJX
2020-08-20,47.51904296875,51.650001525878906,53.65999984741211,51.529998779296875,53.369998931884766,17300400,TJX
2020-08-21,47.546653747558594,51.68000030517578,53.2400016784668,51.650001525878906,51.97999954223633,13732800,TJX
2020-08-24,49.138275146484375,53.40999984741211,53.4900016784668,51.52000045776367,51.52000045776367,11757000,TJX
2020-08-25,48.90827178955078,53.15999984741211,53.959999084472656,53.04999923706055,53.18000030517578,7907200,TJX
2020-08-26,49.000267028808594,53.2599983215332,53.79999923706055,52.81999969482422,53.02000045776367,8857500,TJX
2020-08-27,49.37748718261719,53.66999816894531,54.459999084472656,53.4900016784668,53.709999084472656,7639700,TJX
2020-08-28,50.68391418457031,55.09000015258789,55.22999954223633,53.52000045776367,53.790000915527344,6161900,TJX
2020-08-31,50.40789794921875,54.790000915527344,55.83000183105469,54.7599983215332,55.13999938964844,7453800,TJX
2020-09-01,50.849517822265625,55.27000045776367,55.279998779296875,53.90999984741211,54.59000015258789,5863300,TJX
2020-09-02,52.1927375793457,56.72999954223633,56.90999984741211,55.2599983215332,55.400001525878906,9769000,TJX
2020-09-03,51.079524993896484,55.52000045776367,57.04999923706055,55.18000030517578,57.0099983215332,7709000,TJX
2020-09-04,50.766727447509766,55.18000030517578,56.06999969482422,54.209999084472656,55.88999938964844,6807100,TJX
2020-09-08,50.877113342285156,55.29999923706055,55.70000076293945,54.38999938964844,54.650001525878906,7827400,TJX
2020-09-09,50.38031005859375,54.7599983215332,55.31999969482422,54.459999084472656,55.08000183105469,6996100,TJX
2020-09-10,49.78228759765625,54.11000061035156,55.56999969482422,53.91999816894531,55.040000915527344,9039900,TJX
2020-09-11,49.81909942626953,54.150001525878906,54.7599983215332,53.54999923706055,54.52000045776367,4841100,TJX
2020-09-14,51.033512115478516,55.470001220703125,55.66999816894531,54.529998779296875,54.709999084472656,4484100,TJX
2020-09-15,52.31234359741211,56.86000061035156,57.25,55.81999969482422,56.2599983215332,7179500,TJX
2020-09-16,52.73555374145508,57.31999969482422,58.150001525878906,56.91999816894531,57.22999954223633,5704000,TJX
2020-09-17,51.46592712402344,55.939998626708984,57.189998626708984,55.5099983215332,56.59000015258789,4683700,TJX
2020-09-18,51.53953552246094,56.02000045776367,56.7400016784668,55.470001220703125,55.720001220703125,6571800,TJX
2020-09-21,49.837493896484375,54.16999816894531,55.15999984741211,53.349998474121094,55.15999984741211,7933000,TJX
2020-09-22,49.57068634033203,53.880001068115234,54.61000061035156,53.2400016784668,54.16999816894531,5915000,TJX
2020-09-23,48.64146423339844,52.869998931884766,54.90999984741211,52.709999084472656,54.439998626708984,5962200,TJX
2020-09-24,48.60466766357422,52.83000183105469,53.540000915527344,51.79999923706055,52.56999969482422,4563400,TJX
2020-09-25,48.92667770385742,53.18000030517578,53.400001525878906,52.11000061035156,52.459999084472656,5954200,TJX
2020-09-28,51.15312957763672,55.599998474121094,55.880001068115234,54.0099983215332,54.060001373291016,7808200,TJX
2020-09-29,49.828304290771484,54.15999984741211,55.189998626708984,53.619998931884766,55.0099983215332,6444500,TJX
2020-09-30,51.19913101196289,55.650001525878906,56.58000183105469,54.58000183105469,54.619998931884766,6344500,TJX
2020-10-01,52.5147590637207,57.08000183105469,57.38999938964844,55.88999938964844,56.02000045776367,6196900,TJX
2020-10-02,53.02075958251953,57.630001068115234,57.810001373291016,55.58000183105469,55.619998931884766,4566300,TJX
2020-10-05,52.9195671081543,57.52000045776367,58.459999084472656,57.06999969482422,58.040000915527344,3485600,TJX
2020-10-06,52.08234786987305,56.61000061035156,58.459999084472656,56.5,57.79999923706055,5522200,TJX
2020-10-07,53.6923828125,58.36000061035156,58.83000183105469,57.36000061035156,57.47999954223633,4602500,TJX
2020-10-08,53.637176513671875,58.29999923706055,58.599998474121094,57.630001068115234,58.25,4445800,TJX
2020-10-09,53.53597640991211,58.189998626708984,59.15999984741211,57.900001525878906,58.849998474121094,5708400,TJX
2020-10-12,53.33357620239258,57.970001220703125,58.47999954223633,57.83000183105469,58.34000015258789,5535700,TJX
2020-10-13,52.799957275390625,57.38999938964844,58.16999816894531,57.20000076293945,57.970001220703125,3970900,TJX
2020-10-14,52.818359375,57.40999984741211,58.34000015258789,57.369998931884766,57.630001068115234,3426300,TJX
2020-10-15,52.818359375,57.40999984741211,57.56999969482422,56.68000030517578,56.959999084472656,4833800,TJX
2020-10-16,52.119144439697266,56.650001525878906,57.84000015258789,56.599998474121094,57.41999816894531,6839100,TJX
2020-10-19,50.72071075439453,55.130001068115234,57.290000915527344,54.939998626708984,56.9900016784668,4883500,TJX
2020-10-20,50.536712646484375,54.93000030517578,55.939998626708984,54.869998931884766,55.45000076293945,5672200,TJX
2020-10-21,50.58271026611328,54.97999954223633,55.38999938964844,54.56999969482422,54.95000076293945,4171000,TJX
2020-10-22,51.53953552246094,56.02000045776367,56.2400016784668,55.060001373291016,55.16999816894531,3190000,TJX
2020-10-23,52.45954895019531,57.02000045776367,57.029998779296875,55.779998779296875,56.40999984741211,4750300,TJX
2020-10-26,50.601112365722656,55.0,56.40999984741211,54.40999984741211,56.25,4156700,TJX
2020-10-27,49.80069351196289,54.130001068115234,55.15999984741211,53.95000076293945,55.15999984741211,3621500,TJX
2020-10-28,47.243045806884766,51.349998474121094,53.20000076293945,51.2400016784668,52.900001525878906,9431700,TJX
2020-10-29,47.5926399230957,51.72999954223633,52.31999969482422,51.13999938964844,51.310001373291016,5040500,TJX
2020-10-30,46.73701858520508,50.79999923706055,51.540000915527344,50.060001373291016,51.400001525878906,8293400,TJX
2020-11-02,47.60184860229492,51.7400016784668,52.279998779296875,51.11000061035156,51.599998474121094,6244500,TJX
2020-11-03,49.671897888183594,53.9900016784668,54.310001373291016,52.11000061035156,52.5,6085500,TJX
2020-11-04,48.991065979003906,53.25,54.52000045776367,53.20000076293945,53.90999984741211,5937200,TJX
2020-11-05,50.24230194091797,54.61000061035156,54.90999984741211,53.619998931884766,53.849998474121094,5886400,TJX
2020-11-06,49.625892639160156,53.939998626708984,54.75,53.529998779296875,54.63999938964844,4544300,TJX
2020-11-09,56.02922058105469,60.900001525878906,62.95000076293945,59.779998779296875,60.81999969482422,17552700,TJX
2020-11-10,57.280460357666016,62.2599983215332,62.779998779296875,60.65999984741211,61.810001373291016,11527600,TJX
2020-11-11,55.311614990234375,60.119998931884766,62.11000061035156,59.47999954223633,61.810001373291016,8292800,TJX
2020-11-12,54.64919662475586,59.400001525878906,60.220001220703125,58.7400016784668,59.54999923706055,5177300,TJX
2020-11-13,54.860801696777344,59.630001068115234,59.9900016784668,58.22999954223633,59.77000045776367,9557100,TJX
2020-11-16,56.20403289794922,61.09000015258789,61.619998931884766,59.43000030517578,61.33000183105469,7357000,TJX
2020-11-17,56.250030517578125,61.13999938964844,61.52000045776367,59.119998931884766,60.029998779296875,10970600,TJX
2020-11-18,57.29885482788086,62.279998779296875,65.13999938964844,61.40999984741211,62.630001068115234,16395900,TJX
2020-11-19,56.63644027709961,61.560001373291016,62.560001373291016,60.400001525878906,60.720001220703125,11004400,TJX
2020-11-20,55.82682418823242,60.68000030517578,62.060001373291016,60.52000045776367,61.54999923706055,11048000,TJX
2020-11-23,56.85725784301758,61.79999923706055,61.849998474121094,60.61000061035156,61.130001068115234,8273500,TJX
2020-11-24,59.18490219116211,64.33000183105469,64.7300033569336,62.25,62.38999938964844,11804200,TJX
2020-11-25,57.77727127075195,62.79999923706055,63.459999084472656,62.209999084472656,63.400001525878906,6905600,TJX
2020-11-27,58.16368103027344,63.220001220703125,63.25,62.41999816894531,63.25,5435200,TJX
2020-11-30,58.430484771728516,63.5099983215332,63.689998626708984,61.79999923706055,62.630001068115234,25960400,TJX
2020-12-01,59.6909065246582,64.87999725341797,65.16000366210938,63.290000915527344,64.0,10487600,TJX
2020-12-02,59.80131149291992,65.0,65.04000091552734,64.19999694824219,64.5199966430664,6283500,TJX
2020-12-03,60.63854217529297,65.91000366210938,66.0,64.95999908447266,65.2300033569336,7399800,TJX
2020-12-04,61.30094909667969,66.62999725341797,66.76000213623047,65.91999816894531,66.02999877929688,6593800,TJX
2020-12-07,60.610939025878906,65.87999725341797,66.41000366210938,65.36000061035156,65.94999694824219,4979900,TJX
2020-12-08,60.18772506713867,65.41999816894531,65.77999877929688,65.0,65.18000030517578,4290800,TJX
2020-12-09,61.38373947143555,66.72000122070312,66.88999938964844,65.66999816894531,66.12999725341797,6692000,TJX
2020-12-10,61.199745178222656,66.5199966430664,66.9000015258789,65.56999969482422,65.95999908447266,5662000,TJX
2020-12-11,60.77654266357422,66.05999755859375,66.33000183105469,65.48999786376953,66.05000305175781,7478000,TJX
2020-12-14,60.114112854003906,65.33999633789062,66.94999694824219,65.30999755859375,66.91999816894531,8653000,TJX
2020-12-15,61.40214157104492,66.73999786376953,66.76000213623047,65.61000061035156,66.41999816894531,5923400,TJX
2020-12-16,61.29175567626953,66.62000274658203,67.19000244140625,66.33000183105469,67.12999725341797,6656100,TJX
2020-12-17,62.11056900024414,67.51000213623047,67.68000030517578,66.80000305175781,67.12999725341797,7665100,TJX
2020-12-18,62.28536605834961,67.69999694824219,68.0999984741211,66.77999877929688,67.6500015258789,17358700,TJX
2020-12-21,61.86216354370117,67.23999786376953,67.55999755859375,66.13999938964844,66.41999816894531,9790700,TJX
2020-12-22,61.6137580871582,66.97000122070312,67.7300033569336,66.66999816894531,67.12999725341797,4909000,TJX
2020-12-23,61.95417022705078,67.33999633789062,68.08000183105469,67.30999755859375,67.41999816894531,2829900,TJX
2020-12-24,61.6229362487793,66.9800033569336,67.12999725341797,66.58999633789062,66.8499984741211,1656800,TJX
2020-12-28,62.929386138916016,68.4000015258789,68.66999816894531,67.04000091552734,67.52999877929688,3696100,TJX
2020-12-29,62.55217361450195,67.98999786376953,68.88999938964844,67.94000244140625,68.6500015258789,3563900,TJX
2020-12-30,62.83739471435547,68.30000305175781,68.7699966430664,67.98999786376953,67.98999786376953,4476100,TJX
2020-12-31,62.828189849853516,68.29000091552734,68.58999633789062,68.06999969482422,68.4800033569336,4563800,TJX
2021-01-04,61.466552734375,66.80999755859375,68.4000015258789,66.5,68.30000305175781,6330500,TJX
2021-01-05,61.38373947143555,66.72000122070312,66.87999725341797,66.16999816894531,66.4800033569336,4878700,TJX
2021-01-06,64.07941436767578,69.6500015258789,70.33999633789062,67.16000366210938,67.16000366210938,6499100,TJX
2021-01-07,64.30941009521484,69.9000015258789,70.44999694824219,69.58999633789062,70.13999938964844,4631000,TJX
2021-01-08,64.60382080078125,70.22000122070312,70.95999908447266,69.5,70.11000061035156,6306800,TJX
2021-01-11,62.90179443359375,68.37000274658203,69.87999725341797,68.16000366210938,69.58000183105469,5863300,TJX
2021-01-12,62.929386138916016,68.4000015258789,69.05000305175781,67.55000305175781,67.95999908447266,5918900,TJX
2021-01-13,62.68098449707031,68.12999725341797,68.58999633789062,67.37000274658203,68.2699966430664,5724800,TJX
2021-01-14,62.57977294921875,68.0199966430664,68.9000015258789,67.91000366210938,68.41999816894531,4167200,TJX
2021-01-15,62.98456573486328,68.45999908447266,68.58000183105469,67.04000091552734,67.51000213623047,6382900,TJX
2021-01-19,61.80695724487305,67.18000030517578,68.87000274658203,67.08000183105469,68.5,4990600,TJX
2021-01-20,62.828189849853516,68.29000091552734,68.72000122070312,67.36000061035156,67.52999877929688,4558500,TJX
2021-01-21,62.6165771484375,68.05999755859375,68.7699966430664,67.97000122070312,68.3499984741211,4314100,TJX
2021-01-22,61.558563232421875,66.91000366210938,68.19999694824219,66.8499984741211,67.87999725341797,5598500,TJX
2021-01-25,60.42692184448242,65.68000030517578,66.8499984741211,64.43000030517578,66.8499984741211,6892400,TJX
2021-01-26,59.31370544433594,64.47000122070312,65.87000274658203,64.41999816894531,65.87000274658203,7106200,TJX
2021-01-27,58.81687545776367,63.93000030517578,64.81999969482422,62.2400016784668,63.43000030517578,10471200,TJX
2021-01-28,60.25211715698242,65.48999786376953,66.33000183105469,64.19999694824219,64.76000213623047,8267400,TJX
2021-01-29,58.918094635009766,64.04000091552734,66.04000091552734,63.77000045776367,65.1500015258789,5763400,TJX
2021-02-01,58.94569396972656,64.06999969482422,64.52999877929688,63.400001525878906,64.44000244140625,6122700,TJX
2021-02-02,60.56493377685547,65.83000183105469,66.44000244140625,64.44999694824219,64.68000030517578,5548000,TJX
2021-02-03,61.39295959472656,66.7300033569336,67.13999938964844,65.5199966430664,65.95999908447266,5477500,TJX
2021-02-04,63.094970703125,68.58000183105469,69.81999969482422,66.45999908447266,66.94000244140625,9747500,TJX
2021-02-05,62.864986419677734,68.33000183105469,69.69000244140625,68.16000366210938,69.33000183105469,3762300,TJX
2021-02-08,64.37381744384766,69.97000122070312,70.01000213623047,68.0199966430664,68.54000091552734,4532700,TJX
2021-02-09,63.48139190673828,69.0,70.05000305175781,68.95999908447266,69.83999633789062,5492600,TJX
2021-02-10,63.35209655761719,68.5999984741211,69.16999816894531,68.30000305175781,68.73999786376953,4632900,TJX
2021-02-11,63.739967346191406,69.0199966430664,70.25,68.33000183105469,68.62999725341797,5796300,TJX
2021-02-12,62.79798889160156,68.0,68.83000183105469,67.70999908447266,68.31999969482422,5801500,TJX
2021-02-16,62.33625030517578,67.5,68.08999633789062,67.26000213623047,67.86000061035156,6293600,TJX
2021-02-17,61.71751403808594,66.83000183105469,67.16000366210938,66.0999984741211,67.11000061035156,7946400,TJX
2021-02-18,63.07506561279297,68.30000305175781,68.76000213623047,66.5199966430664,66.98999786376953,7690300,TJX
2021-02-19,62.5117301940918,67.69000244140625,68.72000122070312,67.38999938964844,68.4000015258789,4383600,TJX
2021-02-22,64.22940063476562,69.55000305175781,70.05999755859375,67.29000091552734,67.29000091552734,10511900,TJX
2021-02-23,64.857421875,70.2300033569336,71.05999755859375,69.18000030517578,70.3499984741211,10455900,TJX
2021-02-24,64.51573181152344,69.86000061035156,70.86000061035156,68.87999725341797,69.48999786376953,13387100,TJX
2021-02-25,62.50248336791992,67.68000030517578,69.1500015258789,66.18000030517578,68.08000183105469,13410300,TJX
2021-02-26,60.941768646240234,65.98999786376953,68.30999755859375,65.4000015258789,68.30999755859375,9964400,TJX
2021-03-01,62.10538101196289,67.25,67.8499984741211,66.66000366210938,66.66000366210938,7006800,TJX
2021-03-02,61.144927978515625,66.20999908447266,67.66999816894531,65.76000213623047,67.37000274658203,8988400,TJX
2021-03-03,58.79000473022461,63.65999984741211,66.0199966430664,63.54999923706055,65.69999694824219,10689400,TJX
2021-03-04,57.76493453979492,62.54999923706055,64.44999694824219,61.150001525878906,63.93000030517578,11092400,TJX
2021-03-05,57.92192077636719,62.720001220703125,63.209999084472656,61.36000061035156,63.029998779296875,9185000,TJX
2021-03-08,60.19374084472656,65.18000030517578,65.8499984741211,63.27000045776367,63.68000030517578,13576800,TJX
2021-03-09,61.024879455566406,66.08000183105469,67.04000091552734,64.93000030517578,65.98999786376953,8975500,TJX
2021-03-10,60.58159255981445,65.5999984741211,66.36000061035156,64.4800033569336,66.23999786376953,7127800,TJX
2021-03-11,61.024879455566406,66.08000183105469,66.70999908447266,65.7300033569336,65.79000091552734,5645700,TJX
2021-03-12,61.72673797607422,66.83999633789062,67.30000305175781,66.16000366210938,66.2699966430664,5480700,TJX
2021-03-15,62.81646728515625,68.0199966430664,68.05000305175781,66.38999938964844,67.0,5256400,TJX
2021-03-16,61.61592483520508,66.72000122070312,67.80999755859375,66.41999816894531,67.80999755859375,5425500,TJX
2021-03-17,62.18849563598633,67.33999633789062,67.83999633789062,66.68000030517578,66.81999969482422,5138500,TJX
2021-03-18,61.43122482299805,66.5199966430664,67.83000183105469,66.30000305175781,67.13999938964844,4726700,TJX
2021-03-19,61.51433563232422,66.61000061035156,67.13999938964844,65.16000366210938,65.76000213623047,21044300,TJX
2021-03-22,61.41273880004883,66.5,67.29000091552734,65.87999725341797,66.94000244140625,5303900,TJX
2021-03-23,59.59346389770508,64.52999877929688,66.37000274658203,64.23999786376953,66.29000091552734,6030100,TJX
2021-03-24,59.40876007080078,64.33000183105469,65.4800033569336,64.33000183105469,64.5,4936600,TJX
2021-03-25,60.10137939453125,65.08000183105469,65.29000091552734,63.40999984741211,64.0,5505300,TJX
2021-03-26,60.98794174194336,66.04000091552734,66.33999633789062,65.12999725341797,65.72000122070312,6021900,TJX
2021-03-29,60.51695251464844,65.52999877929688,66.69000244140625,65.05999755859375,65.9800033569336,5319700,TJX
2021-03-30,61.43122482299805,66.5199966430664,66.7300033569336,65.04000091552734,65.2699966430664,6649700,TJX
2021-03-31,61.089534759521484,66.1500015258789,67.51000213623047,66.0999984741211,66.7300033569336,5763000,TJX
2021-04-01,60.93252944946289,65.9800033569336,67.16000366210938,65.56999969482422,66.94000244140625,5032000,TJX
2021-04-05,62.576358795166016,67.76000213623047,67.93000030517578,66.2699966430664,66.2699966430664,5534600,TJX
2021-04-06,62.46554183959961,67.63999938964844,68.33000183105469,67.45999908447266,67.7300033569336,4331300,TJX
2021-04-07,62.59483337402344,67.77999877929688,68.31999969482422,67.55000305175781,67.58000183105469,4800800,TJX
2021-04-08,63.74920654296875,69.02999877929688,69.12999725341797,67.70999908447266,68.0199966430664,5324100,TJX
2021-04-09,64.1370620727539,69.44999694824219,69.5,68.29000091552734,69.13999938964844,5124600,TJX
2021-04-12,64.20172119140625,69.5199966430664,69.68000030517578,68.52999877929688,69.3499984741211,4771300,TJX
2021-04-13,63.22279357910156,68.45999908447266,69.27999877929688,67.91000366210938,68.83999633789062,5035900,TJX
2021-04-14,63.36134338378906,68.61000061035156,69.2699966430664,68.44000244140625,68.62000274658203,3561700,TJX
2021-04-15,63.943145751953125,69.23999786376953,69.93000030517578,69.11000061035156,69.2300033569336,3799600,TJX
2021-04-16,64.6357650756836,69.98999786376953,70.08000183105469,69.30999755859375,69.73999786376953,5702900,TJX
2021-04-19,63.72148513793945,69.0,69.94000244140625,68.95999908447266,69.94000244140625,3556200,TJX
2021-04-20,62.56711959838867,67.75,68.69999694824219,67.04000091552734,68.5199966430664,4180100,TJX
2021-04-21,63.24128341674805,68.4800033569336,68.91000366210938,67.55999755859375,67.83000183105469,4644100,TJX
2021-04-22,63.878501892089844,69.16999816894531,69.81999969482422,68.43000030517578,68.73999786376953,4319200,TJX
2021-04-23,65.00518798828125,70.38999938964844,70.69000244140625,68.93000030517578,69.30999755859375,5302500,TJX
2021-04-26,63.98007583618164,69.27999877929688,70.94999694824219,69.05999755859375,70.52999877929688,3679700,TJX
2021-04-27,64.4603042602539,69.80000305175781,70.19999694824219,69.12999725341797,69.4800033569336,3551400,TJX
2021-04-28,64.59882354736328,69.94999694824219,70.33999633789062,69.41999816894531,69.7300033569336,3067300,TJX
2021-04-29,65.95637512207031,71.41999816894531,71.48999786376953,70.1500015258789,70.5,4121300,TJX
2021-04-30,65.5685043334961,71.0,71.87000274658203,70.55000305175781,71.19000244140625,5017600,TJX
2021-05-03,66.56588745117188,72.08000183105469,72.4800033569336,71.16000366210938,71.48999786376953,6706900,TJX
2021-05-04,65.40228271484375,70.81999969482422,71.62999725341797,70.33999633789062,71.62999725341797,5773800,TJX
2021-05-05,65.5962142944336,71.02999877929688,71.4000015258789,70.52999877929688,71.33000183105469,5769600,TJX
2021-05-06,66.27035522460938,71.76000213623047,72.11000061035156,71.25,71.4800033569336,5838700,TJX
2021-05-07,68.13583374023438,73.77999877929688,74.0199966430664,71.38999938964844,71.62999725341797,6347400,TJX
2021-05-10,67.40626525878906,72.98999786376953,74.6500015258789,72.97000122070312,74.18000030517578,5207500,TJX
2021-05-11,66.5012435913086,72.01000213623047,72.36000061035156,70.73999786376953,72.20999908447266,5567700,TJX
2021-05-12,64.44364166259766,69.52999877929688,71.58999633789062,69.51000213623047,71.30000305175781,5811500,TJX
2021-05-13,65.71339416503906,70.9000015258789,71.51000213623047,69.7300033569336,69.83000183105469,5671800,TJX
2021-05-14,67.1314697265625,72.43000030517578,72.83999633789062,71.27999877929688,71.31999969482422,6542400,TJX
2021-05-17,66.7422103881836,72.01000213623047,72.4000015258789,71.33000183105469,71.93000030517578,6668800,TJX
2021-05-18,65.93585968017578,71.13999938964844,72.80999755859375,70.95999908447266,72.19999694824219,7720300,TJX
2021-05-19,62.45091247558594,67.37999725341797,70.12000274658203,66.43000030517578,70.12000274658203,16703100,TJX
2021-05-20,62.44164276123047,67.37000274658203,68.75,66.87000274658203,68.0,11980800,TJX
2021-05-21,62.13578414916992,67.04000091552734,68.33999633789062,66.77999877929688,68.02999877929688,6933800,TJX
2021-05-24,61.505550384521484,66.36000061035156,67.54000091552734,66.31999969482422,67.26000213623047,8965500,TJX
2021-05-25,62.34895706176758,67.2699966430664,67.58000183105469,66.52999877929688,66.91999816894531,6173600,TJX
2021-05-26,62.89580535888672,67.86000061035156,67.9000015258789,67.16999816894531,67.77999877929688,6769500,TJX
2021-05-27,62.32114791870117,67.23999786376953,68.05999755859375,67.12000274658203,68.0,8648800,TJX
2021-05-28,62.599205017089844,67.54000091552734,68.2300033569336,67.19000244140625,67.7699966430664,7523200,TJX
2021-06-01,62.27480697631836,67.19000244140625,68.48999786376953,66.61000061035156,68.26000213623047,5844000,TJX
2021-06-02,61.15333557128906,65.9800033569336,67.19000244140625,65.91000366210938,67.04000091552734,9170100,TJX
2021-06-03,61.02357864379883,65.83999633789062,66.18000030517578,64.76000213623047,65.97000122070312,7450600,TJX
2021-06-04,60.83820343017578,65.63999938964844,66.1500015258789,65.02999877929688,66.1500015258789,5671900,TJX
2021-06-07,60.54161834716797,65.31999969482422,65.91999816894531,65.05999755859375,65.63999938964844,6071200,TJX
2021-06-08,60.94015884399414,65.75,66.1500015258789,65.31999969482422,65.58000183105469,7058500,TJX
2021-06-09,60.2728157043457,65.02999877929688,66.0,64.98999786376953,65.7300033569336,5490900,TJX
2021-06-10,60.03184509277344,64.7699966430664,65.38999938964844,64.5999984741211,64.87000274658203,6684200,TJX
2021-06-11,60.94942855834961,65.76000213623047,65.86000061035156,64.83000183105469,64.83000183105469,7654000,TJX
2021-06-14,60.365509033203125,65.12999725341797,66.11000061035156,64.94999694824219,65.61000061035156,5101900,TJX
2021-06-15,60.615760803222656,65.4000015258789,65.4800033569336,64.7699966430664,65.18000030517578,7296400,TJX
2021-06-16,60.43039321899414,65.19999694824219,66.16000366210938,64.83000183105469,65.9800033569336,7932700,TJX
2021-06-17,59.96697235107422,64.69999694824219,65.19000244140625,63.79999923706055,65.18000030517578,7570600,TJX
2021-06-18,58.7342643737793,63.369998931884766,64.37000274658203,63.25,64.13999938964844,11745700,TJX
2021-06-21,60.1616096496582,64.91000366210938,64.98999786376953,63.619998931884766,63.869998931884766,8811100,TJX
2021-06-22,61.08845901489258,65.91000366210938,66.05000305175781,64.6500015258789,64.75,5880300,TJX
2021-06-23,61.042110443115234,65.86000061035156,66.37000274658203,65.5999984741211,65.75,5415400,TJX
2021-06-24,62.07090377807617,66.97000122070312,67.06999969482422,66.05000305175781,66.51000213623047,6526300,TJX
2021-06-25,62.589942932128906,67.52999877929688,67.80999755859375,67.05000305175781,67.19000244140625,13165300,TJX
2021-06-28,61.62602233886719,66.48999786376953,67.48999786376953,66.04000091552734,67.2699966430664,6361800,TJX
2021-06-29,61.82065963745117,66.69999694824219,67.19999694824219,66.58999633789062,66.86000061035156,3272000,TJX
2021-06-30,62.48796081542969,67.41999816894531,67.5999984741211,66.48999786376953,66.56999969482422,5013700,TJX
2021-07-01,62.91434097290039,67.87999725341797,68.12000274658203,67.43000030517578,67.55999755859375,4418100,TJX
2021-07-02,63.25727844238281,68.25,68.36000061035156,67.80000305175781,67.9800033569336,3058700,TJX
2021-07-06,63.14605712890625,68.12999725341797,68.62000274658203,67.19999694824219,68.5199966430664,4133200,TJX
2021-07-07,62.701168060302734,67.6500015258789,68.58000183105469,67.41999816894531,68.3499984741211,4981300,TJX
2021-07-08,61.978240966796875,66.87000274658203,67.19000244140625,65.66999816894531,66.41999816894531,5686000,TJX
2021-07-09,63.359214782714844,68.36000061035156,68.45999908447266,67.44000244140625,67.51000213623047,4407400,TJX
2021-07-12,63.2294807434082,68.22000122070312,68.33999633789062,67.44999694824219,67.66999816894531,6072800,TJX
2021-07-13,62.69187545776367,67.63999938964844,68.33000183105469,67.47000122070312,68.0,3775000,TJX
2021-07-14,63.61875534057617,68.63999938964844,69.22000122070312,67.94999694824219,68.02999877929688,8748800,TJX
2021-07-15,63.09043502807617,68.06999969482422,68.47000122070312,67.75,68.37999725341797,4905700,TJX
2021-07-16,62.47871780395508,67.41000366210938,68.5999984741211,67.18000030517578,68.41999816894531,7819900,TJX
2021-07-19,60.2728157043457,65.02999877929688,66.62999725341797,64.62999725341797,66.16999816894531,8043800,TJX
2021-07-20,61.63528060913086,66.5,66.86000061035156,64.43000030517578,64.80000305175781,5312000,TJX
2021-07-21,62.54359817504883,67.4800033569336,67.91000366210938,66.80000305175781,67.06999969482422,3499500,TJX
2021-07-22,62.34895706176758,67.2699966430664,67.7300033569336,66.77999877929688,67.62000274658203,2884500,TJX
2021-07-23,63.19239807128906,68.18000030517578,68.41999816894531,67.30999755859375,67.75,4816900,TJX
2021-07-26,63.69288635253906,68.72000122070312,68.91999816894531,67.81999969482422,67.94999694824219,4861200,TJX
2021-07-27,63.44263458251953,68.44999694824219,68.9800033569336,68.02999877929688,68.41999816894531,3789300,TJX
2021-07-28,62.91434097290039,67.87999725341797,68.75,67.69000244140625,68.44999694824219,3123800,TJX
2021-07-29,63.80411148071289,68.83999633789062,69.2699966430664,68.16000366210938,68.37999725341797,4318600,TJX
2021-07-30,63.776309967041016,68.80999755859375,69.77999877929688,68.2699966430664,68.2699966430664,3668600,TJX
2021-08-02,62.97919845581055,67.94999694824219,69.19000244140625,67.75,69.19000244140625,5747600,TJX
2021-08-03,63.93388366699219,68.9800033569336,69.0,67.3499984741211,68.41999816894531,3832000,TJX
2021-08-04,62.33042907714844,67.25,68.86000061035156,67.2300033569336,68.33999633789062,6909000,TJX
2021-08-05,63.5631217956543,68.58000183105469,68.6500015258789,67.25,67.38999938964844,4340400,TJX
2021-08-06,64.23973083496094,69.30999755859375,69.5999984741211,68.77999877929688,69.08000183105469,3456900,TJX
2021-08-09,63.88753128051758,68.93000030517578,69.31999969482422,68.36000061035156,69.01000213623047,3190100,TJX
2021-08-10,66.20464324951172,71.43000030517578,71.83999633789062,69.12000274658203,69.12000274658203,7078200,TJX
2021-08-11,66.70696258544922,71.70999908447266,71.79000091552734,70.87999725341797,71.51000213623047,4264900,TJX
2021-08-12,66.55812072753906,71.55000305175781,71.94000244140625,70.80000305175781,71.80000305175781,4273300,TJX
2021-08-13,65.57208251953125,70.48999786376953,71.5,70.29000091552734,71.2699966430664,5389000,TJX
2021-08-16,65.44185638427734,70.3499984741211,70.41000366210938,69.30999755859375,70.31999969482422,4055600,TJX
2021-08-17,64.3255844116211,69.1500015258789,70.04000091552734,68.4800033569336,70.04000091552734,8008300,TJX
2021-08-18,67.90694427490234,73.0,73.66999816894531,67.9000015258789,68.69000244140625,14316300,TJX
2021-08-19,68.455810546875,73.58999633789062,73.87000274658203,71.30000305175781,71.33000183105469,11723200,TJX
2021-08-20,68.87440490722656,74.04000091552734,74.41000366210938,72.62999725341797,73.11000061035156,7835600,TJX
2021-08-23,69.88835906982422,75.12999725341797,76.11000061035156,74.31999969482422,74.31999969482422,9979400,TJX
2021-08-24,70.0558090209961,75.30999755859375,76.16000366210938,75.0999984741211,75.2699966430664,7444800,TJX
2021-08-25,70.52091979980469,75.80999755859375,76.06999969482422,74.73999786376953,74.88999938964844,5365200,TJX
2021-08-26,68.68834686279297,73.83999633789062,75.19999694824219,73.37999725341797,75.19999694824219,6277300,TJX
2021-08-27,68.50232696533203,73.63999938964844,74.33999633789062,73.4000015258789,74.11000061035156,5087100,TJX
2021-08-30,67.72093963623047,72.80000305175781,73.83000183105469,72.69999694824219,73.68000030517578,4496600,TJX
2021-08-31,67.64652252197266,72.72000122070312,72.91000366210938,72.05000305175781,72.55999755859375,5829800,TJX
2021-09-01,67.0511703491211,72.08000183105469,73.38999938964844,71.94999694824219,73.16000366210938,4103200,TJX
2021-09-02,66.85579681396484,71.87000274658203,72.58999633789062,71.66999816894531,71.95999908447266,3813400,TJX
2021-09-03,66.11162567138672,71.06999969482422,71.83999633789062,70.95999908447266,71.41999816894531,5397900,TJX
2021-09-07,64.97674560546875,69.8499984741211,71.0,69.56999969482422,70.55000305175781,7085000,TJX
2021-09-08,64.94882202148438,69.81999969482422,70.12999725341797,69.05999755859375,70.11000061035156,7124900,TJX
2021-09-09,64.60462188720703,69.44999694824219,70.4800033569336,69.41000366210938,69.8499984741211,7613100,TJX
2021-09-10,64.06513214111328,68.87000274658203,70.1500015258789,68.81999969482422,69.94999694824219,6709400,TJX
2021-09-13,63.9069709777832,68.69999694824219,69.47000122070312,68.26000213623047,69.30999755859375,5820200,TJX
2021-09-14,64.6325454711914,69.4800033569336,69.72000122070312,68.66999816894531,69.37999725341797,7322800,TJX
2021-09-15,64.6325454711914,69.4800033569336,69.91999816894531,68.87999725341797,69.19999694824219,5031800,TJX
2021-09-16,65.56278991699219,70.4800033569336,70.76000213623047,69.58000183105469,69.63999938964844,5629800,TJX
2021-09-17,65.49767303466797,70.41000366210938,71.12000274658203,69.7699966430664,70.0,9208800,TJX
2021-09-20,64.2883529663086,69.11000061035156,70.08999633789062,68.48999786376953,69.47000122070312,5759800,TJX
2021-09-21,64.455810546875,69.29000091552734,70.41000366210938,69.23999786376953,69.83000183105469,6901300,TJX
2021-09-22,64.67906188964844,69.52999877929688,70.19000244140625,69.38999938964844,69.80000305175781,8418600,TJX
2021-09-23,65.76742553710938,70.69999694824219,71.94000244140625,69.95999908447266,69.97000122070312,6595300,TJX
2021-09-24,66.13953399658203,71.0999984741211,71.36000061035156,70.19999694824219,70.38999938964844,4802100,TJX
2021-09-27,66.1767349243164,71.13999938964844,72.61000061035156,71.08000183105469,71.5,5228400,TJX
2021-09-28,65.19068145751953,70.08000183105469,71.05999755859375,69.48999786376953,70.52999877929688,5431400,TJX
2021-09-29,65.02325439453125,69.9000015258789,70.98999786376953,69.81999969482422,70.48999786376953,3671300,TJX
2021-09-30,61.376739501953125,65.9800033569336,69.3499984741211,65.79000091552734,69.19000244140625,10900200,TJX
2021-10-01,61.96278762817383,66.61000061035156,67.05999755859375,65.51000213623047,66.30000305175781,6787000,TJX
2021-10-04,61.26511001586914,65.86000061035156,67.0,65.63999938964844,66.33999633789062,6503500,TJX
2021-10-05,60.56743621826172,65.11000061035156,66.30999755859375,64.80999755859375,65.91000366210938,9136300,TJX
2021-10-06,59.841854095458984,64.33000183105469,65.05000305175781,63.52000045776367,64.5,10030200,TJX
2021-10-07,60.44650650024414,64.9800033569336,66.29000091552734,64.7699966430664,64.80000305175781,6213800,TJX
2021-10-08,60.22325134277344,64.73999786376953,65.30999755859375,64.6500015258789,64.93000030517578,5352100,TJX
2021-10-11,58.62325668334961,63.02000045776367,64.76000213623047,62.95000076293945,64.56999969482422,8466100,TJX
2021-10-12,58.57673645019531,62.970001220703125,63.59000015258789,62.84000015258789,63.400001525878906,5157400,TJX
2021-10-13,59.06975555419922,63.5,64.19000244140625,63.36000061035156,63.529998779296875,7218100,TJX
2021-10-14,59.66511154174805,64.13999938964844,64.55999755859375,62.720001220703125,62.91999816894531,7946100,TJX
2021-10-15,59.8604621887207,64.3499984741211,64.97000122070312,64.26000213623047,64.6500015258789,5633900,TJX
2021-10-18,60.13022994995117,64.63999938964844,64.79000091552734,63.689998626708984,63.97999954223633,4244600,TJX
2021-10-19,59.441856384277344,63.900001525878906,64.83999633789062,63.470001220703125,64.66999816894531,6146000,TJX
2021-10-20,59.40464401245117,63.86000061035156,65.02999877929688,63.689998626708984,64.11000061035156,5953900,TJX
2021-10-21,60.16743850708008,64.68000030517578,64.72000122070312,63.900001525878906,63.900001525878906,3970700,TJX
2021-10-22,59.683719635009766,64.16000366210938,64.76000213623047,63.54999923706055,64.61000061035156,4272500,TJX
2021-10-25,60.70697784423828,65.26000213623047,65.6500015258789,64.33999633789062,64.33999633789062,5969400,TJX
2021-10-26,60.77208709716797,65.33000183105469,66.13999938964844,65.26000213623047,65.66999816894531,6075800,TJX
2021-10-27,60.05580520629883,64.55999755859375,65.48999786376953,64.2300033569336,65.48999786376953,4573000,TJX
2021-10-28,60.651153564453125,65.19999694824219,65.4000015258789,64.76000213623047,64.81999969482422,3829700,TJX
2021-10-29,60.92092514038086,65.48999786376953,65.98999786376953,64.73999786376953,65.0,8269300,TJX
2021-11-01,61.99999237060547,66.6500015258789,67.02999877929688,65.44999694824219,65.52999877929688,7424400,TJX
2021-11-02,62.62324905395508,67.31999969482422,67.87999725341797,66.2699966430664,66.87000274658203,7510200,TJX
2021-11-03,63.65580368041992,68.43000030517578,68.70999908447266,66.94999694824219,66.94999694824219,6308700,TJX
2021-11-04,64.87442779541016,69.73999786376953,69.95999908447266,68.41000366210938,68.62999725341797,8238700,TJX
2021-11-05,66.23255920410156,71.19999694824219,71.87999725341797,70.8499984741211,70.94999694824219,8726100,TJX
2021-11-08,65.01394653320312,69.88999938964844,71.25,69.55999755859375,70.9000015258789,6713700,TJX
2021-11-09,65.06063079833984,69.68000030517578,70.26000213623047,69.2699966430664,69.80999755859375,4298800,TJX
2021-11-10,64.38836669921875,68.95999908447266,70.51000213623047,68.9000015258789,69.77999877929688,5950600,TJX
2021-11-11,63.69743347167969,68.22000122070312,69.5199966430664,68.11000061035156,69.08000183105469,6047500,TJX
2021-11-12,64.23896026611328,68.80000305175781,69.02999877929688,68.18000030517578,68.69999694824219,8504700,TJX
2021-11-15,64.72449493408203,69.31999969482422,70.4800033569336,69.16000366210938,69.30999755859375,6333200,TJX
2021-11-16,64.89256286621094,69.5,70.33999633789062,68.33999633789062,69.37000274658203,9819300,TJX
2021-11-17,68.67408752441406,73.55000305175781,76.94000244140625,73.19999694824219,76.80000305175781,21456600,TJX
2021-11-18,68.25390625,73.0999984741211,73.77999877929688,71.79000091552734,73.5999984741211,9466400,TJX
2021-11-19,66.3117904663086,71.0199966430664,72.81999969482422,70.19000244140625,72.79000091552734,8162000,TJX
2021-11-22,65.24736785888672,69.87999725341797,71.97000122070312,69.23999786376953,71.6500015258789,7021300,TJX
2021-11-23,66.24642181396484,70.94999694824219,71.2699966430664,69.0,69.38999938964844,7110200,TJX
2021-11-24,66.7413101196289,71.4800033569336,71.55000305175781,69.61000061035156,69.69000244140625,4960400,TJX
2021-11-26,64.76182556152344,69.36000061035156,70.45999908447266,69.04000091552734,69.91999816894531,4737200,TJX
2021-11-29,65.98499298095703,70.66999816894531,72.30000305175781,70.25,71.80999755859375,5813500,TJX
2021-11-30,64.79917907714844,69.4000015258789,70.58000183105469,68.44000244140625,70.29000091552734,9925200,TJX
2021-12-01,63.50136184692383,68.01000213623047,71.68000030517578,67.97000122070312,70.87999725341797,8014400,TJX
2021-12-02,65.59284973144531,70.25,70.4800033569336,67.9800033569336,68.0199966430664,6050400,TJX
2021-12-03,66.0036849975586,70.69000244140625,70.91999816894531,69.79000091552734,70.5199966430664,7970100,TJX
2021-12-06,67.82440185546875,72.63999938964844,73.5,71.22000122070312,71.5,7782500,TJX
2021-12-07,69.20628356933594,74.12000274658203,74.62999725341797,72.38999938964844,72.88999938964844,7976000,TJX
2021-12-08,69.41169738769531,74.33999633789062,74.79000091552734,73.8499984741211,74.22000122070312,8158900,TJX
2021-12-09,69.11292266845703,74.0199966430664,74.69000244140625,73.9000015258789,74.06999969482422,4901400,TJX
2021-12-10,69.77584838867188,74.7300033569336,74.81999969482422,73.94999694824219,74.20999908447266,5123800,TJX
2021-12-13,68.28190612792969,73.12999725341797,74.81999969482422,72.86000061035156,74.33999633789062,6883900,TJX
2021-12-14,68.1045150756836,72.94000244140625,73.69000244140625,72.58999633789062,72.68000030517578,6972700,TJX
2021-12-15,68.21656036376953,73.05999755859375,73.19999694824219,71.33000183105469,72.81999969482422,5940800,TJX
2021-12-16,68.59938049316406,73.47000122070312,74.72000122070312,73.44999694824219,74.19999694824219,9558000,TJX
2021-12-17,69.11292266845703,74.0199966430664,74.56999969482422,72.3499984741211,73.47000122070312,11378800,TJX
2021-12-20,67.67500305175781,72.4800033569336,73.19999694824219,71.33000183105469,72.94999694824219,7263300,TJX
2021-12-21,69.20628356933594,74.12000274658203,74.43000030517578,72.77999877929688,73.06999969482422,6644300,TJX
2021-12-22,69.09423065185547,74.0,74.43000030517578,73.45999908447266,74.0199966430664,4852400,TJX
2021-12-23,68.86082458496094,73.75,74.38999938964844,73.5,74.08999633789062,4625900,TJX
2021-12-27,69.36502075195312,74.29000091552734,74.52999877929688,73.7300033569336,73.73999786376953,3165300,TJX
2021-12-28,69.8132095336914,74.7699966430664,75.30000305175781,74.16999816894531,74.16999816894531,2982500,TJX
2021-12-29,70.45745086669922,75.45999908447266,75.91999816894531,74.69999694824219,74.73999786376953,2884100,TJX
2021-12-30,70.52279663085938,75.52999877929688,76.12999725341797,75.3499984741211,75.3499984741211,2799100,TJX
2021-12-31,70.88695526123047,75.91999816894531,76.33000183105469,75.37999725341797,75.6500015258789,3193200,TJX
2022-01-03,70.54149627685547,75.55000305175781,76.58999633789062,75.48999786376953,75.83000183105469,4814900,TJX
2022-01-04,71.6339340209961,76.72000122070312,77.3499984741211,75.70999908447266,75.70999908447266,5905700,TJX
2022-01-05,70.1586685180664,75.13999938964844,77.33000183105469,75.08999633789062,76.97000122070312,5101900,TJX
2022-01-06,70.46678161621094,75.47000122070312,75.98999786376953,74.73999786376953,75.55999755859375,4059900,TJX
2022-01-07,69.44904327392578,74.37999725341797,75.41999816894531,74.19000244140625,74.93000030517578,5497700,TJX
2022-01-10,67.68434143066406,72.48999786376953,73.86000061035156,70.12000274658203,73.62999725341797,7964500,TJX
2022-01-11,69.29032135009766,74.20999908447266,74.63999938964844,72.08000183105469,72.48999786376953,5682300,TJX
2022-01-12,68.5433578491211,73.41000366210938,75.41999816894531,73.22000122070312,74.41000366210938,5654100,TJX
2022-01-13,67.79637908935547,72.61000061035156,74.13999938964844,72.36000061035156,74.05000305175781,6149400,TJX
2022-01-14,66.46118927001953,71.18000030517578,71.97000122070312,70.27999877929688,71.83000183105469,6631100,TJX
2022-01-18,64.34168243408203,68.91000366210938,70.66999816894531,68.76000213623047,70.23999786376953,9601600,TJX
2022-01-19,63.968196868896484,68.51000213623047,70.33999633789062,68.44000244140625,69.3499984741211,6621100,TJX
2022-01-20,62.866424560546875,67.33000183105469,69.56999969482422,67.26000213623047,68.68000030517578,6669000,TJX
2022-01-21,62.987815856933594,67.45999908447266,68.72000122070312,66.58999633789062,67.06999969482422,8652900,TJX
2022-01-24,64.48175048828125,69.05999755859375,69.13999938964844,65.8499984741211,66.45999908447266,10903800,TJX
2022-01-25,64.12692260742188,68.68000030517578,69.27999877929688,66.87999725341797,68.0,8265700,TJX
2022-01-26,64.51908874511719,69.0999984741211,70.95999908447266,68.37000274658203,69.20999908447266,7358200,TJX
2022-01-27,65.00460052490234,69.62000274658203,71.27999877929688,69.25,70.43000030517578,6184700,TJX
2022-01-28,66.64791107177734,71.37999725341797,71.4000015258789,68.63999938964844,69.5199966430664,7180600,TJX
2022-01-31,67.19882202148438,71.97000122070312,72.0999984741211,70.80000305175781,71.08000183105469,4543000,TJX
2022-02-01,67.97380065917969,72.80000305175781,72.94000244140625,71.77999877929688,72.19000244140625,4461700,TJX
2022-02-02,67.25484466552734,72.02999877929688,73.13999938964844,71.37000274658203,72.70999908447266,5400500,TJX
2022-02-03,65.1820068359375,69.80999755859375,71.83000183105469,69.66000366210938,71.5,5802300,TJX
2022-02-04,64.59378051757812,69.18000030517578,69.77999877929688,68.16999816894531,69.26000213623047,4991100,TJX
2022-02-07,64.75251770019531,69.3499984741211,70.11000061035156,68.58999633789062,69.58999633789062,4750800,TJX
2022-02-08,65.7702407836914,70.44000244140625,70.72000122070312,68.9800033569336,69.30999755859375,4464500,TJX
2022-02-09,66.97919464111328,71.47000122070312,72.11000061035156,70.86000061035156,71.0,4041800,TJX
2022-02-10,66.20135498046875,70.63999938964844,71.72000122070312,70.04000091552734,70.12999725341797,3856000,TJX
2022-02-11,64.38323974609375,68.69999694824219,70.69000244140625,68.48999786376953,70.44999694824219,4807400,TJX
2022-02-14,63.71784591674805,67.98999786376953,69.01000213623047,67.5999984741211,68.79000091552734,6472000,TJX
2022-02-15,64.56131744384766,68.88999938964844,69.11000061035156,68.25,68.45999908447266,6474200,TJX
2022-02-16,62.883785247802734,67.0999984741211,68.83999633789062,66.25,68.4000015258789,5802000,TJX
2022-02-17,61.075042724609375,65.16999816894531,66.8499984741211,64.86000061035156,66.26000213623047,6591000,TJX
2022-02-18,61.993465423583984,66.1500015258789,66.51000213623047,64.95999908447266,65.12000274658203,6050800,TJX
2022-02-22,61.150028228759766,65.25,66.91000366210938,64.97000122070312,66.05999755859375,8055300,TJX
2022-02-23,58.57282257080078,62.5,65.83999633789062,59.849998474121094,60.91999816894531,25852500,TJX
2022-02-24,60.625213623046875,64.69000244140625,64.80000305175781,60.9900016784668,61.5099983215332,9786500,TJX
2022-02-25,62.58388900756836,66.77999877929688,66.8499984741211,64.30999755859375,64.63999938964844,6400700,TJX
2022-02-28,61.94660949707031,66.0999984741211,66.36000061035156,65.01000213623047,65.4000015258789,7647800,TJX
2022-03-01,59.884849548339844,63.900001525878906,66.33999633789062,63.52000045776367,66.16000366210938,6279400,TJX
2022-03-02,61.96535110473633,66.12000274658203,67.58000183105469,64.41000366210938,64.44000244140625,8125200,TJX
2022-03-03,61.58112335205078,65.70999908447266,66.12000274658203,65.0,66.02999877929688,5186300,TJX
2022-03-04,58.61030960083008,62.540000915527344,65.19000244140625,62.189998626708984,64.91999816894531,8971500,TJX
2022-03-07,54.66484451293945,58.33000183105469,63.0099983215332,58.06999969482422,62.439998626708984,11448700,TJX
2022-03-08,56.22990417480469,60.0,61.09000015258789,57.91999816894531,58.16999816894531,11952400,TJX
2022-03-09,57.345130920410156,61.189998626708984,62.650001525878906,61.150001525878906,61.70000076293945,5773800,TJX
2022-03-10,58.15109634399414,62.04999923706055,62.08000183105469,59.56999969482422,59.81999969482422,5809100,TJX
2022-03-11,57.57005310058594,61.43000030517578,62.5099983215332,61.2599983215332,62.29999923706055,5300600,TJX
2022-03-14,57.401363372802734,61.25,62.09000015258789,60.95000076293945,61.540000915527344,4889200,TJX
2022-03-15,57.84183120727539,61.720001220703125,62.83000183105469,61.369998931884766,61.7599983215332,6422200,TJX
2022-03-16,58.61030960083008,62.540000915527344,63.650001525878906,61.54999923706055,62.43000030517578,8278000,TJX
2022-03-17,58.338531494140625,62.25,62.72999954223633,61.45000076293945,61.869998931884766,8139200,TJX
2022-03-18,58.51658248901367,62.439998626708984,62.619998931884766,61.2400016784668,62.0,11728300,TJX
2022-03-21,57.1577033996582,60.9900016784668,62.83000183105469,60.47999954223633,62.83000183105469,7342900,TJX
2022-03-22,57.28889846801758,61.130001068115234,62.29999923706055,60.97999954223633,61.43000030517578,13372400,TJX
2022-03-23,55.742584228515625,59.47999954223633,60.72999954223633,59.41999816894531,60.63999938964844,8240700,TJX
2022-03-24,56.29551696777344,60.06999969482422,60.33000183105469,58.97999954223633,59.72999954223633,8633000,TJX
2022-03-25,57.43886184692383,61.290000915527344,61.439998626708984,60.040000915527344,60.7400016784668,10110400,TJX
2022-03-28,58.1042366027832,62.0,62.0099983215332,60.36000061035156,60.400001525878906,10417000,TJX
2022-03-29,60.269081115722656,64.30999755859375,64.48999786376953,62.630001068115234,62.63999938964844,9812500,TJX
2022-03-30,58.1042366027832,62.0,63.7599983215332,61.83000183105469,63.380001068115234,7937100,TJX
2022-03-31,56.773468017578125,60.58000183105469,62.209999084472656,60.4900016784668,61.599998474121094,10282200,TJX
2022-04-01,57.06398010253906,60.88999938964844,61.040000915527344,60.029998779296875,60.720001220703125,5762000,TJX
2022-04-04,58.16983413696289,62.06999969482422,62.29999923706055,60.439998626708984,60.810001373291016,5855000,TJX
2022-04-05,57.832462310791016,61.709999084472656,62.08000183105469,60.16999816894531,60.38999938964844,6130300,TJX
2022-04-06,56.72660446166992,60.529998779296875,61.09000015258789,59.779998779296875,60.90999984741211,8641500,TJX
2022-04-07,57.4763298034668,61.33000183105469,61.7400016784668,59.470001220703125,59.959999084472656,7628300,TJX
2022-04-08,57.69189453125,61.560001373291016,62.310001373291016,60.880001068115234,61.2599983215332,7604400,TJX
2022-04-11,57.97303771972656,61.86000061035156,63.36000061035156,61.77000045776367,61.97999954223633,6230000,TJX
2022-04-12,58.8820915222168,62.83000183105469,64.04000091552734,62.34000015258789,62.400001525878906,5873900,TJX
2022-04-13,59.69742202758789,63.70000076293945,64.01000213623047,62.7599983215332,63.06999969482422,6107600,TJX
2022-04-14,58.769622802734375,62.709999084472656,64.38999938964844,62.56999969482422,63.86000061035156,6511000,TJX
2022-04-18,58.51658248901367,62.439998626708984,63.11000061035156,62.099998474121094,62.41999816894531,4521800,TJX
2022-04-19,61.318721771240234,65.43000030517578,65.62999725341797,62.43000030517578,62.56999969482422,9021100,TJX
2022-04-20,62.58388900756836,66.77999877929688,67.43000030517578,66.18000030517578,66.25,7942800,TJX
2022-04-21,61.796661376953125,65.94000244140625,68.29000091552734,65.73999786376953,67.5999984741211,7815200,TJX
2022-04-22,58.769622802734375,62.709999084472656,65.37000274658203,62.630001068115234,64.33000183105469,5424600,TJX
2022-04-25,59.406890869140625,63.38999938964844,63.439998626708984,61.27000045776367,62.290000915527344,6331700,TJX
2022-04-26,57.560672760009766,61.41999816894531,63.25,61.41999816894531,62.650001525878906,5744200,TJX
2022-04-27,57.607540130615234,61.470001220703125,62.0099983215332,60.72999954223633,61.40999984741211,7501700,TJX
2022-04-28,59.36003112792969,63.34000015258789,63.709999084472656,61.689998626708984,62.349998474121094,4236400,TJX
2022-04-29,57.429481506347656,61.279998779296875,63.029998779296875,61.060001373291016,62.7599983215332,6981400,TJX
2022-05-02,58.38538360595703,62.29999923706055,62.34000015258789,60.540000915527344,61.68000030517578,8136500,TJX
2022-05-03,58.12297821044922,62.02000045776367,62.68000030517578,61.31999969482422,62.65999984741211,4447700,TJX
2022-05-04,60.04417037963867,64.06999969482422,64.13999938964844,61.2599983215332,61.97999954223633,4747200,TJX
2022-05-05,57.832462310791016,61.709999084472656,63.540000915527344,60.91999816894531,62.970001220703125,5940400,TJX
2022-05-06,56.61414337158203,60.40999984741211,61.220001220703125,59.02000045776367,61.220001220703125,6099000,TJX
2022-05-09,55.42394256591797,59.13999938964844,61.119998931884766,58.83000183105469,59.779998779296875,8264800,TJX
2022-05-10,52.668678283691406,56.20000076293945,59.90999984741211,55.470001220703125,59.58000183105469,9331900,TJX
2022-05-11,51.806644439697266,54.9900016784668,56.68000030517578,54.86000061035156,56.41999816894531,8399600,TJX
2022-05-12,52.758182525634766,56.0,56.290000915527344,54.4900016784668,54.619998931884766,8510600,TJX
2022-05-13,53.87928771972656,57.189998626708984,57.56999969482422,56.06999969482422,56.720001220703125,8036400,TJX
2022-05-16,52.87123489379883,56.119998931884766,56.849998474121094,55.560001373291016,56.63999938964844,7952300,TJX
2022-05-17,52.93717575073242,56.189998626708984,56.209999084472656,53.689998626708984,55.84000015258789,13982300,TJX
2022-05-18,56.70561599731445,60.189998626708984,63.040000915527344,59.0099983215332,61.45000076293945,26649700,TJX
2022-05-19,57.85499572753906,61.40999984741211,62.900001525878906,59.0,59.619998931884766,13905700,TJX
2022-05-20,54.519927978515625,57.869998931884766,59.849998474121094,55.720001220703125,58.61000061035156,15719000,TJX
2022-05-23,56.818668365478516,60.310001373291016,61.119998931884766,57.75,58.11000061035156,9251700,TJX
2022-05-24,56.22514343261719,59.68000030517578,59.869998931884766,58.47999954223633,59.20000076293945,6998800,TJX
2022-05-25,57.67599868774414,61.220001220703125,61.77000045776367,59.0,59.45000076293945,6851700,TJX
2022-05-26,60.39869689941406,64.11000061035156,64.30000305175781,61.84000015258789,62.83000183105469,10821900,TJX
2022-05-27,60.85090255737305,64.58999633789062,64.83999633789062,63.369998931884766,63.779998779296875,6524400,TJX
2022-05-31,59.889957427978516,63.56999969482422,64.23999786376953,62.630001068115234,64.23999786376953,7561200,TJX
2022-06-01,58.88189697265625,62.5,64.43000030517578,62.2599983215332,64.36000061035156,4158800,TJX
2022-06-02,60.078369140625,63.77000045776367,63.88999938964844,62.68000030517578,62.939998626708984,3436900,TJX
2022-06-03,58.43910217285156,62.029998779296875,63.869998931884766,61.90999984741211,63.599998474121094,4894200,TJX
2022-06-06,58.15646743774414,61.72999954223633,62.540000915527344,61.380001068115234,62.41999816894531,3905100,TJX
2022-06-07,57.51583480834961,61.04999923706055,61.279998779296875,59.27000045776367,59.90999984741211,6706100,TJX
2022-06-08,57.87383270263672,61.43000030517578,62.380001068115234,60.52000045776367,61.09000015258789,4250000,TJX
2022-06-09,57.13899612426758,60.650001525878906,61.65999984741211,60.650001525878906,61.16999816894531,3852300,TJX
2022-06-10,55.55624771118164,58.970001220703125,60.29999923706055,58.7599983215332,59.38999938964844,4862700,TJX
2022-06-13,54.01119613647461,57.33000183105469,58.08000183105469,57.029998779296875,57.290000915527344,7137400,TJX
2022-06-14,54.01119613647461,57.33000183105469,58.31999969482422,57.16999816894531,57.369998931884766,5863800,TJX
2022-06-15,54.293819427490234,57.630001068115234,58.189998626708984,56.84000015258789,57.54999923706055,7151900,TJX
2022-06-16,53.45533752441406,56.7400016784668,56.97999954223633,55.959999084472656,56.529998779296875,9118900,TJX
2022-06-17,53.342288970947266,56.619998931884766,57.36000061035156,56.02000045776367,56.459999084472656,12330100,TJX
2022-06-21,54.161922454833984,57.4900016784668,58.279998779296875,57.029998779296875,57.77000045776367,6140000,TJX
2022-06-22,53.766239166259766,57.06999969482422,57.7400016784668,56.72999954223633,56.90999984741211,6373500,TJX
2022-06-23,53.9829216003418,57.29999923706055,57.779998779296875,56.349998474121094,57.380001068115234,4435500,TJX
2022-06-24,56.75273132324219,60.2400016784668,60.310001373291016,57.58000183105469,57.81999969482422,7373800,TJX
2022-06-27,56.34762191772461,59.810001373291016,60.900001525878906,59.52000045776367,60.7400016784668,5093800,TJX
2022-06-28,54.152496337890625,57.47999954223633,60.59000015258789,57.439998626708984,60.130001068115234,5850400,TJX
2022-06-29,53.78507614135742,57.09000015258789,57.529998779296875,56.7400016784668,57.33000183105469,3741100,TJX
2022-06-30,52.616851806640625,55.849998474121094,56.66999816894531,55.54999923706055,56.06999969482422,5708300,TJX
2022-07-01,52.79586410522461,56.040000915527344,56.119998931884766,54.54999923706055,55.599998474121094,5391800,TJX
2022-07-05,54.2467155456543,57.58000183105469,58.310001373291016,55.33000183105469,55.439998626708984,8365000,TJX
2022-07-06,54.614139556884766,57.970001220703125,58.66999816894531,57.06999969482422,57.86000061035156,5698600,TJX
2022-07-07,56.046142578125,59.4900016784668,59.959999084472656,58.04999923706055,58.189998626708984,6823900,TJX
2022-07-08,55.527984619140625,58.939998626708984,59.779998779296875,58.880001068115234,59.380001068115234,5960500,TJX
2022-07-11,55.019248962402344,58.400001525878906,59.06999969482422,58.130001068115234,58.65999984741211,4086300,TJX
2022-07-12,55.56566619873047,58.97999954223633,59.59000015258789,58.27000045776367,58.31999969482422,5367300,TJX
2022-07-13,55.65988540649414,59.08000183105469,59.439998626708984,57.7599983215332,58.029998779296875,5630600,TJX
2022-07-14,55.34897994995117,58.75,58.9900016784668,57.9900016784668,58.029998779296875,4195900,TJX
2022-07-15,57.054203033447266,60.560001373291016,60.58000183105469,59.38999938964844,59.560001373291016,7248800,TJX
2022-07-18,56.98825454711914,60.4900016784668,61.7400016784668,60.45000076293945,61.0099983215332,7520700,TJX
2022-07-19,59.02321243286133,62.650001525878906,62.7599983215332,60.9900016784668,61.29999923706055,5848000,TJX
2022-07-20,59.3906364440918,63.040000915527344,63.27000045776367,62.33000183105469,62.540000915527344,4128900,TJX
2022-07-21,60.050113677978516,63.7400016784668,63.790000915527344,62.689998626708984,62.95000076293945,2966200,TJX
2022-07-22,60.0689582824707,63.7599983215332,64.66000366210938,63.189998626708984,64.0,5040100,TJX
2022-07-25,59.62617111206055,63.290000915527344,63.7599983215332,62.7400016784668,63.599998474121094,5311500,TJX
2022-07-26,57.148406982421875,60.65999984741211,61.29999923706055,60.36000061035156,60.970001220703125,7473500,TJX
2022-07-27,57.280303955078125,60.79999923706055,61.29999923706055,59.810001373291016,60.310001373291016,5908600,TJX
2022-07-28,57.64772415161133,61.189998626708984,61.56999969482422,60.45000076293945,61.02000045776367,5588900,TJX
2022-07-29,57.61947250366211,61.15999984741211,61.7599983215332,60.09000015258789,61.34000015258789,6669200,TJX
2022-08-01,59.02321243286133,62.650001525878906,62.84000015258789,60.75,60.83000183105469,6196900,TJX
2022-08-02,58.071678161621094,61.63999938964844,62.4900016784668,61.08000183105469,62.310001373291016,5947300,TJX
2022-08-03,59.560218811035156,63.220001220703125,63.56999969482422,61.91999816894531,62.2400016784668,3711800,TJX
2022-08-04,59.61674118041992,63.279998779296875,63.95000076293945,63.0099983215332,63.709999084472656,3445700,TJX
2022-08-05,59.183380126953125,62.81999969482422,63.099998474121094,62.22999954223633,62.4900016784668,2640400,TJX
2022-08-08,59.99358367919922,63.68000030517578,64.2699966430664,63.369998931884766,63.400001525878906,4694100,TJX
2022-08-09,59.070316314697266,62.70000076293945,63.560001373291016,62.22999954223633,63.5099983215332,5572400,TJX
2022-08-10,59.66192626953125,63.029998779296875,64.25,62.900001525878906,63.65999984741211,5284900,TJX
2022-08-11,60.96818923950195,64.41000366210938,65.27999877929688,63.77000045776367,63.91999816894531,4339900,TJX
2022-08-12,61.97153854370117,65.47000122070312,65.5,63.9900016784668,64.47000122070312,5058400,TJX
2022-08-15,61.87687301635742,65.37000274658203,66.38999938964844,65.08000183105469,65.25,5306500,TJX
2022-08-16,63.08848190307617,66.6500015258789,67.77999877929688,65.2300033569336,65.2300033569336,7562200,TJX
2022-08-17,64.87747955322266,68.54000091552734,69.7699966430664,65.47000122070312,65.97000122070312,12745900,TJX
2022-08-18,64.37582397460938,68.01000213623047,68.30000305175781,66.94999694824219,67.77999877929688,6770700,TJX
2022-08-19,62.85185241699219,66.4000015258789,67.83000183105469,66.2300033569336,67.62000274658203,6078500,TJX
2022-08-22,60.949256896972656,64.38999938964844,66.0,63.79999923706055,66.0,4734900,TJX
2022-08-23,60.475955963134766,63.88999938964844,64.69000244140625,63.689998626708984,64.30999755859375,4163700,TJX
2022-08-24,60.93031692504883,64.37000274658203,64.94999694824219,63.2599983215332,63.63999938964844,5563000,TJX
2022-08-25,61.61183547973633,65.08999633789062,65.4800033569336,63.470001220703125,63.79999923706055,6919000,TJX
2022-08-26,59.52940368652344,62.88999938964844,65.73999786376953,62.880001068115234,65.27999877929688,4409900,TJX
2022-08-29,59.74710464477539,63.119998931884766,63.72999954223633,62.45000076293945,62.54999923706055,4351400,TJX
2022-08-30,59.217041015625,62.560001373291016,63.709999084472656,62.0099983215332,63.4900016784668,4707400,TJX
2022-08-31,59.01826095581055,62.349998474121094,62.83000183105469,61.86000061035156,62.130001068115234,6310100,TJX
2022-09-01,60.42863464355469,63.84000015258789,63.90999984741211,62.060001373291016,62.439998626708984,4530800,TJX
2022-09-02,60.12574005126953,63.52000045776367,64.56999969482422,63.130001068115234,64.18000030517578,4055300,TJX
2022-09-06,59.52940368652344,62.88999938964844,63.86000061035156,62.209999084472656,63.529998779296875,4359200,TJX
2022-09-07,62.32175827026367,65.83999633789062,65.97000122070312,62.79999923706055,62.849998474121094,4732800,TJX
2022-09-08,62.9181022644043,66.47000122070312,66.5,64.66999816894531,65.0199966430664,4956800,TJX
2022-09-09,63.060096740722656,66.62000274658203,66.98999786376953,66.12000274658203,66.25,4376300,TJX
2022-09-12,63.40084457397461,66.9800033569336,67.80000305175781,66.48999786376953,66.98999786376953,3635000,TJX
2022-09-13,61.11015701293945,64.55999755859375,66.01000213623047,64.37000274658203,65.33999633789062,5416900,TJX
2022-09-14,60.920841217041016,64.36000061035156,65.11000061035156,63.709999084472656,64.9000015258789,4648100,TJX
2022-09-15,61.41306686401367,64.87999725341797,65.81999969482422,64.5,64.66999816894531,4366100,TJX
2022-09-16,61.20482635498047,64.66000366210938,65.25,64.01000213623047,64.27999877929688,6657200,TJX
2022-09-19,62.03780746459961,65.54000091552734,65.58999633789062,64.16999816894531,64.25,4047700,TJX
2022-09-20,60.3150520324707,63.720001220703125,65.0,62.7599983215332,64.94999694824219,4707100,TJX
2022-09-21,59.595664978027344,62.959999084472656,65.0,62.959999084472656,64.0199966430664,3093300,TJX
2022-09-22,58.69643020629883,62.0099983215332,63.34000015258789,61.97999954223633,63.0099983215332,5146200,TJX
2022-09-23,57.995967864990234,61.27000045776367,61.880001068115234,60.709999084472656,61.63999938964844,4677700,TJX
2022-09-26,57.0872688293457,60.310001373291016,62.0099983215332,60.15999984741211,61.38999938964844,5108300,TJX
2022-09-27,57.3333740234375,60.56999969482422,61.689998626708984,59.810001373291016,60.939998626708984,4400200,TJX
2022-09-28,58.98039627075195,62.310001373291016,62.689998626708984,60.7400016784668,61.060001373291016,6416700,TJX
2022-09-29,58.062232971191406,61.34000015258789,61.970001220703125,60.779998779296875,61.86000061035156,4500700,TJX
2022-09-30,58.8005485534668,62.119998931884766,63.369998931884766,59.779998779296875,60.79999923706055,8322100,TJX
2022-10-03,59.53887176513672,62.900001525878906,63.59000015258789,61.810001373291016,63.029998779296875,5927700,TJX
2022-10-04,61.92420959472656,65.41999816894531,65.55000305175781,64.1500015258789,64.29000091552734,5831300,TJX
2022-10-05,62.283905029296875,65.80000305175781,66.16000366210938,64.69000244140625,64.80999755859375,4066900,TJX
2022-10-06,61.61183547973633,65.08999633789062,66.62999725341797,64.9000015258789,66.05000305175781,5122500,TJX
2022-10-07,61.13855743408203,64.58999633789062,64.8499984741211,63.939998626708984,64.51000213623047,5153100,TJX
2022-10-10,60.8924560546875,64.33000183105469,65.36000061035156,63.63999938964844,65.0,3169400,TJX
2022-10-11,60.920841217041016,64.36000061035156,65.31999969482422,63.66999816894531,63.90999984741211,4251400,TJX
2022-10-12,60.46650695800781,63.880001068115234,64.63999938964844,63.619998931884766,64.41999816894531,4700900,TJX
2022-10-13,61.697044372558594,65.18000030517578,65.76000213623047,62.25,62.5,5318500,TJX
2022-10-14,60.15412902832031,63.54999923706055,66.48999786376953,63.45000076293945,65.83999633789062,4234800,TJX
2022-10-17,62.36908721923828,65.88999938964844,66.4000015258789,65.0199966430664,65.20999908447266,5570900,TJX
2022-10-18,63.25886154174805,66.83000183105469,67.83000183105469,66.30000305175781,67.41000366210938,4674600,TJX
2022-10-19,62.567867279052734,66.0999984741211,67.33999633789062,65.4000015258789,66.68000030517578,3190500,TJX
2022-10-20,61.86742401123047,65.36000061035156,66.83000183105469,65.19999694824219,66.29000091552734,3985200,TJX
2022-10-21,63.997169494628906,67.61000061035156,68.05999755859375,65.2699966430664,65.30999755859375,5865200,TJX
2022-10-24,65.48329162597656,69.18000030517578,69.30000305175781,67.69000244140625,67.93000030517578,5044200,TJX
2022-10-25,66.69487762451172,70.45999908447266,71.33999633789062,69.38999938964844,69.91000366210938,6383500,TJX
2022-10-26,67.120849609375,70.91000366210938,71.87000274658203,70.41000366210938,70.76000213623047,4420100,TJX
2022-10-27,68.0674057006836,71.91000366210938,72.5,71.05000305175781,71.11000061035156,5216700,TJX
2022-10-28,68.6258773803711,72.5,72.98999786376953,71.25,71.8499984741211,6658900,TJX
2022-10-31,68.24725341796875,72.0999984741211,73.01000213623047,71.97000122070312,72.16999816894531,5887400,TJX
2022-11-01,67.92542266845703,71.76000213623047,72.91999816894531,70.4800033569336,72.55999755859375,5222500,TJX
2022-11-02,66.53398895263672,70.29000091552734,72.69000244140625,70.2699966430664,71.66000366210938,4432400,TJX
2022-11-03,67.39535522460938,71.19999694824219,71.73999786376953,69.94999694824219,70.19999694824219,3886500,TJX
2022-11-04,67.38587188720703,71.19000244140625,72.31999969482422,70.06999969482422,71.76000213623047,4970400,TJX
2022-11-07,68.26618194580078,72.12000274658203,72.31999969482422,70.0999984741211,71.48999786376953,5189900,TJX
2022-11-08,67.66984558105469,71.48999786376953,72.6500015258789,70.45999908447266,72.5999984741211,4279400,TJX
2022-11-09,66.61005401611328,70.08000183105469,72.16000366210938,69.93000030517578,71.58999633789062,3797900,TJX
2022-11-10,70.33595275878906,74.0,74.26000213623047,72.55000305175781,72.95999908447266,5848100,TJX
2022-11-11,70.24092102050781,73.9000015258789,75.0,73.19000244140625,74.47000122070312,5988600,TJX
2022-11-14,69.4425048828125,73.05999755859375,74.16999816894531,72.94000244140625,73.45999908447266,6371000,TJX
2022-11-15,71.4005126953125,75.12000274658203,76.0999984741211,74.23999786376953,74.44999694824219,9634900,TJX
2022-11-16,75.1073989868164,79.0199966430664,79.4000015258789,74.3499984741211,74.37999725341797,12943900,TJX
2022-11-17,74.12840270996094,77.98999786376953,78.19000244140625,75.81999969482422,76.94999694824219,9709100,TJX
2022-11-18,74.28998565673828,78.16000366210938,79.98999786376953,77.73999786376953,78.97000122070312,6860200,TJX
2022-11-21,75.08839416503906,79.0,79.05999755859375,77.38999938964844,77.38999938964844,5493300,TJX
2022-11-22,76.14342498779297,80.11000061035156,80.44999694824219,78.69000244140625,79.5,8887400,TJX
2022-11-23,76.5521469116211,80.54000091552734,80.86000061035156,79.87999725341797,80.0,6499000,TJX
2022-11-25,77.01787567138672,81.02999877929688,81.16999816894531,80.19000244140625,81.0,2454100,TJX
2022-11-28,76.0673828125,80.02999877929688,80.91999816894531,79.83999633789062,79.98999786376953,5328900,TJX
2022-11-29,76.19094848632812,80.16000366210938,80.48999786376953,79.41999816894531,80.33999633789062,4771300,TJX
2022-11-30,76.08641815185547,80.05000305175781,80.16000366210938,78.91000366210938,80.0,10392200,TJX
2022-12-01,75.79176330566406,79.73999786376953,80.38999938964844,78.7699966430664,80.38999938964844,6758800,TJX
2022-12-02,76.219482421875,80.19000244140625,80.69000244140625,78.8499984741211,79.30000305175781,4776700,TJX
2022-12-05,75.52560424804688,79.45999908447266,79.87000274658203,78.3499984741211,78.80999755859375,4443500,TJX
2022-12-06,75.43057250976562,79.36000061035156,81.1500015258789,78.87999725341797,80.33999633789062,4864100,TJX
2022-12-07,75.46858978271484,79.4000015258789,79.91000366210938,78.91000366210938,79.19000244140625,5222800,TJX
2022-12-08,74.78423309326172,78.68000030517578,80.4000015258789,78.48999786376953,80.0,6358500,TJX
2022-12-09,74.19493103027344,78.05999755859375,78.41000366210938,76.7699966430664,77.62999725341797,6594700,TJX
2022-12-12,74.86026000976562,78.76000213623047,78.77999877929688,77.80000305175781,78.56999969482422,5570200,TJX
2022-12-13,75.24046325683594,79.16000366210938,80.69000244140625,78.55000305175781,80.69000244140625,5808900,TJX
2022-12-14,75.364013671875,79.29000091552734,79.9000015258789,78.55999755859375,79.37999725341797,4749300,TJX
2022-12-15,74.76522827148438,78.66000366210938,79.48999786376953,77.83000183105469,78.4800033569336,5929500,TJX
2022-12-16,73.80524444580078,77.6500015258789,78.69999694824219,77.44000244140625,78.18000030517578,12375900,TJX
2022-12-19,74.22345733642578,78.08999633789062,78.68000030517578,77.62999725341797,78.0,3914200,TJX
2022-12-20,73.74820709228516,77.58999633789062,78.38999938964844,77.47000122070312,78.23999786376953,3953200,TJX
2022-12-21,74.9363021850586,78.83999633789062,79.22000122070312,78.29000091552734,78.56999969482422,4109900,TJX
2022-12-22,74.53710174560547,78.41999816894531,78.41999816894531,77.30999755859375,78.1500015258789,3962100,TJX
2022-12-23,75.5636215209961,79.5,79.5,78.01000213623047,78.36000061035156,2318300,TJX
2022-12-27,75.11690521240234,79.02999877929688,80.0,78.91999816894531,79.6500015258789,3351500,TJX
2022-12-28,74.79374694824219,78.69000244140625,79.33000183105469,78.25,78.95999908447266,3052500,TJX
2022-12-29,75.41156005859375,79.33999633789062,79.88999938964844,78.94999694824219,79.12999725341797,2569600,TJX
2022-12-30,75.65867614746094,79.5999984741211,79.72000122070312,78.62999725341797,78.91999816894531,3074100,TJX
2023-01-03,75.097900390625,79.01000213623047,79.9800033569336,78.55000305175781,79.7300033569336,4264700,TJX
2023-01-04,75.90579986572266,79.86000061035156,80.58999633789062,79.23999786376953,79.86000061035156,4262700,TJX
2023-01-05,76.65670013427734,80.6500015258789,80.94000244140625,79.58000183105469,80.08000183105469,4762600,TJX
2023-01-06,78.62421417236328,82.72000122070312,83.08000183105469,80.87000274658203,81.12999725341797,4673100,TJX
2023-01-09,77.47410583496094,81.51000213623047,83.12999725341797,81.41999816894531,82.47000122070312,5960800,TJX
2023-01-10,78.35806274414062,82.44000244140625,82.5,81.4000015258789,81.5,3914400,TJX
2023-01-11,78.19647979736328,82.2699966430664,83.02999877929688,81.9000015258789,82.91999816894531,6035000,TJX
2023-01-12,77.86381530761719,81.91999816894531,82.30999755859375,81.05000305175781,82.16999816894531,5268800,TJX
2023-01-13,77.49312591552734,81.52999877929688,82.54000091552734,81.26000213623047,81.83000183105469,4649900,TJX
2023-01-17,77.51213073730469,81.55000305175781,82.06999969482422,81.29000091552734,81.55999755859375,5283100,TJX
2023-01-18,75.85826873779297,79.80999755859375,81.98999786376953,79.66999816894531,81.66999816894531,4448800,TJX
2023-01-19,75.47810363769531,79.41000366210938,80.12999725341797,79.33000183105469,79.7300033569336,5280800,TJX
2023-01-20,75.60165405273438,79.54000091552734,79.54000091552734,78.5199966430664,79.1500015258789,10633100,TJX
2023-01-23,75.2499771118164,79.16999816894531,79.9800033569336,78.93000030517578,79.66000366210938,6463900,TJX
2023-01-24,77.27450561523438,81.30000305175781,81.31999969482422,79.05000305175781,79.38999938964844,7853700,TJX
2023-01-25,78.55766296386719,82.6500015258789,82.6500015258789,80.38999938964844,80.8499984741211,5111900,TJX
2023-01-26,78.3770751953125,82.45999908447266,83.05999755859375,81.80999755859375,82.80000305175781,5161200,TJX
2023-01-27,77.83529663085938,81.88999938964844,82.98999786376953,81.70999908447266,82.69999694824219,3920800,TJX
2023-01-30,77.47410583496094,81.51000213623047,82.19999694824219,81.22000122070312,81.9000015258789,4289000,TJX
2023-01-31,77.8067626953125,81.86000061035156,82.0,81.30000305175781,81.51000213623047,4795500,TJX
2023-02-01,78.33905792236328,82.41999816894531,82.7699966430664,81.02999877929688,81.98999786376953,5355400,TJX
2023-02-02,76.40956115722656,80.38999938964844,82.54000091552734,80.26000213623047,82.31999969482422,9315300,TJX
2023-02-03,76.53312683105469,80.5199966430664,81.08000183105469,79.80999755859375,80.20999908447266,9091000,TJX
2023-02-06,76.18144989013672,80.1500015258789,81.83000183105469,80.04000091552734,80.51000213623047,4855100,TJX
2023-02-07,75.90579986572266,79.86000061035156,79.91999816894531,78.20999908447266,79.27999877929688,5448400,TJX
2023-02-08,76.61654663085938,80.30999755859375,81.01000213623047,78.83999633789062,79.41999816894531,6417800,TJX
2023-02-09,77.04584503173828,80.76000213623047,81.68000030517578,80.69999694824219,80.69999694824219,4560900,TJX
2023-02-10,76.55931854248047,80.25,80.4000015258789,79.79000091552734,80.05999755859375,3547300,TJX
2023-02-13,76.85504150390625,80.55999755859375,80.98999786376953,80.2300033569336,80.37999725341797,5669600,TJX
2023-02-14,77.00769805908203,80.72000122070312,81.12999725341797,80.12999725341797,80.41999816894531,3736300,TJX
2023-02-15,76.94091033935547,80.6500015258789,80.87999725341797,80.05999755859375,80.36000061035156,3389300,TJX
2023-02-16,75.95829772949219,79.62000274658203,80.36000061035156,79.43000030517578,79.68000030517578,4739800,TJX
2023-02-17,76.15861511230469,79.83000183105469,80.12000274658203,79.41000366210938,79.62999725341797,4926200,TJX
2023-02-21,75.19507598876953,78.81999969482422,79.62999725341797,78.5999984741211,79.08999633789062,7122600,TJX
2023-02-22,73.89762115478516,77.45999908447266,78.58000183105469,76.81999969482422,78.19999694824219,10844400,TJX
2023-02-23,74.1742935180664,77.75,77.9800033569336,76.19999694824219,77.86000061035156,6463800,TJX
2023-02-24,73.64005279541016,77.19000244140625,77.69999694824219,76.48999786376953,77.18000030517578,6312100,TJX
2023-02-27,73.36337280273438,76.9000015258789,78.0199966430664,76.4800033569336,78.0199966430664,5270000,TJX
2023-02-28,73.07716369628906,76.5999984741211,77.27999877929688,76.43000030517578,77.0,5626300,TJX
2023-03-01,73.3251953125,76.86000061035156,76.91000366210938,75.73999786376953,76.11000061035156,5512900,TJX
2023-03-02,73.18209838867188,76.70999908447266,77.5,76.06999969482422,77.19999694824219,4878500,TJX
2023-03-03,74.32691955566406,77.91000366210938,77.93000030517578,76.80000305175781,77.06999969482422,3864100,TJX
2023-03-06,74.65129089355469,78.25,78.79000091552734,77.5,77.66000366210938,5819900,TJX
2023-03-07,73.43968963623047,76.9800033569336,78.63999938964844,76.83999633789062,78.58000183105469,5224700,TJX
2023-03-08,73.6304931640625,77.18000030517578,77.77999877929688,76.55999755859375,77.44000244140625,3811600,TJX
2023-03-09,71.52214050292969,74.97000122070312,77.0,74.5199966430664,76.73999786376953,7948600,TJX
2023-03-10,70.8829345703125,74.30000305175781,75.81999969482422,74.19000244140625,75.02999877929688,4880200,TJX
2023-03-13,70.15789794921875,73.54000091552734,74.5199966430664,72.91999816894531,73.4800033569336,5484600,TJX
2023-03-14,71.32179260253906,74.76000213623047,75.0199966430664,73.98999786376953,74.5999984741211,4303800,TJX
2023-03-15,70.7493896484375,74.16000366210938,74.5,73.23999786376953,73.68000030517578,6420700,TJX
2023-03-16,71.16915130615234,74.5999984741211,74.91000366210938,73.56999969482422,73.7699966430664,5314400,TJX
2023-03-17,71.0546646118164,74.4800033569336,74.7699966430664,73.58999633789062,74.04000091552734,7790200,TJX
2023-03-20,71.93234252929688,75.4000015258789,75.75,74.55999755859375,74.58999633789062,4368400,TJX
2023-03-21,72.84820556640625,76.36000061035156,77.12999725341797,76.0,76.22000122070312,4539400,TJX
2023-03-22,71.67476654052734,75.12999725341797,76.91000366210938,75.11000061035156,76.81999969482422,3820700,TJX
2023-03-23,71.19776916503906,74.62999725341797,75.83000183105469,74.1500015258789,75.23999786376953,5003700,TJX
2023-03-24,71.42672729492188,74.87000274658203,74.95999908447266,73.6500015258789,74.44000244140625,4643500,TJX
2023-03-27,71.91325378417969,75.37999725341797,75.72000122070312,74.7699966430664,75.3499984741211,3873900,TJX
2023-03-28,72.7051010131836,76.20999908447266,76.2300033569336,75.4000015258789,75.8499984741211,3209800,TJX
2023-03-29,73.02947998046875,76.55000305175781,76.83000183105469,76.12000274658203,76.38999938964844,3766400,TJX
2023-03-30,73.3729019165039,76.91000366210938,77.86000061035156,76.5999984741211,77.29000091552734,3034000,TJX
2023-03-31,74.75623321533203,78.36000061035156,78.41000366210938,77.1500015258789,77.41999816894531,5104800,TJX
2023-04-03,75.23323822021484,78.86000061035156,78.87999725341797,78.0,78.08999633789062,4464500,TJX
2023-04-04,75.02335357666016,78.63999938964844,79.38999938964844,78.55999755859375,79.19999694824219,3102800,TJX
2023-04-05,74.4509506225586,78.04000091552734,78.76000213623047,77.86000061035156,78.69999694824219,3893900,TJX
2023-04-06,74.46049499511719,78.05000305175781,78.18000030517578,77.37999725341797,77.88999938964844,3085900,TJX
2023-04-10,74.77529907226562,78.37999725341797,78.58999633789062,77.44000244140625,77.44000244140625,3899100,TJX
2023-04-11,74.73714447021484,78.33999633789062,78.91000366210938,77.94999694824219,78.7300033569336,4367200,TJX
2023-04-12,73.17255401611328,76.69999694824219,78.51000213623047,76.45999908447266,78.25,4828400,TJX
2023-04-13,73.64957427978516,77.19999694824219,77.43000030517578,76.54000091552734,77.01000213623047,5033000,TJX
2023-04-14,73.64005279541016,77.19000244140625,78.0999984741211,76.5999984741211,77.22000122070312,3927000,TJX
2023-04-17,74.04071807861328,77.61000061035156,77.62999725341797,76.97000122070312,77.44999694824219,4362200,TJX
2023-04-18,74.18382263183594,77.76000213623047,78.05000305175781,77.43000030517578,77.69000244140625,3087100,TJX
2023-04-19,74.42232513427734,78.01000213623047,78.04000091552734,77.47000122070312,77.61000061035156,2476900,TJX
2023-04-20,75.4335708618164,79.06999969482422,79.20999908447266,77.75,77.98999786376953,4634400,TJX
2023-04-21,74.82300567626953,78.43000030517578,79.70999908447266,78.36000061035156,79.43000030517578,4009600,TJX
2023-04-24,74.91840362548828,78.52999877929688,78.88999938964844,78.13999938964844,78.80000305175781,4041900,TJX
2023-04-25,73.3061294555664,76.83999633789062,78.45999908447266,76.76000213623047,78.30999755859375,4275800,TJX
2023-04-26,73.89762115478516,77.45999908447266,77.9000015258789,76.2300033569336,76.44000244140625,5043300,TJX
2023-04-27,75.30955505371094,78.94000244140625,78.98999786376953,77.8499984741211,77.8499984741211,5084000,TJX
2023-04-28,75.19507598876953,78.81999969482422,79.04000091552734,78.13999938964844,78.88999938964844,3448000,TJX
2023-05-01,74.71806335449219,78.31999969482422,79.12999725341797,77.97000122070312,79.04000091552734,3607500,TJX
2023-05-02,74.64173126220703,78.23999786376953,78.30000305175781,76.56999969482422,77.83000183105469,3652300,TJX
2023-05-03,74.26013946533203,77.83999633789062,78.79000091552734,77.77999877929688,78.47000122070312,4199200,TJX
2023-05-04,73.52555084228516,77.06999969482422,77.80000305175781,76.66000366210938,77.75,2657900,TJX
2023-05-05,74.88977813720703,78.5,78.6500015258789,77.4000015258789,77.63999938964844,3987900,TJX
2023-05-08,74.75623321533203,78.36000061035156,78.88999938964844,78.02999877929688,78.88999938964844,3066600,TJX
2023-05-09,74.97564697265625,78.58999633789062,78.79000091552734,77.79000091552734,78.30000305175781,3278100,TJX
2023-05-10,74.71025848388672,77.9800033569336,78.95999908447266,77.12999725341797,78.88999938964844,3830500,TJX
2023-05-11,74.78691101074219,78.05999755859375,78.3499984741211,77.44000244140625,78.16999816894531,3981500,TJX
2023-05-12,75.67792510986328,78.98999786376953,79.26000213623047,78.0,78.27999877929688,6158400,TJX
2023-05-15,75.92700958251953,79.25,79.30999755859375,78.44999694824219,78.88999938964844,6987400,TJX
2023-05-16,74.9402084350586,78.22000122070312,79.44000244140625,78.20999908447266,78.81999969482422,8043500,TJX
2023-05-17,75.63958740234375,78.94999694824219,81.31999969482422,77.36000061035156,78.72000122070312,11852400,TJX
2023-05-18,75.94618225097656,79.2699966430664,79.73999786376953,78.08999633789062,78.70999908447266,5139300,TJX
2023-05-19,76.02281951904297,79.3499984741211,79.63999938964844,78.36000061035156,79.02999877929688,6441200,TJX
2023-05-22,75.14138793945312,78.43000030517578,79.73999786376953,78.38999938964844,79.2699966430664,5500900,TJX
2023-05-23,74.24080657958984,77.48999786376953,78.30000305175781,77.33000183105469,78.0,5433600,TJX
2023-05-24,73.59889221191406,76.81999969482422,78.0,76.73999786376953,77.81999969482422,4693000,TJX
2023-05-25,72.75579833984375,75.94000244140625,77.68000030517578,75.7699966430664,77.0,7042200,TJX
2023-05-26,73.77135467529297,77.0,77.19000244140625,75.79000091552734,75.94000244140625,4419300,TJX
2023-05-30,73.54142761230469,76.76000213623047,77.18000030517578,76.45999908447266,76.95999908447266,4517400,TJX
2023-05-31,73.57015991210938,76.79000091552734,77.05999755859375,75.6500015258789,76.25,7077200,TJX
2023-06-01,73.43602752685547,76.6500015258789,77.12000274658203,76.29000091552734,76.44000244140625,5223600,TJX
2023-06-02,74.83480072021484,78.11000061035156,78.48999786376953,77.19999694824219,77.3499984741211,4910200,TJX
2023-06-05,75.55335998535156,78.86000061035156,78.88999938964844,77.91000366210938,77.91000366210938,4988400,TJX
2023-06-06,75.37134552001953,78.66999816894531,79.37999725341797,78.58000183105469,78.83999633789062,5110600,TJX
2023-06-07,74.83480072021484,78.11000061035156,78.91000366210938,77.26000213623047,78.66000366210938,5521300,TJX
2023-06-08,74.4994888305664,77.76000213623047,78.3499984741211,77.44000244140625,78.12000274658203,4746800,TJX
2023-06-09,76.03239440917969,79.36000061035156,79.66000366210938,78.08000183105469,78.29000091552734,4629800,TJX
2023-06-12,76.67430114746094,80.02999877929688,80.23999786376953,79.33999633789062,79.66999816894531,4553400,TJX
2023-06-13,77.63236999511719,81.02999877929688,81.8499984741211,80.56999969482422,80.69999694824219,5186300,TJX
2023-06-14,76.54975128173828,79.9000015258789,81.05000305175781,79.62999725341797,80.86000061035156,4902500,TJX
2023-06-15,78.0634994506836,81.4800033569336,81.58999633789062,79.86000061035156,79.95999908447266,5003400,TJX
2023-06-16,77.85272979736328,81.26000213623047,82.16999816894531,80.94000244140625,82.0,8394200,TJX
2023-06-20,77.01920318603516,80.38999938964844,81.51000213623047,80.31999969482422,80.93000030517578,6513600,TJX
2023-06-21,77.47908020019531,80.87000274658203,81.16999816894531,80.16000366210938,80.6500015258789,4920500,TJX
2023-06-22,78.0634994506836,81.4800033569336,81.81999969482422,80.94000244140625,81.7699966430664,3763900,TJX
2023-06-23,78.61917877197266,82.05999755859375,82.29000091552734,81.05999755859375,81.16999816894531,4912100,TJX
2023-06-26,78.29344940185547,81.72000122070312,82.27999877929688,81.6500015258789,82.04000091552734,3650300,TJX
2023-06-27,79.32815551757812,82.80000305175781,83.27999877929688,82.31999969482422,82.31999969482422,4318600,TJX
2023-06-28,79.19403839111328,82.66000366210938,83.33999633789062,82.30000305175781,82.77999877929688,3972600,TJX
2023-06-29,80.22874450683594,83.73999786376953,83.83000183105469,83.08999633789062,83.33999633789062,4138700,TJX
2023-06-30,81.23471069335938,84.79000091552734,85.2300033569336,83.88999938964844,84.0,4579900,TJX
2023-07-03,80.70777893066406,84.23999786376953,84.9000015258789,84.23999786376953,84.41000366210938,2181800,TJX
2023-07-05,81.14847564697266,84.69999694824219,84.75,83.87999725341797,84.02999877929688,4912900,TJX
2023-07-06,79.94133758544922,83.44000244140625,84.7300033569336,83.3499984741211,84.38999938964844,4677100,TJX
2023-07-07,79.23236083984375,82.69999694824219,83.25,82.54000091552734,83.0,4533100,TJX
2023-07-10,80.06587219238281,83.56999969482422,83.66000366210938,82.25,82.25,3807000,TJX
2023-07-11,81.18681335449219,84.73999786376953,84.83000183105469,83.5999984741211,83.95999908447266,3722600,TJX
2023-07-12,81.6754379272461,85.25,86.43000030517578,85.1500015258789,86.1500015258789,6298800,TJX
2023-07-13,81.37842559814453,84.94000244140625,85.69000244140625,84.75,85.33999633789062,6468300,TJX
2023-07-14,81.3592758178711,84.91999816894531,84.94000244140625,83.98999786376953,84.66000366210938,3865200,TJX
2023-07-17,81.5317153930664,85.0999984741211,85.86000061035156,84.77999877929688,85.16999816894531,3126500,TJX
2023-07-18,81.5892105102539,85.16000366210938,85.66999816894531,84.55999755859375,85.12000274658203,4254000,TJX
2023-07-19,82.00118255615234,85.58999633789062,85.73999786376953,84.83000183105469,84.95999908447266,3002300,TJX
2023-07-20,81.84788513183594,85.43000030517578,86.19999694824219,85.36000061035156,85.83999633789062,2904100,TJX
2023-07-21,81.9916000366211,85.58000183105469,86.11000061035156,85.36000061035156,85.7699966430664,3575500,TJX
2023-07-24,82.95924377441406,86.58999633789062,86.68000030517578,85.41999816894531,85.5,2827400,TJX
2023-07-25,83.62030029296875,87.27999877929688,87.45999908447266,85.81999969482422,86.41000366210938,4648600,TJX
2023-07-26,83.75443267822266,87.41999816894531,87.62999725341797,86.6500015258789,87.20999908447266,3505400,TJX
2023-07-27,82.82511901855469,86.44999694824219,87.5999984741211,86.37999725341797,87.5,3708200,TJX
2023-07-28,83.20834350585938,86.8499984741211,87.43000030517578,86.41999816894531,86.73999786376953,3105500,TJX
2023-07-31,82.90176391601562,86.52999877929688,87.0,86.05999755859375,86.87000274658203,3202500,TJX
2023-08-01,82.74846649169922,86.37000274658203,87.23999786376953,86.22000122070312,86.52999877929688,3963500,TJX
2023-08-02,82.02032470703125,85.61000061035156,86.87999725341797,85.55000305175781,86.31999969482422,3552500,TJX
2023-08-03,82.41313934326172,86.0199966430664,86.66999816894531,85.5199966430664,85.62999725341797,3361300,TJX
2023-08-04,81.8670425415039,85.44999694824219,86.62000274658203,85.2699966430664,86.55999755859375,2470700,TJX
2023-08-07,82.67183685302734,86.29000091552734,86.5999984741211,85.88999938964844,86.0,2694800,TJX
2023-08-08,82.94967651367188,86.58000183105469,86.61000061035156,85.3499984741211,86.29000091552734,3020000,TJX
2023-08-09,82.92369842529297,86.22000122070312,87.23999786376953,86.16999816894531,87.0,6829500,TJX
2023-08-10,82.90445709228516,86.19999694824219,87.80999755859375,86.1500015258789,86.75,4797800,TJX
2023-08-11,82.60631561279297,85.88999938964844,86.69999694824219,85.66000366210938,85.91999816894531,4656100,TJX
2023-08-14,82.91407775878906,86.20999908447266,87.20999908447266,86.11000061035156,86.31999969482422,6871700,TJX
2023-08-15,82.49090576171875,85.7699966430664,86.62000274658203,85.44000244140625,86.02999877929688,6082000,TJX
2023-08-16,85.89556121826172,89.30999755859375,90.19000244140625,87.83999633789062,88.75,15063200,TJX
2023-08-17,84.91456604003906,88.29000091552734,89.83999633789062,87.9800033569336,89.05999755859375,8543100,TJX
2023-08-18,86.09752655029297,89.5199966430664,89.62999725341797,88.31999969482422,88.5,7777700,TJX
2023-08-21,86.19371032714844,89.62000274658203,89.87999725341797,88.55999755859375,89.48999786376953,5617200,TJX
2023-08-22,85.6935806274414,89.0999984741211,89.29000091552734,88.43000030517578,89.0,4343500,TJX
2023-08-23,86.56879425048828,90.01000213623047,90.19000244140625,88.58999633789062,89.0199966430664,4478900,TJX
2023-08-24,84.93379211425781,88.30999755859375,90.30000305175781,88.26000213623047,90.0,4747400,TJX
2023-08-25,85.42428588867188,88.81999969482422,89.18000030517578,87.80999755859375,88.80999755859375,4277800,TJX
2023-08-28,86.8284683227539,90.27999877929688,90.4000015258789,88.58000183105469,88.75,5083700,TJX
2023-08-29,87.49209594726562,90.97000122070312,91.22000122070312,89.97000122070312,90.0,4700000,TJX
2023-08-30,88.61736297607422,92.13999938964844,92.33000183105469,90.91000366210938,91.19999694824219,5520800,TJX
2023-08-31,88.94437408447266,92.4800033569336,92.87000274658203,91.88999938964844,91.98999786376953,6427600,TJX
2023-09-01,89.0982437133789,92.63999938964844,92.80000305175781,92.04000091552734,92.5,4450700,TJX
2023-09-05,88.11724853515625,91.62000274658203,92.5,91.55000305175781,92.5,4171000,TJX
2023-09-06,87.29013061523438,90.76000213623047,91.58999633789062,90.48999786376953,91.48999786376953,6003400,TJX
2023-09-07,87.95375061035156,91.44999694824219,91.7300033569336,90.79000091552734,90.88999938964844,4940900,TJX
2023-09-08,87.95375061035156,91.44999694824219,92.13999938964844,91.37999725341797,91.6500015258789,4720600,TJX
2023-09-11,88.07878112792969,91.58000183105469,92.02999877929688,91.23999786376953,91.81999969482422,4042200,TJX
2023-09-12,88.65583801269531,92.18000030517578,92.31999969482422,91.41999816894531,91.45999908447266,3678300,TJX
2023-09-13,89.36753845214844,92.91999816894531,93.0,92.19000244140625,92.55999755859375,5481900,TJX
2023-09-14,90.01191711425781,93.58999633789062,93.77999877929688,92.41999816894531,92.5999984741211,5182500,TJX
2023-09-15,88.9059066772461,92.44000244140625,93.4000015258789,92.33000183105469,93.2300033569336,7606900,TJX
2023-09-18,88.42501068115234,91.94000244140625,92.97000122070312,91.79000091552734,92.37000274658203,4274100,TJX
2023-09-19,87.52095794677734,91.0,92.11000061035156,90.47000122070312,91.80999755859375,6972400,TJX
2023-09-20,87.1939468383789,90.66000366210938,91.55999755859375,90.56999969482422,91.1500015258789,5076200,TJX
2023-09-21,85.76091003417969,89.16999816894531,90.5999984741211,88.94999694824219,90.37999725341797,4975600,TJX
2023-09-22,85.75128936767578,89.16000366210938,89.9000015258789,88.94000244140625,89.11000061035156,4352200,TJX
2023-09-25,84.88569641113281,88.26000213623047,89.20999908447266,88.05999755859375,88.88999938964844,4273300,TJX
2023-09-26,84.5106201171875,87.87000274658203,88.77999877929688,87.81999969482422,88.4000015258789,3867300,TJX
2023-09-27,84.741455078125,88.11000061035156,88.86000061035156,87.47000122070312,88.0999984741211,4913600,TJX
2023-09-28,86.15524291992188,89.58000183105469,89.63999938964844,88.58999633789062,88.58999633789062,6608600,TJX
2023-09-29,85.48200225830078,88.87999725341797,90.08000183105469,88.80000305175781,89.8499984741211,5420900,TJX
2023-10-02,85.2896499633789,88.68000030517578,89.61000061035156,88.3499984741211,88.55000305175781,4685600,TJX
2023-10-03,84.49138641357422,87.8499984741211,89.33999633789062,87.29000091552734,88.83000183105469,5094600,TJX
2023-10-04,84.67411041259766,88.04000091552734,88.37000274658203,87.0199966430664,87.9000015258789,4349200,TJX
2023-10-05,84.4721450805664,87.83000183105469,88.47000122070312,87.47000122070312,88.18000030517578,3649500,TJX
2023-10-06,85.17424011230469,88.55999755859375,89.05999755859375,86.70999908447266,87.76000213623047,3947300,TJX
2023-10-09,85.31849670410156,88.70999908447266,88.7300033569336,87.33999633789062,87.87000274658203,3487100,TJX
2023-10-10,85.26079559326172,88.6500015258789,89.63999938964844,88.44000244140625,88.88999938964844,5786000,TJX
2023-10-11,85.83784484863281,89.25,89.56999969482422,88.58999633789062,89.19999694824219,3916100,TJX
2023-10-12,85.52046203613281,88.91999816894531,89.55999755859375,88.2300033569336,89.37999725341797,2808300,TJX
2023-10-13,85.21270751953125,88.5999984741211,89.16000366210938,88.2300033569336,88.93000030517578,2846000,TJX
2023-10-16,86.25139617919922,89.68000030517578,90.30999755859375,88.88999938964844,89.0,6125100,TJX
2023-10-17,87.14585876464844,90.61000061035156,90.95999908447266,89.33999633789062,89.56999969482422,4373500,TJX
2023-10-18,86.99195861816406,90.44999694824219,91.18000030517578,90.26000213623047,90.33000183105469,3701100,TJX
2023-10-19,86.39567565917969,89.83000183105469,90.94000244140625,89.08000183105469,90.52999877929688,4276200,TJX
2023-10-20,85.6935806274414,89.0999984741211,90.0,88.87000274658203,89.95999908447266,4166200,TJX
2023-10-23,84.9530258178711,88.33000183105469,89.19999694824219,87.91000366210938,88.88999938964844,3395000,TJX
2023-10-24,86.03982543945312,89.45999908447266,90.08000183105469,88.80999755859375,88.80999755859375,4186400,TJX
2023-10-25,85.54932403564453,88.94999694824219,89.62999725341797,88.38999938964844,89.36000061035156,3951300,TJX
2023-10-26,84.56832885742188,87.93000030517578,89.58000183105469,87.86000061035156,88.83000183105469,4031600,TJX
2023-10-27,83.85662078857422,87.19000244140625,88.47000122070312,86.91999816894531,87.91000366210938,3553200,TJX
2023-10-30,84.89531707763672,88.2699966430664,88.54000091552734,87.05000305175781,87.43000030517578,3453300,TJX
2023-10-31,84.7029800415039,88.06999969482422,88.44999694824219,87.30999755859375,88.37999725341797,6610000,TJX
2023-11-01,84.69335174560547,88.05999755859375,88.69999694824219,87.22000122070312,88.55000305175781,5079600,TJX
2023-11-02,86.48223876953125,89.91999816894531,90.27999877929688,88.08999633789062,88.30999755859375,8158100,TJX
2023-11-03,87.52095794677734,91.0,91.5199966430664,90.61000061035156,90.68000030517578,3978400,TJX
2023-11-06,87.37667083740234,90.8499984741211,91.41999816894531,90.68000030517578,90.98999786376953,4686800,TJX
2023-11-07,87.29972839355469,90.7699966430664,91.41999816894531,90.62000274658203,91.05000305175781,4438400,TJX
2023-11-08,87.28333282470703,90.41999816894531,91.16999816894531,90.31999969482422,90.52999877929688,8107400,TJX
2023-11-09,87.9011459350586,91.05999755859375,91.63999938964844,90.05999755859375,90.62000274658203,7382800,TJX
2023-11-10,88.03626251220703,91.19999694824219,91.5199966430664,89.7300033569336,91.44000244140625,6767300,TJX
2023-11-13,87.97835540771484,91.13999938964844,91.63999938964844,90.55999755859375,91.08999633789062,5520700,TJX
2023-11-14,89.29117584228516,92.5,93.25,91.91000366210938,92.04000091552734,7076000,TJX
2023-11-15,86.32768249511719,89.43000030517578,90.91000366210938,88.5199966430664,89.80000305175781,11607300,TJX
2023-11-16,85.30445861816406,88.37000274658203,89.69000244140625,87.26000213623047,88.76000213623047,9584200,TJX
2023-11-17,85.75813293457031,88.83999633789062,90.1500015258789,88.79000091552734,89.12999725341797,9344700,TJX
2023-11-20,86.4338607788086,89.54000091552734,89.80000305175781,88.3499984741211,88.66000366210938,7061600,TJX
2023-11-21,85.98017883300781,89.06999969482422,90.0,88.44000244140625,89.77999877929688,6659800,TJX
2023-11-22,86.82963562011719,89.94999694824219,90.4000015258789,89.22000122070312,89.66999816894531,4982200,TJX
2023-11-24,86.84893798828125,89.97000122070312,90.5999984741211,89.55000305175781,90.36000061035156,2066400,TJX
2023-11-27,86.00910949707031,89.0999984741211,89.91000366210938,89.01000213623047,89.70999908447266,6165500,TJX
2023-11-28,86.04773712158203,89.13999938964844,89.4800033569336,88.75,88.91000366210938,3865000,TJX
2023-11-29,85.04380798339844,88.0999984741211,89.5999984741211,87.8499984741211,89.44000244140625,5014600,TJX
2023-11-30,85.0534896850586,88.11000061035156,88.66000366210938,87.79000091552734,88.37000274658203,11206300,TJX
2023-12-01,85.9511947631836,89.04000091552734,89.38999938964844,87.91999816894531,88.30999755859375,4964500,TJX
2023-12-04,85.49750518798828,88.56999969482422,89.68000030517578,88.30000305175781,88.54000091552734,5884400,TJX
2023-12-05,84.94728088378906,88.0,88.4000015258789,87.44000244140625,88.23999786376953,3840200,TJX
2023-12-06,85.48786926269531,88.55999755859375,89.04000091552734,87.97000122070312,87.97000122070312,5102500,TJX
2023-12-07,85.8064193725586,88.88999938964844,89.29000091552734,88.5,88.7699966430664,4210200,TJX
2023-12-08,86.0380859375,89.12999725341797,89.30000305175781,88.43000030517578,89.02999877929688,5124900,TJX
2023-12-11,87.62117767333984,90.7699966430664,90.87999725341797,89.66000366210938,89.66000366210938,4891000,TJX
2023-12-12,88.00731658935547,91.16999816894531,91.4000015258789,90.4000015258789,90.68000030517578,4237200,TJX
2023-12-13,88.70233154296875,91.88999938964844,91.88999938964844,90.87000274658203,91.54000091552734,5567000,TJX
2023-12-14,86.82963562011719,89.94999694824219,92.30999755859375,89.86000061035156,92.12999725341797,7156000,TJX
2023-12-15,86.19252014160156,89.29000091552734,90.12000274658203,88.58000183105469,89.41000366210938,9827600,TJX
2023-12-18,86.70415496826172,89.81999969482422,90.30999755859375,89.37000274658203,89.73999786376953,4367300,TJX
2023-12-19,88.1135025024414,91.27999877929688,91.37999725341797,89.5199966430664,89.5199966430664,4429400,TJX
2023-12-20,86.93582916259766,90.05999755859375,91.19999694824219,90.04000091552734,90.91999816894531,4783100,TJX
2023-12-21,88.21003723144531,91.37999725341797,91.48999786376953,90.2699966430664,90.4000015258789,5376200,TJX
2023-12-22,88.66371154785156,91.8499984741211,91.97000122070312,91.30000305175781,91.56999969482422,3463200,TJX
2023-12-26,89.57112121582031,92.79000091552734,92.87000274658203,91.83000183105469,91.91999816894531,3275600,TJX
2023-12-27,89.55180358886719,92.7699966430664,93.1500015258789,92.37000274658203,92.7699966430664,3525300,TJX
2023-12-28,90.00550842285156,93.23999786376953,93.68000030517578,92.69000244140625,92.9800033569336,3249100,TJX
2023-12-29,90.55573272705078,93.80999755859375,94.29000091552734,93.37999725341797,93.58999633789062,5342500,TJX
2024-01-02,90.04410552978516,93.27999877929688,94.2300033569336,92.83000183105469,93.08999633789062,5273500,TJX
2024-01-03,88.5189208984375,91.69999694824219,93.25,91.66000366210938,93.05999755859375,5337800,TJX
2024-01-04,89.56146240234375,92.77999877929688,93.08000183105469,91.30999755859375,91.81999969482422,5328000,TJX
2024-01-05,88.5285873413086,91.70999908447266,93.22000122070312,91.55999755859375,92.6500015258789,4533700,TJX
2024-01-08,89.60008239746094,92.81999969482422,92.94999694824219,91.58999633789062,91.58999633789062,4716100,TJX
2024-01-09,89.85106658935547,93.08000183105469,93.20999908447266,92.19999694824219,92.5,3609400,TJX
2024-01-10,90.87428283691406,94.13999938964844,94.45999908447266,93.08000183105469,93.08000183105469,4653800,TJX
2024-01-11,91.94578552246094,95.25,95.33999633789062,93.91000366210938,94.33999633789062,4287900,TJX
2024-01-12,91.73340606689453,95.02999877929688,95.6500015258789,94.80000305175781,95.6500015258789,2958900,TJX
2024-01-16,92.54426574707031,95.87000274658203,95.91999816894531,95.08000183105469,95.08000183105469,5972000,TJX
2024-01-17,91.11560821533203,94.38999938964844,95.58999633789062,94.30999755859375,95.43000030517578,5530800,TJX
2024-01-18,91.46311950683594,94.75,94.9800033569336,94.05999755859375,94.30999755859375,4390100,TJX
2024-01-19,92.1871109008789,95.5,95.69999694824219,94.2699966430664,95.16000366210938,4138600,TJX
2024-01-22,91.82994079589844,95.12999725341797,95.6500015258789,94.77999877929688,95.5199966430664,3974100,TJX
2024-01-23,91.76236724853516,95.05999755859375,95.66000366210938,94.9800033569336,95.1500015258789,3387500,TJX
2024-01-24,91.65618133544922,94.94999694824219,95.63999938964844,94.88999938964844,95.2300033569336,3438900,TJX
2024-01-25,92.19676971435547,95.51000213623047,95.91000366210938,95.04000091552734,95.36000061035156,4326700,TJX
2024-01-26,93.03657531738281,96.37999725341797,96.44999694824219,95.54000091552734,95.69000244140625,4163600,TJX
2024-01-29,93.0655517578125,96.41000366210938,96.8499984741211,95.62999725341797,96.37999725341797,3636500,TJX
2024-01-30,93.46131134033203,96.81999969482422,96.8499984741211,95.62000274658203,96.16000366210938,4112800,TJX
2024-01-31,91.61756896972656,94.91000366210938,97.0,94.66000366210938,97.0,4967000,TJX
2024-02-01,93.6929931640625,97.05999755859375,97.08000183105469,94.70999908447266,94.95999908447266,4608900,TJX
2024-02-02,94.12738037109375,97.51000213623047,98.05000305175781,96.25,96.94000244140625,3973400,TJX
2024-02-05,93.29721069335938,96.6500015258789,96.73999786376953,95.16000366210938,96.5,5466200,TJX
2024-02-06,93.73159790039062,97.0999984741211,97.2300033569336,96.04000091552734,96.5,4410700,TJX
2024-02-07,94.436279296875,97.83000183105469,98.29000091552734,97.4000015258789,97.54000091552734,4641900,TJX
2024-02-08,94.9478988647461,98.36000061035156,99.44999694824219,98.12999725341797,98.5,6246100,TJX
2024-02-09,95.32437133789062,98.75,99.06999969482422,98.01000213623047,98.23999786376953,3488200,TJX
2024-02-12,94.6776123046875,98.08000183105469,98.86000061035156,97.77999877929688,98.66000366210938,4062500,TJX
2024-02-13,94.56175994873047,97.95999908447266,98.04000091552734,97.13999938964844,97.18000030517578,4190200,TJX
2024-02-14,94.11912536621094,97.16999816894531,98.22000122070312,96.6500015258789,97.91000366210938,4765700,TJX
2024-02-15,94.86494445800781,97.94000244140625,98.33000183105469,97.20999908447266,97.41999816894531,4802900,TJX
2024-02-16,94.96180725097656,98.04000091552734,98.48999786376953,97.04000091552734,97.98999786376953,4470000,TJX
2024-02-20,94.30315399169922,97.36000061035156,98.41000366210938,97.2699966430664,97.80000305175781,5591600,TJX
2024-02-21,95.08772277832031,98.16999816894531,98.41999816894531,97.11000061035156,97.7300033569336,5690400,TJX
2024-02-22,95.99820709228516,99.11000061035156,99.12999725341797,98.3499984741211,98.7699966430664,5463200,TJX
2024-02-23,96.25973510742188,99.37999725341797,99.63999938964844,98.76000213623047,99.16999816894531,4581400,TJX
2024-02-26,96.11444091796875,99.2300033569336,99.69000244140625,98.43000030517578,99.52999877929688,4688600,TJX
2024-02-27,97.36392211914062,100.5199966430664,100.73999786376953,99.0199966430664,99.13999938964844,5436200,TJX
2024-02-28,97.92572021484375,101.0999984741211,102.83999633789062,99.97000122070312,100.87999725341797,7555500,TJX
2024-02-29,96.02725982666016,99.13999938964844,100.16000366210938,98.56999969482422,100.04000091552734,10568000,TJX
2024-03-01,95.41704559326172,98.51000213623047,99.55999755859375,97.91000366210938,99.37999725341797,7110400,TJX
2024-03-04,94.86494445800781,97.94000244140625,98.63999938964844,97.7699966430664,98.16000366210938,5319400,TJX
2024-03-05,94.33222198486328,97.38999938964844,98.38999938964844,97.29000091552734,97.69999694824219,5982700,TJX
2024-03-06,93.373291015625,96.4000015258789,97.66999816894531,96.22000122070312,97.25,6421400,TJX
2024-03-07,92.75338745117188,95.76000213623047,97.54000091552734,95.62000274658203,96.94999694824219,6760100,TJX
2024-03-08,92.898681640625,95.91000366210938,96.63999938964844,95.7699966430664,95.81999969482422,5372600,TJX
2024-03-11,93.44110870361328,96.47000122070312,96.83000183105469,95.55999755859375,96.33000183105469,4185200,TJX
2024-03-12,94.16754150390625,97.22000122070312,97.44999694824219,96.26000213623047,96.47000122070312,4130900,TJX
2024-03-13,94.98117065429688,98.05999755859375,98.0999984741211,97.16000366210938,97.33000183105469,3919000,TJX
2024-03-14,95.53326416015625,98.62999725341797,98.6500015258789,97.68000030517578,98.5,5858300,TJX
2024-03-15,94.48719024658203,97.55000305175781,98.62999725341797,97.20999908447266,98.31999969482422,7609900,TJX
2024-03-18,93.19893646240234,96.22000122070312,97.55000305175781,96.16000366210938,97.55000305175781,4780400,TJX
2024-03-19,95.32987213134766,98.41999816894531,98.47000122070312,96.27999877929688,96.44999694824219,5573300,TJX
2024-03-20,95.77544403076172,98.87999725341797,98.87999725341797,97.7300033569336,98.4800033569336,5825800,TJX
2024-03-21,96.06600189208984,99.18000030517578,99.5999984741211,98.54000091552734,98.80000305175781,4962000,TJX
2024-03-22,96.3565902709961,99.4800033569336,99.62999725341797,98.4800033569336,98.83000183105469,5138400,TJX
2024-03-25,95.09740447998047,98.18000030517578,99.58999633789062,98.13999938964844,99.52999877929688,6915400,TJX
2024-03-26,96.18224334716797,99.30000305175781,99.38999938964844,98.20999908447266,98.25,5256900,TJX
2024-03-27,97.90635681152344,101.08000183105469,101.61000061035156,100.08000183105469,100.08000183105469,5461600,TJX
2024-03-28,98.23567199707031,101.41999816894531,102.04000091552734,100.88999938964844,101.22000122070312,4778100,TJX
2024-04-01,96.5696792602539,99.69999694824219,101.16000366210938,99.36000061035156,101.05000305175781,3731300,TJX
2024-04-02,96.34690856933594,99.47000122070312,99.5199966430664,98.58999633789062,99.37000274658203,4350100,TJX
2024-04-03,94.22566986083984,97.27999877929688,99.70999908447266,97.1500015258789,99.41000366210938,5036200,TJX
2024-04-04,92.74370574951172,95.75,98.25,95.58000183105469,97.86000061035156,5660700,TJX
2024-04-05,93.77043151855469,96.80999755859375,97.27999877929688,95.93000030517578,96.16000366210938,5866100,TJX
2024-04-08,93.20862579345703,96.2300033569336,96.97000122070312,96.22000122070312,96.47000122070312,5390200,TJX
2024-04-09,94.05130767822266,97.0999984741211,97.29000091552734,96.30000305175781,96.9800033569336,7992300,TJX
2024-04-10,93.25706481933594,96.27999877929688,97.0999984741211,96.11000061035156,96.61000061035156,3910700,TJX
2024-04-11,92.85025024414062,95.86000061035156,96.51000213623047,94.83999633789062,96.18000030517578,4845100,TJX
2024-04-12,91.4554672241211,94.41999816894531,95.33999633789062,93.91999816894531,94.91999816894531,3951600,TJX
2024-04-15,90.06068420410156,92.9800033569336,95.43000030517578,92.94999694824219,95.33000183105469,5194900,TJX
2024-04-16,90.44811248779297,93.37999725341797,93.88999938964844,92.98999786376953,93.01000213623047,4063500,TJX
2024-04-17,90.20596313476562,93.12999725341797,94.26000213623047,92.80999755859375,94.26000213623047,4768400,TJX
2024-04-18,89.75072479248047,92.66000366210938,93.69999694824219,92.5199966430664,93.6500015258789,3290800,TJX
2024-04-19,90.42874145507812,93.36000061035156,93.38999938964844,92.3499984741211,93.0199966430664,6043900,TJX
2024-04-22,91.12613677978516,94.08000183105469,94.61000061035156,93.31999969482422,94.12999725341797,4114500,TJX
2024-04-23,91.53295135498047,94.5,94.66999816894531,93.48999786376953,94.47000122070312,5843600,TJX
2024-04-24,92.28845977783203,95.27999877929688,95.48999786376953,93.83000183105469,94.08000183105469,6897000,TJX
2024-04-25,93.39266967773438,96.41999816894531,97.4800033569336,94.47000122070312,97.3499984741211,6248700,TJX
2024-04-26,93.33455657958984,96.36000061035156,97.87999725341797,96.29000091552734,96.63999938964844,3748400,TJX
2024-04-29,91.89134216308594,94.87000274658203,96.29000091552734,94.62000274658203,96.06999969482422,4631000,TJX
2024-04-30,91.13581085205078,94.08999633789062,94.91000366210938,94.05000305175781,94.61000061035156,5117000,TJX
2024-05-01,90.87430572509766,93.81999969482422,94.41999816894531,93.38999938964844,93.55999755859375,5363900,TJX
2024-05-02,91.9300765991211,94.91000366210938,95.58000183105469,94.31999969482422,95.5,6314400,TJX
2024-05-03,92.12379455566406,95.11000061035156,95.5,94.51000213623047,95.2699966430664,5893900,TJX
2024-05-06,94.39034271240234,97.44999694824219,97.66000366210938,95.37999725341797,95.41999816894531,6229600,TJX
2024-05-07,94.84556579589844,97.91999816894531,98.2699966430664,97.4800033569336,97.5999984741211,4749300,TJX
2024-05-08,95.40736389160156,98.5,98.55999755859375,97.47000122070312,97.80000305175781,5814400,TJX
2024-05-09,95.80448150634766,98.91000366210938,99.29000091552734,98.55000305175781,98.69999694824219,6000600,TJX
2024-05-10,95.70763397216797,98.80999755859375,99.58000183105469,98.55999755859375,99.2699966430664,2906000,TJX
2024-05-13,95.64952087402344,98.75,99.61000061035156,98.56999969482422,99.06999969482422,4146600,TJX
2024-05-14,95.93040466308594,99.04000091552734,99.30999755859375,98.08000183105469,99.0199966430664,5709600,TJX
2024-05-15,95.75054168701172,98.4800033569336,99.3499984741211,98.19999694824219,98.5,4246800,TJX
2024-05-16,96.1783447265625,98.91999816894531,99.45999908447266,98.73999786376953,98.81999969482422,3592000,TJX
2024-05-17,97.51036834716797,100.29000091552734,100.37999725341797,98.70999908447266,99.20999908447266,6467500,TJX
2024-05-20,95.07965087890625,97.79000091552734,99.88999938964844,97.72000122070312,99.55000305175781,7054100,TJX
2024-05-21,94.99214935302734,97.69999694824219,98.73999786376953,97.52999877929688,98.4000015258789,7664700,TJX
2024-05-22,98.31736755371094,101.12000274658203,104.9800033569336,100.79000091552734,102.0999984741211,14857300,TJX
2024-05-23,97.38397216796875,100.16000366210938,100.98999786376953,99.22000122070312,99.66000366210938,7430400,TJX
2024-05-24,99.30908966064453,102.13999938964844,102.56999969482422,100.69999694824219,100.88999938964844,5625200,TJX
2024-05-28,98.60903930664062,101.41999816894531,102.9800033569336,101.33000183105469,102.0,5090300,TJX
2024-05-29,98.62849426269531,101.44000244140625,101.98999786376953,101.01000213623047,101.06999969482422,5367100,TJX
2024-05-30,100.5050048828125,103.37000274658203,104.30000305175781,101.80000305175781,101.98999786376953,9088700,TJX
2024-05-31,100.24249267578125,103.0999984741211,104.2699966430664,102.9000015258789,103.44999694824219,26987100,TJX
2024-06-03,102.51763916015625,105.44000244140625,105.66999816894531,103.69999694824219,103.69999694824219,7160100,TJX
2024-06-04,102.93571472167969,105.87000274658203,105.94999694824219,104.25,105.06999969482422,5068200,TJX
2024-06-05,104.80249786376953,107.79000091552734,107.81999969482422,105.52999877929688,106.05999755859375,5377000,TJX
2024-06-06,103.9663314819336,106.93000030517578,107.94999694824219,106.51000213623047,107.80000305175781,9229900,TJX
2024-06-07,104.46218872070312,107.44000244140625,108.58000183105469,107.12000274658203,107.4000015258789,8043300,TJX
2024-06-10,104.34552001953125,107.31999969482422,107.5199966430664,106.37000274658203,107.26000213623047,4502700,TJX
2024-06-11,104.11216735839844,107.08000183105469,107.4000015258789,106.81999969482422,107.30000305175781,4010400,TJX
2024-06-12,104.12189483642578,107.08999633789062,107.66000366210938,106.18000030517578,107.12999725341797,4297700,TJX
2024-06-13,105.25948333740234,108.26000213623047,108.45999908447266,106.88999938964844,107.13999938964844,5636600,TJX
2024-06-14,105.49280548095703,108.5,108.81999969482422,107.83999633789062,107.94000244140625,3698700,TJX
2024-06-17,107.1651382446289,110.22000122070312,110.58000183105469,108.0999984741211,108.0999984741211,5444900,TJX
2024-06-18,107.20404052734375,110.26000213623047,110.70999908447266,109.7300033569336,110.19999694824219,4869000,TJX
2024-06-20,107.32070922851562,110.37999725341797,111.33999633789062,109.7300033569336,110.06999969482422,7622200,TJX
2024-06-21,107.9332504272461,111.01000213623047,111.11000061035156,109.9000015258789,110.16999816894531,9206200,TJX
2024-06-24,107.9721450805664,111.05000305175781,111.56999969482422,110.77999877929688,111.11000061035156,4657500,TJX
2024-06-25,107.60267639160156,110.66999816894531,111.37000274658203,109.94999694824219,111.12000274658203,3931100,TJX
2024-06-26,107.47626495361328,110.54000091552734,111.79000091552734,110.12999725341797,110.2699966430664,5966800,TJX
2024-06-27,107.48600006103516,110.55000305175781,110.83000183105469,109.83000183105469,110.51000213623047,3377500,TJX
2024-06-28,107.04846954345703,110.0999984741211,110.75,109.79000091552734,110.33999633789062,12781400,TJX
2024-07-01,107.51516723632812,110.58000183105469,111.26000213623047,109.55999755859375,110.66000366210938,4546500,TJX
2024-07-02,107.14569854736328,110.19999694824219,110.9000015258789,109.88999938964844,110.36000061035156,4955600,TJX
2024-07-03,107.33042907714844,110.38999938964844,111.12000274658203,110.20999908447266,110.30999755859375,2277500,TJX
2024-07-05,108.5457992553711,111.63999938964844,111.72000122070312,110.41000366210938,110.41000366210938,4408800,TJX
2024-07-08,109.0999984741211,112.20999908447266,112.27999877929688,111.1500015258789,111.87999725341797,5074700,TJX
2024-07-09,109.04165649414062,112.1500015258789,112.61000061035156,111.76000213623047,112.29000091552734,4328600,TJX
2024-07-10,109.83892822265625,112.97000122070312,112.97000122070312,111.63999938964844,112.73999786376953,4240700,TJX
2024-07-11,110.78205108642578,113.94000244140625,114.0199966430664,112.43000030517578,112.93000030517578,3520800,TJX
2024-07-12,111.13206481933594,114.30000305175781,115.3499984741211,114.0199966430664,114.30999755859375,3866000,TJX
2024-07-15,110.65565490722656,113.80999755859375,114.44000244140625,113.27999877929688,114.29000091552734,5555500,TJX
2024-07-16,111.83210754394531,115.0199966430664,115.23999786376953,113.91999816894531,113.97000122070312,3660000,TJX
2024-07-17,110.81121826171875,113.97000122070312,115.1500015258789,113.87999725341797,114.8499984741211,5012600,TJX
2024-07-18,109.89727783203125,113.02999877929688,114.29000091552734,112.0,113.81999969482422,7285200,TJX
2024-07-19,108.65274047851562,111.75,113.5199966430664,111.58999633789062,113.45999908447266,5721900,TJX
2024-07-22,110.072265625,113.20999908447266,113.58999633789062,112.0999984741211,112.30000305175781,4764600,TJX
2024-07-23,110.27645111083984,113.41999816894531,113.98999786376953,113.0999984741211,113.30999755859375,3203100,TJX
2024-07-24,108.1666030883789,111.25,113.13999938964844,111.1500015258789,113.05999755859375,4755500,TJX
2024-07-25,108.18604278564453,111.2699966430664,112.5999984741211,111.19000244140625,111.62999725341797,3570800,TJX
2024-07-26,108.73052215576172,111.83000183105469,112.5199966430664,111.51000213623047,111.76000213623047,4958700,TJX
2024-07-29,109.4402847290039,112.55999755859375,112.9800033569336,111.18000030517578,111.80999755859375,2579800,TJX
2024-07-30,110.10145568847656,113.23999786376953,113.36000061035156,112.6500015258789,112.76000213623047,3104600,TJX
2024-07-31,109.88754272460938,113.0199966430664,113.83000183105469,112.94000244140625,113.69999694824219,4360400,TJX
2024-08-01,110.50980377197266,113.66000366210938,113.95999908447266,112.69999694824219,113.79000091552734,3131400,TJX
2024-08-02,110.00421142578125,113.13999938964844,114.19000244140625,111.62000274658203,113.06999969482422,3369800,TJX
2024-08-05,105.87201690673828,108.88999938964844,112.48999786376953,107.83000183105469,111.55999755859375,8563600,TJX
2024-08-06,106.3775863647461,109.41000366210938,110.55000305175781,108.55999755859375,109.27999877929688,5045200,TJX
2024-08-07,104.93861389160156,107.93000030517578,111.02999877929688,107.76000213623047,109.9000015258789,4856500,TJX
2024-08-08,106.87345886230469,109.91999816894531,110.02999877929688,108.2699966430664,108.51000213623047,5158700,TJX
2024-08-09,107.63182830810547,110.69999694824219,111.0,109.4800033569336,109.68000030517578,7202100,TJX
2024-08-12,108.3027114868164,111.38999938964844,111.55000305175781,110.16000366210938,111.06999969482422,4437100,TJX
2024-08-13,107.9624252319336,111.04000091552734,111.72000122070312,110.43000030517578,111.3499984741211,4675500,TJX
2024-08-14,106.05674743652344,109.08000183105469,110.31999969482422,107.70999908447266,108.2300033569336,7077800,TJX
2024-08-15,108.76414489746094,111.4800033569336,111.70999908447266,110.23999786376953,110.56999969482422,5625500,TJX
2024-08-16,108.73485565185547,111.44999694824219,111.95999908447266,110.95999908447266,111.44000244140625,4656300,TJX
2024-08-19,109.74952697753906,112.48999786376953,112.69999694824219,111.80999755859375,111.87000274658203,7163100,TJX
2024-08-20,110.54955291748047,113.30999755859375,113.48999786376953,112.36000061035156,113.04000091552734,6750600,TJX
2024-08-21,117.30097961425781,120.2300033569336,120.88999938964844,117.91000366210938,119.88999938964844,11343400,TJX
2024-08-22,116.1009292602539,119.0,121.05999755859375,118.73999786376953,119.0199966430664,7843800,TJX
2024-08-23,116.55948638916016,119.47000122070312,120.54000091552734,118.47000122070312,120.12999725341797,4523900,TJX
2024-08-26,117.20341491699219,120.12999725341797,120.6500015258789,119.66999816894531,119.66999816894531,3939600,TJX
2024-08-27,117.1351089477539,120.05999755859375,120.52999877929688,119.19000244140625,119.48999786376953,4680000,TJX
2024-08-28,116.37409973144531,119.27999877929688,121.12999725341797,119.12999725341797,120.5,3906100,TJX
2024-08-29,114.5106430053711,117.37000274658203,119.94000244140625,117.2300033569336,119.30000305175781,5055000,TJX
2024-08-30,114.41307830810547,117.2699966430664,117.69000244140625,116.25,117.5,6369600,TJX
2024-09-03,114.67650604248047,117.54000091552734,118.2300033569336,116.66000366210938,117.86000061035156,5657500,TJX
2024-09-04,114.65699005126953,117.5199966430664,117.81999969482422,116.58000183105469,117.08999633789062,5540400,TJX
2024-09-05,115.13504791259766,118.01000213623047,118.13999938964844,116.45999908447266,117.62000274658203,5387800,TJX
2024-09-06,112.80328369140625,115.62000274658203,118.13999938964844,115.41000366210938,117.69000244140625,4827100,TJX
2024-09-09,114.21794891357422,117.06999969482422,117.7300033569336,115.9000015258789,116.0,5752200,TJX
2024-09-10,114.95944213867188,117.83000183105469,118.41000366210938,116.8499984741211,117.44999694824219,5160200,TJX
2024-09-11,114.97893524169922,117.8499984741211,117.93000030517578,116.37999725341797,117.93000030517578,3561200,TJX
2024-09-12,115.33995056152344,118.22000122070312,118.52999877929688,117.63999938964844,117.81999969482422,3287300,TJX
2024-09-13,116.89119720458984,119.80999755859375,120.01000213623047,118.37000274658203,118.80999755859375,3961000,TJX
2024-09-16,116.69608306884766,119.61000061035156,120.75,119.4800033569336,120.36000061035156,3392200,TJX
2024-09-17,114.96919250488281,117.83999633789062,120.23999786376953,117.47000122070312,119.52999877929688,3880100,TJX
2024-09-18,114.39356994628906,117.25,118.41999816894531,117.05999755859375,117.55999755859375,3183300,TJX
2024-09-19,115.40823364257812,118.29000091552734,118.73999786376953,117.75,118.5199966430664,3186800,TJX
2024-09-20,115.0570068359375,117.93000030517578,118.5,117.55000305175781,117.76000213623047,7024800,TJX
2024-09-23,114.27648162841797,117.12999725341797,118.55999755859375,116.44000244140625,118.52999877929688,3511600,TJX
2024-09-24,114.7838134765625,117.6500015258789,117.76000213623047,116.29000091552734,117.2300033569336,3354400,TJX
2024-09-25,115.25212860107422,118.12999725341797,118.16000366210938,117.11000061035156,117.9000015258789,3743100,TJX
2024-09-26,115.20335388183594,118.08000183105469,118.8499984741211,117.51000213623047,118.5,3797900,TJX
2024-09-27,114.6374740600586,117.5,118.04000091552734,117.30000305175781,117.80000305175781,2998100,TJX
2024-09-30,114.67650604248047,117.54000091552734,117.86000061035156,116.54000091552734,117.55999755859375,5350400,TJX
2024-10-01,113.79843139648438,116.63999938964844,117.52999877929688,115.72000122070312,117.5,7888700,TJX
2024-10-02,113.61305236816406,116.44999694824219,116.62999725341797,115.41000366210938,116.0,4315500,TJX
2024-10-03,112.25691986083984,115.05999755859375,115.8499984741211,114.23999786376953,115.5,4851700,TJX
2024-10-04,111.89593505859375,114.69000244140625,115.54000091552734,113.88999938964844,115.11000061035156,6480000,TJX
2024-10-07,109.39828491210938,112.12999725341797,114.63999938964844,111.22000122070312,114.30999755859375,6345200,TJX
2024-10-08,110.6861343383789,113.44999694824219,113.55999755859375,111.88999938964844,112.80000305175781,6289400,TJX
2024-10-09,111.20323181152344,113.9800033569336,114.2300033569336,113.19000244140625,113.41999816894531,3970800,TJX
2024-10-10,109.84709167480469,112.58999633789062,113.81999969482422,112.22000122070312,113.7300033569336,3453100,TJX
2024-10-11,110.9593276977539,113.7300033569336,113.87999725341797,112.3499984741211,112.62999725341797,3865500,TJX
2024-10-14,112.43254089355469,115.23999786376953,115.36000061035156,113.6500015258789,114.0199966430664,4697500,TJX
2024-10-15,113.9155044555664,116.76000213623047,117.66999816894531,115.54000091552734,115.83000183105469,7378400,TJX
2024-10-16,114.53990173339844,117.4000015258789,117.5,116.04000091552734,116.30000305175781,4688700,TJX
2024-10-17,114.61796569824219,117.4800033569336,118.55999755859375,117.20999908447266,118.06999969482422,2934400,TJX
2024-10-18,114.84236907958984,117.70999908447266,118.13999938964844,117.13999938964844,117.86000061035156,3478100,TJX
2024-10-21,112.8423080444336,115.66000366210938,117.62000274658203,114.87000274658203,117.55999755859375,4495600,TJX
2024-10-22,112.38375091552734,115.19000244140625,115.95999908447266,114.69000244140625,115.83999633789062,3900300,TJX
2024-10-23,111.43737030029297,114.22000122070312,115.19999694824219,114.12999725341797,114.62000274658203,4156400,TJX
2024-10-24,111.41787719726562,114.19999694824219,115.38999938964844,114.08999633789062,114.83999633789062,2847600,TJX
2024-10-25,111.047119140625,113.81999969482422,114.80999755859375,113.56999969482422,114.56999969482422,2686900,TJX
2024-10-28,111.38860321044922,114.16999816894531,115.0,113.66000366210938,114.66000366210938,2798900,TJX
2024-10-29,111.33007049560547,114.11000061035156,114.97000122070312,112.77999877929688,113.16000366210938,3576500,TJX
2024-10-30,110.19831085205078,112.94999694824219,114.13999938964844,112.48999786376953,114.0999984741211,3763700,TJX
2024-10-31,110.27637481689453,113.02999877929688,113.55999755859375,112.04000091552734,112.3499984741211,3874200,TJX
2024-11-01,109.6519546508789,112.38999938964844,113.87999725341797,112.37999725341797,113.30999755859375,5067400,TJX
2024-11-04,109.94465637207031,112.69000244140625,113.52999877929688,111.7300033569336,112.73999786376953,4006800,TJX
2024-11-05,110.97884368896484,113.75,113.81999969482422,112.44999694824219,112.55999755859375,2962800,TJX
2024-11-06,112.81303405761719,115.62999725341797,116.94999694824219,114.08000183105469,116.13999938964844,11891300,TJX
2024-11-07,114.00330352783203,116.8499984741211,117.58000183105469,115.5199966430664,115.79000091552734,6897600,TJX
2024-11-08,114.95944213867188,117.83000183105469,118.61000061035156,116.47000122070312,116.51000213623047,5785700,TJX
2024-11-11,115.183837890625,118.05999755859375,118.9800033569336,117.69000244140625,118.20999908447266,3537200,TJX
2024-11-12,116.93022918701172,119.8499984741211,120.0199966430664,117.77999877929688,118.66999816894531,3943200,TJX
2024-11-13,118.17904663085938,121.12999725341797,121.91999816894531,119.88999938964844,119.91000366210938,4511000,TJX
2024-11-14,117.35208892822266,119.91000366210938,122.0999984741211,119.91000366210938,120.18000030517578,5581000,TJX
2024-11-15,117.4107894897461,119.97000122070312,120.61000061035156,119.33999633789062,119.7300033569336,5103300,TJX
2024-11-18,117.1171875,119.66999816894531,120.97000122070312,119.45999908447266,120.01000213623047,5134500,TJX
2024-11-19,117.00952911376953,119.55999755859375,119.9000015258789,118.02999877929688,119.37000274658203,5794500,TJX
2024-11-20,117.18569946289062,119.73999786376953,120.69999694824219,116.75,119.44000244140625,8991000,TJX
2024-11-21,117.2150650024414,119.7699966430664,119.91000366210938,117.77999877929688,119.87000274658203,5204300,TJX
2024-11-22,118.87879943847656,121.47000122070312,121.70999908447266,119.05999755859375,120.25,6398500,TJX
2024-11-25,122.12796783447266,124.79000091552734,125.43000030517578,121.86000061035156,121.94000244140625,8925200,TJX
2024-11-26,123.50789642333984,126.19999694824219,126.44000244140625,124.43000030517578,125.04000091552734,4725000,TJX
2024-11-27,123.66447448730469,126.36000061035156,128.0,126.16999816894531,126.30000305175781,4491100,TJX
2024-11-29,123.00877380371094,125.69000244140625,126.55999755859375,125.69000244140625,126.13999938964844,2846700,TJX
2024-12-02,123.49811553955078,126.19000244140625,127.62000274658203,126.06999969482422,126.38999938964844,4818800,TJX
2024-12-03,122.08882141113281,124.75,126.80000305175781,124.25,126.58999633789062,3916000,TJX
2024-12-04,122.82283782958984,125.5,125.73999786376953,124.1500015258789,124.76000213623047,4785500,TJX
2024-12-05,123.2338638305664,125.91999816894531,126.80999755859375,125.25,125.56999969482422,4768000,TJX
2024-12-06,123.40023040771484,126.08999633789062,127.13999938964844,125.68000030517578,126.44000244140625,4064400,TJX
2024-12-09,123.21429443359375,125.9000015258789,126.7300033569336,125.5199966430664,126.4000015258789,6245800,TJX
2024-12-10,124.4865493774414,127.19999694824219,127.4000015258789,124.94000244140625,126.16000366210938,6186000,TJX
2024-12-11,124.10488891601562,126.80999755859375,127.91000366210938,126.56999969482422,127.30999755859375,5440600,TJX
2024-12-12,123.72319793701172,126.41999816894531,127.05000305175781,125.8499984741211,126.94000244140625,4727700,TJX
2024-12-13,122.18669891357422,124.8499984741211,126.8499984741211,124.83000183105469,126.43000030517578,4595400,TJX
2024-12-16,121.08080291748047,123.72000122070312,125.41000366210938,123.37000274658203,125.20999908447266,6990500,TJX
2024-12-17,120.43486785888672,123.05999755859375,124.9800033569336,122.9000015258789,124.2300033569336,6813000,TJX
2024-12-18,118.65369415283203,121.23999786376953,124.31999969482422,121.16000366210938,123.2699966430664,5808500,TJX
2024-12-19,118.61454772949219,121.19999694824219,123.27999877929688,121.01000213623047,122.41000366210938,7979800,TJX
2024-12-20,119.39749145507812,122.0,123.54000091552734,121.0,121.0999984741211,11714000,TJX
2024-12-23,119.17239379882812,121.7699966430664,122.12999725341797,120.30000305175781,121.54000091552734,5436900,TJX
2024-12-24,120.85569763183594,123.48999786376953,123.48999786376953,121.76000213623047,121.98999786376953,1476100,TJX
2024-12-26,122.34327697753906,125.01000213623047,125.2300033569336,123.4000015258789,123.44999694824219,2892800,TJX
2024-12-27,121.29611206054688,123.94000244140625,124.76000213623047,123.69000244140625,123.91999816894531,3471500,TJX
2024-12-30,118.50689697265625,121.08999633789062,122.63999938964844,120.61000061035156,122.20999908447266,3976600,TJX
2024-12-31,118.23287200927734,120.80999755859375,121.88999938964844,120.3499984741211,121.88999938964844,3600100,TJX
2025-01-02,118.56562042236328,121.1500015258789,122.13999938964844,120.75,121.70999908447266,3424400,TJX
2025-01-03,118.15458679199219,120.7300033569336,121.79000091552734,120.0199966430664,121.55000305175781,3897200,TJX
2025-01-06,118.30137634277344,120.87999725341797,121.72000122070312,120.36000061035156,120.73999786376953,5963400,TJX
2025-01-07,117.5771713256836,120.13999938964844,121.7699966430664,120.02999877929688,121.08999633789062,4500100,TJX
2025-01-08,119.05496215820312,121.6500015258789,122.01000213623047,119.51000213623047,120.16999816894531,5219200,TJX
2025-01-10,117.49886322021484,120.05999755859375,122.29000091552734,119.75,121.4800033569336,4355200,TJX
2025-01-13,117.3324966430664,119.88999938964844,120.19999694824219,117.88999938964844,120.05999755859375,4603700,TJX
2025-01-14,116.69635009765625,119.23999786376953,120.5999984741211,118.69000244140625,120.5,4652500,TJX
2025-01-15,116.56914520263672,119.11000061035156,120.41999816894531,118.47000122070312,120.33999633789062,4906300,TJX
2025-01-16,118.79071044921875,121.37999725341797,121.69000244140625,119.2300033569336,119.55000305175781,3840100,TJX
2025-01-17,119.25068664550781,121.8499984741211,122.83999633789062,121.47000122070312,122.58000183105469,4752400,TJX
2025-01-21,120.66976165771484,123.30000305175781,124.48999786376953,122.70999908447266,123.68000030517578,4859700,TJX
2025-01-22,119.95532989501953,122.56999969482422,123.48999786376953,121.3499984741211,123.41000366210938,4256800,TJX
2025-01-23,119.98468780517578,122.5999984741211,123.06999969482422,122.20999908447266,122.5,3821400,TJX
2025-01-24,120.11192321777344,122.7300033569336,123.4800033569336,122.30999755859375,122.56999969482422,4470300,TJX
2025-01-27,122.23563385009766,124.9000015258789,125.31999969482422,123.04000091552734,123.0999984741211,4734000,TJX
2025-01-28,121.68756866455078,124.33999633789062,125.44999694824219,123.69999694824219,124.61000061035156,3350800,TJX
2025-01-29,121.56034088134766,124.20999908447266,125.30000305175781,124.0,124.27999877929688,3930500,TJX
2025-01-30,123.40023040771484,126.08999633789062,126.4800033569336,124.61000061035156,124.83000183105469,4334300,TJX
2025-01-31,122.12796783447266,124.79000091552734,126.22000122070312,124.62000274658203,125.91999816894531,3268400,TJX
2025-02-03,121.658203125,124.30999755859375,125.30999755859375,123.0999984741211,123.95999908447266,5635800,TJX
2025-02-04,122.47049713134766,125.13999938964844,125.38999938964844,124.26000213623047,124.30999755859375,5804900,TJX
2025-02-05,122.83262634277344,125.51000213623047,125.55999755859375,123.93000030517578,125.13999938964844,4381500,TJX
2025-02-06,123.46875762939453,126.16000366210938,127.4800033569336,125.80000305175781,125.94000244140625,4769200,TJX
2025-02-07,122.03010559082031,124.69000244140625,126.80000305175781,124.44999694824219,126.0999984741211,3216700,TJX
2025-02-10,122.30413055419922,124.97000122070312,125.66000366210938,123.58000183105469,125.12000274658203,3765000,TJX
2025-02-11,122.02032470703125,124.68000030517578,124.81999969482422,123.91999816894531,124.47000122070312,2571300,TJX
2025-02-12,121.75607299804688,124.41000366210938,124.55000305175781,123.5999984741211,123.83000183105469,3453300,TJX
2025-02-13,123.53772735595703,125.8499984741211,126.12000274658203,124.2300033569336,124.5,2885700,TJX
2025-02-14,122.05546569824219,124.33999633789062,126.75,123.3499984741211,126.55000305175781,4192900,TJX
2025-02-18,121.55484008789062,123.83000183105469,124.3499984741211,122.2300033569336,124.0199966430664,5121300,TJX
2025-02-19,121.15237426757812,123.41999816894531,124.0,123.0,123.91999816894531,3678700,TJX
2025-02-20,120.720458984375,122.9800033569336,123.37999725341797,121.94999694824219,123.08999633789062,4662900,TJX
2025-02-21,118.88481903076172,121.11000061035156,123.06999969482422,120.66999816894531,122.93000030517578,5692800,TJX
2025-02-24,119.23820495605469,121.47000122070312,122.51000213623047,121.27999877929688,121.54000091552734,5293000,TJX
2025-02-25,120.44560241699219,122.69999694824219,123.37999725341797,121.5,121.5199966430664,6373500,TJX
2025-02-26,122.59536743164062,124.88999938964844,127.58000183105469,123.0,125.87999725341797,7545100,TJX
2025-02-27,121.22108459472656,123.48999786376953,126.45999908447266,123.1500015258789,126.0,5259600,TJX
2025-02-28,122.46776580810547,124.76000213623047,124.9000015258789,123.3499984741211,123.5999984741211,6043200,TJX
2025-03-03,121.27017211914062,123.54000091552734,125.98999786376953,123.05999755859375,124.43000030517578,4817500,TJX
2025-03-04,119.50323486328125,121.73999786376953,123.19999694824219,121.23999786376953,122.79000091552734,6264200,TJX
2025-03-05,120.77935028076172,123.04000091552734,123.2300033569336,121.19999694824219,121.33999633789062,6704900,TJX
2025-03-06,118.43328094482422,120.6500015258789,122.81999969482422,120.1500015258789,121.55999755859375,4834100,TJX
2025-03-07,117.07861328125,119.2699966430664,120.58000183105469,117.25,120.01000213623047,6230100,TJX
2025-03-10,115.4491195678711,117.61000061035156,119.79000091552734,116.98999786376953,118.77999877929688,5952200,TJX
2025-03-11,113.98650360107422,116.12000274658203,117.61000061035156,115.7300033569336,117.45999908447266,6518900,TJX
2025-03-12,113.22081756591797,115.33999633789062,117.4000015258789,114.86000061035156,117.4000015258789,4063700,TJX
2025-03-13,110.73731994628906,112.80999755859375,114.97000122070312,112.0999984741211,114.97000122070312,6018600,TJX
2025-03-14,111.17904663085938,113.26000213623047,114.0,112.30000305175781,113.55999755859375,6411000,TJX
2025-03-17,112.4158935546875,114.5199966430664,115.08000183105469,113.37999725341797,113.88999938964844,4358400,TJX
2025-03-18,113.14229583740234,115.26000213623047,115.5199966430664,114.13999938964844,114.55999755859375,5874100,TJX
2025-03-19,115.69452667236328,117.86000061035156,118.2699966430664,115.30999755859375,115.7300033569336,6838200,TJX
2025-03-20,114.11410522460938,116.25,117.9800033569336,116.0,117.30000305175781,6841300,TJX
2025-03-21,113.98650360107422,116.12000274658203,116.30000305175781,113.9800033569336,115.33999633789062,7150700,TJX
2025-03-24,117.40254974365234,119.5999984741211,119.69999694824219,116.9800033569336,117.0,4315200,TJX
2025-03-25,117.67741394042969,119.87999725341797,120.7300033569336,119.41000366210938,119.5999984741211,4134700,TJX
2025-03-26,117.50072479248047,119.69999694824219,120.52999877929688,119.33000183105469,119.87000274658203,3004700,TJX
2025-03-27,118.354736328125,120.56999969482422,121.33999633789062,119.38999938964844,119.80999755859375,4003400,TJX
2025-03-28,116.03809356689453,118.20999908447266,120.2699966430664,117.20999908447266,120.0199966430664,3742300,TJX
2025-03-31,119.56214141845703,121.80000305175781,122.1500015258789,117.45999908447266,117.63999938964844,6828800,TJX
2025-04-01,120.4652328491211,122.72000122070312,122.87999725341797,121.25,121.44000244140625,4781900,TJX
2025-04-02,122.63462829589844,124.93000030517578,125.45999908447266,121.80999755859375,122.0,5002000,TJX
2025-04-03,123.12544250488281,125.43000030517578,128.0,123.12999725341797,123.79000091552734,11388100,TJX
2025-04-04,119.91553497314453,122.16000366210938,128.3300018310547,121.80000305175781,125.37000274658203,12964000,TJX
2025-04-07,116.94119262695312,119.12999725341797,123.98999786376953,116.37000274658203,120.04000091552734,12898300,TJX
2025-04-08,117.82466125488281,120.02999877929688,124.87000274658203,118.58999633789062,122.36000061035156,10926000,TJX
2025-04-09,123.73405456542969,126.05000305175781,128.99000549316406,119.75,119.75,12134400,TJX
2025-04-10,125.12796783447266,127.47000122070312,128.42999267578125,123.80999755859375,125.97000122070312,7583200,TJX
2025-04-11,125.79547119140625,128.14999389648438,129.02000427246094,125.9000015258789,126.52999877929688,6935500,TJX
2025-04-14,128.20046997070312,130.60000610351562,131.1999969482422,128.6300048828125,129.25999450683594,7093500,TJX
2025-04-15,126.13904571533203,128.5,131.3000030517578,128.2899932861328,130.50999450683594,5020900,TJX
2025-04-16,123.98927307128906,126.30999755859375,129.27000427246094,125.52999877929688,128.72999572753906,5569600,TJX
2025-04-17,125.27520751953125,127.62000274658203,127.9800033569336,126.18000030517578,126.7699966430664,5555200,TJX
2025-04-21,121.70207977294922,123.9800033569336,127.52999877929688,122.25,127.2300033569336,4946600,TJX
2025-04-22,123.40029907226562,125.70999908447266,126.76000213623047,124.0,124.5999984741211,4989300,TJX
2025-04-23,123.19416809082031,125.5,128.11000061035156,124.80999755859375,127.19000244140625,5612900,TJX
2025-04-24,124.17578125,126.5,127.02999877929688,123.91999816894531,124.69000244140625,4626200,TJX
2025-04-25,124.23468017578125,126.55999755859375,126.7699966430664,125.12000274658203,126.08999633789062,4205800,TJX
2025-04-28,124.79420471191406,127.12999725341797,127.79000091552734,126.11000061035156,126.7699966430664,3573200,TJX
2025-04-29,125.67767333984375,128.02999877929688,128.2100067138672,126.12999725341797,126.9000015258789,3886700,TJX
2025-04-30,126.31572723388672,128.67999267578125,128.8699951171875,126.5199966430664,127.9800033569336,5685800,TJX
2025-05-01,125.28502655029297,127.62999725341797,128.77999877929688,127.33999633789062,127.86000061035156,4585300,TJX
2025-05-02,126.83599853515625,129.2100067138672,129.77999877929688,128.22999572753906,129.0,4720700,TJX
2025-05-05,126.57096099853516,128.94000244140625,129.88999938964844,128.8000030517578,129.2100067138672,4869600,TJX
2025-05-06,126.09977722167969,128.4600067138672,128.8699951171875,127.4800033569336,127.62999725341797,3472100,TJX
2025-05-07,126.28627014160156,128.64999389648438,129.89999389648438,128.10000610351562,128.10000610351562,5967700,TJX
2025-05-08,125.73656463623047,128.08999633789062,130.27000427246094,127.7300033569336,129.07000732421875,4443600,TJX
2025-05-09,125.74639129638672,128.10000610351562,128.35000610351562,126.95999908447266,127.55999755859375,4131100,TJX
2025-05-12,129.07411193847656,131.49000549316406,131.5399932861328,128.6300048828125,130.30999755859375,4810500,TJX
2025-05-13,128.4164276123047,130.82000732421875,132.47000122070312,130.3699951171875,131.67999267578125,5471800,TJX
2025-05-14,128.83851623535156,131.25,131.52000427246094,130.0,130.5,5763100,TJX
2025-05-15,131.01986694335938,133.0399932861328,133.17999267578125,130.91000366210938,131.13999938964844,4846400,TJX
2025-05-16,131.31533813476562,133.33999633789062,133.89999389648438,132.47999572753906,133.0,4874400,TJX
2025-05-19,132.9796600341797,135.02999877929688,135.2899932861328,132.5500030517578,133.0800018310547,5118900,TJX
2025-05-20,132.88119506835938,134.92999267578125,135.85000610351562,134.25999450683594,134.8699951171875,7061100,TJX
2025-05-21,129.0404052734375,131.02999877929688,133.0,129.9600067138672,131.14999389648438,12025600,TJX
2025-05-22,127.61241912841797,129.5800018310547,131.36000061035156,129.1199951171875,130.38999938964844,5341800,TJX
2025-05-23,123.79132080078125,125.69999694824219,128.1199951171875,124.91999816894531,128.0,8787100,TJX
2025-05-27,126.01701354980469,127.95999908447266,128.24000549316406,126.36000061035156,126.63999938964844,7198200,TJX
2025-05-28,124.30343627929688,126.22000122070312,128.42999267578125,126.06999969482422,127.58999633789062,4344800,TJX
2025-05-29,125.1405258178711,127.06999969482422,127.93000030517578,126.69999694824219,127.3499984741211,6410900,TJX
2025-05-30,124.97310638427734,126.9000015258789,127.29000091552734,126.19999694824219,127.1500015258789,9364900,TJX
2025-06-02,126.47986602783203,128.42999267578125,128.4600067138672,125.87999725341797,126.25,6271000,TJX
2025-06-03,126.1745834350586,128.1199951171875,128.39999389648438,126.83000183105469,128.24000549316406,5132600,TJX
2025-06-04,126.12535095214844,128.07000732421875,129.07000732421875,127.55000305175781,128.22000122070312,4437200,TJX
2025-06-05,125.43597412109375,127.37000274658203,128.19000244140625,126.52999877929688,128.05999755859375,4693600,TJX
2025-06-06,126.49958038330078,128.4499969482422,128.7899932861328,127.30000305175781,127.94000244140625,4612900,TJX
2025-06-09,124.43146514892578,126.3499984741211,128.0800018310547,125.73999786376953,128.00999450683594,4754800,TJX
2025-06-10,124.12616729736328,126.04000091552734,126.58000183105469,125.45999908447266,125.69999694824219,4684800,TJX
2025-06-11,122.63909149169922,124.52999877929688,126.20999908447266,124.30000305175781,126.20999908447266,4145800,TJX
2025-06-12,122.5701675415039,124.45999908447266,124.94000244140625,123.55999755859375,124.47000122070312,4087600,TJX
2025-06-13,122.02851104736328,123.91000366210938,124.97000122070312,123.25,123.5,3786600,TJX
2025-06-16,122.3830337524414,124.2699966430664,125.31999969482422,124.08000183105469,124.55999755859375,4930200,TJX
2025-06-17,121.14218139648438,123.01000213623047,124.5999984741211,122.72000122070312,123.47000122070312,4264600,TJX
2025-06-18,120.67931365966797,122.54000091552734,123.5,122.41000366210938,123.44999694824219,4924800,TJX
2025-06-20,121.62474060058594,123.5,123.77999877929688,122.5,123.05000305175781,6729700,TJX
2025-06-23,122.86560821533203,124.76000213623047,124.97000122070312,122.72000122070312,123.44999694824219,4072700,TJX
2025-06-24,122.70802307128906,124.5999984741211,125.55000305175781,124.18000030517578,124.94999694824219,4546200,TJX
2025-06-25,120.62023162841797,122.4800033569336,124.75,122.44999694824219,124.48999786376953,4669700,TJX
2025-06-26,120.28538513183594,122.13999938964844,122.7699966430664,119.9000015258789,122.7699966430664,8415100,TJX
2025-06-27,121.50655364990234,123.37999725341797,123.79000091552734,121.63999938964844,121.9800033569336,9786300,TJX
2025-06-30,121.61488342285156,123.48999786376953,123.98999786376953,122.26000213623047,123.98999786376953,6228000,TJX
2025-07-01,123.25952911376953,125.16000366210938,125.6500015258789,123.16000366210938,123.66999816894531,5126200,TJX
2025-07-02,123.40724182128906,125.30999755859375,125.62999725341797,124.30999755859375,125.38999938964844,4790200,TJX
2025-07-03,123.94890594482422,125.86000061035156,126.11000061035156,124.7699966430664,125.3499984741211,2986600,TJX
2025-07-07,123.26937866210938,125.16999816894531,126.19999694824219,124.72000122070312,125.94999694824219,3945000,TJX
2025-07-08,123.3580093383789,125.26000213623047,125.6500015258789,124.1500015258789,125.0199966430664,5683300,TJX
2025-07-09,123.54512023925781,125.44999694824219,125.94999694824219,124.3499984741211,125.5199966430664,3818100,TJX
2025-07-10,122.27471160888672,124.16000366210938,125.37000274658203,123.98999786376953,125.0199966430664,5051100,TJX
2025-07-11,121.83155059814453,123.70999908447266,124.16999816894531,123.37000274658203,123.7300033569336,4145900,TJX
2025-07-14,121.6838150024414,123.55999755859375,123.69000244140625,122.5199966430664,123.1500015258789,4651200,TJX
2025-07-15,119.89146423339844,121.73999786376953,123.79000091552734,121.72000122070312,123.19000244140625,4720500,TJX
2025-07-16,119.50737762451172,121.3499984741211,122.29000091552734,119.83999633789062,122.12999725341797,6151800,TJX
2025-07-17,120.31493377685547,122.16999816894531,122.38999938964844,121.0,121.05000305175781,3828200,TJX
2025-07-18,120.31493377685547,122.16999816894531,122.81999969482422,122.0,122.30000305175781,3464300,TJX
2025-07-21,123.04287719726562,124.94000244140625,125.16999816894531,122.30000305175781,122.48999786376953,4721900,TJX
2025-07-22,123.6928482055664,125.5999984741211,126.43000030517578,124.2300033569336,125.08000183105469,4284900,TJX
2025-07-23,124.4413070678711,126.36000061035156,127.04000091552734,125.93000030517578,126.19000244140625,4367500,TJX
2025-07-24,124.34284210205078,126.26000213623047,126.72000122070312,125.4000015258789,126.06999969482422,4722800,TJX
2025-07-25,124.52010345458984,126.44000244140625,127.0199966430664,125.95999908447266,126.76000213623047,5143200,TJX
2025-07-28,123.48603057861328,125.38999938964844,127.12999725341797,124.8499984741211,126.33999633789062,6114400,TJX
2025-07-29,124.45115661621094,126.37000274658203,127.0,125.5,126.0999984741211,5543300,TJX
2025-07-30,123.899658203125,125.80999755859375,127.08000183105469,125.27999877929688,126.62999725341797,3193300,TJX
2025-07-31,122.63909149169922,124.52999877929688,125.7699966430664,124.37999725341797,124.94000244140625,4653000,TJX
2025-08-01,124.08677673339844,126.0,126.2300033569336,123.77999877929688,124.11000061035156,4855400,TJX
2025-08-04,127.25789642333984,129.22000122070312,129.22000122070312,126.30000305175781,126.41999816894531,4807800,TJX
2025-08-05,126.81471252441406,128.77000427246094,129.85000610351562,128.47999572753906,129.22999572753906,5178400,TJX
2025-08-06,130.0941619873047,132.10000610351562,132.16000366210938,128.6300048828125,128.91000366210938,4839400,TJX
2025-08-07,129.97596740722656,131.97999572753906,132.88999938964844,130.97999572753906,132.7100067138672,6154800,TJX
2025-08-08,129.37521362304688,131.3699951171875,132.75,131.36000061035156,132.0800018310547,4629700,TJX
2025-08-11,130.38958740234375,132.39999389648438,132.4499969482422,130.8800048828125,131.7899932861328,3304200,TJX
2025-08-12,131.36456298828125,133.38999938964844,133.66000366210938,132.3300018310547,132.80999755859375,4284500,TJX
2025-08-13,132.0637969970703,134.10000610351562,134.22999572753906,133.16000366210938,133.35000610351562,5593800,TJX
2025-08-14,131.3475341796875,132.9499969482422,134.00999450683594,132.7100067138672,133.02000427246094,3763200,TJX
2025-08-15,131.02149963378906,132.6199951171875,133.61000061035156,132.00999450683594,133.1300048828125,4796100,TJX
2025-08-18,131.4561767578125,133.05999755859375,134.1300048828125,132.6300048828125,132.92999267578125,6225500,TJX
2025-08-19,132.99740600585938,134.6199951171875,134.97000122070312,133.33999633789062,133.33999633789062,6727300,TJX
2025-08-20,136.60342407226562,138.27000427246094,145.5800018310547,137.75999450683594,143.5399932861328,13223200,TJX
2025-08-21,135.85255432128906,137.50999450683594,138.75999450683594,136.32000732421875,136.4600067138672,7054300,TJX
2025-08-22,134.89422607421875,136.5399932861328,139.3800048828125,135.9199981689453,137.97000122070312,5776700,TJX
2025-08-25,133.8667755126953,135.5,137.07000732421875,135.36000061035156,136.11000061035156,4734400,TJX
2025-08-26,135.03256225585938,136.67999267578125,136.74000549316406,134.75,135.6699981689453,6531600,TJX
2025-08-27,135.575927734375,137.22999572753906,137.5,136.22000122070312,136.67999267578125,4522000,TJX
2025-08-28,135.46725463867188,137.1199951171875,137.89999389648438,136.3000030517578,137.5500030517578,5138900,TJX
2025-08-29,134.9634246826172,136.61000061035156,137.47999572753906,135.89999389648438,137.27000427246094,4118600,TJX
2025-09-02,136.89979553222656,138.57000732421875,138.60000610351562,136.1999969482422,136.1999969482422,5282500,TJX
2025-09-03,137.78892517089844,139.47000122070312,139.5800018310547,138.38999938964844,138.57000732421875,4798900,TJX
2025-09-04,139.32025146484375,141.02000427246094,141.10000610351562,139.7100067138672,139.8699951171875,4172500,TJX
2025-09-05,137.5814666748047,139.25999450683594,141.5,138.92999267578125,141.4199981689453,6735800,TJX
2025-09-08,139.14242553710938,140.83999633789062,141.0,139.14999389648438,139.22999572753906,4801400,TJX
2025-09-09,138.28289794921875,139.97000122070312,140.52999877929688,139.05999755859375,139.77999877929688,3453300,TJX
2025-09-10,138.1742401123047,139.86000061035156,140.0399932861328,138.7100067138672,139.55999755859375,3573600,TJX
2025-09-11,139.13255310058594,140.8300018310547,141.25,139.7899932861328,140.3800048828125,5197900,TJX
2025-09-12,137.79881286621094,139.47999572753906,141.35000610351562,138.89999389648438,140.52000427246094,5173200,TJX
2025-09-15,139.4684600830078,141.1699981689453,141.24000549316406,139.47000122070312,139.8000030517578,4186600,TJX
2025-09-16,137.86798095703125,139.5500030517578,141.11000061035156,138.8300018310547,140.6699981689453,3786300,TJX
2025-09-17,138.35206604003906,140.0399932861328,140.88999938964844,139.22000122070312,139.99000549316406,4617100,TJX
2025-09-18,138.24339294433594,139.92999267578125,141.02000427246094,139.3699951171875,139.97000122070312,4794700,TJX
2025-09-19,138.09518432617188,139.77999877929688,140.4199981689453,139.10000610351562,140.19000244140625,7503900,TJX
2025-09-22,137.7296600341797,139.41000366210938,139.7899932861328,138.6699981689453,139.7899932861328,3683200,TJX
2025-09-23,138.03591918945312,139.72000122070312,139.86000061035156,138.89999389648438,139.4499969482422,3308500,TJX
2025-09-24,138.7472381591797,140.44000244140625,141.4499969482422,139.0,139.50999450683594,5027700,TJX
2025-09-25,139.7549591064453,141.4600067138672,141.57000732421875,140.3000030517578,140.8699951171875,4120000,TJX
2025-09-26,141.36529541015625,143.08999633789062,143.22000122070312,141.4499969482422,141.8699951171875,4224400,TJX
2025-09-29,141.7901153564453,143.52000427246094,143.64999389648438,142.0399932861328,143.19000244140625,4260400,TJX
2025-09-30,142.79782104492188,144.5399932861328,144.8300018310547,143.30999755859375,143.30999755859375,6435800,TJX
2025-10-01,142.5804901123047,144.32000732421875,145.1199951171875,143.5399932861328,144.0800018310547,6703800,TJX
2025-10-02,140.77255249023438,142.49000549316406,144.49000549316406,142.1999969482422,143.6699981689453,4449400,TJX
2025-10-03,139.6265411376953,141.3300018310547,143.25,141.14999389648438,142.49000549316406,2993800,TJX
2025-10-06,141.38507080078125,143.11000061035156,143.63999938964844,141.24000549316406,141.24000549316406,6309600,TJX
2025-10-07,140.94049072265625,142.66000366210938,143.64999389648438,140.11000061035156,142.74000549316406,6700900,TJX
2025-10-08,139.01400756835938,140.7100067138672,142.9499969482422,140.3800048828125,142.72000122070312,5158400,TJX
2025-10-09,136.889892578125,138.55999755859375,141.47000122070312,138.4499969482422,140.72999572753906,3750700,TJX
2025-10-10,138.68797302246094,140.3800048828125,141.07000732421875,138.22999572753906,138.7100067138672,4261200,TJX
2025-10-13,139.685791015625,141.38999938964844,141.91000366210938,139.77999877929688,140.22999572753906,4144300,TJX
2025-10-14,142.36312866210938,144.10000610351562,144.36000061035156,141.16000366210938,141.41000366210938,4431800,TJX
2025-10-15,143.41033935546875,145.16000366210938,146.4600067138672,144.00999450683594,144.00999450683594,5397600,TJX
2025-10-16,140.83181762695312,142.5500030517578,145.25999450683594,142.05999755859375,145.25999450683594,3400100,TJX
2025-10-17,142.10626220703125,143.83999633789062,144.4600067138672,142.64999389648438,143.0,4003100,TJX
2025-10-20,141.60240173339844,143.3300018310547,144.3800048828125,142.5500030517578,143.9499969482422,3321600,TJX
2025-10-21,142.1754150390625,143.91000366210938,144.3000030517578,142.6699981689453,143.17999267578125,3886900,TJX
2025-10-22,141.33566284179688,143.05999755859375,144.6199951171875,142.92999267578125,144.39999389648438,3800000,TJX
2025-10-23,140.68362426757812,142.39999389648438,143.38999938964844,142.08999633789062,143.05999755859375,5072500,TJX
2025-10-24,140.19952392578125,141.91000366210938,142.99000549316406,141.83999633789062,142.77000427246094,3442600,TJX
2025-10-27,141.5431365966797,143.27000427246094,143.5399932861328,142.08999633789062,142.5500030517578,3775400,TJX
2025-10-28,142.29397583007812,144.02999877929688,144.0500030517578,142.27000427246094,142.82000732421875,3628100,TJX
2025-10-29,139.98219299316406,141.69000244140625,143.83999633789062,140.86000061035156,143.57000732421875,4383300,TJX
2025-10-30,140.57492065429688,142.2899932861328,143.49000549316406,141.39999389648438,141.61000061035156,4168600,TJX
2025-10-31,138.4508514404297,140.13999938964844,142.05999755859375,139.7100067138672,141.6699981689453,4877300,TJX
2025-11-03,138.71762084960938,140.41000366210938,140.72999572753906,138.82000732421875,140.3800048828125,5195700,TJX
2025-11-04,140.3378448486328,142.0500030517578,142.10000610351562,139.75999450683594,139.80999755859375,4473300,TJX
2025-11-05,141.9679412841797,143.6999969482422,145.5500030517578,141.36000061035156,141.74000549316406,6335900,TJX
2025-11-06,142.037109375,143.77000427246094,144.02999877929688,141.85000610351562,143.38999938964844,5554600,TJX
2025-11-07,142.8669891357422,144.61000061035156,145.11000061035156,143.33999633789062,143.97000122070312,5638000,TJX
2025-11-10,144.95156860351562,146.72000122070312,146.92999267578125,143.75999450683594,144.11000061035156,4056300,TJX
2025-11-11,144.39830017089844,146.16000366210938,147.58999633789062,145.6199951171875,147.19000244140625,2980000,TJX
2025-11-12,145.85060119628906,147.6300048828125,148.11000061035156,144.92999267578125,146.66000366210938,5826500,TJX
2025-11-13,145.05299377441406,146.39999389648438,147.9199981689453,146.25,146.97000122070312,3879200,TJX
2025-11-14,144.73594665527344,146.0800018310547,147.6999969482422,145.42999267578125,146.16000366210938,4774300,TJX
2025-11-17,143.84420776367188,145.17999267578125,147.0,144.75999450683594,146.16000366210938,10612400,TJX
2025-11-18,144.24053955078125,145.5800018310547,146.85000610351562,143.82000732421875,144.25,10007700,TJX
2025-11-19,144.46841430664062,145.80999755859375,151.0,144.66000366210938,150.5,8563300,TJX
2025-11-20,146.70762634277344,148.07000732421875,149.22999572753906,145.94000244140625,146.25,9023900,TJX
2025-11-21,150.03671264648438,151.42999267578125,152.5800018310547,148.82000732421875,149.05999755859375,10087100,TJX
2025-11-24,147.49037170410156,148.86000061035156,151.72000122070312,148.5,151.5,13003600,TJX
2025-11-25,150.98788452148438,152.38999938964844,153.02000427246094,148.41000366210938,148.8699951171875,5639100,TJX
2025-11-26,151.72105407714844,153.1300048828125,154.66000366210938,151.9499969482422,152.99000549316406,4373600,TJX
2025-11-28,150.52220153808594,151.9199981689453,153.05999755859375,151.52000427246094,152.89999389648438,2496200,TJX
2025-12-01,149.73948669433594,151.1300048828125,152.74000549316406,150.7100067138672,151.5,4598200,TJX
2025-12-02,148.6396942138672,150.02000427246094,151.74000549316406,149.41000366210938,151.69000244140625,5336400,TJX
2025-12-03,148.67930603027344,150.05999755859375,150.97999572753906,149.66000366210938,150.3699951171875,4517000,TJX
2025-12-04,148.9171142578125,150.3000030517578,151.30999755859375,150.05999755859375,150.08999633789062,4075400,TJX
2025-12-05,151.8697052001953,153.27999877929688,153.33999633789062,149.9499969482422,150.0800018310547,6075200,TJX
2025-12-08,152.30564880371094,153.72000122070312,154.44000244140625,152.8000030517578,153.25,5633500,TJX
2025-12-09,152.26600646972656,153.67999267578125,154.05999755859375,153.02000427246094,153.52999877929688,5108800,TJX
2025-12-10,154.23770141601562,155.6699981689453,156.39999389648438,154.8699951171875,155.0800018310547,6249200,TJX
2025-12-11,154.1485137939453,155.5800018310547,157.72000122070312,155.2100067138672,156.27999877929688,4444400,TJX
2025-12-12,154.703369140625,156.13999938964844,157.13999938964844,155.60000610351562,156.08999633789062,4431100,TJX
2025-12-15,155.2681427001953,156.7100067138672,157.33999633789062,155.92999267578125,156.2100067138672,5709900,TJX
2025-12-16,153.66302490234375,155.08999633789062,157.8300018310547,155.00999450683594,157.0399932861328,4658900,TJX
2025-12-17,154.227783203125,155.66000366210938,155.8699951171875,154.61000061035156,155.55999755859375,3845900,TJX
2025-12-18,153.45497131347656,154.8800048828125,156.9199981689453,154.66000366210938,155.66000366210938,5513100,TJX
2025-12-19,153.17755126953125,154.60000610351562,155.42999267578125,154.14999389648438,155.13999938964844,9330800,TJX
2025-12-22,155.1393280029297,156.5800018310547,156.6300048828125,154.14999389648438,154.52000427246094,3603000,TJX
2025-12-23,154.4853973388672,155.9199981689453,157.16000366210938,155.61000061035156,156.8800048828125,2793900,TJX
2025-12-24,155.84278869628906,157.2899932861328,157.47000122070312,155.9199981689453,155.92999267578125,1402700,TJX
2025-12-26,155.66444396972656,157.11000061035156,157.75999450683594,156.69000244140625,157.0,1688200,TJX
2025-12-29,155.03033447265625,156.47000122070312,157.57000732421875,156.02999877929688,156.83999633789062,3214800,TJX
2025-12-30,153.920654296875,155.35000610351562,156.5,155.0399932861328,155.8000030517578,2848000,TJX
2025-12-31,152.1966552734375,153.61000061035156,155.91000366210938,153.55999755859375,155.14999389648438,3040400,TJX
2026-01-02,152.86048889160156,154.27999877929688,154.35000610351562,152.0500030517578,153.25,4064700,TJX
2026-01-05,152.42453002929688,153.83999633789062,155.02000427246094,152.8800048828125,154.0,5027200,TJX
2026-01-06,152.50379943847656,153.9199981689453,154.82000732421875,152.1300048828125,153.0,5327900,TJX
2026-01-07,152.62269592285156,154.0399932861328,155.5399932861328,153.3300018310547,154.3699951171875,5681800,TJX
2026-01-08,156.79396057128906,158.25,158.5500030517578,153.4199981689453,154.39999389648438,5950300,TJX
2026-01-09,156.35800170898438,157.80999755859375,159.47999572753906,157.3000030517578,157.9199981689453,4487900,TJX
2026-01-12,155.654541015625,157.10000610351562,158.75999450683594,156.8000030517578,157.7100067138672,5529800,TJX
2026-01-13,156.6849822998047,158.13999938964844,158.16000366210938,156.2899932861328,156.8800048828125,4104000,TJX
2026-01-14,153.70266723632812,155.1300048828125,158.11000061035156,154.5399932861328,157.75,5371200,TJX
2026-01-15,154.7231903076172,156.16000366210938,156.7899932861328,154.80999755859375,155.75,4105700,TJX
2026-01-16,155.93197631835938,157.3800048828125,157.7899932861328,155.7100067138672,155.97000122070312,6270000,TJX
2026-01-20,154.6439208984375,156.0800018310547,157.60000610351562,155.35000610351562,157.1999969482422,5887600,TJX
2026-01-21,154.41604614257812,155.85000610351562,157.0,155.00999450683594,156.33999633789062,5511800,TJX
2026-01-22,152.00840759277344,153.4199981689453,156.69000244140625,152.74000549316406,155.94000244140625,5808100,TJX
2026-01-23,151.83006286621094,153.24000549316406,153.72999572753906,152.47000122070312,153.0500030517578,5651500,TJX
2026-01-26,148.69912719726562,150.0800018310547,153.7899932861328,148.88999938964844,152.72999572753906,8152500,TJX
2026-01-27,146.64816284179688,148.00999450683594,150.91000366210938,147.5500030517578,150.5,7093800,TJX
2026-01-28,146.43019104003906,147.7899932861328,148.22999572753906,146.75,147.3800048828125,6424300,TJX
2026-01-29,146.11314392089844,147.47000122070312,148.8300018310547,145.8300018310547,147.74000549316406,5950400,TJX
2026-01-30,148.43162536621094,149.80999755859375,149.94000244140625,147.08999633789062,147.7100067138672,6015900,TJX
2026-02-02,148.78831481933594,150.1699981689453,150.49000549316406,148.75,150.3000030517578,8782100,TJX
2026-02-03,150.67083740234375,152.07000732421875,152.61000061035156,149.50999450683594,149.69000244140625,5637600,TJX
2026-02-04,152.52362060546875,153.94000244140625,155.19000244140625,152.6300048828125,152.8800048828125,6879000,TJX
2026-02-05,153.97018432617188,155.39999389648438,156.38999938964844,153.58999633789062,154.5399932861328,7474700,TJX
2026-02-06,154.42596435546875,155.86000061035156,156.33999633789062,154.72999572753906,155.3800048828125,4708100,TJX
2026-02-09,154.80245971679688,156.24000549316406,156.3300018310547,154.02000427246094,155.39999389648438,4337600,TJX
2026-02-10,151.8795928955078,153.2899932861328,157.16000366210938,153.05999755859375,156.61000061035156,4519400,TJX
2026-02-11,149.36297607421875,150.75,154.25999450683594,150.27000427246094,153.17999267578125,5469400,TJX
2026-02-12,153.1932830810547,154.17999267578125,155.58999633789062,151.97999572753906,153.11000061035156,6172400,TJX
2026-02-13,153.4715118408203,154.4600067138672,155.82000732421875,152.6699981689453,153.9199981689453,3754700,TJX
2026-02-17,155.96543884277344,156.97000122070312,156.99000549316406,153.41000366210938,155.36000061035156,5506700,TJX
2026-02-18,156.22377014160156,157.22999572753906,157.32000732421875,155.9600067138672,156.33999633789062,2944200,TJX
2026-02-19,155.50839233398438,156.50999450683594,157.32000732421875,155.27000427246094,156.97000122070312,3933200,TJX
2026-02-20,157.21737670898438,158.22999572753906,158.5,155.66000366210938,156.05999755859375,5643200,TJX
2026-02-23,156.68084716796875,157.69000244140625,160.4600067138672,155.75,159.0,5710000,TJX
2026-02-24,156.65103149414062,157.66000366210938,158.9499969482422,157.02000427246094,158.07000732421875,5280900,TJX
2026-02-25,154.82281494140625,155.82000732421875,162.67999267578125,154.8000030517578,157.5500030517578,8042000,TJX
2026-02-26,157.6744384765625,158.69000244140625,159.3300018310547,156.4199981689453,157.82000732421875,5987700,TJX
2026-02-27,160.62542724609375,161.66000366210938,161.66000366210938,158.39999389648438,158.42999267578125,7099900,TJX
2026-03-02,158.91644287109375,159.94000244140625,161.5,158.75,160.22000122070312,4924400,TJX
2026-03-03,158.6879119873047,159.7100067138672,159.72000122070312,155.75,158.66000366210938,5060100,TJX
2026-03-04,160.69497680664062,161.72999572753906,161.89999389648438,158.1999969482422,160.00999450683594,4741100,TJX
2026-03-05,159.9001007080078,160.92999267578125,161.1999969482422,158.97000122070312,160.27000427246094,6532400,TJX
2026-03-06,158.31033325195312,159.3300018310547,160.11000061035156,157.6199951171875,159.67999267578125,5923100,TJX
2026-03-09,157.12796020507812,158.13999938964844,158.92999267578125,155.11000061035156,158.47999572753906,4620600,TJX
2026-03-10,158.50904846191406,159.52999877929688,162.58999633789062,156.3800048828125,157.27000427246094,5804700,TJX
2026-03-11,156.86961364746094,157.8800048828125,159.0,157.14999389648438,158.61000061035156,3977100,TJX
2026-03-12,154.79298400878906,155.7899932861328,158.17999267578125,155.69000244140625,157.25,3664300,TJX
2026-03-13,154.43528747558594,155.42999267578125,157.8699951171875,155.02999877929688,156.4600067138672,3123500,TJX
2026-03-16,155.0215301513672,156.02000427246094,157.77999877929688,155.3300018310547,156.5800018310547,4384700,TJX
2026-03-17,154.38563537597656,155.3800048828125,156.77000427246094,154.38999938964844,156.60000610351562,3861600,TJX
2026-03-18,151.8916778564453,152.8699951171875,155.75,152.75,154.72000122070312,3103400,TJX
2026-03-19,153.69009399414062,154.67999267578125,155.58999633789062,152.17999267578125,152.94000244140625,3889100,TJX
2026-03-20,153.98817443847656,154.97999572753906,156.67999267578125,154.27000427246094,154.27000427246094,7321800,TJX
2026-03-23,155.4984588623047,156.5,157.82000732421875,155.60000610351562,157.3000030517578,4577100,TJX
2026-03-24,157.36642456054688,158.3800048828125,159.4600067138672,155.47000122070312,156.72999572753906,4380000,TJX
2026-03-25,158.7177276611328,159.74000549316406,159.91000366210938,156.77000427246094,157.5500030517578,3606700,TJX
2026-03-26,156.5615997314453,157.57000732421875,159.92999267578125,157.02999877929688,159.5800018310547,4156600,TJX
2026-03-27,154.1272735595703,155.1199951171875,158.0,154.4600067138672,157.30999755859375,4319100,TJX
2026-03-30,154.79298400878906,155.7899932861328,157.66000366210938,155.25,157.07000732421875,3868100,TJX
2026-03-31,158.67796325683594,159.6999969482422,160.3300018310547,156.82000732421875,157.33999633789062,4199500,TJX
2026-04-01,160.99305725097656,162.02999877929688,162.3699951171875,160.0,160.4600067138672,4003900,TJX
2026-04-02,160.25778198242188,161.2899932861328,162.33999633789062,160.16000366210938,161.5,3856700,TJX
2026-04-06,160.78440856933594,161.82000732421875,162.14999389648438,159.89999389648438,160.82000732421875,3698100,TJX
2026-04-07,156.571533203125,157.5800018310547,161.4600067138672,157.42999267578125,161.27999877929688,4308600,TJX
2026-04-08,160.6055450439453,161.63999938964844,161.88999938964844,158.0500030517578,158.42999267578125,4938000,TJX
2026-04-09,163.94406127929688,165.0,165.82000732421875,160.5399932861328,160.8300018310547,5593300,TJX
2026-04-10,160.56582641601562,161.60000610351562,164.9499969482422,160.4199981689453,164.42999267578125,3559400,TJX
2026-04-13,158.31033325195312,159.3300018310547,161.25,157.3300018310547,160.97000122070312,5208400,TJX
2026-04-14,159.25425720214844,160.27999877929688,160.3699951171875,157.89999389648438,158.49000549316406,4537600,TJX
2026-04-15,159.20457458496094,160.22999572753906,161.27000427246094,158.9499969482422,159.6999969482422,3366700,TJX
2026-04-16,156.47218322753906,157.47999572753906,161.16000366210938,156.4199981689453,160.39999389648438,3956100,TJX
2026-04-17,159.6516876220703,160.67999267578125,161.39999389648438,158.50999450683594,158.5800018310547,5190300,TJX
2026-04-20,158.66802978515625,159.69000244140625,161.5,159.3699951171875,161.02999877929688,4062200,TJX
2026-04-21,158.23085021972656,159.25,160.69000244140625,158.47999572753906,160.07000732421875,3236600,TJX
2026-04-22,157.45584106445312,158.47000122070312,160.22999572753906,158.1999969482422,159.39999389648438,2582000,TJX
2026-04-23,157.33660888671875,158.35000610351562,160.52999877929688,157.5,158.74000549316406,3179100,TJX
2026-04-24,156.0250701904297,157.02999877929688,158.55999755859375,155.72000122070312,157.69000244140625,3981400,TJX
2026-04-27,156.47218322753906,157.47999572753906,158.77000427246094,156.47000122070312,156.47000122070312,3799500,TJX
2026-04-28,156.1939697265625,157.1999969482422,158.75,155.85000610351562,158.4600067138672,2841000,TJX
2026-04-29,155.07119750976562,156.07000732421875,156.63999938964844,155.14999389648438,156.00999450683594,3545800,TJX
2026-04-30,155.74684143066406,156.75,157.5800018310547,155.42999267578125,156.10000610351562,4613200,TJX
2026-05-01,155.8263397216797,156.8300018310547,158.27999877929688,156.0,157.11000061035156,4125500,TJX
2026-05-04,153.6503448486328,154.63999938964844,156.80999755859375,153.5,155.88999938964844,4047000,TJX
2026-05-05,153.9683074951172,154.9600067138672,157.1300048828125,154.6999969482422,155.00999450683594,6108700,TJX
2026-05-06,154.45516967773438,155.4499969482422,156.14999389648438,153.22000122070312,155.85000610351562,7664700,TJX
2026-05-07,153.49136352539062,154.47999572753906,157.42999267578125,153.4199981689453,156.0399932861328,4674100,TJX
2026-05-08,152.3785400390625,153.36000061035156,155.3000030517578,152.52000427246094,155.02000427246094,4908200,TJX
2026-05-11,147.95701599121094,148.91000366210938,153.8800048828125,147.27000427246094,152.83999633789062,5770500,TJX
2026-05-12,149.2983856201172,150.25999450683594,151.0500030517578,147.11000061035156,149.0,5317800,TJX
2026-05-13,146.08905029296875,147.02999877929688,149.8000030517578,146.13999938964844,149.17999267578125,6416100,TJX
2026-05-14,146.8865509033203,147.35000610351562,148.1199951171875,146.39999389648438,146.75999450683594,7764800,TJX
2026-05-15,146.96627807617188,147.42999267578125,148.3699951171875,147.10000610351562,147.82000732421875,8988100,TJX
2026-05-18,149.7774200439453,150.25,151.66000366210938,147.8000030517578,148.19000244140625,6911700,TJX
2026-05-19,150.2060546875,150.67999267578125,152.55999755859375,148.7100067138672,149.10000610351562,8732600,TJX
2026-05-20,158.70924377441406,159.2100067138672,160.58999633789062,152.4499969482422,152.88999938964844,9371800,TJX
2026-05-21,156.96475219726562,157.4600067138672,159.97999572753906,156.50999450683594,159.5,5855000,TJX
2026-05-22,157.77220153808594,158.27000427246094,158.4600067138672,155.8800048828125,157.5,4844800,TJX
2026-05-26,158.47000122070312,158.97000122070312,159.80999755859375,157.0,158.3000030517578,4721700,TJX
2026-05-27,156.5161590576172,157.00999450683594,160.88999938964844,156.55999755859375,160.0,5631000,TJX
2026-05-28,154.40283203125,154.88999938964844,157.6300048828125,153.77000427246094,156.02000427246094,7647200,TJX
2026-05-29,154.26327514648438,154.75,156.52000427246094,154.25999450683594,155.14999389648438,12110000,TJX
2026-06-01,152.26956176757812,152.75,154.3300018310547,152.42999267578125,153.3800048828125,5892800,TJX
2026-06-02,153.20660400390625,153.69000244140625,154.1999969482422,152.33999633789062,152.86000061035156,5004200,TJX
2026-06-03,157.40335083007812,157.89999389648438,158.07000732421875,153.0,153.05999755859375,5865100,TJX
2026-06-04,158.13107299804688,158.6300048828125,160.8699951171875,157.92999267578125,160.0,5847400,TJX
2026-06-05,160.20452880859375,160.7100067138672,161.77999877929688,158.64999389648438,159.2899932861328,4867000,TJX
2026-06-08,159.24754333496094,159.75,162.19000244140625,159.1199951171875,159.22999572753906,7123800,TJX
2026-06-09,164.3514404296875,164.8699951171875,164.8699951171875,160.64999389648438,161.11000061035156,5663300,TJX
2026-06-10,167.13265991210938,167.66000366210938,167.9199981689453,163.85000610351562,165.64999389648438,7141900,TJX
2026-06-11,167.81051635742188,168.33999633789062,170.0,167.3300018310547,167.75,6983900,TJX
2026-06-12,167.88031005859375,168.41000366210938,169.85000610351562,166.99000549316406,169.5,4875300,TJX
2026-06-15,166.80369567871094,167.3300018310547,168.74000549316406,164.50999450683594,168.38999938964844,5819300,TJX
2026-06-16,165.79689025878906,166.32000732421875,168.0500030517578,165.75,167.57000732421875,5174900,TJX
2026-06-17,163.61376953125,164.1300048828125,167.10000610351562,163.44000244140625,165.74000549316406,4496800,TJX
2026-06-18,163.29476928710938,163.80999755859375,166.8800048828125,163.1300048828125,164.9199981689453,9069800,TJX
2026-06-22,163.6536407470703,164.1699981689453,167.2899932861328,164.05999755859375,166.0800018310547,5211600,TJX
2026-06-23,163.8330841064453,164.35000610351562,166.52999877929688,163.42999267578125,164.8699951171875,4903200,TJX
2026-06-24,164.65049743652344,165.1699981689453,166.25999450683594,164.07000732421875,164.72999572753906,4662400,TJX
2026-06-25,154.70188903808594,155.19000244140625,166.5399932861328,154.64999389648438,163.13999938964844,8558600,TJX
2026-06-26,154.9411163330078,155.42999267578125,157.1300048828125,153.50999450683594,156.02999877929688,13745400,TJX
2026-06-29,150.75433349609375,151.22999572753906,155.05999755859375,150.63999938964844,154.7100067138672,7585600,TJX
2026-06-30,151.0234832763672,151.5,152.3000030517578,149.61000061035156,150.92999267578125,6785800,TJX
2026-07-01,150.87396240234375,151.35000610351562,152.36000061035156,149.7100067138672,152.0500030517578,5047700,TJX
2026-07-02,153.77481079101562,154.25999450683594,154.25999450683594,150.52000427246094,151.8000030517578,4918800,TJX
2026-07-06,150.83409118652344,151.30999755859375,154.0,149.9499969482422,152.99000549316406,5758000,TJX
2026-07-07,153.62527465820312,154.11000061035156,155.74000549316406,152.47000122070312,153.83999633789062,5301900,TJX
2026-07-08,152.30943298339844,152.7899932861328,154.1199951171875,152.25,154.0,4624800,TJX
2026-07-09,150.4253692626953,150.89999389648438,153.92999267578125,150.25,152.75,6048800,TJX
2026-07-10,150.86398315429688,151.33999633789062,151.8699951171875,150.25,151.13999938964844,4169000,TJX
2026-07-13,150.05653381347656,150.52999877929688,153.94000244140625,150.25,152.82000732421875,3644900,TJX
2026-07-14,149.8671417236328,150.33999633789062,151.1699981689453,148.8800048828125,150.25,4990200,TJX
2026-07-15,150.4951629638672,150.97000122070312,151.8300018310547,148.27000427246094,148.8000030517578,6550100,TJX
2026-07-16,154.30313110351562,154.7899932861328,155.27000427246094,151.4499969482422,152.0800018310547,4557500,TJX
2026-07-17,153.97418212890625,154.4600067138672,158.14999389648438,153.8699951171875,155.0,6184900,TJX
2026-07-20,155.2102813720703,155.6999969482422,156.0399932861328,153.82000732421875,154.52999877929688,4979100,TJX
2026-07-21,154.5623321533203,155.0500030517578,155.3699951171875,152.77000427246094,155.1999969482422,4737200,TJX
2026-07-22,154.92120361328125,155.41000366210938,158.0,154.0399932861328,155.7899932861328,4887800,TJX
2026-07-23,152.99725341796875,153.47999572753906,155.0800018310547,152.39999389648438,154.17999267578125,3339700,TJX
2026-07-24,153.7349395751953,154.22000122070312,155.35000610351562,152.1199951171875,152.8699951171875,4249500,TJX
2026-07-27,155.88815307617188,156.3800048828125,157.6199951171875,155.14999389648438,155.97000122070312,4309200,TJX
2026-07-28,160.2942352294922,160.8000030517578,161.4499969482422,158.35000610351562,159.82000732421875,5851600,TJX
2026-07-29,161.1216278076172,161.6300048828125,163.0399932861328,159.3000030517578,159.99000549316406,3961300,TJX
2026-07-30,158.7590789794922,159.25999450683594,160.14999389648438,157.52000427246094,159.99000549316406,6297700,TJX
2026-07-31,156.84512329101562,157.33999633789062,159.05999755859375,157.10000610351562,159.0500030517578,3766700,TJX
2026-08-03,157.00462341308594,157.5,160.49000549316406,155.72999572753906,159.2899932861328,4549800,TJX
2026-08-04,157.05445861816406,157.5500030517578,158.49000549316406,155.3000030517578,157.1300048828125,7351600,TJX
2026-08-05,159.41700744628906,159.9199981689453,160.5,157.8300018310547,158.1199951171875,6044900,TJX
2026-08-06,161.55027770996094,162.05999755859375,162.1199951171875,159.69000244140625,161.85000610351562,6853800,TJX
2026-08-07,160.85247802734375,161.36000061035156,162.5,159.22999572753906,160.4600067138672,4722500,TJX
2026-08-10,158.3204803466797,158.82000732421875,160.85000610351562,158.22999572753906,160.7899932861328,4045800,TJX
2026-08-11,155.25015258789062,155.74000549316406,159.0,155.49000549316406,157.91000366210938,3900400,TJX
2026-08-12,152.1300048828125,152.61000061035156,155.30999755859375,152.1300048828125,153.63999938964844,4344500,TJX
2026-08-13,153.80999755859375,153.80999755859375,154.0399932861328,151.42999267578125,153.0,5376400,TJX
2026-08-14,152.3800048828125,152.3800048828125,153.57000732421875,152.24000549316406,153.2100067138672,1454598,TJX
